target,target_neighborhood,target_list,basis,comp_address,comp_sold_price,comp_ppsf,comp_sqft
513 Middle River Drive,Sunrise,55000000,same street,797 Middle River Drive,7600000,1087.0,6994
513 Middle River Drive,Sunrise,55000000,same street,639 Middle River Dr,7200000,1202.0,5990
513 Middle River Drive,Sunrise,55000000,same street,1400 Middle River Drive,4510000,999.0,4515
513 Middle River Drive,Sunrise,55000000,same street,1710 Middle River Dr,3150000,846.0,3722
513 Middle River Drive,Sunrise,55000000,same street,644 Middle River Dr,3300000,936.0,3526
625 San Marco Drive,Coral Isles,44995000,same street,441 San Marco Dr,8100000,1423.0,5692
625 San Marco Drive,Coral Isles,44995000,same street,310 San Marco Dr,3950000,1086.0,3637
625 San Marco Drive,Coral Isles,44995000,same street,330 San Marco Dr,2950000,1562.0,1888
733 Middle River Drive,Sunrise Intracoastal,41900000,same street,797 Middle River Drive,7600000,1087.0,6994
733 Middle River Drive,Sunrise Intracoastal,41900000,same street,639 Middle River Dr,7200000,1202.0,5990
733 Middle River Drive,Sunrise Intracoastal,41900000,same street,1400 Middle River Drive,4510000,999.0,4515
733 Middle River Drive,Sunrise Intracoastal,41900000,same street,1710 Middle River Dr,3150000,846.0,3722
733 Middle River Drive,Sunrise Intracoastal,41900000,same street,644 Middle River Dr,3300000,936.0,3526
516 Mola Avenue,Venice,39999999,same street,423 Mola Ave,2650000,408.0,6500
516 Mola Avenue,Venice,39999999,same street,400 Mola Ave,8633000,1430.0,6036
1 Isla Bahia Drive,Harbor Beach,35900000,same street,84 Isla Bahia Dr,34000000,2903.0,11714
1 Isla Bahia Drive,Harbor Beach,35900000,same street,38 Isla Bahia Dr,12250000,1507.0,8130
1 Isla Bahia Drive,Harbor Beach,35900000,same street,3 Isla Bahia Drive,9286200,1389.0,6686
1 Isla Bahia Drive,Harbor Beach,35900000,same street,4 Isla Bahia Drive,7800000,1475.0,5287
525 Isle Of Capri Drive,Las Olas,35000000,same street,505 Isle Of Capri Dr,3180000,1285.0,2474
525 Isle Of Capri Drive,Las Olas,35000000,same street,314 Isle Of Capri Dr,2900000,1426.0,2033
725 Middle River Dr,Sunrise,33000000,same street,797 Middle River Drive,7600000,1087.0,6994
725 Middle River Dr,Sunrise,33000000,same street,639 Middle River Dr,7200000,1202.0,5990
725 Middle River Dr,Sunrise,33000000,same street,1400 Middle River Drive,4510000,999.0,4515
725 Middle River Dr,Sunrise,33000000,same street,1710 Middle River Dr,3150000,846.0,3722
725 Middle River Dr,Sunrise,33000000,same street,644 Middle River Dr,3300000,936.0,3526
2716 Aqua Vista Boulevard,Sea Isles,28000000,same street,2328 Aqua Vista Blvd,9200000,855.0,10760
2716 Aqua Vista Boulevard,Sea Isles,28000000,same street,2509 Aqua Vista Blvd,13776000,1123.0,12262
2716 Aqua Vista Boulevard,Sea Isles,28000000,same street,2300 Aqua Vista Blvd,19500000,2398.0,8132
2716 Aqua Vista Boulevard,Sea Isles,28000000,same street,2519 Aqua Vista Blvd,19000000,2357.0,8060
2716 Aqua Vista Boulevard,Sea Isles,28000000,same street,2430 Aqua Vista Blvd,5100000,834.0,6114
2500 Mercedes Dr,Harbor Beach,27500000,same street,2521 Mercedes Dr,7550000,1009.0,7484
2500 Mercedes Dr,Harbor Beach,27500000,same street,2572 Mercedes Drive,17000000,2238.0,7595
2500 Mercedes Dr,Harbor Beach,27500000,same street,2552 Mercedes Dr,4950000,1740.0,2845
23 Isla Bahia Dr,Isla Bahia,24900000,same street,38 Isla Bahia Dr,12250000,1507.0,8130
23 Isla Bahia Dr,Isla Bahia,24900000,same street,3 Isla Bahia Drive,9286200,1389.0,6686
23 Isla Bahia Dr,Isla Bahia,24900000,same street,84 Isla Bahia Dr,34000000,2903.0,11714
23 Isla Bahia Dr,Isla Bahia,24900000,same street,4 Isla Bahia Drive,7800000,1475.0,5287
801 Seabreeze Blvd Unit#PH2406,St Regis Residences,22000000,same street,1515 Seabreeze Blvd,2200000,654.0,3366
801 Seabreeze Blvd Unit#PH2406,St Regis Residences,22000000,same street,1237 Seabreeze Blvd,4400000,1358.0,3240
801 Seabreeze Blvd Unit#PH2406,St Regis Residences,22000000,same street,1217 Seabreeze Blvd,1862000,688.0,2706
801 Seabreeze Blvd Unit#PH2406,St Regis Residences,22000000,same street,1344 Seabreeze Blvd,1635000,628.0,2605
801 Seabreeze Blvd Unit#PH2406,St Regis Residences,22000000,same street,1530 Seabreeze Boulevard,1635000,776.0,2106
671 Middle River Drive,Sunrise,21900000,same street,797 Middle River Drive,7600000,1087.0,6994
671 Middle River Drive,Sunrise,21900000,same street,639 Middle River Dr,7200000,1202.0,5990
671 Middle River Drive,Sunrise,21900000,same street,1400 Middle River Drive,4510000,999.0,4515
671 Middle River Drive,Sunrise,21900000,same street,1710 Middle River Dr,3150000,846.0,3722
671 Middle River Drive,Sunrise,21900000,same street,644 Middle River Dr,3300000,936.0,3526
1822 SE 9th Street,Rio Vista,20995000,same street,1716 SE 9TH ST,6950000,1124.0,6186
1822 SE 9th Street,Rio Vista,20995000,same street,930 SE 9th St,3000000,712.0,4213
1822 SE 9th Street,Rio Vista,20995000,same street,1013 SE 9th St,2999000,749.0,4002
1822 SE 9th Street,Rio Vista,20995000,same street,1515 SE 9th St,4000000,1057.0,3786
1822 SE 9th Street,Rio Vista,20995000,same street,1401 SE 9th Street,3795000,1295.0,2930
801 Seabreeze Boulevard Unit#Ph 2302,St Regis Residences,20500000,same street,1515 Seabreeze Blvd,2200000,654.0,3366
801 Seabreeze Boulevard Unit#Ph 2302,St Regis Residences,20500000,same street,1237 Seabreeze Blvd,4400000,1358.0,3240
801 Seabreeze Boulevard Unit#Ph 2302,St Regis Residences,20500000,same street,1217 Seabreeze Blvd,1862000,688.0,2706
801 Seabreeze Boulevard Unit#Ph 2302,St Regis Residences,20500000,same street,1344 Seabreeze Blvd,1635000,628.0,2605
801 Seabreeze Boulevard Unit#Ph 2302,St Regis Residences,20500000,same street,1530 Seabreeze Boulevard,1635000,776.0,2106
5 Isla Bahia Drive,Harbor Beach,20000000,same street,38 Isla Bahia Dr,12250000,1507.0,8130
5 Isla Bahia Drive,Harbor Beach,20000000,same street,3 Isla Bahia Drive,9286200,1389.0,6686
5 Isla Bahia Drive,Harbor Beach,20000000,same street,84 Isla Bahia Dr,34000000,2903.0,11714
5 Isla Bahia Drive,Harbor Beach,20000000,same street,4 Isla Bahia Drive,7800000,1475.0,5287
815 Idlewyld Drive,Idlewyld,19950000,same street,417 Idlewyld Dr,11800000,1723.0,6848
815 Idlewyld Drive,Idlewyld,19950000,same street,701 Idlewyld Dr,5455000,930.0,5868
70 Isla Bahia Drive,Isla Bahia,18950000,same street,38 Isla Bahia Dr,12250000,1507.0,8130
70 Isla Bahia Drive,Isla Bahia,18950000,same street,3 Isla Bahia Drive,9286200,1389.0,6686
70 Isla Bahia Drive,Isla Bahia,18950000,same street,4 Isla Bahia Drive,7800000,1475.0,5287
70 Isla Bahia Drive,Isla Bahia,18950000,same street,84 Isla Bahia Dr,34000000,2903.0,11714
51 Isla Bahia Dr,Isla Bahia,17900000,same street,84 Isla Bahia Dr,34000000,2903.0,11714
51 Isla Bahia Dr,Isla Bahia,17900000,same street,38 Isla Bahia Dr,12250000,1507.0,8130
51 Isla Bahia Dr,Isla Bahia,17900000,same street,3 Isla Bahia Drive,9286200,1389.0,6686
51 Isla Bahia Dr,Isla Bahia,17900000,same street,4 Isla Bahia Drive,7800000,1475.0,5287
515 Lido Drive,Coral Isles,16750000,same street,530 Lido Dr,4820000,647.0,7450
515 Lido Drive,Coral Isles,16750000,same street,515 Lido Dr,4400000,1378.0,3193
515 Lido Drive,Coral Isles,16750000,same street,321 Lido Dr,3170000,1247.0,2543
2221 SE 17th St Unit#PH3,Pier Sixty Six,16000000,same street,1819 SE 17th St Unit#1107,815000,438.0,1860
2221 SE 17th St Unit#PH3,Pier Sixty Six,16000000,same street,1819 SE 17th St Unit#507,780000,419.0,1860
2221 SE 17th St Unit#PH3,Pier Sixty Six,16000000,same street,1819 SE 17th St Unit#1606,849000,485.0,1750
2221 SE 17th St Unit#PH3,Pier Sixty Six,16000000,same street,1819 SE 17th St Unit#906,775000,443.0,1750
2221 SE 17th St Unit#PH3,Pier Sixty Six,16000000,same street,1819 SE 17th St Unit#903,595000,403.0,1475
1918 Intracoastal Drive,Coral Ridge,15995000,same street,520 Intracoastal Drive,9250000,1654.0,5594
1918 Intracoastal Drive,Coral Ridge,15995000,same street,2222 Intracoastal Dr,5500000,1014.0,5422
1918 Intracoastal Drive,Coral Ridge,15995000,same street,2110 Intracoastal Dr,4654917,948.0,4908
1918 Intracoastal Drive,Coral Ridge,15995000,same street,2210 Intracoastal Dr,5400000,1194.0,4524
1918 Intracoastal Drive,Coral Ridge,15995000,same street,920 Intracoastal Drive Unit#Ph1,5400000,1257.0,4295
441 Isle Of Palms Drive,Stilwell Isles Pal,15950000,same street,630 Isle Of Palms Dr,10729500,1522.0,7050
441 Isle Of Palms Drive,Stilwell Isles Pal,15950000,same street,508 Isle Of Palms Dr,6115000,928.0,6586
441 Isle Of Palms Drive,Stilwell Isles Pal,15950000,same street,710 Isle Of Palms Drive,6495000,1167.0,5567
441 Isle Of Palms Drive,Stilwell Isles Pal,15950000,same street,449 Isle Of Palms Dr,4050000,953.0,4251
650 Royal Plaza Dr,Stilwell Isles,15950000,same street,615 Royal Plaza Dr,7900000,1197.0,6600
650 Royal Plaza Dr,Stilwell Isles,15950000,same street,519 ROYAL PLAZA DR,5400000,903.0,5981
650 Royal Plaza Dr,Stilwell Isles,15950000,same street,700 Royal Plaza Dr,4000000,934.0,4282
650 Royal Plaza Dr,Stilwell Isles,15950000,same street,703 Royal Plaza Dr,5200000,1225.0,4245
650 Royal Plaza Dr,Stilwell Isles,15950000,same street,701 Royal Plaza Dr,4700000,1300.0,3616
1239 Middle River Dr,Beach Way Heights,15495000,same street,797 Middle River Drive,7600000,1087.0,6994
1239 Middle River Dr,Beach Way Heights,15495000,same street,639 Middle River Dr,7200000,1202.0,5990
1239 Middle River Dr,Beach Way Heights,15495000,same street,1400 Middle River Drive,4510000,999.0,4515
1239 Middle River Dr,Beach Way Heights,15495000,same street,1710 Middle River Dr,3150000,846.0,3722
1239 Middle River Dr,Beach Way Heights,15495000,same street,644 Middle River Dr,3300000,936.0,3526
525 N Fort Lauderdale Beach Boulevard Unit#2201,Four Seasons,14995000,same street,1525 N Fort Lauderdale Beach Boulevard,5050000,1282.0,3938
525 N Fort Lauderdale Beach Boulevard Unit#2201,Four Seasons,14995000,same street,1 N Fort Lauderdale Beach Boulevard Unit#2203,4700000,1226.0,3833
525 N Fort Lauderdale Beach Boulevard Unit#2201,Four Seasons,14995000,same street,505 N Fort Lauderdale Beach Blvd Unit#224,600000,218.0,2757
525 N Fort Lauderdale Beach Boulevard Unit#2201,Four Seasons,14995000,same street,525 N Fort Lauderdale Beach Blvd Unit#1501,5750000,2233.0,2575
525 N Fort Lauderdale Beach Boulevard Unit#2201,Four Seasons,14995000,same street,1 N Fort Lauderdale Beach Blvd Unit#1906,2400000,946.0,2536
2533 Aqua Vista Boulevard,Sea Isles,14995000,same street,2533 Aqua Vista Blvd,8200000,1759.0,4661
2533 Aqua Vista Boulevard,Sea Isles,14995000,same street,2506 Aqua Vista Blvd,5100000,1149.0,4438
2533 Aqua Vista Boulevard,Sea Isles,14995000,same street,2340 Aqua Vista Blvd,4615000,1235.0,3736
2533 Aqua Vista Boulevard,Sea Isles,14995000,same street,2430 Aqua Vista Blvd,5100000,834.0,6114
2533 Aqua Vista Boulevard,Sea Isles,14995000,same street,2519 Aqua Vista Blvd,19000000,2357.0,8060
3036 N Atlantic Blvd,Lauderdale Beach,14400000,same street,2504 N Atlantic Blvd,6000000,1972.0,3042
3036 N Atlantic Blvd,Lauderdale Beach,14400000,same street,2920 N Atlantic Blvd,6500000,2364.0,2750
700 SW 12th Ave,Riverside Park,13995000,same street,809 SW 12th Ave,2125000,635.0,3347
700 SW 12th Ave,Riverside Park,13995000,same street,809 SW 12th Ave,715000,240.0,2983
700 SW 12th Ave,Riverside Park,13995000,same street,626 SW 12th Avenue,1700000,623.0,2730
700 SW 12th Ave,Riverside Park,13995000,same street,626 SW 12th Avenue,1750000,645.0,2714
700 SW 12th Ave,Riverside Park,13995000,same street,620 SW 12th Ave,1750000,645.0,2714
2200 N Ocean Boulevard Unit#N1701/N1801,Auberge Beach,13850000,same street,2120 N Ocean Blvd Unit#VII,3775000,717.0,5265
2200 N Ocean Boulevard Unit#N1701/N1801,Auberge Beach,13850000,same street,2160 N Ocean Boulevard Unit#Iii,4000000,826.0,4845
2200 N Ocean Boulevard Unit#N1701/N1801,Auberge Beach,13850000,same street,2100 N Ocean Blvd Unit#30A,4500000,950.0,4738
2200 N Ocean Boulevard Unit#N1701/N1801,Auberge Beach,13850000,same street,2140 N Ocean Blvd Unit#V,4800000,1148.0,4180
2200 N Ocean Boulevard Unit#N1701/N1801,Auberge Beach,13850000,same street,2110 N Ocean Blvd Unit#25A,4000000,973.0,4112
2893 NE 27th Street,Coral Ridge Galt,13500000,same street,2890 NE 27th Street,4000000,793.0,5046
2893 NE 27th Street,Coral Ridge Galt,13500000,same street,3509 NE 27th St,4625000,1113.0,4157
2893 NE 27th Street,Coral Ridge Galt,13500000,same street,422 NE 27th St,1200000,492.0,2440
2893 NE 27th Street,Coral Ridge Galt,13500000,same street,2808 NE 27th St,1650000,718.0,2298
2893 NE 27th Street,Coral Ridge Galt,13500000,same street,314 NE 27th St,1182000,590.0,2003
701 N Fort Lauderdale Beach Boulevard Unit#A1,Paramount Ft Lauderdale Co,12995000,same street,1525 N Fort Lauderdale Beach Boulevard,5050000,1282.0,3938
701 N Fort Lauderdale Beach Boulevard Unit#A1,Paramount Ft Lauderdale Co,12995000,same street,1 N Fort Lauderdale Beach Boulevard Unit#2203,4700000,1226.0,3833
701 N Fort Lauderdale Beach Boulevard Unit#A1,Paramount Ft Lauderdale Co,12995000,same street,505 N Fort Lauderdale Beach Blvd Unit#224,600000,218.0,2757
701 N Fort Lauderdale Beach Boulevard Unit#A1,Paramount Ft Lauderdale Co,12995000,same street,525 N Fort Lauderdale Beach Blvd Unit#1501,5750000,2233.0,2575
701 N Fort Lauderdale Beach Boulevard Unit#A1,Paramount Ft Lauderdale Co,12995000,same street,1 N Fort Lauderdale Beach Blvd Unit#1906,2400000,946.0,2536
400 Mola Avenue,Venice,12995000,same street,400 Mola Ave,8633000,1430.0,6036
400 Mola Avenue,Venice,12995000,same street,423 Mola Ave,2650000,408.0,6500
646 Flamingo Drive,Riviera,12950000,neighborhood + band,821 Solar Isle Dr,14400000,1611.0,8936
2617 Aqua Vista Boulevard,Aqua Vista,12900000,same street,2340 Aqua Vista Blvd,4615000,1235.0,3736
2617 Aqua Vista Boulevard,Aqua Vista,12900000,same street,2506 Aqua Vista Blvd,5100000,1149.0,4438
2617 Aqua Vista Boulevard,Aqua Vista,12900000,same street,2533 Aqua Vista Blvd,8200000,1759.0,4661
2617 Aqua Vista Boulevard,Aqua Vista,12900000,same street,2430 Aqua Vista Blvd,5100000,834.0,6114
2617 Aqua Vista Boulevard,Aqua Vista,12900000,same street,2519 Aqua Vista Blvd,19000000,2357.0,8060
1900 Intracoastal Drive,Coral Ridge,12495000,same street,520 Intracoastal Drive,9250000,1654.0,5594
1900 Intracoastal Drive,Coral Ridge,12495000,same street,2222 Intracoastal Dr,5500000,1014.0,5422
1900 Intracoastal Drive,Coral Ridge,12495000,same street,2110 Intracoastal Dr,4654917,948.0,4908
1900 Intracoastal Drive,Coral Ridge,12495000,same street,2210 Intracoastal Dr,5400000,1194.0,4524
1900 Intracoastal Drive,Coral Ridge,12495000,same street,920 Intracoastal Drive Unit#Ph1,5400000,1257.0,4295
1719 SE 10th Street,Rio Vista,12495000,same street,1733 SE 10th Street,9900000,1719.0,5760
1719 SE 10th Street,Rio Vista,12495000,same street,1520 SE 10th Street,6325000,1365.0,4633
1719 SE 10th Street,Rio Vista,12495000,same street,915 SE 10th St,4050000,909.0,4453
1719 SE 10th Street,Rio Vista,12495000,same street,1791 SE 10th Street,8150000,3022.0,2697
1719 SE 10th Street,Rio Vista,12495000,same street,810 SE 10th Street,1050000,449.0,2337
24 Fiesta Way,Nurmi Isles,12388000,same street,144 Fiesta Way,9250000,1492.0,6200
24 Fiesta Way,Nurmi Isles,12388000,same street,169 Fiesta Way,6500000,961.0,6765
24 Fiesta Way,Nurmi Isles,12388000,same street,30 Fiesta Way,5900000,1071.0,5510
24 Fiesta Way,Nurmi Isles,12388000,same street,56 Fiesta Way,4680000,901.0,5197
24 Fiesta Way,Nurmi Isles,12388000,same street,18 Fiesta Way,3055555,660.0,4632
1529 Middle River Drive,Coral Ridge,11995000,same street,797 Middle River Drive,7600000,1087.0,6994
1529 Middle River Drive,Coral Ridge,11995000,same street,639 Middle River Dr,7200000,1202.0,5990
1529 Middle River Drive,Coral Ridge,11995000,same street,1400 Middle River Drive,4510000,999.0,4515
1529 Middle River Drive,Coral Ridge,11995000,same street,1710 Middle River Dr,3150000,846.0,3722
1529 Middle River Drive,Coral Ridge,11995000,same street,644 Middle River Dr,3300000,936.0,3526
641 Flamingo Dr,Riviera,11990000,neighborhood + band,821 Solar Isle Dr,14400000,1611.0,8936
615 Idlewyld Drive,Idlewyld,11900000,same street,701 Idlewyld Dr,5455000,930.0,5868
615 Idlewyld Drive,Idlewyld,11900000,same street,417 Idlewyld Dr,11800000,1723.0,6848
101 S Fort Lauderdale Beach Boulevard Unit#2905,Las Olas,11295000,same street,101 S Fort Lauderdale Beach Blvd Unit#1903,2900000,956.0,3035
101 S Fort Lauderdale Beach Boulevard Unit#2905,Las Olas,11295000,same street,101 S Fort Lauderdale Beach Boulevard Unit#1201,2800000,949.0,2950
101 S Fort Lauderdale Beach Boulevard Unit#2905,Las Olas,11295000,same street,101 S Fort Lauderdale Beach Blvd Unit#1405,2160000,732.0,2950
101 S Fort Lauderdale Beach Boulevard Unit#2905,Las Olas,11295000,same street,101 S Fort Lauderdale Beach Blvd Unit#901,2110000,715.0,2950
101 S Fort Lauderdale Beach Boulevard Unit#2905,Las Olas,11295000,same street,101 S Fort Lauderdale Beach Blvd Unit#1001,1850000,627.0,2950
2200 N Ocean Boulevard Unit#S1604/1605,Auberge,10995000,same street,2100 N Ocean Blvd Unit#30A,4500000,950.0,4738
2200 N Ocean Boulevard Unit#S1604/1605,Auberge,10995000,same street,2140 N Ocean Blvd Unit#V,4800000,1148.0,4180
2200 N Ocean Boulevard Unit#S1604/1605,Auberge,10995000,same street,2160 N Ocean Boulevard Unit#Iii,4000000,826.0,4845
2200 N Ocean Boulevard Unit#S1604/1605,Auberge,10995000,same street,2110 N Ocean Blvd Unit#25A,4000000,973.0,4112
2200 N Ocean Boulevard Unit#S1604/1605,Auberge,10995000,same street,2150 N Ocean Blvd Unit#IV,4200000,1100.0,3817
100 E Las Olas Boulevard Unit#4603,Las Olas,10990000,same street,1760 E Las Olas Blvd Unit#300,2300000,592.0,3886
100 E Las Olas Boulevard Unit#4603,Las Olas,10990000,same street,2615 E Las Olas Boulevard,4160000,1103.0,3773
100 E Las Olas Boulevard Unit#4603,Las Olas,10990000,same street,2417 E Las Olas Blvd,2195000,672.0,3266
100 E Las Olas Boulevard Unit#4603,Las Olas,10990000,same street,100 E Las Olas Blvd Unit#4103,2100000,709.0,2964
100 E Las Olas Boulevard Unit#4603,Las Olas,10990000,same street,100 E Las Olas Boulevard Unit#3303,2100000,709.0,2964
2848 NE 26th Pl,Coral Ridge Galt,10500000,same street,2871 NE 26th Place,4950000,896.0,5523
2848 NE 26th Pl,Coral Ridge Galt,10500000,same street,2864 NE 26th Pl,2900000,551.0,5260
2848 NE 26th Pl,Coral Ridge Galt,10500000,same street,2624 NE 26th Pl,1300000,529.0,2458
2848 NE 26th Pl,Coral Ridge Galt,10500000,same street,2831 NE 26th Pl,3550000,1446.0,2455
1 N Fort Lauderdale Beach Blvd Unit#2102,Ritz Carlton,10495000,same street,1525 N Fort Lauderdale Beach Boulevard,5050000,1282.0,3938
1 N Fort Lauderdale Beach Blvd Unit#2102,Ritz Carlton,10495000,same street,1 N Fort Lauderdale Beach Boulevard Unit#2203,4700000,1226.0,3833
1 N Fort Lauderdale Beach Blvd Unit#2102,Ritz Carlton,10495000,same street,505 N Fort Lauderdale Beach Blvd Unit#224,600000,218.0,2757
1 N Fort Lauderdale Beach Blvd Unit#2102,Ritz Carlton,10495000,same street,525 N Fort Lauderdale Beach Blvd Unit#1501,5750000,2233.0,2575
1 N Fort Lauderdale Beach Blvd Unit#2102,Ritz Carlton,10495000,same street,1 N Fort Lauderdale Beach Blvd Unit#1906,2400000,946.0,2536
2508 Delmar Place,Gould Isles,10495000,same street,2412 Delmar Place,7164446,1506.0,4758
2508 Delmar Place,Gould Isles,10495000,same street,2425 Delmar Place,5975000,1268.0,4714
2508 Delmar Place,Gould Isles,10495000,same street,2323 Delmar Pl,5275000,1220.0,4322
2508 Delmar Place,Gould Isles,10495000,same street,2626 Delmar Pl,27800000,2049.0,13567
2437 Delmar Place,Gould Isles,10495000,same street,2412 Delmar Place,7164446,1506.0,4758
2437 Delmar Place,Gould Isles,10495000,same street,2425 Delmar Place,5975000,1268.0,4714
2437 Delmar Place,Gould Isles,10495000,same street,2323 Delmar Pl,5275000,1220.0,4322
2437 Delmar Place,Gould Isles,10495000,same street,2626 Delmar Pl,27800000,2049.0,13567
111 Fiesta Way,Nurmi Isles,10200000,same street,144 Fiesta Way,9250000,1492.0,6200
111 Fiesta Way,Nurmi Isles,10200000,same street,169 Fiesta Way,6500000,961.0,6765
111 Fiesta Way,Nurmi Isles,10200000,same street,30 Fiesta Way,5900000,1071.0,5510
111 Fiesta Way,Nurmi Isles,10200000,same street,56 Fiesta Way,4680000,901.0,5197
111 Fiesta Way,Nurmi Isles,10200000,same street,18 Fiesta Way,3055555,660.0,4632
1313 Seabreeze Boulevard,Harbor Beach,10000000,same street,1515 Seabreeze Blvd,2200000,654.0,3366
1313 Seabreeze Boulevard,Harbor Beach,10000000,same street,1237 Seabreeze Blvd,4400000,1358.0,3240
1313 Seabreeze Boulevard,Harbor Beach,10000000,same street,1217 Seabreeze Blvd,1862000,688.0,2706
1313 Seabreeze Boulevard,Harbor Beach,10000000,same street,1344 Seabreeze Blvd,1635000,628.0,2605
1313 Seabreeze Boulevard,Harbor Beach,10000000,same street,1530 Seabreeze Boulevard,1635000,776.0,2106
151 N Seabreeze Boulevard Unit#Ph2601-e,Selene Oceanfront Residenc,9999000,same street,153 N Seabreeze Blvd Unit#2302,5250000,1620.0,3240
151 N Seabreeze Boulevard Unit#Ph2601-e,Selene Oceanfront Residenc,9999000,same street,153 N Seabreeze Boulevard Unit#1902-S,4675000,1443.0,3240
151 N Seabreeze Boulevard Unit#Ph2601-e,Selene Oceanfront Residenc,9999000,same street,153 N Seabreeze Boulevard Unit#S-502,3100000,957.0,3240
151 N Seabreeze Boulevard Unit#Ph2601-e,Selene Oceanfront Residenc,9999000,same street,151 N Seabreeze Boulevard Unit#E-2502,2845000,1243.0,2288
151 N Seabreeze Boulevard Unit#Ph2601-e,Selene Oceanfront Residenc,9999000,same street,153 N Seabreeze Boulevard Unit#2505,2200000,1164.0,1890
153 N Seabreeze Boulevard Unit#Ph 2601-s,Selene,9999000,same street,153 N Seabreeze Blvd Unit#2302,5250000,1620.0,3240
153 N Seabreeze Boulevard Unit#Ph 2601-s,Selene,9999000,same street,153 N Seabreeze Boulevard Unit#1902-S,4675000,1443.0,3240
153 N Seabreeze Boulevard Unit#Ph 2601-s,Selene,9999000,same street,153 N Seabreeze Boulevard Unit#S-502,3100000,957.0,3240
153 N Seabreeze Boulevard Unit#Ph 2601-s,Selene,9999000,same street,151 N Seabreeze Boulevard Unit#E-2502,2845000,1243.0,2288
153 N Seabreeze Boulevard Unit#Ph 2601-s,Selene,9999000,same street,153 N Seabreeze Boulevard Unit#2505,2200000,1164.0,1890
2200 N Ocean Blvd Unit#S1704/05,Fort Lauderdale Beach Auberge Beach Residences,9995000,same street,2100 N Ocean Blvd Unit#30A,4500000,950.0,4738
2200 N Ocean Blvd Unit#S1704/05,Fort Lauderdale Beach Auberge Beach Residences,9995000,same street,2140 N Ocean Blvd Unit#V,4800000,1148.0,4180
2200 N Ocean Blvd Unit#S1704/05,Fort Lauderdale Beach Auberge Beach Residences,9995000,same street,2160 N Ocean Boulevard Unit#Iii,4000000,826.0,4845
2200 N Ocean Blvd Unit#S1704/05,Fort Lauderdale Beach Auberge Beach Residences,9995000,same street,2110 N Ocean Blvd Unit#25A,4000000,973.0,4112
2200 N Ocean Blvd Unit#S1704/05,Fort Lauderdale Beach Auberge Beach Residences,9995000,same street,2150 N Ocean Blvd Unit#IV,4200000,1100.0,3817
816 Riviera Isle Drive,Riviera,9900000,same street,635 Riviera Isle Drive,2500000,904.0,2767
816 Riviera Isle Drive,Riviera,9900000,same street,324 Riviera Isle Dr,1478000,604.0,2446
816 Riviera Isle Drive,Riviera,9900000,same street,713 Riviera Isle Drive,2300000,1055.0,2180
816 Riviera Isle Drive,Riviera,9900000,same street,601 Riviera Isle Dr,4250000,768.0,5535
816 Riviera Isle Drive,Riviera,9900000,same street,328 Riviera Isle Dr,1150000,859.0,1338
2010 Intracoastal Dr,Coral Ridge,9799000,same street,2110 Intracoastal Dr,4654917,948.0,4908
2010 Intracoastal Dr,Coral Ridge,9799000,same street,2222 Intracoastal Dr,5500000,1014.0,5422
2010 Intracoastal Dr,Coral Ridge,9799000,same street,2210 Intracoastal Dr,5400000,1194.0,4524
2010 Intracoastal Dr,Coral Ridge,9799000,same street,520 Intracoastal Drive,9250000,1654.0,5594
2010 Intracoastal Dr,Coral Ridge,9799000,same street,920 Intracoastal Drive Unit#Ph1,5400000,1257.0,4295
2231 NE 15th Court,Bal Harbour St,9700000,same street,2222 NE 15th Court,1562000,580.0,2691
2231 NE 15th Court,Bal Harbour St,9700000,same street,2207 NE 15th Ct,2640000,1063.0,2484
2231 NE 15th Court,Bal Harbour St,9700000,same street,3304 NE 15th Ct,2175000,1113.0,1954
2231 NE 15th Court,Bal Harbour St,9700000,same street,700 NE 15th Court,685000,659.0,1040
2231 NE 15th Court,Bal Harbour St,9700000,same street,705 NE 15th Ct,475000,522.0,910
2200 N Ocean Blvd Unit#S2301,Fort Lauderdale Beac Auberge Beach,9500000,same street,2140 N Ocean Blvd Unit#V,4800000,1148.0,4180
2200 N Ocean Blvd Unit#S2301,Fort Lauderdale Beac Auberge Beach,9500000,same street,2110 N Ocean Blvd Unit#25A,4000000,973.0,4112
2200 N Ocean Blvd Unit#S2301,Fort Lauderdale Beac Auberge Beach,9500000,same street,2100 N Ocean Blvd Unit#30A,4500000,950.0,4738
2200 N Ocean Blvd Unit#S2301,Fort Lauderdale Beac Auberge Beach,9500000,same street,2160 N Ocean Boulevard Unit#Iii,4000000,826.0,4845
2200 N Ocean Blvd Unit#S2301,Fort Lauderdale Beac Auberge Beach,9500000,same street,2150 N Ocean Blvd Unit#IV,4200000,1100.0,3817
720 Isle Of Palms Drive,Las Olas Isles,9500000,same street,630 Isle Of Palms Dr,10729500,1522.0,7050
720 Isle Of Palms Drive,Las Olas Isles,9500000,same street,508 Isle Of Palms Dr,6115000,928.0,6586
720 Isle Of Palms Drive,Las Olas Isles,9500000,same street,710 Isle Of Palms Drive,6495000,1167.0,5567
720 Isle Of Palms Drive,Las Olas Isles,9500000,same street,449 Isle Of Palms Dr,4050000,953.0,4251
1813 N Fort Lauderdale Beach Boulevard,Birch Park Finger Estates,9495000,same street,1525 N Fort Lauderdale Beach Boulevard,5050000,1282.0,3938
1813 N Fort Lauderdale Beach Boulevard,Birch Park Finger Estates,9495000,same street,1 N Fort Lauderdale Beach Boulevard Unit#2203,4700000,1226.0,3833
1813 N Fort Lauderdale Beach Boulevard,Birch Park Finger Estates,9495000,same street,505 N Fort Lauderdale Beach Blvd Unit#224,600000,218.0,2757
1813 N Fort Lauderdale Beach Boulevard,Birch Park Finger Estates,9495000,same street,525 N Fort Lauderdale Beach Blvd Unit#1501,5750000,2233.0,2575
1813 N Fort Lauderdale Beach Boulevard,Birch Park Finger Estates,9495000,same street,1 N Fort Lauderdale Beach Blvd Unit#1906,2400000,946.0,2536
300 Royal Plaza Dr,Stilwell Isles,9475000,same street,615 Royal Plaza Dr,7900000,1197.0,6600
300 Royal Plaza Dr,Stilwell Isles,9475000,same street,519 ROYAL PLAZA DR,5400000,903.0,5981
300 Royal Plaza Dr,Stilwell Isles,9475000,same street,700 Royal Plaza Dr,4000000,934.0,4282
300 Royal Plaza Dr,Stilwell Isles,9475000,same street,703 Royal Plaza Dr,5200000,1225.0,4245
300 Royal Plaza Dr,Stilwell Isles,9475000,same street,701 Royal Plaza Dr,4700000,1300.0,3616
2701 Aqua Vista Boulevard,Sea Isles,9250000,same street,2340 Aqua Vista Blvd,4615000,1235.0,3736
2701 Aqua Vista Boulevard,Sea Isles,9250000,same street,2506 Aqua Vista Blvd,5100000,1149.0,4438
2701 Aqua Vista Boulevard,Sea Isles,9250000,same street,2533 Aqua Vista Blvd,8200000,1759.0,4661
2701 Aqua Vista Boulevard,Sea Isles,9250000,same street,2430 Aqua Vista Blvd,5100000,834.0,6114
2701 Aqua Vista Boulevard,Sea Isles,9250000,same street,2519 Aqua Vista Blvd,19000000,2357.0,8060
440 Mola Ave,Venice,9200000,same street,423 Mola Ave,2650000,408.0,6500
440 Mola Ave,Venice,9200000,same street,400 Mola Ave,8633000,1430.0,6036
156 Fiesta Way,Nurmi Isles,8999000,same street,144 Fiesta Way,9250000,1492.0,6200
156 Fiesta Way,Nurmi Isles,8999000,same street,169 Fiesta Way,6500000,961.0,6765
156 Fiesta Way,Nurmi Isles,8999000,same street,30 Fiesta Way,5900000,1071.0,5510
156 Fiesta Way,Nurmi Isles,8999000,same street,56 Fiesta Way,4680000,901.0,5197
156 Fiesta Way,Nurmi Isles,8999000,same street,18 Fiesta Way,3055555,660.0,4632
2317 Delmar Place,Gould Isles,8995000,same street,2412 Delmar Place,7164446,1506.0,4758
2317 Delmar Place,Gould Isles,8995000,same street,2425 Delmar Place,5975000,1268.0,4714
2317 Delmar Place,Gould Isles,8995000,same street,2323 Delmar Pl,5275000,1220.0,4322
2317 Delmar Place,Gould Isles,8995000,same street,2626 Delmar Pl,27800000,2049.0,13567
1730 SE 13th Street,Lauderdale Harbors,8995000,same street,1524 SE 13th St,3650000,919.0,3970
1730 SE 13th Street,Lauderdale Harbors,8995000,same street,1748 SE 13th St,3575000,993.0,3599
1730 SE 13th Street,Lauderdale Harbors,8995000,same street,1519 SE 13th St,2953172,844.0,3500
1730 SE 13th Street,Lauderdale Harbors,8995000,same street,912 SE 13th St,1450000,554.0,2619
1730 SE 13th Street,Lauderdale Harbors,8995000,same street,618 SE 13th St,470000,285.0,1648
2561 Lucille Dr,Lucille Isles,8950000,same street,2519 Lucille Dr,9250000,2230.0,4148
2561 Lucille Dr,Lucille Isles,8950000,same street,2542 Lucille Drive,5700000,1745.0,3267
520 San Marco Drive,Coral Isles,8950000,same street,441 San Marco Dr,8100000,1423.0,5692
520 San Marco Drive,Coral Isles,8950000,same street,310 San Marco Dr,3950000,1086.0,3637
520 San Marco Drive,Coral Isles,8950000,same street,330 San Marco Dr,2950000,1562.0,1888
2200 Inlet Drive,Harbour Heights,8900000,same street,2400 Inlet Drive,5000000,1814.0,2756
2200 Inlet Drive,Harbour Heights,8900000,same street,2600 Inlet Dr,4995000,1022.0,4888
2200 Inlet Drive,Harbour Heights,8900000,same street,2608 Inlet Dr,2850000,1554.0,1834
1607 SE 14th Street,Lauderdale Harbors Section,8650000,same street,1637 SE 14th Street,6350000,1101.0,5765
1607 SE 14th Street,Lauderdale Harbors Section,8650000,same street,1631 SE 14th Street,3100000,1130.0,2744
1607 SE 14th Street,Lauderdale Harbors Section,8650000,same street,1618 SE 14th Street,2675000,1033.0,2590
1607 SE 14th Street,Lauderdale Harbors Section,8650000,same street,1742 SE 14th St,1700000,1012.0,1680
1607 SE 14th Street,Lauderdale Harbors Section,8650000,same street,314 SE 14th St,660000,497.0,1327
39 Pelican Drive,Pelican Isles,8399000,same street,31 Pelican Dr,9500000,1468.0,6473
39 Pelican Drive,Pelican Isles,8399000,same street,15 PELICAN DR,5350000,1117.0,4790
39 Pelican Drive,Pelican Isles,8399000,same street,34 Pelican Dr,4850000,1271.0,3817
39 Pelican Drive,Pelican Isles,8399000,same street,2 PELICAN DR,21500000,2105.0,10216
39 Pelican Drive,Pelican Isles,8399000,same street,26 Pelican Dr,3950000,1806.0,2187
801 Seabreeze Boulevard Unit#601,St Regis Residences,8375350,same street,1515 Seabreeze Blvd,2200000,654.0,3366
801 Seabreeze Boulevard Unit#601,St Regis Residences,8375350,same street,1237 Seabreeze Blvd,4400000,1358.0,3240
801 Seabreeze Boulevard Unit#601,St Regis Residences,8375350,same street,1217 Seabreeze Blvd,1862000,688.0,2706
801 Seabreeze Boulevard Unit#601,St Regis Residences,8375350,same street,1344 Seabreeze Blvd,1635000,628.0,2605
801 Seabreeze Boulevard Unit#601,St Regis Residences,8375350,same street,1530 Seabreeze Boulevard,1635000,776.0,2106
2863 NE 27th Street,Coral Ridge Galt,8300000,same street,2890 NE 27th Street,4000000,793.0,5046
2863 NE 27th Street,Coral Ridge Galt,8300000,same street,3509 NE 27th St,4625000,1113.0,4157
2863 NE 27th Street,Coral Ridge Galt,8300000,same street,422 NE 27th St,1200000,492.0,2440
2863 NE 27th Street,Coral Ridge Galt,8300000,same street,2808 NE 27th St,1650000,718.0,2298
2863 NE 27th Street,Coral Ridge Galt,8300000,same street,314 NE 27th St,1182000,590.0,2003
2200 N Ocean Blvd Unit#N605,Fort Lauderdale Beac Auberge Beach,8150000,same street,2150 N Ocean Blvd Unit#IV,4200000,1100.0,3817
2200 N Ocean Blvd Unit#N605,Fort Lauderdale Beac Auberge Beach,8150000,same street,2150 N Ocean Blvd Unit#IV,2975383,780.0,3817
2200 N Ocean Blvd Unit#N605,Fort Lauderdale Beac Auberge Beach,8150000,same street,2200 N Ocean Boulevard Unit#N1003,5055000,1408.0,3591
2200 N Ocean Blvd Unit#N605,Fort Lauderdale Beac Auberge Beach,8150000,same street,2200 N Ocean Blvd Unit#S1501,6495000,1856.0,3500
2200 N Ocean Blvd Unit#N605,Fort Lauderdale Beac Auberge Beach,8150000,same street,2200 N Ocean Blvd Unit#S501,5600000,1600.0,3500
709 Isle Of Palms Dr,Stilwell Isles,7999999,same street,630 Isle Of Palms Dr,10729500,1522.0,7050
709 Isle Of Palms Dr,Stilwell Isles,7999999,same street,508 Isle Of Palms Dr,6115000,928.0,6586
709 Isle Of Palms Dr,Stilwell Isles,7999999,same street,710 Isle Of Palms Drive,6495000,1167.0,5567
709 Isle Of Palms Dr,Stilwell Isles,7999999,same street,449 Isle Of Palms Dr,4050000,953.0,4251
2540 NE 22nd Terrace,North Bal Harbour,7775000,same street,2416 NE 22nd Terrace,1795000,537.0,3343
2540 NE 22nd Terrace,North Bal Harbour,7775000,same street,2416 NE 22nd Ter,1665000,498.0,3343
2540 NE 22nd Terrace,North Bal Harbour,7775000,same street,2108 NE 22nd Ter,3900000,1258.0,3100
2540 NE 22nd Terrace,North Bal Harbour,7775000,same street,2540 NE 22nd Ter,1550000,792.0,1956
2540 NE 22nd Terrace,North Bal Harbour,7775000,same street,2464 NE 22nd Terrace,1425000,917.0,1554
1605 SE 9th Street,Rio Vista,7775000,same street,1515 SE 9th St,4000000,1057.0,3786
1605 SE 9th Street,Rio Vista,7775000,same street,1013 SE 9th St,2999000,749.0,4002
1605 SE 9th Street,Rio Vista,7775000,same street,1401 SE 9th Street,3795000,1295.0,2930
1605 SE 9th Street,Rio Vista,7775000,same street,930 SE 9th St,3000000,712.0,4213
1605 SE 9th Street,Rio Vista,7775000,same street,805 SE 9th St,1300000,619.0,2100
91 Fiesta Way,Nurmi Isles,7450000,same street,144 Fiesta Way,9250000,1492.0,6200
91 Fiesta Way,Nurmi Isles,7450000,same street,169 Fiesta Way,6500000,961.0,6765
91 Fiesta Way,Nurmi Isles,7450000,same street,30 Fiesta Way,5900000,1071.0,5510
91 Fiesta Way,Nurmi Isles,7450000,same street,56 Fiesta Way,4680000,901.0,5197
91 Fiesta Way,Nurmi Isles,7450000,same street,18 Fiesta Way,3055555,660.0,4632
2870 NE 24th Place,Coral Ridge Galt,7250000,same street,2864 NE 24th Pl,3225000,1149.0,2806
2870 NE 24th Place,Coral Ridge Galt,7250000,same street,2823 NE 24th Pl,2275000,811.0,2804
1319 Seminole Dr,Beach Way Heights,7200000,same street,1336 Seminole Drive,9200000,1341.0,6861
1319 Seminole Dr,Beach Way Heights,7200000,same street,1328 Seminole Dr,6700000,987.0,6788
1319 Seminole Dr,Beach Way Heights,7200000,same street,1335 Seminole Dr,5633000,850.0,6627
1319 Seminole Dr,Beach Way Heights,7200000,same street,1110 Seminole Dr Unit#502,1660000,282.0,5890
1319 Seminole Dr,Beach Way Heights,7200000,same street,1239 Seminole Dr,3500000,1006.0,3479
2718 NE 17th Street,Coral Ridge,7100000,same street,2726 NE 17th St,5350000,1032.0,5184
2718 NE 17th Street,Coral Ridge,7100000,same street,2763 NE 17th St,6900000,1302.0,5298
2718 NE 17th Street,Coral Ridge,7100000,same street,3320 NE 17th St,4150000,1038.0,4000
2718 NE 17th Street,Coral Ridge,7100000,same street,2727 NE 17th Street,3500000,1126.0,3109
2718 NE 17th Street,Coral Ridge,7100000,same street,1713 NE 17th St,800000,370.0,2161
1500 SE 14th Street,Lauderdale Harbors,6999999,same street,1637 SE 14th Street,6350000,1101.0,5765
1500 SE 14th Street,Lauderdale Harbors,6999999,same street,1631 SE 14th Street,3100000,1130.0,2744
1500 SE 14th Street,Lauderdale Harbors,6999999,same street,1618 SE 14th Street,2675000,1033.0,2590
1500 SE 14th Street,Lauderdale Harbors,6999999,same street,1742 SE 14th St,1700000,1012.0,1680
1500 SE 14th Street,Lauderdale Harbors,6999999,same street,314 SE 14th St,660000,497.0,1327
1 N Fort Lauderdale Beach Boulevard Unit#Lp 2302,Ritz Carlton,6995000,same street,1525 N Fort Lauderdale Beach Boulevard,5050000,1282.0,3938
1 N Fort Lauderdale Beach Boulevard Unit#Lp 2302,Ritz Carlton,6995000,same street,1 N Fort Lauderdale Beach Boulevard Unit#2203,4700000,1226.0,3833
1 N Fort Lauderdale Beach Boulevard Unit#Lp 2302,Ritz Carlton,6995000,same street,505 N Fort Lauderdale Beach Blvd Unit#224,600000,218.0,2757
1 N Fort Lauderdale Beach Boulevard Unit#Lp 2302,Ritz Carlton,6995000,same street,525 N Fort Lauderdale Beach Blvd Unit#1501,5750000,2233.0,2575
1 N Fort Lauderdale Beach Boulevard Unit#Lp 2302,Ritz Carlton,6995000,same street,1 N Fort Lauderdale Beach Blvd Unit#1906,2400000,946.0,2536
7 Pelican Drive,Pelican Isles,6900000,same street,31 Pelican Dr,9500000,1468.0,6473
7 Pelican Drive,Pelican Isles,6900000,same street,15 PELICAN DR,5350000,1117.0,4790
7 Pelican Drive,Pelican Isles,6900000,same street,34 Pelican Dr,4850000,1271.0,3817
7 Pelican Drive,Pelican Isles,6900000,same street,2 PELICAN DR,21500000,2105.0,10216
7 Pelican Drive,Pelican Isles,6900000,same street,26 Pelican Dr,3950000,1806.0,2187
620 Solar Isle Dr,Riviera Isles,6900000,same street,603 Solar Isle Drive,5400000,1254.0,4307
620 Solar Isle Dr,Riviera Isles,6900000,same street,808 Solar Isle Dr,3199999,926.0,3454
620 Solar Isle Dr,Riviera Isles,6900000,same street,708 Solar Isle Dr,3625000,1662.0,2181
620 Solar Isle Dr,Riviera Isles,6900000,same street,821 Solar Isle Dr,14400000,1611.0,8936
511 San Marco Dr,Coral Isles,6900000,same street,441 San Marco Dr,8100000,1423.0,5692
511 San Marco Dr,Coral Isles,6900000,same street,310 San Marco Dr,3950000,1086.0,3637
511 San Marco Dr,Coral Isles,6900000,same street,330 San Marco Dr,2950000,1562.0,1888
540 Lido Dr,Coral Isles,6895000,same street,530 Lido Dr,4820000,647.0,7450
540 Lido Dr,Coral Isles,6895000,same street,515 Lido Dr,4400000,1378.0,3193
540 Lido Dr,Coral Isles,6895000,same street,321 Lido Dr,3170000,1247.0,2543
525 N Fort Lauderdale Beach Boulevard Unit#1801,Four Seasons,6750000,same street,525 N Fort Lauderdale Beach Blvd Unit#1501,5750000,2233.0,2575
525 N Fort Lauderdale Beach Boulevard Unit#1801,Four Seasons,6750000,same street,1 N Fort Lauderdale Beach Blvd Unit#1906,2400000,946.0,2536
525 N Fort Lauderdale Beach Boulevard Unit#1801,Four Seasons,6750000,same street,505 N Fort Lauderdale Beach Blvd Unit#224,600000,218.0,2757
525 N Fort Lauderdale Beach Boulevard Unit#1801,Four Seasons,6750000,same street,701 N Fort Lauderdale Beach Boulevard Unit#1606,3152500,1303.0,2420
525 N Fort Lauderdale Beach Boulevard Unit#1801,Four Seasons,6750000,same street,701 N Fort Lauderdale Beach Blvd Unit#1706,2950000,1219.0,2420
163 Nurmi Drive,Nurmi Isles,6600000,same street,10 Nurmi Drive,4500000,906.0,4966
163 Nurmi Drive,Nurmi Isles,6600000,same street,18 Nurmi Dr,5325000,1509.0,3529
163 Nurmi Drive,Nurmi Isles,6600000,same street,130 Nurmi Dr,8500000,1216.0,6992
163 Nurmi Drive,Nurmi Isles,6600000,same street,41 Nurmi Dr,12200000,1730.0,7050
2035 Intracoastal Drive,Coral Ridge,6500000,same street,520 Intracoastal Drive,9250000,1654.0,5594
2035 Intracoastal Drive,Coral Ridge,6500000,same street,2222 Intracoastal Dr,5500000,1014.0,5422
2035 Intracoastal Drive,Coral Ridge,6500000,same street,2110 Intracoastal Dr,4654917,948.0,4908
2035 Intracoastal Drive,Coral Ridge,6500000,same street,2210 Intracoastal Dr,5400000,1194.0,4524
2035 Intracoastal Drive,Coral Ridge,6500000,same street,920 Intracoastal Drive Unit#Ph1,5400000,1257.0,4295
2627 NE 14th Street,Coral Ridge,6499500,same street,2506 NE 14th St,5000000,983.0,5088
2627 NE 14th Street,Coral Ridge,6499500,same street,2719 NE 14th St,4800000,1102.0,4356
2627 NE 14th Street,Coral Ridge,6499500,same street,2615 NE 14th Street,4200000,967.0,4344
2627 NE 14th Street,Coral Ridge,6499500,same street,2750 NE 14th St,1450000,425.0,3415
2627 NE 14th Street,Coral Ridge,6499500,same street,2727 NE 14th St Unit#3,1885000,618.0,3051
500 Hendricks Isle Unit#PH,Lumiere,6499500,same street,205 Hendricks Isle,3600000,454.0,7922
500 Hendricks Isle Unit#PH,Lumiere,6499500,same street,11 Hendricks Isle Unit#11,2800000,787.0,3559
500 Hendricks Isle Unit#PH,Lumiere,6499500,same street,516 Hendricks Isle Unit#4A,1675000,516.0,3246
500 Hendricks Isle Unit#PH,Lumiere,6499500,same street,423 Hendricks Isle,2450000,790.0,3102
500 Hendricks Isle Unit#PH,Lumiere,6499500,same street,421 Hendricks Isle,2517000,811.0,3102
704 Isle Of Palms Drive,Stilwell Isles Pa,6495000,same street,508 Isle Of Palms Dr,6115000,928.0,6586
704 Isle Of Palms Drive,Stilwell Isles Pa,6495000,same street,710 Isle Of Palms Drive,6495000,1167.0,5567
704 Isle Of Palms Drive,Stilwell Isles Pa,6495000,same street,630 Isle Of Palms Dr,10729500,1522.0,7050
704 Isle Of Palms Drive,Stilwell Isles Pa,6495000,same street,449 Isle Of Palms Dr,4050000,953.0,4251
424 Coconut Isle Drive,Venice,6495000,same street,324 Coconut Isle Dr,6200000,1122.0,5526
424 Coconut Isle Drive,Venice,6495000,same street,500 Coconut Isle Dr,3900000,836.0,4665
424 Coconut Isle Drive,Venice,6495000,same street,432 Coconut Isle Drive,6800000,1125.0,6046
424 Coconut Isle Drive,Venice,6495000,same street,337 Coconut Isle Dr,4800000,1064.0,4511
424 Coconut Isle Drive,Venice,6495000,same street,509 Coconut Isle Drive,5450000,1244.0,4380
2200 N Ocean Blvd Unit#S1701,Auberge Residence And Spa,6399000,same street,2200 N Ocean Blvd Unit#S1501,6495000,1856.0,3500
2200 N Ocean Blvd Unit#S1701,Auberge Residence And Spa,6399000,same street,2200 N Ocean Blvd Unit#S501,5600000,1600.0,3500
2200 N Ocean Blvd Unit#S1701,Auberge Residence And Spa,6399000,same street,2200 N Ocean Boulevard Unit#S1801,4250000,1214.0,3500
2200 N Ocean Blvd Unit#S1701,Auberge Residence And Spa,6399000,same street,2200 N Ocean Boulevard Unit#S1804,4460000,1274.0,3500
2200 N Ocean Blvd Unit#S1701,Auberge Residence And Spa,6399000,same street,2200 N Ocean Boulevard Unit#N1003,5055000,1408.0,3591
2740 NE 17th Street,Coral Ridge,6300000,same street,2763 NE 17th St,6900000,1302.0,5298
2740 NE 17th Street,Coral Ridge,6300000,same street,2726 NE 17th St,5350000,1032.0,5184
2740 NE 17th Street,Coral Ridge,6300000,same street,3320 NE 17th St,4150000,1038.0,4000
2740 NE 17th Street,Coral Ridge,6300000,same street,2727 NE 17th Street,3500000,1126.0,3109
2740 NE 17th Street,Coral Ridge,6300000,same street,1713 NE 17th St,800000,370.0,2161
2601 Delmar Pl,Gould Isles,6250000,same street,2412 Delmar Place,7164446,1506.0,4758
2601 Delmar Pl,Gould Isles,6250000,same street,2425 Delmar Place,5975000,1268.0,4714
2601 Delmar Pl,Gould Isles,6250000,same street,2323 Delmar Pl,5275000,1220.0,4322
2601 Delmar Pl,Gould Isles,6250000,same street,2626 Delmar Pl,27800000,2049.0,13567
1212 E Lake Drive,Harbor Beach,6150000,same street,1600 E Lake Dr,3980000,665.0,5982
1212 E Lake Drive,Harbor Beach,6150000,same street,1626 E Lake Drive,7135000,1286.0,5550
1212 E Lake Drive,Harbor Beach,6150000,same street,1206 E Lake Dr,3225000,921.0,3500
1212 E Lake Drive,Harbor Beach,6150000,same street,1206 E Lake Dr,3437500,987.0,3483
2401 N Atlantic Boulevard,Lauderdale Beach,5995000,same street,2504 N Atlantic Blvd,6000000,1972.0,3042
2401 N Atlantic Boulevard,Lauderdale Beach,5995000,same street,2920 N Atlantic Blvd,6500000,2364.0,2750
2000 Harbourview Drive,Harbour Heights,5995000,same street,2024 Harbourview Drive,2995000,648.0,4621
2000 Harbourview Drive,Harbour Heights,5995000,same street,1925 Harbourview Dr,4300000,999.0,4306
2000 Harbourview Drive,Harbour Heights,5995000,same street,1957 Harbourview Drive,10700000,1657.0,6456
2000 Harbourview Drive,Harbour Heights,5995000,same street,1950 Harbourview Dr,1300000,709.0,1833
168 Fiesta Way,Nurmi Isles,5990000,same street,18 Fiesta Way,3055555,660.0,4632
168 Fiesta Way,Nurmi Isles,5990000,same street,9 Fiesta Way,4247500,988.0,4297
168 Fiesta Way,Nurmi Isles,5990000,same street,56 Fiesta Way,4680000,901.0,5197
168 Fiesta Way,Nurmi Isles,5990000,same street,103 Fiesta Way,2993900,764.0,3919
168 Fiesta Way,Nurmi Isles,5990000,same street,30 Fiesta Way,5900000,1071.0,5510
1304 SW 9th Street,Riverside Amen,5950000,same street,1416 SW 9th St,2010000,621.0,3235
1304 SW 9th Street,Riverside Amen,5950000,same street,303 SW 9th Street,1200000,418.0,2872
1304 SW 9th Street,Riverside Amen,5950000,same street,808 SW 9th St Unit#808-A,980000,368.0,2662
1304 SW 9th Street,Riverside Amen,5950000,same street,517 SW 9th Street Unit#A,960000,366.0,2625
1304 SW 9th Street,Riverside Amen,5950000,same street,306 SW 9th St,965000,380.0,2538
534 HENDRICKS ISLE Unit#PH,View Pointe,5890000,same street,516 Hendricks Isle Unit#4A,1675000,516.0,3246
534 HENDRICKS ISLE Unit#PH,View Pointe,5890000,same street,11 Hendricks Isle Unit#11,2800000,787.0,3559
534 HENDRICKS ISLE Unit#PH,View Pointe,5890000,same street,423 Hendricks Isle,2450000,790.0,3102
534 HENDRICKS ISLE Unit#PH,View Pointe,5890000,same street,421 Hendricks Isle,2517000,811.0,3102
534 HENDRICKS ISLE Unit#PH,View Pointe,5890000,same street,301 Hendricks Isle Unit#2,1750000,571.0,3064
310 SE 11th Ave,Himmarshee Park,5890000,same street,116 SE 11th Avenue Unit#116,2050000,597.0,3431
310 SE 11th Ave,Himmarshee Park,5890000,same street,118 SE 11th Ave Unit#118,2255000,657.0,3430
310 SE 11th Ave,Himmarshee Park,5890000,same street,15 SE 11th Avenue,1879000,603.0,3114
310 SE 11th Ave,Himmarshee Park,5890000,same street,5 SE 11th Ave Unit#5,1874950,644.0,2910
310 SE 11th Ave,Himmarshee Park,5890000,same street,18 SE 11th Avenue Unit#1,1700000,616.0,2758
333 Las Olas Way Unit#4206,Las Olas,5800000,same street,333 Las Olas Way Unit#1610,1725000,497.0,3470
333 Las Olas Way Unit#4206,Las Olas,5800000,same street,333 Las Olas Way Unit#2910,1900000,587.0,3239
333 Las Olas Way Unit#4206,Las Olas,5800000,same street,333 Las Olas Way Unit#3906,2075000,651.0,3189
333 Las Olas Way Unit#4206,Las Olas,5800000,same street,333 Las Olas Way Unit#3803,2075000,651.0,3189
333 Las Olas Way Unit#4206,Las Olas,5800000,same street,333 Las Olas Way Unit#2907,2650000,972.0,2726
3318 NE 16th Pl,Las Olas,5800000,same street,3322 NE 16th Pl,4000000,942.0,4245
3318 NE 16th Pl,Las Olas,5800000,same street,1109 NE 16th Pl,636500,269.0,2367
3318 NE 16th Pl,Las Olas,5800000,same street,40 NE 16th Place,1700000,754.0,2254
3318 NE 16th Pl,Las Olas,5800000,same street,118 NE 16th Place,1000000,560.0,1785
3318 NE 16th Pl,Las Olas,5800000,same street,208 NE 16th Pl,800000,479.0,1669
334 Isle Of Capri Drive,Capri Venice,5790000,same street,505 Isle Of Capri Dr,3180000,1285.0,2474
334 Isle Of Capri Drive,Capri Venice,5790000,same street,314 Isle Of Capri Dr,2900000,1426.0,2033
801 Seabreeze Boulevard Unit#1802,St Regis Residences,5770625,same street,1344 Seabreeze Blvd,1635000,628.0,2605
801 Seabreeze Boulevard Unit#1802,St Regis Residences,5770625,same street,1217 Seabreeze Blvd,1862000,688.0,2706
801 Seabreeze Boulevard Unit#1802,St Regis Residences,5770625,same street,1530 Seabreeze Boulevard,1635000,776.0,2106
801 Seabreeze Boulevard Unit#1802,St Regis Residences,5770625,same street,1601 Seabreeze Boulevard,1650000,826.0,1997
801 Seabreeze Boulevard Unit#1802,St Regis Residences,5770625,same street,1237 Seabreeze Blvd,4400000,1358.0,3240
124 Hendricks Isle Unit#Ph401,One Residences,5695000,same street,11 Hendricks Isle Unit#11,2800000,787.0,3559
124 Hendricks Isle Unit#Ph401,One Residences,5695000,same street,516 Hendricks Isle Unit#4A,1675000,516.0,3246
124 Hendricks Isle Unit#Ph401,One Residences,5695000,same street,423 Hendricks Isle,2450000,790.0,3102
124 Hendricks Isle Unit#Ph401,One Residences,5695000,same street,421 Hendricks Isle,2517000,811.0,3102
124 Hendricks Isle Unit#Ph401,One Residences,5695000,same street,301 Hendricks Isle Unit#2,1750000,571.0,3064
2809 NE 24th Pl,Coral Ridge Galt,5599999,same street,2864 NE 24th Pl,3225000,1149.0,2806
2809 NE 24th Pl,Coral Ridge Galt,5599999,same street,2823 NE 24th Pl,2275000,811.0,2804
534 HENDRICKS ISLE Unit#401,View Pointe,5519500,same street,400 Hendricks Isle Unit#402,1030000,573.0,1797
534 HENDRICKS ISLE Unit#401,View Pointe,5519500,same street,217 Hendricks Isle Unit#501,1325000,666.0,1990
534 HENDRICKS ISLE Unit#401,View Pointe,5519500,same street,516 Hendricks Isle Unit#5B,1335000,635.0,2104
534 HENDRICKS ISLE Unit#401,View Pointe,5519500,same street,217 Hendricks Isle Unit#201,1100000,803.0,1370
534 HENDRICKS ISLE Unit#401,View Pointe,5519500,same street,217 Hendricks Isle Unit#401,1000000,730.0,1370
801 Seabreeze Boulevard Unit#R 1501,St Regis Residences,5504582,same street,1530 Seabreeze Boulevard,1635000,776.0,2106
801 Seabreeze Boulevard Unit#R 1501,St Regis Residences,5504582,same street,1601 Seabreeze Boulevard,1650000,826.0,1997
801 Seabreeze Boulevard Unit#R 1501,St Regis Residences,5504582,same street,1344 Seabreeze Blvd,1635000,628.0,2605
801 Seabreeze Boulevard Unit#R 1501,St Regis Residences,5504582,same street,1217 Seabreeze Blvd,1862000,688.0,2706
801 Seabreeze Boulevard Unit#R 1501,St Regis Residences,5504582,same street,1237 Seabreeze Blvd,4400000,1358.0,3240
1349 Middle River Dr,Beach Way Heights,5500000,same street,1400 Middle River Drive,4510000,999.0,4515
1349 Middle River Dr,Beach Way Heights,5500000,same street,1710 Middle River Dr,3150000,846.0,3722
1349 Middle River Dr,Beach Way Heights,5500000,same street,644 Middle River Dr,3300000,936.0,3526
1349 Middle River Dr,Beach Way Heights,5500000,same street,639 Middle River Dr,7200000,1202.0,5990
1349 Middle River Dr,Beach Way Heights,5500000,same street,2525 Middle River Dr,2875000,853.0,3372
2856 NE 25th Street,Coral Ridge,5495000,same street,2824 NE 25th St,2500000,748.0,3341
2856 NE 25th Street,Coral Ridge,5495000,same street,2817 NE 25th Street,7840000,1188.0,6600
2856 NE 25th Street,Coral Ridge,5495000,same street,506 NE 25th St,2325000,795.0,2926
2856 NE 25th Street,Coral Ridge,5495000,same street,318 NE 25th St,2065000,750.0,2755
2856 NE 25th Street,Coral Ridge,5495000,same street,2140 NE 25th Street,915000,428.0,2140
2406 Barcelona Drive,Sea Isles,5495000,same street,2312 Barcelona Dr,7160000,1256.0,5699
2406 Barcelona Drive,Sea Isles,5495000,same street,2630 Barcelona Drive,4900000,1133.0,4324
2406 Barcelona Drive,Sea Isles,5495000,same street,2518 Barcelona Dr,3100000,1191.0,2603
2815 NE 26th Pl,Coral Ridge Galt,5450000,same street,2624 NE 26th Pl,1300000,529.0,2458
2815 NE 26th Pl,Coral Ridge Galt,5450000,same street,2831 NE 26th Pl,3550000,1446.0,2455
2815 NE 26th Pl,Coral Ridge Galt,5450000,same street,2864 NE 26th Pl,2900000,551.0,5260
2815 NE 26th Pl,Coral Ridge Galt,5450000,same street,2871 NE 26th Place,4950000,896.0,5523
2200 N Ocean Boulevard Unit#N501,Auberge Beach,5445000,same street,2200 N Ocean Blvd Unit#S1501,6495000,1856.0,3500
2200 N Ocean Boulevard Unit#N501,Auberge Beach,5445000,same street,2200 N Ocean Blvd Unit#S501,5600000,1600.0,3500
2200 N Ocean Boulevard Unit#N501,Auberge Beach,5445000,same street,2200 N Ocean Boulevard Unit#S1801,4250000,1214.0,3500
2200 N Ocean Boulevard Unit#N501,Auberge Beach,5445000,same street,2200 N Ocean Boulevard Unit#S1804,4460000,1274.0,3500
2200 N Ocean Boulevard Unit#N501,Auberge Beach,5445000,same street,2200 N Ocean Boulevard Unit#N1003,5055000,1408.0,3591
1 N Fort Lauderdale Beach Boulevard Unit#1801 / 1808,Ritz Carlton,5400000,same street,1 N Fort Lauderdale Beach Boulevard Unit#2203,4700000,1226.0,3833
1 N Fort Lauderdale Beach Boulevard Unit#1801 / 1808,Ritz Carlton,5400000,same street,1525 N Fort Lauderdale Beach Boulevard,5050000,1282.0,3938
1 N Fort Lauderdale Beach Boulevard Unit#1801 / 1808,Ritz Carlton,5400000,same street,505 N Fort Lauderdale Beach Blvd Unit#224,600000,218.0,2757
1 N Fort Lauderdale Beach Boulevard Unit#1801 / 1808,Ritz Carlton,5400000,same street,525 N Fort Lauderdale Beach Blvd Unit#1501,5750000,2233.0,2575
1 N Fort Lauderdale Beach Boulevard Unit#1801 / 1808,Ritz Carlton,5400000,same street,1 N Fort Lauderdale Beach Blvd Unit#1906,2400000,946.0,2536
153 N Seabreeze Boulevard Unit#2202-S,Selene Oceanfront Residen,5399000,same street,153 N Seabreeze Blvd Unit#2302,5250000,1620.0,3240
153 N Seabreeze Boulevard Unit#2202-S,Selene Oceanfront Residen,5399000,same street,153 N Seabreeze Boulevard Unit#1902-S,4675000,1443.0,3240
153 N Seabreeze Boulevard Unit#2202-S,Selene Oceanfront Residen,5399000,same street,153 N Seabreeze Boulevard Unit#S-502,3100000,957.0,3240
153 N Seabreeze Boulevard Unit#2202-S,Selene Oceanfront Residen,5399000,same street,151 N Seabreeze Boulevard Unit#E-2502,2845000,1243.0,2288
153 N Seabreeze Boulevard Unit#2202-S,Selene Oceanfront Residen,5399000,same street,153 N Seabreeze Boulevard Unit#2505,2200000,1164.0,1890
609 Poinciana Drive,Idlewyld,5395000,same street,347 Poinciana Drive,2195000,660.0,3325
609 Poinciana Drive,Idlewyld,5395000,same street,629 Poinciana Drive,3600000,1522.0,2365
525 N Fort Lauderdale Beach Boulevard Unit#901,Four Seasons,5350000,same street,701 N Fort Lauderdale Beach Blvd Unit#TH4,1700000,774.0,2195
525 N Fort Lauderdale Beach Boulevard Unit#901,Four Seasons,5350000,same street,1 N Fort Lauderdale Beach Blvd Unit#1907,2400000,1089.0,2203
525 N Fort Lauderdale Beach Boulevard Unit#901,Four Seasons,5350000,same street,525 N Fort Lauderdale Beach Boulevard Unit#1904,4000000,1784.0,2242
525 N Fort Lauderdale Beach Boulevard Unit#901,Four Seasons,5350000,same street,525 N Fort Lauderdale Beach Blvd Unit#1904,3850000,1717.0,2242
525 N Fort Lauderdale Beach Boulevard Unit#901,Four Seasons,5350000,same street,1 N Fort Lauderdale Beach Blvd Unit#2002,2800000,1344.0,2083
2609 NE 27th Way,Coral Ridge,5350000,same street,2625 NE 27th Way,1515000,664.0,2281
2609 NE 27th Way,Coral Ridge,5350000,same street,2657 NE 27th Way,1130000,612.0,1847
2609 NE 27th Way,Coral Ridge,5350000,same street,2601 NE 27th Way,1100000,654.0,1682
2241 SE 17 Street Unit#704,Azul,5350000,same street,2221 SE 17 Street Unit#804,5500000,1939.0,2837
2241 SE 17 Street Unit#704,Azul,5350000,same street,1819 SE 17 ST Unit#1509,999000,498.0,2005
2241 SE 17 Street Unit#704,Azul,5350000,same street,2430 SE 17 Street Unit#G,250000,214.0,1170
1032 SE 12th Way,Rio Vista,5350000,same street,1222 SE 12th Way,1950000,442.0,4407
1032 SE 12th Way,Rio Vista,5350000,same street,1356 SE 12th Way,1200000,462.0,2600
1032 SE 12th Way,Rio Vista,5350000,same street,1022 SE 12th Way,1500000,579.0,2590
1032 SE 12th Way,Rio Vista,5350000,same street,1240 SE 12th Way,850000,532.0,1597
1032 SE 12th Way,Rio Vista,5350000,same street,1330 SE 12th Way,858600,865.0,993
2241 SE 17th Street Unit#601,Pier Sixty Six,5300000,same street,1819 SE 17th St Unit#1107,815000,438.0,1860
2241 SE 17th Street Unit#601,Pier Sixty Six,5300000,same street,1819 SE 17th St Unit#507,780000,419.0,1860
2241 SE 17th Street Unit#601,Pier Sixty Six,5300000,same street,1819 SE 17th St Unit#1606,849000,485.0,1750
2241 SE 17th Street Unit#601,Pier Sixty Six,5300000,same street,1819 SE 17th St Unit#906,775000,443.0,1750
2241 SE 17th Street Unit#601,Pier Sixty Six,5300000,same street,1819 SE 17th St Unit#903,595000,403.0,1475
701 Flamingo Drive,Riviera Isles,5250000,neighborhood + band,724 Riviera Isle,7200000,1618.0,4451
900 Intracoastal Drive Unit#2401,Sage Intracoastal,5188355,same street,920 Intracoastal Dr Unit#1201,2175000,681.0,3195
900 Intracoastal Drive Unit#2401,Sage Intracoastal,5188355,same street,920 Intracoastal Dr Unit#1501,2375000,745.0,3190
900 Intracoastal Drive Unit#2401,Sage Intracoastal,5188355,same street,920 Intracoastal Dr Unit#903,2800000,859.0,3258
900 Intracoastal Drive Unit#2401,Sage Intracoastal,5188355,same street,920 Intracoastal Dr Unit#603,1950000,599.0,3258
900 Intracoastal Drive Unit#2401,Sage Intracoastal,5188355,same street,936 Intracoastal Dr Unit#PH4,1376000,416.0,3305
1701 SE 10th St,Rio Vista,5000000,same street,915 SE 10th St,4050000,909.0,4453
1701 SE 10th St,Rio Vista,5000000,same street,1520 SE 10th Street,6325000,1365.0,4633
1701 SE 10th St,Rio Vista,5000000,same street,1733 SE 10th Street,9900000,1719.0,5760
1701 SE 10th St,Rio Vista,5000000,same street,1791 SE 10th Street,8150000,3022.0,2697
1701 SE 10th St,Rio Vista,5000000,same street,810 SE 10th Street,1050000,449.0,2337
2321 SE 17th Street Unit#401,Harbor Beach,4999999,same street,1819 SE 17th St Unit#1107,815000,438.0,1860
2321 SE 17th Street Unit#401,Harbor Beach,4999999,same street,1819 SE 17th St Unit#507,780000,419.0,1860
2321 SE 17th Street Unit#401,Harbor Beach,4999999,same street,1819 SE 17th St Unit#1606,849000,485.0,1750
2321 SE 17th Street Unit#401,Harbor Beach,4999999,same street,1819 SE 17th St Unit#906,775000,443.0,1750
2321 SE 17th Street Unit#401,Harbor Beach,4999999,same street,1819 SE 17th St Unit#903,595000,403.0,1475
151 N Seabreeze Blv Unit#E-2501,Selene Oceanfront Residen,4999000,same street,153 N Seabreeze Blv Unit#S-704,1450000,849.0,1707
151 N Seabreeze Blv Unit#E-2501,Selene Oceanfront Residen,4999000,same street,153 N Seabreeze Blv Unit#S-903,1235000,872.0,1416
1180 N Federal Highway Unit#Ph-1606,Riva,4995000,same street,1180 N Federal Highway Unit#1006,2100000,875.0,2400
1180 N Federal Highway Unit#Ph-1606,Riva,4995000,same street,1170 N Federal Highway Unit#302,515000,268.0,1920
1180 N Federal Highway Unit#Ph-1606,Riva,4995000,same street,1170 N Federal Highway Unit#702,415000,216.0,1920
1180 N Federal Highway Unit#Ph-1606,Riva,4995000,same street,1160 N Federal Highway Unit#213,310000,161.0,1920
1180 N Federal Highway Unit#Ph-1606,Riva,4995000,same street,1180 N Federal Highway Unit#1005,950000,533.0,1783
506 Victoria Terrace,Victoria Park,4995000,neighborhood + band,617 NE 16th Terrace,3035000,648.0,4683
506 Victoria Terrace,Victoria Park,4995000,neighborhood + band,714 NE 18th Ave,3475000,776.0,4480
506 Victoria Terrace,Victoria Park,4995000,neighborhood + band,425 NE 10th Avenue,3365000,752.0,4474
506 Victoria Terrace,Victoria Park,4995000,neighborhood + band,507 NE 11th Ave,3400000,762.0,4462
506 Victoria Terrace,Victoria Park,4995000,neighborhood + band,550 NE 11th Ave,3000000,773.0,3883
2406 NE 13th Court,Beach Way Heights,4975000,same street,758 NE 13th Court Unit#7,185000,204.0,905
2406 NE 13th Court,Beach Way Heights,4975000,same street,728 NE 13th Ct Unit#14,179000,312.0,573
2406 NE 13th Court,Beach Way Heights,4975000,same street,728 NE 13th Ct Unit#13,165000,451.0,366
3017 N Atlantic Boulevard,Lauderdale Beach,4900000,same street,2504 N Atlantic Blvd,6000000,1972.0,3042
3017 N Atlantic Boulevard,Lauderdale Beach,4900000,same street,2920 N Atlantic Blvd,6500000,2364.0,2750
1180 N Federal Hwy Unit#PH-1602,Riva Condominium Riva,4897000,same street,100 N Federal Hwy Unit#PH-1,1995000,391.0,5103
1180 N Federal Hwy Unit#PH-1602,Riva Condominium Riva,4897000,same street,1180 N Federal Hwy Unit#706,2187500,903.0,2422
1180 N Federal Hwy Unit#PH-1602,Riva Condominium Riva,4897000,same street,1180 N Federal Hwy Unit#1204,2100000,867.0,2422
1180 N Federal Hwy Unit#PH-1602,Riva Condominium Riva,4897000,same street,1180 N Federal Hwy Unit#801,2050000,852.0,2407
1180 N Federal Hwy Unit#PH-1602,Riva Condominium Riva,4897000,same street,1180 N Federal Hwy Unit#1102,1900000,844.0,2251
1550 Ponce De Leon Drive,Rio Vista,4895000,same street,1425 Ponce De Leon Dr,2750000,662.0,4155
1550 Ponce De Leon Drive,Rio Vista,4895000,same street,1218 Ponce De Leon Dr,3600000,933.0,3857
1550 Ponce De Leon Drive,Rio Vista,4895000,same street,823 Ponce De Leon Drive,3550000,930.0,3819
1550 Ponce De Leon Drive,Rio Vista,4895000,same street,1544 Ponce De Leon Dr,4200000,1132.0,3710
1550 Ponce De Leon Drive,Rio Vista,4895000,same street,705 Ponce De Leon Dr,3600000,815.0,4417
2737 NE 18th Street,Coral Ridge,4850000,same street,2746 NE 18th Street,5250000,1064.0,4935
2737 NE 18th Street,Coral Ridge,4850000,same street,2700 NE 18th St,4400000,1005.0,4380
2737 NE 18th Street,Coral Ridge,4850000,same street,2517 NE 18th Street,1200000,369.0,3250
2737 NE 18th Street,Coral Ridge,4850000,same street,2435 NE 18th St,1800000,704.0,2557
2737 NE 18th Street,Coral Ridge,4850000,same street,2756 NE 18th St,3125000,1552.0,2014
3325 NE 18th,Las Olas,4800000,neighborhood + band,500 Flamingo Dr,4400000,880.0,5000
3325 NE 18th,Las Olas,4800000,neighborhood + band,3306 NE 16th St,3800000,887.0,4285
3325 NE 18th,Las Olas,4800000,neighborhood + band,3322 NE 16th Pl,4000000,942.0,4245
3325 NE 18th,Las Olas,4800000,neighborhood + band,1617 N Fort Laud Bch Blvd,3700000,911.0,4060
3325 NE 18th,Las Olas,4800000,neighborhood + band,3320 NE 17th St,4150000,1038.0,4000
1329-2 SE 13th Terrace,Lauderdale Harbors,4790000,neighborhood + band,1631 SE 14th Street,3100000,1130.0,2744
101 S Fort Lauderdale Beach Blvd Unit#2601,Las Olas,4750000,same street,101 S Fort Lauderdale Beach Blvd Unit#1903,2900000,956.0,3035
101 S Fort Lauderdale Beach Blvd Unit#2601,Las Olas,4750000,same street,101 S Fort Lauderdale Beach Boulevard Unit#1201,2800000,949.0,2950
101 S Fort Lauderdale Beach Blvd Unit#2601,Las Olas,4750000,same street,101 S Fort Lauderdale Beach Blvd Unit#1405,2160000,732.0,2950
101 S Fort Lauderdale Beach Blvd Unit#2601,Las Olas,4750000,same street,101 S Fort Lauderdale Beach Blvd Unit#901,2110000,715.0,2950
101 S Fort Lauderdale Beach Blvd Unit#2601,Las Olas,4750000,same street,101 S Fort Lauderdale Beach Blvd Unit#1001,1850000,627.0,2950
2611 Clematis Place,Idlewyld,4700000,same street,2613 Clematis Place,3999000,1126.0,3550
2611 Clematis Place,Idlewyld,4700000,same street,2614 Clematis Place,2150000,797.0,2698
525 N Fort Lauderdale Beach Boulevard Unit#1101,Four Seasons,4650000,same street,701 N Fort Lauderdale Beach Blvd Unit#TH4,1700000,774.0,2195
525 N Fort Lauderdale Beach Boulevard Unit#1101,Four Seasons,4650000,same street,1 N Fort Lauderdale Beach Blvd Unit#1907,2400000,1089.0,2203
525 N Fort Lauderdale Beach Boulevard Unit#1101,Four Seasons,4650000,same street,525 N Fort Lauderdale Beach Boulevard Unit#1904,4000000,1784.0,2242
525 N Fort Lauderdale Beach Boulevard Unit#1101,Four Seasons,4650000,same street,525 N Fort Lauderdale Beach Blvd Unit#1904,3850000,1717.0,2242
525 N Fort Lauderdale Beach Boulevard Unit#1101,Four Seasons,4650000,same street,1 N Fort Lauderdale Beach Blvd Unit#2002,2800000,1344.0,2083
2625 NE 29th Court,Coral Ridge Galt,4650000,same street,2732 NE 29th Court,4300000,1057.0,4070
2625 NE 29th Court,Coral Ridge Galt,4650000,same street,2732 NE 29th Ct,1080000,499.0,2166
2625 NE 29th Court,Coral Ridge Galt,4650000,same street,2716 NE 29th Ct,1550000,741.0,2093
2625 NE 29th Court,Coral Ridge Galt,4650000,same street,2016 NE 29th Ct,1125000,555.0,2028
2625 NE 29th Court,Coral Ridge Galt,4650000,same street,2101 NE 29th Ct,1480000,736.0,2011
153 N Seabreeze Blvd Unit#1602,Selene Oceanfront Residenc,4599000,same street,153 N Seabreeze Blvd Unit#2302,5250000,1620.0,3240
153 N Seabreeze Blvd Unit#1602,Selene Oceanfront Residenc,4599000,same street,153 N Seabreeze Boulevard Unit#1902-S,4675000,1443.0,3240
153 N Seabreeze Blvd Unit#1602,Selene Oceanfront Residenc,4599000,same street,153 N Seabreeze Boulevard Unit#S-502,3100000,957.0,3240
153 N Seabreeze Blvd Unit#1602,Selene Oceanfront Residenc,4599000,same street,151 N Seabreeze Boulevard Unit#E-2502,2845000,1243.0,2288
153 N Seabreeze Blvd Unit#1602,Selene Oceanfront Residenc,4599000,same street,153 N Seabreeze Boulevard Unit#2505,2200000,1164.0,1890
525 N Fort Lauderdale Beach Blvd Unit#702,Four Seasons,4595000,same street,525 N Fort Lauderdale Beach Boulevard Unit#1904,4000000,1784.0,2242
525 N Fort Lauderdale Beach Blvd Unit#702,Four Seasons,4595000,same street,525 N Fort Lauderdale Beach Blvd Unit#1904,3850000,1717.0,2242
525 N Fort Lauderdale Beach Blvd Unit#702,Four Seasons,4595000,same street,1 N Fort Lauderdale Beach Blvd Unit#1907,2400000,1089.0,2203
525 N Fort Lauderdale Beach Blvd Unit#702,Four Seasons,4595000,same street,701 N Fort Lauderdale Beach Blvd Unit#TH4,1700000,774.0,2195
525 N Fort Lauderdale Beach Blvd Unit#702,Four Seasons,4595000,same street,525 N Fort Lauderdale Beach Blvd Unit#803,4925000,2105.0,2340
525 N Fort Lauderdale Beach Boulevard Unit#1903,Four Seasons,4500000,same street,1 N Fort Lauderdale Beach Blvd Unit#2002,2800000,1344.0,2083
525 N Fort Lauderdale Beach Boulevard Unit#1903,Four Seasons,4500000,same street,525 N Fort Lauderdale Beach Blvd Unit#1404,3400000,1643.0,2069
525 N Fort Lauderdale Beach Boulevard Unit#1903,Four Seasons,4500000,same street,1200 N Fort Lauderdale Beach Blvd Unit#701,770000,374.0,2059
525 N Fort Lauderdale Beach Boulevard Unit#1903,Four Seasons,4500000,same street,601 N Fort Lauderdale Beach Blvd Unit#1501,1525000,744.0,2050
525 N Fort Lauderdale Beach Boulevard Unit#1903,Four Seasons,4500000,same street,701 N Fort Lauderdale Beach Blvd Unit#TH4,1700000,774.0,2195
2701 N Atlantic Blvd,Lauderdale Beach,4500000,same street,2504 N Atlantic Blvd,6000000,1972.0,3042
2701 N Atlantic Blvd,Lauderdale Beach,4500000,same street,2920 N Atlantic Blvd,6500000,2364.0,2750
2613 Center Ave,Lauderdale Beach,4500000,same street,2615 Center Ave,4753000,1564.0,3039
2613 Center Ave,Lauderdale Beach,4500000,same street,2919 Center Avenue,2600000,1040.0,2500
2613 Center Ave,Lauderdale Beach,4500000,same street,2709 Center Ave,1835000,855.0,2146
2613 Center Ave,Lauderdale Beach,4500000,same street,3008 Center Ave,1400000,824.0,1700
2613 Center Ave,Lauderdale Beach,4500000,same street,3040 Center Ave,4400000,990.0,4446
701 N Fort Lauderdale Beach Boulevard Unit#902,Paramount Ft Lauderdale,4500000,same street,505 N Fort Lauderdale Beach Blvd Unit#224,600000,218.0,2757
701 N Fort Lauderdale Beach Boulevard Unit#902,Paramount Ft Lauderdale,4500000,same street,525 N Fort Lauderdale Beach Blvd Unit#1501,5750000,2233.0,2575
701 N Fort Lauderdale Beach Boulevard Unit#902,Paramount Ft Lauderdale,4500000,same street,1 N Fort Lauderdale Beach Boulevard Unit#2203,4700000,1226.0,3833
701 N Fort Lauderdale Beach Boulevard Unit#902,Paramount Ft Lauderdale,4500000,same street,1 N Fort Lauderdale Beach Blvd Unit#1906,2400000,946.0,2536
701 N Fort Lauderdale Beach Boulevard Unit#902,Paramount Ft Lauderdale,4500000,same street,1525 N Fort Lauderdale Beach Boulevard,5050000,1282.0,3938
151 N Seabreeze Boulevard Unit#1601-East,Selene Oceanfront Residenc Selene Oceanfront,4499900,same street,153 N Seabreeze Blvd Unit#2302,5250000,1620.0,3240
151 N Seabreeze Boulevard Unit#1601-East,Selene Oceanfront Residenc Selene Oceanfront,4499900,same street,153 N Seabreeze Boulevard Unit#1902-S,4675000,1443.0,3240
151 N Seabreeze Boulevard Unit#1601-East,Selene Oceanfront Residenc Selene Oceanfront,4499900,same street,153 N Seabreeze Boulevard Unit#S-502,3100000,957.0,3240
151 N Seabreeze Boulevard Unit#1601-East,Selene Oceanfront Residenc Selene Oceanfront,4499900,same street,151 N Seabreeze Boulevard Unit#E-2502,2845000,1243.0,2288
151 N Seabreeze Boulevard Unit#1601-East,Selene Oceanfront Residenc Selene Oceanfront,4499900,same street,153 N Seabreeze Boulevard Unit#2505,2200000,1164.0,1890
1 Las Olas Circle Unit#1501,Venetian Condominium,4499000,same street,1 Las Olas Circle Unit#1102,1425000,877.0,1625
1 Las Olas Circle Unit#1501,Venetian Condominium,4499000,same street,1 Las Olas Circle Unit#108,510000,324.0,1575
1 Las Olas Circle Unit#1501,Venetian Condominium,4499000,same street,1 Las Olas Circle Unit#1414,1070000,713.0,1500
1 Las Olas Circle Unit#1501,Venetian Condominium,4499000,same street,1 Las Olas Circle Unit#1112,880000,587.0,1500
1 Las Olas Circle Unit#1501,Venetian Condominium,4499000,same street,1 Las Olas Circle Unit#1204,830000,553.0,1500
1625 SE 1st Street,Colee Hammock,4499000,same street,1608 SE 1st St,2050000,653.0,3140
1625 SE 1st Street,Colee Hammock,4499000,same street,1512 SE 1st St,1650000,538.0,3066
1625 SE 1st Street,Colee Hammock,4499000,same street,1205 SE 1st Street,2050000,736.0,2786
1625 SE 1st Street,Colee Hammock,4499000,same street,1317 SE 1st St Unit#1317,1250000,525.0,2380
1625 SE 1st Street,Colee Hammock,4499000,same street,1601 SE 1st St,1700000,774.0,2196
525 N Fort Lauderdale Beach Blvd Unit#802,Four Seasons,4495000,same street,525 N Fort Lauderdale Beach Boulevard Unit#1904,4000000,1784.0,2242
525 N Fort Lauderdale Beach Blvd Unit#802,Four Seasons,4495000,same street,525 N Fort Lauderdale Beach Blvd Unit#1904,3850000,1717.0,2242
525 N Fort Lauderdale Beach Blvd Unit#802,Four Seasons,4495000,same street,1 N Fort Lauderdale Beach Blvd Unit#1907,2400000,1089.0,2203
525 N Fort Lauderdale Beach Blvd Unit#802,Four Seasons,4495000,same street,701 N Fort Lauderdale Beach Blvd Unit#TH4,1700000,774.0,2195
525 N Fort Lauderdale Beach Blvd Unit#802,Four Seasons,4495000,same street,525 N Fort Lauderdale Beach Blvd Unit#803,4925000,2105.0,2340
3055 Harbor Dr Unit#2102,Harbourage Place,4495000,same street,3055 Harbor Dr Unit#603,1600000,475.0,3368
3055 Harbor Dr Unit#2102,Harbourage Place,4495000,same street,3025 Harbor Dr Unit#17,575000,383.0,1500
153  N Seabreeze Boulevard Unit#902,Selene Oceanfront Residenc Selene Oceanfront Residen,4448000,same street,153 N Seabreeze Blvd Unit#2302,5250000,1620.0,3240
153  N Seabreeze Boulevard Unit#902,Selene Oceanfront Residenc Selene Oceanfront Residen,4448000,same street,153 N Seabreeze Boulevard Unit#1902-S,4675000,1443.0,3240
153  N Seabreeze Boulevard Unit#902,Selene Oceanfront Residenc Selene Oceanfront Residen,4448000,same street,153 N Seabreeze Boulevard Unit#S-502,3100000,957.0,3240
153  N Seabreeze Boulevard Unit#902,Selene Oceanfront Residenc Selene Oceanfront Residen,4448000,same street,151 N Seabreeze Boulevard Unit#E-2502,2845000,1243.0,2288
153  N Seabreeze Boulevard Unit#902,Selene Oceanfront Residenc Selene Oceanfront Residen,4448000,same street,153 N Seabreeze Boulevard Unit#2505,2200000,1164.0,1890
505 NE 2nd Street Unit#38B,Viceroy Fort Lauderdale Viceroy,4410000,same street,1507 NE 2nd St,1000000,380.0,2634
505 NE 2nd Street Unit#38B,Viceroy Fort Lauderdale Viceroy,4410000,same street,808 NE 2nd Street Unit#808,1600000,606.0,2639
505 NE 2nd Street Unit#38B,Viceroy Fort Lauderdale Viceroy,4410000,same street,804 NE 2nd Street,1570000,595.0,2639
505 NE 2nd Street Unit#38B,Viceroy Fort Lauderdale Viceroy,4410000,same street,818 NE 2nd Street,1649000,618.0,2667
505 NE 2nd Street Unit#38B,Viceroy Fort Lauderdale Viceroy,4410000,same street,1113 NE 2nd St,1350000,562.0,2404
2832 NE 24th Ct,Coral Ridge Galt,4395000,neighborhood + band,2103 Bayview Drive,3000000,854.0,3511
2832 NE 24th Ct,Coral Ridge Galt,4395000,neighborhood + band,2709 NE 25th Ct,3300000,872.0,3786
2832 NE 24th Ct,Coral Ridge Galt,4395000,neighborhood + band,2408 NE 27th Avenue,3100000,975.0,3179
2832 NE 24th Ct,Coral Ridge Galt,4395000,neighborhood + band,2724 NE 21st Court,3250000,1034.0,3142
2832 NE 24th Ct,Coral Ridge Galt,4395000,neighborhood + band,2864 NE 24th Pl,3225000,1149.0,2806
450 Victoria Terrace,Victoria Park,4395000,neighborhood + band,550 NE 11th Ave,3000000,773.0,3883
450 Victoria Terrace,Victoria Park,4395000,neighborhood + band,548 NE 11th Ave,3000000,781.0,3841
450 Victoria Terrace,Victoria Park,4395000,neighborhood + band,618 NE 17th Way,3050000,802.0,3804
450 Victoria Terrace,Victoria Park,4395000,neighborhood + band,507 NE 11th Ave,3400000,762.0,4462
450 Victoria Terrace,Victoria Park,4395000,neighborhood + band,425 NE 10th Avenue,3365000,752.0,4474
717 Solar Isle Drive,Las Olas Isles,4395000,same street,603 Solar Isle Drive,5400000,1254.0,4307
717 Solar Isle Drive,Las Olas Isles,4395000,same street,808 Solar Isle Dr,3199999,926.0,3454
717 Solar Isle Drive,Las Olas Isles,4395000,same street,708 Solar Isle Dr,3625000,1662.0,2181
717 Solar Isle Drive,Las Olas Isles,4395000,same street,821 Solar Isle Dr,14400000,1611.0,8936
551 Bayshore Drive Unit#507D,Ritz Carlton Ftl,4339000,same street,715 Bayshore Drive Unit#904,1550000,518.0,2992
551 Bayshore Drive Unit#507D,Ritz Carlton Ftl,4339000,same street,435 Bayshore Dr Unit#PH3,2800000,976.0,2870
551 Bayshore Drive Unit#507D,Ritz Carlton Ftl,4339000,same street,777 Bayshore Dr Unit#PH-3,1500000,493.0,3040
551 Bayshore Drive Unit#507D,Ritz Carlton Ftl,4339000,same street,435 Bayshore Drive Unit#702,2947500,1068.0,2759
551 Bayshore Drive Unit#507D,Ritz Carlton Ftl,4339000,same street,615 Bayshore Dr Unit#105,1700000,627.0,2710
151 N Seabreeze Boulevard Unit#1101-e,Selene Oceanfront Residen,4299000,same street,153 N Seabreeze Blvd Unit#2302,5250000,1620.0,3240
151 N Seabreeze Boulevard Unit#1101-e,Selene Oceanfront Residen,4299000,same street,153 N Seabreeze Boulevard Unit#1902-S,4675000,1443.0,3240
151 N Seabreeze Boulevard Unit#1101-e,Selene Oceanfront Residen,4299000,same street,153 N Seabreeze Boulevard Unit#S-502,3100000,957.0,3240
151 N Seabreeze Boulevard Unit#1101-e,Selene Oceanfront Residen,4299000,same street,151 N Seabreeze Boulevard Unit#E-2502,2845000,1243.0,2288
151 N Seabreeze Boulevard Unit#1101-e,Selene Oceanfront Residen,4299000,same street,153 N Seabreeze Boulevard Unit#2505,2200000,1164.0,1890
505 NE 2nd Street Unit#43A,Viceroy Fort Lauderdale Viceroy,4200000,same street,1507 NE 2nd St,1000000,380.0,2634
505 NE 2nd Street Unit#43A,Viceroy Fort Lauderdale Viceroy,4200000,same street,808 NE 2nd Street Unit#808,1600000,606.0,2639
505 NE 2nd Street Unit#43A,Viceroy Fort Lauderdale Viceroy,4200000,same street,804 NE 2nd Street,1570000,595.0,2639
505 NE 2nd Street Unit#43A,Viceroy Fort Lauderdale Viceroy,4200000,same street,818 NE 2nd Street,1649000,618.0,2667
505 NE 2nd Street Unit#43A,Viceroy Fort Lauderdale Viceroy,4200000,same street,1113 NE 2nd St,1350000,562.0,2404
1016 SE 8th Street,Rio Vista,4195000,same street,820 SE 8th St,1800000,499.0,3606
1016 SE 8th Street,Rio Vista,4195000,same street,1125 SE 8th Street,2600000,794.0,3274
1016 SE 8th Street,Rio Vista,4195000,same street,812 SE 8th St,1875000,836.0,2243
801 SE 11th Ct,Rio Vista,4150000,same street,1010 SE 11th Court,3650000,777.0,4700
801 SE 11th Ct,Rio Vista,4150000,same street,806 SE 11th Ct,2150000,663.0,3244
801 SE 11th Ct,Rio Vista,4150000,same street,904 SE 11th Court,1750000,791.0,2213
801 SE 11th Ct,Rio Vista,4150000,same street,807 SE 11th Court,995000,573.0,1736
801 SE 11th Ct,Rio Vista,4150000,same street,1205 SE 11th Ct,1100000,651.0,1691
2225 NE 19th St,North Bal Harbour,4100000,same street,1913 NE 19th St,1950000,750.0,2600
2225 NE 19th St,North Bal Harbour,4100000,same street,3030 NE 19th Street,1595000,744.0,2145
2225 NE 19th St,North Bal Harbour,4100000,same street,3114 NE 19th St,1750000,826.0,2119
2225 NE 19th St,North Bal Harbour,4100000,same street,1800 NE 19th Street,869000,454.0,1916
2225 NE 19th St,North Bal Harbour,4100000,same street,2728 NE 19th St,1800000,377.0,4770
2415 Middle River Drive,Coral Ridge Galt,4095000,same street,1400 Middle River Drive,4510000,999.0,4515
2415 Middle River Drive,Coral Ridge Galt,4095000,same street,1710 Middle River Dr,3150000,846.0,3722
2415 Middle River Drive,Coral Ridge Galt,4095000,same street,644 Middle River Dr,3300000,936.0,3526
2415 Middle River Drive,Coral Ridge Galt,4095000,same street,2525 Middle River Dr,2875000,853.0,3372
2415 Middle River Drive,Coral Ridge Galt,4095000,same street,2541 Middle River Drive,2550000,758.0,3366
525 N Fort Lauderdale Beach Boulevard Unit#602,Four Seasons,4000000,same street,601 N Fort Lauderdale Beach Blvd Unit#1501,1525000,744.0,2050
525 N Fort Lauderdale Beach Boulevard Unit#602,Four Seasons,4000000,same street,1200 N Fort Lauderdale Beach Blvd Unit#701,770000,374.0,2059
525 N Fort Lauderdale Beach Boulevard Unit#602,Four Seasons,4000000,same street,525 N Fort Lauderdale Beach Blvd Unit#1404,3400000,1643.0,2069
525 N Fort Lauderdale Beach Boulevard Unit#602,Four Seasons,4000000,same street,1 N Fort Lauderdale Beach Blvd Unit#2002,2800000,1344.0,2083
525 N Fort Lauderdale Beach Boulevard Unit#602,Four Seasons,4000000,same street,701 N Fort Lauderdale Beach Blvd Unit#1704,2300000,1204.0,1910
20 NE 24th Street,Lazy Lake,4000000,same street,2825 NE 24th St,2350000,927.0,2536
20 NE 24th Street,Lazy Lake,4000000,same street,2017 NE 24th St,1320000,576.0,2292
20 NE 24th Street,Lazy Lake,4000000,same street,2600 NE 24th Street,1210000,611.0,1979
20 NE 24th Street,Lazy Lake,4000000,same street,2140 NE 24th Street,1247000,658.0,1894
20 NE 24th Street,Lazy Lake,4000000,same street,20 NE 24th St,900000,502.0,1792
2421 NE 12th Street,Beach Way Heights,3999999,same street,2409 NE 12th Street,2750000,658.0,4182
2421 NE 12th Street,Beach Way Heights,3999999,same street,1747 NE 12th Street Unit#1747,850000,414.0,2054
2421 NE 12th Street,Beach Way Heights,3999999,same street,1742 NE 12th Street,699900,360.0,1942
2421 NE 12th Street,Beach Way Heights,3999999,same street,2608 NE 12th St,1250000,664.0,1883
2421 NE 12th Street,Beach Way Heights,3999999,same street,1515 NE 12th St,570000,463.0,1231
1518 E Lake Drive,Harbor Beach,3995000,same street,1206 E Lake Dr,3225000,921.0,3500
1518 E Lake Drive,Harbor Beach,3995000,same street,1206 E Lake Dr,3437500,987.0,3483
1518 E Lake Drive,Harbor Beach,3995000,same street,1626 E Lake Drive,7135000,1286.0,5550
1518 E Lake Drive,Harbor Beach,3995000,same street,1600 E Lake Dr,3980000,665.0,5982
1125 SE 9th Street,Rio Vista,3995000,same street,1013 SE 9th St,2999000,749.0,4002
1125 SE 9th Street,Rio Vista,3995000,same street,1515 SE 9th St,4000000,1057.0,3786
1125 SE 9th Street,Rio Vista,3995000,same street,930 SE 9th St,3000000,712.0,4213
1125 SE 9th Street,Rio Vista,3995000,same street,1401 SE 9th Street,3795000,1295.0,2930
1125 SE 9th Street,Rio Vista,3995000,same street,805 SE 9th St,1300000,619.0,2100
2500 Middle River Dr,Coral Ridge Galt,3990000,same street,1400 Middle River Drive,4510000,999.0,4515
2500 Middle River Dr,Coral Ridge Galt,3990000,same street,1710 Middle River Dr,3150000,846.0,3722
2500 Middle River Dr,Coral Ridge Galt,3990000,same street,644 Middle River Dr,3300000,936.0,3526
2500 Middle River Dr,Coral Ridge Galt,3990000,same street,2525 Middle River Dr,2875000,853.0,3372
2500 Middle River Dr,Coral Ridge Galt,3990000,same street,2541 Middle River Drive,2550000,758.0,3366
411 N New River Drive Unit#PH 39A,Las Olas,3975000,same street,411 N New River Drive Unit#2401,1900000,721.0,2635
411 N New River Drive Unit#PH 39A,Las Olas,3975000,same street,411 N New River Dr Unit#2306,1985000,753.0,2635
411 N New River Drive Unit#PH 39A,Las Olas,3975000,same street,411 N New River Dr Unit#1406,1650000,626.0,2635
411 N New River Drive Unit#PH 39A,Las Olas,3975000,same street,411 N New River Dr Unit#806,1185000,450.0,2635
411 N New River Drive Unit#PH 39A,Las Olas,3975000,same street,411 N New River Dr Unit#2503,1590000,754.0,2110
87 Isle Of Venice Drive Unit#402s,Nurmi Isles,3972320,same street,160 Isle Of Venice Dr Unit#203,2725000,934.0,2918
87 Isle Of Venice Drive Unit#402s,Nurmi Isles,3972320,same street,133 Isle of Venice Dr Unit#301,1862500,654.0,2849
87 Isle Of Venice Drive Unit#402s,Nurmi Isles,3972320,same street,141 Isle of Venice Dr Unit#3-S,3450000,1110.0,3108
87 Isle Of Venice Drive Unit#402s,Nurmi Isles,3972320,same street,141 Isle Of Venice Dr Unit#PH-N,3850000,1230.0,3131
87 Isle Of Venice Drive Unit#402s,Nurmi Isles,3972320,same street,20 Isle Of Venice Dr Unit#PH-1,2885000,921.0,3134
87 Isle Of Venice Drive Unit#401n,Nurmi Isles,3944138,same street,160 Isle Of Venice Dr Unit#203,2725000,934.0,2918
87 Isle Of Venice Drive Unit#401n,Nurmi Isles,3944138,same street,133 Isle of Venice Dr Unit#301,1862500,654.0,2849
87 Isle Of Venice Drive Unit#401n,Nurmi Isles,3944138,same street,141 Isle of Venice Dr Unit#3-S,3450000,1110.0,3108
87 Isle Of Venice Drive Unit#401n,Nurmi Isles,3944138,same street,141 Isle Of Venice Dr Unit#PH-N,3850000,1230.0,3131
87 Isle Of Venice Drive Unit#401n,Nurmi Isles,3944138,same street,20 Isle Of Venice Dr Unit#PH-1,2885000,921.0,3134
100 E Las Olas Boulevard Unit#4301,Las Olas,3900000,same street,1760 E Las Olas Blvd Unit#300,2300000,592.0,3886
100 E Las Olas Boulevard Unit#4301,Las Olas,3900000,same street,2615 E Las Olas Boulevard,4160000,1103.0,3773
100 E Las Olas Boulevard Unit#4301,Las Olas,3900000,same street,2417 E Las Olas Blvd,2195000,672.0,3266
100 E Las Olas Boulevard Unit#4301,Las Olas,3900000,same street,100 E Las Olas Blvd Unit#4103,2100000,709.0,2964
100 E Las Olas Boulevard Unit#4301,Las Olas,3900000,same street,100 E Las Olas Boulevard Unit#3303,2100000,709.0,2964
2200 N Ocean Boulevard Unit#S706,Auberge Beach,3900000,same street,2200 N Ocean Boulevard Unit#S903,3800000,1363.0,2787
2200 N Ocean Boulevard Unit#S706,Auberge Beach,3900000,same street,2200 N Ocean Blvd Unit#S303,3500000,1256.0,2787
2200 N Ocean Boulevard Unit#S706,Auberge Beach,3900000,same street,2200 N Ocean Blvd Unit#N302,3862500,1449.0,2666
2200 N Ocean Boulevard Unit#S706,Auberge Beach,3900000,same street,2200 N Ocean Blvd Unit#S506,4250000,1597.0,2661
2200 N Ocean Boulevard Unit#S706,Auberge Beach,3900000,same street,2200 N Ocean Blvd Unit#S303,3700000,1411.0,2623
1624 Middle River,Coral Ridge,3900000,neighborhood + band,1420 Middle River Dr,3900000,1241.0,3142
1624 Middle River,Coral Ridge,3900000,neighborhood + band,2727 NE 17th Street,3500000,1126.0,3109
1624 Middle River,Coral Ridge,3900000,neighborhood + band,2738 NE 16th Street,3350000,1160.0,2888
1624 Middle River,Coral Ridge,3900000,neighborhood + band,1239 Seminole Dr,3500000,1006.0,3479
1624 Middle River,Coral Ridge,3900000,neighborhood + band,1710 Middle River Dr,3150000,846.0,3722
525 N Fort Lauderdale Beach Boulevard Unit#1505,Four Seasons,3895000,same street,1 N Fort Lauderdale Beach Blvd Unit#1501,1250000,806.0,1550
525 N Fort Lauderdale Beach Boulevard Unit#1505,Four Seasons,3895000,same street,701 N Fort Lauderdale Beach Blvd Unit#112,1050000,684.0,1536
525 N Fort Lauderdale Beach Boulevard Unit#1505,Four Seasons,3895000,same street,701 N Fort Lauderdale Beach Blvd Unit#212,1450000,870.0,1667
525 N Fort Lauderdale Beach Boulevard Unit#1505,Four Seasons,3895000,same street,701 N Fort Lauderdale Beach Blvd Unit#114,1200000,799.0,1501
525 N Fort Lauderdale Beach Boulevard Unit#1505,Four Seasons,3895000,same street,1151 N Fort Lauderdale Beach Boulevard Unit#17b,1080000,635.0,1700
1200 Holiday Drive Unit#1003,Coconut Grove Residences,3895000,same street,1200 Holiday Dr Unit#506,1150000,594.0,1937
1200 Holiday Drive Unit#1003,Coconut Grove Residences,3895000,same street,3000 Holiday Dr Unit#1603,705000,433.0,1627
1200 Holiday Drive Unit#1003,Coconut Grove Residences,3895000,same street,1200 Holiday Dr Unit#208,619000,423.0,1465
1200 Holiday Drive Unit#1003,Coconut Grove Residences,3895000,same street,3000 Holiday Dr Unit#1206,480000,395.0,1214
1200 Holiday Drive Unit#1003,Coconut Grove Residences,3895000,same street,3000 Holiday Dr Unit#1406,385000,317.0,1214
1629 NE 6th Street,Victoria Park,3850000,same street,1600 NE 6th St,3150000,844.0,3734
1629 NE 6th Street,Victoria Park,3850000,same street,1504 NE 6th Street,2700000,783.0,3448
1629 NE 6th Street,Victoria Park,3850000,same street,1418 NE 6th St Unit#1418,2125000,631.0,3369
1629 NE 6th Street,Victoria Park,3850000,same street,1400 NE 6th Street,1250000,444.0,2817
1629 NE 6th Street,Victoria Park,3850000,same street,1608 NE 6th St,1725000,652.0,2645
551 Bayshore Drive Unit#901C,Ritz Carlton Residences Rc Fort Lauderdale,3832000,same street,435 Bayshore Dr Unit#501,3100000,1292.0,2400
551 Bayshore Drive Unit#901C,Ritz Carlton Residences Rc Fort Lauderdale,3832000,same street,615 Bayshore Dr Unit#402,1949000,812.0,2400
551 Bayshore Drive Unit#901C,Ritz Carlton Residences Rc Fort Lauderdale,3832000,same street,435 Bayshore Dr Unit#301,2950000,1238.0,2383
551 Bayshore Drive Unit#901C,Ritz Carlton Residences Rc Fort Lauderdale,3832000,same street,615 Bayshore Drive Unit#303,1200000,507.0,2365
551 Bayshore Drive Unit#901C,Ritz Carlton Residences Rc Fort Lauderdale,3832000,same street,777 Bayshore Drive Unit#1003,1200000,482.0,2490
87 Isle Of Venice Drive Unit#302s,Nurmi Isles,3827280,same street,160 Isle Of Venice Dr Unit#203,2725000,934.0,2918
87 Isle Of Venice Drive Unit#302s,Nurmi Isles,3827280,same street,133 Isle of Venice Dr Unit#301,1862500,654.0,2849
87 Isle Of Venice Drive Unit#302s,Nurmi Isles,3827280,same street,141 Isle of Venice Dr Unit#3-S,3450000,1110.0,3108
87 Isle Of Venice Drive Unit#302s,Nurmi Isles,3827280,same street,141 Isle Of Venice Dr Unit#PH-N,3850000,1230.0,3131
87 Isle Of Venice Drive Unit#302s,Nurmi Isles,3827280,same street,20 Isle Of Venice Dr Unit#PH-1,2885000,921.0,3134
87 Isle Of Venice Drive Unit#301n,Nurmi Isles,3800127,same street,160 Isle Of Venice Dr Unit#203,2725000,934.0,2918
87 Isle Of Venice Drive Unit#301n,Nurmi Isles,3800127,same street,133 Isle of Venice Dr Unit#301,1862500,654.0,2849
87 Isle Of Venice Drive Unit#301n,Nurmi Isles,3800127,same street,141 Isle of Venice Dr Unit#3-S,3450000,1110.0,3108
87 Isle Of Venice Drive Unit#301n,Nurmi Isles,3800127,same street,141 Isle Of Venice Dr Unit#PH-N,3850000,1230.0,3131
87 Isle Of Venice Drive Unit#301n,Nurmi Isles,3800127,same street,20 Isle Of Venice Dr Unit#PH-1,2885000,921.0,3134
505 NE 2nd Street Unit#29B,Viceroy Fort Lauderdale,3780000,same street,313 NE 2nd St Unit#905,475000,375.0,1265
505 NE 2nd Street Unit#29B,Viceroy Fort Lauderdale,3780000,same street,313 NE 2nd Street Unit#405,457000,361.0,1265
505 NE 2nd Street Unit#29B,Viceroy Fort Lauderdale,3780000,same street,313 NE 2nd St Unit#201,370000,460.0,804
505 NE 2nd Street Unit#29B,Viceroy Fort Lauderdale,3780000,same street,313 NE 2nd St Unit#802,330000,437.0,755
505 NE 2nd Street Unit#29B,Viceroy Fort Lauderdale,3780000,same street,313 NE 2nd St Unit#1002,300000,397.0,755
2311 Delmar Pl,Gould Isles,3750000,same street,2323 Delmar Pl,5275000,1220.0,4322
2311 Delmar Pl,Gould Isles,3750000,same street,2425 Delmar Place,5975000,1268.0,4714
2311 Delmar Pl,Gould Isles,3750000,same street,2412 Delmar Place,7164446,1506.0,4758
2311 Delmar Pl,Gould Isles,3750000,same street,2626 Delmar Pl,27800000,2049.0,13567
1630 SE 11th Street,Rio Vista,3750000,same street,1601 SE 11th St,2984000,1210.0,2466
1630 SE 11th Street,Rio Vista,3750000,same street,1505 SE 11TH ST,2425000,888.0,2732
1630 SE 11th Street,Rio Vista,3750000,same street,1113 SE 11th Street,1550000,929.0,1669
1630 SE 11th Street,Rio Vista,3750000,same street,1116 SE 11th Street,1535000,1059.0,1450
1630 SE 11th Street,Rio Vista,3750000,same street,1617 SE 11th St,6500000,1273.0,5105
1036 SE 12th Way,Rio Vista,3750000,same street,1222 SE 12th Way,1950000,442.0,4407
1036 SE 12th Way,Rio Vista,3750000,same street,1356 SE 12th Way,1200000,462.0,2600
1036 SE 12th Way,Rio Vista,3750000,same street,1022 SE 12th Way,1500000,579.0,2590
1036 SE 12th Way,Rio Vista,3750000,same street,1240 SE 12th Way,850000,532.0,1597
1036 SE 12th Way,Rio Vista,3750000,same street,1330 SE 12th Way,858600,865.0,993
1117 SE 9th St,Rio Vista,3750000,same street,930 SE 9th St,3000000,712.0,4213
1117 SE 9th St,Rio Vista,3750000,same street,1013 SE 9th St,2999000,749.0,4002
1117 SE 9th St,Rio Vista,3750000,same street,1515 SE 9th St,4000000,1057.0,3786
1117 SE 9th St,Rio Vista,3750000,same street,1401 SE 9th Street,3795000,1295.0,2930
1117 SE 9th St,Rio Vista,3750000,same street,1716 SE 9TH ST,6950000,1124.0,6186
500 Hendricks Isle Unit#4N,Lumiere,3740000,same street,45 Hendricks Isle Unit#201,1800000,604.0,2979
500 Hendricks Isle Unit#4N,Lumiere,3740000,same street,417 Hendricks Isle,1500000,501.0,2992
500 Hendricks Isle Unit#4N,Lumiere,3740000,same street,301 Hendricks Isle Unit#2,1750000,571.0,3064
500 Hendricks Isle Unit#4N,Lumiere,3740000,same street,423 Hendricks Isle,2450000,790.0,3102
500 Hendricks Isle Unit#4N,Lumiere,3740000,same street,421 Hendricks Isle,2517000,811.0,3102
87 Isle Of Venice Drive Unit#202s,Nurmi Isles,3726640,same street,160 Isle Of Venice Dr Unit#203,2725000,934.0,2918
87 Isle Of Venice Drive Unit#202s,Nurmi Isles,3726640,same street,133 Isle of Venice Dr Unit#301,1862500,654.0,2849
87 Isle Of Venice Drive Unit#202s,Nurmi Isles,3726640,same street,141 Isle of Venice Dr Unit#3-S,3450000,1110.0,3108
87 Isle Of Venice Drive Unit#202s,Nurmi Isles,3726640,same street,141 Isle Of Venice Dr Unit#PH-N,3850000,1230.0,3131
87 Isle Of Venice Drive Unit#202s,Nurmi Isles,3726640,same street,20 Isle Of Venice Dr Unit#PH-1,2885000,921.0,3134
900 Intracoastal Drive Unit#602,Sage Intracoastal,3715185,same street,920 Intracoastal Dr Unit#1501,2375000,745.0,3190
900 Intracoastal Drive Unit#602,Sage Intracoastal,3715185,same street,920 Intracoastal Dr Unit#1201,2175000,681.0,3195
900 Intracoastal Drive Unit#602,Sage Intracoastal,3715185,same street,920 Intracoastal Dr Unit#903,2800000,859.0,3258
900 Intracoastal Drive Unit#602,Sage Intracoastal,3715185,same street,920 Intracoastal Dr Unit#603,1950000,599.0,3258
900 Intracoastal Drive Unit#602,Sage Intracoastal,3715185,same street,936 Intracoastal Dr Unit#PH4,1376000,416.0,3305
87 Isle Of Venice Drive Unit#201n,Nurmi Isles,3700201,same street,160 Isle Of Venice Dr Unit#203,2725000,934.0,2918
87 Isle Of Venice Drive Unit#201n,Nurmi Isles,3700201,same street,133 Isle of Venice Dr Unit#301,1862500,654.0,2849
87 Isle Of Venice Drive Unit#201n,Nurmi Isles,3700201,same street,141 Isle of Venice Dr Unit#3-S,3450000,1110.0,3108
87 Isle Of Venice Drive Unit#201n,Nurmi Isles,3700201,same street,141 Isle Of Venice Dr Unit#PH-N,3850000,1230.0,3131
87 Isle Of Venice Drive Unit#201n,Nurmi Isles,3700201,same street,20 Isle Of Venice Dr Unit#PH-1,2885000,921.0,3134
2200 N Ocean Boulevard Unit#S-906,Auberge Beach Residences,3700000,same street,2200 N Ocean Blvd Unit#S506,4250000,1597.0,2661
2200 N Ocean Boulevard Unit#S-906,Auberge Beach Residences,3700000,same street,2200 N Ocean Blvd Unit#N302,3862500,1449.0,2666
2200 N Ocean Boulevard Unit#S-906,Auberge Beach Residences,3700000,same street,2200 N Ocean Blvd Unit#S303,3700000,1411.0,2623
2200 N Ocean Boulevard Unit#S-906,Auberge Beach Residences,3700000,same street,2100 N Ocean Blvd Unit#16B,1875000,715.0,2623
2200 N Ocean Boulevard Unit#S-906,Auberge Beach Residences,3700000,same street,2200 N Ocean Boulevard Unit#S903,3800000,1363.0,2787
151 N Seabreeze Boulevard Unit#E1504,Selene,3699000,same street,153 N Seabreeze Blvd Unit#2302,5250000,1620.0,3240
151 N Seabreeze Boulevard Unit#E1504,Selene,3699000,same street,153 N Seabreeze Boulevard Unit#1902-S,4675000,1443.0,3240
151 N Seabreeze Boulevard Unit#E1504,Selene,3699000,same street,153 N Seabreeze Boulevard Unit#S-502,3100000,957.0,3240
151 N Seabreeze Boulevard Unit#E1504,Selene,3699000,same street,151 N Seabreeze Boulevard Unit#E-2502,2845000,1243.0,2288
151 N Seabreeze Boulevard Unit#E1504,Selene,3699000,same street,153 N Seabreeze Boulevard Unit#2505,2200000,1164.0,1890
505 NE 2nd Street Unit#34A,Viceroy Fort Lauderdale,3675000,same street,313 NE 2nd St Unit#905,475000,375.0,1265
505 NE 2nd Street Unit#34A,Viceroy Fort Lauderdale,3675000,same street,313 NE 2nd Street Unit#405,457000,361.0,1265
505 NE 2nd Street Unit#34A,Viceroy Fort Lauderdale,3675000,same street,313 NE 2nd St Unit#201,370000,460.0,804
505 NE 2nd Street Unit#34A,Viceroy Fort Lauderdale,3675000,same street,313 NE 2nd St Unit#802,330000,437.0,755
505 NE 2nd Street Unit#34A,Viceroy Fort Lauderdale,3675000,same street,313 NE 2nd St Unit#1002,300000,397.0,755
1200 Holiday Drive Unit#602,Coconut Grove Residences,3600000,same street,1200 Holiday Dr Unit#506,1150000,594.0,1937
1200 Holiday Drive Unit#602,Coconut Grove Residences,3600000,same street,3000 Holiday Dr Unit#1603,705000,433.0,1627
1200 Holiday Drive Unit#602,Coconut Grove Residences,3600000,same street,1200 Holiday Dr Unit#208,619000,423.0,1465
1200 Holiday Drive Unit#602,Coconut Grove Residences,3600000,same street,3000 Holiday Dr Unit#1206,480000,395.0,1214
1200 Holiday Drive Unit#602,Coconut Grove Residences,3600000,same street,3000 Holiday Dr Unit#1406,385000,317.0,1214
323 Hendricks Isle,Victoria Isles,3600000,same street,516 Hendricks Isle Unit#4A,1675000,516.0,3246
323 Hendricks Isle,Victoria Isles,3600000,same street,11 Hendricks Isle Unit#11,2800000,787.0,3559
323 Hendricks Isle,Victoria Isles,3600000,same street,423 Hendricks Isle,2450000,790.0,3102
323 Hendricks Isle,Victoria Isles,3600000,same street,421 Hendricks Isle,2517000,811.0,3102
323 Hendricks Isle,Victoria Isles,3600000,same street,301 Hendricks Isle Unit#2,1750000,571.0,3064
321 Hendricks Isle,Victoria Isles,3600000,same street,516 Hendricks Isle Unit#4A,1675000,516.0,3246
321 Hendricks Isle,Victoria Isles,3600000,same street,11 Hendricks Isle Unit#11,2800000,787.0,3559
321 Hendricks Isle,Victoria Isles,3600000,same street,423 Hendricks Isle,2450000,790.0,3102
321 Hendricks Isle,Victoria Isles,3600000,same street,421 Hendricks Isle,2517000,811.0,3102
321 Hendricks Isle,Victoria Isles,3600000,same street,301 Hendricks Isle Unit#2,1750000,571.0,3064
405 Bontona Ave,Venice,3595000,same street,500 Bontona Ave,3500000,863.0,4056
405 Bontona Ave,Venice,3595000,same street,316 Bontona Avenue,3500000,853.0,4101
405 Bontona Ave,Venice,3595000,same street,516 Bontona Avenue,3050000,685.0,4452
405 Bontona Ave,Venice,3595000,same street,401 Bontona Ave,6300000,1045.0,6026
405 Bontona Ave,Venice,3595000,same street,529 Bontona Ave,23955000,2335.0,10259
500 Hendricks Isle Unit#3n,Lumiere,3510000,same street,45 Hendricks Isle Unit#201,1800000,604.0,2979
500 Hendricks Isle Unit#3n,Lumiere,3510000,same street,417 Hendricks Isle,1500000,501.0,2992
500 Hendricks Isle Unit#3n,Lumiere,3510000,same street,301 Hendricks Isle Unit#2,1750000,571.0,3064
500 Hendricks Isle Unit#3n,Lumiere,3510000,same street,423 Hendricks Isle,2450000,790.0,3102
500 Hendricks Isle Unit#3n,Lumiere,3510000,same street,421 Hendricks Isle,2517000,811.0,3102
525 N Fort Lauderdale Beach Blvd Unit#1705,Four Seasons,3500000,same street,701 N Fort Lauderdale Beach Blvd Unit#1704,2300000,1204.0,1910
525 N Fort Lauderdale Beach Blvd Unit#1705,Four Seasons,3500000,same street,601 N Fort Lauderdale Beach Blvd Unit#1501,1525000,744.0,2050
525 N Fort Lauderdale Beach Blvd Unit#1705,Four Seasons,3500000,same street,1200 N Fort Lauderdale Beach Blvd Unit#701,770000,374.0,2059
525 N Fort Lauderdale Beach Blvd Unit#1705,Four Seasons,3500000,same street,525 N Fort Lauderdale Beach Blvd Unit#1404,3400000,1643.0,2069
525 N Fort Lauderdale Beach Blvd Unit#1705,Four Seasons,3500000,same street,1 N Fort Lauderdale Beach Blvd Unit#2002,2800000,1344.0,2083
525 N Fort Lauderdale Beach Boulevard Unit#1204,Four Seasons,3500000,same street,525 N Fort Lauderdale Beach Blvd Unit#1404,3400000,1643.0,2069
525 N Fort Lauderdale Beach Boulevard Unit#1204,Four Seasons,3500000,same street,1200 N Fort Lauderdale Beach Blvd Unit#701,770000,374.0,2059
525 N Fort Lauderdale Beach Boulevard Unit#1204,Four Seasons,3500000,same street,1 N Fort Lauderdale Beach Blvd Unit#2002,2800000,1344.0,2083
525 N Fort Lauderdale Beach Boulevard Unit#1204,Four Seasons,3500000,same street,601 N Fort Lauderdale Beach Blvd Unit#1501,1525000,744.0,2050
525 N Fort Lauderdale Beach Boulevard Unit#1204,Four Seasons,3500000,same street,701 N Fort Lauderdale Beach Blvd Unit#TH4,1700000,774.0,2195
2200 S OCEAN LN Unit#3009-10,Point Americas,3500000,same street,2200 S Ocean Ln Unit#2609/2610,4000000,1098.0,3644
2200 S OCEAN LN Unit#3009-10,Point Americas,3500000,same street,2200 S Ocean Ln Unit#209/210,2700000,743.0,3634
2200 S OCEAN LN Unit#3009-10,Point Americas,3500000,same street,2200 S Ocean Ln Unit#401 & 402,1750000,483.0,3621
2200 S OCEAN LN Unit#3009-10,Point Americas,3500000,same street,2200 S Ocean Ln Unit#2409/2410,3100000,819.0,3787
2200 S OCEAN LN Unit#3009-10,Point Americas,3500000,same street,2100 S Ocean Ln Unit#1801-2,1200000,378.0,3176
607 Intracoastal Drive,Sunrise Intracoastal,3500000,same street,711 INTRACOASTAL DR,2600000,638.0,4073
607 Intracoastal Drive,Sunrise Intracoastal,3500000,same street,920 Intracoastal Drive Unit#Ph1,5400000,1257.0,4295
607 Intracoastal Drive,Sunrise Intracoastal,3500000,same street,2210 Intracoastal Dr,5400000,1194.0,4524
607 Intracoastal Drive,Sunrise Intracoastal,3500000,same street,936 Intracoastal Dr Unit#PH4,1376000,416.0,3305
607 Intracoastal Drive,Sunrise Intracoastal,3500000,same street,920 Intracoastal Dr Unit#903,2800000,859.0,3258
2130 NE 15th St,Lauder Gate Isles,3499000,same street,2719 NE 15th St Unit#3,1200000,372.0,3226
2130 NE 15th St,Lauder Gate Isles,3499000,same street,2719 NE 15th Street,1075000,333.0,3226
2130 NE 15th St,Lauder Gate Isles,3499000,same street,2709 NE 15th St,1575000,551.0,2856
2130 NE 15th St,Lauder Gate Isles,3499000,same street,1755 NE 15th St,2000000,742.0,2695
2130 NE 15th St,Lauder Gate Isles,3499000,same street,2614 NE 15th Street,2375000,909.0,2613
2878 NE 26th Street,Coral Ridge Galt,3495000,same street,3200 NE 26th St,2500000,734.0,3407
2878 NE 26th Street,Coral Ridge Galt,3495000,same street,2898 NE 26th Street,7250000,1546.0,4690
2878 NE 26th Street,Coral Ridge Galt,3495000,same street,2870 NE 26th Street,2300000,1007.0,2284
2878 NE 26th Street,Coral Ridge Galt,3495000,same street,2732 NE 26th St,1375000,653.0,2106
2878 NE 26th Street,Coral Ridge Galt,3495000,same street,2732 NE 26th St,1040000,494.0,2106
325 Poinciana Drive,Idlewyld,3495000,same street,629 Poinciana Drive,3600000,1522.0,2365
325 Poinciana Drive,Idlewyld,3495000,same street,347 Poinciana Drive,2195000,660.0,3325
21 Isle Of Venice Drive Unit#301,Aquamar Las Olas,3495000,same street,41 Isle Of Venice Dr Unit#301,3300000,998.0,3308
21 Isle Of Venice Drive Unit#301,Aquamar Las Olas,3495000,same street,144 Isle Of Venice Drive Unit#144,2800000,870.0,3217
21 Isle Of Venice Drive Unit#301,Aquamar Las Olas,3495000,same street,101 Isle Of Venice Dr Unit#101,2395000,746.0,3212
21 Isle Of Venice Drive Unit#301,Aquamar Las Olas,3495000,same street,20 Isle Of Venice Dr Unit#PH-1,2885000,921.0,3134
21 Isle Of Venice Drive Unit#301,Aquamar Las Olas,3495000,same street,30 Isle Of Venice Drive Unit#304,2300000,734.0,3134
433 NE 11th Ave,Victoria Park,3450000,same street,507 NE 11th Ave,3400000,762.0,4462
433 NE 11th Ave,Victoria Park,3450000,same street,550 NE 11th Ave,3000000,773.0,3883
433 NE 11th Ave,Victoria Park,3450000,same street,548 NE 11th Ave,3000000,781.0,3841
433 NE 11th Ave,Victoria Park,3450000,same street,549 NE 11th Ave,2775000,801.0,3465
433 NE 11th Ave,Victoria Park,3450000,same street,400 NE 11th Ave,1400000,536.0,2612
1765 NE 6th Court,Victoria Park,3449000,same street,1504 NE 6th Ct,2000000,626.0,3196
1765 NE 6th Court,Victoria Park,3449000,same street,1632 NE 6th Ct,1920000,940.0,2042
918 SE 8th Street,Rio Vista,3449000,same street,820 SE 8th St,1800000,499.0,3606
918 SE 8th Street,Rio Vista,3449000,same street,1125 SE 8th Street,2600000,794.0,3274
918 SE 8th Street,Rio Vista,3449000,same street,812 SE 8th St,1875000,836.0,2243
500 Hendricks Isle Unit#4S,Lumiere,3430000,same street,400 Hendricks Isle Unit#3A,2100000,782.0,2687
500 Hendricks Isle Unit#4S,Lumiere,3430000,same street,410 Hendricks Isle Unit#204,1400000,521.0,2687
500 Hendricks Isle Unit#4S,Lumiere,3430000,same street,45 Hendricks Isle Unit#201,1800000,604.0,2979
500 Hendricks Isle Unit#4S,Lumiere,3430000,same street,417 Hendricks Isle,1500000,501.0,2992
500 Hendricks Isle Unit#4S,Lumiere,3430000,same street,110 Hendricks Isle Unit#10,1015000,390.0,2600
720 SE 7th St,Rio Vista,3400000,same street,1115 SE 7th St,3900000,867.0,4500
720 SE 7th St,Rio Vista,3400000,same street,1713 SE 7th St,4800000,1318.0,3641
720 SE 7th St,Rio Vista,3400000,same street,1200 SE 7th St,2681250,780.0,3438
720 SE 7th St,Rio Vista,3400000,same street,1200 SE 7th St,2750000,800.0,3438
720 SE 7th St,Rio Vista,3400000,same street,712 SE 7th St,2300000,743.0,3094
525 N Fort Lauderdale Beach Boulevard Unit#1605,Four Seasons,3400000,same street,1 N Fort Lauderdale Beach blvd Unit#1802,2650000,1491.0,1777
525 N Fort Lauderdale Beach Boulevard Unit#1605,Four Seasons,3400000,same street,701 N Fort Lauderdale Beach Boulevard Unit#1603,2115000,1208.0,1751
525 N Fort Lauderdale Beach Boulevard Unit#1605,Four Seasons,3400000,same street,701 N Fort Lauderdale Beach Blvd Unit#1703,2295000,1311.0,1750
525 N Fort Lauderdale Beach Boulevard Unit#1605,Four Seasons,3400000,same street,525 N Fort Lauderdale Beach Blvd Unit#1708,2550000,1482.0,1721
525 N Fort Lauderdale Beach Boulevard Unit#1605,Four Seasons,3400000,same street,1151 N Fort Lauderdale Beach Boulevard Unit#17b,1080000,635.0,1700
801 Seabreeze Boulevard Unit#R 1604,St Regis Residences,3400000,same street,1601 Seabreeze Boulevard,1650000,826.0,1997
801 Seabreeze Boulevard Unit#R 1604,St Regis Residences,3400000,same street,1530 Seabreeze Boulevard,1635000,776.0,2106
801 Seabreeze Boulevard Unit#R 1604,St Regis Residences,3400000,same street,1344 Seabreeze Blvd,1635000,628.0,2605
801 Seabreeze Boulevard Unit#R 1604,St Regis Residences,3400000,same street,1217 Seabreeze Blvd,1862000,688.0,2706
801 Seabreeze Boulevard Unit#R 1604,St Regis Residences,3400000,same street,1237 Seabreeze Blvd,4400000,1358.0,3240
2719 NE 19th Street,Coral Ridge,3400000,same street,2728 NE 19th St,1800000,377.0,4770
2719 NE 19th Street,Coral Ridge,3400000,same street,1913 NE 19th St,1950000,750.0,2600
2719 NE 19th Street,Coral Ridge,3400000,same street,3030 NE 19th Street,1595000,744.0,2145
2719 NE 19th Street,Coral Ridge,3400000,same street,3114 NE 19th St,1750000,826.0,2119
2719 NE 19th Street,Coral Ridge,3400000,same street,1800 NE 19th Street,869000,454.0,1916
607 NE 17th Avenue,Victoria Park,3400000,same street,440 NE 17th Ave,2450000,623.0,3932
607 NE 17th Avenue,Victoria Park,3400000,same street,1317 NE 17th Ave,1850000,546.0,3391
607 NE 17th Avenue,Victoria Park,3400000,same street,409 NE 17th Ave,2650000,798.0,3319
607 NE 17th Avenue,Victoria Park,3400000,same street,2112 NE 17th Ave,2150000,721.0,2984
607 NE 17th Avenue,Victoria Park,3400000,same street,1524 NE 17th Avenue,1500000,531.0,2826
2311 SE 17th Street Unit#202,Habor Villa,3399000,same street,1819 SE 17th St Unit#1606,849000,485.0,1750
2311 SE 17th Street Unit#202,Habor Villa,3399000,same street,1819 SE 17th St Unit#906,775000,443.0,1750
2311 SE 17th Street Unit#202,Habor Villa,3399000,same street,1819 SE 17th St Unit#903,595000,403.0,1475
2311 SE 17th Street Unit#202,Habor Villa,3399000,same street,1819 SE 17th St Unit#710,510000,354.0,1440
2311 SE 17th Street Unit#202,Habor Villa,3399000,same street,1819 SE 17th St Unit#1107,815000,438.0,1860
2832 NE 26th St,Coral Ridge Galt,3397000,same street,2870 NE 26th Street,2300000,1007.0,2284
2832 NE 26th St,Coral Ridge Galt,3397000,same street,2732 NE 26th St,1375000,653.0,2106
2832 NE 26th St,Coral Ridge Galt,3397000,same street,2732 NE 26th St,1040000,494.0,2106
2832 NE 26th St,Coral Ridge Galt,3397000,same street,3200 NE 26th St,2500000,734.0,3407
2832 NE 26th St,Coral Ridge Galt,3397000,same street,109 NE 26th St,850000,451.0,1884
728 NE 17th Terrace,Victoria Park,3395000,same street,1717 NE 17th Terrace,2670000,880.0,3034
728 NE 17th Terrace,Victoria Park,3395000,same street,1517 NE 17th Ter,1025000,371.0,2766
728 NE 17th Terrace,Victoria Park,3395000,same street,921 NE 17th Terrace Unit#A,1495000,590.0,2532
728 NE 17th Terrace,Victoria Park,3395000,same street,810 NE 17th ter,1600000,644.0,2484
728 NE 17th Terrace,Victoria Park,3395000,same street,808 NE 17th Ter,1600000,644.0,2484
153 N Seabreeze Unit#1901-s,Selene Oceanfront,3350000,same street,153 N Seabreeze Unit#1805-S,1977000,1046.0,1890
153 N Seabreeze Unit#1901-s,Selene Oceanfront,3350000,same street,153 N Seabreeze Unit#1803-S,1625000,1148.0,1416
500 Hendricks Isle Unit#2N,Lumiere,3350000,same street,45 Hendricks Isle Unit#201,1800000,604.0,2979
500 Hendricks Isle Unit#2N,Lumiere,3350000,same street,417 Hendricks Isle,1500000,501.0,2992
500 Hendricks Isle Unit#2N,Lumiere,3350000,same street,301 Hendricks Isle Unit#2,1750000,571.0,3064
500 Hendricks Isle Unit#2N,Lumiere,3350000,same street,423 Hendricks Isle,2450000,790.0,3102
500 Hendricks Isle Unit#2N,Lumiere,3350000,same street,421 Hendricks Isle,2517000,811.0,3102
1201 Mandarin Isle,South New River Isles,3350000,same street,1008 Mandarin Isle,2225000,533.0,4177
1201 Mandarin Isle,South New River Isles,3350000,same street,1112 Mandarin Isle,1570000,956.0,1642
1201 Mandarin Isle,South New River Isles,3350000,same street,1213 Mandarin Isle,1009000,719.0,1404
1201 Mandarin Isle,South New River Isles,3350000,same street,1100 Mandarin Isle,915000,665.0,1376
1201 Mandarin Isle,South New River Isles,3350000,same street,917 Mandarin Isle,850000,758.0,1122
100 E Las Olas Boulevard Unit#4001,Las Olas,3299000,same street,2615 E Las Olas Boulevard,4160000,1103.0,3773
100 E Las Olas Boulevard Unit#4001,Las Olas,3299000,same street,1760 E Las Olas Blvd Unit#300,2300000,592.0,3886
100 E Las Olas Boulevard Unit#4001,Las Olas,3299000,same street,2417 E Las Olas Blvd,2195000,672.0,3266
100 E Las Olas Boulevard Unit#4001,Las Olas,3299000,same street,100 E Las Olas Blvd Unit#4103,2100000,709.0,2964
100 E Las Olas Boulevard Unit#4001,Las Olas,3299000,same street,100 E Las Olas Boulevard Unit#3303,2100000,709.0,2964
445 NE 11th Avenue,Halls,3295000,same street,549 NE 11th Ave,2775000,801.0,3465
445 NE 11th Avenue,Halls,3295000,same street,548 NE 11th Ave,3000000,781.0,3841
445 NE 11th Avenue,Halls,3295000,same street,550 NE 11th Ave,3000000,773.0,3883
445 NE 11th Avenue,Halls,3295000,same street,400 NE 11th Ave,1400000,536.0,2612
445 NE 11th Avenue,Halls,3295000,same street,517 NE 11th Avenue,1910000,781.0,2447
325 Coconut Isle Drive,Las Olas Isles,3295000,same street,404 Coconut Isle Dr,3100000,1717.0,1805
325 Coconut Isle Drive,Las Olas Isles,3295000,same street,319 Coconut Isle Dr,699000,176.0,3963
325 Coconut Isle Drive,Las Olas Isles,3295000,same street,509 Coconut Isle Drive,5450000,1244.0,4380
325 Coconut Isle Drive,Las Olas Isles,3295000,same street,337 Coconut Isle Dr,4800000,1064.0,4511
325 Coconut Isle Drive,Las Olas Isles,3295000,same street,500 Coconut Isle Dr,3900000,836.0,4665
1329 SE 13th Terrace,Lauderdale Harbors,3295000,same street,1318 SE 13th Ter,2800000,722.0,3878
1329 SE 13th Terrace,Lauderdale Harbors,3295000,same street,1017 SE 13th Terrace,2100000,768.0,2733
1329 SE 13th Terrace,Lauderdale Harbors,3295000,same street,1235 SE 13th Ter,1800000,855.0,2105
1329 SE 13th Terrace,Lauderdale Harbors,3295000,same street,1323 SE 13th Ter,1450000,759.0,1911
1329 SE 13th Terrace,Lauderdale Harbors,3295000,same street,1204 SE 13th Ter,727000,541.0,1345
435 Bayshore Drive Unit#302,Adagio Fort Lauderdale Bea,3250000,same street,435 Bayshore Drive Unit#702,2947500,1068.0,2759
435 Bayshore Drive Unit#302,Adagio Fort Lauderdale Bea,3250000,same street,615 Bayshore Dr Unit#105,1700000,627.0,2710
435 Bayshore Drive Unit#302,Adagio Fort Lauderdale Bea,3250000,same street,615 Bayshore Drive Unit#106,1950000,723.0,2698
435 Bayshore Drive Unit#302,Adagio Fort Lauderdale Bea,3250000,same street,715 Bayshore Dr Unit#504,1100000,410.0,2680
435 Bayshore Drive Unit#302,Adagio Fort Lauderdale Bea,3250000,same street,435 Bayshore Dr Unit#PH3,2800000,976.0,2870
1958 Harbourview Drive,Harbour Heights,3250000,same street,2024 Harbourview Drive,2995000,648.0,4621
1958 Harbourview Drive,Harbour Heights,3250000,same street,1925 Harbourview Dr,4300000,999.0,4306
1958 Harbourview Drive,Harbour Heights,3250000,same street,1957 Harbourview Drive,10700000,1657.0,6456
1958 Harbourview Drive,Harbour Heights,3250000,same street,1950 Harbourview Dr,1300000,709.0,1833
428 NE 17th Ave,Victoria Park,3225000,same street,1632 NE 17th Ave,600000,522.0,1150
428 NE 17th Ave,Victoria Park,3225000,same street,1415 NE 17th Ave,605000,505.0,1199
428 NE 17th Ave,Victoria Park,3225000,same street,731 NE 17th Ave,750000,689.0,1088
428 NE 17th Ave,Victoria Park,3225000,same street,711 NE 17th Ave,870000,821.0,1060
428 NE 17th Ave,Victoria Park,3225000,same street,1627 NE 17th Ave,845000,635.0,1330
500 Hendricks Isle Unit#3S,Lumiere,3220000,same street,400 Hendricks Isle Unit#3A,2100000,782.0,2687
500 Hendricks Isle Unit#3S,Lumiere,3220000,same street,410 Hendricks Isle Unit#204,1400000,521.0,2687
500 Hendricks Isle Unit#3S,Lumiere,3220000,same street,45 Hendricks Isle Unit#201,1800000,604.0,2979
500 Hendricks Isle Unit#3S,Lumiere,3220000,same street,417 Hendricks Isle,1500000,501.0,2992
500 Hendricks Isle Unit#3S,Lumiere,3220000,same street,110 Hendricks Isle Unit#10,1015000,390.0,2600
170 Isle Of Venice Drive,Nurmi Isles,3200000,same street,41 Isle Of Venice Dr Unit#301,3300000,998.0,3308
170 Isle Of Venice Drive,Nurmi Isles,3200000,same street,144 Isle Of Venice Drive Unit#144,2800000,870.0,3217
170 Isle Of Venice Drive,Nurmi Isles,3200000,same street,101 Isle Of Venice Dr Unit#101,2395000,746.0,3212
170 Isle Of Venice Drive,Nurmi Isles,3200000,same street,20 Isle Of Venice Dr Unit#PH-1,2885000,921.0,3134
170 Isle Of Venice Drive,Nurmi Isles,3200000,same street,30 Isle Of Venice Drive Unit#304,2300000,734.0,3134
719 N Victoria Park Road,Victoria Highlands Pla,3199000,same street,317 N Victoria Park Road,2325000,612.0,3800
719 N Victoria Park Road,Victoria Highlands Pla,3199000,same street,129 N Victoria Park Rd,2860000,787.0,3635
719 N Victoria Park Road,Victoria Highlands Pla,3199000,same street,1215 N Victoria Park Road,1395000,450.0,3103
719 N Victoria Park Road,Victoria Highlands Pla,3199000,same street,525 N Victoria Park Rd,2025000,658.0,3079
719 N Victoria Park Road,Victoria Highlands Pla,3199000,same street,500 N Victoria Park Road,1800000,611.0,2944
1050 Seminole Drive Unit#Phb,Villas Sunrise Bay Cond,3195000,same street,1239 Seminole Dr,3500000,1006.0,3479
1050 Seminole Drive Unit#Phb,Villas Sunrise Bay Cond,3195000,same street,1312 Seminole Drive,3600000,1663.0,2165
1050 Seminole Drive Unit#Phb,Villas Sunrise Bay Cond,3195000,same street,1110 Seminole Dr Unit#502,1660000,282.0,5890
1050 Seminole Drive Unit#Phb,Villas Sunrise Bay Cond,3195000,same street,1223 Seminole Drive,2950000,1483.0,1989
1050 Seminole Drive Unit#Phb,Villas Sunrise Bay Cond,3195000,same street,1335 Seminole Dr,5633000,850.0,6627
1644 NE 4th Court,Victoria Park,3195000,same street,1601 NE 4th Ct,2000000,623.0,3208
1644 NE 4th Court,Victoria Park,3195000,same street,1625 NE 4TH CT,1249000,663.0,1883
1644 NE 4th Court,Victoria Park,3195000,same street,1600 NE 4th Ct,999000,709.0,1409
701 N Fort Lauderdale Beach Boulevard Unit#406,Paramount Ft Lauderdale Co,3150000,same street,701 N Fort Lauderdale Beach Boulevard Unit#1606,3152500,1303.0,2420
701 N Fort Lauderdale Beach Boulevard Unit#406,Paramount Ft Lauderdale Co,3150000,same street,701 N Fort Lauderdale Beach Blvd Unit#1706,2950000,1219.0,2420
701 N Fort Lauderdale Beach Boulevard Unit#406,Paramount Ft Lauderdale Co,3150000,same street,701 N Fort Lauderdale Beach Blvd Unit#1206,2750000,1136.0,2420
701 N Fort Lauderdale Beach Boulevard Unit#406,Paramount Ft Lauderdale Co,3150000,same street,701 N Fort Lauderdale Beach Blvd Unit#1106,2650000,1095.0,2420
701 N Fort Lauderdale Beach Boulevard Unit#406,Paramount Ft Lauderdale Co,3150000,same street,701 N Fort Lauderdale Beach Boulevard Unit#1206,2725000,1126.0,2420
549 NE 10th Avenue,Holmberg Mc Kees,3100000,same street,425 NE 10th Avenue,3365000,752.0,4474
549 NE 10th Avenue,Holmberg Mc Kees,3100000,same street,531 NE 10th Ave,3000000,992.0,3025
549 NE 10th Avenue,Holmberg Mc Kees,3100000,same street,436 NE 10th Ave,3050000,1030.0,2962
549 NE 10th Avenue,Holmberg Mc Kees,3100000,same street,407 NE 10th Ave,2950000,1165.0,2532
549 NE 10th Avenue,Holmberg Mc Kees,3100000,same street,445 NE 10th Ave,1653500,683.0,2420
449 Bontona Avenue,Venice,3100000,same street,500 Bontona Ave,3500000,863.0,4056
449 Bontona Avenue,Venice,3100000,same street,316 Bontona Avenue,3500000,853.0,4101
449 Bontona Avenue,Venice,3100000,same street,516 Bontona Avenue,3050000,685.0,4452
449 Bontona Avenue,Venice,3100000,same street,401 Bontona Ave,6300000,1045.0,6026
449 Bontona Avenue,Venice,3100000,same street,529 Bontona Ave,23955000,2335.0,10259
153 N Seabreeze Boulevard Unit#901-s,Selene Oceanfront Residen,3099000,same street,151 N Seabreeze Boulevard Unit#E-2502,2845000,1243.0,2288
153 N Seabreeze Boulevard Unit#901-s,Selene Oceanfront Residen,3099000,same street,153 N Seabreeze Boulevard Unit#2505,2200000,1164.0,1890
153 N Seabreeze Boulevard Unit#901-s,Selene Oceanfront Residen,3099000,same street,153 N Seabreeze Blvd Unit#1905,2060000,1090.0,1890
153 N Seabreeze Boulevard Unit#901-s,Selene Oceanfront Residen,3099000,same street,153 N Seabreeze Blvd Unit#2105-S,2100000,1123.0,1870
153 N Seabreeze Boulevard Unit#901-s,Selene Oceanfront Residen,3099000,same street,153 N Seabreeze Boulevard Unit#1704s,1700000,996.0,1707
801 Seabreeze Boulevard Unit#R 1509,St Regis Residences,3088900,same street,1601 Seabreeze Boulevard,1650000,826.0,1997
801 Seabreeze Boulevard Unit#R 1509,St Regis Residences,3088900,same street,1530 Seabreeze Boulevard,1635000,776.0,2106
801 Seabreeze Boulevard Unit#R 1509,St Regis Residences,3088900,same street,1344 Seabreeze Blvd,1635000,628.0,2605
801 Seabreeze Boulevard Unit#R 1509,St Regis Residences,3088900,same street,1217 Seabreeze Blvd,1862000,688.0,2706
801 Seabreeze Boulevard Unit#R 1509,St Regis Residences,3088900,same street,1237 Seabreeze Blvd,4400000,1358.0,3240
551 Bayshore Drive Unit#Villa 8,Ritz Carlton Ftl,3000000,same street,777 Bayshore Dr Unit#1404,650000,357.0,1820
551 Bayshore Drive Unit#Villa 8,Ritz Carlton Ftl,3000000,same street,741 Bayshore Drive Unit#1phw,1165000,647.0,1800
551 Bayshore Drive Unit#Villa 8,Ritz Carlton Ftl,3000000,same street,715 Bayshore Drive Unit#606,1037500,599.0,1733
551 Bayshore Drive Unit#Villa 8,Ritz Carlton Ftl,3000000,same street,715 Bayshore Drive Unit#506,850000,490.0,1733
551 Bayshore Drive Unit#Villa 8,Ritz Carlton Ftl,3000000,same street,741 Bayshore Drive Unit#1phe,1055000,613.0,1720
3209 NE 26th Street,Dolphin Isles,3000000,same street,3200 NE 26th St,2500000,734.0,3407
3209 NE 26th Street,Dolphin Isles,3000000,same street,2870 NE 26th Street,2300000,1007.0,2284
3209 NE 26th Street,Dolphin Isles,3000000,same street,2898 NE 26th Street,7250000,1546.0,4690
3209 NE 26th Street,Dolphin Isles,3000000,same street,2732 NE 26th St,1375000,653.0,2106
3209 NE 26th Street,Dolphin Isles,3000000,same street,2732 NE 26th St,1040000,494.0,2106
101 S Fort Lauderdale Beach Boulevard Unit#1501,Las Olas,2999900,same street,101 S Fort Lauderdale Beach Boulevard Unit#1201,2800000,949.0,2950
101 S Fort Lauderdale Beach Boulevard Unit#1501,Las Olas,2999900,same street,101 S Fort Lauderdale Beach Blvd Unit#1405,2160000,732.0,2950
101 S Fort Lauderdale Beach Boulevard Unit#1501,Las Olas,2999900,same street,101 S Fort Lauderdale Beach Blvd Unit#901,2110000,715.0,2950
101 S Fort Lauderdale Beach Boulevard Unit#1501,Las Olas,2999900,same street,101 S Fort Lauderdale Beach Blvd Unit#1001,1850000,627.0,2950
101 S Fort Lauderdale Beach Boulevard Unit#1501,Las Olas,2999900,same street,101 S Fort Lauderdale Beach Blvd Unit#701,1400500,475.0,2950
500 Hendricks Isle Unit#2S,Lumiere,2999900,same street,400 Hendricks Isle Unit#3A,2100000,782.0,2687
500 Hendricks Isle Unit#2S,Lumiere,2999900,same street,410 Hendricks Isle Unit#204,1400000,521.0,2687
500 Hendricks Isle Unit#2S,Lumiere,2999900,same street,45 Hendricks Isle Unit#201,1800000,604.0,2979
500 Hendricks Isle Unit#2S,Lumiere,2999900,same street,110 Hendricks Isle Unit#10,1015000,390.0,2600
500 Hendricks Isle Unit#2S,Lumiere,2999900,same street,417 Hendricks Isle,1500000,501.0,2992
1308 Avocado Isle,South New River Isles,2999900,same street,1113 Avocado Isle,2925000,873.0,3350
1308 Avocado Isle,South New River Isles,2999900,same street,1340 Avocado Isle,1975000,1039.0,1900
1308 Avocado Isle,South New River Isles,2999900,same street,1012 Avocado Isle,1150000,739.0,1556
1308 Avocado Isle,South New River Isles,2999900,same street,1205 Avocado Isle,1030000,734.0,1404
1308 Avocado Isle,South New River Isles,2999900,same street,1113 Avocado Isle,935000,680.0,1374
153 N Seabreeze Boulevard Unit#1001,Selene Oceanfront,2999000,same street,151 N Seabreeze Boulevard Unit#E-2502,2845000,1243.0,2288
153 N Seabreeze Boulevard Unit#1001,Selene Oceanfront,2999000,same street,153 N Seabreeze Boulevard Unit#2505,2200000,1164.0,1890
153 N Seabreeze Boulevard Unit#1001,Selene Oceanfront,2999000,same street,153 N Seabreeze Blvd Unit#1905,2060000,1090.0,1890
153 N Seabreeze Boulevard Unit#1001,Selene Oceanfront,2999000,same street,153 N Seabreeze Blvd Unit#2105-S,2100000,1123.0,1870
153 N Seabreeze Boulevard Unit#1001,Selene Oceanfront,2999000,same street,153 N Seabreeze Boulevard Unit#1704s,1700000,996.0,1707
821 SE 2nd Ct,Colee Hammock,2999000,same street,1408 SE 2nd Ct,3700000,936.0,3951
821 SE 2nd Ct,Colee Hammock,2999000,same street,1529 SE 2nd Ct,3100000,898.0,3451
821 SE 2nd Ct,Colee Hammock,2999000,same street,1025 SE 2nd Ct Unit#1025,1440000,496.0,2902
821 SE 2nd Ct,Colee Hammock,2999000,same street,1508 SE 2nd Court Unit#B,1135000,552.0,2055
821 SE 2nd Ct,Colee Hammock,2999000,same street,1261 SE 2nd Ct,805000,598.0,1346
160 Isle Of Venice Dr Unit#PH2,Isles Venice Marina Bay,2999000,same street,160 Isle Of Venice Dr Unit#203,2725000,934.0,2918
160 Isle Of Venice Dr Unit#PH2,Isles Venice Marina Bay,2999000,same street,133 Isle of Venice Dr Unit#301,1862500,654.0,2849
160 Isle Of Venice Dr Unit#PH2,Isles Venice Marina Bay,2999000,same street,141 Isle of Venice Dr Unit#3-S,3450000,1110.0,3108
160 Isle Of Venice Dr Unit#PH2,Isles Venice Marina Bay,2999000,same street,141 Isle Of Venice Dr Unit#PH-N,3850000,1230.0,3131
160 Isle Of Venice Dr Unit#PH2,Isles Venice Marina Bay,2999000,same street,20 Isle Of Venice Dr Unit#PH-1,2885000,921.0,3134
2100 N Ocean Boulevard Unit#16e,Palms Tower One,2995000,same street,2160 N Ocean Boulevard Unit#Iii,4000000,826.0,4845
2100 N Ocean Boulevard Unit#16e,Palms Tower One,2995000,same street,2100 N Ocean Blvd Unit#30A,4500000,950.0,4738
2100 N Ocean Boulevard Unit#16e,Palms Tower One,2995000,same street,2120 N Ocean Blvd Unit#VII,3775000,717.0,5265
2100 N Ocean Boulevard Unit#16e,Palms Tower One,2995000,same street,2140 N Ocean Blvd Unit#V,4800000,1148.0,4180
2100 N Ocean Boulevard Unit#16e,Palms Tower One,2995000,same street,2110 N Ocean Blvd Unit#25A,4000000,973.0,4112
160 Isle Of Venice Drive Unit#302,Marina Bay,2995000,same street,160 Isle Of Venice Dr Unit#203,2725000,934.0,2918
160 Isle Of Venice Drive Unit#302,Marina Bay,2995000,same street,133 Isle of Venice Dr Unit#301,1862500,654.0,2849
160 Isle Of Venice Drive Unit#302,Marina Bay,2995000,same street,141 Isle of Venice Dr Unit#3-S,3450000,1110.0,3108
160 Isle Of Venice Drive Unit#302,Marina Bay,2995000,same street,141 Isle Of Venice Dr Unit#PH-N,3850000,1230.0,3131
160 Isle Of Venice Drive Unit#302,Marina Bay,2995000,same street,20 Isle Of Venice Dr Unit#PH-1,2885000,921.0,3134
325 Bontona Ave,Venice,2990000,same street,500 Bontona Ave,3500000,863.0,4056
325 Bontona Ave,Venice,2990000,same street,316 Bontona Avenue,3500000,853.0,4101
325 Bontona Ave,Venice,2990000,same street,516 Bontona Avenue,3050000,685.0,4452
325 Bontona Ave,Venice,2990000,same street,401 Bontona Ave,6300000,1045.0,6026
325 Bontona Ave,Venice,2990000,same street,529 Bontona Ave,23955000,2335.0,10259
1716 Middle River Drive,Coral Ridge,2975000,same street,1600 Middle River Dr,1450000,515.0,2813
1716 Middle River Drive,Coral Ridge,2975000,same street,1514 Middle River Dr,2100000,714.0,2942
1716 Middle River Drive,Coral Ridge,2975000,same street,1812 Middle River Dr Unit#1,1915000,734.0,2610
1716 Middle River Drive,Coral Ridge,2975000,same street,608 Middle River Dr,2175000,708.0,3073
1716 Middle River Drive,Coral Ridge,2975000,same street,2433 Middle River Dr,1875000,606.0,3093
900 Intracoastal Drive Unit#Apt 701,Sunrise,2975000,same street,716 Intracoastal Dr,4900000,1754.0,2793
900 Intracoastal Drive Unit#Apt 701,Sunrise,2975000,same street,920 Intracoastal Dr Unit#1501,2375000,745.0,3190
900 Intracoastal Drive Unit#Apt 701,Sunrise,2975000,same street,920 Intracoastal Dr Unit#1201,2175000,681.0,3195
900 Intracoastal Drive Unit#Apt 701,Sunrise,2975000,same street,920 Intracoastal Dr Unit#903,2800000,859.0,3258
900 Intracoastal Drive Unit#Apt 701,Sunrise,2975000,same street,920 Intracoastal Dr Unit#603,1950000,599.0,3258
3055 Harbor Dr Unit#1202,Harbourage Place,2950000,same street,3055 Harbor Dr Unit#603,1600000,475.0,3368
3055 Harbor Dr Unit#1202,Harbourage Place,2950000,same street,3025 Harbor Dr Unit#17,575000,383.0,1500
350 SE 2nd Street Unit#GPH10,Las Olas,2950000,same street,921 SE 2nd St,2500000,774.0,3232
350 SE 2nd Street Unit#GPH10,Las Olas,2950000,same street,1312 SE 2nd St,2600000,799.0,3254
350 SE 2nd Street Unit#GPH10,Las Olas,2950000,same street,1307 SE 2nd Street,985000,410.0,2400
350 SE 2nd Street Unit#GPH10,Las Olas,2950000,same street,1612 SE 2nd Street,1600000,732.0,2186
350 SE 2nd Street Unit#GPH10,Las Olas,2950000,same street,1617 SE 2nd St,1097500,508.0,2160
1321 Tangelo Isle,South New River Isles,2950000,same street,1113 Tangelo Isle,1500000,734.0,2044
1321 Tangelo Isle,South New River Isles,2950000,same street,1112 Tangelo Isle,1030000,631.0,1632
1321 Tangelo Isle,South New River Isles,2950000,same street,1105 Tangelo Isle,1050000,778.0,1350
1110 Seminole Drive Unit#201,Adagio On Bay,2940000,same street,1239 Seminole Dr,3500000,1006.0,3479
1110 Seminole Drive Unit#201,Adagio On Bay,2940000,same street,1312 Seminole Drive,3600000,1663.0,2165
1110 Seminole Drive Unit#201,Adagio On Bay,2940000,same street,1223 Seminole Drive,2950000,1483.0,1989
1110 Seminole Drive Unit#201,Adagio On Bay,2940000,same street,1124 Seminole Dr Unit#4B,420000,442.0,950
1110 Seminole Drive Unit#201,Adagio On Bay,2940000,same street,1124 Seminole Drive Unit#4b,425000,447.0,950
801 NE 16th Ave,Progresso,2899000,same street,750 NE 16th Ave,2825000,800.0,3531
801 NE 16th Ave,Progresso,2899000,same street,1528 NE 16th Ave,2150000,729.0,2950
801 NE 16th Ave,Progresso,2899000,same street,928 NE 16th Avenue Unit#928,1275000,443.0,2880
801 NE 16th Ave,Progresso,2899000,same street,2410 NE 16th Ave,2200000,782.0,2813
801 NE 16th Ave,Progresso,2899000,same street,850 NE 16th Ave Unit#850,735000,274.0,2682
827 SE 2nd Ct,Colee Hammock,2899000,same street,1529 SE 2nd Ct,3100000,898.0,3451
827 SE 2nd Ct,Colee Hammock,2899000,same street,1408 SE 2nd Ct,3700000,936.0,3951
827 SE 2nd Ct,Colee Hammock,2899000,same street,1025 SE 2nd Ct Unit#1025,1440000,496.0,2902
827 SE 2nd Ct,Colee Hammock,2899000,same street,1508 SE 2nd Court Unit#B,1135000,552.0,2055
827 SE 2nd Ct,Colee Hammock,2899000,same street,1261 SE 2nd Ct,805000,598.0,1346
1115 SW 5th Pl,Riverside Amen,2895000,same street,1505 SW 5th Pl,2300000,547.0,4203
1115 SW 5th Pl,Riverside Amen,2895000,same street,1601 SW 5th Pl,1075000,433.0,2480
1115 SW 5th Pl,Riverside Amen,2895000,same street,1127 SW 5th Pl,850000,568.0,1496
1115 SW 5th Pl,Riverside Amen,2895000,same street,1709 SW 5th Pl,1000000,698.0,1433
100 E Las Olas Blvd Unit#4203,Las Olas,2880000,same street,100 E Las Olas Blvd Unit#2303,2200000,828.0,2658
100 E Las Olas Blvd Unit#4203,Las Olas,2880000,same street,100 E Las Olas Blvd Unit#2603,2200000,828.0,2658
100 E Las Olas Blvd Unit#4203,Las Olas,2880000,same street,100 E Las Olas Blvd Unit#3403,1900000,715.0,2658
100 E Las Olas Blvd Unit#4203,Las Olas,2880000,same street,100 E Las Olas Blvd Unit#2803,1940000,730.0,2658
100 E Las Olas Blvd Unit#4203,Las Olas,2880000,same street,100 E Las Olas Blvd Unit#3701,2000000,835.0,2395
715 Bayshore Drive Unit#902,La Rive,2850000,same street,435 Bayshore Dr Unit#404,3400000,1059.0,3211
715 Bayshore Drive Unit#902,La Rive,2850000,same street,435 Bayshore Drive Unit#PH4,4000000,1246.0,3210
715 Bayshore Drive Unit#902,La Rive,2850000,same street,777 Bayshore Dr Unit#PH-3,1500000,493.0,3040
715 Bayshore Drive Unit#902,La Rive,2850000,same street,715 Bayshore Drive Unit#904,1550000,518.0,2992
715 Bayshore Drive Unit#902,La Rive,2850000,same street,435 Bayshore Dr Unit#PH3,2800000,976.0,2870
1404 SE 2nd Court,Colee Hammock,2799999,same street,1025 SE 2nd Ct Unit#1025,1440000,496.0,2902
1404 SE 2nd Court,Colee Hammock,2799999,same street,1529 SE 2nd Ct,3100000,898.0,3451
1404 SE 2nd Court,Colee Hammock,2799999,same street,1408 SE 2nd Ct,3700000,936.0,3951
1404 SE 2nd Court,Colee Hammock,2799999,same street,1508 SE 2nd Court Unit#B,1135000,552.0,2055
1404 SE 2nd Court,Colee Hammock,2799999,same street,1261 SE 2nd Ct,805000,598.0,1346
153 N Seabreeze Boulevard Unit#1101 S,Selene Oceanfront,2799000,same street,151 N Seabreeze Boulevard Unit#E-2502,2845000,1243.0,2288
153 N Seabreeze Boulevard Unit#1101 S,Selene Oceanfront,2799000,same street,153 N Seabreeze Boulevard Unit#2505,2200000,1164.0,1890
153 N Seabreeze Boulevard Unit#1101 S,Selene Oceanfront,2799000,same street,153 N Seabreeze Blvd Unit#1905,2060000,1090.0,1890
153 N Seabreeze Boulevard Unit#1101 S,Selene Oceanfront,2799000,same street,153 N Seabreeze Blvd Unit#2105-S,2100000,1123.0,1870
153 N Seabreeze Boulevard Unit#1101 S,Selene Oceanfront,2799000,same street,153 N Seabreeze Boulevard Unit#1704s,1700000,996.0,1707
3305 NE 16th Court,Las Olas,2795000,same street,111 NE 16th Ct,675000,396.0,1703
3305 NE 16th Court,Las Olas,2795000,same street,1114 NE 16th Ct,665000,318.0,2088
3305 NE 16th Court,Las Olas,2795000,same street,538 NE 16th Ct,585000,464.0,1262
3305 NE 16th Court,Las Olas,2795000,same street,700 NE 16th Ct,680000,599.0,1136
3305 NE 16th Court,Las Olas,2795000,same street,3309 NE 16th Ct,1350000,1548.0,872
2200 S Ocean Ln Unit#1501-1503,Point Americas,2795000,same street,2200 S Ocean Ln Unit#2409/2410,3100000,819.0,3787
2200 S Ocean Ln Unit#1501-1503,Point Americas,2795000,same street,2200 S Ocean Ln Unit#2609/2610,4000000,1098.0,3644
2200 S Ocean Ln Unit#1501-1503,Point Americas,2795000,same street,2200 S Ocean Ln Unit#209/210,2700000,743.0,3634
2200 S Ocean Ln Unit#1501-1503,Point Americas,2795000,same street,2200 S Ocean Ln Unit#401 & 402,1750000,483.0,3621
2200 S Ocean Ln Unit#1501-1503,Point Americas,2795000,same street,2100 S Ocean Ln Unit#1801-2,1200000,378.0,3176
1225 NE 4th Street,Victoria Park,2795000,same street,1212 NE 4th St,2520000,710.0,3548
1225 NE 4th Street,Victoria Park,2795000,same street,1215 NE 4th Street,2810000,925.0,3039
1225 NE 4th Street,Victoria Park,2795000,same street,1108 NE 4th Street,1100000,411.0,2676
1225 NE 4th Street,Victoria Park,2795000,same street,900 NE 4th St Unit#A2,1150000,550.0,2092
1225 NE 4th Street,Victoria Park,2795000,same street,1315 NE 4th Street,1290000,639.0,2020
326 Seven Isles Drive,Barcelona Isles,2795000,same street,314 Seven Isles Dr,3050000,941.0,3240
326 Seven Isles Drive,Barcelona Isles,2795000,same street,408 Seven Isles Drive,3125000,739.0,4228
326 Seven Isles Drive,Barcelona Isles,2795000,same street,307 Seven Isles Dr,5275000,1086.0,4858
2200 N Ocean Blvd Unit#N206,Fort Lauderdale Beac Auberge Beach Residences,2790000,same street,2200 N Ocean Blvd Unit#N903,3500000,1652.0,2119
2200 N Ocean Blvd Unit#N206,Fort Lauderdale Beac Auberge Beach Residences,2790000,same street,2110 N Ocean Boulevard Unit#22a,1200000,563.0,2130
2200 N Ocean Blvd Unit#N206,Fort Lauderdale Beac Auberge Beach Residences,2790000,same street,2110 N Ocean Blvd Unit#11A,1325000,622.0,2130
2200 N Ocean Blvd Unit#N206,Fort Lauderdale Beac Auberge Beach Residences,2790000,same street,2110 N Ocean Blvd Unit#7-A,1101000,517.0,2130
2200 N Ocean Blvd Unit#N206,Fort Lauderdale Beac Auberge Beach Residences,2790000,same street,2100 N Ocean Boulevard Unit#12a,1125000,528.0,2130
153 N Seabreeze Blvd Unit#401,Selene,2775000,same street,151 N Seabreeze Boulevard Unit#E-2502,2845000,1243.0,2288
153 N Seabreeze Blvd Unit#401,Selene,2775000,same street,153 N Seabreeze Boulevard Unit#2505,2200000,1164.0,1890
153 N Seabreeze Blvd Unit#401,Selene,2775000,same street,153 N Seabreeze Blvd Unit#1905,2060000,1090.0,1890
153 N Seabreeze Blvd Unit#401,Selene,2775000,same street,153 N Seabreeze Blvd Unit#2105-S,2100000,1123.0,1870
153 N Seabreeze Blvd Unit#401,Selene,2775000,same street,153 N Seabreeze Boulevard Unit#1704s,1700000,996.0,1707
500 NE 14th Avenue,Las Olas,2774999,same street,1223 NE 14th Ave,1040000,410.0,2538
500 NE 14th Avenue,Las Olas,2774999,same street,537 NE 14th Ave,2600000,1027.0,2532
500 NE 14th Avenue,Las Olas,2774999,same street,734 NE 14th Ave,1645000,657.0,2505
500 NE 14th Avenue,Las Olas,2774999,same street,736 NE 14th Ave,1675000,669.0,2505
500 NE 14th Avenue,Las Olas,2774999,same street,200 NE 14th Avenue Unit#1,1092000,437.0,2501
3315 NE 17th Street,Las Olas,2750000,same street,2727 NE 17th Street,3500000,1126.0,3109
3315 NE 17th Street,Las Olas,2750000,same street,1713 NE 17th St,800000,370.0,2161
3315 NE 17th Street,Las Olas,2750000,same street,1501 NE 17th Street,675000,338.0,1999
3315 NE 17th Street,Las Olas,2750000,same street,3320 NE 17th St,4150000,1038.0,4000
3315 NE 17th Street,Las Olas,2750000,same street,1604 NE 17th St,810000,474.0,1710
525 N Fort Lauderdale Beach Blvd Unit#1509,Four Seasons Four Seasons Residences,2750000,same street,525 N Fort Lauderdale Beach Blvd Unit#1708,2550000,1482.0,1721
525 N Fort Lauderdale Beach Blvd Unit#1509,Four Seasons Four Seasons Residences,2750000,same street,1151 N Fort Lauderdale Beach Boulevard Unit#17b,1080000,635.0,1700
525 N Fort Lauderdale Beach Blvd Unit#1509,Four Seasons Four Seasons Residences,2750000,same street,1151 N Fort Lauderdale Beach Blvd Unit#3D,840000,494.0,1700
525 N Fort Lauderdale Beach Blvd Unit#1509,Four Seasons Four Seasons Residences,2750000,same street,701 N Fort Lauderdale Beach Blvd Unit#1703,2295000,1311.0,1750
525 N Fort Lauderdale Beach Blvd Unit#1509,Four Seasons Four Seasons Residences,2750000,same street,701 N Fort Lauderdale Beach Boulevard Unit#1603,2115000,1208.0,1751
534 HENDRICKS ISLE Unit#301,View Pointe,2730000,same street,400 Hendricks Isle Unit#402,1030000,573.0,1797
534 HENDRICKS ISLE Unit#301,View Pointe,2730000,same street,217 Hendricks Isle Unit#501,1325000,666.0,1990
534 HENDRICKS ISLE Unit#301,View Pointe,2730000,same street,516 Hendricks Isle Unit#5B,1335000,635.0,2104
534 HENDRICKS ISLE Unit#301,View Pointe,2730000,same street,217 Hendricks Isle Unit#201,1100000,803.0,1370
534 HENDRICKS ISLE Unit#301,View Pointe,2730000,same street,217 Hendricks Isle Unit#401,1000000,730.0,1370
525 N Fort Lauderdale Beach Boulevard Unit#1607,Four Seasons,2700000,same street,505 N Fort Lauderdale Beach Blvd Unit#602,410000,313.0,1308
525 N Fort Lauderdale Beach Boulevard Unit#1607,Four Seasons,2700000,same street,551 N Fort Lauderdale Beach Blvd Unit#R2212,1000000,799.0,1252
525 N Fort Lauderdale Beach Boulevard Unit#1607,Four Seasons,2700000,same street,209 N Fort Lauderdale Beach Blvd Unit#10B,845678,583.0,1450
525 N Fort Lauderdale Beach Boulevard Unit#1607,Four Seasons,2700000,same street,551 N Fort Lauderdale Beach Blvd Unit#H1014,975000,849.0,1149
525 N Fort Lauderdale Beach Boulevard Unit#1607,Four Seasons,2700000,same street,701 N Fort Lauderdale Beach Blvd Unit#114,1200000,799.0,1501
3305 NE 15th St,Las Olas,2699000,same street,2709 NE 15th St,1575000,551.0,2856
3305 NE 15th St,Las Olas,2699000,same street,1755 NE 15th St,2000000,742.0,2695
3305 NE 15th St,Las Olas,2699000,same street,2614 NE 15th Street,2375000,909.0,2613
3305 NE 15th St,Las Olas,2699000,same street,2806 NE 15th St,1675000,643.0,2604
3305 NE 15th St,Las Olas,2699000,same street,2719 NE 15th St Unit#3,1200000,372.0,3226
920 Intracoastal Drive Unit#503,Aquablu,2699000,same street,920 Intracoastal Dr Unit#903,2800000,859.0,3258
920 Intracoastal Drive Unit#503,Aquablu,2699000,same street,920 Intracoastal Dr Unit#603,1950000,599.0,3258
920 Intracoastal Drive Unit#503,Aquablu,2699000,same street,936 Intracoastal Dr Unit#PH4,1376000,416.0,3305
920 Intracoastal Drive Unit#503,Aquablu,2699000,same street,920 Intracoastal Dr Unit#1201,2175000,681.0,3195
920 Intracoastal Drive Unit#503,Aquablu,2699000,same street,920 Intracoastal Dr Unit#1501,2375000,745.0,3190
2301 N Atlantic Boulevard,Lauderdale Beach,2695000,same street,2504 N Atlantic Blvd,6000000,1972.0,3042
2301 N Atlantic Boulevard,Lauderdale Beach,2695000,same street,2920 N Atlantic Blvd,6500000,2364.0,2750
618 NE 15th Avenue,Graceland Park,2695000,same street,618 NE 15th Ave,2255000,621.0,3634
618 NE 15th Avenue,Graceland Park,2695000,same street,620 NE 15th Ave,2475000,631.0,3922
618 NE 15th Avenue,Graceland Park,2695000,same street,220 NE 15th Avenue Unit#220,1605000,452.0,3548
618 NE 15th Avenue,Graceland Park,2695000,same street,459 NE 15th Ave,1700000,515.0,3301
618 NE 15th Avenue,Graceland Park,2695000,same street,222 NE 15th Ave,1656000,508.0,3262
41 Isle Of Venice Drive Unit#402,Aquamar Las Olas,2695000,same street,21 Isle Of Venice Dr Unit#402,2100000,830.0,2531
41 Isle Of Venice Drive Unit#402,Aquamar Las Olas,2695000,same street,20 ISLE OF VENICE DR Unit#PH2,2177000,841.0,2590
41 Isle Of Venice Drive Unit#402,Aquamar Las Olas,2695000,same street,20 Isle Of Venice Dr Unit#302,1875000,724.0,2590
41 Isle Of Venice Drive Unit#402,Aquamar Las Olas,2695000,same street,133 Isle of Venice Dr Unit#301,1862500,654.0,2849
41 Isle Of Venice Drive Unit#402,Aquamar Las Olas,2695000,same street,160 Isle Of Venice Dr Unit#203,2725000,934.0,2918
2500 Bayview Dr,Coral Ridge Galt,2690000,same street,2308 Bayview Drive,930000,404.0,2300
2500 Bayview Dr,Coral Ridge Galt,2690000,same street,1364 Bayview Drive Unit#1364,1060000,442.0,2397
2500 Bayview Dr,Coral Ridge Galt,2690000,same street,2457 Bayview Dr,1635000,682.0,2399
2500 Bayview Dr,Coral Ridge Galt,2690000,same street,2460 Bayview Drive,2075000,857.0,2422
2500 Bayview Dr,Coral Ridge Galt,2690000,same street,1423 Bayview Dr Unit#1423,950000,378.0,2516
512 NE 12th Avenue,Halls,2690000,same street,1132 NE 12th Ave,1275000,333.0,3828
512 NE 12th Avenue,Halls,2690000,same street,549 NE 12th Ave,1395000,451.0,3093
512 NE 12th Avenue,Halls,2690000,same street,516 NE 12th Avenue,1755000,593.0,2961
512 NE 12th Avenue,Halls,2690000,same street,537 NE 12th Ave,2800000,982.0,2850
512 NE 12th Avenue,Halls,2690000,same street,312 NE 12th Ave,1360000,502.0,2707
1675 Coral Gardens Dr,Middle River Estates,2690000,same street,1825 Coral Gardens Dr,2700000,822.0,3285
1675 Coral Gardens Dr,Middle River Estates,2690000,same street,1973 Coral Gardens Dr,975000,432.0,2255
1675 Coral Gardens Dr,Middle River Estates,2690000,same street,2008 Coral Gardens Drive,875000,433.0,2019
1675 Coral Gardens Dr,Middle River Estates,2690000,same street,2157 Coral Gardens Dr,1700000,846.0,2009
1675 Coral Gardens Dr,Middle River Estates,2690000,same street,2000 Coral Gardens Dr,1400000,739.0,1895
41 Isle Of Venice Drive Unit#Ph 502,Aquamar Las Olas,2679999,same street,21 Isle Of Venice Dr Unit#402,2100000,830.0,2531
41 Isle Of Venice Drive Unit#Ph 502,Aquamar Las Olas,2679999,same street,20 ISLE OF VENICE DR Unit#PH2,2177000,841.0,2590
41 Isle Of Venice Drive Unit#Ph 502,Aquamar Las Olas,2679999,same street,20 Isle Of Venice Dr Unit#302,1875000,724.0,2590
41 Isle Of Venice Drive Unit#Ph 502,Aquamar Las Olas,2679999,same street,133 Isle of Venice Dr Unit#301,1862500,654.0,2849
41 Isle Of Venice Drive Unit#Ph 502,Aquamar Las Olas,2679999,same street,160 Isle Of Venice Dr Unit#203,2725000,934.0,2918
1940 Harbourview Drive,Harbor Beach,2679000,same street,1925 Harbourview Dr,4300000,999.0,4306
1940 Harbourview Drive,Harbor Beach,2679000,same street,2024 Harbourview Drive,2995000,648.0,4621
1940 Harbourview Drive,Harbor Beach,2679000,same street,1957 Harbourview Drive,10700000,1657.0,6456
1940 Harbourview Drive,Harbor Beach,2679000,same street,1950 Harbourview Dr,1300000,709.0,1833
3321 NE 16th Court,Las Olas,2650000,same street,1114 NE 16th Ct,665000,318.0,2088
3321 NE 16th Court,Las Olas,2650000,same street,111 NE 16th Ct,675000,396.0,1703
3321 NE 16th Court,Las Olas,2650000,same street,538 NE 16th Ct,585000,464.0,1262
3321 NE 16th Court,Las Olas,2650000,same street,700 NE 16th Ct,680000,599.0,1136
3321 NE 16th Court,Las Olas,2650000,same street,3317 NE 16th Ct,2550000,913.0,2794
1 N Fort Lauderdale Beach Blvd Unit#1806,Castillo Grand Residences Ritz Carlton Fort Lauder,2650000,same street,701 N Fort Lauderdale Beach Blvd Unit#1704,2300000,1204.0,1910
1 N Fort Lauderdale Beach Blvd Unit#1806,Castillo Grand Residences Ritz Carlton Fort Lauder,2650000,same street,601 N Fort Lauderdale Beach Blvd Unit#1501,1525000,744.0,2050
1 N Fort Lauderdale Beach Blvd Unit#1806,Castillo Grand Residences Ritz Carlton Fort Lauder,2650000,same street,1200 N Fort Lauderdale Beach Blvd Unit#701,770000,374.0,2059
1 N Fort Lauderdale Beach Blvd Unit#1806,Castillo Grand Residences Ritz Carlton Fort Lauder,2650000,same street,525 N Fort Lauderdale Beach Blvd Unit#1404,3400000,1643.0,2069
1 N Fort Lauderdale Beach Blvd Unit#1806,Castillo Grand Residences Ritz Carlton Fort Lauder,2650000,same street,1 N Fort Lauderdale Beach Blvd Unit#2002,2800000,1344.0,2083
1331 NE 16th Ter,Progresso,2625000,same street,122 NE 16th Ter Unit#122,1310000,466.0,2810
1331 NE 16th Ter,Progresso,2625000,same street,807 NE 16th Ter,1270000,491.0,2585
1331 NE 16th Ter,Progresso,2625000,same street,809 NE 16th Ter,1287500,498.0,2585
1331 NE 16th Ter,Progresso,2625000,same street,1332 NE 16th Ter,1078000,452.0,2385
1331 NE 16th Ter,Progresso,2625000,same street,803 NE 16th Terrace,1175000,498.0,2360
525 N Fort Lauderdale Beach Blvd Unit#1707,Four Seasons,2600000,same street,209 N Fort Lauderdale Beach Blvd Unit#10B,845678,583.0,1450
525 N Fort Lauderdale Beach Blvd Unit#1707,Four Seasons,2600000,same street,701 N Fort Lauderdale Beach Blvd Unit#114,1200000,799.0,1501
525 N Fort Lauderdale Beach Blvd Unit#1707,Four Seasons,2600000,same street,701 N Fort Lauderdale Beach Blvd Unit#112,1050000,684.0,1536
525 N Fort Lauderdale Beach Blvd Unit#1707,Four Seasons,2600000,same street,1 N Fort Lauderdale Beach Blvd Unit#1501,1250000,806.0,1550
525 N Fort Lauderdale Beach Blvd Unit#1707,Four Seasons,2600000,same street,505 N Fort Lauderdale Beach Blvd Unit#602,410000,313.0,1308
421 SW 11th Street,Tarpon River,2600000,same street,217 SW 11th St,792000,232.0,3408
421 SW 11th Street,Tarpon River,2600000,same street,815 SW 11th St,2495000,672.0,3712
421 SW 11th Street,Tarpon River,2600000,same street,513 SW 11th St,1200000,506.0,2372
421 SW 11th Street,Tarpon River,2600000,same street,511 SW 11th St,1215000,512.0,2372
421 SW 11th Street,Tarpon River,2600000,same street,839 SW 11th St,750000,331.0,2264
624 SW 8th Avenue,Tarpon River,2600000,same street,604 SW 8th Ave,625000,305.0,2050
624 SW 8th Avenue,Tarpon River,2600000,same street,624 SW 8th Ave,439000,395.0,1111
101 S Fort Lauderdale Beach Boulevard Unit#1104,Las Olas,2599999,same street,101 S Fort Lauderdale Beach Blvd Unit#2102,2310416,971.0,2380
101 S Fort Lauderdale Beach Boulevard Unit#1104,Las Olas,2599999,same street,101 S Fort Lauderdale Beach Boulevard Unit#2402,2220000,933.0,2380
101 S Fort Lauderdale Beach Boulevard Unit#1104,Las Olas,2599999,same street,101 S Fort Lauderdale Beach Boulevard Unit#2004,2100000,882.0,2380
101 S Fort Lauderdale Beach Boulevard Unit#1104,Las Olas,2599999,same street,101 S Fort Lauderdale Beach Boulevard Unit#1004,1606250,675.0,2380
101 S Fort Lauderdale Beach Boulevard Unit#1104,Las Olas,2599999,same street,101 S Fort Lauderdale Beach Blvd Unit#902,1584000,666.0,2380
1700 NE 19th Street,Poinsettia Heights,2599000,same street,1913 NE 19th St,1950000,750.0,2600
1700 NE 19th Street,Poinsettia Heights,2599000,same street,3030 NE 19th Street,1595000,744.0,2145
1700 NE 19th Street,Poinsettia Heights,2599000,same street,3114 NE 19th St,1750000,826.0,2119
1700 NE 19th Street,Poinsettia Heights,2599000,same street,1800 NE 19th Street,869000,454.0,1916
1700 NE 19th Street,Poinsettia Heights,2599000,same street,1801 NE 19th St,880000,526.0,1674
920 Intracoastal Drive Unit#801,Aquablu,2595000,same street,920 Intracoastal Dr Unit#1201,2175000,681.0,3195
920 Intracoastal Drive Unit#801,Aquablu,2595000,same street,920 Intracoastal Dr Unit#1501,2375000,745.0,3190
920 Intracoastal Drive Unit#801,Aquablu,2595000,same street,920 Intracoastal Dr Unit#903,2800000,859.0,3258
920 Intracoastal Drive Unit#801,Aquablu,2595000,same street,920 Intracoastal Dr Unit#603,1950000,599.0,3258
920 Intracoastal Drive Unit#801,Aquablu,2595000,same street,936 Intracoastal Dr Unit#PH4,1376000,416.0,3305
2711 NE 19th Street,Coral Ridge,2590000,same street,3030 NE 19th Street,1595000,744.0,2145
2711 NE 19th Street,Coral Ridge,2590000,same street,3114 NE 19th St,1750000,826.0,2119
2711 NE 19th Street,Coral Ridge,2590000,same street,1800 NE 19th Street,869000,454.0,1916
2711 NE 19th Street,Coral Ridge,2590000,same street,1913 NE 19th St,1950000,750.0,2600
2711 NE 19th Street,Coral Ridge,2590000,same street,1801 NE 19th St,880000,526.0,1674
1321 Mandarin Isle,South New River Isles,2550000,same street,1112 Mandarin Isle,1570000,956.0,1642
1321 Mandarin Isle,South New River Isles,2550000,same street,1213 Mandarin Isle,1009000,719.0,1404
1321 Mandarin Isle,South New River Isles,2550000,same street,1100 Mandarin Isle,915000,665.0,1376
1321 Mandarin Isle,South New River Isles,2550000,same street,917 Mandarin Isle,850000,758.0,1122
1321 Mandarin Isle,South New River Isles,2550000,same street,1008 Mandarin Isle,2225000,533.0,4177
1180 N Federal Hwy Unit#1501,Riva Residences,2500000,same street,1180 N Federal Hwy Unit#801,2050000,852.0,2407
1180 N Federal Hwy Unit#1501,Riva Residences,2500000,same street,1180 N Federal Hwy Unit#706,2187500,903.0,2422
1180 N Federal Hwy Unit#1501,Riva Residences,2500000,same street,1180 N Federal Hwy Unit#1204,2100000,867.0,2422
1180 N Federal Hwy Unit#1501,Riva Residences,2500000,same street,1180 N Federal Hwy Unit#1102,1900000,844.0,2251
1180 N Federal Hwy Unit#1501,Riva Residences,2500000,same street,1170 N Federal Hwy Unit#1001,435000,227.0,1920
314 SW 12th Street,Croissant Park,2500000,same street,605 SW 12th St,1625000,1167.0,1392
314 SW 12th Street,Croissant Park,2500000,same street,1200 SW 12th St Unit#214,380000,373.0,1020
314 SW 12th Street,Croissant Park,2500000,same street,1200 SW 12th St Unit#207,365000,358.0,1020
314 SW 12th Street,Croissant Park,2500000,same street,1200 SW 12th St Unit#311,345000,338.0,1020
314 SW 12th Street,Croissant Park,2500000,same street,1200 SW 12th Street Unit#301,265000,260.0,1020
1110 NW 7th Avenue,Progresso,2499999,same street,2509 NW 7th Ave,950000,432.0,2199
1110 NW 7th Avenue,Progresso,2499999,same street,1234 NW 7th Ave,520000,373.0,1393
1110 NW 7th Avenue,Progresso,2499999,same street,1300 NW 7th Ave,555000,413.0,1344
1110 NW 7th Avenue,Progresso,2499999,same street,1229 NW 7th Ave,495000,372.0,1330
1110 NW 7th Avenue,Progresso,2499999,same street,1229 NW 7th Avenue,275000,207.0,1330
69 Isle Of Venice Drive,Seaside Villas,2499000,same street,41 Isle Of Venice Dr Unit#301,3300000,998.0,3308
69 Isle Of Venice Drive,Seaside Villas,2499000,same street,144 Isle Of Venice Drive Unit#144,2800000,870.0,3217
69 Isle Of Venice Drive,Seaside Villas,2499000,same street,101 Isle Of Venice Dr Unit#101,2395000,746.0,3212
69 Isle Of Venice Drive,Seaside Villas,2499000,same street,20 Isle Of Venice Dr Unit#PH-1,2885000,921.0,3134
69 Isle Of Venice Drive,Seaside Villas,2499000,same street,30 Isle Of Venice Drive Unit#304,2300000,734.0,3134
604 SW 7th St,Pinewood Place,2499000,same street,927 SW 7th St,3025000,673.0,4492
604 SW 7th St,Pinewood Place,2499000,same street,604 SW 7th Street,480000,328.0,1464
604 SW 7th St,Pinewood Place,2499000,same street,1412 SW 7th St,490000,450.0,1089
1708 SE 11th Street,Rio Vista,2495000,same street,1601 SE 11th St,2984000,1210.0,2466
1708 SE 11th Street,Rio Vista,2495000,same street,1113 SE 11th Street,1550000,929.0,1669
1708 SE 11th Street,Rio Vista,2495000,same street,1505 SE 11TH ST,2425000,888.0,2732
1708 SE 11th Street,Rio Vista,2495000,same street,1116 SE 11th Street,1535000,1059.0,1450
1708 SE 11th Street,Rio Vista,2495000,same street,1617 SE 11th St,6500000,1273.0,5105
1642 NE 8th Street,Macarthur Park,2490000,same street,1709 NE 8th Street Unit#1709,1100000,397.0,2771
1642 NE 8th Street,Macarthur Park,2490000,same street,2364 NE 8th St,2700000,965.0,2799
1642 NE 8th Street,Macarthur Park,2490000,same street,1733 NE 8th St Unit#A,845000,326.0,2594
1642 NE 8th Street,Macarthur Park,2490000,same street,2609 NE 8th Street,1799143,791.0,2275
1642 NE 8th Street,Macarthur Park,2490000,same street,2356 NE 8th St,1375000,627.0,2192
59 Hendricks Isle,Laguna Del Sol,2490000,same street,11 Hendricks Isle Unit#11,2800000,787.0,3559
59 Hendricks Isle,Laguna Del Sol,2490000,same street,516 Hendricks Isle Unit#4A,1675000,516.0,3246
59 Hendricks Isle,Laguna Del Sol,2490000,same street,423 Hendricks Isle,2450000,790.0,3102
59 Hendricks Isle,Laguna Del Sol,2490000,same street,421 Hendricks Isle,2517000,811.0,3102
59 Hendricks Isle,Laguna Del Sol,2490000,same street,301 Hendricks Isle Unit#2,1750000,571.0,3064
300 NE 3rd Avenue Unit#2809s,Ombelle Fort Lauderdale,2453717,same street,1139 NE 3rd Ave,560000,230.0,2439
300 NE 3rd Avenue Unit#2809s,Ombelle Fort Lauderdale,2453717,same street,1131 NE 3rd Avenue,540000,221.0,2439
300 NE 3rd Avenue Unit#2809s,Ombelle Fort Lauderdale,2453717,same street,1139 NE 3rd Ave,575000,236.0,2439
300 NE 3rd Avenue Unit#2809s,Ombelle Fort Lauderdale,2453717,same street,1141 NE 3rd Ave Unit#1141,543000,223.0,2439
300 NE 3rd Avenue Unit#2809s,Ombelle Fort Lauderdale,2453717,same street,1137 NE 3rd Ave Unit#1137,525000,215.0,2439
1629 NE 1st Avenue,Placido Place,2440000,same street,2708 NE 1st Ave,695000,342.0,2035
1629 NE 1st Avenue,Placido Place,2440000,same street,2801 NE 1st Ave,915000,543.0,1684
1629 NE 1st Avenue,Placido Place,2440000,same street,2724 NE 1st Avenue,978000,599.0,1632
1629 NE 1st Avenue,Placido Place,2440000,same street,2800 NE 1st Avenue,740000,464.0,1596
1629 NE 1st Avenue,Placido Place,2440000,same street,2949 NE 1st Ave,960000,632.0,1519
2009 Admirals Way,Harbour Heights,2425000,same street,1909 Admirals Way,1300000,660.0,1970
2009 Admirals Way,Harbour Heights,2425000,same street,1966 Admirals Way,1750000,709.0,2468
2009 Admirals Way,Harbour Heights,2425000,same street,1900 Admirals Way,1875000,699.0,2681
1642 NE 19th Street,Poinsettia Heights,2425000,same street,1913 NE 19th St,1950000,750.0,2600
1642 NE 19th Street,Poinsettia Heights,2425000,same street,3030 NE 19th Street,1595000,744.0,2145
1642 NE 19th Street,Poinsettia Heights,2425000,same street,3114 NE 19th St,1750000,826.0,2119
1642 NE 19th Street,Poinsettia Heights,2425000,same street,1800 NE 19th Street,869000,454.0,1916
1642 NE 19th Street,Poinsettia Heights,2425000,same street,1801 NE 19th St,880000,526.0,1674
3319 NE 18TH Street,Las Olas,2400000,same street,2756 NE 18th St,3125000,1552.0,2014
3319 NE 18TH Street,Las Olas,2400000,same street,2435 NE 18th St,1800000,704.0,2557
3319 NE 18TH Street,Las Olas,2400000,same street,1613 NE 18th St,1240000,707.0,1755
3319 NE 18TH Street,Las Olas,2400000,same street,3316 NE 18th St,2025000,1242.0,1630
3319 NE 18TH Street,Las Olas,2400000,same street,1508 NE 18th Street,970000,595.0,1630
2417 SE 19th Place,Harbour Heights,2400000,neighborhood + band,2215 Manatee Dr,2372000,669.0,3546
2417 SE 19th Place,Harbour Heights,2400000,neighborhood + band,2024 Harbourview Drive,2995000,648.0,4621
633 NE 20th Street,Letarte,2399000,same street,542 NE 20th St,2340000,601.0,3893
633 NE 20th Street,Letarte,2399000,same street,611 NE 20th St,1950000,677.0,2881
633 NE 20th Street,Letarte,2399000,same street,2711 NE 20th St,1875000,732.0,2561
633 NE 20th Street,Letarte,2399000,same street,2259 NE 20th St,2638000,1057.0,2495
633 NE 20th Street,Letarte,2399000,same street,2316 NE 20th St,2599000,1086.0,2394
153 N Seabreeze Boulevard Unit#2404-s,Selene Oceanfront Residen,2395000,same street,153 N Seabreeze Boulevard Unit#1704s,1700000,996.0,1707
153 N Seabreeze Boulevard Unit#2404-s,Selene Oceanfront Residen,2395000,same street,153 N Seabreeze Boulevard Unit#1204,1625000,952.0,1707
153 N Seabreeze Boulevard Unit#2404-s,Selene Oceanfront Residen,2395000,same street,153 N Seabreeze Boulevard Unit#1004-S,1500000,879.0,1707
153 N Seabreeze Boulevard Unit#2404-s,Selene Oceanfront Residen,2395000,same street,151 N Seabreeze Boulevard Unit#1103-E,1425000,847.0,1682
153 N Seabreeze Boulevard Unit#2404-s,Selene Oceanfront Residen,2395000,same street,151 N Seabreeze Boulevard Unit#1403,1850000,1101.0,1680
701 N Fort Lauderdale Beach Boulevard Unit#805,Paramount,2375000,same street,701 N Fort Lauderdale Beach Blvd Unit#505,2450000,1013.0,2419
701 N Fort Lauderdale Beach Boulevard Unit#805,Paramount,2375000,same street,701 N Fort Lauderdale Beach Boulevard Unit#605,2250000,930.0,2419
701 N Fort Lauderdale Beach Boulevard Unit#805,Paramount,2375000,same street,701 N Fort Lauderdale Beach Boulevard Unit#1606,3152500,1303.0,2420
701 N Fort Lauderdale Beach Boulevard Unit#805,Paramount,2375000,same street,701 N Fort Lauderdale Beach Blvd Unit#1706,2950000,1219.0,2420
701 N Fort Lauderdale Beach Boulevard Unit#805,Paramount,2375000,same street,701 N Fort Lauderdale Beach Blvd Unit#1206,2750000,1136.0,2420
1708 NE 16th Avenue,Poinsettia Heights,2375000,same street,2410 NE 16th Ave,2200000,782.0,2813
1708 NE 16th Avenue,Poinsettia Heights,2375000,same street,928 NE 16th Avenue Unit#928,1275000,443.0,2880
1708 NE 16th Avenue,Poinsettia Heights,2375000,same street,850 NE 16th Ave Unit#850,735000,274.0,2682
1708 NE 16th Avenue,Poinsettia Heights,2375000,same street,1528 NE 16th Ave,2150000,729.0,2950
1708 NE 16th Avenue,Poinsettia Heights,2375000,same street,449 NE 16th Avenue,1300000,510.0,2550
1032 SE 13th Terrace,Rio Vista,2375000,same street,1235 SE 13th Ter,1800000,855.0,2105
1032 SE 13th Terrace,Rio Vista,2375000,same street,1323 SE 13th Ter,1450000,759.0,1911
1032 SE 13th Terrace,Rio Vista,2375000,same street,1017 SE 13th Terrace,2100000,768.0,2733
1032 SE 13th Terrace,Rio Vista,2375000,same street,1204 SE 13th Ter,727000,541.0,1345
1032 SE 13th Terrace,Rio Vista,2375000,same street,1318 SE 13th Ter,2800000,722.0,3878
1 N Fort Lauderdale Beach Boulevard Unit#1807,Castillo Grand Residences,2350000,same street,601 N Fort Lauderdale Beach Blvd Unit#1501,1525000,744.0,2050
1 N Fort Lauderdale Beach Boulevard Unit#1807,Castillo Grand Residences,2350000,same street,1200 N Fort Lauderdale Beach Blvd Unit#701,770000,374.0,2059
1 N Fort Lauderdale Beach Boulevard Unit#1807,Castillo Grand Residences,2350000,same street,525 N Fort Lauderdale Beach Blvd Unit#1404,3400000,1643.0,2069
1 N Fort Lauderdale Beach Boulevard Unit#1807,Castillo Grand Residences,2350000,same street,1 N Fort Lauderdale Beach Blvd Unit#2002,2800000,1344.0,2083
1 N Fort Lauderdale Beach Boulevard Unit#1807,Castillo Grand Residences,2350000,same street,701 N Fort Lauderdale Beach Blvd Unit#1704,2300000,1204.0,1910
1533 NE 16th Avenue,Poinsettia Heights,2350000,same street,449 NE 16th Avenue,1300000,510.0,2550
1533 NE 16th Avenue,Poinsettia Heights,2350000,same street,907 NE 16th Ave,1350000,544.0,2482
1533 NE 16th Avenue,Poinsettia Heights,2350000,same street,850 NE 16th Ave Unit#850,735000,274.0,2682
1533 NE 16th Avenue,Poinsettia Heights,2350000,same street,2106 NE 16th Ave,1225000,511.0,2397
1533 NE 16th Avenue,Poinsettia Heights,2350000,same street,852 NE 16th Avenue,710800,298.0,2384
1523 NE 17th Way,Progresso,2345000,same street,817 NE 17th Way,1310000,514.0,2548
1523 NE 17th Way,Progresso,2345000,same street,811 NE 17th Way,1200000,471.0,2548
1523 NE 17th Way,Progresso,2345000,same street,612 NE 17th Way,2150000,848.0,2536
1523 NE 17th Way,Progresso,2345000,same street,1522 NE 17th Way,1720000,679.0,2533
1523 NE 17th Way,Progresso,2345000,same street,903 NE 17th Way Unit#104,780000,314.0,2487
153 N Seabreeze Unit#2503-S,Selene,2300000,same street,153 N Seabreeze Unit#1803-S,1625000,1148.0,1416
153 N Seabreeze Unit#2503-S,Selene,2300000,same street,153 N Seabreeze Unit#1805-S,1977000,1046.0,1890
534 HENDRICKS ISLE Unit#302,View Pointe,2300000,same street,217 Hendricks Isle Unit#201,1100000,803.0,1370
534 HENDRICKS ISLE Unit#302,View Pointe,2300000,same street,217 Hendricks Isle Unit#401,1000000,730.0,1370
534 HENDRICKS ISLE Unit#302,View Pointe,2300000,same street,400 Hendricks Isle Unit#402,1030000,573.0,1797
534 HENDRICKS ISLE Unit#302,View Pointe,2300000,same street,535 Hendricks Isle Unit#109,630000,788.0,800
534 HENDRICKS ISLE Unit#302,View Pointe,2300000,same street,535 Hendricks Isle Unit#305,485000,606.0,800
19 Hendricks Isle,Reflections Las Olas,2299999,same street,19 Hendricks Isle Unit#101,1500000,620.0,2420
19 Hendricks Isle,Reflections Las Olas,2299999,same street,48 Hendricks Isle Unit#3A-A,1400000,570.0,2458
19 Hendricks Isle,Reflections Las Olas,2299999,same street,25 Hendricks Isle Unit#203,975000,412.0,2364
19 Hendricks Isle,Reflections Las Olas,2299999,same street,60 Hendricks Isle Unit#402,1860000,801.0,2321
19 Hendricks Isle,Reflections Las Olas,2299999,same street,25 Hendricks Isle Unit#305,975000,420.0,2320
101 S Fort Lauderdale Beach Boulevard Unit#1404,Las Olas,2299000,same street,101 S Fort Lauderdale Beach Blvd Unit#2102,2310416,971.0,2380
101 S Fort Lauderdale Beach Boulevard Unit#1404,Las Olas,2299000,same street,101 S Fort Lauderdale Beach Boulevard Unit#2402,2220000,933.0,2380
101 S Fort Lauderdale Beach Boulevard Unit#1404,Las Olas,2299000,same street,101 S Fort Lauderdale Beach Boulevard Unit#2004,2100000,882.0,2380
101 S Fort Lauderdale Beach Boulevard Unit#1404,Las Olas,2299000,same street,101 S Fort Lauderdale Beach Boulevard Unit#1004,1606250,675.0,2380
101 S Fort Lauderdale Beach Boulevard Unit#1404,Las Olas,2299000,same street,101 S Fort Lauderdale Beach Blvd Unit#902,1584000,666.0,2380
2800 E Sunrise Blvd Unit#PHG,Sunrise East,2295000,same street,2800 E Sunrise Boulevard Unit#10A,1300000,520.0,2498
2800 E Sunrise Blvd Unit#PHG,Sunrise East,2295000,same street,2800 E Sunrise Boulevard Unit#5B,772000,461.0,1675
2800 E Sunrise Blvd Unit#PHG,Sunrise East,2295000,same street,2800 E Sunrise Blvd Unit#18B,730000,436.0,1675
2800 E Sunrise Blvd Unit#PHG,Sunrise East,2295000,same street,2800 E Sunrise Blvd Unit#10B,675000,403.0,1675
2800 E Sunrise Blvd Unit#PHG,Sunrise East,2295000,same street,2800 E Sunrise Blvd Unit#8B,610000,364.0,1675
1343 Ponce De Leon Drive,Rio Vista,2295000,same street,915 Ponce De Leon Dr,3000000,1009.0,2972
1343 Ponce De Leon Drive,Rio Vista,2295000,same street,1417 Ponce De Leon Drive,2875000,863.0,3332
1343 Ponce De Leon Drive,Rio Vista,2295000,same street,1212 Ponce De Leon Drive,2210000,808.0,2734
1343 Ponce De Leon Drive,Rio Vista,2295000,same street,904 Ponce De Leon Drive,2950000,814.0,3624
1343 Ponce De Leon Drive,Rio Vista,2295000,same street,1544 Ponce De Leon Dr,4200000,1132.0,3710
1001 SE 10th Street,Rio Vista,2295000,same street,1791 SE 10th Street,8150000,3022.0,2697
1001 SE 10th Street,Rio Vista,2295000,same street,810 SE 10th Street,1050000,449.0,2337
1001 SE 10th Street,Rio Vista,2295000,same street,804 SE 10th St,1250000,635.0,1970
1001 SE 10th Street,Rio Vista,2295000,same street,217 SE 10th St,600000,570.0,1053
1001 SE 10th Street,Rio Vista,2295000,same street,915 SE 10th St,4050000,909.0,4453
2100 N Ocean Blvd Unit#11B,Palms Tower One,2285000,same street,2200 N Ocean Blvd Unit#S303,3700000,1411.0,2623
2100 N Ocean Blvd Unit#11B,Palms Tower One,2285000,same street,2100 N Ocean Blvd Unit#16B,1875000,715.0,2623
2100 N Ocean Blvd Unit#11B,Palms Tower One,2285000,same street,2200 N Ocean Blvd Unit#S506,4250000,1597.0,2661
2100 N Ocean Blvd Unit#11B,Palms Tower One,2285000,same street,2200 N Ocean Blvd Unit#N302,3862500,1449.0,2666
2100 N Ocean Blvd Unit#11B,Palms Tower One,2285000,same street,2200 N Ocean Boulevard Unit#S903,3800000,1363.0,2787
1700 NE 18th St,Progresso,2255000,same street,1512 NE 18th St,642500,456.0,1408
1700 NE 18th St,Progresso,2255000,same street,1009 NE 18th St,468000,329.0,1424
1700 NE 18th St,Progresso,2255000,same street,1901 NE 18th St,690000,482.0,1432
1700 NE 18th St,Progresso,2255000,same street,901 NE 18th St,705000,588.0,1199
1700 NE 18th St,Progresso,2255000,same street,904 NE 18th St,630000,543.0,1160
359 Poinciana Drive,Idlewyld,2250000,same street,629 Poinciana Drive,3600000,1522.0,2365
359 Poinciana Drive,Idlewyld,2250000,same street,347 Poinciana Drive,2195000,660.0,3325
3025 Center Avenue,Lauderdale Beach,2249999,same street,2709 Center Ave,1835000,855.0,2146
3025 Center Avenue,Lauderdale Beach,2249999,same street,2919 Center Avenue,2600000,1040.0,2500
3025 Center Avenue,Lauderdale Beach,2249999,same street,3008 Center Ave,1400000,824.0,1700
3025 Center Avenue,Lauderdale Beach,2249999,same street,2615 Center Ave,4753000,1564.0,3039
3025 Center Avenue,Lauderdale Beach,2249999,same street,2508 Center Avenue,1300000,875.0,1485
1413 NE 17th Way,Progresso,2249999,same street,736 NE 17th Way,1712500,569.0,3011
1413 NE 17th Way,Progresso,2249999,same street,913 NE 17th Way Unit#*,801000,296.0,2702
1413 NE 17th Way,Progresso,2249999,same street,1409 NE 17th Way,2050000,650.0,3154
1413 NE 17th Way,Progresso,2249999,same street,607 NE 17th Way,1500000,562.0,2669
1413 NE 17th Way,Progresso,2249999,same street,532 NE 17th Way,1855000,574.0,3232
615 Bayshore Drive Unit#402,La Cascade,2249000,same street,435 Bayshore Dr Unit#501,3100000,1292.0,2400
615 Bayshore Drive Unit#402,La Cascade,2249000,same street,615 Bayshore Dr Unit#402,1949000,812.0,2400
615 Bayshore Drive Unit#402,La Cascade,2249000,same street,435 Bayshore Dr Unit#301,2950000,1238.0,2383
615 Bayshore Drive Unit#402,La Cascade,2249000,same street,615 Bayshore Drive Unit#303,1200000,507.0,2365
615 Bayshore Drive Unit#402,La Cascade,2249000,same street,777 Bayshore Drive Unit#1003,1200000,482.0,2490
400 NW 24th St,Mickels Nd To Wilton,2249000,same street,701 NW 24th St,1350000,463.0,2916
400 NW 24th St,Mickels Nd To Wilton,2249000,same street,801 NW 24th St,875000,396.0,2208
400 NW 24th St,Mickels Nd To Wilton,2249000,same street,425 NW 24th St,600000,273.0,2198
400 NW 24th St,Mickels Nd To Wilton,2249000,same street,706 NW 24th St,860000,439.0,1960
400 NW 24th St,Mickels Nd To Wilton,2249000,same street,316 NW 24th St,740000,430.0,1719
1781 NE 18th Street,North Ridge,2225000,same street,2435 NE 18th St,1800000,704.0,2557
1781 NE 18th Street,North Ridge,2225000,same street,2756 NE 18th St,3125000,1552.0,2014
1781 NE 18th Street,North Ridge,2225000,same street,1613 NE 18th St,1240000,707.0,1755
1781 NE 18th Street,North Ridge,2225000,same street,3316 NE 18th St,2025000,1242.0,1630
1781 NE 18th Street,North Ridge,2225000,same street,1508 NE 18th Street,970000,595.0,1630
505 NE 2nd Street Unit#43C,Viceroy Fort Lauderdale,2205000,same street,313 NE 2nd St Unit#905,475000,375.0,1265
505 NE 2nd Street Unit#43C,Viceroy Fort Lauderdale,2205000,same street,313 NE 2nd Street Unit#405,457000,361.0,1265
505 NE 2nd Street Unit#43C,Viceroy Fort Lauderdale,2205000,same street,313 NE 2nd St Unit#201,370000,460.0,804
505 NE 2nd Street Unit#43C,Viceroy Fort Lauderdale,2205000,same street,313 NE 2nd St Unit#802,330000,437.0,755
505 NE 2nd Street Unit#43C,Viceroy Fort Lauderdale,2205000,same street,313 NE 2nd St Unit#1002,300000,397.0,755
2601 NE 32nd Avenue,Lauderdale Beach Estates,2200000,same street,2013 NE 32nd Avenue,1875000,718.0,2610
2601 NE 32nd Avenue,Lauderdale Beach Estates,2200000,same street,1931 NE 32nd Ave,2000000,760.0,2631
2601 NE 32nd Avenue,Lauderdale Beach Estates,2200000,same street,2212 NE 32nd Avenue,1650000,755.0,2184
2601 NE 32nd Avenue,Lauderdale Beach Estates,2200000,same street,2516 NE 32nd Ave,1332000,436.0,3056
2601 NE 32nd Avenue,Lauderdale Beach Estates,2200000,same street,2516 NE 32nd Ave,2240000,733.0,3056
2200 S Ocean Ln Unit#2205,Point Americas,2200000,same street,2200 S Ocean Ln Unit#905,1650000,760.0,2170
2200 S Ocean Ln Unit#2205,Point Americas,2200000,same street,2200 S Ocean Ln Unit#205,1370000,631.0,2170
2200 S Ocean Ln Unit#2205,Point Americas,2200000,same street,2200 S Ocean Ln Unit#905,1075000,495.0,2170
2200 S Ocean Ln Unit#2205,Point Americas,2200000,same street,2200 S Ocean Lane Unit#806,1050000,484.0,2170
2200 S Ocean Ln Unit#2205,Point Americas,2200000,same street,2100 S Ocean Lane Unit#1707,1400000,662.0,2116
2212 NE 17th Place,Bal Harbour,2200000,neighborhood + band,1725 NE 23rd Ave,2000000,854.0,2341
2212 NE 17th Place,Bal Harbour,2200000,neighborhood + band,2348 NE 20th St,2000000,901.0,2220
1521 NE 26th Ave Unit#B,Coral Ridge,2200000,same street,1718 NE 26th Ave,2850000,862.0,3307
1521 NE 26th Ave Unit#B,Coral Ridge,2200000,same street,1849 NE 26th Ave Unit#4,1595000,455.0,3505
1521 NE 26th Ave Unit#B,Coral Ridge,2200000,same street,1849 NE 26th Ave Unit#1,1290000,368.0,3505
1521 NE 26th Ave Unit#B,Coral Ridge,2200000,same street,2516 NE 26th Avenue,2195000,729.0,3011
1521 NE 26th Ave Unit#B,Coral Ridge,2200000,same street,1843 NE 26th Ave Unit#1843,980000,331.0,2962
1009 B NE 3rd Street,Victoria Park,2200000,neighborhood + band,409 NE 17th Ave,2650000,798.0,3319
1009 B NE 3rd Street,Victoria Park,2200000,neighborhood + band,1619 E Broward Blvd Unit#A,2200000,682.0,3227
1009 B NE 3rd Street,Victoria Park,2200000,neighborhood + band,1611 NE 5th St,2330000,695.0,3351
1009 B NE 3rd Street,Victoria Park,2200000,neighborhood + band,1418 NE 6th St Unit#1418,2125000,631.0,3369
1009 B NE 3rd Street,Victoria Park,2200000,neighborhood + band,514 NE 13TH AV,2100000,614.0,3420
1015 B NE 3rd Street,Victoria Park,2200000,neighborhood + band,409 NE 17th Ave,2650000,798.0,3319
1015 B NE 3rd Street,Victoria Park,2200000,neighborhood + band,1619 E Broward Blvd Unit#A,2200000,682.0,3227
1015 B NE 3rd Street,Victoria Park,2200000,neighborhood + band,1611 NE 5th St,2330000,695.0,3351
1015 B NE 3rd Street,Victoria Park,2200000,neighborhood + band,1418 NE 6th St Unit#1418,2125000,631.0,3369
1015 B NE 3rd Street,Victoria Park,2200000,neighborhood + band,514 NE 13TH AV,2100000,614.0,3420
545 S FORT LAUDERDALE BEACH Boulevard Unit#1703/1704,Illini,2199000,same street,101 S Fort Lauderdale Beach Blvd Unit#2102,2310416,971.0,2380
545 S FORT LAUDERDALE BEACH Boulevard Unit#1703/1704,Illini,2199000,same street,101 S Fort Lauderdale Beach Boulevard Unit#2402,2220000,933.0,2380
545 S FORT LAUDERDALE BEACH Boulevard Unit#1703/1704,Illini,2199000,same street,101 S Fort Lauderdale Beach Boulevard Unit#2004,2100000,882.0,2380
545 S FORT LAUDERDALE BEACH Boulevard Unit#1703/1704,Illini,2199000,same street,101 S Fort Lauderdale Beach Boulevard Unit#1004,1606250,675.0,2380
545 S FORT LAUDERDALE BEACH Boulevard Unit#1703/1704,Illini,2199000,same street,101 S Fort Lauderdale Beach Blvd Unit#902,1584000,666.0,2380
153 N Seabreeze Boulevard Unit#504-s,Selene,2195000,same street,153 N Seabreeze Boulevard Unit#1704s,1700000,996.0,1707
153 N Seabreeze Boulevard Unit#504-s,Selene,2195000,same street,153 N Seabreeze Boulevard Unit#1204,1625000,952.0,1707
153 N Seabreeze Boulevard Unit#504-s,Selene,2195000,same street,153 N Seabreeze Boulevard Unit#1004-S,1500000,879.0,1707
153 N Seabreeze Boulevard Unit#504-s,Selene,2195000,same street,151 N Seabreeze Boulevard Unit#1103-E,1425000,847.0,1682
153 N Seabreeze Boulevard Unit#504-s,Selene,2195000,same street,151 N Seabreeze Boulevard Unit#1403,1850000,1101.0,1680
2108 NE 24th St,Coral Point,2150000,same street,2825 NE 24th St,2350000,927.0,2536
2108 NE 24th St,Coral Point,2150000,same street,2017 NE 24th St,1320000,576.0,2292
2108 NE 24th St,Coral Point,2150000,same street,2600 NE 24th Street,1210000,611.0,1979
2108 NE 24th St,Coral Point,2150000,same street,2140 NE 24th Street,1247000,658.0,1894
2108 NE 24th St,Coral Point,2150000,same street,20 NE 24th St,900000,502.0,1792
505 NE 2nd Street Unit#15A,Viceroy Fort Lauderdale,2105000,same street,313 NE 2nd St Unit#204,550000,390.0,1412
505 NE 2nd Street Unit#15A,Viceroy Fort Lauderdale,2105000,same street,706 NE 2nd St Unit#7,760000,376.0,2020
505 NE 2nd Street Unit#15A,Viceroy Fort Lauderdale,2105000,same street,313 NE 2nd St Unit#905,475000,375.0,1265
505 NE 2nd Street Unit#15A,Viceroy Fort Lauderdale,2105000,same street,313 NE 2nd Street Unit#405,457000,361.0,1265
505 NE 2nd Street Unit#15A,Viceroy Fort Lauderdale,2105000,same street,1112 NE 2ND ST,1175000,523.0,2248
505 N Fort Lauderdale Beach Boulevard Unit#2500,Club Resort Residences,2100000,same street,505 N Fort Lauderdale Beach Blvd Unit#224,600000,218.0,2757
505 N Fort Lauderdale Beach Boulevard Unit#2500,Club Resort Residences,2100000,same street,525 N Fort Lauderdale Beach Blvd Unit#1501,5750000,2233.0,2575
505 N Fort Lauderdale Beach Boulevard Unit#2500,Club Resort Residences,2100000,same street,1 N Fort Lauderdale Beach Blvd Unit#1906,2400000,946.0,2536
505 N Fort Lauderdale Beach Boulevard Unit#2500,Club Resort Residences,2100000,same street,701 N Fort Lauderdale Beach Boulevard Unit#1606,3152500,1303.0,2420
505 N Fort Lauderdale Beach Boulevard Unit#2500,Club Resort Residences,2100000,same street,701 N Fort Lauderdale Beach Blvd Unit#1706,2950000,1219.0,2420
615 Bayshore Drive Unit#103,La Cascade,2100000,same street,777 Bayshore Drive Unit#1003,1200000,482.0,2490
615 Bayshore Drive Unit#103,La Cascade,2100000,same street,777 Bayshore Dr Unit#1203,1190000,478.0,2490
615 Bayshore Drive Unit#103,La Cascade,2100000,same street,435 Bayshore Dr Unit#501,3100000,1292.0,2400
615 Bayshore Drive Unit#103,La Cascade,2100000,same street,615 Bayshore Dr Unit#402,1949000,812.0,2400
615 Bayshore Drive Unit#103,La Cascade,2100000,same street,435 Bayshore Dr Unit#301,2950000,1238.0,2383
1180 N Federal Hwy Unit#1002,Riva Residences,2100000,same street,1180 N Federal Hwy Unit#1102,1900000,844.0,2251
1180 N Federal Hwy Unit#1002,Riva Residences,2100000,same street,1180 N Federal Hwy Unit#801,2050000,852.0,2407
1180 N Federal Hwy Unit#1002,Riva Residences,2100000,same street,1180 N Federal Hwy Unit#706,2187500,903.0,2422
1180 N Federal Hwy Unit#1002,Riva Residences,2100000,same street,1180 N Federal Hwy Unit#1204,2100000,867.0,2422
1180 N Federal Hwy Unit#1002,Riva Residences,2100000,same street,1170 N Federal Hwy Unit#1001,435000,227.0,1920
707 NE 7th Ave,Progresso,2100000,same street,2119 NE 7th Ave,1635000,635.0,2573
707 NE 7th Ave,Progresso,2100000,same street,730 NE 7th ave Unit#730,760000,313.0,2429
707 NE 7th Ave,Progresso,2100000,same street,350 NE 7th Ave Unit#350,941000,404.0,2330
707 NE 7th Ave,Progresso,2100000,same street,314 NE 7th Ave Unit#*,925000,397.0,2330
707 NE 7th Ave,Progresso,2100000,same street,352 NE 7th Avenue,825000,370.0,2230
2124 Coral Shores Drive,Coral Shores,2100000,same street,2124 Coral Shores Dr,1850000,717.0,2580
2124 Coral Shores Drive,Coral Shores,2100000,same street,2000 Coral Shores Dr,1850000,771.0,2400
2124 Coral Shores Drive,Coral Shores,2100000,same street,2816 Coral Shores Dr,810000,405.0,2001
2124 Coral Shores Drive,Coral Shores,2100000,same street,2813 Coral Shores Dr,3200000,968.0,3307
2124 Coral Shores Drive,Coral Shores,2100000,same street,2999 Coral Shores Dr,975000,612.0,1594
2502 NE 6th Avenue,Wilton Manors,2100000,same street,2316 NE 6th Ave,1025000,419.0,2446
2502 NE 6th Avenue,Wilton Manors,2100000,same street,2733 NE 6th Ave,480000,265.0,1810
2502 NE 6th Avenue,Wilton Manors,2100000,same street,2506 NE 6th Ave,688700,532.0,1295
2502 NE 6th Avenue,Wilton Manors,2100000,same street,2725 NE 6th Avenue,680000,528.0,1289
2701 NE 30th St,Coral Ridge Galt,2099999,same street,2110 NE 30th St,890000,395.0,2251
2701 NE 30th St,Coral Ridge Galt,2099999,same street,2741 NE 30th St,920000,409.0,2250
2701 NE 30th St,Coral Ridge Galt,2099999,same street,2709 NE 30th St,1200000,463.0,2591
2701 NE 30th St,Coral Ridge Galt,2099999,same street,2633 NE 30th St,1160000,566.0,2051
2701 NE 30th St,Coral Ridge Galt,2099999,same street,2800 NE 30th St Unit#3,630000,309.0,2036
701 N Fort Lauderdale Beach Boulevard Unit#1103,Paramount,2099000,same street,701 N Fort Lauderdale Beach Boulevard Unit#1603,2115000,1208.0,1751
701 N Fort Lauderdale Beach Boulevard Unit#1103,Paramount,2099000,same street,701 N Fort Lauderdale Beach Blvd Unit#1703,2295000,1311.0,1750
701 N Fort Lauderdale Beach Boulevard Unit#1103,Paramount,2099000,same street,1 N Fort Lauderdale Beach blvd Unit#1802,2650000,1491.0,1777
701 N Fort Lauderdale Beach Boulevard Unit#1103,Paramount,2099000,same street,525 N Fort Lauderdale Beach Blvd Unit#1708,2550000,1482.0,1721
701 N Fort Lauderdale Beach Boulevard Unit#1103,Paramount,2099000,same street,1151 N Fort Lauderdale Beach Boulevard Unit#17b,1080000,635.0,1700
209 N Birch Road Unit#1002,Alhambra Place,2099000,same street,321 N Birch Rd Unit#801,5700000,1496.0,3811
209 N Birch Road Unit#1002,Alhambra Place,2099000,same street,301 N Birch Road Unit#6n,1500000,454.0,3305
209 N Birch Road Unit#1002,Alhambra Place,2099000,same street,301 N Birch Rd Unit#8N,1670000,506.0,3300
209 N Birch Road Unit#1002,Alhambra Place,2099000,same street,321 N Birch Road Unit#1002,2850000,1016.0,2805
209 N Birch Road Unit#1002,Alhambra Place,2099000,same street,321 N Birch Road Unit#502,2662500,949.0,2805
2110 N Ocean Blvd Unit#21B,Palms,2095000,same street,2200 N Ocean Blvd Unit#S303,3700000,1411.0,2623
2110 N Ocean Blvd Unit#21B,Palms,2095000,same street,2100 N Ocean Blvd Unit#16B,1875000,715.0,2623
2110 N Ocean Blvd Unit#21B,Palms,2095000,same street,2200 N Ocean Blvd Unit#S506,4250000,1597.0,2661
2110 N Ocean Blvd Unit#21B,Palms,2095000,same street,2200 N Ocean Blvd Unit#N302,3862500,1449.0,2666
2110 N Ocean Blvd Unit#21B,Palms,2095000,same street,2200 N Ocean Boulevard Unit#S903,3800000,1363.0,2787
153 N Seabreeze Unit#403,Selene Oceanfront Res Selene,2000000,same street,153 N Seabreeze Unit#1803-S,1625000,1148.0,1416
153 N Seabreeze Unit#403,Selene Oceanfront Res Selene,2000000,same street,153 N Seabreeze Unit#1805-S,1977000,1046.0,1890
1809 Coral Gardens Dr,Middle River Estates,2000000,same street,1825 Coral Gardens Dr,2700000,822.0,3285
1809 Coral Gardens Dr,Middle River Estates,2000000,same street,1973 Coral Gardens Dr,975000,432.0,2255
1809 Coral Gardens Dr,Middle River Estates,2000000,same street,2008 Coral Gardens Drive,875000,433.0,2019
1809 Coral Gardens Dr,Middle River Estates,2000000,same street,2157 Coral Gardens Dr,1700000,846.0,2009
1809 Coral Gardens Dr,Middle River Estates,2000000,same street,2000 Coral Gardens Dr,1400000,739.0,1895
1507 SE 15th Street Unit#302,Harbors Edge,2000000,same street,1472 SE 15TH ST Unit#D,800000,528.0,1514
1507 SE 15th Street Unit#302,Harbors Edge,2000000,same street,1490 SE 15th St Unit#101,889000,609.0,1459
1507 SE 15th Street Unit#302,Harbors Edge,2000000,same street,1700 SE 15th St Unit#306,247900,198.0,1250
1507 SE 15th Street Unit#302,Harbors Edge,2000000,same street,1700 SE 15th Street Unit#206,199000,159.0,1250
1507 SE 15th Street Unit#302,Harbors Edge,2000000,same street,1700 SE 15th St Unit#111,500000,417.0,1200
1627 Seabreeze Boulevard,Harbor Beach,1999999,same street,1344 Seabreeze Blvd,1635000,628.0,2605
1627 Seabreeze Boulevard,Harbor Beach,1999999,same street,1217 Seabreeze Blvd,1862000,688.0,2706
1627 Seabreeze Boulevard,Harbor Beach,1999999,same street,1530 Seabreeze Boulevard,1635000,776.0,2106
1627 Seabreeze Boulevard,Harbor Beach,1999999,same street,1601 Seabreeze Boulevard,1650000,826.0,1997
1627 Seabreeze Boulevard,Harbor Beach,1999999,same street,1237 Seabreeze Blvd,4400000,1358.0,3240
2046 NE 15th St,Lauder Gate Isles,1999999,same street,1755 NE 15th St,2000000,742.0,2695
2046 NE 15th St,Lauder Gate Isles,1999999,same street,2709 NE 15th St,1575000,551.0,2856
2046 NE 15th St,Lauder Gate Isles,1999999,same street,2614 NE 15th Street,2375000,909.0,2613
2046 NE 15th St,Lauder Gate Isles,1999999,same street,2806 NE 15th St,1675000,643.0,2604
2046 NE 15th St,Lauder Gate Isles,1999999,same street,2715 NE 15th St Unit#2715,1150000,461.0,2496
19 Port Side Dr Unit#19C,Portside Yacht Club,1999999,same street,33 Port Side Drive Unit#33C,1500000,674.0,2226
19 Port Side Dr Unit#19C,Portside Yacht Club,1999999,same street,17 Port Side Drive Unit#17A,2100000,747.0,2813
19 Port Side Dr Unit#19C,Portside Yacht Club,1999999,same street,24 Port Side Dr Unit#24A,1800000,640.0,2813
153 N Seabreeze Boulevard Unit#1803,Selene,1999000,same street,153 N Seabreeze Blvd Unit#1003-S,1225000,865.0,1416
153 N Seabreeze Boulevard Unit#1803,Selene,1999000,same street,153 N Seabreeze Blvd Unit#703,1220000,862.0,1416
153 N Seabreeze Boulevard Unit#1803,Selene,1999000,same street,151 N SEABREEZE BLVD Unit#2003E,2100000,1300.0,1615
153 N Seabreeze Boulevard Unit#1803,Selene,1999000,same street,151 N Seabreeze Boulevard Unit#1403,1850000,1101.0,1680
153 N Seabreeze Boulevard Unit#1803,Selene,1999000,same street,151 N Seabreeze Boulevard Unit#1103-E,1425000,847.0,1682
2110 N Ocean Boulevard Unit#7b,Palms,1999000,same street,2200 N Ocean Blvd Unit#S1501,6495000,1856.0,3500
2110 N Ocean Boulevard Unit#7b,Palms,1999000,same street,2200 N Ocean Blvd Unit#S501,5600000,1600.0,3500
2110 N Ocean Boulevard Unit#7b,Palms,1999000,same street,2200 N Ocean Boulevard Unit#S1801,4250000,1214.0,3500
2110 N Ocean Boulevard Unit#7b,Palms,1999000,same street,2200 N Ocean Boulevard Unit#S1804,4460000,1274.0,3500
2110 N Ocean Boulevard Unit#7b,Palms,1999000,same street,2200 N Ocean Boulevard Unit#N1003,5055000,1408.0,3591
301 Hendricks Isle Unit#10,Place Des Arts,1999000,same street,11 Hendricks Isle Unit#11,2800000,787.0,3559
301 Hendricks Isle Unit#10,Place Des Arts,1999000,same street,516 Hendricks Isle Unit#4A,1675000,516.0,3246
301 Hendricks Isle Unit#10,Place Des Arts,1999000,same street,423 Hendricks Isle,2450000,790.0,3102
301 Hendricks Isle Unit#10,Place Des Arts,1999000,same street,421 Hendricks Isle,2517000,811.0,3102
301 Hendricks Isle Unit#10,Place Des Arts,1999000,same street,301 Hendricks Isle Unit#2,1750000,571.0,3064
2801 Coral Shores Dr,Coral Shores,1999000,same street,2000 Coral Shores Dr,1850000,771.0,2400
2801 Coral Shores Dr,Coral Shores,1999000,same street,2124 Coral Shores Dr,1850000,717.0,2580
2801 Coral Shores Dr,Coral Shores,1999000,same street,2816 Coral Shores Dr,810000,405.0,2001
2801 Coral Shores Dr,Coral Shores,1999000,same street,2999 Coral Shores Dr,975000,612.0,1594
2801 Coral Shores Dr,Coral Shores,1999000,same street,2714 Coral Shores Dr,790000,497.0,1589
3030 N Ocean Boulevard Unit#S101,Thirty North Ocean Cond,1995000,same street,2200 N Ocean Boulevard Unit#N505,4950000,2034.0,2434
3030 N Ocean Boulevard Unit#S101,Thirty North Ocean Cond,1995000,same street,2200 N Ocean Blvd Unit#N1102,4200000,1893.0,2219
3030 N Ocean Boulevard Unit#S101,Thirty North Ocean Cond,1995000,same street,2509 N Ocean Blvd Unit#675,1032000,480.0,2150
3030 N Ocean Boulevard Unit#S101,Thirty North Ocean Cond,1995000,same street,2501 N Ocean Blvd Unit#652,1010000,470.0,2150
3030 N Ocean Boulevard Unit#S101,Thirty North Ocean Cond,1995000,same street,2509 N Ocean Blvd Unit#775,950000,442.0,2150
2200 S OCEAN LN Unit#1501-2,Point Americas,1995000,same street,2200 S Ocean Ln Unit#2609/2610,4000000,1098.0,3644
2200 S OCEAN LN Unit#1501-2,Point Americas,1995000,same street,2200 S Ocean Ln Unit#209/210,2700000,743.0,3634
2200 S OCEAN LN Unit#1501-2,Point Americas,1995000,same street,2200 S Ocean Ln Unit#401 & 402,1750000,483.0,3621
2200 S OCEAN LN Unit#1501-2,Point Americas,1995000,same street,2200 S Ocean Ln Unit#2409/2410,3100000,819.0,3787
2200 S OCEAN LN Unit#1501-2,Point Americas,1995000,same street,2100 S Ocean Ln Unit#1801-2,1200000,378.0,3176
516 Hendricks Isle Unit#4B,Aria,1995000,same street,516 Hendricks Isle Unit#5B,1335000,635.0,2104
516 Hendricks Isle Unit#4B,Aria,1995000,same street,85 Hendricks Isle,1600000,740.0,2162
516 Hendricks Isle Unit#4B,Aria,1995000,same street,91 Hendricks Isle,1555000,719.0,2162
516 Hendricks Isle Unit#4B,Aria,1995000,same street,217 Hendricks Isle Unit#501,1325000,666.0,1990
516 Hendricks Isle Unit#4B,Aria,1995000,same street,48 Hendricks Isle Unit#2b-A,1100000,488.0,2253
101 S Fort Lauderdale Beach Boulevard Unit#1502,Las Olas,1975000,same street,101 S Fort Lauderdale Beach Blvd Unit#2102,2310416,971.0,2380
101 S Fort Lauderdale Beach Boulevard Unit#1502,Las Olas,1975000,same street,101 S Fort Lauderdale Beach Boulevard Unit#2402,2220000,933.0,2380
101 S Fort Lauderdale Beach Boulevard Unit#1502,Las Olas,1975000,same street,101 S Fort Lauderdale Beach Boulevard Unit#2004,2100000,882.0,2380
101 S Fort Lauderdale Beach Boulevard Unit#1502,Las Olas,1975000,same street,101 S Fort Lauderdale Beach Boulevard Unit#1004,1606250,675.0,2380
101 S Fort Lauderdale Beach Boulevard Unit#1502,Las Olas,1975000,same street,101 S Fort Lauderdale Beach Blvd Unit#902,1584000,666.0,2380
920 Intracoastal Drive Unit#1402,Aquablu,1975000,same street,920 Intracoastal Drive Unit#1502,1700000,796.0,2136
920 Intracoastal Drive Unit#1402,Aquablu,1975000,same street,920 Intracoastal Drive Unit#702,1650000,772.0,2136
920 Intracoastal Drive Unit#1402,Aquablu,1975000,same street,936 Intracoastal Dr Unit#17G,860000,510.0,1685
920 Intracoastal Drive Unit#1402,Aquablu,1975000,same street,936 Intracoastal Dr Unit#21H,905000,556.0,1629
920 Intracoastal Drive Unit#1402,Aquablu,1975000,same street,936 Intracoastal Dr Unit#12A,850000,525.0,1620
1200 NE 2nd Street,Victoria Park,1950000,same street,1113 NE 2nd St,1350000,562.0,2404
1200 NE 2nd Street,Victoria Park,1950000,same street,1112 NE 2ND ST,1175000,523.0,2248
1200 NE 2nd Street,Victoria Park,1950000,same street,1507 NE 2nd St,1000000,380.0,2634
1200 NE 2nd Street,Victoria Park,1950000,same street,808 NE 2nd Street Unit#808,1600000,606.0,2639
1200 NE 2nd Street,Victoria Park,1950000,same street,804 NE 2nd Street,1570000,595.0,2639
2000 SW 18th Ave,Osceola Park,1950000,same street,329 SW 18th Avenue,750000,535.0,1401
2000 SW 18th Ave,Osceola Park,1950000,same street,505 SW 18th Ave Unit#11,385000,249.0,1546
2000 SW 18th Ave,Osceola Park,1950000,same street,535 SW 18th Ave Unit#32,430000,275.0,1562
2000 SW 18th Ave,Osceola Park,1950000,same street,525 SW 18th Ave Unit#21,400000,256.0,1562
2000 SW 18th Ave,Osceola Park,1950000,same street,511 SW 18th Ave Unit#1,398000,255.0,1562
704 SE 8th Street,Rio Vista,1950000,same street,812 SE 8th St,1875000,836.0,2243
704 SE 8th Street,Rio Vista,1950000,same street,1125 SE 8th Street,2600000,794.0,3274
704 SE 8th Street,Rio Vista,1950000,same street,820 SE 8th St,1800000,499.0,3606
101 S Fort Lauderdale Beach Boulevard Unit#1806,Las Olas,1945000,same street,101 S Fort Lauderdale Beach Boulevard Unit#1707,1735000,911.0,1905
101 S Fort Lauderdale Beach Boulevard Unit#1806,Las Olas,1945000,same street,101 S FORT LAUDERDALE BEACH BLVD Unit#1907,1725000,906.0,1905
101 S Fort Lauderdale Beach Boulevard Unit#1806,Las Olas,1945000,same street,101 S FORT LAUDERDALE BEACH BLVD Unit#1807,1740000,913.0,1905
101 S Fort Lauderdale Beach Boulevard Unit#1806,Las Olas,1945000,same street,101 S Fort Lauderdale Beach Blvd Unit#2507,1600000,840.0,1905
101 S Fort Lauderdale Beach Boulevard Unit#1806,Las Olas,1945000,same street,101 S FORT LAUDERDALE BEACH BLVD Unit#2107,1536179,806.0,1905
3040 N Ocean Blvd Unit#N101,Thirty North Ocean Con Thirty Ocean,1900000,same street,2200 N Ocean Blvd Unit#N903,3500000,1652.0,2119
3040 N Ocean Blvd Unit#N101,Thirty North Ocean Con Thirty Ocean,1900000,same street,2110 N Ocean Boulevard Unit#22a,1200000,563.0,2130
3040 N Ocean Blvd Unit#N101,Thirty North Ocean Con Thirty Ocean,1900000,same street,2110 N Ocean Blvd Unit#11A,1325000,622.0,2130
3040 N Ocean Blvd Unit#N101,Thirty North Ocean Con Thirty Ocean,1900000,same street,2110 N Ocean Blvd Unit#7-A,1101000,517.0,2130
3040 N Ocean Blvd Unit#N101,Thirty North Ocean Con Thirty Ocean,1900000,same street,2100 N Ocean Boulevard Unit#12a,1125000,528.0,2130
301 Hendricks Isle Unit#7,Place Des Arts,1900000,same street,11 Hendricks Isle Unit#11,2800000,787.0,3559
301 Hendricks Isle Unit#7,Place Des Arts,1900000,same street,516 Hendricks Isle Unit#4A,1675000,516.0,3246
301 Hendricks Isle Unit#7,Place Des Arts,1900000,same street,423 Hendricks Isle,2450000,790.0,3102
301 Hendricks Isle Unit#7,Place Des Arts,1900000,same street,421 Hendricks Isle,2517000,811.0,3102
301 Hendricks Isle Unit#7,Place Des Arts,1900000,same street,301 Hendricks Isle Unit#2,1750000,571.0,3064
2112 Manatee Drive,Harbour Inlet,1899000,same street,2215 Manatee Dr,2372000,669.0,3546
2112 Manatee Drive,Harbour Inlet,1899000,same street,2100 Manatee Drive,1440000,702.0,2050
111 SE 8th Avenue Unit#1501,Venezia,1899000,same street,111 SE 8th Ave Unit#1101,850000,491.0,1730
111 SE 8th Avenue Unit#1501,Venezia,1899000,same street,111 SE 8th Ave Unit#1001,845000,552.0,1530
111 SE 8th Avenue Unit#1501,Venezia,1899000,same street,111 SE 8th Avenue Unit#601,750000,491.0,1529
111 SE 8th Avenue Unit#1501,Venezia,1899000,same street,111 SE 8th Avenue Unit#1005,645000,542.0,1190
111 SE 8th Avenue Unit#1501,Venezia,1899000,same street,111 SE 8th Ave Unit#1003,475000,534.0,890
1020 SE 11th Street,Rio Vista,1899000,same street,1601 SE 11th St,2984000,1210.0,2466
1020 SE 11th Street,Rio Vista,1899000,same street,1505 SE 11TH ST,2425000,888.0,2732
1020 SE 11th Street,Rio Vista,1899000,same street,1113 SE 11th Street,1550000,929.0,1669
1020 SE 11th Street,Rio Vista,1899000,same street,1116 SE 11th Street,1535000,1059.0,1450
1020 SE 11th Street,Rio Vista,1899000,same street,1617 SE 11th St,6500000,1273.0,5105
1507 SE 15th Street Unit#202,Harbors Edge,1899000,same street,1472 SE 15TH ST Unit#D,800000,528.0,1514
1507 SE 15th Street Unit#202,Harbors Edge,1899000,same street,1490 SE 15th St Unit#101,889000,609.0,1459
1507 SE 15th Street Unit#202,Harbors Edge,1899000,same street,1700 SE 15th St Unit#306,247900,198.0,1250
1507 SE 15th Street Unit#202,Harbors Edge,1899000,same street,1700 SE 15th Street Unit#206,199000,159.0,1250
1507 SE 15th Street Unit#202,Harbors Edge,1899000,same street,1700 SE 15th St Unit#111,500000,417.0,1200
1635 Seabreeze Boulevard,Harbor Beach,1895000,same street,1601 Seabreeze Boulevard,1650000,826.0,1997
1635 Seabreeze Boulevard,Harbor Beach,1895000,same street,1530 Seabreeze Boulevard,1635000,776.0,2106
1635 Seabreeze Boulevard,Harbor Beach,1895000,same street,1344 Seabreeze Blvd,1635000,628.0,2605
1635 Seabreeze Boulevard,Harbor Beach,1895000,same street,1217 Seabreeze Blvd,1862000,688.0,2706
1635 Seabreeze Boulevard,Harbor Beach,1895000,same street,1237 Seabreeze Blvd,4400000,1358.0,3240
104 NE 16th Ter,Victoria Park,1875000,same street,122 NE 16th Ter Unit#122,1310000,466.0,2810
104 NE 16th Ter,Victoria Park,1875000,same street,807 NE 16th Ter,1270000,491.0,2585
104 NE 16th Ter,Victoria Park,1875000,same street,809 NE 16th Ter,1287500,498.0,2585
104 NE 16th Ter,Victoria Park,1875000,same street,1332 NE 16th Ter,1078000,452.0,2385
104 NE 16th Ter,Victoria Park,1875000,same street,803 NE 16th Terrace,1175000,498.0,2360
809 NE 16th Avenue Unit#20,Regency Park Townhomes,1869000,same street,2410 NE 16th Ave,2200000,782.0,2813
809 NE 16th Avenue Unit#20,Regency Park Townhomes,1869000,same street,928 NE 16th Avenue Unit#928,1275000,443.0,2880
809 NE 16th Avenue Unit#20,Regency Park Townhomes,1869000,same street,1528 NE 16th Ave,2150000,729.0,2950
809 NE 16th Avenue Unit#20,Regency Park Townhomes,1869000,same street,850 NE 16th Ave Unit#850,735000,274.0,2682
809 NE 16th Avenue Unit#20,Regency Park Townhomes,1869000,same street,449 NE 16th Avenue,1300000,510.0,2550
1808 Coral Ridge Dr,Livermore Estates,1865000,same street,1421 Coral Ridge Dr,1515000,608.0,2492
1808 Coral Ridge Dr,Livermore Estates,1865000,same street,1420 Coral Ridge Drive,1550000,762.0,2034
1808 Coral Ridge Dr,Livermore Estates,1865000,same street,1627 Coral Ridge Drive,5150000,1013.0,5086
1808 Coral Ridge Dr,Livermore Estates,1865000,same street,1627 Coral Ridge Dr,1425000,887.0,1606
2845 NE 9th Street Unit#Ph5,Le Club International Cond,1825000,same street,1633 NE 9th St Unit#1633,1050000,446.0,2352
2845 NE 9th Street Unit#Ph5,Le Club International Cond,1825000,same street,1616 NE 9th St,765000,330.0,2318
2845 NE 9th Street Unit#Ph5,Le Club International Cond,1825000,same street,2845 NE 9th St Unit#1003,1450000,551.0,2630
2845 NE 9th Street Unit#Ph5,Le Club International Cond,1825000,same street,2845 NE 9th St Unit#504,1300000,494.0,2630
2845 NE 9th Street Unit#Ph5,Le Club International Cond,1825000,same street,2845 NE 9th Street Unit#804,1100000,418.0,2630
1133 NE 18th Court,Lauderdale Park,1825000,same street,801 NE 18th Ct Unit#302,383000,381.0,1004
1133 NE 18th Court,Lauderdale Park,1825000,same street,801 NE 18th Court Unit#Apt 111,320000,330.0,969
1133 NE 18th Court,Lauderdale Park,1825000,same street,801 NE 18th Ct Unit#105,230000,319.0,722
1133 NE 18th Court,Lauderdale Park,1825000,same street,801 NE 18th Ct Unit#103,225000,312.0,722
1133 NE 18th Court,Lauderdale Park,1825000,same street,801 NE 18th Ct Unit#209,215000,298.0,722
300 NE 3rd Avenue Unit#2703s,Ombelle Fort Lauderdale,1815447,same street,315 NE 3rd Ave Unit#1003,550000,351.0,1568
300 NE 3rd Avenue Unit#2703s,Ombelle Fort Lauderdale,1815447,same street,1699 NE 3rd Ave Unit#501,499999,324.0,1541
300 NE 3rd Avenue Unit#2703s,Ombelle Fort Lauderdale,1815447,same street,315 NE 3rd Avenue Unit#1006,575000,390.0,1474
300 NE 3rd Avenue Unit#2703s,Ombelle Fort Lauderdale,1815447,same street,533 NE 3rd Avenue Unit#417,435000,302.0,1440
300 NE 3rd Avenue Unit#2703s,Ombelle Fort Lauderdale,1815447,same street,315 NE 3rd Ave Unit#2007,615000,475.0,1294
133 Isle Of Venice Drive Unit#201,Aquavue Las Olas,1800000,same street,133 Isle of Venice Dr Unit#301,1862500,654.0,2849
133 Isle Of Venice Drive Unit#201,Aquavue Las Olas,1800000,same street,160 Isle Of Venice Dr Unit#203,2725000,934.0,2918
133 Isle Of Venice Drive Unit#201,Aquavue Las Olas,1800000,same street,141 Isle of Venice Dr Unit#3-S,3450000,1110.0,3108
133 Isle Of Venice Drive Unit#201,Aquavue Las Olas,1800000,same street,20 ISLE OF VENICE DR Unit#PH2,2177000,841.0,2590
133 Isle Of Venice Drive Unit#201,Aquavue Las Olas,1800000,same street,20 Isle Of Venice Dr Unit#302,1875000,724.0,2590
151 N Seabreeze Boulevard Unit#903,Selene Oceanfront,1799000,same street,151 N Seabreeze Boulevard Unit#1403,1850000,1101.0,1680
151 N Seabreeze Boulevard Unit#903,Selene Oceanfront,1799000,same street,151 N Seabreeze Boulevard Unit#1103-E,1425000,847.0,1682
151 N Seabreeze Boulevard Unit#903,Selene Oceanfront,1799000,same street,153 N Seabreeze Boulevard Unit#1704s,1700000,996.0,1707
151 N Seabreeze Boulevard Unit#903,Selene Oceanfront,1799000,same street,153 N Seabreeze Boulevard Unit#1204,1625000,952.0,1707
151 N Seabreeze Boulevard Unit#903,Selene Oceanfront,1799000,same street,153 N Seabreeze Boulevard Unit#1004-S,1500000,879.0,1707
30 Isle Of Venice Dr Unit#403,Aqualuna Las Olas Aqualuna,1799000,same street,20 ISLE OF VENICE DR Unit#PH2,2177000,841.0,2590
30 Isle Of Venice Dr Unit#403,Aqualuna Las Olas Aqualuna,1799000,same street,20 Isle Of Venice Dr Unit#302,1875000,724.0,2590
30 Isle Of Venice Dr Unit#403,Aqualuna Las Olas Aqualuna,1799000,same street,21 Isle Of Venice Dr Unit#402,2100000,830.0,2531
30 Isle Of Venice Dr Unit#403,Aqualuna Las Olas Aqualuna,1799000,same street,133 Isle of Venice Dr Unit#301,1862500,654.0,2849
30 Isle Of Venice Dr Unit#403,Aqualuna Las Olas Aqualuna,1799000,same street,160 Isle Of Venice Dr Unit#203,2725000,934.0,2918
656 NW 21st Street,Curva Del Rio,1799000,same street,509 NW 21st St,450000,238.0,1890
656 NW 21st Street,Curva Del Rio,1799000,same street,632 NW 21st St,735000,409.0,1797
656 NW 21st Street,Curva Del Rio,1799000,same street,1201 NW 21st St,630000,368.0,1714
656 NW 21st Street,Curva Del Rio,1799000,same street,401 NW 21st St,790000,469.0,1683
656 NW 21st Street,Curva Del Rio,1799000,same street,417 NW 21st St,725000,466.0,1556
2200 S Ocean Ln Unit#2804,Point Americas,1795000,same street,2200 S Ocean Ln Unit#1604,1600000,796.0,2011
2200 S Ocean Ln Unit#2804,Point Americas,1795000,same street,2200 S Ocean Ln Unit#308,1250000,622.0,2011
2200 S Ocean Ln Unit#2804,Point Americas,1795000,same street,2200 S Ocean Ln Unit#508,1110000,552.0,2011
2200 S Ocean Ln Unit#2804,Point Americas,1795000,same street,2200 S Ocean Ln Unit#1208,1600000,798.0,2005
2200 S Ocean Ln Unit#2804,Point Americas,1795000,same street,2200 S Ocean Ln Unit#1102,1520000,759.0,2003
3055 Harbor Drive Unit#1402,Harbourage Place,1795000,same street,3055 Harbor Dr Unit#603,1600000,475.0,3368
3055 Harbor Drive Unit#1402,Harbourage Place,1795000,same street,3025 Harbor Dr Unit#17,575000,383.0,1500
2100 S Ocean Ln Unit#506,Point Americas,1795000,same street,2100 S Ocean Ln Unit#1206,1420000,563.0,2524
2100 S Ocean Ln Unit#506,Point Americas,1795000,same street,2100 S Ocean Lane Unit#2306,1950000,783.0,2491
2100 S Ocean Ln Unit#506,Point Americas,1795000,same street,2200 S Ocean Ln Unit#905,1650000,760.0,2170
2100 S Ocean Ln Unit#506,Point Americas,1795000,same street,2200 S Ocean Ln Unit#205,1370000,631.0,2170
2100 S Ocean Ln Unit#506,Point Americas,1795000,same street,2200 S Ocean Ln Unit#905,1075000,495.0,2170
2317 NE 12th Street,Beach Way Heights,1795000,same street,1747 NE 12th Street Unit#1747,850000,414.0,2054
2317 NE 12th Street,Beach Way Heights,1795000,same street,1742 NE 12th Street,699900,360.0,1942
2317 NE 12th Street,Beach Way Heights,1795000,same street,2608 NE 12th St,1250000,664.0,1883
2317 NE 12th Street,Beach Way Heights,1795000,same street,1515 NE 12th St,570000,463.0,1231
2317 NE 12th Street,Beach Way Heights,1795000,same street,2409 NE 12th Street,2750000,658.0,4182
100 E Las Olas Blvd Unit#3201,Las Olas,1790000,same street,2301 E Las Olas Boulevard,2650000,1316.0,2014
100 E Las Olas Blvd Unit#3201,Las Olas,1790000,same street,100 E Las Olas Blvd Unit#3701,2000000,835.0,2395
100 E Las Olas Blvd Unit#3201,Las Olas,1790000,same street,100 E Las Olas Blvd Unit#3001,1975000,825.0,2395
100 E Las Olas Blvd Unit#3201,Las Olas,1790000,same street,100 E Las Olas Blvd Unit#1701,1625000,678.0,2395
100 E Las Olas Blvd Unit#3201,Las Olas,1790000,same street,100 E Las Olas Blvd Unit#1701,1599000,668.0,2395
843 SW 14th Court Unit#843,Esmonda Gardens,1777000,same street,420 SW 14th Ct,711500,439.0,1620
843 SW 14th Court Unit#843,Esmonda Gardens,1777000,same street,228 SW 14th Ct,470000,316.0,1485
843 SW 14th Court Unit#843,Esmonda Gardens,1777000,same street,801 SW 14th Ct,625000,445.0,1403
843 SW 14th Court Unit#843,Esmonda Gardens,1777000,same street,300 SW 14th Ct.,485000,501.0,968
320 SW 11 Unit#320,Tarpon River,1775000,neighborhood + band,724 SW 8th Way Unit#724,1423000,485.0,2935
320 SW 11 Unit#320,Tarpon River,1775000,neighborhood + band,798 SW 8th Way,1316250,451.0,2918
320 SW 11 Unit#320,Tarpon River,1775000,neighborhood + band,723 SW 8 Avenue,1250000,428.0,2918
320 SW 11 Unit#320,Tarpon River,1775000,neighborhood + band,801 SW 8 Avenue,1275000,437.0,2918
320 SW 11 Unit#320,Tarpon River,1775000,neighborhood + band,619 SW 10th Street Unit#N/A,1200000,416.0,2888
1735 NE 23rd Avenue,Bal Harbour,1750000,same street,1801 NE 23rd Ave,1280000,644.0,1987
1735 NE 23rd Avenue,Bal Harbour,1750000,same street,1725 NE 23rd Ave,2000000,854.0,2341
333 Las Olas Way Unit#2409,Las Olas,1750000,same street,333 Las Olas Way Unit#2209,1600000,747.0,2141
333 Las Olas Way Unit#2409,Las Olas,1750000,same street,333 Las Olas Way Unit#909,1350000,631.0,2141
333 Las Olas Way Unit#2409,Las Olas,1750000,same street,333 Las Olas Way Unit#1009,1075000,502.0,2141
333 Las Olas Way Unit#2409,Las Olas,1750000,same street,333 Las Olas Way Unit#804,1500000,705.0,2129
333 Las Olas Way Unit#2409,Las Olas,1750000,same street,333 LAS OLAS WAY Unit#3305,1325000,622.0,2129
1935 SE 25th Avenue,Harbour Heights,1749999,same street,1925 SE 25th Ave,1500000,666.0,2253
1935 SE 25th Avenue,Harbour Heights,1749999,same street,1959 SE 25th Avenue,1985000,866.0,2291
1935 SE 25th Avenue,Harbour Heights,1749999,same street,724 SE 25th Avenue,7500000,1685.0,4451
2100 NE 24th St,Coral Point,1749000,same street,1703 NE 24th St,608000,361.0,1685
2100 NE 24th St,Coral Point,1749000,same street,2024 NE 24th St,985000,575.0,1714
2100 NE 24th St,Coral Point,1749000,same street,2009 NE 24th St,920000,529.0,1740
2100 NE 24th St,Coral Point,1749000,same street,333 NE 24th Street,830000,519.0,1600
2100 NE 24th St,Coral Point,1749000,same street,20 NE 24th St,900000,502.0,1792
701 N Fort Lauderdale Beach Blvd Unit#TH3,Paramount Ft Lauderdale Paramount,1749000,same street,701 N Fort Lauderdale Beach Blvd Unit#505,2450000,1013.0,2419
701 N Fort Lauderdale Beach Blvd Unit#TH3,Paramount Ft Lauderdale Paramount,1749000,same street,701 N Fort Lauderdale Beach Boulevard Unit#605,2250000,930.0,2419
701 N Fort Lauderdale Beach Blvd Unit#TH3,Paramount Ft Lauderdale Paramount,1749000,same street,701 N Fort Lauderdale Beach Boulevard Unit#1606,3152500,1303.0,2420
701 N Fort Lauderdale Beach Blvd Unit#TH3,Paramount Ft Lauderdale Paramount,1749000,same street,701 N Fort Lauderdale Beach Blvd Unit#1706,2950000,1219.0,2420
701 N Fort Lauderdale Beach Blvd Unit#TH3,Paramount Ft Lauderdale Paramount,1749000,same street,701 N Fort Lauderdale Beach Blvd Unit#1206,2750000,1136.0,2420
516 Hendricks Isle Unit#2C,Aria Las Olas Aria,1745000,same street,19 Hendricks Isle Unit#101,1500000,620.0,2420
516 Hendricks Isle Unit#2C,Aria Las Olas Aria,1745000,same street,25 Hendricks Isle Unit#203,975000,412.0,2364
516 Hendricks Isle Unit#2C,Aria Las Olas Aria,1745000,same street,48 Hendricks Isle Unit#3A-A,1400000,570.0,2458
516 Hendricks Isle Unit#2C,Aria Las Olas Aria,1745000,same street,60 Hendricks Isle Unit#402,1860000,801.0,2321
516 Hendricks Isle Unit#2C,Aria Las Olas Aria,1745000,same street,25 Hendricks Isle Unit#305,975000,420.0,2320
1525 NE 15TH Avenue,Allenwood,1729000,same street,3057 NE 15th Ave,790000,286.0,2761
1525 NE 15TH Avenue,Allenwood,1729000,same street,314 NE 15th Ave,1250000,457.0,2738
1525 NE 15TH Avenue,Allenwood,1729000,same street,317 NE 15th Ave Unit#317,1250000,457.0,2734
1525 NE 15TH Avenue,Allenwood,1729000,same street,625 NE 15th Ave,1375000,552.0,2491
1525 NE 15TH Avenue,Allenwood,1729000,same street,726 NE 15th Avenue Unit#726,885000,360.0,2456
1527 NE 15TH Avenue,Allenwood,1729000,same street,3057 NE 15th Ave,790000,286.0,2761
1527 NE 15TH Avenue,Allenwood,1729000,same street,314 NE 15th Ave,1250000,457.0,2738
1527 NE 15TH Avenue,Allenwood,1729000,same street,317 NE 15th Ave Unit#317,1250000,457.0,2734
1527 NE 15TH Avenue,Allenwood,1729000,same street,625 NE 15th Ave,1375000,552.0,2491
1527 NE 15TH Avenue,Allenwood,1729000,same street,726 NE 15th Avenue Unit#726,885000,360.0,2456
2216 NE 18th Ave,Middle River Manor,1700000,same street,1117 NE 18th Ave Unit#2,1049000,373.0,2810
2216 NE 18th Ave,Middle River Manor,1700000,same street,1524 NE 18th Ave,1150000,428.0,2685
2216 NE 18th Ave,Middle River Manor,1700000,same street,1609 NE 18th Ave,1680000,641.0,2621
2216 NE 18th Ave,Middle River Manor,1700000,same street,1636 NE 18th Ave,2450000,831.0,2950
2216 NE 18th Ave,Middle River Manor,1700000,same street,744 NE 18th Ave,1440000,586.0,2456
511 SE 5th Ave Unit#11,Nu River Landing,1700000,same street,511 SE 5th Avenue Unit#1707,480000,389.0,1233
511 SE 5th Ave Unit#11,Nu River Landing,1700000,same street,511 SE 5th Avenue Unit#707,410000,333.0,1233
511 SE 5th Ave Unit#11,Nu River Landing,1700000,same street,511 SE 5th Ave Unit#2121,610000,490.0,1246
511 SE 5th Ave Unit#11,Nu River Landing,1700000,same street,511 SE 5th Ave Unit#2003,615000,494.0,1246
511 SE 5th Ave Unit#11,Nu River Landing,1700000,same street,511 SE 5th Ave Unit#1902,605000,486.0,1246
77 S Birch Road Unit#7D,Portofino On Intracoas,1699000,same street,77 S Birch Rd Unit#5D,1450000,918.0,1580
77 S Birch Road Unit#7D,Portofino On Intracoas,1699000,same street,77 S Birch Rd Unit#4D,1206500,764.0,1580
77 S Birch Road Unit#7D,Portofino On Intracoas,1699000,same street,100 S Birch Rd Unit#1905D,1015000,615.0,1650
77 S Birch Road Unit#7D,Portofino On Intracoas,1699000,same street,100 S Birch Rd Unit#1605,887500,538.0,1650
77 S Birch Road Unit#7D,Portofino On Intracoas,1699000,same street,100 S Birch Road Unit#803,1005000,584.0,1722
2200 S Ocean Ln Unit#2204,Point Americas Phase Point Americas,1699000,same street,2200 S Ocean Ln Unit#1604,1600000,796.0,2011
2200 S Ocean Ln Unit#2204,Point Americas Phase Point Americas,1699000,same street,2200 S Ocean Ln Unit#308,1250000,622.0,2011
2200 S Ocean Ln Unit#2204,Point Americas Phase Point Americas,1699000,same street,2200 S Ocean Ln Unit#508,1110000,552.0,2011
2200 S Ocean Ln Unit#2204,Point Americas Phase Point Americas,1699000,same street,2200 S Ocean Ln Unit#1208,1600000,798.0,2005
2200 S Ocean Ln Unit#2204,Point Americas Phase Point Americas,1699000,same street,2200 S Ocean Ln Unit#1102,1520000,759.0,2003
729 NE 17th Terrace,Victoria Park,1699000,same street,729 NE 17th Ter,1635000,769.0,2126
729 NE 17th Terrace,Victoria Park,1699000,same street,1717 NE 17th Ter,660000,329.0,2009
729 NE 17th Terrace,Victoria Park,1699000,same street,815 NE 17th Ter,1495000,663.0,2255
729 NE 17th Terrace,Victoria Park,1699000,same street,912 NE 17th Ter,1100000,471.0,2333
729 NE 17th Terrace,Victoria Park,1699000,same street,835 NE 17th Ter Unit#7,805000,420.0,1916
645 NE 17th Way Unit#645,Seven Corners Townhomes,1699000,same street,532 NE 17th Way,1855000,574.0,3232
645 NE 17th Way Unit#645,Seven Corners Townhomes,1699000,same street,705 NE 17TH WAY,1850000,567.0,3260
645 NE 17th Way Unit#645,Seven Corners Townhomes,1699000,same street,1409 NE 17th Way,2050000,650.0,3154
645 NE 17th Way Unit#645,Seven Corners Townhomes,1699000,same street,736 NE 17th Way,1712500,569.0,3011
645 NE 17th Way Unit#645,Seven Corners Townhomes,1699000,same street,517 NE 17th Way,2495000,724.0,3448
45 Hendricks Isle Unit#403,Hendricks,1699000,same street,516 Hendricks Isle Unit#5B,1335000,635.0,2104
45 Hendricks Isle Unit#403,Hendricks,1699000,same street,85 Hendricks Isle,1600000,740.0,2162
45 Hendricks Isle Unit#403,Hendricks,1699000,same street,91 Hendricks Isle,1555000,719.0,2162
45 Hendricks Isle Unit#403,Hendricks,1699000,same street,217 Hendricks Isle Unit#501,1325000,666.0,1990
45 Hendricks Isle Unit#403,Hendricks,1699000,same street,48 Hendricks Isle Unit#2b-A,1100000,488.0,2253
1508 NE 30th Court,Coral Brook,1699000,neighborhood + band,1508 NE 30th Ct,1015000,554.0,1832
705 SW 8th Terrace,Tarpon River,1699000,same street,650 SW 8th Ter,1205000,575.0,2096
705 SW 8th Terrace,Tarpon River,1699000,same street,805 SW 8th Ter,627000,420.0,1494
705 SW 8th Terrace,Tarpon River,1699000,same street,807 SW 8th Ter Unit#807,649000,434.0,1494
705 SW 8th Terrace,Tarpon River,1699000,same street,1130 SW 8th Ter,515000,370.0,1392
705 SW 8th Terrace,Tarpon River,1699000,same street,808 SW 8th Terrace,870000,648.0,1343
615 Bayshore Drive Unit#603,La Cascade,1695000,same street,615 Bayshore Drive Unit#401,1050000,462.0,2274
615 Bayshore Drive Unit#603,La Cascade,1695000,same street,777 Bayshore Dr Unit#1501,1000000,455.0,2200
615 Bayshore Drive Unit#603,La Cascade,1695000,same street,615 Bayshore Drive Unit#303,1200000,507.0,2365
615 Bayshore Drive Unit#603,La Cascade,1695000,same street,435 Bayshore Dr Unit#301,2950000,1238.0,2383
615 Bayshore Drive Unit#603,La Cascade,1695000,same street,435 Bayshore Dr Unit#501,3100000,1292.0,2400
100 S Birch Road Unit#1701a,Jackson Tower Las Olas Con,1695000,same street,100 S Birch Rd Unit#2501,1450000,726.0,1998
100 S Birch Road Unit#1701a,Jackson Tower Las Olas Con,1695000,same street,100 S Birch Rd Unit#1801A,1400000,701.0,1998
100 S Birch Road Unit#1701a,Jackson Tower Las Olas Con,1695000,same street,100 S Birch Rd Unit#1001,1325000,663.0,1998
100 S Birch Road Unit#1701a,Jackson Tower Las Olas Con,1695000,same street,100 S Birch Road Unit#802,1145000,574.0,1995
100 S Birch Road Unit#1701a,Jackson Tower Las Olas Con,1695000,same street,100 S Birch Rd Unit#2502C,1350000,678.0,1990
101 S Fort Lauderdale Beach Boulevard Unit#1706,Las Olas,1695000,same street,101 S Fort Lauderdale Beach Boulevard Unit#1707,1735000,911.0,1905
101 S Fort Lauderdale Beach Boulevard Unit#1706,Las Olas,1695000,same street,101 S FORT LAUDERDALE BEACH BLVD Unit#1907,1725000,906.0,1905
101 S Fort Lauderdale Beach Boulevard Unit#1706,Las Olas,1695000,same street,101 S FORT LAUDERDALE BEACH BLVD Unit#1807,1740000,913.0,1905
101 S Fort Lauderdale Beach Boulevard Unit#1706,Las Olas,1695000,same street,101 S Fort Lauderdale Beach Blvd Unit#2507,1600000,840.0,1905
101 S Fort Lauderdale Beach Boulevard Unit#1706,Las Olas,1695000,same street,101 S FORT LAUDERDALE BEACH BLVD Unit#2107,1536179,806.0,1905
1680 S Ocean Ln Unit#251,Oceanage,1695000,same street,1665 S Ocean Ln Unit#190,1362500,1070.0,1273
1680 S Ocean Ln Unit#251,Oceanage,1695000,same street,1680 S Ocean Ln Unit#151,1280000,1005.0,1273
1680 S Ocean Ln Unit#251,Oceanage,1695000,same street,1656 S Ocean Ln Unit#245,1050000,825.0,1273
1680 S Ocean Ln Unit#251,Oceanage,1695000,same street,1578 S Ocean Lane Unit#115,1180000,927.0,1273
1680 S Ocean Ln Unit#251,Oceanage,1695000,same street,1625 S Ocean Ln Unit#286,1115000,876.0,1273
2611 SE 21 Street,Breakwater,1695000,neighborhood + band,2521 SE 21 Street,1150000,810.0,1420
2611 SE 21 Street,Breakwater,1695000,neighborhood + band,2000 SE 26th Avenue,1150000,889.0,1294
301 Hendricks Isle Unit#6,Place Des Arts,1695000,same street,11 Hendricks Isle Unit#11,2800000,787.0,3559
301 Hendricks Isle Unit#6,Place Des Arts,1695000,same street,516 Hendricks Isle Unit#4A,1675000,516.0,3246
301 Hendricks Isle Unit#6,Place Des Arts,1695000,same street,423 Hendricks Isle,2450000,790.0,3102
301 Hendricks Isle Unit#6,Place Des Arts,1695000,same street,421 Hendricks Isle,2517000,811.0,3102
301 Hendricks Isle Unit#6,Place Des Arts,1695000,same street,301 Hendricks Isle Unit#2,1750000,571.0,3064
347 N New River Drive Unit#Ph 6,Watergarden,1695000,same street,347 N New River Dr Unit#3104,1050000,715.0,1469
347 N New River Drive Unit#Ph 6,Watergarden,1695000,same street,347 N New River Dr Unit#2209,855000,582.0,1469
347 N New River Drive Unit#Ph 6,Watergarden,1695000,same street,347 N New River Dr Unit#501,770000,477.0,1615
347 N New River Drive Unit#Ph 6,Watergarden,1695000,same street,411 N New River Dr Unit#2805,1500000,920.0,1630
347 N New River Drive Unit#Ph 6,Watergarden,1695000,same street,411 N New River Dr Unit#405,1200000,736.0,1630
2100 N Ocean Blvd Unit#12D,Palms Tower One,1690000,same street,2509 N Ocean Blvd Unit#675,1032000,480.0,2150
2100 N Ocean Blvd Unit#12D,Palms Tower One,1690000,same street,2501 N Ocean Blvd Unit#652,1010000,470.0,2150
2100 N Ocean Blvd Unit#12D,Palms Tower One,1690000,same street,2509 N Ocean Blvd Unit#775,950000,442.0,2150
2100 N Ocean Blvd Unit#12D,Palms Tower One,1690000,same street,2110 N Ocean Boulevard Unit#22a,1200000,563.0,2130
2100 N Ocean Blvd Unit#12D,Palms Tower One,1690000,same street,2110 N Ocean Blvd Unit#11A,1325000,622.0,2130
1710 S Ocean Lane Unit#202,Lago Mar North Lodge,1680000,same street,2100 S Ocean Lane Unit#1103,910000,607.0,1500
1710 S Ocean Lane Unit#202,Lago Mar North Lodge,1680000,same street,2100 S Ocean Ln Unit#1703,840000,560.0,1500
1710 S Ocean Lane Unit#202,Lago Mar North Lodge,1680000,same street,2100 S Ocean Ln Unit#1409,732832,484.0,1513
1710 S Ocean Lane Unit#202,Lago Mar North Lodge,1680000,same street,2100 S Ocean Ln Unit#1109,840000,555.0,1513
1710 S Ocean Lane Unit#202,Lago Mar North Lodge,1680000,same street,2100 S Ocean Lane Unit#709,790000,522.0,1513
3000 E Oakland Park Boulevard Unit#601,Waterside,1674500,same street,1810 E OAKLAND PARK BLVD Unit#1,190000,244.0,780
3000 E Oakland Park Boulevard Unit#601,Waterside,1674500,same street,1816 E Oakland Park Blvd Unit#59,250000,425.0,588
3000 E Oakland Park Boulevard Unit#601,Waterside,1674500,same street,1816 E Oakland Park Blvd Unit#63,228500,389.0,588
3000 E Oakland Park Boulevard Unit#601,Waterside,1674500,same street,1816 E Oakland Park Blvd Unit#77,160000,272.0,588
3000 E Oakland Park Boulevard Unit#601,Waterside,1674500,same street,1812 E Oakland Park Blvd Unit#36,155000,264.0,588
8 Portside Drive Unit#8a,Portside Yacht Club,1669000,same street,39 Portside Drive Unit#39B,1830500,724.0,2530
8 Portside Drive Unit#8a,Portside Yacht Club,1669000,same street,26 Portside Dr,1350000,606.0,2226
111 SE 8th Avenue Unit#Ph-1701,Venezia,1655000,same street,111 SE 8th Ave Unit#1101,850000,491.0,1730
111 SE 8th Avenue Unit#Ph-1701,Venezia,1655000,same street,111 SE 8th Ave Unit#1001,845000,552.0,1530
111 SE 8th Avenue Unit#Ph-1701,Venezia,1655000,same street,111 SE 8th Avenue Unit#601,750000,491.0,1529
111 SE 8th Avenue Unit#Ph-1701,Venezia,1655000,same street,111 SE 8th Avenue Unit#1005,645000,542.0,1190
111 SE 8th Avenue Unit#Ph-1701,Venezia,1655000,same street,111 SE 8th Ave Unit#1003,475000,534.0,890
2125 NE 17th Ter,Middle River Manor,1650000,same street,1232 NE 17th Ter,1500000,903.0,1661
2125 NE 17th Ter,Middle River Manor,1650000,same street,1910 NE 17th Terrace,880000,562.0,1566
2125 NE 17th Ter,Middle River Manor,1650000,same street,1419 NE 17th Ter,800000,474.0,1689
2125 NE 17th Ter,Middle River Manor,1650000,same street,2840 NE 17th Ter,855000,556.0,1538
2125 NE 17th Ter,Middle River Manor,1650000,same street,735 NE 17th Terrace,649000,422.0,1538
100 E Las Olas Boulevard Unit#3804,Las Olas,1649000,same street,100 E Las Olas Boulevard Unit#4504,1810000,969.0,1867
100 E Las Olas Boulevard Unit#3804,Las Olas,1649000,same street,100 E Las Olas Blvd Unit#3604,1710000,916.0,1867
100 E Las Olas Boulevard Unit#3804,Las Olas,1649000,same street,100 E Las Olas Blvd Unit#2604,1600000,857.0,1867
100 E Las Olas Boulevard Unit#3804,Las Olas,1649000,same street,100 E Las Olas Blvd Unit#3804,1600000,857.0,1867
100 E Las Olas Boulevard Unit#3804,Las Olas,1649000,same street,100 E Las Olas Boulevard Unit#1904,1525000,817.0,1867
411 N New River Dr E Unit#3703,Las Olas,1629000,same street,411 N New River Dr E Unit#3203,1495000,709.0,2110
411 N New River Dr E Unit#3703,Las Olas,1629000,same street,347 N New River Dr E Unit#PH2,1550000,808.0,1919
411 N New River Dr E Unit#3703,Las Olas,1629000,same street,411 N New River Dr E Unit#1502,1375000,844.0,1630
411 N New River Dr E Unit#3703,Las Olas,1629000,same street,411 N New River Dr E Unit#1202,950000,583.0,1630
411 N New River Dr E Unit#3703,Las Olas,1629000,same street,347 N New River Dr E Unit#2201,1195000,740.0,1615
2100 S Ocean Ln Unit#412,Point Americas,1625000,same street,2100 S Ocean Ln Unit#512,980000,541.0,1813
2100 S Ocean Ln Unit#412,Point Americas,1625000,same street,2100 S Ocean Ln Unit#2102,1455000,774.0,1879
2100 S Ocean Ln Unit#412,Point Americas,1625000,same street,2100 S Ocean Ln Unit#1502,930000,495.0,1879
2100 S Ocean Ln Unit#412,Point Americas,1625000,same street,2100 S Ocean Ln Unit#2108,886240,471.0,1880
2100 S Ocean Ln Unit#412,Point Americas,1625000,same street,2100 S Ocean Ln Unit#1608,800000,426.0,1880
101 S Fort Lauderdale Beach Boulevard Unit#1107,Las Olas,1599000,same street,101 S Fort Lauderdale Beach Boulevard Unit#1707,1735000,911.0,1905
101 S Fort Lauderdale Beach Boulevard Unit#1107,Las Olas,1599000,same street,101 S FORT LAUDERDALE BEACH BLVD Unit#1907,1725000,906.0,1905
101 S Fort Lauderdale Beach Boulevard Unit#1107,Las Olas,1599000,same street,101 S FORT LAUDERDALE BEACH BLVD Unit#1807,1740000,913.0,1905
101 S Fort Lauderdale Beach Boulevard Unit#1107,Las Olas,1599000,same street,101 S Fort Lauderdale Beach Blvd Unit#2507,1600000,840.0,1905
101 S Fort Lauderdale Beach Boulevard Unit#1107,Las Olas,1599000,same street,101 S FORT LAUDERDALE BEACH BLVD Unit#2107,1536179,806.0,1905
2021 SW 14th Terrace,River Oaks La Preserve,1599000,same street,2326 SW 14th Terrace,1380000,504.0,2738
2021 SW 14th Terrace,River Oaks La Preserve,1599000,same street,621 SW 14th Ter,700000,388.0,1804
2021 SW 14th Terrace,River Oaks La Preserve,1599000,same street,715 SW 14th Ter,485000,509.0,952
3030 N Ocean Boulevard Unit#S106,Thirty North Ocean,1595000,same street,2200 N Ocean Blvd Unit#N1102,4200000,1893.0,2219
3030 N Ocean Boulevard Unit#S106,Thirty North Ocean,1595000,same street,2200 N Ocean Boulevard Unit#N505,4950000,2034.0,2434
3030 N Ocean Boulevard Unit#S106,Thirty North Ocean,1595000,same street,2509 N Ocean Blvd Unit#675,1032000,480.0,2150
3030 N Ocean Boulevard Unit#S106,Thirty North Ocean,1595000,same street,2501 N Ocean Blvd Unit#652,1010000,470.0,2150
3030 N Ocean Boulevard Unit#S106,Thirty North Ocean,1595000,same street,2509 N Ocean Blvd Unit#775,950000,442.0,2150
2200 S Ocean Ln Unit#1405,Point America Point Americas,1595000,same street,2200 S Ocean Ln Unit#905,1650000,760.0,2170
2200 S Ocean Ln Unit#1405,Point America Point Americas,1595000,same street,2200 S Ocean Ln Unit#205,1370000,631.0,2170
2200 S Ocean Ln Unit#1405,Point America Point Americas,1595000,same street,2200 S Ocean Ln Unit#905,1075000,495.0,2170
2200 S Ocean Ln Unit#1405,Point America Point Americas,1595000,same street,2200 S Ocean Lane Unit#806,1050000,484.0,2170
2200 S Ocean Ln Unit#1405,Point America Point Americas,1595000,same street,2100 S Ocean Lane Unit#1707,1400000,662.0,2116
2200 S Ocean Lane Unit#2805,Point Americas Phase Ii,1595000,same street,2200 S Ocean Ln Unit#905,1650000,760.0,2170
2200 S Ocean Lane Unit#2805,Point Americas Phase Ii,1595000,same street,2200 S Ocean Ln Unit#205,1370000,631.0,2170
2200 S Ocean Lane Unit#2805,Point Americas Phase Ii,1595000,same street,2200 S Ocean Ln Unit#905,1075000,495.0,2170
2200 S Ocean Lane Unit#2805,Point Americas Phase Ii,1595000,same street,2200 S Ocean Lane Unit#806,1050000,484.0,2170
2200 S Ocean Lane Unit#2805,Point Americas Phase Ii,1595000,same street,2100 S Ocean Lane Unit#1707,1400000,662.0,2116
2100 S Ocean Lane Unit#1712,Point Americas,1595000,same street,2100 S Ocean Ln Unit#512,980000,541.0,1813
2100 S Ocean Lane Unit#1712,Point Americas,1595000,same street,2100 S Ocean Ln Unit#2102,1455000,774.0,1879
2100 S Ocean Lane Unit#1712,Point Americas,1595000,same street,2100 S Ocean Ln Unit#1502,930000,495.0,1879
2100 S Ocean Lane Unit#1712,Point Americas,1595000,same street,2100 S Ocean Ln Unit#2108,886240,471.0,1880
2100 S Ocean Lane Unit#1712,Point Americas,1595000,same street,2100 S Ocean Ln Unit#1608,800000,426.0,1880
101 S Fort Lauderdale Beach Blvd Unit#308,Las Olas,1595000,same street,101 S Fort Lauderdale Beach Blvd Unit#1903,2900000,956.0,3035
101 S Fort Lauderdale Beach Blvd Unit#308,Las Olas,1595000,same street,101 S Fort Lauderdale Beach Boulevard Unit#1201,2800000,949.0,2950
101 S Fort Lauderdale Beach Blvd Unit#308,Las Olas,1595000,same street,101 S Fort Lauderdale Beach Blvd Unit#1405,2160000,732.0,2950
101 S Fort Lauderdale Beach Blvd Unit#308,Las Olas,1595000,same street,101 S Fort Lauderdale Beach Blvd Unit#901,2110000,715.0,2950
101 S Fort Lauderdale Beach Blvd Unit#308,Las Olas,1595000,same street,101 S Fort Lauderdale Beach Blvd Unit#1001,1850000,627.0,2950
919 NE 17th Terrace Unit#A,Victoria Park,1595000,same street,810 NE 17th ter,1600000,644.0,2484
919 NE 17th Terrace Unit#A,Victoria Park,1595000,same street,808 NE 17th Ter,1600000,644.0,2484
919 NE 17th Terrace Unit#A,Victoria Park,1595000,same street,921 NE 17th Terrace Unit#A,1495000,590.0,2532
919 NE 17th Terrace Unit#A,Victoria Park,1595000,same street,912 NE 17th Ter,1100000,471.0,2333
919 NE 17th Terrace Unit#A,Victoria Park,1595000,same street,815 NE 17th Ter,1495000,663.0,2255
2056 NE 21st Court,South Coral Point,1595000,same street,2608 NE 21st Ct,1475000,515.0,2865
2056 NE 21st Court,South Coral Point,1595000,same street,300 NE 21st Court,2800000,898.0,3118
2056 NE 21st Court,South Coral Point,1595000,same street,2724 NE 21st Court,3250000,1034.0,3142
2056 NE 21st Court,South Coral Point,1595000,same street,2017 NE 21st Court,1240000,487.0,2544
2056 NE 21st Court,South Coral Point,1595000,same street,132 NE 21st Court,1410000,443.0,3184
203 SW 10th Street,Lauderdale,1595000,same street,811 SW 10th St,1050000,420.0,2500
203 SW 10th Street,Lauderdale,1595000,same street,822 SW 10th St,928000,353.0,2630
203 SW 10th Street,Lauderdale,1595000,same street,809 SW 10th Street,1025000,418.0,2450
203 SW 10th Street,Lauderdale,1595000,same street,610 SW 10th St Unit#610,965000,361.0,2675
203 SW 10th Street,Lauderdale,1595000,same street,410 SW 10th Street,717500,296.0,2426
15 Port Side Dr Unit#15C,Portside Yacht Club,1595000,same street,33 Port Side Drive Unit#33C,1500000,674.0,2226
15 Port Side Dr Unit#15C,Portside Yacht Club,1595000,same street,17 Port Side Drive Unit#17A,2100000,747.0,2813
15 Port Side Dr Unit#15C,Portside Yacht Club,1595000,same street,24 Port Side Dr Unit#24A,1800000,640.0,2813
218 NE 15th Avenue Unit#218,Isles Enclave,1584000,same street,220 NE 15th Avenue Unit#220,1605000,452.0,3548
218 NE 15th Avenue Unit#218,Isles Enclave,1584000,same street,618 NE 15th Ave,2255000,621.0,3634
218 NE 15th Avenue Unit#218,Isles Enclave,1584000,same street,459 NE 15th Ave,1700000,515.0,3301
218 NE 15th Avenue Unit#218,Isles Enclave,1584000,same street,222 NE 15th Ave,1656000,508.0,3262
218 NE 15th Avenue Unit#218,Isles Enclave,1584000,same street,620 NE 15th Ave,2475000,631.0,3922
2308 SE 18 St,Harbour Heights,1575000,neighborhood + band,1950 Harbourview Dr,1300000,709.0,1833
2308 SE 18 St,Harbour Heights,1575000,neighborhood + band,1909 Admirals Way,1300000,660.0,1970
2308 SE 18 St,Harbour Heights,1575000,neighborhood + band,2100 Manatee Drive,1440000,702.0,2050
2308 SE 18 St,Harbour Heights,1575000,neighborhood + band,1925 SE 25th Ave,1500000,666.0,2253
2308 SE 18 St,Harbour Heights,1575000,neighborhood + band,1959 SE 25th Avenue,1985000,866.0,2291
551 N Fort Lauderdale Beach Blvd Unit#R201,Flb Condominium Resid Elliott,1574900,same street,505 N Fort Lauderdale Beach Blvd Unit#717,380000,370.0,1028
551 N Fort Lauderdale Beach Blvd Unit#R201,Flb Condominium Resid Elliott,1574900,same street,551 N Fort Lauderdale Beach Blvd Unit#R304,980000,925.0,1060
551 N Fort Lauderdale Beach Blvd Unit#R201,Flb Condominium Resid Elliott,1574900,same street,551 N Fort Lauderdale Beach Blvd Unit#R404,1290000,1216.0,1061
551 N Fort Lauderdale Beach Blvd Unit#R201,Flb Condominium Resid Elliott,1574900,same street,551 N Fort Lauderdale Beach Blvd Unit#R404,950000,895.0,1061
551 N Fort Lauderdale Beach Blvd Unit#R201,Flb Condominium Resid Elliott,1574900,same street,551 N Fort Lauderdale Beach Blvd Unit#R2017,1100000,1033.0,1065
1234 NE 17th Ter,Lake Ridge,1565000,same street,810 NE 17th ter,1600000,644.0,2484
1234 NE 17th Ter,Lake Ridge,1565000,same street,808 NE 17th Ter,1600000,644.0,2484
1234 NE 17th Ter,Lake Ridge,1565000,same street,921 NE 17th Terrace Unit#A,1495000,590.0,2532
1234 NE 17th Ter,Lake Ridge,1565000,same street,912 NE 17th Ter,1100000,471.0,2333
1234 NE 17th Ter,Lake Ridge,1565000,same street,815 NE 17th Ter,1495000,663.0,2255
2514 NE 21ST Street Unit#A,Livermore Estates,1550000,same street,1919 NE 21st St,1650000,656.0,2517
2514 NE 21ST Street Unit#A,Livermore Estates,1550000,same street,101 NE 21st St,1390000,460.0,3022
2514 NE 21ST Street Unit#A,Livermore Estates,1550000,same street,301 NE 21st Street,2852500,875.0,3260
2514 NE 21ST Street Unit#A,Livermore Estates,1550000,same street,325 NE 21st St,535750,335.0,1598
2514 NE 21ST Street Unit#A,Livermore Estates,1550000,same street,235 NE 21st St,500000,556.0,900
2200 S Ocean Lane Unit#205,Point Americas Phase Ii,1549000,same street,2200 S Ocean Ln Unit#905,1650000,760.0,2170
2200 S Ocean Lane Unit#205,Point Americas Phase Ii,1549000,same street,2200 S Ocean Ln Unit#205,1370000,631.0,2170
2200 S Ocean Lane Unit#205,Point Americas Phase Ii,1549000,same street,2200 S Ocean Ln Unit#905,1075000,495.0,2170
2200 S Ocean Lane Unit#205,Point Americas Phase Ii,1549000,same street,2200 S Ocean Lane Unit#806,1050000,484.0,2170
2200 S Ocean Lane Unit#205,Point Americas Phase Ii,1549000,same street,2100 S Ocean Lane Unit#1707,1400000,662.0,2116
2100 N Ocean Blvd Unit#18D,Palms Tower One Palms,1545000,same street,2509 N Ocean Blvd Unit#675,1032000,480.0,2150
2100 N Ocean Blvd Unit#18D,Palms Tower One Palms,1545000,same street,2501 N Ocean Blvd Unit#652,1010000,470.0,2150
2100 N Ocean Blvd Unit#18D,Palms Tower One Palms,1545000,same street,2509 N Ocean Blvd Unit#775,950000,442.0,2150
2100 N Ocean Blvd Unit#18D,Palms Tower One Palms,1545000,same street,2110 N Ocean Boulevard Unit#22a,1200000,563.0,2130
2100 N Ocean Blvd Unit#18D,Palms Tower One Palms,1545000,same street,2110 N Ocean Blvd Unit#11A,1325000,622.0,2130
915 SE 2nd Court,Colee Hammock,1524900,same street,1025 SE 2nd Ct Unit#1025,1440000,496.0,2902
915 SE 2nd Court,Colee Hammock,1524900,same street,1508 SE 2nd Court Unit#B,1135000,552.0,2055
915 SE 2nd Court,Colee Hammock,1524900,same street,1529 SE 2nd Ct,3100000,898.0,3451
915 SE 2nd Court,Colee Hammock,1524900,same street,1261 SE 2nd Ct,805000,598.0,1346
915 SE 2nd Court,Colee Hammock,1524900,same street,1212 SE 2nd Ct Unit#304,460000,378.0,1218
551 N Fort Lauderdale Beach Boulevard Unit#R1902,Ocean Resort Residences,1500000,same street,1 N Fort Lauderdale Beach Blvd Unit#1501,1250000,806.0,1550
551 N Fort Lauderdale Beach Boulevard Unit#R1902,Ocean Resort Residences,1500000,same street,701 N Fort Lauderdale Beach Blvd Unit#112,1050000,684.0,1536
551 N Fort Lauderdale Beach Boulevard Unit#R1902,Ocean Resort Residences,1500000,same street,701 N Fort Lauderdale Beach Blvd Unit#212,1450000,870.0,1667
551 N Fort Lauderdale Beach Boulevard Unit#R1902,Ocean Resort Residences,1500000,same street,701 N Fort Lauderdale Beach Blvd Unit#114,1200000,799.0,1501
551 N Fort Lauderdale Beach Boulevard Unit#R1902,Ocean Resort Residences,1500000,same street,1151 N Fort Lauderdale Beach Boulevard Unit#17b,1080000,635.0,1700
1676 S Ocean Lane Unit#253,Oceanage,1500000,same street,1578 S Ocean Lane Unit#114,1259300,996.0,1264
1676 S Ocean Lane Unit#253,Oceanage,1500000,same street,1665 S OCEAN LANE Unit#191,1010004,799.0,1264
1676 S Ocean Lane Unit#253,Oceanage,1500000,same street,1586 S Ocean Ln Unit#125,937500,742.0,1264
1676 S Ocean Lane Unit#253,Oceanage,1500000,same street,1654 S Ocean Ln Unit#143,885000,700.0,1264
1676 S Ocean Lane Unit#253,Oceanage,1500000,same street,1665 S Ocean Ln Unit#190,1362500,1070.0,1273
1500 SE 12th St Unit#1A,Hemingway Landings,1500000,same street,1424 SE 12th St Unit#2A,1365000,597.0,2288
1500 SE 12th St Unit#1A,Hemingway Landings,1500000,same street,1532 SE 12th Street Unit#PH-1,2125000,900.0,2360
1500 SE 12th St Unit#1A,Hemingway Landings,1500000,same street,1414 SE 12th Street Unit#2a,1525000,724.0,2107
1500 SE 12th St Unit#1A,Hemingway Landings,1500000,same street,1532 SE 12th Street Unit#204,1700000,822.0,2067
1500 SE 12th St Unit#1A,Hemingway Landings,1500000,same street,1532 SE 12th Street Unit#304,1300000,629.0,2067
805 SE 10th Street,Rio Vista,1500000,same street,810 SE 10th Street,1050000,449.0,2337
805 SE 10th Street,Rio Vista,1500000,same street,1791 SE 10th Street,8150000,3022.0,2697
805 SE 10th Street,Rio Vista,1500000,same street,804 SE 10th St,1250000,635.0,1970
805 SE 10th Street,Rio Vista,1500000,same street,217 SE 10th St,600000,570.0,1053
805 SE 10th Street,Rio Vista,1500000,same street,915 SE 10th St,4050000,909.0,4453
1151 N Fort Lauderdale Beach Boulevard Unit#14D,Park Tower,1499900,same street,1151 N Fort Lauderdale Beach Boulevard Unit#17b,1080000,635.0,1700
1151 N Fort Lauderdale Beach Boulevard Unit#14D,Park Tower,1499900,same street,1151 N Fort Lauderdale Beach Blvd Unit#3D,840000,494.0,1700
1151 N Fort Lauderdale Beach Boulevard Unit#14D,Park Tower,1499900,same street,525 N Fort Lauderdale Beach Blvd Unit#1708,2550000,1482.0,1721
1151 N Fort Lauderdale Beach Boulevard Unit#14D,Park Tower,1499900,same street,701 N Fort Lauderdale Beach Blvd Unit#212,1450000,870.0,1667
1151 N Fort Lauderdale Beach Boulevard Unit#14D,Park Tower,1499900,same street,701 N Fort Lauderdale Beach Blvd Unit#1703,2295000,1311.0,1750
101 S Fort Lauderdale Beach Boulevard Unit#705,Las Olas,1499000,same street,101 S Fort Lauderdale Beach Boulevard Unit#1201,2800000,949.0,2950
101 S Fort Lauderdale Beach Boulevard Unit#705,Las Olas,1499000,same street,101 S Fort Lauderdale Beach Blvd Unit#1405,2160000,732.0,2950
101 S Fort Lauderdale Beach Boulevard Unit#705,Las Olas,1499000,same street,101 S Fort Lauderdale Beach Blvd Unit#901,2110000,715.0,2950
101 S Fort Lauderdale Beach Boulevard Unit#705,Las Olas,1499000,same street,101 S Fort Lauderdale Beach Blvd Unit#1001,1850000,627.0,2950
101 S Fort Lauderdale Beach Boulevard Unit#705,Las Olas,1499000,same street,101 S Fort Lauderdale Beach Blvd Unit#701,1400500,475.0,2950
101 S Fort Lauderdale Beach Boulevard Unit#702,Las Olas,1499000,same street,101 S Fort Lauderdale Beach Blvd Unit#2102,2310416,971.0,2380
101 S Fort Lauderdale Beach Boulevard Unit#702,Las Olas,1499000,same street,101 S Fort Lauderdale Beach Boulevard Unit#2402,2220000,933.0,2380
101 S Fort Lauderdale Beach Boulevard Unit#702,Las Olas,1499000,same street,101 S Fort Lauderdale Beach Boulevard Unit#2004,2100000,882.0,2380
101 S Fort Lauderdale Beach Boulevard Unit#702,Las Olas,1499000,same street,101 S Fort Lauderdale Beach Boulevard Unit#1004,1606250,675.0,2380
101 S Fort Lauderdale Beach Boulevard Unit#702,Las Olas,1499000,same street,101 S Fort Lauderdale Beach Blvd Unit#902,1584000,666.0,2380
2409 Bayview Dr,Coral Ridge Galt,1499000,same street,2449 Bayview Dr,1395000,683.0,2041
2409 Bayview Dr,Coral Ridge Galt,1499000,same street,2308 Bayview Drive,930000,404.0,2300
2409 Bayview Dr,Coral Ridge Galt,1499000,same street,2301 Bayview Dr,1243000,611.0,2036
2409 Bayview Dr,Coral Ridge Galt,1499000,same street,1364 Bayview Drive Unit#1364,1060000,442.0,2397
2409 Bayview Dr,Coral Ridge Galt,1499000,same street,2457 Bayview Dr,1635000,682.0,2399
333 Las Olas Way Unit#2505,Las Olas,1499000,same street,333 Las Olas Way Unit#804,1500000,705.0,2129
333 Las Olas Way Unit#2505,Las Olas,1499000,same street,333 LAS OLAS WAY Unit#3305,1325000,622.0,2129
333 Las Olas Way Unit#2505,Las Olas,1499000,same street,333 Las Olas Way Unit#3404,1300000,611.0,2129
333 Las Olas Way Unit#2505,Las Olas,1499000,same street,333 Las Olas Way Unit#2209,1600000,747.0,2141
333 Las Olas Way Unit#2505,Las Olas,1499000,same street,333 Las Olas Way Unit#909,1350000,631.0,2141
1414 SE 12th St Unit#1B,Hemingway Landings,1499000,same street,1414 SE 12th Street Unit#2a,1525000,724.0,2107
1414 SE 12th St Unit#1B,Hemingway Landings,1499000,same street,1532 SE 12th Street Unit#204,1700000,822.0,2067
1414 SE 12th St Unit#1B,Hemingway Landings,1499000,same street,1532 SE 12th Street Unit#304,1300000,629.0,2067
1414 SE 12th St Unit#1B,Hemingway Landings,1499000,same street,716 SE 12th St Unit#13,675000,337.0,2005
1414 SE 12th St Unit#1B,Hemingway Landings,1499000,same street,1424 SE 12th St Unit#2A,1365000,597.0,2288
2417 NE 19th Avenue,Middle River Manor,1499000,same street,2225 NE 19th Avenue,975000,530.0,1840
2417 NE 19th Avenue,Middle River Manor,1499000,same street,2409 NE 19th Avenue,1282100,752.0,1706
2417 NE 19th Avenue,Middle River Manor,1499000,same street,834 NE 19th Ave Unit#834,748440,405.0,1848
2417 NE 19th Avenue,Middle River Manor,1499000,same street,830 NE 19th Avenue,710000,384.0,1848
2417 NE 19th Avenue,Middle River Manor,1499000,same street,814 NE 19th Ave Unit#814,785000,410.0,1914
308 SW 14th Ct,Lauderdale,1499000,same street,420 SW 14th Ct,711500,439.0,1620
308 SW 14th Ct,Lauderdale,1499000,same street,228 SW 14th Ct,470000,316.0,1485
308 SW 14th Ct,Lauderdale,1499000,same street,801 SW 14th Ct,625000,445.0,1403
308 SW 14th Ct,Lauderdale,1499000,same street,300 SW 14th Ct.,485000,501.0,968
1414 SE 12th Street Unit#3c,Hemingway Landings,1499000,same street,1414 SE 12th Street Unit#2a,1525000,724.0,2107
1414 SE 12th Street Unit#3c,Hemingway Landings,1499000,same street,1532 SE 12th Street Unit#204,1700000,822.0,2067
1414 SE 12th Street Unit#3c,Hemingway Landings,1499000,same street,1532 SE 12th Street Unit#304,1300000,629.0,2067
1414 SE 12th Street Unit#3c,Hemingway Landings,1499000,same street,716 SE 12th St Unit#13,675000,337.0,2005
1414 SE 12th Street Unit#3c,Hemingway Landings,1499000,same street,1424 SE 12th St Unit#2A,1365000,597.0,2288
3121 NE 26th Street,Lauderdale Beach Ext,1495000,same street,2870 NE 26th Street,2300000,1007.0,2284
3121 NE 26th Street,Lauderdale Beach Ext,1495000,same street,2732 NE 26th St,1375000,653.0,2106
3121 NE 26th Street,Lauderdale Beach Ext,1495000,same street,2732 NE 26th St,1040000,494.0,2106
3121 NE 26th Street,Lauderdale Beach Ext,1495000,same street,109 NE 26th St,850000,451.0,1884
3121 NE 26th Street,Lauderdale Beach Ext,1495000,same street,400 NE 26th St,900000,521.0,1728
3030 N Ocean Boulevard Unit#S104,Thirty North Ocrsn,1495000,same street,2110 N Ocean Boulevard Unit#22a,1200000,563.0,2130
3030 N Ocean Boulevard Unit#S104,Thirty North Ocrsn,1495000,same street,2110 N Ocean Blvd Unit#11A,1325000,622.0,2130
3030 N Ocean Boulevard Unit#S104,Thirty North Ocrsn,1495000,same street,2110 N Ocean Blvd Unit#7-A,1101000,517.0,2130
3030 N Ocean Boulevard Unit#S104,Thirty North Ocrsn,1495000,same street,2100 N Ocean Boulevard Unit#12a,1125000,528.0,2130
3030 N Ocean Boulevard Unit#S104,Thirty North Ocrsn,1495000,same street,2509 N Ocean Blvd Unit#675,1032000,480.0,2150
48 Hendricks Isle Unit#2 A-a,Meritage,1495000,same street,48 Hendricks Isle Unit#2b-A,1100000,488.0,2253
48 Hendricks Isle Unit#2 A-a,Meritage,1495000,same street,424 Hendricks Isle Unit#10,930000,412.0,2260
48 Hendricks Isle Unit#2 A-a,Meritage,1495000,same street,424 Hendricks Isle Unit#11,960000,425.0,2260
48 Hendricks Isle Unit#2 A-a,Meritage,1495000,same street,124 Hendricks Isle Unit#301,2280000,998.0,2285
48 Hendricks Isle Unit#2 A-a,Meritage,1495000,same street,25 Hendricks Isle Unit#305,975000,420.0,2320
1713 SW 5th St,Gill Isles,1495000,same street,1700 SW 5th Street,1087500,702.0,1550
1713 SW 5th St,Gill Isles,1495000,same street,1709 SW 5th St,785000,536.0,1465
1713 SW 5th St,Gill Isles,1495000,same street,1709 SW 5th St,750000,512.0,1465
1713 SW 5th St,Gill Isles,1495000,same street,1724 SW 5th St,815000,505.0,1613
1713 SW 5th St,Gill Isles,1495000,same street,1512 SW 5th St,855000,481.0,1779
1318 SE 12TH Way,Lauderdale Harbors,1495000,same street,1240 SE 12th Way,850000,532.0,1597
1318 SE 12TH Way,Lauderdale Harbors,1495000,same street,1330 SE 12th Way,858600,865.0,993
1318 SE 12TH Way,Lauderdale Harbors,1495000,same street,1022 SE 12th Way,1500000,579.0,2590
1318 SE 12TH Way,Lauderdale Harbors,1495000,same street,1356 SE 12th Way,1200000,462.0,2600
1318 SE 12TH Way,Lauderdale Harbors,1495000,same street,1222 SE 12th Way,1950000,442.0,4407
804 NE 7th Street,Progresso,1475000,same street,1524 NE 7th St,1150000,460.0,2502
804 NE 7th Street,Progresso,1475000,same street,1514 NE 7th St,900000,360.0,2502
804 NE 7th Street,Progresso,1475000,same street,317 NE 7th St Unit#317,700000,441.0,1586
100 E Las Olas Boulevard Unit#2404,Las Olas,1475000,same street,100 E Las Olas Boulevard Unit#4504,1810000,969.0,1867
100 E Las Olas Boulevard Unit#2404,Las Olas,1475000,same street,100 E Las Olas Blvd Unit#3604,1710000,916.0,1867
100 E Las Olas Boulevard Unit#2404,Las Olas,1475000,same street,100 E Las Olas Blvd Unit#2604,1600000,857.0,1867
100 E Las Olas Boulevard Unit#2404,Las Olas,1475000,same street,100 E Las Olas Blvd Unit#3804,1600000,857.0,1867
100 E Las Olas Boulevard Unit#2404,Las Olas,1475000,same street,100 E Las Olas Boulevard Unit#1904,1525000,817.0,1867
1710 S Ocean Lane Unit#201,Lago Mar North Lodge,1464999,same street,1750 S Ocean Lane Unit#316,700000,473.0,1480
1710 S Ocean Lane Unit#201,Lago Mar North Lodge,1464999,same street,2100 S Ocean Lane Unit#1103,910000,607.0,1500
1710 S Ocean Lane Unit#201,Lago Mar North Lodge,1464999,same street,2100 S Ocean Ln Unit#1703,840000,560.0,1500
1710 S Ocean Lane Unit#201,Lago Mar North Lodge,1464999,same street,2100 S Ocean Ln Unit#1409,732832,484.0,1513
1710 S Ocean Lane Unit#201,Lago Mar North Lodge,1464999,same street,2100 S Ocean Ln Unit#1109,840000,555.0,1513
1216 SE 1st Street,Colee Hammock,1450000,same street,1601 SE 1st St,1700000,774.0,2196
1216 SE 1st Street,Colee Hammock,1450000,same street,1520 SE 1st Street,1300000,635.0,2048
1216 SE 1st Street,Colee Hammock,1450000,same street,1317 SE 1st St Unit#1317,1250000,525.0,2380
1216 SE 1st Street,Colee Hammock,1450000,same street,1606 SE 1st St,1404925,742.0,1893
1216 SE 1st Street,Colee Hammock,1450000,same street,1214 SE 1st St,842465,477.0,1767
430 NE 7th Avenue Unit#430,Holmberg Mc Kees,1450000,same street,2119 NE 7th Ave,1635000,635.0,2573
430 NE 7th Avenue Unit#430,Holmberg Mc Kees,1450000,same street,730 NE 7th ave Unit#730,760000,313.0,2429
430 NE 7th Avenue Unit#430,Holmberg Mc Kees,1450000,same street,350 NE 7th Ave Unit#350,941000,404.0,2330
430 NE 7th Avenue Unit#430,Holmberg Mc Kees,1450000,same street,314 NE 7th Ave Unit#*,925000,397.0,2330
430 NE 7th Avenue Unit#430,Holmberg Mc Kees,1450000,same street,352 NE 7th Avenue,825000,370.0,2230
105 NE 28th Ct,Sunset Manors Amen,1450000,same street,201 NE 28th Court,1235000,600.0,2058
105 NE 28th Ct,Sunset Manors Amen,1450000,same street,215 NE 28th Ct,2600000,919.0,2829
105 NE 28th Ct,Sunset Manors Amen,1450000,same street,119 NE 28th Ct,945000,508.0,1860
606 NE 14th Ave,Progresso,1449000,same street,1223 NE 14th Ave,1040000,410.0,2538
606 NE 14th Ave,Progresso,1449000,same street,537 NE 14th Ave,2600000,1027.0,2532
606 NE 14th Ave,Progresso,1449000,same street,734 NE 14th Ave,1645000,657.0,2505
606 NE 14th Ave,Progresso,1449000,same street,736 NE 14th Ave,1675000,669.0,2505
606 NE 14th Ave,Progresso,1449000,same street,200 NE 14th Avenue Unit#1,1092000,437.0,2501
551 N Fort Lauderdale Beach Blvd Unit#R2205,Flb Condominium Resid Elliott,1434900,same street,551 N Fort Lauderdale Beach Blvd Unit#2305,987500,887.0,1113
551 N Fort Lauderdale Beach Blvd Unit#R2205,Flb Condominium Resid Elliott,1434900,same street,551 N Fort Lauderdale Beach Blvd Unit#H1014,975000,849.0,1149
551 N Fort Lauderdale Beach Blvd Unit#R2205,Flb Condominium Resid Elliott,1434900,same street,551 N Fort Lauderdale Beach Blvd Unit#R2017,1100000,1033.0,1065
551 N Fort Lauderdale Beach Blvd Unit#R2205,Flb Condominium Resid Elliott,1434900,same street,551 N Fort Lauderdale Beach Blvd Unit#R404,1290000,1216.0,1061
551 N Fort Lauderdale Beach Blvd Unit#R2205,Flb Condominium Resid Elliott,1434900,same street,551 N Fort Lauderdale Beach Blvd Unit#R404,950000,895.0,1061
505 NE 2nd Street Unit#34F,Viceroy Fort Lauderdale,1430000,same street,313 NE 2nd St Unit#905,475000,375.0,1265
505 NE 2nd Street Unit#34F,Viceroy Fort Lauderdale,1430000,same street,313 NE 2nd Street Unit#405,457000,361.0,1265
505 NE 2nd Street Unit#34F,Viceroy Fort Lauderdale,1430000,same street,313 NE 2nd St Unit#204,550000,390.0,1412
505 NE 2nd Street Unit#34F,Viceroy Fort Lauderdale,1430000,same street,313 NE 2nd St Unit#201,370000,460.0,804
505 NE 2nd Street Unit#34F,Viceroy Fort Lauderdale,1430000,same street,313 NE 2nd St Unit#802,330000,437.0,755
3036 NE 19 Street,Lauderdale Beach Ext,1425000,neighborhood + band,2221 NE 33rd Ave Unit#2221,1390000,671.0,2070
3036 NE 19 Street,Lauderdale Beach Ext,1425000,neighborhood + band,3114 NE 19th St,1750000,826.0,2119
3036 NE 19 Street,Lauderdale Beach Ext,1425000,neighborhood + band,2212 NE 32nd Avenue,1650000,755.0,2184
3036 NE 19 Street,Lauderdale Beach Ext,1425000,neighborhood + band,2020 NE 32nd Ave,1480000,912.0,1622
3036 NE 19 Street,Lauderdale Beach Ext,1425000,neighborhood + band,2013 NE 32nd Avenue,1875000,718.0,2610
216 SE 10th Street,Tarpon River,1425000,same street,1791 SE 10th Street,8150000,3022.0,2697
216 SE 10th Street,Tarpon River,1425000,same street,810 SE 10th Street,1050000,449.0,2337
216 SE 10th Street,Tarpon River,1425000,same street,804 SE 10th St,1250000,635.0,1970
216 SE 10th Street,Tarpon River,1425000,same street,217 SE 10th St,600000,570.0,1053
216 SE 10th Street,Tarpon River,1425000,same street,915 SE 10th St,4050000,909.0,4453
100 E Las Olas Boulevard Unit#2802,Las Olas,1400000,same street,100 E Las Olas Boulevard Unit#1802,1025000,730.0,1404
100 E Las Olas Boulevard Unit#2802,Las Olas,1400000,same street,2513 E Las Olas Blvd,2000000,1408.0,1420
100 E Las Olas Boulevard Unit#2802,Las Olas,1400000,same street,2500 E Las Olas Boulevard Unit#901,600000,404.0,1485
100 E Las Olas Boulevard Unit#2802,Las Olas,1400000,same street,2500 E Las Olas Blvd Unit#1704,500000,407.0,1230
100 E Las Olas Boulevard Unit#2802,Las Olas,1400000,same street,2500 E Las Olas Boulevard Unit#1703,490000,398.0,1230
2100 S Ocean Lane Unit#1411,Point Americas,1400000,same street,2100 S Ocean Ln Unit#2108,886240,471.0,1880
2100 S Ocean Lane Unit#1411,Point Americas,1400000,same street,2100 S Ocean Ln Unit#1608,800000,426.0,1880
2100 S Ocean Lane Unit#1411,Point Americas,1400000,same street,2100 S Ocean Ln Unit#2102,1455000,774.0,1879
2100 S Ocean Lane Unit#1411,Point Americas,1400000,same street,2100 S Ocean Ln Unit#1502,930000,495.0,1879
2100 S Ocean Lane Unit#1411,Point Americas,1400000,same street,2200 S Ocean Lane Unit#805,1100000,558.0,1970
3000 NE 21st Terrace,Coral Shores,1400000,same street,2935 NE 21st Ter,910000,489.0,1860
3000 NE 21st Terrace,Coral Shores,1400000,same street,2900 NE 21st Ter,863125,468.0,1845
3000 NE 21st Terrace,Coral Shores,1400000,same street,2724 NE 21st Ter,2495000,1082.0,2305
3000 NE 21st Terrace,Coral Shores,1400000,same street,3016 NE 21st Ter Unit#3016,395000,314.0,1257
3000 NE 21st Terrace,Coral Shores,1400000,same street,3010 NE 21st Terrace,345000,290.0,1189
2417 NE 18th Ave,Middle River Manor,1400000,same street,643 NE 18th Ave,832100,594.0,1400
2417 NE 18th Ave,Middle River Manor,1400000,same street,1711 NE 18th Ave,850000,616.0,1380
2417 NE 18th Ave,Middle River Manor,1400000,same street,1124 NE 18th Ave,700000,514.0,1363
2417 NE 18th Ave,Middle River Manor,1400000,same street,1406 NE 18th Ave,1200000,882.0,1361
2417 NE 18th Ave,Middle River Manor,1400000,same street,2840 NE 18th Ave,807000,631.0,1278
101 S Fort Lauderdale Beach Boulevard Unit#907,Las Olas,1399000,same street,101 S Fort Lauderdale Beach Boulevard Unit#1707,1735000,911.0,1905
101 S Fort Lauderdale Beach Boulevard Unit#907,Las Olas,1399000,same street,101 S FORT LAUDERDALE BEACH BLVD Unit#1907,1725000,906.0,1905
101 S Fort Lauderdale Beach Boulevard Unit#907,Las Olas,1399000,same street,101 S FORT LAUDERDALE BEACH BLVD Unit#1807,1740000,913.0,1905
101 S Fort Lauderdale Beach Boulevard Unit#907,Las Olas,1399000,same street,101 S Fort Lauderdale Beach Blvd Unit#2507,1600000,840.0,1905
101 S Fort Lauderdale Beach Boulevard Unit#907,Las Olas,1399000,same street,101 S FORT LAUDERDALE BEACH BLVD Unit#2107,1536179,806.0,1905
2845 NE 9th Street Unit#601,Le Club,1399000,same street,1600 NE 9th Street Unit#20,745000,369.0,2020
2845 NE 9th Street Unit#601,Le Club,1399000,same street,1400 NE 9th St Unit#1400,675000,345.0,1957
2845 NE 9th Street Unit#601,Le Club,1399000,same street,1631 NE 9th St,830000,434.0,1913
2845 NE 9th Street Unit#601,Le Club,1399000,same street,1616 NE 9th St,765000,330.0,2318
2845 NE 9th Street Unit#601,Le Club,1399000,same street,1633 NE 9th St Unit#1633,1050000,446.0,2352
909 NE 16th Ave,Progresso,1399000,same street,907 NE 16th Ave,1350000,544.0,2482
909 NE 16th Ave,Progresso,1399000,same street,449 NE 16th Avenue,1300000,510.0,2550
909 NE 16th Ave,Progresso,1399000,same street,2106 NE 16th Ave,1225000,511.0,2397
909 NE 16th Ave,Progresso,1399000,same street,852 NE 16th Avenue,710800,298.0,2384
909 NE 16th Ave,Progresso,1399000,same street,1320 NE 16th Ave Unit#B,1400000,601.0,2330
1523 SE 2nd Court,Colee Hammock,1395000,same street,1508 SE 2nd Court Unit#B,1135000,552.0,2055
1523 SE 2nd Court,Colee Hammock,1395000,same street,1261 SE 2nd Ct,805000,598.0,1346
1523 SE 2nd Court,Colee Hammock,1395000,same street,1212 SE 2nd Ct Unit#304,460000,378.0,1218
1523 SE 2nd Court,Colee Hammock,1395000,same street,1280 SE 2nd Ct Unit#8,199999,286.0,700
1523 SE 2nd Court,Colee Hammock,1395000,same street,1025 SE 2nd Ct Unit#1025,1440000,496.0,2902
551 N Fort Lauderdale Beach Blvd Unit#R204,Flb Condominium Resid Ocean Resort Residences,1395000,same street,551 N Fort Lauderdale Beach Blvd Unit#R404,1290000,1216.0,1061
551 N Fort Lauderdale Beach Blvd Unit#R204,Flb Condominium Resid Ocean Resort Residences,1395000,same street,551 N Fort Lauderdale Beach Blvd Unit#R404,950000,895.0,1061
551 N Fort Lauderdale Beach Blvd Unit#R204,Flb Condominium Resid Ocean Resort Residences,1395000,same street,551 N Fort Lauderdale Beach Blvd Unit#R304,980000,925.0,1060
551 N Fort Lauderdale Beach Blvd Unit#R204,Flb Condominium Resid Ocean Resort Residences,1395000,same street,551 N Fort Lauderdale Beach Blvd Unit#R2017,1100000,1033.0,1065
551 N Fort Lauderdale Beach Blvd Unit#R204,Flb Condominium Resid Ocean Resort Residences,1395000,same street,505 N Fort Lauderdale Beach Blvd Unit#717,380000,370.0,1028
615 Bayshore Drive Unit#301,La Cascade,1395000,same street,615 Bayshore Drive Unit#401,1050000,462.0,2274
615 Bayshore Drive Unit#301,La Cascade,1395000,same street,777 Bayshore Dr Unit#1501,1000000,455.0,2200
615 Bayshore Drive Unit#301,La Cascade,1395000,same street,615 Bayshore Drive Unit#303,1200000,507.0,2365
615 Bayshore Drive Unit#301,La Cascade,1395000,same street,435 Bayshore Dr Unit#301,2950000,1238.0,2383
615 Bayshore Drive Unit#301,La Cascade,1395000,same street,435 Bayshore Dr Unit#501,3100000,1292.0,2400
1319 NE 13th Ave,Holiday Heights,1395000,same street,1220 NE 13th Ave,1290000,499.0,2583
1319 NE 13th Ave,Holiday Heights,1395000,same street,1222 NE 13th ave,1290000,499.0,2583
1319 NE 13th Ave,Holiday Heights,1395000,same street,537 NE 13th Ave,1700000,616.0,2759
1319 NE 13th Ave,Holiday Heights,1395000,same street,1120 NE 13th Ave Unit#1120,1560000,547.0,2850
1319 NE 13th Ave,Holiday Heights,1395000,same street,3070 NE 13th Avenue,1000000,502.0,1991
76 Isle Of Venice Drive Unit#G,Isles Venice Co Op,1395000,same street,141 Isle of Venice Dr Unit#3-S,3450000,1110.0,3108
76 Isle Of Venice Drive Unit#G,Isles Venice Co Op,1395000,same street,160 Isle Of Venice Dr Unit#203,2725000,934.0,2918
76 Isle Of Venice Drive Unit#G,Isles Venice Co Op,1395000,same street,141 Isle Of Venice Dr Unit#PH-N,3850000,1230.0,3131
76 Isle Of Venice Drive Unit#G,Isles Venice Co Op,1395000,same street,20 Isle Of Venice Dr Unit#PH-1,2885000,921.0,3134
76 Isle Of Venice Drive Unit#G,Isles Venice Co Op,1395000,same street,30 Isle Of Venice Drive Unit#304,2300000,734.0,3134
1916 NE 24th Street,Coral Point,1395000,same street,2825 NE 24th St,2350000,927.0,2536
1916 NE 24th Street,Coral Point,1395000,same street,2017 NE 24th St,1320000,576.0,2292
1916 NE 24th Street,Coral Point,1395000,same street,2600 NE 24th Street,1210000,611.0,1979
1916 NE 24th Street,Coral Point,1395000,same street,2140 NE 24th Street,1247000,658.0,1894
1916 NE 24th Street,Coral Point,1395000,same street,20 NE 24th St,900000,502.0,1792
1321 NE 14th Avenue Unit#1321,Dua Lake Ridge West,1395000,same street,2609 NE 14th Avenue Unit#110,1025000,434.0,2363
1321 NE 14th Avenue Unit#1321,Dua Lake Ridge West,1395000,same street,308 NE 14th Ave,1412500,607.0,2326
1321 NE 14th Avenue Unit#1321,Dua Lake Ridge West,1395000,same street,315 NE 14th Ave,1875000,844.0,2221
1321 NE 14th Avenue Unit#1321,Dua Lake Ridge West,1395000,same street,700 NE 14th Avenue Unit#206,1100000,497.0,2214
1321 NE 14th Avenue Unit#1321,Dua Lake Ridge West,1395000,same street,200 NE 14th Avenue Unit#1,1092000,437.0,2501
535 N Victoria Park Road,Victoria Park,1389000,same street,1119 N Victoria Park Rd Unit#7,590000,328.0,1800
535 N Victoria Park Road,Victoria Park,1389000,same street,715 N Victoria Park Road,1500000,829.0,1810
535 N Victoria Park Road,Victoria Park,1389000,same street,1621 N Victoria Park Rd,750000,435.0,1725
535 N Victoria Park Road,Victoria Park,1389000,same street,111 N Victoria Park Rd,900000,480.0,1874
535 N Victoria Park Road,Victoria Park,1389000,same street,1214 N Victoria Park Rd Unit#1214,715000,368.0,1943
2100 N Ocean Blvd Unit#20D,Palms Tower One Palms,1375000,same street,2509 N Ocean Blvd Unit#675,1032000,480.0,2150
2100 N Ocean Blvd Unit#20D,Palms Tower One Palms,1375000,same street,2501 N Ocean Blvd Unit#652,1010000,470.0,2150
2100 N Ocean Blvd Unit#20D,Palms Tower One Palms,1375000,same street,2509 N Ocean Blvd Unit#775,950000,442.0,2150
2100 N Ocean Blvd Unit#20D,Palms Tower One Palms,1375000,same street,2110 N Ocean Boulevard Unit#22a,1200000,563.0,2130
2100 N Ocean Blvd Unit#20D,Palms Tower One Palms,1375000,same street,2110 N Ocean Blvd Unit#11A,1325000,622.0,2130
3000 E Oakland Park Boulevard Unit#1103,Waterside,1359920,same street,1810 E OAKLAND PARK BLVD Unit#1,190000,244.0,780
3000 E Oakland Park Boulevard Unit#1103,Waterside,1359920,same street,1816 E Oakland Park Blvd Unit#59,250000,425.0,588
3000 E Oakland Park Boulevard Unit#1103,Waterside,1359920,same street,1816 E Oakland Park Blvd Unit#63,228500,389.0,588
3000 E Oakland Park Boulevard Unit#1103,Waterside,1359920,same street,1816 E Oakland Park Blvd Unit#77,160000,272.0,588
3000 E Oakland Park Boulevard Unit#1103,Waterside,1359920,same street,1812 E Oakland Park Blvd Unit#36,155000,264.0,588
545 S Fort Lauderdale Beach Boulevard Unit#1702,Illini Association,1350000,same street,545 S Fort Lauderdale Beach Boulevard Unit#403,500000,388.0,1290
545 S Fort Lauderdale Beach Boulevard Unit#1702,Illini Association,1350000,same street,101 S Fort Lauderdale Beach Boulevard Unit#1707,1735000,911.0,1905
545 S Fort Lauderdale Beach Boulevard Unit#1702,Illini Association,1350000,same street,101 S FORT LAUDERDALE BEACH BLVD Unit#1907,1725000,906.0,1905
545 S Fort Lauderdale Beach Boulevard Unit#1702,Illini Association,1350000,same street,101 S FORT LAUDERDALE BEACH BLVD Unit#1807,1740000,913.0,1905
545 S Fort Lauderdale Beach Boulevard Unit#1702,Illini Association,1350000,same street,101 S Fort Lauderdale Beach Blvd Unit#2507,1600000,840.0,1905
315 NE 15th Avenue,Victoria Park,1350000,same street,3057 NE 15th Ave,790000,286.0,2761
315 NE 15th Avenue,Victoria Park,1350000,same street,314 NE 15th Ave,1250000,457.0,2738
315 NE 15th Avenue,Victoria Park,1350000,same street,317 NE 15th Ave Unit#317,1250000,457.0,2734
315 NE 15th Avenue,Victoria Park,1350000,same street,625 NE 15th Ave,1375000,552.0,2491
315 NE 15th Avenue,Victoria Park,1350000,same street,726 NE 15th Avenue Unit#726,885000,360.0,2456
907 NE 16th Avenue,Victoria Park,1350000,same street,907 NE 16th Ave,1350000,544.0,2482
907 NE 16th Avenue,Victoria Park,1350000,same street,449 NE 16th Avenue,1300000,510.0,2550
907 NE 16th Avenue,Victoria Park,1350000,same street,2106 NE 16th Ave,1225000,511.0,2397
907 NE 16th Avenue,Victoria Park,1350000,same street,852 NE 16th Avenue,710800,298.0,2384
907 NE 16th Avenue,Victoria Park,1350000,same street,1320 NE 16th Ave Unit#B,1400000,601.0,2330
411 N New River Dr Drive Unit#3605,Las Olas,1350000,neighborhood + band,411 N New River Dr Unit#2805,1500000,920.0,1630
411 N New River Dr Drive Unit#3605,Las Olas,1350000,neighborhood + band,411 N New River Dr E Unit#1502,1375000,844.0,1630
411 N New River Dr Drive Unit#3605,Las Olas,1350000,neighborhood + band,411 N New River Dr Unit#405,1200000,736.0,1630
411 N New River Dr Drive Unit#3605,Las Olas,1350000,neighborhood + band,411 N New River Drive Unit#502,1050000,644.0,1630
411 N New River Dr Drive Unit#3605,Las Olas,1350000,neighborhood + band,411 N New River Dr Unit#2605,1000000,613.0,1630
2100 S Ocean Lane Unit#101-102,Point Americas,1349000,same street,1710 S Ocean Ln Unit#105 & 104,2400000,814.0,2950
2100 S Ocean Lane Unit#101-102,Point Americas,1349000,same street,2100 S Ocean Ln Unit#1801-2,1200000,378.0,3176
2100 S Ocean Lane Unit#101-102,Point Americas,1349000,same street,2100 S Ocean Ln Unit#1206,1420000,563.0,2524
2100 S Ocean Lane Unit#101-102,Point Americas,1349000,same street,2100 S Ocean Lane Unit#2306,1950000,783.0,2491
2100 S Ocean Lane Unit#101-102,Point Americas,1349000,same street,2200 S Ocean Ln Unit#401 & 402,1750000,483.0,3621
2100 S Ocean Lane Unit#1608,Point Americas,1349000,same street,2100 S Ocean Ln Unit#2108,886240,471.0,1880
2100 S Ocean Lane Unit#1608,Point Americas,1349000,same street,2100 S Ocean Ln Unit#1608,800000,426.0,1880
2100 S Ocean Lane Unit#1608,Point Americas,1349000,same street,2100 S Ocean Ln Unit#2102,1455000,774.0,1879
2100 S Ocean Lane Unit#1608,Point Americas,1349000,same street,2100 S Ocean Ln Unit#1502,930000,495.0,1879
2100 S Ocean Lane Unit#1608,Point Americas,1349000,same street,2100 S Ocean Ln Unit#512,980000,541.0,1813
1800 S Ocean Drive Unit#404,Townhouses Harbor Beach,1349000,same street,1800 S OCEAN DR Unit#110,1050000,587.0,1790
1800 S Ocean Drive Unit#404,Townhouses Harbor Beach,1349000,same street,1800 S Ocean Dr Unit#114,1600000,914.0,1750
1800 S Ocean Drive Unit#404,Townhouses Harbor Beach,1349000,same street,2000 S Ocean Dr Unit#1007,755000,447.0,1688
1800 S Ocean Drive Unit#404,Townhouses Harbor Beach,1349000,same street,2100 S Ocean Drive Unit#15A,660000,437.0,1510
1800 S Ocean Drive Unit#404,Townhouses Harbor Beach,1349000,same street,2100 S Ocean Dr Unit#4CD,580000,268.0,2161
2615 NE 26th Street,Coral Ridge Galt,1349000,same street,400 NE 26th St,900000,521.0,1728
2615 NE 26th Street,Coral Ridge Galt,1349000,same street,109 NE 26th St,850000,451.0,1884
2615 NE 26th Street,Coral Ridge Galt,1349000,same street,3 NE 26th St,686000,482.0,1422
2615 NE 26th Street,Coral Ridge Galt,1349000,same street,412 NE 26th St,850000,612.0,1388
2615 NE 26th Street,Coral Ridge Galt,1349000,same street,62 NE 26th St,565000,414.0,1365
2200 NE 32nd Avenue,Lauderdale Beach Ext,1345000,same street,2020 NE 32nd Ave,1480000,912.0,1622
2200 NE 32nd Avenue,Lauderdale Beach Ext,1345000,same street,3020 NE 32nd Ave Unit#1012,775000,484.0,1600
2200 NE 32nd Avenue,Lauderdale Beach Ext,1345000,same street,3020 NE 32nd Ave Unit#908,650000,406.0,1600
2200 NE 32nd Avenue,Lauderdale Beach Ext,1345000,same street,3020 NE 32nd Ave Unit#1125,560000,371.0,1510
2200 NE 32nd Avenue,Lauderdale Beach Ext,1345000,same street,3020 NE 32nd Avenue Unit#PH5,670000,482.0,1390
3000 E Oakland Park Boulevard Unit#1405,Waterside,1336800,same street,1810 E OAKLAND PARK BLVD Unit#1,190000,244.0,780
3000 E Oakland Park Boulevard Unit#1405,Waterside,1336800,same street,1816 E Oakland Park Blvd Unit#59,250000,425.0,588
3000 E Oakland Park Boulevard Unit#1405,Waterside,1336800,same street,1816 E Oakland Park Blvd Unit#63,228500,389.0,588
3000 E Oakland Park Boulevard Unit#1405,Waterside,1336800,same street,1816 E Oakland Park Blvd Unit#77,160000,272.0,588
3000 E Oakland Park Boulevard Unit#1405,Waterside,1336800,same street,1812 E Oakland Park Blvd Unit#36,155000,264.0,588
2821 N Ocean Boulevard Unit#503s,Sapphire Fort Lauderdale,1325000,same street,2831 N Ocean Boulevard Unit#1005n,1350000,715.0,1888
2821 N Ocean Boulevard Unit#503s,Sapphire Fort Lauderdale,1325000,same street,2831 N Ocean Blvd Unit#905N,1280000,678.0,1888
2821 N Ocean Boulevard Unit#503s,Sapphire Fort Lauderdale,1325000,same street,2821 N Ocean Blvd Unit#503S,1275000,675.0,1888
2821 N Ocean Boulevard Unit#503s,Sapphire Fort Lauderdale,1325000,same street,2821 N Ocean Boulevard Unit#1103S,1299000,688.0,1888
2821 N Ocean Boulevard Unit#503s,Sapphire Fort Lauderdale,1325000,same street,2821 N Ocean Boulevard Unit#405s,1250000,662.0,1888
2100 S Ocean Lane Unit#2508,Point Americas,1325000,same street,2100 S Ocean Ln Unit#2108,886240,471.0,1880
2100 S Ocean Lane Unit#2508,Point Americas,1325000,same street,2100 S Ocean Ln Unit#1608,800000,426.0,1880
2100 S Ocean Lane Unit#2508,Point Americas,1325000,same street,2100 S Ocean Ln Unit#2102,1455000,774.0,1879
2100 S Ocean Lane Unit#2508,Point Americas,1325000,same street,2100 S Ocean Ln Unit#1502,930000,495.0,1879
2100 S Ocean Lane Unit#2508,Point Americas,1325000,same street,2100 S Ocean Ln Unit#512,980000,541.0,1813
925 NE 6th Street,Progresso,1325000,same street,1415 NE 6TH ST,1400000,630.0,2222
925 NE 6th Street,Progresso,1325000,same street,805 NE 6th St,1150000,581.0,1981
925 NE 6th Street,Progresso,1325000,same street,1616 NE 6th St,1250000,664.0,1883
925 NE 6th Street,Progresso,1325000,same street,1608 NE 6th St,1725000,652.0,2645
925 NE 6th Street,Progresso,1325000,same street,1400 NE 6th Street,1250000,444.0,2817
3100 NE 21st Street,Lauderdale Beach Ext,1300000,same street,325 NE 21st St,535750,335.0,1598
3100 NE 21st Street,Lauderdale Beach Ext,1300000,same street,1919 NE 21st St,1650000,656.0,2517
3100 NE 21st Street,Lauderdale Beach Ext,1300000,same street,235 NE 21st St,500000,556.0,900
3100 NE 21st Street,Lauderdale Beach Ext,1300000,same street,101 NE 21st St,1390000,460.0,3022
3100 NE 21st Street,Lauderdale Beach Ext,1300000,same street,301 NE 21st Street,2852500,875.0,3260
1900 Bayview Drive,Coral Ridge,1300000,same street,2441 Bayview Dr,1000000,566.0,1768
1900 Bayview Drive,Coral Ridge,1300000,same street,1222 Bayview Dr,1890000,1048.0,1803
1900 Bayview Drive,Coral Ridge,1300000,same street,2301 Bayview Dr,1243000,611.0,2036
1900 Bayview Drive,Coral Ridge,1300000,same street,2449 Bayview Dr,1395000,683.0,2041
1900 Bayview Drive,Coral Ridge,1300000,same street,1332 Bayview Drive Unit#401,460000,400.0,1150
1123 NE 12th Avenue Unit#A,Progresso,1299999,same street,1239 NE 12th Ave Unit#1,1210000,522.0,2320
1123 NE 12th Avenue Unit#A,Progresso,1299999,same street,532 NE 12th Ave,1005000,454.0,2214
1123 NE 12th Avenue Unit#A,Progresso,1299999,same street,406 NE 12TH AVE,1225000,606.0,2023
1123 NE 12th Avenue Unit#A,Progresso,1299999,same street,1121 NE 12th Ave,595000,302.0,1968
1123 NE 12th Avenue Unit#A,Progresso,1299999,same street,304 NE 12th Ave Unit#304,1500000,559.0,2682
2501 NE 26th Terrace,Coral Ridge Galt,1299900,same street,2517 NE 26th Terrace,1200000,515.0,2329
2501 NE 26th Terrace,Coral Ridge Galt,1299900,same street,2425 NE 26th Ter,1100000,620.0,1774
2501 NE 26th Terrace,Coral Ridge Galt,1299900,same street,2660 NE 26th Ter,1640000,603.0,2720
2501 NE 26th Terrace,Coral Ridge Galt,1299900,same street,2524 NE 26th Terrace,1550000,513.0,3020
2501 NE 26th Terrace,Coral Ridge Galt,1299900,same street,2528 NE 26th Ter,1100000,877.0,1254
21 NE 25th Street,Petite,1299900,same street,2140 NE 25th Street,915000,428.0,2140
21 NE 25th Street,Petite,1299900,same street,2116 NE 25th Street,1495000,798.0,1874
21 NE 25th Street,Petite,1299900,same street,539 NE 25th Street,1040000,578.0,1798
21 NE 25th Street,Petite,1299900,same street,318 NE 25th St,2065000,750.0,2755
21 NE 25th Street,Petite,1299900,same street,2133 NE 25th St,835000,710.0,1176
100 S Birch Road Unit#906,Jackson Tower Las Olas Con,1299000,same street,100 S Birch Rd Unit#1706,1225000,626.0,1958
100 S Birch Road Unit#906,Jackson Tower Las Olas Con,1299000,same street,100 S Birch Rd Unit#2504,1330000,688.0,1934
100 S Birch Road Unit#906,Jackson Tower Las Olas Con,1299000,same street,100 S Birch RD Unit#2304E,1137000,588.0,1934
100 S Birch Road Unit#906,Jackson Tower Las Olas Con,1299000,same street,100 S Birch Rd Unit#1504E,1000000,517.0,1934
100 S Birch Road Unit#906,Jackson Tower Las Olas Con,1299000,same street,100 S Birch Rd Unit#2502C,1350000,678.0,1990
1800 S Ocean Drive Unit#109,Townhouses Harbor Beach,1299000,same street,1800 S OCEAN DR Unit#110,1050000,587.0,1790
1800 S Ocean Drive Unit#109,Townhouses Harbor Beach,1299000,same street,1800 S Ocean Dr Unit#114,1600000,914.0,1750
1800 S Ocean Drive Unit#109,Townhouses Harbor Beach,1299000,same street,2000 S Ocean Dr Unit#1007,755000,447.0,1688
1800 S Ocean Drive Unit#109,Townhouses Harbor Beach,1299000,same street,2100 S Ocean Dr Unit#4CD,580000,268.0,2161
1800 S Ocean Drive Unit#109,Townhouses Harbor Beach,1299000,same street,2000 S Ocean Dr Unit#1201,1100000,490.0,2244
12 NE 26th St,Wilton Manors,1299000,same street,400 NE 26th St,900000,521.0,1728
12 NE 26th St,Wilton Manors,1299000,same street,3 NE 26th St,686000,482.0,1422
12 NE 26th St,Wilton Manors,1299000,same street,412 NE 26th St,850000,612.0,1388
12 NE 26th St,Wilton Manors,1299000,same street,62 NE 26th St,565000,414.0,1365
12 NE 26th St,Wilton Manors,1299000,same street,109 NE 26th St,850000,451.0,1884
1245 NE 17TH Way,Lake Ridge,1299000,same street,736 NE 17th Way,1712500,569.0,3011
1245 NE 17TH Way,Lake Ridge,1299000,same street,1409 NE 17th Way,2050000,650.0,3154
1245 NE 17TH Way,Lake Ridge,1299000,same street,532 NE 17th Way,1855000,574.0,3232
1245 NE 17TH Way,Lake Ridge,1299000,same street,913 NE 17th Way Unit#*,801000,296.0,2702
1245 NE 17TH Way,Lake Ridge,1299000,same street,705 NE 17TH WAY,1850000,567.0,3260
347 N New River Drive Unit#Ph 4,Watergarden,1295000,same street,347 N New River Dr Unit#PH 7,1800000,957.0,1880
347 N New River Drive Unit#Ph 4,Watergarden,1295000,same street,411 N New River Dr Unit#2503,1590000,754.0,2110
347 N New River Drive Unit#Ph 4,Watergarden,1295000,same street,411 N New River Drive Unit#2903,1350000,640.0,2110
347 N New River Drive Unit#Ph 4,Watergarden,1295000,same street,411 N New River Dr Unit#803,1300000,616.0,2110
347 N New River Drive Unit#Ph 4,Watergarden,1295000,same street,411 N New River Dr Unit#2805,1500000,920.0,1630
2001 N Ocean Boulevard Unit#Apt 1201,Vue,1295000,same street,2011 N Ocean Boulevard Unit#1601N,1100000,652.0,1686
2001 N Ocean Boulevard Unit#Apt 1201,Vue,1295000,same street,2011 N Ocean Boulevard Unit#1605,1150000,682.0,1685
2001 N Ocean Boulevard Unit#Apt 1201,Vue,1295000,same street,2011 N Ocean Blvd Unit#705,1100000,653.0,1685
2001 N Ocean Boulevard Unit#Apt 1201,Vue,1295000,same street,2001 N Ocean Blvd Unit#1505,950000,564.0,1685
2001 N Ocean Boulevard Unit#Apt 1201,Vue,1295000,same street,2831 N Ocean Blvd Unit#504N,1010000,620.0,1630
2100 S Ocean Lane Unit#1202,Point Americas,1295000,same street,2100 S Ocean Ln Unit#2102,1455000,774.0,1879
2100 S Ocean Lane Unit#1202,Point Americas,1295000,same street,2100 S Ocean Ln Unit#1502,930000,495.0,1879
2100 S Ocean Lane Unit#1202,Point Americas,1295000,same street,2100 S Ocean Ln Unit#2108,886240,471.0,1880
2100 S Ocean Lane Unit#1202,Point Americas,1295000,same street,2100 S Ocean Ln Unit#1608,800000,426.0,1880
2100 S Ocean Lane Unit#1202,Point Americas,1295000,same street,2100 S Ocean Ln Unit#512,980000,541.0,1813
1413 NE 4th Court,Las Olas,1295000,same street,1625 NE 4TH CT,1249000,663.0,1883
1413 NE 4th Court,Las Olas,1295000,same street,1600 NE 4th Ct,999000,709.0,1409
1413 NE 4th Court,Las Olas,1295000,same street,1601 NE 4th Ct,2000000,623.0,3208
700 NE 14th Ave Unit#311,Progresso,1295000,same street,315 NE 14th Ave,1875000,844.0,2221
700 NE 14th Ave Unit#311,Progresso,1295000,same street,700 NE 14th Avenue Unit#206,1100000,497.0,2214
700 NE 14th Ave Unit#311,Progresso,1295000,same street,2841 NE 14th Ave,1295000,607.0,2132
700 NE 14th Ave Unit#311,Progresso,1295000,same street,308 NE 14th Ave,1412500,607.0,2326
700 NE 14th Ave Unit#311,Progresso,1295000,same street,2609 NE 14th Avenue Unit#110,1025000,434.0,2363
411 N New River Dr Drive Unit#1703,Las Olas,1295000,neighborhood + band,411 N New River Dr Unit#2503,1590000,754.0,2110
411 N New River Dr Drive Unit#1703,Las Olas,1295000,neighborhood + band,411 N New River Drive Unit#2903,1350000,640.0,2110
411 N New River Dr Drive Unit#1703,Las Olas,1295000,neighborhood + band,411 N New River Dr E Unit#3203,1495000,709.0,2110
411 N New River Dr Drive Unit#1703,Las Olas,1295000,neighborhood + band,411 N New River Dr Unit#803,1300000,616.0,2110
411 N New River Dr Drive Unit#1703,Las Olas,1295000,neighborhood + band,333 Las Olas Way Unit#804,1500000,705.0,2129
424 Hendricks Isle Unit#6,Boathouse,1295000,same street,424 Hendricks Isle Unit#10,930000,412.0,2260
424 Hendricks Isle Unit#6,Boathouse,1295000,same street,424 Hendricks Isle Unit#11,960000,425.0,2260
424 Hendricks Isle Unit#6,Boathouse,1295000,same street,48 Hendricks Isle Unit#2b-A,1100000,488.0,2253
424 Hendricks Isle Unit#6,Boathouse,1295000,same street,124 Hendricks Isle Unit#301,2280000,998.0,2285
424 Hendricks Isle Unit#6,Boathouse,1295000,same street,25 Hendricks Isle Unit#305,975000,420.0,2320
349 NE 29th Street,Tropical Manors,1295000,same street,2740 NE 29th Street,1382500,602.0,2297
349 NE 29th Street,Tropical Manors,1295000,same street,2625 NE 29th Street,1360000,581.0,2342
349 NE 29th Street,Tropical Manors,1295000,same street,2805 NE 29th Street,2150000,884.0,2431
349 NE 29th Street,Tropical Manors,1295000,same street,2708 NE 29th St,1150000,619.0,1859
349 NE 29th Street,Tropical Manors,1295000,same street,2026 NE 29th St,850000,501.0,1696
333 Las Olas Way Unit#1207,Las Olas,1295000,same street,333 Las Olas Way Unit#1502,1100000,723.0,1522
333 Las Olas Way Unit#1207,Las Olas,1295000,same street,333 LAS OLAS WAY Unit#1402,1030000,677.0,1522
333 Las Olas Way Unit#1207,Las Olas,1295000,same street,333 Las Olas Way Unit#1507,1065000,700.0,1522
333 Las Olas Way Unit#1207,Las Olas,1295000,same street,333 Las Olas Way Unit#1602,975000,641.0,1522
333 Las Olas Way Unit#1207,Las Olas,1295000,same street,333 Las Olas Way Unit#2207,975000,641.0,1522
333 Las Olas Way Unit#3006,Las Olas,1295000,same street,333 Las Olas Way Unit#3106,1450000,776.0,1869
333 Las Olas Way Unit#3006,Las Olas,1295000,same street,333 Las Olas Way Unit#3503,1600000,856.0,1869
333 Las Olas Way Unit#3006,Las Olas,1295000,same street,333 Las Olas Way Unit#2206,1250000,669.0,1869
333 Las Olas Way Unit#3006,Las Olas,1295000,same street,333 LAS OLAS WAY Unit#2903,1025000,548.0,1869
333 Las Olas Way Unit#3006,Las Olas,1295000,same street,333 Las Olas Way Unit#3203,1150000,615.0,1869
715 Bayshore Dr Unit#705,La Rive,1290000,same street,715 Bayshore Drive Unit#606,1037500,599.0,1733
715 Bayshore Dr Unit#705,La Rive,1290000,same street,715 Bayshore Drive Unit#506,850000,490.0,1733
715 Bayshore Dr Unit#705,La Rive,1290000,same street,741 Bayshore Drive Unit#1phe,1055000,613.0,1720
715 Bayshore Dr Unit#705,La Rive,1290000,same street,741 Bayshore Drive Unit#1phw,1165000,647.0,1800
715 Bayshore Dr Unit#705,La Rive,1290000,same street,612 Bayshore Dr Unit#501,925000,556.0,1664
918 SE 12th Street Unit#918,Rio South Townhomes,1289000,same street,1414 SE 12th Street Unit#2a,1525000,724.0,2107
918 SE 12th Street Unit#918,Rio South Townhomes,1289000,same street,1532 SE 12th Street Unit#204,1700000,822.0,2067
918 SE 12th Street Unit#918,Rio South Townhomes,1289000,same street,1532 SE 12th Street Unit#304,1300000,629.0,2067
918 SE 12th Street Unit#918,Rio South Townhomes,1289000,same street,716 SE 12th St Unit#13,675000,337.0,2005
918 SE 12th Street Unit#918,Rio South Townhomes,1289000,same street,1424 SE 12th St Unit#2A,1365000,597.0,2288
1321 CORDOVA Road,Lauderdale Harbors,1285000,same street,1212 Cordova Rd,1730000,1087.0,1591
1321 CORDOVA Road,Lauderdale Harbors,1285000,same street,1101 Cordova Rd,1748375,893.0,1958
1321 CORDOVA Road,Lauderdale Harbors,1285000,same street,1223 Cordova Road,801000,569.0,1408
1321 CORDOVA Road,Lauderdale Harbors,1285000,same street,1235 Cordova Rd,970000,446.0,2177
1321 CORDOVA Road,Lauderdale Harbors,1285000,same street,1213 Cordova Rd,1298000,559.0,2321
1437 SW 23rd Court,Marina Landings,1280000,same street,1421 SW 23rd Court,1205000,438.0,2751
1437 SW 23rd Court,Marina Landings,1280000,same street,1307 SW 23rd Ct,1025000,372.0,2757
1437 SW 23rd Court,Marina Landings,1280000,same street,1429 SW 23rd Court,1125000,405.0,2779
1817 SE 25 Avenue,Harbour Heights,1275000,neighborhood + band,1951 Harbour Inlet Dr,1500000,601.0,2496
1817 SE 25 Avenue,Harbour Heights,1275000,neighborhood + band,1966 Admirals Way,1750000,709.0,2468
1817 SE 25 Avenue,Harbour Heights,1275000,neighborhood + band,1900 Admirals Way,1875000,699.0,2681
1817 SE 25 Avenue,Harbour Heights,1275000,neighborhood + band,2316 Barbara Dr,1195000,517.0,2311
1817 SE 25 Avenue,Harbour Heights,1275000,neighborhood + band,1959 SE 25th Avenue,1985000,866.0,2291
3057 NE 16th Avenue,Coral Brook,1275000,same street,2207 NE 16th Ave,1240000,709.0,1750
3057 NE 16th Avenue,Coral Brook,1275000,same street,2207 NE 16th Ave,1275000,729.0,1750
3057 NE 16th Avenue,Coral Brook,1275000,same street,2225 NE 16th Ave,930000,540.0,1722
3057 NE 16th Avenue,Coral Brook,1275000,same street,2130 NE 16th Ave,878000,513.0,1713
3057 NE 16th Avenue,Coral Brook,1275000,same street,2708 NE 16th Ave,795000,464.0,1713
1500 NE 24th Street,Edgewater Estates,1275000,same street,2825 NE 24th St,2350000,927.0,2536
1500 NE 24th Street,Edgewater Estates,1275000,same street,2017 NE 24th St,1320000,576.0,2292
1500 NE 24th Street,Edgewater Estates,1275000,same street,2600 NE 24th Street,1210000,611.0,1979
1500 NE 24th Street,Edgewater Estates,1275000,same street,2140 NE 24th Street,1247000,658.0,1894
1500 NE 24th Street,Edgewater Estates,1275000,same street,20 NE 24th St,900000,502.0,1792
1421 SW 20th Court,River Oaks,1275000,neighborhood + band,1307 SW 23rd Ct,1025000,372.0,2757
1421 SW 20th Court,River Oaks,1275000,neighborhood + band,2125 SW 10th Ave,1800000,600.0,3000
1421 SW 20th Court,River Oaks,1275000,neighborhood + band,1313 SW 18th Court,1200000,400.0,3000
1421 SW 20th Court,River Oaks,1275000,neighborhood + band,1461 SW 21st Ct,1450000,469.0,3089
1421 SW 20th Court,River Oaks,1275000,neighborhood + band,2110 SW 14 Avenue,1413750,458.0,3089
912 SE 12th Street Unit#912,Rio South Townhomes,1269000,same street,1424 SE 12th St Unit#2A,1365000,597.0,2288
912 SE 12th Street Unit#912,Rio South Townhomes,1269000,same street,1414 SE 12th Street Unit#2a,1525000,724.0,2107
912 SE 12th Street Unit#912,Rio South Townhomes,1269000,same street,1532 SE 12th Street Unit#PH-1,2125000,900.0,2360
912 SE 12th Street Unit#912,Rio South Townhomes,1269000,same street,1532 SE 12th Street Unit#204,1700000,822.0,2067
912 SE 12th Street Unit#912,Rio South Townhomes,1269000,same street,1532 SE 12th Street Unit#304,1300000,629.0,2067
2041 NE 30th Street,Coral Shores,1260000,same street,156 NE 30th St,1250000,850.0,1470
2041 NE 30th Street,Coral Shores,1260000,same street,2810 NE 30th Street Unit#E,640000,405.0,1580
2041 NE 30th Street,Coral Shores,1260000,same street,2029 NE 30th St,634000,467.0,1359
2041 NE 30th Street,Coral Shores,1260000,same street,2506 NE 30th St,1100000,661.0,1664
2041 NE 30th Street,Coral Shores,1260000,same street,108 NE 30th St,800000,651.0,1228
2845 NE 9th Street Unit#906,Le Club International Cond,1250000,same street,2845 NE 9th St Unit#1003,1450000,551.0,2630
2845 NE 9th Street Unit#906,Le Club International Cond,1250000,same street,2845 NE 9th St Unit#504,1300000,494.0,2630
2845 NE 9th Street Unit#906,Le Club International Cond,1250000,same street,2845 NE 9th Street Unit#804,1100000,418.0,2630
2845 NE 9th Street Unit#906,Le Club International Cond,1250000,same street,1633 NE 9th St Unit#1633,1050000,446.0,2352
2845 NE 9th Street Unit#906,Le Club International Cond,1250000,same street,1616 NE 9th St,765000,330.0,2318
3101 Bayshore Drive Unit#2105,Fort Lauderdale Residences,1250000,same street,3101 Bayshore Drive Unit#2005,1100000,857.0,1283
3101 Bayshore Drive Unit#2105,Fort Lauderdale Residences,1250000,same street,720 Bayshore Drive Unit#304,375000,296.0,1266
3101 Bayshore Drive Unit#2105,Fort Lauderdale Residences,1250000,same street,3101 Bayshore Dr Unit#1909,1025000,817.0,1255
3101 Bayshore Drive Unit#2105,Fort Lauderdale Residences,1250000,same street,3101 Bayshore Dr Unit#1109,925000,737.0,1255
3101 Bayshore Drive Unit#2105,Fort Lauderdale Residences,1250000,same street,720 Bayshore Drive Unit#305,330000,265.0,1243
401 N Birch Rd Unit#502,Tiffany House,1250000,same street,401 N Birch Road Unit#1102,1200000,933.0,1286
401 N Birch Rd Unit#502,Tiffany House,1250000,same street,401 N Birch Rd Unit#1115,1215000,940.0,1293
401 N Birch Rd Unit#502,Tiffany House,1250000,same street,401 N Birch Road Unit#708,1050000,855.0,1228
401 N Birch Rd Unit#502,Tiffany House,1250000,same street,336 N Birch Rd Unit#10I,510000,361.0,1411
401 N Birch Rd Unit#502,Tiffany House,1250000,same street,336 N BIRCH RD Unit#4F,475000,337.0,1411
1900 NE 16th Terrace,Poinsettia Heights,1250000,same street,902 NE 16th Ter Unit#902,1045000,516.0,2024
1900 NE 16th Terrace,Poinsettia Heights,1250000,same street,909 NE 16th Ter Unit#3,960000,486.0,1976
1900 NE 16th Terrace,Poinsettia Heights,1250000,same street,909 NE 16th Ter Unit#4,869000,440.0,1976
1900 NE 16th Terrace,Poinsettia Heights,1250000,same street,909 NE 16th Ter Unit#2,725000,367.0,1976
1900 NE 16th Terrace,Poinsettia Heights,1250000,same street,616 NE 16th Terrace,1674000,853.0,1962
1327 SW 21st Ct,River Oaks,1250000,same street,1461 SW 21st Ct,1450000,469.0,3089
1327 SW 21st Ct,River Oaks,1250000,same street,1201 SW 21st Court,700000,528.0,1327
922 SE 12th Street Unit#922,Rio South Townhomes,1229000,same street,1424 SE 12th St Unit#2A,1365000,597.0,2288
922 SE 12th Street Unit#922,Rio South Townhomes,1229000,same street,1414 SE 12th Street Unit#2a,1525000,724.0,2107
922 SE 12th Street Unit#922,Rio South Townhomes,1229000,same street,1532 SE 12th Street Unit#204,1700000,822.0,2067
922 SE 12th Street Unit#922,Rio South Townhomes,1229000,same street,1532 SE 12th Street Unit#304,1300000,629.0,2067
922 SE 12th Street Unit#922,Rio South Townhomes,1229000,same street,1532 SE 12th Street Unit#PH-1,2125000,900.0,2360
2424 NE 18th Ave,Middle River Manor,1210000,same street,1251 NE 18th Ave,725000,359.0,2022
2424 NE 18th Ave,Middle River Manor,1210000,same street,1045 NE 18th Ave Unit#307,475000,228.0,2085
2424 NE 18th Ave,Middle River Manor,1210000,same street,1044 NE 18th Ave Unit#201,555000,286.0,1938
2424 NE 18th Ave,Middle River Manor,1210000,same street,1044 NE 18th Avenue Unit#205,563000,291.0,1938
2424 NE 18th Ave,Middle River Manor,1210000,same street,1025 NE 18th Ave Unit#103,490000,253.0,1938
3101 Bayshore Dr Unit#608,Fort Lauderdale Residence Ft Lauderdale Residence,1200000,same street,3101 Bayshore Dr Unit#2108,1000000,824.0,1214
3101 Bayshore Dr Unit#608,Fort Lauderdale Residence Ft Lauderdale Residence,1200000,same street,3101 Bayshore Drive Unit#1908,775000,638.0,1214
3101 Bayshore Dr Unit#608,Fort Lauderdale Residence Ft Lauderdale Residence,1200000,same street,3101 Bayshore Dr Unit#708,780000,643.0,1214
3101 Bayshore Dr Unit#608,Fort Lauderdale Residence Ft Lauderdale Residence,1200000,same street,3101 Bayshore Dr Unit#1108,630000,519.0,1214
3101 Bayshore Dr Unit#608,Fort Lauderdale Residence Ft Lauderdale Residence,1200000,same street,3101 Bayshore Drive Unit#1908,704900,581.0,1214
401 N Birch Road Unit#Th3,Tiffany House,1200000,same street,401 N Birch Road Unit#TH2,1040000,636.0,1636
401 N Birch Road Unit#Th3,Tiffany House,1200000,same street,336 N Birch Rd Unit#10I,510000,361.0,1411
401 N Birch Road Unit#Th3,Tiffany House,1200000,same street,336 N BIRCH RD Unit#4F,475000,337.0,1411
401 N Birch Road Unit#Th3,Tiffany House,1200000,same street,336 N Birch Road Unit#3E,390000,276.0,1411
401 N Birch Road Unit#Th3,Tiffany House,1200000,same street,401 N Birch Rd Unit#1115,1215000,940.0,1293
1508 NE 6th Street,Las Olas,1199000,same street,1606 NE 6th St,1750000,1088.0,1608
1508 NE 6th Street,Las Olas,1199000,same street,1629 NE 6th St,815000,600.0,1358
1508 NE 6th Street,Las Olas,1199000,same street,1616 NE 6th St,1250000,664.0,1883
1508 NE 6th Street,Las Olas,1199000,same street,805 NE 6th St,1150000,581.0,1981
1508 NE 6th Street,Las Olas,1199000,same street,1415 NE 6TH ST,1400000,630.0,2222
2757 NE 14th Avenue,Middle River Estates,1199000,same street,1336 NE 14th Avenue,568500,310.0,1835
2757 NE 14th Avenue,Middle River Estates,1199000,same street,2633 NE 14th Avenue Unit#400,683000,368.0,1856
2757 NE 14th Avenue,Middle River Estates,1199000,same street,2633 NE 14th Ave Unit#115,425000,239.0,1777
2757 NE 14th Avenue,Middle River Estates,1199000,same street,2625 NE 14th Avenue Unit#114,420000,236.0,1777
2757 NE 14th Avenue,Middle River Estates,1199000,same street,2617 NE 14th Ave Unit#507,685000,363.0,1888
1449 SW 23rd Court,Marina Landings,1199000,same street,1429 SW 23rd Court,1125000,405.0,2779
1449 SW 23rd Court,Marina Landings,1199000,same street,1307 SW 23rd Ct,1025000,372.0,2757
1449 SW 23rd Court,Marina Landings,1199000,same street,1421 SW 23rd Court,1205000,438.0,2751
610 W Las Olas Blvd Unit#2014N,Symphony North Symphony,1199000,same street,610 W Las Olas Blvd Unit#1911N,1047500,576.0,1818
610 W Las Olas Blvd Unit#2014N,Symphony North Symphony,1199000,same street,600 W Las Olas Blvd Unit#1901S,1050000,589.0,1782
610 W Las Olas Blvd Unit#2014N,Symphony North Symphony,1199000,same street,1722 W Las Olas Blvd,1077000,631.0,1708
610 W Las Olas Blvd Unit#2014N,Symphony North Symphony,1199000,same street,600 W Las Olas Blvd Unit#1905-s,1075000,507.0,2122
610 W Las Olas Blvd Unit#2014N,Symphony North Symphony,1199000,same street,610 W Las Olas Blvd Unit#1617,900000,536.0,1678
2831 N Ocean Boulevard Unit#303n,Sapphire Fort Lauderdale,1195000,same street,2831 N Ocean Boulevard Unit#1005n,1350000,715.0,1888
2831 N Ocean Boulevard Unit#303n,Sapphire Fort Lauderdale,1195000,same street,2831 N Ocean Blvd Unit#905N,1280000,678.0,1888
2831 N Ocean Boulevard Unit#303n,Sapphire Fort Lauderdale,1195000,same street,2821 N Ocean Blvd Unit#503S,1275000,675.0,1888
2831 N Ocean Boulevard Unit#303n,Sapphire Fort Lauderdale,1195000,same street,2821 N Ocean Boulevard Unit#1103S,1299000,688.0,1888
2831 N Ocean Boulevard Unit#303n,Sapphire Fort Lauderdale,1195000,same street,2821 N Ocean Boulevard Unit#405s,1250000,662.0,1888
1180 N Federal Highway Unit#1203,Riva Residences,1195000,same street,1180 N Federal Highway Unit#1005,950000,533.0,1783
1180 N Federal Highway Unit#1203,Riva Residences,1195000,same street,1160 N Federal Highway Unit#716,340000,211.0,1611
1180 N Federal Highway Unit#1203,Riva Residences,1195000,same street,1170 N Federal Highway Unit#302,515000,268.0,1920
1180 N Federal Highway Unit#1203,Riva Residences,1195000,same street,1170 N Federal Highway Unit#702,415000,216.0,1920
1180 N Federal Highway Unit#1203,Riva Residences,1195000,same street,1160 N Federal Highway Unit#213,310000,161.0,1920
333 Las Olas Way Unit#2506,Las Olas,1195000,same street,333 Las Olas Way Unit#3106,1450000,776.0,1869
333 Las Olas Way Unit#2506,Las Olas,1195000,same street,333 Las Olas Way Unit#3503,1600000,856.0,1869
333 Las Olas Way Unit#2506,Las Olas,1195000,same street,333 Las Olas Way Unit#2206,1250000,669.0,1869
333 Las Olas Way Unit#2506,Las Olas,1195000,same street,333 LAS OLAS WAY Unit#2903,1025000,548.0,1869
333 Las Olas Way Unit#2506,Las Olas,1195000,same street,333 Las Olas Way Unit#3203,1150000,615.0,1869
700 NE 14th Avenue Unit#312,Progresso,1190000,same street,700 NE 14th Avenue Unit#206,1100000,497.0,2214
700 NE 14th Avenue Unit#312,Progresso,1190000,same street,315 NE 14th Ave,1875000,844.0,2221
700 NE 14th Avenue Unit#312,Progresso,1190000,same street,2841 NE 14th Ave,1295000,607.0,2132
700 NE 14th Avenue Unit#312,Progresso,1190000,same street,308 NE 14th Ave,1412500,607.0,2326
700 NE 14th Avenue Unit#312,Progresso,1190000,same street,2609 NE 14th Avenue Unit#110,1025000,434.0,2363
809 SW 10th Ter,Croissant Park,1190000,neighborhood + band,809 SW 10th Street,1025000,418.0,2450
809 SW 10th Ter,Croissant Park,1190000,neighborhood + band,701 SW 17th Street,1025000,407.0,2519
809 SW 10th Ter,Croissant Park,1190000,neighborhood + band,605 SW 12th St,1625000,1167.0,1392
809 SW 10th Ter,Croissant Park,1190000,neighborhood + band,605 SW 12th Street,1650000,586.0,2815
809 SW 10th Ter,Croissant Park,1190000,neighborhood + band,609 SW 12th St,1700000,604.0,2815
347 N New River Dr E Unit#1904,Watergarden,1175000,same street,347 N New River Dr E Unit#809,850000,579.0,1469
347 N New River Dr E Unit#1904,Watergarden,1175000,same street,347 N New River Dr E Unit#1709,820000,558.0,1469
347 N New River Dr E Unit#1904,Watergarden,1175000,same street,347 N New River Dr E Unit#2504,830000,565.0,1469
347 N New River Dr E Unit#1904,Watergarden,1175000,same street,347 N New River Dr E Unit#1504,790000,538.0,1469
347 N New River Dr E Unit#1904,Watergarden,1175000,same street,347 N New River Dr E Unit#2104,795000,541.0,1469
1052 N Victoria Park Road,Lake Ridge,1175000,same street,832 N Victoria Park Road Unit#832,749000,350.0,2143
1052 N Victoria Park Road,Lake Ridge,1175000,same street,824 N Victoria Park Rd,1670000,836.0,1997
1052 N Victoria Park Road,Lake Ridge,1175000,same street,1214 N Victoria Park Rd Unit#1214,715000,368.0,1943
1052 N Victoria Park Road,Lake Ridge,1175000,same street,1718 N Victoria Park Rd,1460000,651.0,2242
1052 N Victoria Park Road,Lake Ridge,1175000,same street,907 N Victoria Park Road,945000,420.0,2250
1709 SW 23rd St,River Oak,1175000,same street,1705 SW 23rd St,1102250,439.0,2508
1709 SW 23rd St,River Oak,1175000,same street,1515 SW 23rd St,830000,332.0,2502
1709 SW 23rd St,River Oak,1175000,same street,1422 SW 23rd St,1275000,485.0,2630
1709 SW 23rd St,River Oak,1175000,same street,1415 SW 23rd Street,1270000,464.0,2738
1709 SW 23rd St,River Oak,1175000,same street,1435 SW 23rd Street,1040000,380.0,2738
700 NE 14th Avenue Unit#208,Progresso,1174000,same street,315 NE 14th Ave,1875000,844.0,2221
700 NE 14th Avenue Unit#208,Progresso,1174000,same street,700 NE 14th Avenue Unit#206,1100000,497.0,2214
700 NE 14th Avenue Unit#208,Progresso,1174000,same street,308 NE 14th Ave,1412500,607.0,2326
700 NE 14th Avenue Unit#208,Progresso,1174000,same street,2841 NE 14th Ave,1295000,607.0,2132
700 NE 14th Avenue Unit#208,Progresso,1174000,same street,2609 NE 14th Avenue Unit#110,1025000,434.0,2363
1524 SE 12th Street Unit#6,La Casa Del Rio Vista Cond,1159000,same street,1532 SE 12th Street Unit#203,1200000,681.0,1761
1524 SE 12th Street Unit#6,La Casa Del Rio Vista Cond,1159000,same street,824 SE 12th St,710000,560.0,1268
1524 SE 12th Street Unit#6,La Casa Del Rio Vista Cond,1159000,same street,716 SE 12th St Unit#13,675000,337.0,2005
1524 SE 12th Street Unit#6,La Casa Del Rio Vista Cond,1159000,same street,1532 SE 12th Street Unit#204,1700000,822.0,2067
1524 SE 12th Street Unit#6,La Casa Del Rio Vista Cond,1159000,same street,1532 SE 12th Street Unit#304,1300000,629.0,2067
1 N Fort Lauderdale Beach Boulevard Unit#1709,Ritz Carlton,1150000,same street,345 N Fort Lauderdale Beach Blvd Unit#201,180000,222.0,811
1 N Fort Lauderdale Beach Boulevard Unit#1709,Ritz Carlton,1150000,same street,551 N Fort Lauderdale Beach Blvd Unit#R502,680000,822.0,827
1 N Fort Lauderdale Beach Boulevard Unit#1709,Ritz Carlton,1150000,same street,551 N Fort Lauderdale Beach Blvd Unit#H1217,825000,983.0,839
1 N Fort Lauderdale Beach Boulevard Unit#1709,Ritz Carlton,1150000,same street,505 N Fort Lauderdale Beach Blvd Unit#1413,320000,369.0,868
1 N Fort Lauderdale Beach Boulevard Unit#1709,Ritz Carlton,1150000,same street,505 N Fort Lauderdale Beach Blvd Unit#1806,300000,331.0,906
1 N Fort Lauderdale Beach Blvd Unit#1605,Castillo Grand Hotel Resi Ritz Carlton,1150000,same street,551 N Fort Lauderdale Beach Blvd Unit#R502,680000,822.0,827
1 N Fort Lauderdale Beach Blvd Unit#1605,Castillo Grand Hotel Resi Ritz Carlton,1150000,same street,551 N Fort Lauderdale Beach Blvd Unit#H1217,825000,983.0,839
1 N Fort Lauderdale Beach Blvd Unit#1605,Castillo Grand Hotel Resi Ritz Carlton,1150000,same street,345 N Fort Lauderdale Beach Blvd Unit#201,180000,222.0,811
1 N Fort Lauderdale Beach Blvd Unit#1605,Castillo Grand Hotel Resi Ritz Carlton,1150000,same street,505 N Fort Lauderdale Beach Blvd Unit#1413,320000,369.0,868
1 N Fort Lauderdale Beach Blvd Unit#1605,Castillo Grand Hotel Resi Ritz Carlton,1150000,same street,505 N Fort Lauderdale Beach Blvd Unit#1806,300000,331.0,906
2100 S Ocean Ln Unit#2308,Point Americas,1150000,same street,2100 S Ocean Ln Unit#2108,886240,471.0,1880
2100 S Ocean Ln Unit#2308,Point Americas,1150000,same street,2100 S Ocean Ln Unit#1608,800000,426.0,1880
2100 S Ocean Ln Unit#2308,Point Americas,1150000,same street,2100 S Ocean Ln Unit#2102,1455000,774.0,1879
2100 S Ocean Ln Unit#2308,Point Americas,1150000,same street,2100 S Ocean Ln Unit#1502,930000,495.0,1879
2100 S Ocean Ln Unit#2308,Point Americas,1150000,same street,2100 S Ocean Ln Unit#512,980000,541.0,1813
2000 S Ocean Drive Unit#810,Everglades House,1150000,same street,1511 S Ocean Dr,1800000,610.0,2952
2000 S Ocean Drive Unit#810,Everglades House,1150000,same street,2000 S Ocean Dr Unit#1209,985000,422.0,2335
2000 S Ocean Drive Unit#810,Everglades House,1150000,same street,2000 S Ocean Dr Unit#1201,1100000,490.0,2244
2000 S Ocean Drive Unit#810,Everglades House,1150000,same street,2100 S Ocean Dr Unit#4CD,580000,268.0,2161
2000 S Ocean Drive Unit#810,Everglades House,1150000,same street,1800 S OCEAN DR Unit#110,1050000,587.0,1790
1362 Bayview Drive,Grandeur,1150000,same street,1364 Bayview Drive Unit#1364,1060000,442.0,2397
1362 Bayview Drive,Grandeur,1150000,same street,2457 Bayview Dr,1635000,682.0,2399
1362 Bayview Drive,Grandeur,1150000,same street,2308 Bayview Drive,930000,404.0,2300
1362 Bayview Drive,Grandeur,1150000,same street,2460 Bayview Drive,2075000,857.0,2422
1362 Bayview Drive,Grandeur,1150000,same street,1423 Bayview Dr Unit#1423,950000,378.0,2516
636 NE 17th Ter,Victoria Park,1150000,same street,1100 NE 17th Ter,612500,498.0,1230
636 NE 17th Ter,Victoria Park,1150000,same street,728 NE 17th Ter,3050000,2434.0,1253
636 NE 17th Ter,Victoria Park,1150000,same street,1231 NE 17TH TER,700000,598.0,1170
636 NE 17th Ter,Victoria Park,1150000,same street,2407 NE 17th Ter,701000,550.0,1274
636 NE 17th Ter,Victoria Park,1150000,same street,1400 NE 17th Ter,520000,450.0,1156
913 NE 15th Street,Lauderdale Park,1149000,same street,2119 NE 15TH STREET,1010000,452.0,2233
913 NE 15th Street,Lauderdale Park,1149000,same street,2741 NE 15TH ST Unit#2741,1150000,523.0,2199
913 NE 15th Street,Lauderdale Park,1149000,same street,2632 NE 15th St Unit#.,975000,393.0,2480
913 NE 15th Street,Lauderdale Park,1149000,same street,2715 NE 15th St Unit#2715,1150000,461.0,2496
913 NE 15th Street,Lauderdale Park,1149000,same street,2806 NE 15th St,1675000,643.0,2604
1301 Mandarin Isle,South New River Isles,1149000,same street,917 Mandarin Isle,850000,758.0,1122
1301 Mandarin Isle,South New River Isles,1149000,same street,1100 Mandarin Isle,915000,665.0,1376
1301 Mandarin Isle,South New River Isles,1149000,same street,1213 Mandarin Isle,1009000,719.0,1404
1301 Mandarin Isle,South New River Isles,1149000,same street,1112 Mandarin Isle,1570000,956.0,1642
1301 Mandarin Isle,South New River Isles,1149000,same street,1008 Mandarin Isle,2225000,533.0,4177
3000 E Oakland Park Boulevard Unit#1409,Waterside,1148540,same street,1810 E OAKLAND PARK BLVD Unit#1,190000,244.0,780
3000 E Oakland Park Boulevard Unit#1409,Waterside,1148540,same street,1816 E Oakland Park Blvd Unit#59,250000,425.0,588
3000 E Oakland Park Boulevard Unit#1409,Waterside,1148540,same street,1816 E Oakland Park Blvd Unit#63,228500,389.0,588
3000 E Oakland Park Boulevard Unit#1409,Waterside,1148540,same street,1816 E Oakland Park Blvd Unit#77,160000,272.0,588
3000 E Oakland Park Boulevard Unit#1409,Waterside,1148540,same street,1812 E Oakland Park Blvd Unit#36,155000,264.0,588
100 NE 22nd Street,Petite,1140000,same street,100 NE 22nd St,1010000,564.0,1791
100 NE 22nd Street,Petite,1140000,same street,2016 NE 22nd Street,929000,479.0,1941
100 NE 22nd Street,Petite,1140000,same street,2525 NE 22nd St,1612000,824.0,1956
100 NE 22nd Street,Petite,1140000,same street,2808 NE 22nd St,1400000,707.0,1980
100 NE 22nd Street,Petite,1140000,same street,2833 NE 22nd St,1375000,678.0,2028
100 S Birch Road Unit#1004,Jackson Tower Las Olas Con,1125000,same street,100 S Birch Rd Unit#2504,1330000,688.0,1934
100 S Birch Road Unit#1004,Jackson Tower Las Olas Con,1125000,same street,100 S Birch RD Unit#2304E,1137000,588.0,1934
100 S Birch Road Unit#1004,Jackson Tower Las Olas Con,1125000,same street,100 S Birch Rd Unit#1504E,1000000,517.0,1934
100 S Birch Road Unit#1004,Jackson Tower Las Olas Con,1125000,same street,100 S Birch Rd Unit#1706,1225000,626.0,1958
100 S Birch Road Unit#1004,Jackson Tower Las Olas Con,1125000,same street,100 S Birch Rd Unit#2502C,1350000,678.0,1990
2836 NW 11th Avenue,Jenada Isles,1125000,same street,2012 NW 11th Ave,465000,307.0,1513
2836 NW 11th Avenue,Jenada Isles,1125000,same street,1706 NW 11th Ave,472000,377.0,1252
1313 NE 3rd St,Stranahans,1120000,same street,917 NE 3rd St Unit#10,625000,425.0,1470
1313 NE 3rd St,Stranahans,1120000,same street,917 NE 3rd St Unit#11,540000,367.0,1470
1313 NE 3rd St,Stranahans,1120000,same street,1009 NE 3rd St,1000000,676.0,1479
1313 NE 3rd St,Stranahans,1120000,same street,901 NE 3rd St Unit#302,250000,336.0,744
1313 NE 3rd St,Stranahans,1120000,same street,1109 NE 3rd St,1350000,596.0,2267
1617 NE 3rd Ct,Victoria Park,1119000,neighborhood + band,1606 NE 6th St,1750000,1088.0,1608
1617 NE 3rd Ct,Victoria Park,1119000,neighborhood + band,524 NE 17th Way,1038355,627.0,1655
1617 NE 3rd Ct,Victoria Park,1119000,neighborhood + band,420 NE 11th Ave,1238000,788.0,1571
1617 NE 3rd Ct,Victoria Park,1119000,neighborhood + band,1701 E Broward Blvd,1200000,765.0,1568
1617 NE 3rd Ct,Victoria Park,1119000,neighborhood + band,832 NE 19 TERRACE,1000000,574.0,1741
401 N Birch Rd Unit#415,Tiffany House,1100000,same street,401 N Birch Rd Unit#1115,1215000,940.0,1293
401 N Birch Rd Unit#415,Tiffany House,1100000,same street,401 N Birch Road Unit#1102,1200000,933.0,1286
401 N Birch Rd Unit#415,Tiffany House,1100000,same street,401 N Birch Road Unit#708,1050000,855.0,1228
401 N Birch Rd Unit#415,Tiffany House,1100000,same street,336 N Birch Rd Unit#10I,510000,361.0,1411
401 N Birch Rd Unit#415,Tiffany House,1100000,same street,336 N BIRCH RD Unit#4F,475000,337.0,1411
401 N Birch Road Unit#703,Tiffany House,1100000,same street,401 N Birch Road Unit#1102,1200000,933.0,1286
401 N Birch Road Unit#703,Tiffany House,1100000,same street,401 N Birch Rd Unit#1115,1215000,940.0,1293
401 N Birch Road Unit#703,Tiffany House,1100000,same street,401 N Birch Road Unit#708,1050000,855.0,1228
401 N Birch Road Unit#703,Tiffany House,1100000,same street,336 N Birch Rd Unit#10I,510000,361.0,1411
401 N Birch Road Unit#703,Tiffany House,1100000,same street,336 N BIRCH RD Unit#4F,475000,337.0,1411
401 N Birch Rd Unit#505,Tiffany House,1100000,same street,401 N Birch Road Unit#1102,1200000,933.0,1286
401 N Birch Rd Unit#505,Tiffany House,1100000,same street,401 N Birch Rd Unit#1115,1215000,940.0,1293
401 N Birch Rd Unit#505,Tiffany House,1100000,same street,401 N Birch Road Unit#708,1050000,855.0,1228
401 N Birch Rd Unit#505,Tiffany House,1100000,same street,336 N Birch Rd Unit#10I,510000,361.0,1411
401 N Birch Rd Unit#505,Tiffany House,1100000,same street,336 N BIRCH RD Unit#4F,475000,337.0,1411
640 NE 8TH Avenue,Progresso,1100000,same street,2760 NE 8th Ave Unit#2760,620000,320.0,1936
640 NE 8TH Avenue,Progresso,1100000,same street,430 NE 8th Avenue,1630000,828.0,1968
640 NE 8TH Avenue,Progresso,1100000,same street,606 NE 8th Ave,1175000,593.0,1981
640 NE 8TH Avenue,Progresso,1100000,same street,2679 NE 8th Ave,875000,554.0,1579
640 NE 8TH Avenue,Progresso,1100000,same street,2725 NE 8th Ave Unit#102,600000,296.0,2030
700 NE 17th Way,Victoria Highlands Pla,1100000,same street,524 NE 17th Way,1038355,627.0,1655
700 NE 17th Way,Victoria Highlands Pla,1100000,same street,720 NE 17th Way,1279000,817.0,1566
700 NE 17th Way,Victoria Highlands Pla,1100000,same street,743 NE 17th Way,990000,514.0,1926
700 NE 17th Way,Victoria Highlands Pla,1100000,same street,2001 NE 17th Way,625000,424.0,1473
700 NE 17th Way,Victoria Highlands Pla,1100000,same street,1033 NE 17th Way Unit#904,510000,256.0,1990
648 NE 16th Terrace,Victoria Park,1100000,same street,1708 NE 16th Terrace,690000,485.0,1423
648 NE 16th Terrace,Victoria Park,1100000,same street,1401 NE 16th Ter,720000,512.0,1406
648 NE 16th Terrace,Victoria Park,1100000,same street,1541 NE 16th Terrace,720000,512.0,1405
648 NE 16th Terrace,Victoria Park,1100000,same street,228 NE 16th Terrace,695000,516.0,1346
648 NE 16th Terrace,Victoria Park,1100000,same street,1729 NE 16th Ter,2100000,1587.0,1323
1505 SW 23RD Street,River Oaks,1100000,same street,1515 SW 23rd St,830000,332.0,2502
1505 SW 23RD Street,River Oaks,1100000,same street,1705 SW 23rd St,1102250,439.0,2508
1505 SW 23RD Street,River Oaks,1100000,same street,1422 SW 23rd St,1275000,485.0,2630
1505 SW 23RD Street,River Oaks,1100000,same street,1525 SW 23rd Street,822000,361.0,2274
1505 SW 23RD Street,River Oaks,1100000,same street,1535 SW 23rd St,730000,321.0,2274
1004 Mandarin Isle,South New River Isles,1100000,same street,1112 Mandarin Isle,1570000,956.0,1642
1004 Mandarin Isle,South New River Isles,1100000,same street,1213 Mandarin Isle,1009000,719.0,1404
1004 Mandarin Isle,South New River Isles,1100000,same street,1100 Mandarin Isle,915000,665.0,1376
1004 Mandarin Isle,South New River Isles,1100000,same street,917 Mandarin Isle,850000,758.0,1122
1004 Mandarin Isle,South New River Isles,1100000,same street,1008 Mandarin Isle,2225000,533.0,4177
507 SW 11th Street,Tarpon River,1099000,same street,839 SW 11th St,750000,331.0,2264
507 SW 11th Street,Tarpon River,1099000,same street,513 SW 11th St,1200000,506.0,2372
507 SW 11th Street,Tarpon River,1099000,same street,511 SW 11th St,1215000,512.0,2372
507 SW 11th Street,Tarpon River,1099000,same street,413 SW 11th Street,619000,384.0,1614
507 SW 11th Street,Tarpon River,1099000,same street,508 SW 11th Street,625000,432.0,1447
509 SW 11th Street,Lauderdale,1099000,same street,839 SW 11th St,750000,331.0,2264
509 SW 11th Street,Lauderdale,1099000,same street,513 SW 11th St,1200000,506.0,2372
509 SW 11th Street,Lauderdale,1099000,same street,511 SW 11th St,1215000,512.0,2372
509 SW 11th Street,Lauderdale,1099000,same street,413 SW 11th Street,619000,384.0,1614
509 SW 11th Street,Lauderdale,1099000,same street,508 SW 11th Street,625000,432.0,1447
3101 BAYSHORE DR Unit#2306,Fort Lauderdale Residenc Residences Fort Lauderd,1098000,same street,3101 Bayshore Drive Unit#2005,1100000,857.0,1283
3101 BAYSHORE DR Unit#2306,Fort Lauderdale Residenc Residences Fort Lauderd,1098000,same street,720 Bayshore Drive Unit#304,375000,296.0,1266
3101 BAYSHORE DR Unit#2306,Fort Lauderdale Residenc Residences Fort Lauderd,1098000,same street,3101 Bayshore Dr Unit#1909,1025000,817.0,1255
3101 BAYSHORE DR Unit#2306,Fort Lauderdale Residenc Residences Fort Lauderd,1098000,same street,3101 Bayshore Dr Unit#1109,925000,737.0,1255
3101 BAYSHORE DR Unit#2306,Fort Lauderdale Residenc Residences Fort Lauderd,1098000,same street,720 Bayshore Drive Unit#305,330000,265.0,1243
2100 N Ocean Blvd Unit#6C,Palms Tower One,1095000,same street,2831 N Ocean Blvd Unit#504N,1010000,620.0,1630
2100 N Ocean Blvd Unit#6C,Palms Tower One,1095000,same street,2831 N Ocean Blvd Unit#PH2N,1030000,655.0,1573
2100 N Ocean Blvd Unit#6C,Palms Tower One,1095000,same street,2409 N Ocean Boulevard Unit#427,540000,344.0,1570
2100 N Ocean Blvd Unit#6C,Palms Tower One,1095000,same street,2501 N Ocean Blvd Unit#550,462500,295.0,1570
2100 N Ocean Blvd Unit#6C,Palms Tower One,1095000,same street,2509 N OCEAN BLVD Unit#777,750000,479.0,1567
710 NE 3rd Ave,Flagler Heights Bamboo Flats,1095000,same street,716 NE 3rd Avenue Unit#716,910000,320.0,2842
710 NE 3rd Ave,Flagler Heights Bamboo Flats,1095000,same street,704 NE 3rd Ave,920000,333.0,2762
710 NE 3rd Ave,Flagler Heights Bamboo Flats,1095000,same street,1139 NE 3rd Ave,560000,230.0,2439
710 NE 3rd Ave,Flagler Heights Bamboo Flats,1095000,same street,1131 NE 3rd Avenue,540000,221.0,2439
710 NE 3rd Ave,Flagler Heights Bamboo Flats,1095000,same street,1139 NE 3rd Ave,575000,236.0,2439
1210 NE 11th Avenue,Progresso,1095000,same street,400 NE 11th Ave,1400000,536.0,2612
1210 NE 11th Avenue,Progresso,1095000,same street,517 NE 11th Avenue,1910000,781.0,2447
1210 NE 11th Avenue,Progresso,1095000,same street,1137 NE 11th ave,1500000,625.0,2400
1210 NE 11th Avenue,Progresso,1095000,same street,549 NE 11th Ave,2775000,801.0,3465
1210 NE 11th Avenue,Progresso,1095000,same street,605 NE 11th Ave,850000,358.0,2371
733 NE 4th Avenue Unit#733,Bamboo Flats,1095000,same street,1743 NE 4th Avenue Unit#F4,425000,241.0,1760
733 NE 4th Avenue Unit#733,Bamboo Flats,1095000,same street,721 NE 4th Ave,785000,460.0,1707
733 NE 4th Avenue Unit#733,Bamboo Flats,1095000,same street,783 NE 4th Ave,725500,435.0,1669
733 NE 4th Avenue Unit#733,Bamboo Flats,1095000,same street,717 NE 4th Ave Unit#717,850000,559.0,1520
733 NE 4th Avenue Unit#733,Bamboo Flats,1095000,same street,2020 NE 4th Avenue,605000,416.0,1453
612 Bayshore Drive Unit#301,Wave On Bayshore,1090000,same street,612 Bayshore Dr Unit#501,925000,556.0,1664
612 Bayshore Drive Unit#301,Wave On Bayshore,1090000,same street,511 Bayshore Dr Unit#807,1000000,610.0,1640
612 Bayshore Drive Unit#301,Wave On Bayshore,1090000,same street,741 Bayshore Drive Unit#1phe,1055000,613.0,1720
612 Bayshore Drive Unit#301,Wave On Bayshore,1090000,same street,715 Bayshore Drive Unit#606,1037500,599.0,1733
612 Bayshore Drive Unit#301,Wave On Bayshore,1090000,same street,715 Bayshore Drive Unit#506,850000,490.0,1733
3101 Bayshore Dr Unit#1102,Fort Lauderdale Residence Fort Lauderdale Res,1090000,same street,3101 Bayshore Drive Unit#1602,840000,632.0,1329
3101 Bayshore Dr Unit#1102,Fort Lauderdale Residence Fort Lauderdale Res,1090000,same street,511 Bayshore Dr Unit#PH10,825000,620.0,1330
3101 Bayshore Dr Unit#1102,Fort Lauderdale Residence Fort Lauderdale Res,1090000,same street,511 Bayshore Dr Unit#PH3,810000,609.0,1330
3101 Bayshore Dr Unit#1102,Fort Lauderdale Residence Fort Lauderdale Res,1090000,same street,511 Bayshore Dr Unit#1005,785000,590.0,1330
3101 Bayshore Dr Unit#1102,Fort Lauderdale Residence Fort Lauderdale Res,1090000,same street,511 Bayshore Dr Unit#308,740000,556.0,1330
732 NE 15th Avenue,Victoria Park,1089000,same street,726 NE 15th Avenue Unit#726,885000,360.0,2456
732 NE 15th Avenue,Victoria Park,1089000,same street,625 NE 15th Ave,1375000,552.0,2491
732 NE 15th Avenue,Victoria Park,1089000,same street,601 NE 15th Ave Unit#0,1350000,590.0,2290
732 NE 15th Avenue,Victoria Park,1089000,same street,317 NE 15th Ave Unit#317,1250000,457.0,2734
732 NE 15th Avenue,Victoria Park,1089000,same street,314 NE 15th Ave,1250000,457.0,2738
2720 NE 15th Street Unit#303,Rio Villas Coral Ridge,1085000,same street,2720 NE 15th St Unit#301,1100000,680.0,1618
2720 NE 15th Street Unit#303,Rio Villas Coral Ridge,1085000,same street,801 NE 15th St,750000,456.0,1643
2720 NE 15th Street Unit#303,Rio Villas Coral Ridge,1085000,same street,2107 NE 15th St,965000,569.0,1696
2720 NE 15th Street Unit#303,Rio Villas Coral Ridge,1085000,same street,1785 NE 15th St,1000000,546.0,1830
2720 NE 15th Street Unit#303,Rio Villas Coral Ridge,1085000,same street,2770 NE 15th St Unit#101,940000,730.0,1288
3056 NE 14th Ave,Ocean Boulevard Park,1080000,same street,315 NE 14th Ave,1875000,844.0,2221
3056 NE 14th Ave,Ocean Boulevard Park,1080000,same street,700 NE 14th Avenue Unit#206,1100000,497.0,2214
3056 NE 14th Ave,Ocean Boulevard Park,1080000,same street,308 NE 14th Ave,1412500,607.0,2326
3056 NE 14th Ave,Ocean Boulevard Park,1080000,same street,2609 NE 14th Avenue Unit#110,1025000,434.0,2363
3056 NE 14th Ave,Ocean Boulevard Park,1080000,same street,2841 NE 14th Ave,1295000,607.0,2132
1710 S Ocean Ln Unit#404,Lago Mar North Lodge Cond Lago Mar North Lodge,1075000,same street,1750 S Ocean Lane Unit#316,700000,473.0,1480
1710 S Ocean Ln Unit#404,Lago Mar North Lodge Cond Lago Mar North Lodge,1075000,same street,2100 S Ocean Lane Unit#1103,910000,607.0,1500
1710 S Ocean Ln Unit#404,Lago Mar North Lodge Cond Lago Mar North Lodge,1075000,same street,2100 S Ocean Ln Unit#1703,840000,560.0,1500
1710 S Ocean Ln Unit#404,Lago Mar North Lodge Cond Lago Mar North Lodge,1075000,same street,2100 S Ocean Ln Unit#1409,732832,484.0,1513
1710 S Ocean Ln Unit#404,Lago Mar North Lodge Cond Lago Mar North Lodge,1075000,same street,2100 S Ocean Ln Unit#1109,840000,555.0,1513
905 Mandarin Isle,South New River Isles,1075000,same street,1100 Mandarin Isle,915000,665.0,1376
905 Mandarin Isle,South New River Isles,1075000,same street,1213 Mandarin Isle,1009000,719.0,1404
905 Mandarin Isle,South New River Isles,1075000,same street,1112 Mandarin Isle,1570000,956.0,1642
905 Mandarin Isle,South New River Isles,1075000,same street,917 Mandarin Isle,850000,758.0,1122
905 Mandarin Isle,South New River Isles,1075000,same street,1008 Mandarin Isle,2225000,533.0,4177
401 N Birch Road Unit#504,Tiffany House,1050000,same street,401 N Birch Road Unit#1102,1200000,933.0,1286
401 N Birch Road Unit#504,Tiffany House,1050000,same street,401 N Birch Rd Unit#1115,1215000,940.0,1293
401 N Birch Road Unit#504,Tiffany House,1050000,same street,401 N Birch Road Unit#708,1050000,855.0,1228
401 N Birch Road Unit#504,Tiffany House,1050000,same street,336 N Birch Rd Unit#10I,510000,361.0,1411
401 N Birch Road Unit#504,Tiffany House,1050000,same street,336 N BIRCH RD Unit#4F,475000,337.0,1411
1620 S Ocean Ln Unit#236,Oceanage,1050000,same street,1665 S Ocean Ln Unit#190,1362500,1070.0,1273
1620 S Ocean Ln Unit#236,Oceanage,1050000,same street,1680 S Ocean Ln Unit#151,1280000,1005.0,1273
1620 S Ocean Ln Unit#236,Oceanage,1050000,same street,1656 S Ocean Ln Unit#245,1050000,825.0,1273
1620 S Ocean Ln Unit#236,Oceanage,1050000,same street,1578 S Ocean Lane Unit#115,1180000,927.0,1273
1620 S Ocean Ln Unit#236,Oceanage,1050000,same street,1625 S Ocean Ln Unit#286,1115000,876.0,1273
1704 SW 4th Court,Gill Isles,1050000,same street,1713 SW 4th Ct,832500,542.0,1535
1704 SW 4th Court,Gill Isles,1050000,same street,1733 SW 4th Ct,753000,465.0,1620
1704 SW 4th Court,Gill Isles,1050000,same street,829 SW 4th Ct,860000,712.0,1208
1704 SW 4th Court,Gill Isles,1050000,same street,1623 SW 4th Ct,555000,310.0,1790
1704 SW 4th Court,Gill Isles,1050000,same street,1728 SW 4th Court,1000000,442.0,2264
1698 S Ocean Ln Unit#171,Oceanage,1049000,same street,1578 S Ocean Lane Unit#114,1259300,996.0,1264
1698 S Ocean Ln Unit#171,Oceanage,1049000,same street,1665 S OCEAN LANE Unit#191,1010004,799.0,1264
1698 S Ocean Ln Unit#171,Oceanage,1049000,same street,1586 S Ocean Ln Unit#125,937500,742.0,1264
1698 S Ocean Ln Unit#171,Oceanage,1049000,same street,1654 S Ocean Ln Unit#143,885000,700.0,1264
1698 S Ocean Ln Unit#171,Oceanage,1049000,same street,1665 S Ocean Ln Unit#190,1362500,1070.0,1273
915 W Las Olas Boulevard Unit#915,Waverly Place,1049000,same street,600 W Las Olas Blvd Unit#1905-s,1075000,507.0,2122
915 W Las Olas Boulevard Unit#915,Waverly Place,1049000,same street,610 W Las Olas Blvd Unit#1911N,1047500,576.0,1818
915 W Las Olas Boulevard Unit#915,Waverly Place,1049000,same street,600 W Las Olas Blvd Unit#1901S,1050000,589.0,1782
915 W Las Olas Boulevard Unit#915,Waverly Place,1049000,same street,1722 W Las Olas Blvd,1077000,631.0,1708
915 W Las Olas Boulevard Unit#915,Waverly Place,1049000,same street,610 W Las Olas Blvd Unit#1617,900000,536.0,1678
1412 NE 15th Avenue,Progresso,1025000,same street,605 NE 15th Avenue,1200000,571.0,2100
1412 NE 15th Avenue,Progresso,1025000,same street,2306 NE 15th Ave,1350000,663.0,2036
1412 NE 15th Avenue,Progresso,1025000,same street,2401 NE 15th Ave,600000,307.0,1953
1412 NE 15th Avenue,Progresso,1025000,same street,601 NE 15th Ave Unit#0,1350000,590.0,2290
1412 NE 15th Avenue,Progresso,1025000,same street,726 NE 15th Avenue Unit#726,885000,360.0,2456
800 SW 8th Ter,Tarpon River,1025000,same street,650 SW 8th Ter,1205000,575.0,2096
800 SW 8th Ter,Tarpon River,1025000,same street,805 SW 8th Ter,627000,420.0,1494
800 SW 8th Ter,Tarpon River,1025000,same street,807 SW 8th Ter Unit#807,649000,434.0,1494
800 SW 8th Ter,Tarpon River,1025000,same street,1130 SW 8th Ter,515000,370.0,1392
800 SW 8th Ter,Tarpon River,1025000,same street,808 SW 8th Terrace,870000,648.0,1343
3101 Bayshore Dr Unit#805,Fort Lauderdale Residence Fort Lauderdale Residen,1020000,same street,3101 Bayshore Drive Unit#1807,970000,825.0,1176
3101 Bayshore Dr Unit#805,Fort Lauderdale Residence Fort Lauderdale Residen,1020000,same street,3101 Bayshore Dr Unit#2406,900000,765.0,1176
3101 Bayshore Dr Unit#805,Fort Lauderdale Residence Fort Lauderdale Residen,1020000,same street,3101 Bayshore Dr Unit#2404,900000,765.0,1176
3101 Bayshore Dr Unit#805,Fort Lauderdale Residence Fort Lauderdale Residen,1020000,same street,3101 Bayshore Dr Unit#2204,922500,784.0,1176
3101 Bayshore Dr Unit#805,Fort Lauderdale Residence Fort Lauderdale Residen,1020000,same street,3101 Bayshore Dr Unit#1906,848500,722.0,1176
505 NE 2nd Street Unit#4A,Viceroy Fort Lauderdale,1020000,same street,313 NE 2nd St Unit#905,475000,375.0,1265
505 NE 2nd Street Unit#4A,Viceroy Fort Lauderdale,1020000,same street,313 NE 2nd Street Unit#405,457000,361.0,1265
505 NE 2nd Street Unit#4A,Viceroy Fort Lauderdale,1020000,same street,313 NE 2nd St Unit#204,550000,390.0,1412
505 NE 2nd Street Unit#4A,Viceroy Fort Lauderdale,1020000,same street,313 NE 2nd St Unit#201,370000,460.0,804
505 NE 2nd Street Unit#4A,Viceroy Fort Lauderdale,1020000,same street,313 NE 2nd St Unit#802,330000,437.0,755
551 N Fort Lauderdale Beach Blvd Unit#H1705,Flb Condominium Hotel Ocean Resort Residences,1019000,same street,551 N Fort Lauderdale Beach Blvd Unit#2305,987500,887.0,1113
551 N Fort Lauderdale Beach Blvd Unit#H1705,Flb Condominium Hotel Ocean Resort Residences,1019000,same street,551 N Fort Lauderdale Beach Blvd Unit#H1014,975000,849.0,1149
551 N Fort Lauderdale Beach Blvd Unit#H1705,Flb Condominium Hotel Ocean Resort Residences,1019000,same street,551 N Fort Lauderdale Beach Blvd Unit#R2017,1100000,1033.0,1065
551 N Fort Lauderdale Beach Blvd Unit#H1705,Flb Condominium Hotel Ocean Resort Residences,1019000,same street,551 N Fort Lauderdale Beach Blvd Unit#R404,1290000,1216.0,1061
551 N Fort Lauderdale Beach Blvd Unit#H1705,Flb Condominium Hotel Ocean Resort Residences,1019000,same street,551 N Fort Lauderdale Beach Blvd Unit#R404,950000,895.0,1061
2572 NE 16 Avenue,Altessa Wilton Manors,1010040,same street,3050 NE 16 Ave Unit#201,275000,302.0,912
2572 NE 16 Avenue,Altessa Wilton Manors,1010040,same street,215 NE 16 AVENUE Unit#202,205000,342.0,600
511 Bayshore Drive Unit#707,Bayshore Towers,1000000,same street,741 Bayshore Drive Unit#1phe,1055000,613.0,1720
511 Bayshore Drive Unit#707,Bayshore Towers,1000000,same street,715 Bayshore Drive Unit#606,1037500,599.0,1733
511 Bayshore Drive Unit#707,Bayshore Towers,1000000,same street,715 Bayshore Drive Unit#506,850000,490.0,1733
511 Bayshore Drive Unit#707,Bayshore Towers,1000000,same street,612 Bayshore Dr Unit#501,925000,556.0,1664
511 Bayshore Drive Unit#707,Bayshore Towers,1000000,same street,511 Bayshore Dr Unit#807,1000000,610.0,1640
813 NE 17th St,Lauderdale Park,1000000,same street,829 NE 17th Street,600000,376.0,1595
813 NE 17th St,Lauderdale Park,1000000,same street,1604 NE 17th St,810000,474.0,1710
813 NE 17th St,Lauderdale Park,1000000,same street,1501 NE 17th Street,675000,338.0,1999
813 NE 17th St,Lauderdale Park,1000000,same street,1713 NE 17th St,800000,370.0,2161
813 NE 17th St,Lauderdale Park,1000000,same street,820 NE 17th St,575000,575.0,1000
1717 NE 20th Avenue,Lauder Gate,1000000,same street,2309 NE 20th Avenue,1100000,661.0,1664
1717 NE 20th Avenue,Lauder Gate,1000000,same street,2217 NE 20th Ave,963500,574.0,1678
1717 NE 20th Avenue,Lauder Gate,1000000,same street,719 NE 20th Ave,780000,597.0,1307
1717 NE 20th Avenue,Lauder Gate,1000000,same street,704 NE 20TH AVE,4750000,2145.0,2214
1717 NE 20th Avenue,Lauder Gate,1000000,same street,1609 NE 20th Ave,1190000,531.0,2240
100 NE 5th St,North Lauderdale,1000000,same street,1320 NE 5th St,975000,774.0,1260
100 NE 5th St,North Lauderdale,1000000,same street,1508 NE 5th St,1050000,794.0,1323
100 NE 5th St,North Lauderdale,1000000,same street,1616 NE 5th St.,745000,556.0,1339
100 NE 5th St,North Lauderdale,1000000,same street,704 NE 5th St,729800,473.0,1544
100 NE 5th St,North Lauderdale,1000000,same street,820 NE 5th St,1300000,777.0,1673
1625 SW 5th Ct,Gill Isles,1000000,same street,1600 SW 5th Court,1105000,726.0,1523
1625 SW 5th Ct,Gill Isles,1000000,same street,1508 SW 5th Ct,1260000,707.0,1781
1625 SW 5th Ct,Gill Isles,1000000,same street,1401 SW 5th Ct,3375000,702.0,4809
904 SE 12th Street,Everglade Land Sales Co,1000000,same street,824 SE 12th St,710000,560.0,1268
904 SE 12th Street,Everglade Land Sales Co,1000000,same street,1532 SE 12th Street Unit#203,1200000,681.0,1761
904 SE 12th Street,Everglade Land Sales Co,1000000,same street,716 SE 12th St Unit#13,675000,337.0,2005
904 SE 12th Street,Everglade Land Sales Co,1000000,same street,1532 SE 12th Street Unit#204,1700000,822.0,2067
904 SE 12th Street,Everglade Land Sales Co,1000000,same street,1532 SE 12th Street Unit#304,1300000,629.0,2067
1721 SE 11th Street,Rio Vista,19770000,same street,1739 SE 11th St,10000000,1187.0,8424
1721 SE 11th Street,Rio Vista,19770000,same street,1617 SE 11th St,6500000,1273.0,5105
1721 SE 11th Street,Rio Vista,19770000,same street,1505 SE 11TH ST,2425000,888.0,2732
1721 SE 11th Street,Rio Vista,19770000,same street,1601 SE 11th St,2984000,1210.0,2466
1721 SE 11th Street,Rio Vista,19770000,same street,1113 SE 11th Street,1550000,929.0,1669
2839 NE 26th Place,Coral Ridge Galt,9975000,same street,2871 NE 26th Place,4950000,896.0,5523
2839 NE 26th Place,Coral Ridge Galt,9975000,same street,2864 NE 26th Pl,2900000,551.0,5260
2839 NE 26th Place,Coral Ridge Galt,9975000,same street,2624 NE 26th Pl,1300000,529.0,2458
2839 NE 26th Place,Coral Ridge Galt,9975000,same street,2831 NE 26th Pl,3550000,1446.0,2455
400 Coral Way,Coral Isles,9399000,same street,633 Coral Way,7250000,1122.0,6464
400 Coral Way,Coral Isles,9399000,same street,525 Coral Way,4650000,852.0,5455
400 Coral Way,Coral Isles,9399000,same street,628 Coral Way,7699184,1456.0,5288
400 Coral Way,Coral Isles,9399000,same street,609 Coral Way,4465000,892.0,5004
400 Coral Way,Coral Isles,9399000,same street,620 Coral Way,5800000,1173.0,4945
2241 SE 17th Street Unit#Ph2,Azul Condominium,7950000,same street,1819 SE 17th St Unit#1107,815000,438.0,1860
2241 SE 17th Street Unit#Ph2,Azul Condominium,7950000,same street,1819 SE 17th St Unit#507,780000,419.0,1860
2241 SE 17th Street Unit#Ph2,Azul Condominium,7950000,same street,1819 SE 17th St Unit#1606,849000,485.0,1750
2241 SE 17th Street Unit#Ph2,Azul Condominium,7950000,same street,1819 SE 17th St Unit#906,775000,443.0,1750
2241 SE 17th Street Unit#Ph2,Azul Condominium,7950000,same street,1819 SE 17th St Unit#903,595000,403.0,1475
441 Royal Plaza Drive,Stilwell Isles,6475000,same street,519 ROYAL PLAZA DR,5400000,903.0,5981
441 Royal Plaza Drive,Stilwell Isles,6475000,same street,615 Royal Plaza Dr,7900000,1197.0,6600
441 Royal Plaza Drive,Stilwell Isles,6475000,same street,700 Royal Plaza Dr,4000000,934.0,4282
441 Royal Plaza Drive,Stilwell Isles,6475000,same street,703 Royal Plaza Dr,5200000,1225.0,4245
441 Royal Plaza Drive,Stilwell Isles,6475000,same street,701 Royal Plaza Dr,4700000,1300.0,3616
425 Coral Way,Coral Isles Las Olas Isl,5475000,same street,625 Coral Way,4150000,1097.0,3784
425 Coral Way,Coral Isles Las Olas Isl,5475000,same street,700 Coral Way,7250000,1559.0,4650
425 Coral Way,Coral Isles Las Olas Isl,5475000,same street,620 Coral Way,5800000,1173.0,4945
425 Coral Way,Coral Isles Las Olas Isl,5475000,same street,609 Coral Way,4465000,892.0,5004
425 Coral Way,Coral Isles Las Olas Isl,5475000,same street,628 Coral Way,7699184,1456.0,5288
700 NE 20th Avenue,Victoria Highlands,4900000,same street,2217 NE 20th Ave,963500,574.0,1678
700 NE 20th Avenue,Victoria Highlands,4900000,same street,2309 NE 20th Avenue,1100000,661.0,1664
700 NE 20th Avenue,Victoria Highlands,4900000,same street,704 NE 20TH AVE,4750000,2145.0,2214
700 NE 20th Avenue,Victoria Highlands,4900000,same street,1609 NE 20th Ave,1190000,531.0,2240
700 NE 20th Avenue,Victoria Highlands,4900000,same street,719 NE 20th Ave,780000,597.0,1307
2525 Barcelona Drive,Sea Isles,4490000,same street,2518 Barcelona Dr,3100000,1191.0,2603
2525 Barcelona Drive,Sea Isles,4490000,same street,2630 Barcelona Drive,4900000,1133.0,4324
2525 Barcelona Drive,Sea Isles,4490000,same street,2312 Barcelona Dr,7160000,1256.0,5699
701 N Fort Lauderdale Beach Blvd Unit#501,Paramount Ft Lauderdale Paramount Fort Lauderdale,4375000,same street,505 N Fort Lauderdale Beach Blvd Unit#224,600000,218.0,2757
701 N Fort Lauderdale Beach Blvd Unit#501,Paramount Ft Lauderdale Paramount Fort Lauderdale,4375000,same street,1 N Fort Lauderdale Beach Boulevard Unit#2203,4700000,1226.0,3833
701 N Fort Lauderdale Beach Blvd Unit#501,Paramount Ft Lauderdale Paramount Fort Lauderdale,4375000,same street,525 N Fort Lauderdale Beach Blvd Unit#1501,5750000,2233.0,2575
701 N Fort Lauderdale Beach Blvd Unit#501,Paramount Ft Lauderdale Paramount Fort Lauderdale,4375000,same street,1 N Fort Lauderdale Beach Blvd Unit#1906,2400000,946.0,2536
701 N Fort Lauderdale Beach Blvd Unit#501,Paramount Ft Lauderdale Paramount Fort Lauderdale,4375000,same street,1525 N Fort Lauderdale Beach Boulevard,5050000,1282.0,3938
508 NE 9th Avenue,Holmberg Mc Kees,3999900,same street,520 NE 9th Avenue,2800000,770.0,3636
508 NE 9th Avenue,Holmberg Mc Kees,3999900,same street,516 NE 9th Ave,2800000,938.0,2985
508 NE 9th Avenue,Holmberg Mc Kees,3999900,same street,2685 NE 9th Ave Unit#7,725000,294.0,2468
508 NE 9th Avenue,Holmberg Mc Kees,3999900,same street,645 NE 9th Ave,1050000,429.0,2447
508 NE 9th Avenue,Holmberg Mc Kees,3999900,same street,2261 NE 9th Ave Unit#2261,755000,365.0,2069
151 N Seabreeze Blv Unit#E-701,Selene Oceanfront Residen,3999000,same street,153 N Seabreeze Blv Unit#S-704,1450000,849.0,1707
151 N Seabreeze Blv Unit#E-701,Selene Oceanfront Residen,3999000,same street,153 N Seabreeze Blv Unit#S-903,1235000,872.0,1416
2725 NE 28th Street,Coral Ridge Galt,3599000,same street,2813 NE 28th St,2637750,933.0,2828
2725 NE 28th Street,Coral Ridge Galt,3599000,same street,2625 NE 28th St,1930000,693.0,2785
2725 NE 28th Street,Coral Ridge Galt,3599000,same street,2625 NE 28th St,1750000,636.0,2750
2725 NE 28th Street,Coral Ridge Galt,3599000,same street,2709 NE 28th St,1493000,564.0,2646
2725 NE 28th Street,Coral Ridge Galt,3599000,same street,2812 NE 28th St,2940000,1185.0,2480
3304 NE 14th Court,Las Olas,3575000,same street,2119 NE 14th Ct,2230000,744.0,2996
3304 NE 14th Court,Las Olas,3575000,same street,824 NE 14th Court,715000,490.0,1460
3304 NE 14th Court,Las Olas,3575000,same street,2031 NE 14th Ct,1280000,970.0,1320
3304 NE 14th Court,Las Olas,3575000,same street,541 NE 14th Ct,579000,536.0,1080
3304 NE 14th Court,Las Olas,3575000,same street,601 NE 14th Ct,515000,515.0,1000
829 Coconut Drive,Almeda,2899000,same street,1001 Coconut Drive Unit#1001,4500000,1384.0,3251
829 Coconut Drive,Almeda,2899000,same street,716 Coconut Dr,845000,540.0,1564
3055 Harbor Drive Unit#1603,Harbourage Place,2795000,same street,3055 Harbor Dr Unit#603,1600000,475.0,3368
3055 Harbor Drive Unit#1603,Harbourage Place,2795000,same street,3025 Harbor Dr Unit#17,575000,383.0,1500
1201 Guava Isle,South New River Isles,2700000,same street,1317 Guava Isle,1300000,494.0,2633
1201 Guava Isle,South New River Isles,2700000,same street,1004 Guava Isle,1700000,874.0,1944
1201 Guava Isle,South New River Isles,2700000,same street,1004 Guava Isle,875000,450.0,1944
1201 Guava Isle,South New River Isles,2700000,same street,901 Guava Isle,758000,404.0,1874
1201 Guava Isle,South New River Isles,2700000,same street,1205 Guava Isle,1028750,574.0,1792
3325 NE 14th Court,Las Olas,2600000,same street,2119 NE 14th Ct,2230000,744.0,2996
3325 NE 14th Court,Las Olas,2600000,same street,824 NE 14th Court,715000,490.0,1460
3325 NE 14th Court,Las Olas,2600000,same street,2031 NE 14th Ct,1280000,970.0,1320
3325 NE 14th Court,Las Olas,2600000,same street,541 NE 14th Ct,579000,536.0,1080
3325 NE 14th Court,Las Olas,2600000,same street,601 NE 14th Ct,515000,515.0,1000
1731 NE 23rd Avenue,Bal Harbour,2599000,same street,1725 NE 23rd Ave,2000000,854.0,2341
1731 NE 23rd Avenue,Bal Harbour,2599000,same street,1801 NE 23rd Ave,1280000,644.0,1987
527 Orton Avenue Unit#903C,Terraces,2595000,same street,524 Orton Ave Unit#702,476000,342.0,1392
527 Orton Avenue Unit#903C,Terraces,2595000,same street,524 Orton Ave Unit#701,415000,313.0,1324
527 Orton Avenue Unit#903C,Terraces,2595000,same street,520 Orton Ave Unit#302,485000,383.0,1266
527 Orton Avenue Unit#903C,Terraces,2595000,same street,520 Orton Ave Unit#303,435000,344.0,1266
527 Orton Avenue Unit#903C,Terraces,2595000,same street,524 Orton Ave Unit#603,365000,365.0,999
2309 NE 12th Court,Beach Way Heights,2395000,neighborhood + band,1223 Seminole Drive,2950000,1483.0,1989
2309 NE 12th Court,Beach Way Heights,2395000,neighborhood + band,2409 NE 12th Street,2750000,658.0,4182
1621 E Broward Boulevard,Victoria Park,2245000,same street,1619 E Broward Blvd Unit#A,2200000,682.0,3227
1621 E Broward Boulevard,Victoria Park,2245000,same street,1639 E Broward Blvd,1725000,561.0,3074
1621 E Broward Boulevard,Victoria Park,2245000,same street,1635 E Broward Blvd,1600000,520.0,3074
1621 E Broward Boulevard,Victoria Park,2245000,same street,1701 E Broward Blvd,1200000,765.0,1568
1621 E Broward Boulevard,Victoria Park,2245000,same street,1501 E Broward Boulevard Unit#509,450000,312.0,1440
1015 A NE 3rd Street,Stranahans,2200000,neighborhood + band,1212 NE 4th St,2520000,710.0,3548
1003 A NE 3rd Street,Stranahans,2200000,neighborhood + band,1212 NE 4th St,2520000,710.0,3548
1009 A NE 3rd Street,Stranahans,2200000,neighborhood + band,1212 NE 4th St,2520000,710.0,3548
153 N Seabreeze Boulevard Unit#Unit 1105s,Selene Oceanfront,1997500,same street,153 N Seabreeze Boulevard Unit#2505,2200000,1164.0,1890
153 N Seabreeze Boulevard Unit#Unit 1105s,Selene Oceanfront,1997500,same street,153 N Seabreeze Blvd Unit#1905,2060000,1090.0,1890
153 N Seabreeze Boulevard Unit#Unit 1105s,Selene Oceanfront,1997500,same street,153 N Seabreeze Blvd Unit#2105-S,2100000,1123.0,1870
153 N Seabreeze Boulevard Unit#Unit 1105s,Selene Oceanfront,1997500,same street,153 N Seabreeze Boulevard Unit#1704s,1700000,996.0,1707
153 N Seabreeze Boulevard Unit#Unit 1105s,Selene Oceanfront,1997500,same street,153 N Seabreeze Boulevard Unit#1204,1625000,952.0,1707
1109 SE 11th Court,Rio Vista,1950000,same street,904 SE 11th Court,1750000,791.0,2213
1109 SE 11th Court,Rio Vista,1950000,same street,806 SE 11th Ct,2150000,663.0,3244
1109 SE 11th Court,Rio Vista,1950000,same street,807 SE 11th Court,995000,573.0,1736
1109 SE 11th Court,Rio Vista,1950000,same street,1205 SE 11th Ct,1100000,651.0,1691
1109 SE 11th Court,Rio Vista,1950000,same street,800 SE 11th Court,950000,608.0,1562
2800 NE 29th Street,Coral Ridge Galt,1875000,same street,2026 NE 29th St,850000,501.0,1696
2800 NE 29th Street,Coral Ridge Galt,1875000,same street,417 NE 29th Street,980000,592.0,1656
2800 NE 29th Street,Coral Ridge Galt,1875000,same street,20 NE 29TH ST,675000,412.0,1640
2800 NE 29th Street,Coral Ridge Galt,1875000,same street,2708 NE 29th St,1150000,619.0,1859
2800 NE 29th Street,Coral Ridge Galt,1875000,same street,38 NE 29th St,402000,275.0,1460
1368 Bayview Drive,Dockside Grandeur,1795000,same street,3001 Bayview Dr,2250000,767.0,2933
1368 Bayview Drive,Dockside Grandeur,1795000,same street,1372 Bayview Dr,1725000,611.0,2825
1368 Bayview Drive,Dockside Grandeur,1795000,same street,1711 Bayview Dr,2000000,729.0,2742
1368 Bayview Drive,Dockside Grandeur,1795000,same street,2525 Bayview Dr,1900000,697.0,2726
1368 Bayview Drive,Dockside Grandeur,1795000,same street,2432 BAYVIEW DR,2550000,968.0,2633
2525 NE 21st Court,Coral Ridge Galt,1750000,same street,300 NE 21st Court,2800000,898.0,3118
2525 NE 21st Court,Coral Ridge Galt,1750000,same street,2608 NE 21st Ct,1475000,515.0,2865
2525 NE 21st Court,Coral Ridge Galt,1750000,same street,2724 NE 21st Court,3250000,1034.0,3142
2525 NE 21st Court,Coral Ridge Galt,1750000,same street,132 NE 21st Court,1410000,443.0,3184
2525 NE 21st Court,Coral Ridge Galt,1750000,same street,2017 NE 21st Court,1240000,487.0,2544
1300 Cordova Road,Lauderdale Harbors,1750000,same street,1101 Cordova Rd,1748375,893.0,1958
1300 Cordova Road,Lauderdale Harbors,1750000,same street,1235 Cordova Rd,970000,446.0,2177
1300 Cordova Road,Lauderdale Harbors,1750000,same street,1212 Cordova Rd,1730000,1087.0,1591
1300 Cordova Road,Lauderdale Harbors,1750000,same street,1213 Cordova Rd,1298000,559.0,2321
1300 Cordova Road,Lauderdale Harbors,1750000,same street,1223 Cordova Road,801000,569.0,1408
1516 SE 1st St,Colee Hammock,1725000,same street,1512 SE 1st St,1650000,538.0,3066
1516 SE 1st St,Colee Hammock,1725000,same street,1608 SE 1st St,2050000,653.0,3140
1516 SE 1st St,Colee Hammock,1725000,same street,1205 SE 1st Street,2050000,736.0,2786
1516 SE 1st St,Colee Hammock,1725000,same street,1317 SE 1st St Unit#1317,1250000,525.0,2380
1516 SE 1st St,Colee Hammock,1725000,same street,1601 SE 1st St,1700000,774.0,2196
629 Kensington Place,Tropical Gardens,1720000,same street,647 Kensington Pl Unit#647,665000,469.0,1419
629 Kensington Place,Tropical Gardens,1720000,same street,700 Kensington Place Unit#700,595000,420.0,1418
629 Kensington Place,Tropical Gardens,1720000,same street,694 Kensington Pl,490000,346.0,1418
629 Kensington Place,Tropical Gardens,1720000,same street,694 Kensington Place,475000,335.0,1418
629 Kensington Place,Tropical Gardens,1720000,same street,688 Kensington Pl,430000,303.0,1418
2711 Mayan Dr,Harbor Beach,1699000,neighborhood + band,1720 Marietta Dr,1774500,920.0,1929
2711 Mayan Dr,Harbor Beach,1699000,neighborhood + band,1601 Seabreeze Boulevard,1650000,826.0,1997
2711 Mayan Dr,Harbor Beach,1699000,neighborhood + band,1700 Marietta Dr,1640000,792.0,2070
2711 Mayan Dr,Harbor Beach,1699000,neighborhood + band,1530 Seabreeze Boulevard,1635000,776.0,2106
2711 Mayan Dr,Harbor Beach,1699000,neighborhood + band,1344 Seabreeze Blvd,1635000,628.0,2605
100 E Las Olas Boulevard Unit#3004,Las Olas,1549000,same street,100 E Las Olas Boulevard Unit#4504,1810000,969.0,1867
100 E Las Olas Boulevard Unit#3004,Las Olas,1549000,same street,100 E Las Olas Blvd Unit#3604,1710000,916.0,1867
100 E Las Olas Boulevard Unit#3004,Las Olas,1549000,same street,100 E Las Olas Blvd Unit#2604,1600000,857.0,1867
100 E Las Olas Boulevard Unit#3004,Las Olas,1549000,same street,100 E Las Olas Blvd Unit#3804,1600000,857.0,1867
100 E Las Olas Boulevard Unit#3004,Las Olas,1549000,same street,100 E Las Olas Boulevard Unit#1904,1525000,817.0,1867
153 N Seabreeze Boulevard Unit#1403-S,Selene Oceanfront,1500000,same street,153 N Seabreeze Blvd Unit#1003-S,1225000,865.0,1416
153 N Seabreeze Boulevard Unit#1403-S,Selene Oceanfront,1500000,same street,153 N Seabreeze Blvd Unit#703,1220000,862.0,1416
153 N Seabreeze Boulevard Unit#1403-S,Selene Oceanfront,1500000,same street,151 N SEABREEZE BLVD Unit#2003E,2100000,1300.0,1615
153 N Seabreeze Boulevard Unit#1403-S,Selene Oceanfront,1500000,same street,151 N Seabreeze Boulevard Unit#1403,1850000,1101.0,1680
153 N Seabreeze Boulevard Unit#1403-S,Selene Oceanfront,1500000,same street,151 N Seabreeze Boulevard Unit#1103-E,1425000,847.0,1682
1122 NE 10th Ave Unit#A,Progresso,1495000,same street,436 NE 10th Ave,3050000,1030.0,2962
1122 NE 10th Ave Unit#A,Progresso,1495000,same street,531 NE 10th Ave,3000000,992.0,3025
1122 NE 10th Ave Unit#A,Progresso,1495000,same street,407 NE 10th Ave,2950000,1165.0,2532
1122 NE 10th Ave Unit#A,Progresso,1495000,same street,445 NE 10th Ave,1653500,683.0,2420
1122 NE 10th Ave Unit#A,Progresso,1495000,same street,1116 NE 10th Ave Unit#1116,1000000,424.0,2360
1122 NE 10th Ave Unit#B,Progresso,1475000,same street,436 NE 10th Ave,3050000,1030.0,2962
1122 NE 10th Ave Unit#B,Progresso,1475000,same street,531 NE 10th Ave,3000000,992.0,3025
1122 NE 10th Ave Unit#B,Progresso,1475000,same street,407 NE 10th Ave,2950000,1165.0,2532
1122 NE 10th Ave Unit#B,Progresso,1475000,same street,445 NE 10th Ave,1653500,683.0,2420
1122 NE 10th Ave Unit#B,Progresso,1475000,same street,1116 NE 10th Ave Unit#1116,1000000,424.0,2360
648 NE 17th Avenue,Victoria Park,1380000,same street,2125 NE 17th Ave,1200000,636.0,1888
648 NE 17th Avenue,Victoria Park,1380000,same street,1500 NE 17th Avenue,699000,364.0,1918
648 NE 17th Avenue,Victoria Park,1380000,same street,2312 NE 17th Ave,1050000,572.0,1837
648 NE 17th Avenue,Victoria Park,1380000,same street,1716 NE 17th Avenue,730000,369.0,1978
648 NE 17th Avenue,Victoria Park,1380000,same street,612 NE 17th Ave,1010000,573.0,1762
2812 NW 12th Avenue,Jenada Isles,1350000,same street,2941 NW 12th Ave,1175000,647.0,1815
2812 NW 12th Avenue,Jenada Isles,1350000,same street,2830 NW 12th Ave,870000,497.0,1749
2812 NW 12th Avenue,Jenada Isles,1350000,same street,2025 NW 12th Ave,620000,356.0,1743
2812 NW 12th Avenue,Jenada Isles,1350000,same street,2025 NW 12th Avenue,405000,246.0,1645
2812 NW 12th Avenue,Jenada Isles,1350000,same street,1542 NW 12th Ave,399000,265.0,1506
1328 SW 21st Court,River Oaks,1340499,same street,1461 SW 21st Ct,1450000,469.0,3089
1328 SW 21st Court,River Oaks,1340499,same street,1201 SW 21st Court,700000,528.0,1327
1004 SE 11th Street,Rio Vista,1330000,same street,1113 SE 11th Street,1550000,929.0,1669
1004 SE 11th Street,Rio Vista,1330000,same street,1116 SE 11th Street,1535000,1059.0,1450
1004 SE 11th Street,Rio Vista,1330000,same street,1601 SE 11th St,2984000,1210.0,2466
1004 SE 11th Street,Rio Vista,1330000,same street,1505 SE 11TH ST,2425000,888.0,2732
1004 SE 11th Street,Rio Vista,1330000,same street,1617 SE 11th St,6500000,1273.0,5105
333 Las Olas Way Unit#2906,Las Olas,1250000,same street,333 Las Olas Way Unit#3106,1450000,776.0,1869
333 Las Olas Way Unit#2906,Las Olas,1250000,same street,333 Las Olas Way Unit#3503,1600000,856.0,1869
333 Las Olas Way Unit#2906,Las Olas,1250000,same street,333 Las Olas Way Unit#2206,1250000,669.0,1869
333 Las Olas Way Unit#2906,Las Olas,1250000,same street,333 LAS OLAS WAY Unit#2903,1025000,548.0,1869
333 Las Olas Way Unit#2906,Las Olas,1250000,same street,333 Las Olas Way Unit#3203,1150000,615.0,1869
411 N New River Drive Unit#3402,Las Olas,1249000,same street,411 N New River Dr Unit#2805,1500000,920.0,1630
411 N New River Drive Unit#3402,Las Olas,1249000,same street,411 N New River Dr Unit#405,1200000,736.0,1630
411 N New River Drive Unit#3402,Las Olas,1249000,same street,411 N New River Drive Unit#502,1050000,644.0,1630
411 N New River Drive Unit#3402,Las Olas,1249000,same street,411 N New River Dr Unit#2605,1000000,613.0,1630
411 N New River Drive Unit#3402,Las Olas,1249000,same street,411 N New River Dr Unit#902,1025000,629.0,1630
2549 NE 27th Avenue,Coral Ridge Galt,1235000,same street,2508 NE 27th Ave,1230000,628.0,1958
2549 NE 27th Avenue,Coral Ridge Galt,1235000,same street,2647 NE 27th Ave,1450000,701.0,2069
2549 NE 27th Avenue,Coral Ridge Galt,1235000,same street,2408 NE 27th Avenue,3100000,975.0,3179
1704 SW 5th Ct,Gill Isles,1200000,same street,1508 SW 5th Ct,1260000,707.0,1781
1704 SW 5th Ct,Gill Isles,1200000,same street,1600 SW 5th Court,1105000,726.0,1523
1704 SW 5th Ct,Gill Isles,1200000,same street,1401 SW 5th Ct,3375000,702.0,4809
110 Hendricks Isle Unit#13,Terraces Isles Cond Terraces Isles,1190000,same street,110 Hendricks Isle Unit#10,1015000,390.0,2600
110 Hendricks Isle Unit#13,Terraces Isles Cond Terraces Isles,1190000,same street,400 Hendricks Isle Unit#3A,2100000,782.0,2687
110 Hendricks Isle Unit#13,Terraces Isles Cond Terraces Isles,1190000,same street,410 Hendricks Isle Unit#204,1400000,521.0,2687
110 Hendricks Isle Unit#13,Terraces Isles Cond Terraces Isles,1190000,same street,48 Hendricks Isle Unit#3A-A,1400000,570.0,2458
110 Hendricks Isle Unit#13,Terraces Isles Cond Terraces Isles,1190000,same street,19 Hendricks Isle Unit#101,1500000,620.0,2420
347 N New River Drive Unit#1401,Watergarden,1175000,same street,347 N New River Dr Unit#501,770000,477.0,1615
347 N New River Drive Unit#1401,Watergarden,1175000,same street,411 N New River Dr Unit#2805,1500000,920.0,1630
347 N New River Drive Unit#1401,Watergarden,1175000,same street,411 N New River Dr Unit#405,1200000,736.0,1630
347 N New River Drive Unit#1401,Watergarden,1175000,same street,411 N New River Drive Unit#502,1050000,644.0,1630
347 N New River Drive Unit#1401,Watergarden,1175000,same street,411 N New River Dr Unit#2605,1000000,613.0,1630
2043 NE 29th Street,Coral Shores,1095000,same street,2708 NE 29th St,1150000,619.0,1859
2043 NE 29th Street,Coral Shores,1095000,same street,2740 NE 29th Street,1382500,602.0,2297
2043 NE 29th Street,Coral Shores,1095000,same street,2625 NE 29th Street,1360000,581.0,2342
2043 NE 29th Street,Coral Shores,1095000,same street,2026 NE 29th St,850000,501.0,1696
2043 NE 29th Street,Coral Shores,1095000,same street,417 NE 29th Street,980000,592.0,1656
904 Citrus Isle,South New River Isles,1000000,same street,1204 Citrus Isle,890000,652.0,1365
904 Citrus Isle,South New River Isles,1000000,same street,908 Citrus Isle,875000,624.0,1402
340 San Marco Dr,Coral Isles,10999000,same street,441 San Marco Dr,8100000,1423.0,5692
340 San Marco Dr,Coral Isles,10999000,same street,310 San Marco Dr,3950000,1086.0,3637
340 San Marco Dr,Coral Isles,10999000,same street,330 San Marco Dr,2950000,1562.0,1888
119 N Gordon Road,Victoria Isles,10250000,same street,313 N Gordon Rd,4000000,1072.0,3731
119 N Gordon Road,Victoria Isles,10250000,same street,224 N Gordon Rd,2200000,1363.0,1614
1528 SE 11th Street,Rio Vista,8950000,same street,1617 SE 11th St,6500000,1273.0,5105
1528 SE 11th Street,Rio Vista,8950000,same street,1505 SE 11TH ST,2425000,888.0,2732
1528 SE 11th Street,Rio Vista,8950000,same street,1601 SE 11th St,2984000,1210.0,2466
1528 SE 11th Street,Rio Vista,8950000,same street,1113 SE 11th Street,1550000,929.0,1669
1528 SE 11th Street,Rio Vista,8950000,same street,1116 SE 11th Street,1535000,1059.0,1450
2540 Mercedes Drive,Harbor Beach,6800000,same street,2552 Mercedes Dr,4950000,1740.0,2845
2540 Mercedes Drive,Harbor Beach,6800000,same street,2521 Mercedes Dr,7550000,1009.0,7484
2540 Mercedes Drive,Harbor Beach,6800000,same street,2572 Mercedes Drive,17000000,2238.0,7595
2401 NE 13th Street,Beach Way Heights,5250000,neighborhood + band,2506 NE 14th St,5000000,983.0,5088
2401 NE 13th Street,Beach Way Heights,5250000,neighborhood + band,1335 Seminole Dr,5633000,850.0,6627
2401 NE 13th Street,Beach Way Heights,5250000,neighborhood + band,1328 Seminole Dr,6700000,987.0,6788
2401 NE 13th Street,Beach Way Heights,5250000,neighborhood + band,1336 Seminole Drive,9200000,1341.0,6861
1037 SE 12th Way,Rio Vista,4795000,same street,1222 SE 12th Way,1950000,442.0,4407
1037 SE 12th Way,Rio Vista,4795000,same street,1356 SE 12th Way,1200000,462.0,2600
1037 SE 12th Way,Rio Vista,4795000,same street,1022 SE 12th Way,1500000,579.0,2590
1037 SE 12th Way,Rio Vista,4795000,same street,1240 SE 12th Way,850000,532.0,1597
1037 SE 12th Way,Rio Vista,4795000,same street,1330 SE 12th Way,858600,865.0,993
449 Isle Of Palms Drive,Stilwell Isles Pal,4750000,same street,449 Isle Of Palms Dr,4050000,953.0,4251
449 Isle Of Palms Drive,Stilwell Isles Pal,4750000,same street,710 Isle Of Palms Drive,6495000,1167.0,5567
449 Isle Of Palms Drive,Stilwell Isles Pal,4750000,same street,508 Isle Of Palms Dr,6115000,928.0,6586
449 Isle Of Palms Drive,Stilwell Isles Pal,4750000,same street,630 Isle Of Palms Dr,10729500,1522.0,7050
1609 SE 4th Street,Colee Hammock,4749000,same street,1615 SE 4th Street,2080000,590.0,3523
1609 SE 4th Street,Colee Hammock,4749000,same street,1110 SE 4th St,10325000,1654.0,6244
1609 SE 4th Street,Colee Hammock,4749000,same street,800 SE 4th St Unit#306,700000,526.0,1330
1609 SE 4th Street,Colee Hammock,4749000,same street,818 SE 4th St Unit#402,560000,431.0,1300
1609 SE 4th Street,Colee Hammock,4749000,same street,818 SE 4th St Unit#404,510000,392.0,1300
1425 Middle River Drive,Coral Ridge,4475000,same street,2525 Middle River Dr,2875000,853.0,3372
1425 Middle River Drive,Coral Ridge,4475000,same street,2541 Middle River Drive,2550000,758.0,3366
1425 Middle River Drive,Coral Ridge,4475000,same street,644 Middle River Dr,3300000,936.0,3526
1425 Middle River Drive,Coral Ridge,4475000,same street,1420 Middle River Dr,3900000,1241.0,3142
1425 Middle River Drive,Coral Ridge,4475000,same street,1710 Middle River Dr,3150000,846.0,3722
1316 N Rio Vista Boulevard,Rio Vista,4395000,same street,1252 N Rio Vista Boulevard,2200000,789.0,2790
1316 N Rio Vista Boulevard,Rio Vista,4395000,same street,1010 N Rio Vista Blvd,1450000,657.0,2208
1316 N Rio Vista Boulevard,Rio Vista,4395000,same street,1015 N Rio Vista Blvd,11282000,1654.0,6823
87 Isle Of Venice Drive Unit#Ph 502s,Nurmi Isles,4200000,same street,160 Isle Of Venice Dr Unit#203,2725000,934.0,2918
87 Isle Of Venice Drive Unit#Ph 502s,Nurmi Isles,4200000,same street,133 Isle of Venice Dr Unit#301,1862500,654.0,2849
87 Isle Of Venice Drive Unit#Ph 502s,Nurmi Isles,4200000,same street,141 Isle of Venice Dr Unit#3-S,3450000,1110.0,3108
87 Isle Of Venice Drive Unit#Ph 502s,Nurmi Isles,4200000,same street,141 Isle Of Venice Dr Unit#PH-N,3850000,1230.0,3131
87 Isle Of Venice Drive Unit#Ph 502s,Nurmi Isles,4200000,same street,20 Isle Of Venice Dr Unit#PH-1,2885000,921.0,3134
87 Isle Of Venice Drive Unit#Ph 501n,Nurmi Isles,4100000,same street,160 Isle Of Venice Dr Unit#203,2725000,934.0,2918
87 Isle Of Venice Drive Unit#Ph 501n,Nurmi Isles,4100000,same street,133 Isle of Venice Dr Unit#301,1862500,654.0,2849
87 Isle Of Venice Drive Unit#Ph 501n,Nurmi Isles,4100000,same street,141 Isle of Venice Dr Unit#3-S,3450000,1110.0,3108
87 Isle Of Venice Drive Unit#Ph 501n,Nurmi Isles,4100000,same street,141 Isle Of Venice Dr Unit#PH-N,3850000,1230.0,3131
87 Isle Of Venice Drive Unit#Ph 501n,Nurmi Isles,4100000,same street,20 Isle Of Venice Dr Unit#PH-1,2885000,921.0,3134
2221 NE 19th Street,North Bal Harbour,3999000,same street,1913 NE 19th St,1950000,750.0,2600
2221 NE 19th Street,North Bal Harbour,3999000,same street,3030 NE 19th Street,1595000,744.0,2145
2221 NE 19th Street,North Bal Harbour,3999000,same street,3114 NE 19th St,1750000,826.0,2119
2221 NE 19th Street,North Bal Harbour,3999000,same street,1800 NE 19th Street,869000,454.0,1916
2221 NE 19th Street,North Bal Harbour,3999000,same street,2728 NE 19th St,1800000,377.0,4770
417 NE 10th Ave,Holmberg Mc Kees,3900000,same street,2800 NE 10th Ave,855000,448.0,1908
417 NE 10th Ave,Holmberg Mc Kees,3900000,same street,600 NE 10th Ave,999000,544.0,1838
417 NE 10th Ave,Holmberg Mc Kees,3900000,same street,540 NE 10th Ave,1625000,720.0,2258
417 NE 10th Ave,Holmberg Mc Kees,3900000,same street,1120 NE 10th Ave,1150000,651.0,1766
417 NE 10th Ave,Holmberg Mc Kees,3900000,same street,1116 NE 10th Ave,1075000,609.0,1766
3321 NE 16th Pl,Las Olas,3747000,same street,3322 NE 16th Pl,4000000,942.0,4245
3321 NE 16th Pl,Las Olas,3747000,same street,1109 NE 16th Pl,636500,269.0,2367
3321 NE 16th Pl,Las Olas,3747000,same street,40 NE 16th Place,1700000,754.0,2254
3321 NE 16th Pl,Las Olas,3747000,same street,118 NE 16th Place,1000000,560.0,1785
3321 NE 16th Pl,Las Olas,3747000,same street,208 NE 16th Pl,800000,479.0,1669
1407 SE 9 Street,Rio Vista,3395000,same street,1620 SE 9 Street,3150000,950.0,3315
1407 SE 9 Street,Rio Vista,3395000,same street,721 SE 9 Street,3160000,724.0,4366
719 SW 11th Street,Croissant Park,3350000,same street,815 SW 11th St,2495000,672.0,3712
719 SW 11th Street,Croissant Park,3350000,same street,217 SW 11th St,792000,232.0,3408
719 SW 11th Street,Croissant Park,3350000,same street,513 SW 11th St,1200000,506.0,2372
719 SW 11th Street,Croissant Park,3350000,same street,511 SW 11th St,1215000,512.0,2372
719 SW 11th Street,Croissant Park,3350000,same street,839 SW 11th St,750000,331.0,2264
1212 Avocado Isle,Citrus Isles,3300000,same street,1113 Avocado Isle,2925000,873.0,3350
1212 Avocado Isle,Citrus Isles,3300000,same street,1340 Avocado Isle,1975000,1039.0,1900
1212 Avocado Isle,Citrus Isles,3300000,same street,1012 Avocado Isle,1150000,739.0,1556
1212 Avocado Isle,Citrus Isles,3300000,same street,1205 Avocado Isle,1030000,734.0,1404
1212 Avocado Isle,Citrus Isles,3300000,same street,1113 Avocado Isle,935000,680.0,1374
2500 NE 14th Street,Beach Way Heights,3250000,same street,2614 NE 14th Street,995000,366.0,2719
2500 NE 14th Street,Beach Way Heights,3250000,same street,2620 NE 14th St Unit#2,975000,375.0,2602
2500 NE 14th Street,Beach Way Heights,3250000,same street,1650 NE 14th St,2050000,699.0,2932
2500 NE 14th Street,Beach Way Heights,3250000,same street,2727 NE 14th St Unit#3,1885000,618.0,3051
2500 NE 14th Street,Beach Way Heights,3250000,same street,2627 NE 14th St,1400000,583.0,2400
435 Bayshore Drive Unit#602,Adagio Fort Lauderdale Bea,3195000,same street,435 Bayshore Drive Unit#702,2947500,1068.0,2759
435 Bayshore Drive Unit#602,Adagio Fort Lauderdale Bea,3195000,same street,435 Bayshore Dr Unit#PH3,2800000,976.0,2870
435 Bayshore Drive Unit#602,Adagio Fort Lauderdale Bea,3195000,same street,615 Bayshore Dr Unit#105,1700000,627.0,2710
435 Bayshore Drive Unit#602,Adagio Fort Lauderdale Bea,3195000,same street,615 Bayshore Drive Unit#106,1950000,723.0,2698
435 Bayshore Drive Unit#602,Adagio Fort Lauderdale Bea,3195000,same street,715 Bayshore Dr Unit#504,1100000,410.0,2680
701 N Fort Lauderdale Beach Boulevard Unit#302,Paramount Ft Lauderdale,3195000,same street,505 N Fort Lauderdale Beach Blvd Unit#224,600000,218.0,2757
701 N Fort Lauderdale Beach Boulevard Unit#302,Paramount Ft Lauderdale,3195000,same street,525 N Fort Lauderdale Beach Blvd Unit#1501,5750000,2233.0,2575
701 N Fort Lauderdale Beach Boulevard Unit#302,Paramount Ft Lauderdale,3195000,same street,1 N Fort Lauderdale Beach Boulevard Unit#2203,4700000,1226.0,3833
701 N Fort Lauderdale Beach Boulevard Unit#302,Paramount Ft Lauderdale,3195000,same street,1 N Fort Lauderdale Beach Blvd Unit#1906,2400000,946.0,2536
701 N Fort Lauderdale Beach Boulevard Unit#302,Paramount Ft Lauderdale,3195000,same street,1525 N Fort Lauderdale Beach Boulevard,5050000,1282.0,3938
804 N Rio Vista Boulevard,Rio Vista,3195000,same street,1252 N Rio Vista Boulevard,2200000,789.0,2790
804 N Rio Vista Boulevard,Rio Vista,3195000,same street,1010 N Rio Vista Blvd,1450000,657.0,2208
804 N Rio Vista Boulevard,Rio Vista,3195000,same street,1015 N Rio Vista Blvd,11282000,1654.0,6823
201 NE 27th Dr,Sunset Manors Amen,2850000,same street,301 NE 27th Dr,2495000,929.0,2687
201 NE 27th Dr,Sunset Manors Amen,2850000,same street,2181 NE 27th Dr,1390000,661.0,2102
201 NE 27th Dr,Sunset Manors Amen,2850000,same street,1825 NE 27th Dr,739900,393.0,1882
201 NE 27th Dr,Sunset Manors Amen,2850000,same street,524 NE 27th Dr,799000,427.0,1873
201 NE 27th Dr,Sunset Manors Amen,2850000,same street,1701 NE 27th Dr,885000,497.0,1782
151 N Seabreeze Boulevard Unit#2503-e,Selene Oceanfront,2599000,same street,151 N Seabreeze Boulevard Unit#1403,1850000,1101.0,1680
151 N Seabreeze Boulevard Unit#2503-e,Selene Oceanfront,2599000,same street,151 N Seabreeze Boulevard Unit#1103-E,1425000,847.0,1682
151 N Seabreeze Boulevard Unit#2503-e,Selene Oceanfront,2599000,same street,153 N Seabreeze Boulevard Unit#1704s,1700000,996.0,1707
151 N Seabreeze Boulevard Unit#2503-e,Selene Oceanfront,2599000,same street,153 N Seabreeze Boulevard Unit#1204,1625000,952.0,1707
151 N Seabreeze Boulevard Unit#2503-e,Selene Oceanfront,2599000,same street,153 N Seabreeze Boulevard Unit#1004-S,1500000,879.0,1707
539 NE 10th Avenue,Holmberg Mc Kees,2595000,same street,436 NE 10th Ave,3050000,1030.0,2962
539 NE 10th Avenue,Holmberg Mc Kees,2595000,same street,407 NE 10th Ave,2950000,1165.0,2532
539 NE 10th Avenue,Holmberg Mc Kees,2595000,same street,531 NE 10th Ave,3000000,992.0,3025
539 NE 10th Avenue,Holmberg Mc Kees,2595000,same street,445 NE 10th Ave,1653500,683.0,2420
539 NE 10th Avenue,Holmberg Mc Kees,2595000,same street,1116 NE 10th Ave Unit#1116,1000000,424.0,2360
1325 NE 16th Ter,Lakeridge Poinsettiaheight,2500000,same street,122 NE 16th Ter Unit#122,1310000,466.0,2810
1325 NE 16th Ter,Lakeridge Poinsettiaheight,2500000,same street,807 NE 16th Ter,1270000,491.0,2585
1325 NE 16th Ter,Lakeridge Poinsettiaheight,2500000,same street,809 NE 16th Ter,1287500,498.0,2585
1325 NE 16th Ter,Lakeridge Poinsettiaheight,2500000,same street,1332 NE 16th Ter,1078000,452.0,2385
1325 NE 16th Ter,Lakeridge Poinsettiaheight,2500000,same street,803 NE 16th Terrace,1175000,498.0,2360
1749 SE 9th Street,Rio Vista,2500000,same street,1401 SE 9th Street,3795000,1295.0,2930
1749 SE 9th Street,Rio Vista,2500000,same street,805 SE 9th St,1300000,619.0,2100
1749 SE 9th Street,Rio Vista,2500000,same street,708 SE 9th St,1250000,720.0,1735
1749 SE 9th Street,Rio Vista,2500000,same street,820 SE 9th St,1390000,826.0,1683
1749 SE 9th Street,Rio Vista,2500000,same street,1109 SE 9th St,950000,641.0,1483
1532 SE 12th Street Unit#302,Vela Vista,2395000,same street,1523 SE 12th St,5600000,1374.0,4077
1532 SE 12th Street Unit#302,Vela Vista,2395000,same street,812 SE 12th Street Unit#812,1375000,484.0,2841
1532 SE 12th Street Unit#302,Vela Vista,2395000,same street,814 SE 12th Street Unit#814,1540000,544.0,2832
1532 SE 12th Street Unit#302,Vela Vista,2395000,same street,1532 SE 12th Street Unit#PH-1,2125000,900.0,2360
1532 SE 12th Street Unit#302,Vela Vista,2395000,same street,1424 SE 12th St Unit#2A,1365000,597.0,2288
2015 NE 4th Ave,Wilton Manors First,2275000,same street,1743 NE 4th Avenue Unit#F4,425000,241.0,1760
2015 NE 4th Ave,Wilton Manors First,2275000,same street,721 NE 4th Ave,785000,460.0,1707
2015 NE 4th Ave,Wilton Manors First,2275000,same street,783 NE 4th Ave,725500,435.0,1669
2015 NE 4th Ave,Wilton Manors First,2275000,same street,717 NE 4th Ave Unit#717,850000,559.0,1520
2015 NE 4th Ave,Wilton Manors First,2275000,same street,2020 NE 4th Avenue,605000,416.0,1453
2724 N Ocean Boulevard,Lauderdale Beach,1999999,same street,2200 N Ocean Boulevard Unit#N505,4950000,2034.0,2434
2724 N Ocean Boulevard,Lauderdale Beach,1999999,same street,2200 N Ocean Blvd Unit#S303,3700000,1411.0,2623
2724 N Ocean Boulevard,Lauderdale Beach,1999999,same street,2100 N Ocean Blvd Unit#16B,1875000,715.0,2623
2724 N Ocean Boulevard,Lauderdale Beach,1999999,same street,2200 N Ocean Blvd Unit#S506,4250000,1597.0,2661
2724 N Ocean Boulevard,Lauderdale Beach,1999999,same street,2200 N Ocean Blvd Unit#N302,3862500,1449.0,2666
1720 NE 17th Avenue,Progresso,1995000,same street,1229 NE 17th Ave,940000,405.0,2320
1720 NE 17th Avenue,Progresso,1995000,same street,1315 NE 17th Ave,1765000,699.0,2526
1720 NE 17th Avenue,Progresso,1995000,same street,500 NE 17th Avenue,1000000,448.0,2231
1720 NE 17th Avenue,Progresso,1995000,same street,2213 NE 17th Ave,860000,386.0,2229
1720 NE 17th Avenue,Progresso,1995000,same street,916 NE 17th Avenue Unit#A,1550000,612.0,2532
2200 S Ocean Lane Unit#909,Point Americas Phase Ii,1795000,same street,2100 S Ocean Ln Unit#512,980000,541.0,1813
2200 S Ocean Lane Unit#909,Point Americas Phase Ii,1795000,same street,2100 S Ocean Ln Unit#2102,1455000,774.0,1879
2200 S Ocean Lane Unit#909,Point Americas Phase Ii,1795000,same street,2100 S Ocean Ln Unit#1502,930000,495.0,1879
2200 S Ocean Lane Unit#909,Point Americas Phase Ii,1795000,same street,2100 S Ocean Ln Unit#2108,886240,471.0,1880
2200 S Ocean Lane Unit#909,Point Americas Phase Ii,1795000,same street,2100 S Ocean Ln Unit#1608,800000,426.0,1880
527 Orton Avenue Unit#302B,Terraces,1750000,same street,524 Orton Ave Unit#702,476000,342.0,1392
527 Orton Avenue Unit#302B,Terraces,1750000,same street,524 Orton Ave Unit#701,415000,313.0,1324
527 Orton Avenue Unit#302B,Terraces,1750000,same street,520 Orton Ave Unit#302,485000,383.0,1266
527 Orton Avenue Unit#302B,Terraces,1750000,same street,520 Orton Ave Unit#303,435000,344.0,1266
527 Orton Avenue Unit#302B,Terraces,1750000,same street,524 Orton Ave Unit#603,365000,365.0,999
2431 NE 18th St,Livermore Estates Coral Ridge Villas,1750000,same street,2435 NE 18th St,1800000,704.0,2557
2431 NE 18th St,Livermore Estates Coral Ridge Villas,1750000,same street,2756 NE 18th St,3125000,1552.0,2014
2431 NE 18th St,Livermore Estates Coral Ridge Villas,1750000,same street,2517 NE 18th Street,1200000,369.0,3250
2431 NE 18th St,Livermore Estates Coral Ridge Villas,1750000,same street,1613 NE 18th St,1240000,707.0,1755
2431 NE 18th St,Livermore Estates Coral Ridge Villas,1750000,same street,3316 NE 18th St,2025000,1242.0,1630
904 NE 17th Ter,Progresso,1700000,same street,921 NE 17th Terrace Unit#A,1495000,590.0,2532
904 NE 17th Ter,Progresso,1700000,same street,810 NE 17th ter,1600000,644.0,2484
904 NE 17th Ter,Progresso,1700000,same street,808 NE 17th Ter,1600000,644.0,2484
904 NE 17th Ter,Progresso,1700000,same street,1517 NE 17th Ter,1025000,371.0,2766
904 NE 17th Ter,Progresso,1700000,same street,912 NE 17th Ter,1100000,471.0,2333
41 NE 24th St,Petite,1675000,same street,2017 NE 24th St,1320000,576.0,2292
41 NE 24th St,Petite,1675000,same street,2600 NE 24th Street,1210000,611.0,1979
41 NE 24th St,Petite,1675000,same street,2140 NE 24th Street,1247000,658.0,1894
41 NE 24th St,Petite,1675000,same street,2825 NE 24th St,2350000,927.0,2536
41 NE 24th St,Petite,1675000,same street,20 NE 24th St,900000,502.0,1792
2889 NE 26th Street,Coral Ridge Galt,1650000,same street,2732 NE 26th St,1375000,653.0,2106
2889 NE 26th Street,Coral Ridge Galt,1650000,same street,2732 NE 26th St,1040000,494.0,2106
2889 NE 26th Street,Coral Ridge Galt,1650000,same street,2870 NE 26th Street,2300000,1007.0,2284
2889 NE 26th Street,Coral Ridge Galt,1650000,same street,109 NE 26th St,850000,451.0,1884
2889 NE 26th Street,Coral Ridge Galt,1650000,same street,400 NE 26th St,900000,521.0,1728
2800 NE 21st Court,Coral Ridge,1650000,same street,2740 NE 21st Court,1400000,648.0,2162
2800 NE 21st Court,Coral Ridge,1650000,same street,619 NE 21st Ct,1740000,723.0,2407
2800 NE 21st Court,Coral Ridge,1650000,same street,2508 NE 21st Court,1357500,744.0,1824
2800 NE 21st Court,Coral Ridge,1650000,same street,559 NE 21st Ct Unit#5,730000,424.0,1723
2800 NE 21st Court,Coral Ridge,1650000,same street,2017 NE 21st Court,1240000,487.0,2544
906 NE 17TH TER,Victoria Park,1650000,same street,921 NE 17th Terrace Unit#A,1495000,590.0,2532
906 NE 17TH TER,Victoria Park,1650000,same street,810 NE 17th ter,1600000,644.0,2484
906 NE 17TH TER,Victoria Park,1650000,same street,808 NE 17th Ter,1600000,644.0,2484
906 NE 17TH TER,Victoria Park,1650000,same street,1517 NE 17th Ter,1025000,371.0,2766
906 NE 17TH TER,Victoria Park,1650000,same street,912 NE 17th Ter,1100000,471.0,2333
76 Isle Of Venice Dr Unit#H,Isles Venice Co Op Isles Venice,1599000,same street,160 Isle Of Venice Dr Unit#203,2725000,934.0,2918
76 Isle Of Venice Dr Unit#H,Isles Venice Co Op Isles Venice,1599000,same street,141 Isle of Venice Dr Unit#3-S,3450000,1110.0,3108
76 Isle Of Venice Dr Unit#H,Isles Venice Co Op Isles Venice,1599000,same street,133 Isle of Venice Dr Unit#301,1862500,654.0,2849
76 Isle Of Venice Dr Unit#H,Isles Venice Co Op Isles Venice,1599000,same street,141 Isle Of Venice Dr Unit#PH-N,3850000,1230.0,3131
76 Isle Of Venice Dr Unit#H,Isles Venice Co Op Isles Venice,1599000,same street,20 Isle Of Venice Dr Unit#PH-1,2885000,921.0,3134
505 NE 2nd Street Unit#17C,Viceroy Fort Lauderdale,1560000,same street,313 NE 2nd St Unit#905,475000,375.0,1265
505 NE 2nd Street Unit#17C,Viceroy Fort Lauderdale,1560000,same street,313 NE 2nd Street Unit#405,457000,361.0,1265
505 NE 2nd Street Unit#17C,Viceroy Fort Lauderdale,1560000,same street,313 NE 2nd St Unit#204,550000,390.0,1412
505 NE 2nd Street Unit#17C,Viceroy Fort Lauderdale,1560000,same street,313 NE 2nd St Unit#201,370000,460.0,804
505 NE 2nd Street Unit#17C,Viceroy Fort Lauderdale,1560000,same street,313 NE 2nd St Unit#802,330000,437.0,755
1135 NE 11th Ave,Progresso,1550000,same street,517 NE 11th Avenue,1910000,781.0,2447
1135 NE 11th Ave,Progresso,1550000,same street,1137 NE 11th ave,1500000,625.0,2400
1135 NE 11th Ave,Progresso,1550000,same street,605 NE 11th Ave,850000,358.0,2371
1135 NE 11th Ave,Progresso,1550000,same street,1209 NE 11th ave Unit#B,1250000,540.0,2316
1135 NE 11th Ave,Progresso,1550000,same street,1209 NE 11th Ave Unit#A,1250000,540.0,2316
910 SE 13th St,Everglade Land Sales Co None,1525000,same street,912 SE 13th St,1450000,554.0,2619
910 SE 13th St,Everglade Land Sales Co None,1525000,same street,1519 SE 13th St,2953172,844.0,3500
910 SE 13th St,Everglade Land Sales Co None,1525000,same street,618 SE 13th St,470000,285.0,1648
910 SE 13th St,Everglade Land Sales Co None,1525000,same street,1748 SE 13th St,3575000,993.0,3599
910 SE 13th St,Everglade Land Sales Co None,1525000,same street,1607 SE 13th St,2330000,1657.0,1406
505 NE 2nd Street Unit#14C,Viceroy Fort Lauderdale,1500000,same street,313 NE 2nd St Unit#905,475000,375.0,1265
505 NE 2nd Street Unit#14C,Viceroy Fort Lauderdale,1500000,same street,313 NE 2nd Street Unit#405,457000,361.0,1265
505 NE 2nd Street Unit#14C,Viceroy Fort Lauderdale,1500000,same street,313 NE 2nd St Unit#204,550000,390.0,1412
505 NE 2nd Street Unit#14C,Viceroy Fort Lauderdale,1500000,same street,313 NE 2nd St Unit#201,370000,460.0,804
505 NE 2nd Street Unit#14C,Viceroy Fort Lauderdale,1500000,same street,313 NE 2nd St Unit#802,330000,437.0,755
1312 NE 16th ter,Fort Lauderdale Lake Ridge,1400000,same street,807 NE 16th Ter,1270000,491.0,2585
1312 NE 16th ter,Fort Lauderdale Lake Ridge,1400000,same street,809 NE 16th Ter,1287500,498.0,2585
1312 NE 16th ter,Fort Lauderdale Lake Ridge,1400000,same street,1332 NE 16th Ter,1078000,452.0,2385
1312 NE 16th ter,Fort Lauderdale Lake Ridge,1400000,same street,122 NE 16th Ter Unit#122,1310000,466.0,2810
1312 NE 16th ter,Fort Lauderdale Lake Ridge,1400000,same street,803 NE 16th Terrace,1175000,498.0,2360
300 NE 3rd Avenue Unit#2803S,Ombelle Fort Lauderdale,1314072,same street,1699 NE 3rd Ave Unit#501,499999,324.0,1541
300 NE 3rd Avenue Unit#2803S,Ombelle Fort Lauderdale,1314072,same street,315 NE 3rd Ave Unit#1003,550000,351.0,1568
300 NE 3rd Avenue Unit#2803S,Ombelle Fort Lauderdale,1314072,same street,315 NE 3rd Avenue Unit#1006,575000,390.0,1474
300 NE 3rd Avenue Unit#2803S,Ombelle Fort Lauderdale,1314072,same street,533 NE 3rd Avenue Unit#417,435000,302.0,1440
300 NE 3rd Avenue Unit#2803S,Ombelle Fort Lauderdale,1314072,same street,315 NE 3rd Ave Unit#2007,615000,475.0,1294
1314 NE 13th Avenue Unit#A-b,Holiday Heights,1299999,same street,1220 NE 13th Ave,1290000,499.0,2583
1314 NE 13th Avenue Unit#A-b,Holiday Heights,1299999,same street,1222 NE 13th ave,1290000,499.0,2583
1314 NE 13th Avenue Unit#A-b,Holiday Heights,1299999,same street,537 NE 13th Ave,1700000,616.0,2759
1314 NE 13th Avenue Unit#A-b,Holiday Heights,1299999,same street,3070 NE 13th Avenue,1000000,502.0,1991
1314 NE 13th Avenue Unit#A-b,Holiday Heights,1299999,same street,551 NE 13th Avenue,1395000,714.0,1954
417 SW 15th St,Lauderdale,1295000,same street,619 SW 15th St,1649000,471.0,3500
417 SW 15th St,Lauderdale,1295000,same street,610 SW 15th St,800000,379.0,2112
417 SW 15th St,Lauderdale,1295000,same street,605 SW 15th Street,572500,454.0,1260
505 NE 2nd Street Unit#21G,Viceroy Fort Lauderdale,1290000,same street,313 NE 2nd St Unit#905,475000,375.0,1265
505 NE 2nd Street Unit#21G,Viceroy Fort Lauderdale,1290000,same street,313 NE 2nd Street Unit#405,457000,361.0,1265
505 NE 2nd Street Unit#21G,Viceroy Fort Lauderdale,1290000,same street,313 NE 2nd St Unit#204,550000,390.0,1412
505 NE 2nd Street Unit#21G,Viceroy Fort Lauderdale,1290000,same street,313 NE 2nd St Unit#201,370000,460.0,804
505 NE 2nd Street Unit#21G,Viceroy Fort Lauderdale,1290000,same street,313 NE 2nd St Unit#802,330000,437.0,755
608 SW 16th Ct,Lauderdale Pines,1269000,same street,804 SW 16th Court,800000,518.0,1545
608 SW 16th Ct,Lauderdale Pines,1269000,same street,412 SW 16th Ct,700000,582.0,1202
1434 SW 23rd Street,Marina Landings,1249000,same street,1411 SW 23rd Street,1425000,503.0,2831
1434 SW 23rd Street,Marina Landings,1249000,same street,1427 SW 23rd Street,1375000,486.0,2831
1434 SW 23rd Street,Marina Landings,1249000,same street,1442 SW 23rd Street,1325000,468.0,2831
1434 SW 23rd Street,Marina Landings,1249000,same street,1454 SW 23rd Street,1310000,463.0,2831
1434 SW 23rd Street,Marina Landings,1249000,same street,1447 SW 23rd Street,1300000,459.0,2831
300 NE 3rd Avenue Unit#3307s,Ombelle Fort Lauderdale,1230022,same street,315 NE 3rd Ave Unit#2007,615000,475.0,1294
300 NE 3rd Avenue Unit#3307s,Ombelle Fort Lauderdale,1230022,same street,315 NE 3rd Avenue Unit#1907,520000,402.0,1294
300 NE 3rd Avenue Unit#3307s,Ombelle Fort Lauderdale,1230022,same street,1425 NE 3rd Ave,545000,424.0,1286
300 NE 3rd Avenue Unit#3307s,Ombelle Fort Lauderdale,1230022,same street,533 NE 3rd Ave Unit#139,406000,320.0,1270
300 NE 3rd Avenue Unit#3307s,Ombelle Fort Lauderdale,1230022,same street,533 NE 3rd Avenue Unit#209,400000,315.0,1270
1453 SW 23rd Court,Marina Landings,1225000,same street,1421 SW 23rd Court,1205000,438.0,2751
1453 SW 23rd Court,Marina Landings,1225000,same street,1307 SW 23rd Ct,1025000,372.0,2757
1453 SW 23rd Court,Marina Landings,1225000,same street,1429 SW 23rd Court,1125000,405.0,2779
2164 NE 25th Street,Coral Point,1199950,same street,539 NE 25th Street,1040000,578.0,1798
2164 NE 25th Street,Coral Point,1199950,same street,2116 NE 25th Street,1495000,798.0,1874
2164 NE 25th Street,Coral Point,1199950,same street,2140 NE 25th Street,915000,428.0,2140
2164 NE 25th Street,Coral Point,1199950,same street,2133 NE 25th St,835000,710.0,1176
2164 NE 25th Street,Coral Point,1199950,same street,318 NE 25th St,2065000,750.0,2755
1108 Tangelo Isle,South New River Isles,1195000,same street,1105 Tangelo Isle,1050000,778.0,1350
1108 Tangelo Isle,South New River Isles,1195000,same street,1112 Tangelo Isle,1030000,631.0,1632
1108 Tangelo Isle,South New River Isles,1195000,same street,1113 Tangelo Isle,1500000,734.0,2044
1441 SW 23rd Court,Marina Landings,1185000,same street,1429 SW 23rd Court,1125000,405.0,2779
1441 SW 23rd Court,Marina Landings,1185000,same street,1307 SW 23rd Ct,1025000,372.0,2757
1441 SW 23rd Court,Marina Landings,1185000,same street,1421 SW 23rd Court,1205000,438.0,2751
1325 Guava Isle,South New River Isles,1175000,same street,1208 Guava Isle,925000,783.0,1182
1325 Guava Isle,South New River Isles,1175000,same street,909 Guava Isle,1045000,613.0,1704
1325 Guava Isle,South New River Isles,1175000,same street,1205 Guava Isle,1028750,574.0,1792
1325 Guava Isle,South New River Isles,1175000,same street,901 Guava Isle,758000,404.0,1874
1325 Guava Isle,South New River Isles,1175000,same street,1004 Guava Isle,1700000,874.0,1944
1009 Tequesta Street,Waverly Place,1079000,neighborhood + band,444 Seminole Ave,1790000,1108.0,1616
1108 NW 29th Court,Jenada Isles,1000000,same street,712 NW 29th Court,790000,402.0,1965
1108 NW 29th Court,Jenada Isles,1000000,same street,632 NW 29th Ct,855000,475.0,1799
