status,mls,area,address,neighborhood,list_price,sale_price,units,style,sqft,year_built,parking,pool,waterfront,value,ppu,ppsf,ppsf_v,tier,age
Active,A11822054,3600,824 SE 12th Ct,Everglade Land Sales Co,15000000.0,,4.0,I04,,2025.0,28.0,False,False,15000000.0,3750000.0,,,Quadplex (4),1.0
Active,A12014895,3460,225 NW 14th Ave,Seminole Forest,4880000.0,,4.0,I04,1250.0,2007.0,2.0,False,False,4880000.0,1220000.0,3904.0,,Quadplex (4),19.0
Active,A11778453,3270,425 NE 8th St,Progresso,4000000.0,,4.0,I04,2903.0,1964.0,4.0,False,False,4000000.0,1000000.0,1377.8849466069582,1377.8849466069582,Quadplex (4),62.0
Active,A12008442,3380,1122 NE 10,Progresso,2995000.0,,2.0,I02,2814.0,2025.0,4.0,True,False,2995000.0,1497500.0,1064.321250888415,1064.321250888415,Duplex (2),1.0
Active,F10555291,3450,560-564 NE 34th Street,Oakland Park Second,2600000.0,,4.0,,6930.0,1970.0,,True,False,2600000.0,650000.0,375.18037518037517,375.18037518037517,Quadplex (4),56.0
Active,A12007353,3280,1305 SE 1st St,Colee Hammock,2499000.0,,4.0,I04,4219.0,1980.0,5.0,False,False,2499000.0,624750.0,592.3204550841432,592.3204550841432,Quadplex (4),46.0
Active,A11969365,3370,2201 NE 14th Ave,Edgewater Estates St,2497000.0,,9.0,I04,7551.0,1959.0,14.0,False,False,2497000.0,277444.44444444444,330.6846775261555,330.6846775261555,5+ units,67.0
Active,A12045150,3270,1215 E Broward Blvd,Dames Young,2490000.0,,4.0,I04,3880.0,1951.0,0.0,False,False,2490000.0,622500.0,641.7525773195877,641.7525773195877,Quadplex (4),75.0
Active,B26042759,3270,615 & 617 NE 9th Avenue,Progresso,2235000.0,,4.0,,4655.0,1957.0,,True,False,2235000.0,558750.0,480.1288936627283,480.1288936627283,Quadplex (4),69.0
Active,A12044962,3270,1730 NE 7th St unit 1-5,Victoria Park,2149000.0,,5.0,I04,3157.0,1960.0,6.0,False,False,2149000.0,429800.0,680.709534368071,680.709534368071,5+ units,66.0
Active,R11113803,3270,625 NE 13th Avenue,Progresso,2089000.0,,4.0,,3789.0,1954.0,,True,False,2089000.0,522250.0,551.3328054895751,551.3328054895751,Quadplex (4),72.0
Active,B26011035,3390,1026-1044 NW 7th Avenue,Progresso,2050000.0,,4.0,,6024.0,1949.0,,False,False,2050000.0,512500.0,340.3054448871182,340.3054448871182,Quadplex (4),77.0
Active,A11959199,3480,847 SW 29th St,Woodlawn,1850000.0,,2.0,I02,2447.0,2025.0,2.0,False,False,1850000.0,925000.0,756.0277891295464,756.0277891295464,Duplex (2),1.0
Active,A11902800,3810,926 - 932 NW 2nd St,Seminole Olivers,1790000.0,,4.0,I04,1811.0,2023.0,12.0,False,False,1790000.0,447500.0,988.404196576477,988.404196576477,Quadplex (4),3.0
Active,A12045284,3470,620 sw 7th St unit 1-6,Pinewood Place,1749000.0,,4.0,I04,2809.0,1960.0,6.0,False,False,1749000.0,437250.0,622.6415094339623,622.6415094339623,Quadplex (4),66.0
Active,F10472240,3130,4548 N Ocean,Lauderdale By Sea,1725000.0,,4.0,,1150.0,1973.0,,False,False,1725000.0,431250.0,1500.0,1500.0,Quadplex (4),53.0
Active,F10540264,3160,2613-2615 NE 33rd Avenue,Lauderdale Beach Ext,1700000.0,,2.0,,2189.0,1953.0,,True,False,1700000.0,850000.0,776.6103243490178,776.6103243490178,Duplex (2),73.0
Active,F10554588,3380,1501 NE 7th Avenue,Terrace Condos Inc,1620000.0,,4.0,,794.0,1973.0,,True,False,1620000.0,405000.0,2040.3022670025189,,Quadplex (4),53.0
Active,A12019409,3390,811-817 NW 3rd Ave,Progresso,1599000.0,,4.0,I04,1032.0,2022.0,9.0,False,False,1599000.0,399750.0,1549.4186046511627,1549.4186046511627,Quadplex (4),4.0
Active,B26048230,3370,50 NE 30th Court Unit#1-2,Almar Estates,1525000.0,,4.0,,2215.0,1969.0,,True,True,1525000.0,381250.0,688.4875846501129,688.4875846501129,Quadplex (4),57.0
Active,A11972678,3250,1236 NE 18th Ave,Lake Ridge,1499000.0,,3.0,I03,3569.0,1955.0,2.0,True,True,1499000.0,499666.6666666667,420.0056038105912,420.0056038105912,Triplex (3),71.0
Active,A12052846,3450,1099 NE 35th St,Oakland Park Second,1499000.0,,4.0,I04,3858.0,1985.0,8.0,False,False,1499000.0,374750.0,388.54328667703476,388.54328667703476,Quadplex (4),41.0
Active,A12039042,3460,440 NE 1st Ave,North Lauderdale,1450000.0,,2.0,I02,1337.0,1958.0,2.0,False,False,1450000.0,725000.0,1084.5175766641735,1084.5175766641735,Duplex (2),68.0
Active,A11946433,3470,640 SW 16th Ave,Riverside,1450000.0,,4.0,I04,4855.0,1976.0,5.0,False,False,1450000.0,362500.0,298.66117404737383,298.66117404737383,Quadplex (4),50.0
Active,F10554505,3130,258 Basin Drive,Silver Shores,1395000.0,,2.0,,1620.0,1955.0,,False,False,1395000.0,697500.0,861.1111111111111,861.1111111111111,Duplex (2),71.0
Active,F10519002,3470,11 SW 11th Avenue,Waverly Place,1395000.0,,2.0,,2480.0,1922.0,,False,False,1395000.0,697500.0,562.5,562.5,Duplex (2),104.0
Active,A12048001,3270,1634 NE 4th Pl,Middle River Park,1375000.0,,4.0,I04,2779.0,1966.0,5.0,False,False,1375000.0,343750.0,494.78229578985247,494.78229578985247,Quadplex (4),60.0
Active,A12010891,3470,608 SW 16th Ave,Riverside,1375000.0,,4.0,I04,4855.0,1970.0,5.0,False,False,1375000.0,343750.0,283.21318228630275,283.21318228630275,Quadplex (4),56.0
Active,A12022835,3080,1109 NE 16th Ter,Progresso,1355000.0,,4.0,I04,2276.0,1952.0,5.0,True,False,1355000.0,338750.0,595.3427065026362,595.3427065026362,Quadplex (4),74.0
Active,A12040148,3130,4325 Bougainvilla Dr,Lauderdale By Sea,1350000.0,,2.0,I02,1910.0,1953.0,5.0,False,False,1350000.0,675000.0,706.8062827225131,706.8062827225131,Duplex (2),73.0
Active,A11978701,3130,4512 Seagrape Dr,Silver Shores Laud,1350000.0,,2.0,I02,2377.0,1960.0,8.0,False,False,1350000.0,675000.0,567.9427850231384,567.9427850231384,Duplex (2),66.0
Active,A11974108,3470,620 SW 10th St,Croissant Park,1350000.0,,2.0,I02,1376.0,1964.0,7.0,False,False,1350000.0,675000.0,981.1046511627907,981.1046511627907,Duplex (2),62.0
Active,B26021184,3500,634 SW 4th Avenue Unit#1-2,Ft Lauderdale,1350000.0,,2.0,,1658.0,1970.0,,False,False,1350000.0,675000.0,814.2340168878167,814.2340168878167,Duplex (2),56.0
Active,B26010851,3260,2633 Middle River Drive Unit#1-6,Coral Ridge Galt,1349000.0,,2.0,,4854.0,1957.0,,False,False,1349000.0,674500.0,277.91512154923777,277.91512154923777,Duplex (2),69.0
Active,F10542774,3130,4436 Seagrape Drive,Silver Shores Laud,1335000.0,,2.0,,2090.0,1957.0,,False,False,1335000.0,667500.0,638.755980861244,638.755980861244,Duplex (2),69.0
Active,B26012263,3140,4532 Poinciana Street,Silver Shores,1325000.0,,4.0,,2145.0,1964.0,,True,False,1325000.0,331250.0,617.7156177156177,617.7156177156177,Quadplex (4),62.0
Active,A12016812,3600,830 SE 14th St,Everglade Land Sales Co,1320000.0,,4.0,I04,1902.0,2021.0,6.0,False,False,1320000.0,330000.0,694.006309148265,694.006309148265,Quadplex (4),5.0
Active,B26007551,3370,2025 NE 26th Street Unit#1-3,Coral Gardens,1300000.0,,2.0,,1876.0,1954.0,,True,False,1300000.0,650000.0,692.9637526652452,692.9637526652452,Duplex (2),72.0
Active,B26007332,3370,2017 NE 26th Street,Coral Gardens,1300000.0,,2.0,,1876.0,1954.0,,True,False,1300000.0,650000.0,692.9637526652452,692.9637526652452,Duplex (2),72.0
Active,B26007052,3370,2009 NE 26th Street,Coral Gardens,1300000.0,,4.0,,1861.0,1954.0,,False,False,1300000.0,325000.0,698.5491671144546,698.5491671144546,Quadplex (4),72.0
Active,A11978734,3720,355 NW 32nd St,Boulevard Villas,1300000.0,,6.0,I04,3287.0,1965.0,8.0,False,False,1300000.0,216666.66666666666,395.49741405536963,395.49741405536963,5+ units,61.0
Active,R11152552,3470,1707 SW 24th Street Unit#1-2,Osceola Park River Oaks,1299995.0,,2.0,,2177.0,1983.0,,False,False,1299995.0,649997.5,597.1497473587506,597.1497473587506,Duplex (2),43.0
Active,F10531405,3370,929 NE 18th Court,Lauderdale Park,1294990.0,,2.0,,3800.0,2005.0,,True,True,1294990.0,647495.0,340.78684210526313,340.78684210526313,Duplex (2),21.0
Active,F10537316,3130,4533 Bougainvilla Drive,Por,1270000.0,,4.0,,1918.0,1954.0,,False,False,1270000.0,317500.0,662.148070907195,662.148070907195,Quadplex (4),72.0
Active,B26038816,3350,1761 NE 55th Street Unit#1-3,Coral Ridge,1250000.0,,3.0,,3258.0,1962.0,,True,False,1250000.0,416666.6666666667,383.670963781461,383.670963781461,Triplex (3),64.0
Active,A12040060,3380,1232 NE 16th Ter,Progresso,1250000.0,,2.0,I02,2177.0,1952.0,6.0,False,False,1250000.0,625000.0,574.184657785944,574.184657785944,Duplex (2),74.0
Active,F10537304,3130,4528 Poinciana Street,Por,1205000.0,,3.0,,1994.0,1963.0,,False,False,1205000.0,401666.6666666667,604.3129388164493,604.3129388164493,Triplex (3),63.0
Active,B26041062,3160,2318 N Ocean Boulevard,Lauderdale Beach,1200000.0,,2.0,,2423.0,1952.0,,False,False,1200000.0,600000.0,495.25381758151053,495.25381758151053,Duplex (2),74.0
Active,F10545962,3370,2225 NE 14th Avenue,Edgewater Estates St,1200000.0,,4.0,,2775.0,1964.0,,True,False,1200000.0,300000.0,432.43243243243245,432.43243243243245,Quadplex (4),62.0
Active,A11868988,3370,1204 NE 5th Ave,Progresso,1200000.0,,4.0,I04,2660.0,1965.0,8.0,False,False,1200000.0,300000.0,451.1278195488722,451.1278195488722,Quadplex (4),61.0
Active,A12052294,3470,1820 SW 9th St,Riverside Park,1200000.0,,2.0,I02,2576.0,2024.0,4.0,False,False,1200000.0,600000.0,465.83850931677017,465.83850931677017,Duplex (2),2.0
Active,A11685074,3700,1106 NE 5th ave,Progresso,1199999.0,,5.0,I04,3754.0,1980.0,6.0,False,False,1199999.0,239999.8,319.6587639850826,319.6587639850826,5+ units,46.0
Active,B26012870,3270,1508 NE 6th Street Unit#A & B,Las Olas,1199000.0,,2.0,,1609.0,1960.0,,False,False,1199000.0,599500.0,745.183343691734,745.183343691734,Duplex (2),66.0
Active,B26002081,3370,2610 NE 10th Terrace Unit#2608-2610,Amadale,1195000.0,,4.0,,1941.0,1968.0,,False,False,1195000.0,298750.0,615.6620298815044,615.6620298815044,Quadplex (4),58.0
Active,B26024774,3470,1111 SW 2nd Street,Waverly Place Lot,1195000.0,,4.0,,2340.0,1969.0,,False,False,1195000.0,298750.0,510.6837606837607,510.6837606837607,Quadplex (4),57.0
Active,B26051334,3480,1247 SW 4th Avenue,Croissant Park,1160000.0,,4.0,,2428.0,1953.0,,False,False,1160000.0,290000.0,477.7594728171334,477.7594728171334,Quadplex (4),73.0
Active,F10554416,3380,707 NE 15th Street,Norfolk Gardens,1150000.0,,4.0,,2500.0,1946.0,,False,False,1150000.0,287500.0,460.0,460.0,Quadplex (4),80.0
Active,A11932746,3810,831 NW 1st Ave,Progresso,1110000.0,,4.0,I04,2423.0,1974.0,6.0,False,False,1110000.0,277500.0,458.10978126289723,458.10978126289723,Quadplex (4),52.0
Active,A12009105,3240,1615 NE 9TH ST,Progresso,1100000.0,,4.0,I04,2295.0,1951.0,6.0,False,False,1100000.0,275000.0,479.3028322440087,479.3028322440087,Quadplex (4),75.0
Active,B26028934,3360,1545 NE 32nd Street,Ocean Ave Heights,1100000.0,,2.0,,1050.0,1953.0,,False,False,1100000.0,550000.0,1047.6190476190477,1047.6190476190477,Duplex (2),73.0
Active,A12005967,3800,1126 SE 2nd Ave,Tarpon River,1100000.0,,2.0,I02,,1950.0,6.0,False,False,1100000.0,550000.0,,,Duplex (2),76.0
Active,B26022133,3370,53 NE 16th Place,Placido Place,1099000.0,,2.0,,2909.0,1951.0,,False,False,1099000.0,549500.0,377.79305603300105,377.79305603300105,Duplex (2),75.0
Active,A11952572,3470,1721 - 1725 SW 11th Ct,Riverside Park Amen,1095000.0,,4.0,I04,3140.0,1966.0,8.0,False,False,1095000.0,273750.0,348.7261146496815,348.7261146496815,Quadplex (4),60.0
Active,A12017563,3360,1432 NE 5th ave,Progresso,1090000.0,,4.0,I04,2317.0,1965.0,5.0,False,False,1090000.0,272500.0,470.43590850237376,470.43590850237376,Quadplex (4),61.0
Active,A11766041,3270,1212 NW 6th Ct,Home Beautiful Park,1080000.0,,2.0,I02,3232.0,2023.0,4.0,True,False,1080000.0,540000.0,334.15841584158414,334.15841584158414,Duplex (2),3.0
Active,A12053342,3470,605 SW 14th Ter,Riverside Amen,1050000.0,,4.0,I04,,1967.0,4.0,False,False,1050000.0,262500.0,,,Quadplex (4),59.0
Active,B26025052,3350,1681 NE 56th Street,Coral Ridge,1029000.0,,3.0,,2681.0,1964.0,,True,False,1029000.0,343000.0,383.8120104438642,383.8120104438642,Triplex (3),62.0
Active,A11968537,3419,5 NE 16th Ct,Placido Place,1020000.0,,2.0,I02,2829.0,1975.0,5.0,False,False,1020000.0,510000.0,360.55143160127255,360.55143160127255,Duplex (2),51.0
Active,A12017394,3350,5911 NE 18th Ave,Coral Ridge,1000000.0,,4.0,I04,2673.0,1962.0,7.0,False,False,1000000.0,250000.0,374.11148522259634,374.11148522259634,Quadplex (4),64.0
Active,A12017364,3350,5901 NE 18th Ave,Coral Ridge,1000000.0,,4.0,I04,2673.0,1962.0,7.0,False,False,1000000.0,250000.0,374.11148522259634,374.11148522259634,Quadplex (4),64.0
Active,A12053448,3370,105-107 NE 30th Ct,Almar Estates,1000000.0,,2.0,I02,2502.0,1971.0,5.0,False,False,1000000.0,500000.0,399.68025579536373,399.68025579536373,Duplex (2),55.0
Active,F10548624,3350,1518-1520 NE 51st Street,Coral Ridge,999999.0,,2.0,,3173.0,1964.0,,True,False,999999.0,499999.5,315.1588402143082,315.1588402143082,Duplex (2),62.0
Active,F10539142,3450,1338 -1384 NE  1384 35th Street,Oakland Park First,999999.0,,2.0,,3156.0,1947.0,,False,False,999999.0,499999.5,316.856463878327,316.856463878327,Duplex (2),79.0
Active,F10550284,3270,812 NE 15 Avenue,Victoria Park,999900.0,,4.0,,2547.0,1971.0,,False,False,999900.0,249975.0,392.57950530035333,392.57950530035333,Quadplex (4),55.0
Active,A11856841,3600,716 SE 14th Ct #1-4,Everglade Land Sales Co,999900.0,,4.0,I04,2266.0,1956.0,5.0,False,False,999900.0,249975.0,441.2621359223301,441.2621359223301,Quadplex (4),70.0
Active,A12007260,3270,401 NE 14th Ave,Halls,999000.0,,3.0,I03,1912.0,1946.0,3.0,False,False,999000.0,333000.0,522.489539748954,522.489539748954,Triplex (3),80.0
Active,B26028484,3380,1207 NE 12th Avenue,Progresso,999000.0,,3.0,,3044.0,1950.0,,False,False,999000.0,333000.0,328.18659658344285,328.18659658344285,Triplex (3),76.0
Active,A11952392,3390,723 NW 19th Ave,Liberty Park,999000.0,,2.0,I02,1650.0,2025.0,2.0,False,False,999000.0,499500.0,605.4545454545455,605.4545454545455,Duplex (2),1.0
Active,B26041790,3470,916 SW 8th Avenue Unit#1-4,Croissant Park,990000.0,,4.0,,2662.0,1958.0,,False,False,990000.0,247500.0,371.900826446281,371.900826446281,Quadplex (4),68.0
Active,A11983486,3020,1225 NW 2nd St,Seminole Forest,985000.0,,4.0,I04,2183.0,1960.0,4.0,False,False,985000.0,246250.0,451.213925790197,451.213925790197,Quadplex (4),66.0
Active,B26020913,3360,3291-3293 NE 18th Terrace Unit#1-2,Coral Woods,975000.0,,4.0,,2402.0,1960.0,,False,True,975000.0,243750.0,405.91174021648624,405.91174021648624,Quadplex (4),66.0
Active,A12046600,3350,1960 NE 56th St,Coral Ridge,950000.0,,3.0,I03,2900.0,1964.0,6.0,False,False,950000.0,316666.6666666667,327.58620689655174,327.58620689655174,Triplex (3),62.0
Active,B26029350,3810,730 NW 4th Avenue,Progresso,950000.0,,4.0,,2792.0,1949.0,,False,False,950000.0,237500.0,340.25787965616047,340.25787965616047,Quadplex (4),77.0
Active,B26027251,3380,1043 N Victoria Park Road Unit#1-2,Progresso,929000.0,,2.0,,1498.0,1960.0,,True,False,929000.0,464500.0,620.1602136181575,620.1602136181575,Duplex (2),66.0
Active,R11112168,3360,1680 NE 34th Lane,Oakland Park Second,925000.0,,2.0,,1984.0,1966.0,,True,False,925000.0,462500.0,466.22983870967744,466.22983870967744,Duplex (2),60.0
Active,B26054022,3350,5423 NE 22ND Terrace,Coral Ridge,923000.0,,3.0,,1865.0,1959.0,,True,False,923000.0,307666.6666666667,494.9061662198391,494.9061662198391,Triplex (3),67.0
Active,A12042880,3370,1417 NE 5th Ave,Progresso,920000.0,,4.0,I04,2571.0,1965.0,4.0,False,False,920000.0,230000.0,357.83741734733564,357.83741734733564,Quadplex (4),61.0
Active,A11966475,3360,3241 NE 17th Ave,Oakland Park Second,900000.0,,2.0,I02,,1963.0,4.0,False,False,900000.0,450000.0,,,Duplex (2),63.0
Active,A11912364,3350,1750 NE 52nd St,Coral Ridge,899999.0,,2.0,I02,2148.0,1964.0,6.0,False,False,899999.0,449999.5,418.993947858473,418.993947858473,Duplex (2),62.0
Active,A11947974,3380,1444 NE 13th Ave unit 1-3,Verena Park,899000.0,,3.0,I03,1474.0,1954.0,4.0,False,False,899000.0,299666.6666666667,609.9050203527815,609.9050203527815,Triplex (3),72.0
Active,A11962179,3390,25 NE 12th St,Progresso,899000.0,,2.0,I02,2806.0,1980.0,6.0,False,False,899000.0,449500.0,320.3848895224519,320.3848895224519,Duplex (2),46.0
Active,B26033734,3470,312 SW 12th Avenue,Waverly Place,899000.0,,2.0,,1611.0,1949.0,,False,False,899000.0,449500.0,558.038485412787,558.038485412787,Duplex (2),77.0
Active,B26039222,3600,816 SE 12th Street,Everglade Land Sales Co,895000.0,,2.0,,2486.0,1956.0,,True,False,895000.0,447500.0,360.01609010458566,360.01609010458566,Duplex (2),70.0
Active,B26031739,3350,5411 NE 22nd Terrace,Coral Ridge,894770.0,,3.0,,1799.0,1958.0,,True,False,894770.0,298256.6666666667,497.37076153418565,497.37076153418565,Triplex (3),68.0
Active,B26027515,3380,1039 N Victoria Park Road Unit#1-3,Progresso,889000.0,,3.0,,1971.0,1956.0,,True,False,889000.0,296333.3333333333,451.04008117706746,451.04008117706746,Triplex (3),70.0
Active,A11982343,3720,749 NW 43rd St,Prospect Gardens,879000.0,,2.0,I02,1950.0,1950.0,8.0,False,False,879000.0,439500.0,450.7692307692308,450.7692307692308,Duplex (2),76.0
Active,B26032219,3500,301 SW 16th Street,Croissant Park,875000.0,,2.0,,2530.0,2004.0,,False,False,875000.0,437500.0,345.8498023715415,345.8498023715415,Duplex (2),22.0
Active,B26032225,3500,305 SW 16th Street,Croissant Park,875000.0,,2.0,,2530.0,2004.0,,False,False,875000.0,437500.0,345.8498023715415,345.8498023715415,Duplex (2),22.0
Active,B26028121,3380,1145 NE 17th Way Unit#1-2,Progresso,870000.0,,2.0,,1593.0,1960.0,,True,False,870000.0,435000.0,546.1393596986817,546.1393596986817,Duplex (2),66.0
Active,B26033449,3380,1621-1623 NE 16th Terrace,Progresso,839000.0,,2.0,,2342.0,1956.0,,False,False,839000.0,419500.0,358.2408198121264,358.2408198121264,Duplex (2),70.0
Active,A12011853,3450,1041 NE 35th St,Oakland Park Second,830000.0,,3.0,I03,1453.0,1926.0,10.0,False,False,830000.0,276666.6666666667,571.2319339298004,571.2319339298004,Triplex (3),100.0
Active,B26007919,3380,1100 NE 15th Avenue Unit#1-2,Progresso,825000.0,,3.0,,1836.0,1951.0,,False,False,825000.0,275000.0,449.34640522875816,449.34640522875816,Triplex (3),75.0
Active,A11974407,3350,"5650-5652 NE 17 TERRACE, NE 17th Ter",Coral Ridge,800000.0,,2.0,I02,2734.0,1973.0,4.0,False,False,800000.0,400000.0,292.6115581565472,292.6115581565472,Duplex (2),53.0
Active,A12047169,3570,353 SW 19th Ave,Robertson Park,799999.0,,3.0,I03,2525.0,1967.0,6.0,False,False,799999.0,266666.3333333333,316.83128712871286,316.83128712871286,Triplex (3),59.0
Active,A11975415,3460,612 NW 10th Ter,Progresso,799900.0,,3.0,I03,1958.0,1962.0,4.0,False,False,799900.0,266633.3333333333,408.5291113381001,408.5291113381001,Triplex (3),64.0
Active,R11152984,3480,1840 SW 24th Street Unit#1-2,Barretts,799000.0,,2.0,,1912.0,1972.0,,False,False,799000.0,399500.0,417.88702928870293,417.88702928870293,Duplex (2),54.0
Active,R11109179,3480,1850 SW 24th Street Unit#1-2,Barretts,799000.0,,2.0,,1912.0,1971.0,,False,False,799000.0,399500.0,417.88702928870293,417.88702928870293,Duplex (2),55.0
Active,B26016744,3370,1005 NE 17th Street,Lauderdale Park,795000.0,,4.0,,2297.0,1959.0,,False,False,795000.0,198750.0,346.1036134087941,346.1036134087941,Quadplex (4),67.0
Active,F10550361,3380,1334 NE 16th Avenue,Progresso,795000.0,,2.0,,1800.0,1967.0,,True,False,795000.0,397500.0,441.6666666666667,441.6666666666667,Duplex (2),59.0
Active,A11962597,3490,920 SW 28th St 1-2,Oak Grove,759900.0,,2.0,I02,2153.0,1973.0,4.0,False,False,759900.0,379950.0,352.9493729679517,352.9493729679517,Duplex (2),53.0
Active,A12040139,3480,1727 SW 21st St,Osceola Park,750000.0,,2.0,I02,2273.0,1970.0,2.0,False,False,750000.0,375000.0,329.96040475142985,329.96040475142985,Duplex (2),56.0
Active,A12040136,3480,1723 SW 21st St,Osceola Park,750000.0,,2.0,I02,2273.0,1970.0,2.0,False,False,750000.0,375000.0,329.96040475142985,329.96040475142985,Duplex (2),56.0
Active,B26050570,3600,900 SE 12th Street,Everglade Land Sales Co,750000.0,,2.0,,1615.0,1953.0,,False,False,750000.0,375000.0,464.39628482972137,464.39628482972137,Duplex (2),73.0
Active,A11982030,3400,1451 NW 19th St,Ft Lauderdale Estates,749850.0,,3.0,I03,2025.0,1973.0,5.0,False,False,749850.0,249950.0,370.2962962962963,370.2962962962963,Triplex (3),53.0
Active,A11943582,3470,1700 SW 20th St,Osceola Park,749000.0,,2.0,I02,1945.0,1968.0,4.0,True,False,749000.0,374500.0,385.08997429305913,385.08997429305913,Duplex (2),58.0
Active,B26033753,3370,1219 NE 5th Terrace Unit#1-2,Progresso,747850.0,,2.0,,1053.0,1957.0,,False,False,747850.0,373925.0,710.2089268755935,710.2089268755935,Duplex (2),69.0
Active,A11949222,3400,2216 NW 15th Ave,Ft Lauderdale Estates St,745000.0,,4.0,I04,2612.0,1995.0,4.0,False,False,745000.0,186250.0,285.2220520673813,285.2220520673813,Quadplex (4),31.0
Active,A11863916,3450,3641 NE 1st Ter,Feller Estates,745000.0,,3.0,I03,2424.0,1972.0,6.0,False,False,745000.0,248333.33333333334,307.34323432343234,307.34323432343234,Triplex (3),54.0
Active,F10519748,3360,1556 NE 45 Street,Coral Heights,740000.0,,2.0,,2259.0,1960.0,,False,False,740000.0,370000.0,327.5785745905268,327.5785745905268,Duplex (2),66.0
Active,B26035777,3470,801 SW 10th Street Unit#1-2,Croissant Park,740000.0,,2.0,,1320.0,1958.0,,False,False,740000.0,370000.0,560.6060606060606,560.6060606060606,Duplex (2),68.0
Active,F10556807,3360,3431 NE 13th Avenue,South Corals,735000.0,,2.0,,1478.0,1956.0,,False,False,735000.0,367500.0,497.2936400541272,497.2936400541272,Duplex (2),70.0
Active,B26013542,3470,615 SW 14th Avenue Unit#1-2,Riverside Amen,734000.0,,2.0,,1462.0,1931.0,,False,False,734000.0,367000.0,502.05198358413134,502.05198358413134,Duplex (2),95.0
Active,F10554221,3370,602 NE 27th Street Unit##1-2,Highland Estates,725000.0,,2.0,,1620.0,1958.0,,False,False,725000.0,362500.0,447.5308641975309,447.5308641975309,Duplex (2),68.0
Active,B26043124,3450,805 NE 40th Street Unit#1-3,Oakland Park,725000.0,,2.0,,1590.0,1959.0,,False,False,725000.0,362500.0,455.97484276729557,455.97484276729557,Duplex (2),67.0
Active,A12026298,3480,1827 SW 21st St,Osceola Park,725000.0,,2.0,I02,1570.0,1959.0,4.0,False,False,725000.0,362500.0,461.78343949044586,461.78343949044586,Duplex (2),67.0
Active,A12024674,3490,813 SW 29th St,Woodlawn,720000.0,,3.0,I03,1737.0,1969.0,4.0,False,False,720000.0,240000.0,414.5077720207254,414.5077720207254,Triplex (3),57.0
Active,B26031102,3380,1645 NE 16th Avenue,Progresso,719000.0,,2.0,,1742.0,1951.0,,False,False,719000.0,359500.0,412.743972445465,412.743972445465,Duplex (2),75.0
Active,B26044898,3390,1519-1521 NW 8th Avenue,Progresso,715000.0,,2.0,,2504.0,1969.0,,False,False,715000.0,357500.0,285.54313099041536,285.54313099041536,Duplex (2),57.0
Active,B26016401,3480,516 SW 15th Street Unit#1-1,Lauderdale,705000.0,,2.0,,1382.0,1952.0,,True,False,705000.0,352500.0,510.1302460202605,510.1302460202605,Duplex (2),74.0
Active,F10554896,3370,1009 NE 23rd Drive Unit#1013 Ne 23 Dr,Wilton Manors,700000.0,,2.0,,1746.0,1970.0,,False,False,700000.0,350000.0,400.9163802978236,400.9163802978236,Duplex (2),56.0
Active,B26050933,3370,1720 NE 8th Avenue,Lauderdale Park,699950.0,,2.0,,1572.0,1971.0,,False,False,699950.0,349975.0,445.2608142493639,445.2608142493639,Duplex (2),55.0
Active,A12036019,3390,1511-1513 NW 8th Ave,Progresso,690000.0,,2.0,I02,2504.0,1969.0,4.0,False,False,690000.0,345000.0,275.5591054313099,275.5591054313099,Duplex (2),57.0
Active,B26000574,3450,1056 NE 34th Court,Oakland Park Second,685000.0,,2.0,,1734.0,1961.0,,False,False,685000.0,342500.0,395.040369088812,395.040369088812,Duplex (2),65.0
Active,F10552071,3390,1201 N Andrews Avenue,Progresso,675000.0,,2.0,,2653.0,1935.0,,False,False,675000.0,337500.0,254.42894836034677,254.42894836034677,Duplex (2),91.0
Active,F10553956,3450,659 NE 32nd Street,Oakland Park Second,675000.0,,2.0,,1328.0,1954.0,,False,False,675000.0,337500.0,508.2831325301205,508.2831325301205,Duplex (2),72.0
Active,B26041029,3470,1990 SW 9th Street Unit#1-2,Riverside Park,675000.0,,4.0,,1750.0,1987.0,,False,False,675000.0,168750.0,385.7142857142857,385.7142857142857,Quadplex (4),39.0
Active,A12050948,3350,5401 NE 18th Ave,Coral Ridge,668000.0,,2.0,I02,2080.0,1963.0,8.0,False,False,668000.0,334000.0,321.15384615384613,321.15384615384613,Duplex (2),63.0
Active,F10485855,3400,25 NW 11th Street,Progresso,665995.0,,2.0,,1820.0,1975.0,,False,False,665995.0,332997.5,365.93131868131866,365.93131868131866,Duplex (2),51.0
Active,B26010077,3370,1409 NE 5th Terrace Unit#1-2,Progresso,658990.0,,2.0,,1352.0,1940.0,,False,False,658990.0,329495.0,487.4186390532544,487.4186390532544,Duplex (2),86.0
Active,A12043959,3360,1401 NE 33rd St,Oakland Park,650000.0,,2.0,I02,1360.0,1942.0,4.0,True,False,650000.0,325000.0,477.94117647058823,477.94117647058823,Duplex (2),84.0
Active,A12051862,3370,1613 NE 25th St,Manor Square,650000.0,,2.0,I02,1905.0,1958.0,4.0,False,False,650000.0,325000.0,341.20734908136484,341.20734908136484,Duplex (2),68.0
Active,B26022239,3450,601 NE 33rd Street,Oakland Park Second,650000.0,,2.0,,1351.0,1951.0,,False,False,650000.0,325000.0,481.12509252405624,481.12509252405624,Duplex (2),75.0
Active,F10550393,3450,280 NE 40th Court,Boniello Gardens,650000.0,,2.0,,1781.0,1968.0,,False,False,650000.0,325000.0,364.963503649635,364.963503649635,Duplex (2),58.0
Active,B26044163,3480,400 SW 12th Unit#1-2,Lauderdale,650000.0,,2.0,,1569.0,1951.0,,False,False,650000.0,325000.0,414.27660930529,414.27660930529,Duplex (2),75.0
Active,A12027353,3490,2641 SW 13th Ave,Devonshire,650000.0,,2.0,I02,1728.0,1968.0,4.0,False,False,650000.0,325000.0,376.1574074074074,376.1574074074074,Duplex (2),58.0
Active,B26034061,3810,840 NW 3rd Street Unit#1-4,Ft Lauderdale Land Dev,649000.0,,4.0,,2090.0,1958.0,,False,False,649000.0,162250.0,310.5263157894737,310.5263157894737,Quadplex (4),68.0
Active,A11954456,3390,1118-1120 NW 2nd Ave,Progresso,640000.0,,2.0,I02,1368.0,1961.0,4.0,False,False,640000.0,320000.0,467.8362573099415,467.8362573099415,Duplex (2),65.0
Active,B26031414,3460,715 NW 15th Terrace Unit#1-3,Carver Park,640000.0,,2.0,,1853.0,1961.0,,False,False,640000.0,320000.0,345.38586076632487,345.38586076632487,Duplex (2),65.0
Active,F10521490,3450,260 NE 41st Street,Boniello Gardens,634999.0,,2.0,,1726.0,1967.0,,False,False,634999.0,317499.5,367.9020857473928,367.9020857473928,Duplex (2),59.0
Active,F10554455,3490,2721-2731 SW 13 Avenue,Edgewood,625000.0,,1.0,,1661.0,1965.0,,False,False,625000.0,625000.0,376.2793497892836,376.2793497892836,5+ units,61.0
Active,A11863713,3450,3621 NE 1st Ter,Feller Estates,618000.0,,2.0,I02,1700.0,1971.0,4.0,False,False,618000.0,309000.0,363.52941176470586,363.52941176470586,Duplex (2),55.0
Active,F10551717,3450,883 NE 33rd Street,Oakland Park Second,615000.0,,2.0,,1500.0,1958.0,,False,False,615000.0,307500.0,410.0,410.0,Duplex (2),68.0
Active,R11147326,3390,1126 NW 4th Avenue Unit#1-2,Progresso,605000.0,,2.0,,1350.0,1988.0,,False,False,605000.0,302500.0,448.14814814814815,448.14814814814815,Duplex (2),38.0
Active,B26017708,3370,1417 NE 24th Court,Wilton Manors,599000.0,,2.0,,1866.0,1964.0,,False,False,599000.0,299500.0,321.0075026795284,321.0075026795284,Duplex (2),62.0
Active,B26053112,3370,500 NE 14TH Street,Progresso,595000.0,,2.0,,1352.0,1958.0,,False,False,595000.0,297500.0,440.0887573964497,440.0887573964497,Duplex (2),68.0
Active,B26033874,3360,3467 NE 13th Avenue Unit#A+b,Oakland Park,575000.0,,2.0,,1100.0,1960.0,,False,False,575000.0,287500.0,522.7272727272727,522.7272727272727,Duplex (2),66.0
Active,B26030789,3460,633 NW 15th Terrace,Dorsey Park,575000.0,,3.0,,1632.0,1959.0,,False,False,575000.0,191666.66666666666,352.328431372549,352.328431372549,Triplex (3),67.0
Active,F10552679,3810,1523-1525 NW 8th Avenue,Progresso,575000.0,,2.0,,2498.0,1971.0,,False,False,575000.0,287500.0,230.1841473178543,230.1841473178543,Duplex (2),55.0
Active,A11984997,3450,898 NE 39th St,Oakland Park Second,569999.0,,2.0,I02,2166.0,1959.0,6.0,False,False,569999.0,284999.5,263.15743305632503,263.15743305632503,Duplex (2),67.0
Active,B26043103,3390,1709 NW 6th Avenue Unit#1-2,Progresso,550000.0,,2.0,,1163.0,1958.0,,False,False,550000.0,275000.0,472.91487532244196,472.91487532244196,Duplex (2),68.0
Active,A12004729,3570,532 NW 19th Ave,Dorsey Park Th,540000.0,,2.0,I02,1490.0,1952.0,4.0,False,False,540000.0,270000.0,362.4161073825503,362.4161073825503,Duplex (2),74.0
Active,A11976190,3460,630 NE 15th Ct,Casper,530000.0,,2.0,I02,1306.0,1979.0,4.0,False,False,530000.0,265000.0,405.81929555895863,405.81929555895863,Duplex (2),47.0
Active,F10506797,3460,439-441 NW 18th Avenue,Dorsey Park Third,499000.0,,2.0,,1824.0,1961.0,,False,False,499000.0,249500.0,273.57456140350877,273.57456140350877,Duplex (2),65.0
Active,A12051695,3390,1515 NW 2nd Ave,Progresso,490000.0,,2.0,I02,1523.0,1963.0,3.0,False,False,490000.0,245000.0,321.7334208798424,321.7334208798424,Duplex (2),63.0
Active,F10551432,3390,510 NW 13th Street,Progresso,489490.0,,2.0,,1742.0,1965.0,,False,False,489490.0,244745.0,280.99311136624567,280.99311136624567,Duplex (2),61.0
Active,F10549032,3360,4385 NE 13th Avenue,Coral Heights Two Res,419000.0,,2.0,,1144.0,1964.0,,False,False,419000.0,209500.0,366.2587412587413,366.2587412587413,Duplex (2),62.0
Active,A12026822,3030,1705 Davie Blvd,Riverside Park Amen,317000.0,,2.0,I02,690.0,1939.0,4.0,False,False,317000.0,158500.0,459.42028985507244,459.42028985507244,Duplex (2),87.0
Cancelled,A11822050,3600,824 SE 12th Ct,Everglade Land Sales Co,14000000.0,,4.0,I04,,2025.0,28.0,False,False,14000000.0,3500000.0,,,Quadplex (4),1.0
Cancelled,A11753400,3600,824 SE 12th Ct,Everglade Land Sales Co,14000000.0,,4.0,I04,,2025.0,28.0,False,False,14000000.0,3500000.0,,,Quadplex (4),1.0
Cancelled,F10485707,3170,2100 Miami Rd,Everglade Land Sales Co,9399000.0,,4.0,I04,25500.0,2024.0,31.0,False,False,9399000.0,2349750.0,368.5882352941176,368.5882352941176,Quadplex (4),2.0
Cancelled,F10541130,3720,648 NE 16th Terr,Greens,6000000.0,,2.0,,1484.0,1939.0,4.0,False,False,6000000.0,3000000.0,4043.1266846361186,,Duplex (2),87.0
Cancelled,A11743464,3380,1220-1226 NE 15th Ave,Progresso,5500000.0,,4.0,I04,10650.0,2023.0,8.0,True,False,5500000.0,1375000.0,516.4319248826291,516.4319248826291,Quadplex (4),3.0
Cancelled,A11810668,3700,730 NE 5th Ave,Progresso,3800000.0,,7.0,I04,3333.0,1939.0,9.0,False,False,3800000.0,542857.1428571428,1140.11401140114,1140.11401140114,5+ units,87.0
Cancelled,A11608748,3140,4220 Seagrape Dr,Silver Shores,3199000.0,,4.0,I04,3245.0,1956.0,8.0,True,False,3199000.0,799750.0,985.8243451463791,985.8243451463791,Quadplex (4),70.0
Cancelled,A11574328,3370,2201 NE 14th Ave,Edgewater Estates St,2900000.0,,9.0,I04,7551.0,1959.0,14.0,False,False,2900000.0,322222.22222222225,384.0550920407893,384.0550920407893,5+ units,67.0
Cancelled,A11934262,3380,1319 NE 13th Ave,Holiday Heights,2850000.0,,2.0,I02,4992.0,2025.0,12.0,True,False,2850000.0,1425000.0,570.9134615384615,570.9134615384615,Duplex (2),1.0
Cancelled,F10468793,3280,1621 E Broward Blvd,Victoria Park,2800000.0,,2.0,I02,3227.0,2024.0,4.0,False,False,2800000.0,1400000.0,867.6789587852495,867.6789587852495,Duplex (2),2.0
Cancelled,F10531472,3370,624 NE 29th Drive,Highland Estat,2795000.0,,4.0,,9196.0,2011.0,,False,False,2795000.0,698750.0,303.9364941278817,303.9364941278817,Quadplex (4),15.0
Cancelled,A11660493,3190,1740-1746 N Dixie Hwy,Dixie Townhome Villas,2550000.0,,4.0,I04,9446.0,2008.0,2.0,False,False,2550000.0,637500.0,269.955536735126,269.955536735126,Quadplex (4),18.0
Cancelled,F10491096,3270,615 & 617 NE 9th Ave,Progresso,2499000.0,,5.0,I03,4487.0,1957.0,9.0,True,False,2499000.0,499800.0,556.9422776911076,556.9422776911076,5+ units,69.0
Cancelled,A11881974,3370,2201 NE 14th Ave,Edgewater Estates St,2499000.0,,9.0,I04,7551.0,1959.0,14.0,False,False,2499000.0,277666.6666666667,330.94954310687325,330.94954310687325,5+ units,67.0
Cancelled,F10422329,3280,1305 SE 1st St,Colee Hammock,2400000.0,,4.0,I04,4107.0,1960.0,5.0,False,False,2400000.0,600000.0,584.3681519357195,584.3681519357195,Quadplex (4),66.0
Cancelled,R10990586,3270,245-279 NW 32nd Street,Boulevard Villas,2300000.0,,4.0,,6419.0,1976.0,,False,False,2300000.0,575000.0,358.3112634366724,358.3112634366724,Quadplex (4),50.0
Cancelled,F10462219,3160,2407 NE 33rd Ave,Lauderdale Beach Ext,1995000.0,,3.0,I03,3010.0,1955.0,8.0,True,False,1995000.0,665000.0,662.7906976744187,662.7906976744187,Triplex (3),71.0
Cancelled,F10467011,3160,2407 NE 33rd Ave,Lauderdale Beach Ext,1985000.0,,3.0,I03,3010.0,1955.0,8.0,True,False,1985000.0,661666.6666666666,659.468438538206,659.468438538206,Triplex (3),71.0
Cancelled,F10497643,3160,2613-2615 NE 33rd Ave,Lauderdale Beach Ext,1750000.0,,2.0,I02,2189.0,1953.0,4.0,True,False,1750000.0,875000.0,799.4518044769301,799.4518044769301,Duplex (2),73.0
Cancelled,A11588521,3480,2107 SW 18th Ave,Osceola Park,1695000.0,,2.0,I02,3616.0,2024.0,4.0,False,False,1695000.0,847500.0,468.75,468.75,Duplex (2),2.0
Cancelled,A11872283,3020,811-817 NW 3rd Ave,Progresso,1675000.0,,4.0,I04,1032.0,2022.0,8.0,False,False,1675000.0,418750.0,1623.062015503876,1623.062015503876,Quadplex (4),4.0
Cancelled,R11120701,3390,934 NW 4th Avenue Unit#1-4,Progresso,1600000.0,,4.0,,2595.0,1957.0,,False,False,1600000.0,400000.0,616.5703275529866,616.5703275529866,Quadplex (4),69.0
Cancelled,A11976485,3470,709 SW 4th Ct,Bryan,1599900.0,,4.0,I04,3353.0,1941.0,7.0,False,False,1599900.0,399975.0,477.15478675812705,477.15478675812705,Quadplex (4),85.0
Cancelled,A11834563,3380,2036 NE 21st Ave,North Ridge,1500000.0,,3.0,I03,2629.0,1958.0,5.0,False,False,1500000.0,500000.0,570.5591479650056,570.5591479650056,Triplex (3),68.0
Cancelled,A11581568,3390,819 NW 1st Ave,Progresso,1499999.0,,2.0,I02,2504.0,2022.0,3.0,False,False,1499999.0,749999.5,599.0411341853035,599.0411341853035,Duplex (2),4.0
Cancelled,F10430215,3130,258 Basin Dr,Silver Shores,1495000.0,,2.0,I02,1620.0,1955.0,8.0,False,False,1495000.0,747500.0,922.8395061728395,922.8395061728395,Duplex (2),71.0
Cancelled,R11083059,3390,934 NW 4th Avenue Unit#1-4,Progresso,1495000.0,,4.0,,2595.0,1957.0,,False,False,1495000.0,373750.0,576.1078998073218,576.1078998073218,Quadplex (4),69.0
Cancelled,R11088521,3470,1721-1725 SW 11 Court,Riverside Park,1495000.0,,4.0,,3140.0,1966.0,,False,False,1495000.0,373750.0,476.11464968152865,476.11464968152865,Quadplex (4),60.0
Cancelled,A11832384,3600,505 SE 20th St,,1490000.0,,6.0,I04,,1958.0,10.0,False,False,1490000.0,248333.33333333334,,,5+ units,68.0
Cancelled,A11673629,3030,1239 NE 15th Ave,Progresso,1449000.0,,4.0,I04,2521.0,1959.0,5.0,False,False,1449000.0,362250.0,574.7719159063863,574.7719159063863,Quadplex (4),67.0
Cancelled,A11820383,3470,605 SW 14th Ter,Riverside Amen,1449000.0,,4.0,I04,2790.0,1967.0,4.0,False,False,1449000.0,362250.0,519.3548387096774,519.3548387096774,Quadplex (4),59.0
Cancelled,A11583953,3370,1106 NE 5th Ave,Progresso,1425000.0,,5.0,I04,3754.0,1985.0,7.0,False,False,1425000.0,285000.0,379.59509856153437,379.59509856153437,5+ units,41.0
Cancelled,A11849993,3010,1007 Citrus Isle,Rio Nuevo Isles,1399000.0,,2.0,I02,2494.0,1966.0,6.0,False,True,1399000.0,699500.0,560.9462710505212,560.9462710505212,Duplex (2),60.0
Cancelled,A11759081,3280,1213 SE 1st St,Colee Hammock,1399000.0,,4.0,I04,2809.0,1964.0,4.0,False,False,1399000.0,349750.0,498.04200783196865,498.04200783196865,Quadplex (4),62.0
Cancelled,A11801859,3390,817-819 NW 1st Ave,Progresso,1375000.0,,2.0,I02,2504.0,2022.0,4.0,True,False,1375000.0,687500.0,549.1214057507988,549.1214057507988,Duplex (2),4.0
Cancelled,A11911327,3470,608 SW 16th Ave,Riverside,1374000.0,,4.0,I04,4855.0,1970.0,5.0,False,False,1374000.0,343500.0,283.00720906282186,283.00720906282186,Quadplex (4),56.0
Cancelled,A11901653,3720,355 NW 32nd St,Boulevard Villas,1350000.0,,6.0,I04,3287.0,1965.0,8.0,False,False,1350000.0,225000.0,410.70885305749925,410.70885305749925,5+ units,61.0
Cancelled,A11841803,3470,605 SW 14th Ter,Riverside Amen,1349000.0,,4.0,I04,2790.0,1967.0,4.0,False,False,1349000.0,337250.0,483.5125448028674,483.5125448028674,Quadplex (4),59.0
Cancelled,F10550207,3260,2740 NE 30th Place,Oakland Ocean Mile,1325000.0,,2.0,,1791.0,1957.0,,True,False,1325000.0,662500.0,739.8101619207147,739.8101619207147,Duplex (2),69.0
Cancelled,A11860854,3240,1615 NE 9th St,Progresso,1320000.0,,4.0,I04,2295.0,1951.0,6.0,False,False,1320000.0,330000.0,575.1633986928105,575.1633986928105,Quadplex (4),75.0
Cancelled,R11026003,3370,2731 NE 1st Terrace Unit#1-4,Babco Manors,1300000.0,,5.0,I04,6014.0,1956.0,,True,False,1300000.0,260000.0,216.16228799467908,216.16228799467908,5+ units,70.0
Cancelled,F10437025,3720,579 NW 41st St,Prospect Gardens,1300000.0,,4.0,I04,2522.0,1976.0,4.0,False,False,1300000.0,325000.0,515.4639175257732,515.4639175257732,Quadplex (4),50.0
Cancelled,F10434126,3380,1709 NE 15th Ave,Allenwood,1299000.0,,4.0,I04,2337.0,1972.0,6.0,True,False,1299000.0,324750.0,555.8408215661104,555.8408215661104,Quadplex (4),54.0
Cancelled,A11660321,3370,634 NE 20th St,Tropical Gardens,1295000.0,,2.0,I02,3136.0,1972.0,4.0,True,True,1295000.0,647500.0,412.94642857142856,412.94642857142856,Duplex (2),54.0
Cancelled,R11054542,3370,1310 NE 30th Street,Ocean Boulevard Park,1285000.0,,4.0,,1432.0,1970.0,,True,True,1285000.0,321250.0,897.3463687150838,897.3463687150838,Quadplex (4),56.0
Cancelled,F10525492,3470,1415 SW 9th St,Riverside,1269000.0,,4.0,I04,2336.0,1970.0,6.0,False,False,1269000.0,317250.0,543.236301369863,543.236301369863,Quadplex (4),56.0
Cancelled,F10505863,3720,648 NE 16th Terr,Greens,1250000.0,,2.0,I02,1484.0,1939.0,4.0,False,False,1250000.0,625000.0,842.3180592991914,842.3180592991914,Duplex (2),87.0
Cancelled,R11128244,3370,2731 NE 1st Terrace Unit#1-4,Babco Manors,1249000.0,,4.0,I04,6014.0,1956.0,,True,False,1249000.0,312250.0,207.68207515796476,207.68207515796476,Quadplex (4),70.0
Cancelled,F10492356,3380,2015 NE 17th Ct,Lauder Gate,1249000.0,,3.0,I03,2787.0,1955.0,6.0,False,False,1249000.0,416333.3333333333,448.15213491209187,448.15213491209187,Triplex (3),71.0
Cancelled,A11914007,3390,1214 NW 4th Ave,Progresso,1229900.0,,2.0,I02,3166.0,2025.0,8.0,False,False,1229900.0,614950.0,388.4712571067593,388.4712571067593,Duplex (2),1.0
Cancelled,F10435541,3250,2820 NE 49th St,Coral Ridge,1225000.0,,2.0,I02,2638.0,1965.0,4.0,False,False,1225000.0,612500.0,464.3669446550417,464.3669446550417,Duplex (2),61.0
Cancelled,F10546074,3270,740 NE 17th Avenue,Victoria Park,1200000.0,,2.0,,2736.0,1990.0,,False,False,1200000.0,600000.0,438.5964912280702,438.5964912280702,Duplex (2),36.0
Cancelled,F10437628,3380,1400 NE 22nd St,Edgewater Estates St,1200000.0,,2.0,I02,1719.0,1960.0,4.0,False,False,1200000.0,600000.0,698.0802792321117,698.0802792321117,Duplex (2),66.0
Cancelled,A11812834,3470,1820 SW 9th St,Riverside Park,1200000.0,,2.0,I02,2576.0,2024.0,4.0,False,False,1200000.0,600000.0,465.83850931677017,465.83850931677017,Duplex (2),2.0
Cancelled,F10478300,3470,911 SW 15th Ter,Riverside,1200000.0,,4.0,I04,3456.0,1957.0,6.0,False,False,1200000.0,300000.0,347.22222222222223,347.22222222222223,Quadplex (4),69.0
Cancelled,F10492340,3380,2010 NE 18th St,Lauder Gate,1195000.0,,4.0,I04,2508.0,1961.0,5.0,False,False,1195000.0,298750.0,476.47527910685807,476.47527910685807,Quadplex (4),65.0
Cancelled,A11651870,3600,509 SE 19th St,Croissant Park,1175000.0,,3.0,I03,2886.0,1958.0,4.0,True,False,1175000.0,391666.6666666667,407.1379071379071,407.1379071379071,Triplex (3),68.0
Cancelled,F10492337,3380,2014 NE 18th St,Lauder Gate,1165000.0,,4.0,I04,2474.0,1957.0,6.0,False,False,1165000.0,291250.0,470.8973322554568,470.8973322554568,Quadplex (4),69.0
Cancelled,A11573474,3470,1175 SW 16th Ave,Riverside Park Amen,1165000.0,,4.0,I04,1502.0,1987.0,8.0,False,False,1165000.0,291250.0,775.6324900133155,775.6324900133155,Quadplex (4),39.0
Cancelled,A11922403,3240,1615 NE 9th St,Progresso,1150000.0,,3.0,I03,2295.0,1951.0,6.0,False,False,1150000.0,383333.3333333333,501.0893246187364,501.0893246187364,Triplex (3),75.0
Cancelled,F10387305,3470,924 W Las Olas Blvd,Waverly Place,1150000.0,,4.0,I04,2052.0,1962.0,8.0,False,False,1150000.0,287500.0,560.4288499025341,560.4288499025341,Quadplex (4),64.0
Cancelled,F10444084,3720,263 NW 40th Ct,Prospect Gardens,1150000.0,,3.0,I03,3000.0,1962.0,10.0,False,False,1150000.0,383333.3333333333,383.3333333333333,383.3333333333333,Triplex (3),64.0
Cancelled,A11630135,3370,735 NE 15th St,Norfolk Gardens,1149000.0,,4.0,I04,2270.0,1968.0,4.0,False,False,1149000.0,287250.0,506.1674008810573,506.1674008810573,Quadplex (4),58.0
Cancelled,A11723080,3370,1717 NE 25th St,Manor Square,1140000.0,,2.0,I02,3151.0,1975.0,6.0,False,False,1140000.0,570000.0,361.78990796572515,361.78990796572515,Duplex (2),51.0
Cancelled,A11731603,3390,1640 NW 5th Ave,Progresso,1130000.0,,2.0,I02,2604.0,1960.0,4.0,True,False,1130000.0,565000.0,433.94777265745006,433.94777265745006,Duplex (2),66.0
Cancelled,F10538227,3250,2820 NE 49th St,Coral Ridge,1125000.0,,,,2832.0,1965.0,4.0,False,False,1125000.0,,397.2457627118644,397.2457627118644,,61.0
Cancelled,F10546364,3270,1620 NE 7th Street,Victoria Park,1100000.0,,1.0,,1428.0,1939.0,,False,False,1100000.0,1100000.0,770.3081232492997,770.3081232492997,5+ units,87.0
Cancelled,F10527462,3370,1432 NE 5th Ave,Progresso,1100000.0,,3.0,I03,2242.0,1965.0,0.0,False,False,1100000.0,366666.6666666667,490.63336306868865,490.63336306868865,Triplex (3),61.0
Cancelled,A11894246,3380,1025 - 1027 NE 16th Ter,Progresso,1100000.0,,4.0,I04,4223.0,1959.0,4.0,False,False,1100000.0,275000.0,260.4783329386692,260.4783329386692,Quadplex (4),67.0
Cancelled,A11692215,3370,735 NE 15th St,Norfolk Gardens,1099000.0,,4.0,I04,2270.0,1968.0,4.0,False,False,1099000.0,274750.0,484.1409691629956,484.1409691629956,Quadplex (4),58.0
Cancelled,A11668846,3390,200 NW 17th Ct,Boniello Park,1050000.0,,4.0,I04,4330.0,1966.0,7.0,False,False,1050000.0,262500.0,242.49422632794457,242.49422632794457,Quadplex (4),60.0
Cancelled,A11566143,3790,261 NW 42nd St,Prospect Gardens,1050000.0,,4.0,I04,3513.0,1976.0,10.0,False,False,1050000.0,262500.0,298.8898377455167,298.8898377455167,Quadplex (4),50.0
Cancelled,F10539540,3270,608 NE 16th Ave,Victoria Park,1000000.0,,5.0,,2652.0,1962.0,7.0,False,False,1000000.0,200000.0,377.0739064856712,377.0739064856712,5+ units,64.0
Cancelled,A11849023,3370,1827 N Dixie Hwy,Lauderdale Park,999999.0,,3.0,I03,2080.0,1958.0,4.0,False,False,999999.0,333333.0,480.76875,480.76875,Triplex (3),68.0
Cancelled,A11693392,3600,509 SE 19 Street,Croissant Park,999999.0,,3.0,I03,2886.0,1963.0,6.0,True,False,999999.0,333333.0,346.5,346.5,Triplex (3),63.0
Cancelled,F10538053,3380,2000 NE 17 Court,Lauder Gate,999000.0,,2.0,,2120.0,2004.0,,False,False,999000.0,499500.0,471.22641509433964,471.22641509433964,Duplex (2),22.0
Cancelled,A11907947,3380,1400 NE 14th St,Progresso,999000.0,,3.0,I03,1938.0,1953.0,6.0,False,False,999000.0,333000.0,515.4798761609907,515.4798761609907,Triplex (3),73.0
Cancelled,A11799985,3600,509 SE 19th St,Croissant Park,998000.0,,3.0,I03,2886.0,1958.0,5.0,True,False,998000.0,332666.6666666667,345.8073458073458,345.8073458073458,Triplex (3),68.0
Cancelled,A11855351,3342,700 SW 16th Ave,Riverside,995000.0,,4.0,I04,3047.0,1970.0,8.0,False,False,995000.0,248750.0,326.5507056120775,326.5507056120775,Quadplex (4),56.0
Cancelled,F10460139,3460,741 NW 2nd Ave,Progresso,990000.0,,2.0,I02,3416.0,2017.0,2.0,False,False,990000.0,495000.0,289.8126463700234,289.8126463700234,Duplex (2),9.0
Cancelled,F10519705,3560,741 NW 2nd Ave,Progresso,990000.0,,2.0,I02,2934.0,2017.0,4.0,False,False,990000.0,495000.0,337.4233128834356,337.4233128834356,Duplex (2),9.0
Cancelled,A11787285,3370,1645 NE 9th Ave,Lauderdale Park,989000.0,,2.0,I02,1935.0,1961.0,5.0,True,False,989000.0,494500.0,511.1111111111111,511.1111111111111,Duplex (2),65.0
Cancelled,R11165088,3380,1539-1541 NE 15th Avenue,Allenwood,988500.0,,2.0,,2042.0,1955.0,,False,False,988500.0,494250.0,484.08423114593535,484.08423114593535,Duplex (2),71.0
Cancelled,R11131474,3380,1539-1541 NE 15th Avenue,Allenwood,980000.0,,2.0,I02,2042.0,1955.0,,False,False,980000.0,490000.0,479.9216454456415,479.9216454456415,Duplex (2),71.0
Cancelled,A11710517,3390,623 NW 11th AVENUE,Progresso,980000.0,,3.0,I03,2833.0,1952.0,6.0,False,False,980000.0,326666.6666666667,345.92304977056125,345.92304977056125,Triplex (3),74.0
Cancelled,F10492344,3380,2011 NE 17th Ct,Lauder Gate,975000.0,,4.0,I04,1972.0,1955.0,6.0,False,False,975000.0,243750.0,494.42190669371195,494.42190669371195,Quadplex (4),71.0
Cancelled,F10435690,3480,337 SW 21st St #1-3,Lauderdale,975000.0,,3.0,I03,1943.0,1951.0,3.0,False,False,975000.0,325000.0,501.8013381369017,501.8013381369017,Triplex (3),75.0
Cancelled,F10420654,3380,1225 NE 16 Ter,Lake Ridge,950000.0,,2.0,I02,2587.0,1950.0,0.0,True,False,950000.0,475000.0,367.2207189795129,367.2207189795129,Duplex (2),76.0
Cancelled,A11574666,3460,1133 NW 2nd St,Seminole Olivers,949999.0,,2.0,I02,3200.0,2024.0,2.0,False,False,949999.0,474999.5,296.8746875,296.8746875,Duplex (2),2.0
Cancelled,B26026655,3800,2008 SE 4th Avenue Unit#1-3,Croissant Park,949900.0,,3.0,,2170.0,1944.0,,False,False,949900.0,316633.3333333333,437.741935483871,437.741935483871,Triplex (3),82.0
Cancelled,A11862463,3600,509 SE 19th St,Croissant Park,939000.0,,3.0,I03,2886.0,1958.0,5.0,True,False,939000.0,313000.0,325.36382536382536,325.36382536382536,Triplex (3),68.0
Cancelled,A11632910,3280,1114 SW 2nd Ct,Waverly Place,935000.0,,3.0,I03,2076.0,1987.0,2.0,False,False,935000.0,311666.6666666667,450.38535645472064,450.38535645472064,Triplex (3),39.0
Cancelled,F10549038,3370,2500 NE 16th Avenue,Manor Square,925000.0,,2.0,,2444.0,1957.0,,False,False,925000.0,462500.0,378.47790507364977,378.47790507364977,Duplex (2),69.0
Cancelled,F10470108,3460,1204 NW 3 ST,Seminole Forest,919900.0,,2.0,I02,2764.0,2007.0,4.0,False,False,919900.0,459950.0,332.8147612156295,332.8147612156295,Duplex (2),19.0
Cancelled,A11754966,3280,719 NE 17th Rd,Victoria Courts,900000.0,,2.0,I02,1642.0,1958.0,3.0,False,False,900000.0,450000.0,548.1120584652863,548.1120584652863,Duplex (2),68.0
Cancelled,F10454113,3370,1735 NE 2nd Ave,South Middle River,900000.0,,2.0,I02,2476.0,1975.0,6.0,False,True,900000.0,450000.0,363.48949919224555,363.48949919224555,Duplex (2),51.0
Cancelled,F10453587,3390,908-910 NE 23rd Dr,Wilton Manors,899950.0,,2.0,I02,1836.0,1960.0,3.0,False,False,899950.0,449975.0,490.16884531590415,490.16884531590415,Duplex (2),66.0
Cancelled,A11587889,3080,1144 NE 17th Way,Progresso,899000.0,,2.0,I02,,1960.0,1.0,True,False,899000.0,449500.0,,,Duplex (2),66.0
Cancelled,F10503518,3270,401-403 NE 14th ave,Victoria Park,899000.0,,,,1912.0,1968.0,6.0,False,False,899000.0,,470.1882845188284,470.1882845188284,,58.0
Cancelled,F10492431,3360,4500 NE 15th Ave,Coral Heights,899000.0,,2.0,I02,1831.0,1965.0,4.0,True,True,899000.0,449500.0,490.9885308574549,490.9885308574549,Duplex (2),61.0
Cancelled,R11062860,3380,1025-1027 NE 16 Terrace,Progresso,899000.0,,4.0,,3026.0,1960.0,,False,False,899000.0,224750.0,297.0918704560476,297.0918704560476,Quadplex (4),66.0
Cancelled,A11863875,3400,1480 NW 20th Ct,Ft Lauderdale Estates,899000.0,,4.0,I04,2187.0,1973.0,6.0,False,False,899000.0,224750.0,411.0653863740283,411.0653863740283,Quadplex (4),53.0
Cancelled,A11777826,3450,210 NE 40th Ct,Boniello Gardens Nd,895000.0,,3.0,I03,3155.0,1969.0,5.0,False,False,895000.0,298333.3333333333,283.67670364500793,283.67670364500793,Triplex (3),57.0
Cancelled,A11825655,3070,1112 NE 5th Ave,Progresso,890000.0,,2.0,I02,2550.0,1986.0,4.0,False,False,890000.0,445000.0,349.01960784313724,349.01960784313724,Duplex (2),40.0
Cancelled,F10448191,3470,615 SW 14th Ave,Riverside,885000.0,,2.0,I02,2924.0,1931.0,8.0,False,False,885000.0,442500.0,302.66757865937075,302.66757865937075,Duplex (2),95.0
Cancelled,A11869878,3370,1904 NE 26th Dr,Coral Gardens,876000.0,,2.0,I02,1244.0,1954.0,2.0,True,False,876000.0,438000.0,704.1800643086817,704.1800643086817,Duplex (2),72.0
Cancelled,A11938759,3380,1400 NE 14th St,Progresso,875000.0,,3.0,I03,1938.0,1953.0,6.0,False,False,875000.0,291666.6666666667,451.49638802889575,451.49638802889575,Triplex (3),73.0
Cancelled,A11673882,3240,1109 NE 6th Ave,Progresso,870000.0,,3.0,I03,2492.0,1973.0,6.0,False,False,870000.0,290000.0,349.1171749598716,349.1171749598716,Triplex (3),53.0
Cancelled,A11756412,3370,1109 NE 6th Ave,Progresso,860000.0,,3.0,I03,2492.0,1973.0,5.0,False,False,860000.0,286666.6666666667,345.10433386837883,345.10433386837883,Triplex (3),53.0
Cancelled,A11865777,3400,820-822 SW 12th Ct,Isles View,850000.0,,2.0,I02,2580.0,1968.0,4.0,False,False,850000.0,425000.0,329.4573643410853,329.4573643410853,Duplex (2),58.0
Cancelled,A11744134,3400,820-822 SW 12th Ct,Isles View,850000.0,,2.0,I02,2580.0,1968.0,2.0,False,False,850000.0,425000.0,329.4573643410853,329.4573643410853,Duplex (2),58.0
Cancelled,F10465736,3600,916 SE 12th Ct #1-2,Everglade Rio Vista Area,850000.0,,2.0,I02,2000.0,1959.0,5.0,False,False,850000.0,425000.0,425.0,425.0,Duplex (2),67.0
Cancelled,A11575002,3380,1411 NE 12th St,Progresso,849900.0,,3.0,I02,1752.0,1959.0,6.0,False,False,849900.0,283300.0,485.1027397260274,485.1027397260274,Triplex (3),67.0
Cancelled,A11729654,3470,615 SW 14th Ave,Riverside Amen,849000.0,,2.0,I02,2092.0,1940.0,8.0,False,False,849000.0,424500.0,405.83173996175907,405.83173996175907,Duplex (2),86.0
Cancelled,F10437017,3390,1128-1132 NW 5th Ct,Tuskegee Park,840000.0,,2.0,I02,3070.0,1988.0,4.0,False,False,840000.0,420000.0,273.6156351791531,273.6156351791531,Duplex (2),38.0
Cancelled,A11770829,3400,820-822 SW 12th Ct,Isles View,835000.0,,2.0,I02,2580.0,1968.0,2.0,False,False,835000.0,417500.0,323.6434108527132,323.6434108527132,Duplex (2),58.0
Cancelled,F10480258,3380,1104-1106 NE 16th Ave,Lake Ridge,825000.0,,2.0,I02,1676.0,1960.0,4.0,False,False,825000.0,412500.0,492.2434367541766,492.2434367541766,Duplex (2),66.0
Cancelled,F10444434,3390,1038 NW 3rd Ave,Progresso,825000.0,,4.0,I04,2480.0,1969.0,5.0,False,False,825000.0,206250.0,332.66129032258067,332.66129032258067,Quadplex (4),57.0
Cancelled,F10444427,3390,1030 NW 3rd Ave,Progresso,825000.0,,4.0,I04,2480.0,1969.0,5.0,False,False,825000.0,206250.0,332.66129032258067,332.66129032258067,Quadplex (4),57.0
Cancelled,F10444421,3390,1028 NW 3rd Ave,Progresso,825000.0,,4.0,I04,2480.0,1969.0,5.0,False,False,825000.0,206250.0,332.66129032258067,332.66129032258067,Quadplex (4),57.0
Cancelled,F10442910,3390,1026 NW 3rd Ave,Progresso,825000.0,,4.0,I04,2480.0,1969.0,5.0,False,False,825000.0,206250.0,332.66129032258067,332.66129032258067,Quadplex (4),57.0
Cancelled,A11917885,3480,1708 SW 20th St,Osceola Park,825000.0,,2.0,I02,1785.0,1974.0,4.0,False,False,825000.0,412500.0,462.1848739495798,462.1848739495798,Duplex (2),52.0
Cancelled,A11917870,3480,1702 SW 20th St,Osceola Park,825000.0,,2.0,I02,1785.0,1968.0,4.0,False,False,825000.0,412500.0,462.1848739495798,462.1848739495798,Duplex (2),58.0
Cancelled,F10530859,3850,1471 NW 22nd St,Ft Lauderdale Estates St,824999.0,,,,2969.0,1975.0,6.0,False,False,824999.0,,277.8710003368137,277.8710003368137,,51.0
Cancelled,A11732647,3380,2018-2020 NE 19th St,Lauder Gate,815000.0,,2.0,I02,1876.0,1958.0,0.0,False,False,815000.0,407500.0,434.43496801705754,434.43496801705754,Duplex (2),68.0
Cancelled,A11642552,3390,1125/1127 N Andrews Ave,Progresso,799999.0,,2.0,I02,2393.0,1977.0,6.0,False,False,799999.0,399999.5,334.307981613038,334.307981613038,Duplex (2),49.0
Cancelled,A11882390,3400,1112 NE 5th Ave,Progresso,799000.0,,2.0,I02,2550.0,1986.0,4.0,False,False,799000.0,399500.0,313.3333333333333,313.3333333333333,Duplex (2),40.0
Cancelled,A11705531,3470,1001 SW 4th Ave,Lauderdale,799000.0,,2.0,I02,1978.0,1970.0,2.0,False,False,799000.0,399500.0,403.94337714863497,403.94337714863497,Duplex (2),56.0
Cancelled,F10492130,3370,1925 NE 26th Street,Coral Gardens,795000.0,,2.0,,1767.0,1954.0,,False,False,795000.0,397500.0,449.9151103565365,449.9151103565365,Duplex (2),72.0
Cancelled,F10482737,3470,639 SW 5th Avenue,Tarpon River,795000.0,,2.0,I02,1504.0,1977.0,5.0,False,False,795000.0,397500.0,528.5904255319149,528.5904255319149,Duplex (2),49.0
Cancelled,A11949303,3400,1451 NW 19th St,Ft Lauderdale Estates,794890.0,,3.0,I03,2025.0,1974.0,5.0,False,False,794890.0,264963.3333333333,392.53827160493825,392.53827160493825,Triplex (3),52.0
Cancelled,A11776207,3470,1001 SW 4th Ave,Lauderdale,786000.0,,2.0,I02,1978.0,1958.0,3.0,False,False,786000.0,393000.0,397.37108190091,397.37108190091,Duplex (2),68.0
Cancelled,R11094034,3370,1000 NE 17th Court,Midle River Lauderdale,780000.0,,3.0,I03,1707.0,1957.0,,False,False,780000.0,260000.0,456.9420035149385,456.9420035149385,Triplex (3),69.0
Cancelled,A11985359,3360,3042 NE 13th Ave,Ocean Boulevard Park,775000.0,,2.0,I02,1678.0,1965.0,0.0,False,False,775000.0,387500.0,461.85935637663886,461.85935637663886,Duplex (2),61.0
Cancelled,F10503301,3500,307-309 SW 8th St,Ft Lauderdale Land Dev,774990.0,,2.0,I02,1885.0,1971.0,4.0,False,False,774990.0,387495.0,411.13527851458883,411.13527851458883,Duplex (2),55.0
Cancelled,B26049355,3370,1925 NE 26th Street Unit#1-2,Coral Gardens,765000.0,,2.0,,1767.0,1954.0,,False,False,765000.0,382500.0,432.937181663837,432.937181663837,Duplex (2),72.0
Cancelled,A11733031,3240,1020 NE 16th Ter,Progresso,760000.0,,3.0,I02,1104.0,1952.0,8.0,False,False,760000.0,253333.33333333334,688.4057971014493,688.4057971014493,Triplex (3),74.0
Cancelled,R11089666,3460,626 NW 10th Terrace Unit#1-5,Progresso,760000.0,,4.0,I04,3488.0,1940.0,,False,False,760000.0,190000.0,217.88990825688074,217.88990825688074,Quadplex (4),86.0
Cancelled,A11942800,3390,2441 NW 9th Ter,Boniello Villas Two,755000.0,,2.0,I02,1681.0,1966.0,5.0,False,True,755000.0,377500.0,449.13741820345035,449.13741820345035,Duplex (2),60.0
Cancelled,F10463124,3470,1951 Riverside Dr,Riverside Park,750000.0,,4.0,I04,1872.0,1958.0,8.0,False,False,750000.0,187500.0,400.64102564102564,400.64102564102564,Quadplex (4),68.0
Cancelled,A11786357,3390,1035 NW 8th Ave,Progresso,749900.0,,2.0,I02,2554.0,1971.0,10.0,False,False,749900.0,374950.0,293.61785434612375,293.61785434612375,Duplex (2),55.0
Cancelled,A11996692,3470,123 SW 19th Ave,Cypress Gardens,749000.0,,2.0,I02,1767.0,1963.0,2.0,True,False,749000.0,374500.0,423.88228636106396,423.88228636106396,Duplex (2),63.0
Cancelled,A11905841,3390,1300 NE 2nd Ave,Progresso,745000.0,,2.0,I02,1382.0,1960.0,7.0,False,False,745000.0,372500.0,539.0738060781476,539.0738060781476,Duplex (2),66.0
Cancelled,F10470541,3480,513 SW 15th St,Lauderdale,737000.0,,2.0,I02,1620.0,1959.0,4.0,False,False,737000.0,368500.0,454.9382716049383,454.9382716049383,Duplex (2),67.0
Cancelled,A11906055,3380,1219-1221 NE 18th Ave,Lake Ridge,735000.0,,3.0,I03,1896.0,1956.0,6.0,False,False,735000.0,245000.0,387.65822784810126,387.65822784810126,Triplex (3),70.0
Cancelled,A11731124,3360,1401 NE 33rd St.,Oakland Park,730000.0,,2.0,I02,,1942.0,2.0,True,False,730000.0,365000.0,,,Duplex (2),84.0
Cancelled,F10447965,3470,813 Himmarshee St,Hazel Estates,729000.0,,2.0,I02,1343.0,1957.0,4.0,False,False,729000.0,364500.0,542.8145941921073,542.8145941921073,Duplex (2),69.0
Cancelled,A11845209,3370,1433 NE 22nd St,Edgewater Estates St,725000.0,,2.0,I02,1828.0,1959.0,3.0,False,False,725000.0,362500.0,396.60831509846827,396.60831509846827,Duplex (2),67.0
Cancelled,F10499054,3480,509 SW 14th Ct,Isles View,725000.0,,2.0,I02,1458.0,1965.0,4.0,False,False,725000.0,362500.0,497.2565157750343,497.2565157750343,Duplex (2),61.0
Cancelled,R11065896,3750,251/259 NE 40th Court,Boniello Gardens,720000.0,,2.0,I02,1646.0,1969.0,,False,False,720000.0,360000.0,437.42405832320776,437.42405832320776,Duplex (2),57.0
Cancelled,A11902048,3370,3033 NE 20th Ter,Ocean Ridge,719000.0,,2.0,I02,1815.0,1957.0,6.0,False,False,719000.0,359500.0,396.1432506887052,396.1432506887052,Duplex (2),69.0
Cancelled,A11810243,3500,218 SW 10th St,Croissant Park,715000.0,,2.0,I02,1353.0,1942.0,0.0,False,False,715000.0,357500.0,528.4552845528456,528.4552845528456,Duplex (2),84.0
Cancelled,A11601730,3570,1949 Riverside Dr,Riverside Park,699999.0,,2.0,I02,1539.0,1966.0,4.0,False,False,699999.0,349999.5,454.8401559454191,454.8401559454191,Duplex (2),60.0
Cancelled,F10473260,3380,917 NE 11th St,Progresso,699900.0,,2.0,I02,1693.0,1952.0,3.0,False,False,699900.0,349950.0,413.40815121086825,413.40815121086825,Duplex (2),74.0
Cancelled,F10442162,3390,1345 NW 1st Ave,Progresso,699900.0,,2.0,I02,1235.0,1953.0,6.0,False,False,699900.0,349950.0,566.7206477732793,566.7206477732793,Duplex (2),73.0
Cancelled,A11672874,3810,647 NW 3rd Ave,Progresso,699900.0,,4.0,I04,2299.0,1970.0,4.0,False,False,699900.0,174975.0,304.4367116137451,304.4367116137451,Quadplex (4),56.0
Cancelled,A11940040,3450,1628 NW 5th Ave,Progresso,699000.0,,2.0,I02,1552.0,1952.0,3.0,False,False,699000.0,349500.0,450.38659793814435,450.38659793814435,Duplex (2),74.0
Cancelled,A11631699,3480,1804 SW 20th St,Osceola Park,699000.0,,2.0,I02,1595.0,1969.0,4.0,False,False,699000.0,349500.0,438.2445141065831,438.2445141065831,Duplex (2),57.0
Cancelled,F10443503,3380,1116-1118 NE 15th Ave,Progresso,694900.0,,2.0,I02,1120.0,1952.0,4.0,False,False,694900.0,347450.0,620.4464285714286,620.4464285714286,Duplex (2),74.0
Cancelled,A11735366,3390,1038 NW 3rd Ave,Progresso,694900.0,,4.0,I04,2586.0,1970.0,5.0,False,False,694900.0,173725.0,268.71616395978344,268.71616395978344,Quadplex (4),56.0
Cancelled,A11735288,3390,1032 NW 3rd Ave,Progresso,694900.0,,4.0,I04,2586.0,1970.0,5.0,False,False,694900.0,173725.0,268.71616395978344,268.71616395978344,Quadplex (4),56.0
Cancelled,F10497324,3380,1336 NE 14th Ave,Poinsettia Heights,689900.0,,2.0,I02,1835.0,1947.0,5.0,True,False,689900.0,344950.0,375.96730245231606,375.96730245231606,Duplex (2),79.0
Cancelled,F10461351,3390,1201 N Andrews Ave,Progresso,675000.0,,2.0,I02,2653.0,1935.0,2.0,False,False,675000.0,337500.0,254.42894836034677,254.42894836034677,Duplex (2),91.0
Cancelled,A11656014,3390,1242 NW 2nd Ave,Progresso,675000.0,,2.0,I02,1570.0,1958.0,4.0,False,False,675000.0,337500.0,429.9363057324841,429.9363057324841,Duplex (2),68.0
Cancelled,A11734430,3390,1028 NW 3rd Ave,Progresso,664900.0,,4.0,I04,2586.0,1970.0,5.0,False,False,664900.0,166225.0,257.1152358855375,257.1152358855375,Quadplex (4),56.0
Cancelled,A11733906,3390,1026 NW 3rd Ave,Progresso,664900.0,,4.0,I04,2586.0,1970.0,4.0,False,False,664900.0,166225.0,257.1152358855375,257.1152358855375,Quadplex (4),56.0
Cancelled,A11730092,3390,1021 NW 3rd Ave,Progresso,664900.0,,4.0,I04,2586.0,1971.0,4.0,False,False,664900.0,166225.0,257.1152358855375,257.1152358855375,Quadplex (4),55.0
Cancelled,F10447218,3460,736 NW 3rd Ave,Progresso,664000.0,,2.0,I02,1150.0,1949.0,8.0,False,False,664000.0,332000.0,577.3913043478261,577.3913043478261,Duplex (2),77.0
Cancelled,A11866582,3370,1701 NE 25th st,Manor Square,659999.0,,2.0,I02,,1960.0,2.0,False,False,659999.0,329999.5,,,Duplex (2),66.0
Cancelled,F10480000,3390,1345 N Andrews Ave #1-2,Progresso,650000.0,,2.0,I02,2010.0,1968.0,4.0,False,False,650000.0,325000.0,323.3830845771144,323.3830845771144,Duplex (2),58.0
Cancelled,F10480765,3390,1142 NW 6th Ave,Progresso,650000.0,,3.0,I03,2213.0,1973.0,5.0,False,False,650000.0,216666.66666666666,293.7189335743335,293.7189335743335,Triplex (3),53.0
Cancelled,F10461445,3390,1142 NW 6th Ave,Progresso,650000.0,,2.0,I02,2213.0,1973.0,5.0,False,False,650000.0,325000.0,293.7189335743335,293.7189335743335,Duplex (2),53.0
Cancelled,F10450968,3390,1026 NW 8th Ave,Progresso,650000.0,,2.0,I02,1350.0,1986.0,4.0,False,False,650000.0,325000.0,481.48148148148147,481.48148148148147,Duplex (2),40.0
Cancelled,F10465423,3480,514 SW 16th St,Croissant Park,650000.0,,2.0,I02,1400.0,1948.0,4.0,False,False,650000.0,325000.0,464.2857142857143,464.2857142857143,Duplex (2),78.0
Cancelled,A11703463,3570,1620 SW 11th Ct,Riverside Park Amen,650000.0,,2.0,I02,1399.0,1961.0,4.0,False,False,650000.0,325000.0,464.61758398856324,464.61758398856324,Duplex (2),65.0
Cancelled,A11642846,3380,1116-1118 NE 15th Ave,Progresso,649000.0,,2.0,I02,1120.0,1952.0,4.0,False,False,649000.0,324500.0,579.4642857142857,579.4642857142857,Duplex (2),74.0
Cancelled,F10483216,3720,575 NW 41st Street,Prospect Gardens,649000.0,,2.0,I02,2766.0,1976.0,5.0,False,False,649000.0,324500.0,234.6348517715112,234.6348517715112,Duplex (2),50.0
Cancelled,A11830697,3860,635 NW 22nd Rd,Washington Park,649000.0,,4.0,I04,1810.0,1967.0,4.0,False,False,649000.0,162250.0,358.56353591160223,358.56353591160223,Quadplex (4),59.0
Cancelled,A11698398,3400,1451 NW 20th Ct,Ft Lauderdale Estates,648850.0,,2.0,I02,2059.0,1974.0,6.0,False,False,648850.0,324425.0,315.1287032540068,315.1287032540068,Duplex (2),52.0
Cancelled,A11705129,3560,635 NW 22nd Rd,Washington Park,644000.0,,4.0,I04,1810.0,1967.0,4.0,False,False,644000.0,161000.0,355.8011049723757,355.8011049723757,Quadplex (4),59.0
Cancelled,A11738166,3400,1471 NW 19th St,Ft Lauderdale Estates,640000.0,,3.0,I03,2025.0,1974.0,6.0,False,False,640000.0,213333.33333333334,316.04938271604937,316.04938271604937,Triplex (3),52.0
Cancelled,F10482837,3450,660 NE 35th St,Oakland Park Second,640000.0,,3.0,I03,1398.0,1958.0,3.0,False,False,640000.0,213333.33333333334,457.79685264663806,457.79685264663806,Triplex (3),68.0
Cancelled,A11945231,3860,635 NW 22nd Rd,Washington Park,640000.0,,4.0,I04,1810.0,1968.0,4.0,False,False,640000.0,160000.0,353.5911602209945,353.5911602209945,Quadplex (4),58.0
Cancelled,F10449146,3480,1413 SW 4th avenue,Croissant Park,625000.0,,2.0,I02,2584.0,1950.0,5.0,False,False,625000.0,312500.0,241.87306501547988,241.87306501547988,Duplex (2),76.0
Cancelled,A11426003,3720,319 NW 43rd St,Prospect Gardens,625000.0,,2.0,I02,1742.0,1963.0,2.0,False,False,625000.0,312500.0,358.7830080367394,358.7830080367394,Duplex (2),63.0
Cancelled,A11426002,3720,321 NW 43rd St,Prospect Gardens,625000.0,,2.0,I02,1676.0,1966.0,2.0,False,False,625000.0,312500.0,372.91169451073984,372.91169451073984,Duplex (2),60.0
Cancelled,A11889972,3390,919 NW 13th St,Lauderdale Manors,619999.0,,3.0,I03,1478.0,1955.0,8.0,False,False,619999.0,206666.33333333334,419.4851150202977,419.4851150202977,Triplex (3),71.0
Cancelled,F10529019,3390,1142 NW 6th Ave,Progresso,600000.0,,2.0,I02,2213.0,1973.0,5.0,False,False,600000.0,300000.0,271.1251694532309,271.1251694532309,Duplex (2),53.0
Cancelled,F10496662,3390,1142 NW 6th Ave,Progresso,600000.0,,3.0,I03,2213.0,1973.0,5.0,False,False,600000.0,200000.0,271.1251694532309,271.1251694532309,Triplex (3),53.0
Cancelled,A11776119,3450,405 E Oakland Park Blvd,Oakland Park Second,600000.0,,2.0,I02,1456.0,1948.0,4.0,False,False,600000.0,300000.0,412.0879120879121,412.0879120879121,Duplex (2),78.0
Cancelled,A11817004,3380,1044 NE 10th Ave,Progresso,599000.0,,3.0,I03,1413.0,1954.0,1.0,False,False,599000.0,199666.66666666666,423.92073602264685,423.92073602264685,Triplex (3),72.0
Cancelled,F10463121,3470,1955 Riverside Dr,Riverside Park,599000.0,,2.0,I02,2006.0,1958.0,4.0,False,False,599000.0,299500.0,298.60418743768696,298.60418743768696,Duplex (2),68.0
Cancelled,A11521374,3360,3477 NE 13 ave,Oakland Park,588000.0,,2.0,I02,,1962.0,8.0,False,False,588000.0,294000.0,,,Duplex (2),64.0
Cancelled,A11716066,3390,1020 NW 5th Ave,Progresso,579999.0,,2.0,I02,2131.0,1980.0,5.0,False,False,579999.0,289999.5,272.17221961520414,272.17221961520414,Duplex (2),46.0
Cancelled,F10478426,3390,1238 NW 5th Ave,Progresso,575000.0,,2.0,I02,1870.0,1966.0,4.0,False,False,575000.0,287500.0,307.4866310160428,307.4866310160428,Duplex (2),60.0
Cancelled,F10444425,3390,1029 NW 3rd Ave,Progresso,575000.0,,3.0,I03,2512.0,1953.0,4.0,False,False,575000.0,191666.66666666666,228.90127388535032,228.90127388535032,Triplex (3),73.0
Cancelled,A11590429,3470,804 SW 4th Street,Sailboat Bend,575000.0,,2.0,I02,1400.0,1944.0,5.0,False,False,575000.0,287500.0,410.7142857142857,410.7142857142857,Duplex (2),82.0
Cancelled,F10472501,3390,1515 NW 8th Ave,Progresso,569900.0,,2.0,I02,2504.0,1971.0,4.0,False,False,569900.0,284950.0,227.5958466453674,227.5958466453674,Duplex (2),55.0
Cancelled,A11634734,3450,901 NE 40th St,Oakland Park Downtown,569900.0,,3.0,I03,1548.0,1959.0,5.0,False,False,569900.0,189966.66666666666,368.1524547803618,368.1524547803618,Triplex (3),67.0
Cancelled,F10509111,3460,1810 NW 9th St,Lauderdale Homesites Firs,565000.0,,2.0,I02,1464.0,1964.0,4.0,False,False,565000.0,282500.0,385.92896174863387,385.92896174863387,Duplex (2),62.0
Cancelled,A11951126,3390,1344 NW 7th Ter,Progresso,550000.0,,2.0,I02,1485.0,1955.0,4.0,False,False,550000.0,275000.0,370.3703703703704,370.3703703703704,Duplex (2),71.0
Cancelled,A11825084,3460,532 NW 19th Ave,Dorsey Park Th,545000.0,,2.0,I02,1490.0,1952.0,4.0,False,False,545000.0,272500.0,365.7718120805369,365.7718120805369,Duplex (2),74.0
Cancelled,A11851881,3500,307 SW 15th St,Lauderdale,541509.0,,2.0,I02,1056.0,2021.0,6.0,False,False,541509.0,270754.5,512.7926136363636,512.7926136363636,Duplex (2),5.0
Cancelled,A11891383,3480,1841 SW 22nd St,Osceola Park,539900.0,,2.0,I02,2104.0,1972.0,3.0,False,False,539900.0,269950.0,256.606463878327,256.606463878327,Duplex (2),54.0
Cancelled,A11610506,3460,817 NW 12th Ave,Lincoln Park Third,539000.0,,2.0,I02,1238.0,1958.0,4.0,False,False,539000.0,269500.0,435.3796445880452,435.3796445880452,Duplex (2),68.0
Cancelled,A11843958,3390,526 NW 15th Ter,Dorsey Park First,529000.0,,2.0,I02,1529.0,1962.0,1.0,False,False,529000.0,264500.0,345.9777632439503,345.9777632439503,Duplex (2),64.0
Cancelled,F10550770,3400,700 NW 13th Street,Progresso,525000.0,,3.0,,1810.0,1954.0,,False,False,525000.0,175000.0,290.0552486187845,290.0552486187845,Triplex (3),72.0
Cancelled,F10526870,3460,1136 NW 5th Ct,Tuskegee Park,525000.0,,3.0,I03,1256.0,1997.0,4.0,False,False,525000.0,175000.0,417.9936305732484,417.9936305732484,Triplex (3),29.0
Cancelled,A11903342,3560,2142 NW 8th St,Washington Park,525000.0,,3.0,I03,1927.0,1980.0,5.0,False,False,525000.0,175000.0,272.44421380384017,272.44421380384017,Triplex (3),46.0
Cancelled,F10523619,3460,1810 NW 9th St,Lauderdale Homesites Firs,520000.0,,,,1464.0,1964.0,4.0,False,False,520000.0,,355.1912568306011,355.1912568306011,,62.0
Cancelled,A11808156,3400,1304 NW 6th Ave,Progresso,515000.0,,2.0,I02,1275.0,1952.0,4.0,False,False,515000.0,257500.0,403.921568627451,403.921568627451,Duplex (2),74.0
Cancelled,A11628718,3460,817 NW 12th ave,Lincoln Park Third,515000.0,,2.0,I02,1238.0,1958.0,4.0,False,False,515000.0,257500.0,415.9935379644588,415.9935379644588,Duplex (2),68.0
Cancelled,A11717382,3460,616 NW 4th Ave,Progresso,499900.0,,3.0,I03,1823.0,1964.0,4.0,False,False,499900.0,166633.33333333334,274.2183214481624,274.2183214481624,Triplex (3),62.0
Cancelled,F10498003,3370,3477 NE 13Th Ave,Oakland Park,498000.0,,2.0,I02,1092.0,1960.0,6.0,False,False,498000.0,249000.0,456.04395604395603,456.04395604395603,Duplex (2),66.0
Cancelled,A11734399,3390,1029 NW 3rd Ave,Progresso,494900.0,,3.0,I03,2512.0,1954.0,4.0,False,False,494900.0,164966.66666666666,197.01433121019107,197.01433121019107,Triplex (3),72.0
Cancelled,A11753672,3390,1025 NW 3rd Ave,Progresso,489000.0,,2.0,I02,1356.0,1953.0,4.0,False,False,489000.0,244500.0,360.6194690265487,360.6194690265487,Duplex (2),73.0
Cancelled,A11794004,3460,844 NW 18th Ave,Lauderdale Homesites,480000.0,,2.0,I02,1290.0,1964.0,3.0,False,False,480000.0,240000.0,372.09302325581393,372.09302325581393,Duplex (2),62.0
Cancelled,R11036604,3400,1429 N Andrews Avenue,Progresso,475000.0,,2.0,I02,1000.0,1955.0,,False,False,475000.0,237500.0,475.0,475.0,Duplex (2),71.0
Cancelled,F10485832,3370,1312 NE 5th Ave,Progresso,450000.0,,2.0,I02,1136.0,1951.0,4.0,False,False,450000.0,225000.0,396.1267605633803,396.1267605633803,Duplex (2),75.0
Cancelled,F10545281,3370,1312 NE 5th Avenue,Progresso,440000.0,,2.0,,1136.0,1951.0,,False,False,440000.0,220000.0,387.32394366197184,387.32394366197184,Duplex (2),75.0
Cancelled,F10449284,3450,883 NE 39th St,Oakland Park Nd,439900.0,,2.0,I02,1250.0,1955.0,0.0,False,False,439900.0,219950.0,351.92,351.92,Duplex (2),71.0
Cancelled,A11644492,3860,716 NW 14th Way,Lincoln Park Corr,435000.0,,2.0,I02,1288.0,1963.0,4.0,False,False,435000.0,217500.0,337.7329192546584,337.7329192546584,Duplex (2),63.0
Cancelled,A11781652,3390,1521 NW 5th Ave #1-2,Progresso,415000.0,,2.0,I02,1074.0,1952.0,4.0,False,False,415000.0,207500.0,386.40595903165735,386.40595903165735,Duplex (2),74.0
Cancelled,A11958268,3450,415-417 E Oakland Park Blvd,Oakland Park Second,415000.0,,2.0,I02,1020.0,1957.0,2.0,False,False,415000.0,207500.0,406.8627450980392,406.8627450980392,Duplex (2),69.0
Cancelled,F10480466,3400,1632 Lauderdale Manors Dr,Lauderdale Manors,399900.0,,2.0,I02,1064.0,1953.0,4.0,False,False,399900.0,199950.0,375.84586466165416,375.84586466165416,Duplex (2),73.0
Cancelled,F10549004,3030,1705 Davie Boulevard,Riverside Park Amen,350000.0,,2.0,,690.0,1956.0,,False,False,350000.0,175000.0,507.2463768115942,507.2463768115942,Duplex (2),70.0
Cancelled,A11960306,3460,433 NW 18th Ave,Dorsey Park Third,339900.0,,2.0,I02,1802.0,1954.0,1.0,False,False,339900.0,169950.0,188.6237513873474,188.6237513873474,Duplex (2),72.0
Cancelled,F10486086,3460,644 NW 15th Ter,Dorsey Park,285000.0,,2.0,I02,992.0,1960.0,2.0,False,False,285000.0,142500.0,287.2983870967742,287.2983870967742,Duplex (2),66.0
TempOff,B26030082,3270,110 NE 16th Terrace,Victoria Park,1300000.0,,3.0,,2738.0,1935.0,,False,False,1300000.0,433333.3333333333,474.7991234477721,474.7991234477721,Triplex (3),91.0
TempOff,B26033299,3380,1627 NE 17th Avenue,Progresso,875000.0,,2.0,,1359.0,1963.0,,True,False,875000.0,437500.0,643.8557763061075,643.8557763061075,Duplex (2),63.0
TempOff,F10548782,3400,1106 NW 6th Avenue,Progresso,530000.0,,2.0,,1896.0,1971.0,,False,False,530000.0,265000.0,279.53586497890296,279.53586497890296,Duplex (2),55.0
TempOff,B26008615,3450,629 NE 36th Street,Oakland Park Second,500000.0,,2.0,,1434.0,1964.0,,False,False,500000.0,250000.0,348.6750348675035,348.6750348675035,Duplex (2),62.0
Withdrawn,F10477587,3280,308-312 Hendricks Isle,Victoria Isles,5100000.0,,2.0,,5232.0,1960.0,,True,True,5100000.0,2550000.0,974.7706422018349,974.7706422018349,Duplex (2),66.0
Withdrawn,A12017261,3560,1015 NW 8th Ave,Progresso,1800000.0,,2.0,I02,,2026.0,4.0,False,False,1800000.0,900000.0,,,Duplex (2),0.0
Withdrawn,A11930154,3280,817-819 NW 1st Ave,Progresso,1150000.0,,2.0,I02,2504.0,2023.0,4.0,True,False,1150000.0,575000.0,459.26517571884983,459.26517571884983,Duplex (2),3.0
Withdrawn,F10546799,3380,1620 NE 20th Avenue,Lauder Gate,1100000.0,,3.0,,2220.0,1966.0,,False,False,1100000.0,366666.6666666667,495.4954954954955,495.4954954954955,Triplex (3),60.0
Withdrawn,F10475936,3470,301 SW 9th Street,Ft Lauderdale Land Dev,1099987.0,,3.0,,2000.0,1935.0,,False,False,1099987.0,366662.3333333333,549.9935,549.9935,Triplex (3),91.0
Withdrawn,F10473166,3270,1215 NE 18th Avenue,Lake Ridge,975000.0,,2.0,,2810.0,1979.0,,False,False,975000.0,487500.0,346.97508896797154,346.97508896797154,Duplex (2),47.0
Withdrawn,F10512444,3470,1208 SW 2nd Court,Waverly Place,925000.0,,3.0,,2040.0,1986.0,,False,False,925000.0,308333.3333333333,453.4313725490196,453.4313725490196,Triplex (3),40.0
Withdrawn,F10534867,3560,661 NW 21st Terrace,Washington Park,799000.0,,4.0,,2286.0,2025.0,,False,False,799000.0,199750.0,349.5188101487314,349.5188101487314,Quadplex (4),1.0
Withdrawn,A11874717,3500,312 SW 9th St,Lauderdale,699000.0,,2.0,I02,1798.0,1980.0,4.0,False,False,699000.0,349500.0,388.76529477196885,388.76529477196885,Duplex (2),46.0
Withdrawn,F10554362,3111,1412 NW 2nd Avenue,Progresso,629000.0,,2.0,,1900.0,1946.0,,False,False,629000.0,314500.0,331.05263157894734,331.05263157894734,Duplex (2),80.0
Withdrawn,A11819437,3460,516 NW 18th Ave,Dorsey Park Third,570000.0,,2.0,I02,1196.0,1958.0,4.0,False,False,570000.0,285000.0,476.5886287625418,476.5886287625418,Duplex (2),68.0
Withdrawn,B26031000,3390,1420 NW 5th Avenue,Progresso,565000.0,,2.0,,1615.0,1950.0,,False,False,565000.0,282500.0,349.8452012383901,349.8452012383901,Duplex (2),76.0
Withdrawn,A11969848,3311,634 NW 12th Ave,Progresso,450000.0,,2.0,I02,960.0,1954.0,3.0,False,False,450000.0,225000.0,468.75,468.75,Duplex (2),72.0
Expired,R11110803,3380,1220 NE 15th Avenue,Enclave Lake Ridge,5750000.0,,4.0,,10401.0,2023.0,,True,False,5750000.0,1437500.0,552.8314585136045,552.8314585136045,Quadplex (4),3.0
Expired,A11858426,3460,1316 NW 3rd St,Seminole Forest,5200000.0,,4.0,I04,1250.0,2008.0,2.0,False,False,5200000.0,1300000.0,4160.0,,Quadplex (4),18.0
Expired,A12028733,3600,801 SE 11th Ct,Rio Vista,4150000.0,,1.0,I02,4390.0,2025.0,2.0,True,False,4150000.0,4150000.0,945.3302961275626,945.3302961275626,5+ units,1.0
Expired,A11695458,3720,349 NW 40th St,Prospect Gardens,3160000.0,,8.0,I04,,2024.0,18.0,False,False,3160000.0,395000.0,,,5+ units,2.0
Expired,F10436880,3270,17 NE 9th Ave,Davis,3150000.0,,4.0,I04,2367.0,1958.0,12.0,False,False,3150000.0,787500.0,1330.7984790874525,1330.7984790874525,Quadplex (4),68.0
Expired,A11772024,3470,729 SW 2nd Ct,Sailboat Bend,3000000.0,,16.0,I04,7303.0,1960.0,16.0,False,False,3000000.0,187500.0,410.7900862659181,410.7900862659181,5+ units,66.0
Expired,A11623177,3270,615 - 617 NE 9th Ave,Progresso,2995000.0,,6.0,I04,4487.0,1957.0,9.0,True,False,2995000.0,499166.6666666667,667.4838422108313,667.4838422108313,5+ units,69.0
Expired,F10477242,3280,1710 NE 8 ST,Victoria Courts,2995000.0,,4.0,I04,3166.0,1961.0,4.0,True,False,2995000.0,748750.0,945.9886291850916,945.9886291850916,Quadplex (4),65.0
Expired,F10432008,3380,1037-1039 NE 16th Ave,Progresso,2950000.0,,2.0,I02,5276.0,1951.0,4.0,True,False,2950000.0,1475000.0,559.1357088703563,559.1357088703563,Duplex (2),75.0
Expired,R10965108,3270,625 NE 13th Avenue,Progresso,2699000.0,,4.0,I04,3185.0,1954.0,,True,False,2699000.0,674750.0,847.4097331240189,847.4097331240189,Quadplex (4),72.0
Expired,R11045687,3160,741 N Bayshore Boulevard Unit#Ph E And Ph W,Holiday Isles Yacht Club,2600000.0,,29.0,I02,3000.0,1970.0,,True,True,2600000.0,89655.1724137931,866.6666666666666,866.6666666666666,5+ units,56.0
Expired,A11646769,3370,2201 NE 14th Ave,Edgewater Estates St,2600000.0,,9.0,I04,7551.0,1959.0,14.0,False,False,2600000.0,288888.8888888889,344.3252549331214,344.3252549331214,5+ units,67.0
Expired,A11827786,3270,1215 E Broward Blvd,Dames Young,2499000.0,,4.0,I04,3880.0,1951.0,9.0,False,False,2499000.0,624750.0,644.0721649484536,644.0721649484536,Quadplex (4),75.0
Expired,F10534582,3270,615 & 617 NE & 617 9th Avenue,Progresso,2200000.0,,1.0,,4487.0,1957.0,,True,False,2200000.0,2200000.0,490.30532649877426,490.30532649877426,5+ units,69.0
Expired,F10401319,3600,1545 SE 15th St,Herzfelds To Lauderda,2200000.0,,2.0,I02,2040.0,1962.0,7.0,False,True,2200000.0,1100000.0,1078.4313725490197,1078.4313725490197,Duplex (2),64.0
Expired,F10425890,3270,201 NE 14th Ave,Stranahans,2075000.0,,4.0,I04,2014.0,1958.0,6.0,True,False,2075000.0,518750.0,1030.2879841112215,1030.2879841112215,Quadplex (4),68.0
Expired,F10375884,3270,1640 NE 4th Pl,Victoria Park,1999000.0,,3.0,I03,3596.0,1971.0,6.0,False,False,1999000.0,666333.3333333334,555.8954393770856,555.8954393770856,Triplex (3),55.0
Expired,F10472642,3270,548 NE 9th Ave,Victoria Park,1925000.0,,3.0,I03,2621.0,1959.0,11.0,False,False,1925000.0,641666.6666666666,734.4524990461656,734.4524990461656,Triplex (3),67.0
Expired,A11911677,3380,828 NE 14th St,Dixie Park,1795000.0,,2.0,I02,5472.0,2025.0,6.0,False,False,1795000.0,897500.0,328.0336257309942,328.0336257309942,Duplex (2),1.0
Expired,F10552293,3380,1123 NE 14th Avenue,Progresso,1790000.0,,3.0,,4694.0,1952.0,,True,False,1790000.0,596666.6666666666,381.3378781423093,381.3378781423093,Triplex (3),74.0
Expired,F10507753,3370,50 NE 30th Court,Almar Estates,1750000.0,,2.0,,2215.0,1969.0,,True,True,1750000.0,875000.0,790.0677200902935,790.0677200902935,Duplex (2),57.0
Expired,F10444686,3370,50 NE 30th Ct,Almar Estates,1750000.0,,2.0,I02,2215.0,1969.0,8.0,True,True,1750000.0,875000.0,790.0677200902935,790.0677200902935,Duplex (2),57.0
Expired,A11658637,3470,640 SW 16th Ave,Riverside,1750000.0,,4.0,I04,4855.0,1965.0,4.0,False,False,1750000.0,437500.0,360.4531410916581,360.4531410916581,Quadplex (4),61.0
Expired,F10444822,3160,2501 NE 33 Avenue,Lauderdale Beach Extn,1699000.0,,3.0,I03,2235.0,1984.0,4.0,False,False,1699000.0,566333.3333333334,760.1789709172259,760.1789709172259,Triplex (3),42.0
Expired,A11721527,3270,1634 NE 4th Pl,Middle River Park,1638000.0,,4.0,I04,2779.0,1970.0,5.0,False,False,1638000.0,409500.0,589.4206549118388,589.4206549118388,Quadplex (4),56.0
Expired,F10477019,3380,1708 NE 20th Ave,Lauder Gate,1600000.0,,4.0,I04,5304.0,1957.0,13.0,False,False,1600000.0,400000.0,301.65912518853696,301.65912518853696,Quadplex (4),69.0
Expired,F10450564,3270,434 NE 7th Avenue,Victoria Park,1599999.0,,3.0,I03,2206.0,1959.0,6.0,False,False,1599999.0,533333.0,725.2941976427924,725.2941976427924,Triplex (3),67.0
Expired,F10464661,3270,837 NE 17th Ave,Progresso,1599000.0,,4.0,I04,2309.0,1959.0,5.0,False,False,1599000.0,399750.0,692.5075790385448,692.5075790385448,Quadplex (4),67.0
Expired,A11674654,3450,1099 NE 35th St,Oakland Park Second,1599000.0,,4.0,I04,3858.0,1985.0,8.0,False,False,1599000.0,399750.0,414.4634525660964,414.4634525660964,Quadplex (4),41.0
Expired,B26004339,3470,1121-1123 Middle Street,Waverly Place,1599000.0,,2.0,,3686.0,2018.0,,False,False,1599000.0,799500.0,433.8035811177428,433.8035811177428,Duplex (2),8.0
Expired,F10545095,3380,1017 NE 14th Avenue,Progresso,1590000.0,,4.0,,2426.0,1958.0,,False,False,1590000.0,397500.0,655.3998351195384,655.3998351195384,Quadplex (4),68.0
Expired,A11832270,3470,1532 SW 5th Pl,Riverside,1552500.0,,4.0,I04,5117.0,1969.0,4.0,False,False,1552500.0,388125.0,303.4004299394176,303.4004299394176,Quadplex (4),57.0
Expired,A11501534,3030,1239 NE 15th Ave,Progresso,1550000.0,,4.0,I04,2521.0,1980.0,5.0,False,False,1550000.0,387500.0,614.8353827846092,614.8353827846092,Quadplex (4),46.0
Expired,F10552717,3260,2716 Middle River Drive,Coral Ridge Galt,1550000.0,,2.0,,3100.0,1955.0,,True,False,1550000.0,775000.0,500.0,500.0,Duplex (2),71.0
Expired,A11620213,3470,605 SW 14th Ter,Riverside Amen,1550000.0,,4.0,I04,2790.0,1967.0,4.0,False,False,1550000.0,387500.0,555.5555555555555,555.5555555555555,Quadplex (4),59.0
Expired,F10506146,3250,2667 NE 32nd St,Coral Ridge Galt,1500000.0,,4.0,I04,3170.0,1956.0,7.0,True,False,1500000.0,375000.0,473.18611987381706,473.18611987381706,Quadplex (4),70.0
Expired,A11557680,3370,614 NE 20 St,Tropical Gardens,1500000.0,,2.0,I02,2292.0,1970.0,6.0,True,True,1500000.0,750000.0,654.4502617801047,654.4502617801047,Duplex (2),56.0
Expired,A11642899,3700,824 NE 4th St,Holmberg,1500000.0,,6.0,I04,2903.0,1960.0,10.0,False,False,1500000.0,250000.0,516.7068549776094,516.7068549776094,5+ units,66.0
Expired,F10496123,3260,2716 Middle River Dr,Coral Ridge Galt,1499999.0,,2.0,I02,2272.0,1955.0,6.0,True,False,1499999.0,749999.5,660.2108274647887,660.2108274647887,Duplex (2),71.0
Expired,A11765681,3450,1099 NE 35th St,Oakland Park Second,1499000.0,,4.0,I04,3858.0,1985.0,8.0,False,False,1499000.0,374750.0,388.54328667703476,388.54328667703476,Quadplex (4),41.0
Expired,F10489907,3270,710 NE 17th Way,Victoria Highlands,1450000.0,,4.0,I03,2325.0,1939.0,5.0,False,False,1450000.0,362500.0,623.6559139784946,623.6559139784946,Quadplex (4),87.0
Expired,F10478492,3130,258 Basin Dr,Silver Shores,1439000.0,,2.0,I02,1620.0,1955.0,8.0,False,False,1439000.0,719500.0,888.2716049382716,888.2716049382716,Duplex (2),71.0
Expired,B26032259,3360,1262 NE 34th Court,Oakland Park,1400000.0,,2.0,,952.0,1952.0,,False,False,1400000.0,700000.0,1470.5882352941176,1470.5882352941176,Duplex (2),74.0
Expired,F10479181,3360,1262 NE 34th Ct,Oakland Park,1400000.0,,2.0,,952.0,1952.0,4.0,False,False,1400000.0,700000.0,1470.5882352941176,1470.5882352941176,Duplex (2),74.0
Expired,F10486131,3150,2200 36th Street,Coral Ridge,1399999.0,,2.0,,3600.0,1970.0,,True,False,1399999.0,699999.5,388.8886111111111,388.8886111111111,Duplex (2),56.0
Expired,F10424152,3480,807 SW 14th Ct,Esmonda Gardens,1395000.0,,2.0,I02,2841.0,1976.0,6.0,True,False,1395000.0,697500.0,491.0242872228089,491.0242872228089,Duplex (2),50.0
Expired,A11734156,3380,1717 NE 12th St,Progresso,1389000.0,,6.0,I04,2664.0,1962.0,10.0,False,False,1389000.0,231500.0,521.3963963963964,521.3963963963964,5+ units,64.0
Expired,R11029950,3250,2667 NE 32 Street Unit#1-4,Coral Ridge Galt,1376000.0,,4.0,,2669.0,1956.0,,True,False,1376000.0,344000.0,515.5488947171225,515.5488947171225,Quadplex (4),70.0
Expired,F10425880,3260,2648 MIDDLE RIVER DRIVE,Coral Ridge Galt,1325000.0,,2.0,I02,2240.0,1955.0,6.0,True,False,1325000.0,662500.0,591.5178571428571,591.5178571428571,Duplex (2),71.0
Expired,R11094716,3070,607 SW 6 Street,Ft Lauderdale,1300000.0,,2.0,,2300.0,1977.0,,False,False,1300000.0,650000.0,565.2173913043479,565.2173913043479,Duplex (2),49.0
Expired,F10493079,3460,526 NW 15th Way,Dorsey Park,1300000.0,,4.0,I04,4009.0,1957.0,8.0,False,False,1300000.0,325000.0,324.27039161885756,324.27039161885756,Quadplex (4),69.0
Expired,F10493307,3500,825 W Las Olas Boulevard,Sailboat Bend,1300000.0,,3.0,,2150.0,1960.0,,False,False,1300000.0,433333.3333333333,604.6511627906976,604.6511627906976,Triplex (3),66.0
Expired,F10533092,3160,2713 NE 33rd Avenue,Dolphin Isles,1295000.0,,2.0,,2300.0,1954.0,,False,False,1295000.0,647500.0,563.0434782608696,563.0434782608696,Duplex (2),72.0
Expired,F10480341,3250,2601 NE 32nd St,Coral Ridge Galt,1290000.0,,2.0,I02,3024.0,1975.0,7.0,False,False,1290000.0,645000.0,426.58730158730157,426.58730158730157,Duplex (2),51.0
Expired,A11875467,3380,1717 NE 12th St,Progresso,1270000.0,,6.0,I04,2664.0,1962.0,10.0,False,False,1270000.0,211666.66666666666,476.7267267267267,476.7267267267267,5+ units,64.0
Expired,F10506370,3270,843 NE 17th Ave,Progresso,1250000.0,,2.0,I02,2167.0,1954.0,5.0,True,False,1250000.0,625000.0,576.8343331795108,576.8343331795108,Duplex (2),72.0
Expired,A11569837,3390,1033 NW 3rd Ave,Progresso,1250000.0,,4.0,I04,4485.0,1958.0,8.0,False,False,1250000.0,312500.0,278.70680044593087,278.70680044593087,Quadplex (4),68.0
Expired,F10531649,3480,1247 SW 4,Croissantpark,1250000.0,,2.0,,2067.0,1954.0,4.0,False,False,1250000.0,625000.0,604.7411707789066,604.7411707789066,Duplex (2),72.0
Expired,R11102232,3700,440 NE 1st Avenue,North Lauderdale,1250000.0,,2.0,I02,1337.0,1958.0,,False,False,1250000.0,625000.0,934.9289454001496,934.9289454001496,Duplex (2),68.0
Expired,F10519209,3360,1129 NE 16th Avenue,Progresso,1249900.0,,4.0,,2840.0,1964.0,,False,False,1249900.0,312475.0,440.1056338028169,440.1056338028169,Quadplex (4),62.0
Expired,F10541362,3390,1202 NE 3rd Avenue,Progresso,1220000.0,,2.0,,2927.0,1962.0,,False,False,1220000.0,610000.0,416.809019473864,416.809019473864,Duplex (2),64.0
Expired,F10449604,3390,1640 NW 5th Ave,Progresso,1200000.0,,2.0,I02,2177.0,1951.0,4.0,True,False,1200000.0,600000.0,551.2172714745062,551.2172714745062,Duplex (2),75.0
Expired,F10453677,3470,911 SW 15th Ter,Riverside,1200000.0,,4.0,I04,3456.0,1957.0,6.0,False,False,1200000.0,300000.0,347.22222222222223,347.22222222222223,Quadplex (4),69.0
Expired,F10491513,3720,579 NW 41st St,Prospect Gardens,1199000.0,,,,2484.0,1976.0,4.0,False,False,1199000.0,,482.6892109500805,482.6892109500805,,50.0
Expired,F10480591,3380,1451 NE 10th Ave,Middle River Terrace,1190000.0,,3.0,I03,1365.0,1950.0,6.0,False,False,1190000.0,396666.6666666667,871.7948717948718,871.7948717948718,Triplex (3),76.0
Expired,A11626653,3240,1413 NE 15th Ave,Verena Park,1150000.0,,3.0,I03,2079.0,1963.0,7.0,False,False,1150000.0,383333.3333333333,553.1505531505532,553.1505531505532,Triplex (3),63.0
Expired,F10531483,3370,924 NE 23rd Drive,Wilton Manors,1150000.0,,2.0,,1844.0,1959.0,,True,False,1150000.0,575000.0,623.644251626898,623.644251626898,Duplex (2),67.0
Expired,F10480680,3380,1408 NE 12 St,Progresso,1125000.0,,3.0,I03,1976.0,1951.0,8.0,False,False,1125000.0,375000.0,569.331983805668,569.331983805668,Triplex (3),75.0
Expired,A11754856,3050,2217 NE 14th Ave,Edgewater Estates St,1100000.0,,4.0,I04,2607.0,1959.0,6.0,True,False,1100000.0,275000.0,421.9409282700422,421.9409282700422,Quadplex (4),67.0
Expired,A11692419,3419,5 NE 16th Ct,Placido Place,1100000.0,,2.0,I02,2829.0,1975.0,5.0,False,False,1100000.0,550000.0,388.8299752562743,388.8299752562743,Duplex (2),51.0
Expired,A11724166,3470,215 SW 19th Ave,Robertson Park,1100000.0,,4.0,I04,5436.0,1976.0,10.0,True,False,1100000.0,275000.0,202.35467255334805,202.35467255334805,Quadplex (4),50.0
Expired,A11966315,3810,1028 NW 3rd Ave,Progresso,1100000.0,,4.0,I04,2586.0,1970.0,4.0,False,False,1100000.0,275000.0,425.3673627223511,425.3673627223511,Quadplex (4),56.0
Expired,R10907067,3370,2606 NE 9 Avenue,Highland Estates,1099900.0,,3.0,,1200.0,1958.0,,True,False,1099900.0,366633.3333333333,916.5833333333334,916.5833333333334,Triplex (3),68.0
Expired,A11908735,3370,1416 NE 23rd St,Edgewater Estates St,1099000.0,,2.0,I02,2042.0,1960.0,4.0,True,False,1099000.0,549500.0,538.1978452497551,538.1978452497551,Duplex (2),66.0
Expired,F10492368,3380,1115 NE 15th Ave,Lake Ridge,1095000.0,,5.0,I04,2826.0,1952.0,8.0,False,False,1095000.0,219000.0,387.4734607218684,387.4734607218684,5+ units,74.0
Expired,F10424264,3480,825 SW 14th St,Isles View,1095000.0,,2.0,I02,2850.0,1968.0,4.0,False,False,1095000.0,547500.0,384.2105263157895,384.2105263157895,Duplex (2),58.0
Expired,A11687533,3240,1413 NE 15th Ave,Verena Park,1090000.0,,3.0,I02,2079.0,1963.0,7.0,False,False,1090000.0,363333.3333333333,524.2905242905243,524.2905242905243,Triplex (3),63.0
Expired,A11565132,3419,5 NE 16th Ct,Placido Place,1090000.0,,2.0,I02,2829.0,1975.0,5.0,False,False,1090000.0,545000.0,385.2951572993991,385.2951572993991,Duplex (2),51.0
Expired,F10428873,3810,740 NW 4th Ave,Progresso,1050000.0,,4.0,I04,2232.0,1962.0,5.0,False,False,1050000.0,262500.0,470.4301075268817,470.4301075268817,Quadplex (4),64.0
Expired,R11065327,3360,1680 NE 34th Lane,Oakland Park Second,1025000.0,,2.0,,1984.0,1966.0,,True,False,1025000.0,512500.0,516.633064516129,516.633064516129,Duplex (2),60.0
Expired,F10527802,3480,922 Orange Isle,Mrs Marshalls,1025000.0,,2.0,,2531.0,1985.0,,False,True,1025000.0,512500.0,404.97826945871196,404.97826945871196,Duplex (2),41.0
Expired,A11706595,3270,1215 NE 6th St,Progresso,1020000.0,,4.0,I04,2534.0,1970.0,8.0,False,False,1020000.0,255000.0,402.5256511444357,402.5256511444357,Quadplex (4),56.0
Expired,A11688861,3270,640 NW 10th Ter,Progresso,1000000.0,,4.0,I04,4095.0,1958.0,5.0,False,False,1000000.0,250000.0,244.2002442002442,244.2002442002442,Quadplex (4),68.0
Expired,A11693361,3260,2808 Middle River Dr,Coral Ridge Galt,999950.0,,2.0,I02,2882.0,1966.0,9.0,False,False,999950.0,499975.0,346.9639139486468,346.9639139486468,Duplex (2),60.0
Expired,F10494460,3390,1640 NW 5th Ave,South Middle River,999000.0,,2.0,I02,2604.0,1960.0,4.0,True,False,999000.0,499500.0,383.6405529953917,383.6405529953917,Duplex (2),66.0
Expired,A11936912,3600,509 SE 19th St,Croissant Park,999000.0,,3.0,I03,2886.0,1963.0,5.0,True,False,999000.0,333000.0,346.15384615384613,346.15384615384613,Triplex (3),63.0
Expired,F10473054,3390,749 NW 43rd St,Prospect Gardens,995000.0,,3.0,I03,2967.0,1950.0,8.0,False,False,995000.0,331666.6666666667,335.355578024941,335.355578024941,Triplex (3),76.0
Expired,F10555757,3270,837 NE 17th Avenue,Progresso,990000.0,,4.0,,2309.0,1959.0,,False,False,990000.0,247500.0,428.75703767864877,428.75703767864877,Quadplex (4),67.0
Expired,F10437195,3470,1212 Middle St,Waverly Place,990000.0,,3.0,I03,1602.0,1959.0,8.0,False,False,990000.0,330000.0,617.9775280898876,617.9775280898876,Triplex (3),67.0
Expired,F10498544,3380,1451 NE 10th Avenue,Middle River Terrace,989000.0,,3.0,,2560.0,1949.0,,False,False,989000.0,329666.6666666667,386.328125,386.328125,Triplex (3),77.0
Expired,A11796112,3312,317 SW 9th Ave,Waverly Place,980000.0,,3.0,I03,1820.0,1962.0,6.0,False,False,980000.0,326666.6666666667,538.4615384615385,538.4615384615385,Triplex (3),64.0
Expired,F10461888,3390,834-836 NW 3rd Ave,Progresso,980000.0,,2.0,I02,3104.0,2004.0,6.0,False,False,980000.0,490000.0,315.7216494845361,315.7216494845361,Duplex (2),22.0
Expired,A11726639,3460,623 NW 11 Ave,Progresso,980000.0,,3.0,I03,2833.0,1951.0,5.0,False,False,980000.0,326666.6666666667,345.92304977056125,345.92304977056125,Triplex (3),75.0
Expired,F10549182,3500,330 SW 20th Street,Lauderdale,979000.0,,3.0,,2351.0,1959.0,,False,False,979000.0,326333.3333333333,416.4185452998724,416.4185452998724,Triplex (3),67.0
Expired,F10427283,3470,1020 SW 15th Ter,Riverside,975000.0,,4.0,I04,2052.0,1960.0,4.0,False,False,975000.0,243750.0,475.14619883040933,475.14619883040933,Quadplex (4),66.0
Expired,A11619623,3370,1408 NE 24th St,Middle River Plaza,957900.0,,2.0,I02,2268.0,1987.0,8.0,True,False,957900.0,478950.0,422.35449735449737,422.35449735449737,Duplex (2),39.0
Expired,F10450723,3380,1721-1723 NE 15th Ave,Poinsettia Heights,950000.0,,2.0,I02,1519.0,1956.0,2.0,False,False,950000.0,475000.0,625.4114549045424,625.4114549045424,Duplex (2),70.0
Expired,A11534846,3390,1205 NW 2nd Ave,Progresso,950000.0,,2.0,I02,2000.0,1952.0,4.0,False,False,950000.0,475000.0,475.0,475.0,Duplex (2),74.0
Expired,F10499995,3460,1133 NW 2nd Street,Dorsey Riverbend,950000.0,,2.0,I02,1620.0,2024.0,4.0,False,False,950000.0,475000.0,586.4197530864197,586.4197530864197,Duplex (2),2.0
Expired,F10538112,3470,528 SW 5th Avenue,Ft Lauderdale,950000.0,,4.0,,1651.0,1952.0,,False,False,950000.0,237500.0,575.4088431253786,575.4088431253786,Quadplex (4),74.0
Expired,F10461376,3800,813 SW 2nd Ct,Bryan Ft La,949000.0,,3.0,I03,1950.0,1972.0,4.0,False,False,949000.0,316333.3333333333,486.6666666666667,486.6666666666667,Triplex (3),54.0
Expired,A11544991,3360,3241 NE 17th Ave,Oakland Park Second,930000.0,,2.0,I02,,1963.0,4.0,False,False,930000.0,465000.0,,,Duplex (2),63.0
Expired,F10498405,3380,1334 NE 16th Ave,Progresso,925000.0,,2.0,I02,1800.0,1967.0,4.0,True,False,925000.0,462500.0,513.8888888888889,513.8888888888889,Duplex (2),59.0
Expired,F10434959,3380,1334 NE 16th Ave,Progresso,925000.0,,2.0,I02,1800.0,1967.0,4.0,True,False,925000.0,462500.0,513.8888888888889,513.8888888888889,Duplex (2),59.0
Expired,A11699326,3360,3241 NE 17th Ave,Oakland Park Second,900000.0,,2.0,I02,,1963.0,4.0,False,False,900000.0,450000.0,,,Duplex (2),63.0
Expired,A11901934,3450,798 NE 43 ST,Floranada Center,900000.0,,2.0,I02,2840.0,2016.0,4.0,False,False,900000.0,450000.0,316.90140845070425,316.90140845070425,Duplex (2),10.0
Expired,A11801209,3450,798 NE 43 ST,Floranada Center,900000.0,,2.0,I02,2840.0,2016.0,4.0,False,False,900000.0,450000.0,316.90140845070425,316.90140845070425,Duplex (2),10.0
Expired,F10453408,3480,909 SW 16th St,Mandarin Isles,900000.0,,2.0,I02,2562.0,1970.0,4.0,False,False,900000.0,450000.0,351.288056206089,351.288056206089,Duplex (2),56.0
Expired,F10508733,3720,161 NW 40th St,Prospect Gardens,899000.0,,5.0,I04,2940.0,1970.0,8.0,False,False,899000.0,179800.0,305.78231292517006,305.78231292517006,5+ units,56.0
Expired,F10471418,3380,1621 NE 16th Ter,Progresso,895900.0,,2.0,I02,2442.0,1955.0,2.0,False,False,895900.0,447950.0,366.8714168714169,366.8714168714169,Duplex (2),71.0
Expired,F10535255,3370,2117 NE 14th Avenue,Edgewater Estates St,895000.0,,4.0,,2400.0,1959.0,,False,False,895000.0,223750.0,372.9166666666667,372.9166666666667,Quadplex (4),67.0
Expired,F10437137,3450,251 NE 40th St,Boniello Gardens,895000.0,,3.0,I03,2638.0,1969.0,10.0,False,False,895000.0,298333.3333333333,339.27217589082636,339.27217589082636,Triplex (3),57.0
Expired,A11990300,3370,650 NE 15TH ST,Lauderdale Gardens,890000.0,,2.0,I02,,1990.0,4.0,False,False,890000.0,445000.0,,,Duplex (2),36.0
Expired,A11721396,3370,1408 NE 24th St,Middle River Plaza,890000.0,,2.0,I02,2268.0,1992.0,8.0,True,False,890000.0,445000.0,392.4162257495591,392.4162257495591,Duplex (2),34.0
Expired,R11023393,3380,1539-1541 NE 15 Avenue,Allenwood,890000.0,,2.0,I02,2042.0,1955.0,,False,False,890000.0,445000.0,435.847208619001,435.847208619001,Duplex (2),71.0
Expired,F10504866,3380,1621-1623 NE 16th Ter,Progresso,885000.0,,2.0,I02,2342.0,1955.0,2.0,False,False,885000.0,442500.0,377.88215200683175,377.88215200683175,Duplex (2),71.0
Expired,F10450646,3810,736 NW 2nd Ave,Progresso,885000.0,,2.0,I02,1983.0,1956.0,2.0,False,False,885000.0,442500.0,446.29349470499244,446.29349470499244,Duplex (2),70.0
Expired,F10542963,3460,1204 NW 3rd Street,Seminole Forest,877000.0,,2.0,,2764.0,2006.0,,False,False,877000.0,438500.0,317.2937771345876,317.2937771345876,Duplex (2),20.0
Expired,A11723076,3370,2125 NE 14th Ave,Edgewater Estates St,875000.0,,4.0,I04,2499.0,1970.0,5.0,False,False,875000.0,218750.0,350.14005602240894,350.14005602240894,Quadplex (4),56.0
Expired,F10455112,3380,1215 NE 13th Ave,Progresso,875000.0,,2.0,I02,1284.0,1948.0,6.0,False,False,875000.0,437500.0,681.4641744548287,681.4641744548287,Duplex (2),78.0
Expired,A11751441,3370,1717 NE 25th St,Manor Square,850000.0,,2.0,I02,3151.0,1975.0,6.0,False,False,850000.0,425000.0,269.7556331323389,269.7556331323389,Duplex (2),51.0
Expired,A11699321,3370,1026 NE 9th Ave,Progresso,849990.0,,3.0,I03,1892.0,1980.0,4.0,False,False,849990.0,283330.0,449.25475687103597,449.25475687103597,Triplex (3),46.0
Expired,A11969714,3460,612 NW 10th Ter,Progresso,849900.0,,3.0,I03,1958.0,1962.0,4.0,False,False,849900.0,283300.0,434.06537282941775,434.06537282941775,Triplex (3),64.0
Expired,F10438796,3810,741 NW 3rd Ave,Progresso,849500.0,,4.0,I04,1824.0,1960.0,5.0,False,False,849500.0,212375.0,465.734649122807,465.734649122807,Quadplex (4),66.0
Expired,A11866037,3370,1613 NE 25th St,Manor Square,849000.0,,2.0,I02,1905.0,1958.0,4.0,False,False,849000.0,424500.0,445.6692913385827,445.6692913385827,Duplex (2),68.0
Expired,F10536146,3380,1621-1623 NE 16th Terrace,Progresso,849000.0,,2.0,,2342.0,1955.0,,False,False,849000.0,424500.0,362.5106746370623,362.5106746370623,Duplex (2),71.0
Expired,B26010072,3370,1405 NE 5th Terrace,Progresso,848990.0,,4.0,,2106.0,1949.0,,False,False,848990.0,212247.5,403.1291547958215,403.1291547958215,Quadplex (4),77.0
Expired,A11877379,3450,1041 NE 35th St,Oakland Park Second,830000.0,,3.0,I03,1453.0,1926.0,10.0,False,False,830000.0,276666.6666666667,571.2319339298004,571.2319339298004,Triplex (3),100.0
Expired,F10511605,3460,623 NW 11th Ave,Progresso,830000.0,,,,2833.0,1951.0,5.0,False,False,830000.0,,292.9756441934345,292.9756441934345,,75.0
Expired,A11726699,3450,901 NE 39th St,Oakland Park Second,829000.0,,2.0,I02,2894.0,1977.0,5.0,False,False,829000.0,414500.0,286.45473393227365,286.45473393227365,Duplex (2),49.0
Expired,F10411604,3370,1235 NE 2nd Ave,Progresso,825000.0,,2.0,I02,1639.0,1941.0,5.0,False,False,825000.0,412500.0,503.3557046979866,503.3557046979866,Duplex (2),85.0
Expired,A11511589,3380,1304 NE 11th St,Progresso,825000.0,,3.0,I03,1439.0,1965.0,4.0,False,False,825000.0,275000.0,573.3148019457957,573.3148019457957,Triplex (3),61.0
Expired,A11511586,3380,1044 NE 13th Ave,Progresso,825000.0,,3.0,I03,1512.0,1970.0,4.0,False,False,825000.0,275000.0,545.6349206349206,545.6349206349206,Triplex (3),56.0
Expired,F10442894,3390,1021 NW 3rd Ave,Progresso,825000.0,,4.0,I04,2480.0,1970.0,5.0,False,False,825000.0,206250.0,332.66129032258067,332.66129032258067,Quadplex (4),56.0
Expired,R10975966,3370,1000 NE 17 Court,Lauderdale Park,819000.0,,3.0,I03,1707.0,1957.0,,False,False,819000.0,273000.0,479.7891036906854,479.7891036906854,Triplex (3),69.0
Expired,A11671887,3400,1519-1521 NW 8th Ave,Progresso,815000.0,,2.0,I02,2504.0,1969.0,4.0,False,False,815000.0,407500.0,325.47923322683704,325.47923322683704,Duplex (2),57.0
Expired,F10546683,3810,736 NW 2nd Avenue,Progresso,815000.0,,2.0,,1943.0,1956.0,,False,False,815000.0,407500.0,419.45445187853835,419.45445187853835,Duplex (2),70.0
Expired,A11583936,3390,206 NE 13th St,Progresso,800000.0,,3.0,I03,1158.0,1949.0,6.0,False,False,800000.0,266666.6666666667,690.846286701209,690.846286701209,Triplex (3),77.0
Expired,F10424942,3400,1420 NW 20th St,Ft Lauderdale Estates,800000.0,,2.0,I02,2044.0,1973.0,4.0,False,False,800000.0,400000.0,391.3894324853229,391.3894324853229,Duplex (2),53.0
Expired,F10416164,3400,1461 NW 20th Ct,Ft Lauderdale Estates,800000.0,,2.0,I02,2044.0,1973.0,2.0,False,False,800000.0,400000.0,391.3894324853229,391.3894324853229,Duplex (2),53.0
Expired,F10416158,3400,1440 NW 20th Ct,Ft Lauderdale Estates,800000.0,,2.0,I02,2128.0,1973.0,2.0,False,False,800000.0,400000.0,375.9398496240602,375.9398496240602,Duplex (2),53.0
Expired,F10416156,3400,1441 NW 21st St,Ft Lauderdale Estates,800000.0,,2.0,I02,2044.0,1973.0,2.0,False,False,800000.0,400000.0,391.3894324853229,391.3894324853229,Duplex (2),53.0
Expired,R11102264,3700,104 NE 5th Street,North Lauderdale,800000.0,,2.0,I02,1470.0,1935.0,,False,False,800000.0,400000.0,544.2176870748299,544.2176870748299,Duplex (2),91.0
Expired,A11916814,3570,353 SW 19th Ave,Robertson Park,799999.0,,3.0,I03,2525.0,1967.0,6.0,False,False,799999.0,266666.3333333333,316.83128712871286,316.83128712871286,Triplex (3),59.0
Expired,A11799181,3380,1411 NE 12th St,Progresso,799900.0,,3.0,I02,1752.0,1959.0,6.0,False,False,799900.0,266633.3333333333,456.56392694063925,456.56392694063925,Triplex (3),67.0
Expired,F10491481,3390,1128 NW 5th Ct,Tuskegee Park,799000.0,,4.0,I02,2468.0,1987.0,4.0,False,False,799000.0,199750.0,323.74392220421396,323.74392220421396,Quadplex (4),39.0
Expired,F10485704,3390,1709 NW 6th Ave,Progresso,799000.0,,2.0,I02,1152.0,1958.0,5.0,False,False,799000.0,399500.0,693.5763888888889,693.5763888888889,Duplex (2),68.0
Expired,R10978303,3700,104 NE 5th Street,North Lauderdale,795000.0,,2.0,I02,1470.0,1935.0,,False,False,795000.0,397500.0,540.8163265306123,540.8163265306123,Duplex (2),91.0
Expired,F10438266,3360,3450 NE 13th Ave,Oakland Park First,790000.0,,2.0,I02,1940.0,1988.0,4.0,False,False,790000.0,395000.0,407.21649484536084,407.21649484536084,Duplex (2),38.0
Expired,A11691773,3380,1236 NE 16th Ave,Progresso,789500.0,,2.0,I02,1359.0,1959.0,5.0,False,False,789500.0,394750.0,580.9418690213392,580.9418690213392,Duplex (2),67.0
Expired,A11909113,3050,1236 NE 16th Ave,Progresso,789000.0,,2.0,I02,1359.0,1959.0,5.0,False,False,789000.0,394500.0,580.5739514348786,580.5739514348786,Duplex (2),67.0
Expired,R11037503,3370,823-825 NW 30th Court Unit#1-2,Oakland Boulevard,789000.0,,2.0,I02,2156.0,1967.0,,False,False,789000.0,394500.0,365.95547309833023,365.95547309833023,Duplex (2),59.0
Expired,A11724163,3370,1417 NE 22nd St,Edgewater Estates St,785000.0,,3.0,I03,1791.0,1975.0,0.0,False,False,785000.0,261666.66666666666,438.3026242322725,438.3026242322725,Triplex (3),51.0
Expired,A11631854,3480,830 SW 14th St,Isles View,785000.0,,2.0,I02,2313.0,1967.0,8.0,False,False,785000.0,392500.0,339.3860786856896,339.3860786856896,Duplex (2),59.0
Expired,F10459559,3380,2011 NE 17th St,Lauder Gate,780000.0,,2.0,I02,1938.0,1952.0,5.0,False,False,780000.0,390000.0,402.4767801857585,402.4767801857585,Duplex (2),74.0
Expired,R11147563,3470,1113 SW 15th Avenue,Riverside,780000.0,,3.0,I03,1883.0,1964.0,,False,False,780000.0,260000.0,414.23260754115773,414.23260754115773,Triplex (3),62.0
Expired,A11842332,3600,1901 Miami Rd,Everglade Land Sales Co,780000.0,,3.0,I03,1980.0,1969.0,3.0,False,False,780000.0,260000.0,393.93939393939394,393.93939393939394,Triplex (3),57.0
Expired,A11613044,3390,1035 NW 8th Ave,Progresso,775000.0,,2.0,I02,2554.0,1971.0,10.0,False,False,775000.0,387500.0,303.4455755677369,303.4455755677369,Duplex (2),55.0
Expired,F10492808,3470,410 SW 10 St,Lauderdale,764000.0,,2.0,I02,1892.0,1950.0,6.0,False,False,764000.0,382000.0,403.80549682875267,403.80549682875267,Duplex (2),76.0
Expired,F10461417,3360,3468 NE 17th Ave,Oakland Park Second,750000.0,,2.0,I02,1998.0,1960.0,5.0,False,False,750000.0,375000.0,375.37537537537537,375.37537537537537,Duplex (2),66.0
Expired,A11720130,3380,1700 NE 12th St,Progresso,750000.0,,2.0,I02,1484.0,1953.0,3.0,False,False,750000.0,375000.0,505.3908355795148,505.3908355795148,Duplex (2),73.0
Expired,A11715673,3400,1538 NE 5th Ave,Middle River Terrace,750000.0,,2.0,I02,1557.0,1963.0,5.0,False,False,750000.0,375000.0,481.6955684007707,481.6955684007707,Duplex (2),63.0
Expired,F10544251,3480,516 SW 15th Street,Lauderdale,750000.0,,2.0,,2764.0,1952.0,,False,False,750000.0,375000.0,271.3458755426918,271.3458755426918,Duplex (2),74.0
Expired,A11633714,3480,1727 SW 21st St,Osceola Park,750000.0,,2.0,I02,2273.0,1970.0,2.0,False,False,750000.0,375000.0,329.96040475142985,329.96040475142985,Duplex (2),56.0
Expired,A11633702,3480,1723 SW 21st St,Osceola Park,750000.0,,2.0,I02,2273.0,1970.0,2.0,False,False,750000.0,375000.0,329.96040475142985,329.96040475142985,Duplex (2),56.0
Expired,F10488111,3600,900 SE 12th St,Everglade Land Sales Co,750000.0,,2.0,I02,1615.0,1953.0,4.0,False,False,750000.0,375000.0,464.39628482972137,464.39628482972137,Duplex (2),73.0
Expired,F10476611,3360,3042 NE 13th Ave,Ocean Blvd Park,749999.0,,2.0,I02,1638.0,1965.0,4.0,False,False,749999.0,374999.5,457.8748473748474,457.8748473748474,Duplex (2),61.0
Expired,F10438231,3360,3200 NE 13th Ave,Oakland Park,749000.0,,2.0,I02,1633.0,1961.0,4.0,False,False,749000.0,374500.0,458.6650336803429,458.6650336803429,Duplex (2),65.0
Expired,A11778264,3450,901 NE 40th St,Oakland Park,745000.0,,3.0,I03,1548.0,1959.0,7.0,False,False,745000.0,248333.33333333334,481.26614987080103,481.26614987080103,Triplex (3),67.0
Expired,F10506513,3470,801 SW 10th Street,Tarpon River,740000.0,,2.0,,1320.0,1964.0,,False,False,740000.0,370000.0,560.6060606060606,560.6060606060606,Duplex (2),62.0
Expired,F10410122,3390,2617 NW 9th Avenue,Bonie Villas One,739999.0,,2.0,,1638.0,1964.0,,False,False,739999.0,369999.5,451.76984126984127,451.76984126984127,Duplex (2),62.0
Expired,F10397077,3370,2509-2511 NW 3rd Ave,Mickels Nd To Wilton,730000.0,,2.0,I02,2016.0,1952.0,6.0,False,False,730000.0,365000.0,362.1031746031746,362.1031746031746,Duplex (2),74.0
Expired,F10426847,3380,1408-1410 NE 17TH CT,Allenwood,725000.0,,2.0,,1940.0,1966.0,4.0,False,False,725000.0,362500.0,373.7113402061856,373.7113402061856,Duplex (2),60.0
Expired,A11838884,3390,1427 NW 8th Ave,Progresso,725000.0,,2.0,I02,2504.0,1968.0,4.0,False,False,725000.0,362500.0,289.5367412140575,289.5367412140575,Duplex (2),58.0
Expired,F10414754,3470,208-210 SW 20th Ave,Robertson Park,725000.0,,3.0,I03,2467.0,1956.0,3.0,False,False,725000.0,241666.66666666666,293.8792055127685,293.8792055127685,Triplex (3),70.0
Expired,A11615969,3470,1137 SW 8th Terrace,Vinik,710000.0,,3.0,I03,1596.0,1949.0,5.0,False,False,710000.0,236666.66666666666,444.8621553884712,444.8621553884712,Triplex (3),77.0
Expired,F10421735,3480,823 SW 13th St,Isles View,710000.0,,2.0,I02,2190.0,1967.0,6.0,False,False,710000.0,355000.0,324.2009132420091,324.2009132420091,Duplex (2),59.0
Expired,F10545373,3360,3361 NE 16th Avenue,Oakland Park Second,700000.0,,3.0,,2306.0,1959.0,,False,False,700000.0,233333.33333333334,303.5559410234172,303.5559410234172,Triplex (3),67.0
Expired,F10483973,3450,3960 NE 8th Ave,Oakland Park Second,700000.0,,2.0,I02,1922.0,1963.0,4.0,False,False,700000.0,350000.0,364.20395421436007,364.20395421436007,Duplex (2),63.0
Expired,F10535087,3500,406 SW 10th St,Lauderdale,700000.0,,,,2208.0,1954.0,4.0,False,False,700000.0,,317.0289855072464,317.0289855072464,,72.0
Expired,F10443853,3360,4817 NE 18th Ter,Coral Hills,699000.0,,2.0,I02,1500.0,1955.0,6.0,False,False,699000.0,349500.0,466.0,466.0,Duplex (2),71.0
Expired,F10431503,3390,1337 NW 3rd Ave,Progresso,699000.0,,,,2006.0,1976.0,4.0,False,False,699000.0,,348.4546360917248,348.4546360917248,,50.0
Expired,A11607635,3560,635 NW 22nd Rd,Washington Park,699000.0,,4.0,I04,1810.0,1967.0,4.0,False,False,699000.0,174750.0,386.1878453038674,386.1878453038674,Quadplex (4),59.0
Expired,F10523145,3720,575 NW 41st Street,Prospect Gardens,699000.0,,2.0,,2716.0,1976.0,,False,False,699000.0,349500.0,257.3637702503682,257.3637702503682,Duplex (2),50.0
Expired,F10500173,3360,3200 NE 13th Ave,Oakland Park,695000.0,,2.0,I02,1633.0,1961.0,4.0,False,False,695000.0,347500.0,425.59706062461726,425.59706062461726,Duplex (2),65.0
Expired,F10521627,3480,513 SW 15th St,Lauderdale,689990.0,,2.0,I02,1620.0,1959.0,4.0,False,False,689990.0,344995.0,425.91975308641975,425.91975308641975,Duplex (2),67.0
Expired,F10416121,3400,1471 NW 21st St,Ft Lauderdale Estates,689000.0,,3.0,I03,2052.0,1973.0,4.0,False,False,689000.0,229666.66666666666,335.7699805068226,335.7699805068226,Triplex (3),53.0
Expired,A11712196,3390,1619 NW 8th Ave,Progresso,685000.0,,2.0,I02,2504.0,1970.0,5.0,False,False,685000.0,342500.0,273.5623003194888,273.5623003194888,Duplex (2),56.0
Expired,F10453305,3370,1200 NE 1st Ave,Progresso,680000.0,,2.0,I02,4192.0,1953.0,4.0,True,False,680000.0,340000.0,162.21374045801528,162.21374045801528,Duplex (2),73.0
Expired,A11745186,3390,1511-1513 NW 8th Ave,Progresso,680000.0,,2.0,I02,2504.0,1969.0,4.0,False,False,680000.0,340000.0,271.5654952076677,271.5654952076677,Duplex (2),57.0
Expired,F10403022,3370,1428 NE 2nd Ave,Progresso,679990.0,,2.0,I02,1826.0,1985.0,4.0,False,False,679990.0,339995.0,372.3932092004381,372.3932092004381,Duplex (2),41.0
Expired,R10933886,3360,4521 NE 18th Ave Avenue,Floranada Ridge,679000.0,,2.0,I02,2085.0,1967.0,,False,False,679000.0,339500.0,325.6594724220623,325.6594724220623,Duplex (2),59.0
Expired,F10445147,3450,873 NE 39th St,Oakland Park Second,674500.0,,2.0,I02,1150.0,1971.0,4.0,False,False,674500.0,337250.0,586.5217391304348,586.5217391304348,Duplex (2),55.0
Expired,F10421106,3450,1086 NE 36th St,Oakland Park Second,659900.0,,2.0,I02,1196.0,1958.0,3.0,False,False,659900.0,329950.0,551.7558528428094,551.7558528428094,Duplex (2),68.0
Expired,B26014646,3360,1402 NE 32nd Street Unit#A-b,Oakland Park,659000.0,,2.0,,1664.0,1959.0,,False,False,659000.0,329500.0,396.03365384615387,396.03365384615387,Duplex (2),67.0
Expired,F10480310,3360,1402 NE 32nd St,Oakland Park,650000.0,,2.0,I02,1697.0,1959.0,4.0,False,False,650000.0,325000.0,383.02887448438423,383.02887448438423,Duplex (2),67.0
Expired,F10471139,3390,1611 NW 8th Ave,Progresso,650000.0,,2.0,I02,2480.0,1969.0,4.0,False,False,650000.0,325000.0,262.0967741935484,262.0967741935484,Duplex (2),57.0
Expired,F10447498,3390,517 NW 15th Ter,Dorsey Park First,650000.0,,2.0,I02,1184.0,1958.0,5.0,False,False,650000.0,325000.0,548.9864864864865,548.9864864864865,Duplex (2),68.0
Expired,F10550772,3400,1461 NW 20th Street,Ft Lauderdale Estates,650000.0,,3.0,,2052.0,1973.0,,False,False,650000.0,216666.66666666666,316.76413255360626,316.76413255360626,Triplex (3),53.0
Expired,F10330243,3480,320 SW 21st St,Lauderdale,650000.0,,2.0,I02,1476.0,1955.0,6.0,False,False,650000.0,325000.0,440.37940379403796,440.37940379403796,Duplex (2),71.0
Expired,F10417245,3400,25 NW 11th St,Progresso,649900.0,,2.0,I02,1820.0,1975.0,8.0,False,False,649900.0,324950.0,357.0879120879121,357.0879120879121,Duplex (2),51.0
Expired,F10532716,3080,701 NW 21st Ter,Washington Park,649000.0,,,,1694.0,1958.0,6.0,False,False,649000.0,,383.1168831168831,383.1168831168831,,68.0
Expired,F10483682,3450,898 NE 39th St,Oakland Park Second,649000.0,,2.0,I02,2166.0,1959.0,6.0,False,False,649000.0,324500.0,299.6306555863343,299.6306555863343,Duplex (2),67.0
Expired,A11664125,3460,532 NW 19th Ave,Dorsey Park Th,649000.0,,2.0,I02,1490.0,1952.0,4.0,False,False,649000.0,324500.0,435.5704697986577,435.5704697986577,Duplex (2),74.0
Expired,F10472421,3560,701 NW 21st Ter,Washington Park,649000.0,,3.0,I03,1694.0,1958.0,6.0,False,False,649000.0,216333.33333333334,383.1168831168831,383.1168831168831,Triplex (3),68.0
Expired,F10539713,3390,2204 NW 3rd Ave,Hillbrook,645000.0,,2.0,,1790.0,1974.0,6.0,False,False,645000.0,322500.0,360.33519553072625,360.33519553072625,Duplex (2),52.0
Expired,F10470705,3390,1026 NW 8th Ave,Progresso,635000.0,,2.0,I02,1350.0,1986.0,4.0,False,False,635000.0,317500.0,470.3703703703704,470.3703703703704,Duplex (2),40.0
Expired,F10499769,3370,1413 NE 5th Ter,Progresso,629814.0,,2.0,I02,1408.0,1958.0,4.0,False,False,629814.0,314907.0,447.31107954545456,447.31107954545456,Duplex (2),68.0
Expired,A11782087,3570,1713 SW 11th Ct,Riverside Park Amen,629000.0,,2.0,I02,1941.0,1963.0,4.0,False,False,629000.0,314500.0,324.05976300875835,324.05976300875835,Duplex (2),63.0
Expired,F10430957,3480,341 SW 21st St,Lauderdale,619000.0,,2.0,I02,1029.0,1951.0,2.0,False,False,619000.0,309500.0,601.5549076773567,601.5549076773567,Duplex (2),75.0
Expired,F10508122,3370,1309 NE 3rd Ave,Progresso,615000.0,,3.0,,1642.0,1957.0,4.0,False,False,615000.0,205000.0,374.5432399512789,374.5432399512789,Triplex (3),69.0
Expired,F10454517,3450,270 NE 41st St,Boniello Gardens,615000.0,,2.0,I02,1678.0,1968.0,2.0,False,False,615000.0,307500.0,366.507747318236,366.507747318236,Duplex (2),58.0
Expired,F10414942,3270,832 NE 17th Ave,Progresso,600000.0,,2.0,I02,1383.0,1958.0,4.0,True,False,600000.0,300000.0,433.83947939262475,433.83947939262475,Duplex (2),68.0
Expired,F10420581,3360,660 NE 37th St,Oakland Park Second,600000.0,,2.0,I02,1394.0,1959.0,3.0,False,False,600000.0,300000.0,430.41606886657104,430.41606886657104,Duplex (2),67.0
Expired,F10537435,3370,141-145 NE 30th Court,Almar Estates,599900.0,,2.0,,1506.0,1965.0,,False,False,599900.0,299950.0,398.33997343957503,398.33997343957503,Duplex (2),61.0
Expired,F10477440,3390,1314-1316 NW 8th Ave,,599000.0,,2.0,I02,2268.0,1968.0,4.0,False,False,599000.0,299500.0,264.10934744268076,264.10934744268076,Duplex (2),58.0
Expired,F10430547,3560,415-417 E Oakand Park Blvd,Oakland Park Second,599000.0,,2.0,I02,1020.0,1947.0,2.0,False,False,599000.0,299500.0,587.2549019607843,587.2549019607843,Duplex (2),79.0
Expired,F10467992,3810,1523-1525 NW 8th Ave,Progresso,599000.0,,2.0,,2498.0,1971.0,4.0,False,False,599000.0,299500.0,239.79183346677343,239.79183346677343,Duplex (2),55.0
Expired,F10448517,3360,1633 NE 32nd STREET  1-2,Simpson Place,595000.0,,2.0,I02,1644.0,1960.0,6.0,False,False,595000.0,297500.0,361.9221411192214,361.9221411192214,Duplex (2),66.0
Expired,A11690061,3600,800 SE 15th St,Everglades Land Sales Co,589000.0,,2.0,I02,,1964.0,3.0,False,False,589000.0,294500.0,,,Duplex (2),62.0
Expired,F10499412,3390,1314-1316 NW 8th Ave,South Middle River,575000.0,,2.0,I02,2268.0,1968.0,4.0,False,False,575000.0,287500.0,253.5273368606702,253.5273368606702,Duplex (2),58.0
Expired,F10530185,3450,898 NE 39th St,Oakland Park Second,575000.0,,2.0,,2166.0,1959.0,6.0,False,False,575000.0,287500.0,265.466297322253,265.466297322253,Duplex (2),67.0
Expired,F10522775,3390,1314-1316 NW 8th Ave,South Middle River,570000.0,,,,2268.0,1968.0,4.0,False,False,570000.0,,251.32275132275132,251.32275132275132,,58.0
Expired,F10467092,3460,633 NW 15th Terrace,Riverbend,570000.0,,3.0,I03,1632.0,1960.0,4.0,False,False,570000.0,190000.0,349.2647058823529,349.2647058823529,Triplex (3),66.0
Expired,F10482185,3370,1128 NE 5th Ave,Progresso,550000.0,,2.0,I02,1014.0,1953.0,4.0,False,False,550000.0,275000.0,542.4063116370809,542.4063116370809,Duplex (2),73.0
Expired,F10419371,3470,1017-1019 SW 15th Ter,Riverside,549990.0,,2.0,I02,1190.0,1952.0,4.0,False,False,549990.0,274995.0,462.1764705882353,462.1764705882353,Duplex (2),74.0
Expired,A11883035,3390,1533 NW 2nd Ave,Progresso,549500.0,,2.0,I02,1290.0,1984.0,4.0,False,False,549500.0,274750.0,425.968992248062,425.968992248062,Duplex (2),42.0
Expired,F10553911,3390,1135 NW 6th Avenue,Progresso,540000.0,,2.0,,1440.0,1958.0,,False,False,540000.0,270000.0,375.0,375.0,Duplex (2),68.0
Expired,A11784595,3390,732 NW 2nd Ave,Progresso,537500.0,,4.0,I04,1277.0,2023.0,3.0,False,False,537500.0,134375.0,420.90837901331247,420.90837901331247,Quadplex (4),3.0
Expired,A11784586,3390,730 NW 2nd Ave,Progresso,537500.0,,4.0,I04,1277.0,2023.0,3.0,False,False,537500.0,134375.0,420.90837901331247,420.90837901331247,Quadplex (4),3.0
Expired,A11784579,3390,728 NW 2nd Ave,Progresso,537500.0,,4.0,I04,1277.0,2023.0,3.0,False,False,537500.0,134375.0,420.90837901331247,420.90837901331247,Quadplex (4),3.0
Expired,A11783971,3390,726 NW 2nd Ave,Progresso,537500.0,,4.0,I04,1400.0,2022.0,3.0,False,False,537500.0,134375.0,383.92857142857144,383.92857142857144,Quadplex (4),4.0
Expired,F10504198,3390,1026 NW 8th Avenue,Progresso,525000.0,,2.0,,1350.0,1986.0,,False,False,525000.0,262500.0,388.8888888888889,388.8888888888889,Duplex (2),40.0
Expired,F10442887,3390,1010 NW 3rd Ave,Progresso,525000.0,,2.0,I02,2524.0,2006.0,4.0,False,False,525000.0,262500.0,208.00316957210777,208.00316957210777,Duplex (2),20.0
Expired,F10437037,3480,623 SW 16th Ct,Lauderdale Pines,519000.0,,2.0,I02,1360.0,1949.0,2.0,True,False,519000.0,259500.0,381.61764705882354,381.61764705882354,Duplex (2),77.0
Expired,A11730605,3460,1018 NW 6th Ave,Progresso,515000.0,,2.0,I02,1350.0,1986.0,4.0,False,False,515000.0,257500.0,381.48148148148147,381.48148148148147,Duplex (2),40.0
Expired,A11670460,3460,817 NW 12th ave,Lincoln Park Third,499999.0,,2.0,I02,1238.0,1958.0,4.0,False,False,499999.0,249999.5,403.8764135702746,403.8764135702746,Duplex (2),68.0
Expired,A11789128,3560,626 NW 22nd Rd,Washington Park,499950.0,,2.0,I02,,1959.0,2.0,False,False,499950.0,249975.0,,,Duplex (2),67.0
Expired,F10538005,3460,741 NW 10th Terrace,Progresso,499900.0,,2.0,,1305.0,1951.0,,False,False,499900.0,249950.0,383.06513409961684,383.06513409961684,Duplex (2),75.0
Expired,A11886848,3370,3477 NE 13,Oakland Park,498780.0,,2.0,I02,1092.0,1960.0,6.0,False,False,498780.0,249390.0,456.75824175824175,456.75824175824175,Duplex (2),66.0
Expired,R10995378,3370,1429 N Andrews Avenue,Progresso,490000.0,,2.0,I02,1000.0,1954.0,,False,False,490000.0,245000.0,490.0,490.0,Duplex (2),72.0
Expired,A11749867,3390,1440-1442 NW 5th Ave,Progresso,490000.0,,2.0,I02,1430.0,1956.0,2.0,False,False,490000.0,245000.0,342.65734265734267,342.65734265734267,Duplex (2),70.0
Expired,A11718487,3390,1515 NW 2nd Ave,Progresso,490000.0,,2.0,I02,1523.0,1963.0,3.0,False,False,490000.0,245000.0,321.7334208798424,321.7334208798424,Duplex (2),63.0
Expired,F10442899,3390,1025 NW 3rd Ave,Progresso,480000.0,,2.0,I02,1356.0,1953.0,6.0,False,False,480000.0,240000.0,353.98230088495575,353.98230088495575,Duplex (2),73.0
Expired,A11563943,3390,1018 NW 6TH AVE,Progresso,450000.0,,2.0,I02,2040.0,1986.0,4.0,False,False,450000.0,225000.0,220.58823529411765,220.58823529411765,Duplex (2),40.0
Expired,F10436453,3450,902 NE 39th St,Oakland Park Second,439900.0,,2.0,I02,1285.0,1958.0,4.0,False,False,439900.0,219950.0,342.3346303501946,342.3346303501946,Duplex (2),68.0
Expired,F10442151,3390,1440 NW 5th Ave,Progresso,425900.0,,2.0,I02,1478.0,1956.0,5.0,False,False,425900.0,212950.0,288.1596752368065,288.1596752368065,Duplex (2),70.0
Expired,F10436929,3390,1608 NW 5th Ave,Progresso,419900.0,,2.0,I02,1015.0,1951.0,4.0,False,False,419900.0,209950.0,413.69458128078816,413.69458128078816,Duplex (2),75.0
Expired,A11768993,3450,565 NE 32nd St,Oakland Park Second,399999.0,,2.0,I02,1078.0,1957.0,4.0,False,False,399999.0,199999.5,371.056586270872,371.056586270872,Duplex (2),69.0
Expired,F10469007,3460,1619 NW 6th Place,Riverbend,375000.0,,2.0,I02,895.0,1960.0,4.0,False,False,375000.0,187500.0,418.99441340782124,418.99441340782124,Duplex (2),66.0
Expired,F10467883,3370,1101 NE 18th Court,Middle River,2900.0,,4.0,I04,400.0,1978.0,2.0,True,True,2900.0,725.0,7.25,,Quadplex (4),48.0
Sold,F10505721,3260,2732 NE 15th St,Coral Ridge,8750000.0,8750000.0,8.0,I04,7776.0,1951.0,16.0,True,True,8750000.0,1093750.0,1125.2572016460906,1125.2572016460906,5+ units,75.0
Sold,F10433701,3280,132 Isle Of Venice Dr,Nurmi Isles,8650000.0,8650000.0,15.0,I04,12500.0,1964.0,22.0,True,True,8650000.0,576666.6666666666,692.0,692.0,5+ units,62.0
Sold,A11657132,3280,50 Isle Of Venice Dr,Nurmi Isles,4500000.0,4500000.0,4.0,I04,,1987.0,0.0,False,True,4500000.0,1125000.0,,,Quadplex (4),39.0
Sold,A11657122,3280,94-96 Hendricks Isle,Victoria Isles,4375000.0,4375000.0,2.0,I02,4252.0,1956.0,0.0,False,True,4375000.0,2187500.0,1028.9275634995297,1028.9275634995297,Duplex (2),70.0
Sold,F10545263,3160,525 Antioch Avenue,Birch Ocean Front,2700000.0,2700000.0,4.0,,6701.0,1959.0,,False,False,2700000.0,675000.0,402.92493657663033,402.92493657663033,Quadplex (4),67.0
Sold,B26049619,3270,1008-1014 NE 4th Street,Stranahans,3000000.0,3000000.0,4.0,,3847.0,1953.0,,True,False,3000000.0,750000.0,779.8284377436964,779.8284377436964,Quadplex (4),73.0
Sold,F10380271,3280,405-407 Hendricks Isle,Victoria Isles,2600000.0,2600000.0,2.0,I02,3616.0,1980.0,5.0,True,True,2600000.0,1300000.0,719.0265486725664,719.0265486725664,Duplex (2),46.0
Sold,F10486930,3140,4241 El Mar Dr,Lauderdale By Sea,2300000.0,2300000.0,3.0,I03,3062.0,1964.0,4.0,True,False,2300000.0,766666.6666666666,751.1430437622469,751.1430437622469,Triplex (3),62.0
Sold,F10545432,3280,1007 SE 2nd Court,Colee Hammock,1950000.0,1950000.0,2.0,,2720.0,1956.0,,False,False,1950000.0,975000.0,716.9117647058823,716.9117647058823,Duplex (2),70.0
Sold,F10468301,3260,1353 Bayview Dr,Beach Way Heights,2050000.0,2050000.0,7.0,I03,4061.0,1955.0,10.0,False,False,2050000.0,292857.14285714284,504.80177296232455,504.80177296232455,5+ units,71.0
Sold,A11755927,3190,1740-1746 N Dixie Hwy,Dixie Townhome Villas,1750000.0,1750000.0,4.0,I04,9446.0,2008.0,2.0,False,False,1750000.0,437500.0,185.26360364175312,185.26360364175312,Quadplex (4),18.0
Sold,F10448793,3130,2918 Banyan St,Las Olas,1800000.0,1800000.0,4.0,I04,2405.0,1958.0,5.0,False,False,1800000.0,450000.0,748.4407484407484,748.4407484407484,Quadplex (4),68.0
Sold,A11661496,3720,116 NW 41st St,Prospect Gardens,1900000.0,1900000.0,4.0,I04,8076.0,2023.0,11.0,False,False,1900000.0,475000.0,235.26498266468548,235.26498266468548,Quadplex (4),3.0
Sold,F10504301,3720,333 NW 41st Street,Prospect Gardens,1925000.0,1925000.0,1.0,,2000.0,1950.0,,False,False,1925000.0,1925000.0,962.5,962.5,5+ units,76.0
Sold,B26008849,,1415 SE 2nd Street Unit#1-4,Colee Hammock,1380000.0,1380000.0,4.0,,2618.0,1958.0,,False,False,1380000.0,345000.0,527.1199388846447,527.1199388846447,Quadplex (4),68.0
Sold,A11696103,3280,1521 SE 2nd Ct,Colee Hammock,1780000.0,1780000.0,8.0,I04,5006.0,1962.0,4.0,False,False,1780000.0,222500.0,355.5733120255693,355.5733120255693,5+ units,64.0
Sold,B26008861,,1407 SE 2nd Street Unit#1-4,Colee Hammock,1500000.0,1500000.0,2.0,,2963.0,1940.0,,False,False,1500000.0,750000.0,506.2436719541006,506.2436719541006,Duplex (2),86.0
Sold,A11923217,3480,1720 SW 20th St,Osceola Park,1770000.0,1770000.0,2.0,I02,2321.0,2024.0,4.0,False,False,1770000.0,885000.0,762.6023265833693,762.6023265833693,Duplex (2),2.0
Sold,F10500242,3280,97 Hendricks Isle,Victoria Isles,1700000.0,1700000.0,2.0,I02,2416.0,1957.0,5.0,False,True,1700000.0,850000.0,703.6423841059602,703.6423841059602,Duplex (2),69.0
Sold,A11842530,3720,402 NW 41st St,Prospect Gardens,1751000.0,1751000.0,4.0,I04,5390.0,2025.0,10.0,False,False,1751000.0,437750.0,324.860853432282,324.860853432282,Quadplex (4),1.0
Sold,F10551556,3240,4213 NE 21st Avenue,Coral Ridge,1600000.0,1600000.0,1.0,,5208.0,1961.0,,False,False,1600000.0,1600000.0,307.21966205837174,307.21966205837174,5+ units,65.0
Sold,A11827182,3480,2107 SW 18th Ave,Osceola Park,1600000.0,1600000.0,2.0,I02,3732.0,2024.0,4.0,False,False,1600000.0,800000.0,428.7245444801715,428.7245444801715,Duplex (2),2.0
Sold,F10531668,3370,621 NE 28th Street,Highland Estates,1575000.0,1575000.0,4.0,,3150.0,1974.0,,False,False,1575000.0,393750.0,500.0,500.0,Quadplex (4),52.0
Sold,F10483285,3280,21 SE 11th Ave,Beverly Heights,1500000.0,1500000.0,4.0,I04,3448.0,1959.0,5.0,True,False,1500000.0,375000.0,435.03480278422273,435.03480278422273,Quadplex (4),67.0
Sold,F10401910,3270,604 NE 9th Ave,Progresso,1540000.0,1540000.0,3.0,I03,3992.0,1974.0,6.0,False,False,1540000.0,513333.3333333333,385.77154308617236,385.77154308617236,Triplex (3),52.0
Sold,F10488973,3380,1501 NE 12th St,Progresso,1050000.0,1050000.0,4.0,I04,1985.0,1958.0,9.0,False,False,1050000.0,262500.0,528.9672544080604,528.9672544080604,Quadplex (4),68.0
Sold,A11638677,3250,2756 NE 32nd St,Coral Ridge Galt,1375000.0,1375000.0,5.0,I04,3054.0,1959.0,14.0,False,False,1375000.0,275000.0,450.2292075965946,450.2292075965946,5+ units,67.0
Sold,B26002580,3160,3220-3224 NE 26th Street,Lauderdale Beach,1374000.0,1374000.0,2.0,,2459.0,1958.0,,False,False,1374000.0,687000.0,558.7637250915006,558.7637250915006,Duplex (2),68.0
Sold,F10552378,3270,804 N Victoria Park Road,Progresso,1475000.0,1475000.0,4.0,,3464.0,1961.0,,False,False,1475000.0,368750.0,425.8083140877598,425.8083140877598,Quadplex (4),65.0
Sold,F10433311,3390,281 NW 40th St,Prospect Gardens,1450000.0,1450000.0,7.0,I04,4393.0,1964.0,9.0,False,False,1450000.0,207142.85714285713,330.07056681083543,330.07056681083543,5+ units,62.0
Sold,F10481119,3160,2904 N Ocean Blvd,Lauderdale Beach,1400000.0,1400000.0,4.0,I04,2474.0,1951.0,6.0,False,False,1400000.0,350000.0,565.8852061438965,565.8852061438965,Quadplex (4),75.0
Sold,A11913839,3160,2513 NE 33 rd Ave,Lauderdale Beach Ext,1250000.0,1250000.0,2.0,I02,2275.0,1962.0,4.0,False,False,1250000.0,625000.0,549.4505494505495,549.4505494505495,Duplex (2),64.0
Sold,F10458974,3280,1314 SE 1st Street,Colee Hammock,1125000.0,1125000.0,3.0,,2388.0,1958.0,,False,False,1125000.0,375000.0,471.10552763819095,471.10552763819095,Triplex (3),68.0
Sold,F10482800,3380,1112 NE 17 Terr,Progresso,1125000.0,1125000.0,4.0,I04,2425.0,1947.0,6.0,False,False,1125000.0,281250.0,463.91752577319585,463.91752577319585,Quadplex (4),79.0
Sold,A11846528,3280,1314 SE 1 st,Colee Hammock,1300000.0,1300000.0,3.0,I03,3900.0,1958.0,3.0,False,False,1300000.0,433333.3333333333,333.3333333333333,333.3333333333333,Triplex (3),68.0
Sold,A11704038,3720,421 NW 40th Ct,Prospect Gardens,1200000.0,1200000.0,4.0,I04,5984.0,2009.0,7.0,False,False,1200000.0,300000.0,200.53475935828877,200.53475935828877,Quadplex (4),17.0
Sold,R11096724,3280,16 SE 9th Avenue,Beverly Heights,1300000.0,1300000.0,3.0,,1755.0,1954.0,,True,False,1300000.0,433333.3333333333,740.7407407407408,740.7407407407408,Triplex (3),72.0
Sold,A11836389,3370,2435 N Dixie Hwy,Wilton Manors,1395000.0,1395000.0,4.0,I04,,1950.0,8.0,False,False,1395000.0,348750.0,,,Quadplex (4),76.0
Sold,A11794920,3270,801 NE 18th Ave #1-4,Progresso,1350000.0,1350000.0,3.0,I04,2776.0,1960.0,5.0,False,False,1350000.0,450000.0,486.31123919308357,486.31123919308357,Triplex (3),66.0
Sold,F10459995,3370,508-512 NE 24th St,Re Wilton Manors,1200000.0,1200000.0,4.0,I04,2826.0,1958.0,6.0,False,False,1200000.0,300000.0,424.6284501061571,424.6284501061571,Quadplex (4),68.0
Sold,A11657601,3740,716 SW 9th Ter,New Utopia,1230000.0,1230000.0,2.0,I02,6108.0,2008.0,4.0,False,False,1230000.0,615000.0,201.37524557956777,201.37524557956777,Duplex (2),18.0
Sold,A11852594,3280,1213 SE 1st St,Colee Hammock,1349000.0,1349000.0,4.0,I04,2809.0,1964.0,4.0,False,False,1349000.0,337250.0,480.2420790316839,480.2420790316839,Quadplex (4),62.0
Sold,F10399789,3380,1108 NE 16th Ter,Progresso,1225000.0,1225000.0,4.0,I04,3300.0,1946.0,6.0,False,False,1225000.0,306250.0,371.2121212121212,371.2121212121212,Quadplex (4),80.0
Sold,F10456036,3470,911 SW 11th Ave,Viniks,1160000.0,1160000.0,2.0,I02,1410.0,1946.0,4.0,False,True,1160000.0,580000.0,822.6950354609929,822.6950354609929,Duplex (2),80.0
Sold,F10456205,3600,511 SE 9th Ave,Rio Vista,950000.0,950000.0,2.0,I02,2362.0,1958.0,4.0,False,False,950000.0,475000.0,402.20152413209144,402.20152413209144,Duplex (2),68.0
Sold,A11761279,3370,634 NE 20th St,Tropical Gardens,1200000.0,1200000.0,2.0,I02,3136.0,1972.0,4.0,True,True,1200000.0,600000.0,382.6530612244898,382.6530612244898,Duplex (2),54.0
Sold,R11162050,3390,934 NW 4th Avenue Unit#1-4,Progresso,1275000.0,1275000.0,4.0,,2595.0,1958.0,,False,False,1275000.0,318750.0,491.32947976878614,491.32947976878614,Quadplex (4),68.0
Sold,B26008950,,1405 SE 2nd Street,Colee Hammock,1200000.0,1200000.0,2.0,,2046.0,1941.0,,False,False,1200000.0,600000.0,586.5102639296188,586.5102639296188,Duplex (2),85.0
Sold,F10555367,3250,2732 NE 32 Street,Coral Ridge Galt,1095446.0,1095446.0,4.0,,3240.0,1962.0,,False,False,1095446.0,273861.5,338.1006172839506,338.1006172839506,Quadplex (4),64.0
Sold,A11858941,3280,1121 NE 2nd St,Stranahans,1200000.0,1200000.0,4.0,I04,2085.0,1959.0,6.0,False,False,1200000.0,300000.0,575.5395683453237,575.5395683453237,Quadplex (4),67.0
Sold,A11944938,3390,1214 NW 4th Ave,Progresso,1200000.0,1200000.0,2.0,I02,3166.0,2025.0,8.0,False,False,1200000.0,600000.0,379.0271636133923,379.0271636133923,Duplex (2),1.0
Sold,F10539809,3260,2847-2853 NE 30 St,Coral Ridge,1100000.0,1100000.0,4.0,,3259.0,1959.0,7.0,False,False,1100000.0,275000.0,337.52684872660325,337.52684872660325,Quadplex (4),67.0
Sold,F10475677,3260,1416-1420 NE 26th Ave,Coral Ridge,1175000.0,1175000.0,3.0,I03,2981.0,1949.0,6.0,False,False,1175000.0,391666.6666666667,394.1630325394163,394.1630325394163,Triplex (3),77.0
Sold,F10532294,3280,560 NE 15th Avenue,Las Olas,1195000.0,1195000.0,4.0,,2700.0,1953.0,,False,False,1195000.0,298750.0,442.5925925925926,442.5925925925926,Quadplex (4),73.0
Sold,F10429890,3380,2036 NE 21st AV,North Ridge,940000.0,940000.0,3.0,I03,2629.0,1989.0,3.0,False,False,940000.0,313333.3333333333,357.5503993914036,357.5503993914036,Triplex (3),37.0
Sold,F10443995,3270,808 NE 17th Way,Victoria Park,1125000.0,1125000.0,2.0,I02,1900.0,1958.0,4.0,False,False,1125000.0,562500.0,592.1052631578947,592.1052631578947,Duplex (2),68.0
Sold,F10486187,3480,807 SW 14th Court,Esmonda Gardens,1100000.0,1100000.0,2.0,,2873.0,1976.0,,True,False,1100000.0,550000.0,382.87504350852765,382.87504350852765,Duplex (2),50.0
Sold,A11890035,3250,2601 NE 32nd St,Coral Ridge Galt,1020000.0,1020000.0,2.0,I02,3178.0,1975.0,7.0,False,False,1020000.0,510000.0,320.9565764631844,320.9565764631844,Duplex (2),51.0
Sold,A11455989,3470,1820 SW 9th St,Riverside Park,985000.0,985000.0,2.0,I02,2576.0,2024.0,4.0,False,False,985000.0,492500.0,382.37577639751555,382.37577639751555,Duplex (2),2.0
Sold,F10528734,3360,1402 NE 34th Street,Oakland Park,1050000.0,1050000.0,2.0,,3189.0,1984.0,,False,False,1050000.0,525000.0,329.2568203198495,329.2568203198495,Duplex (2),42.0
Sold,A11735110,3470,1185 SW 16th Ave,Riverside Park Amen,1090000.0,1090000.0,4.0,I04,1502.0,1988.0,4.0,False,False,1090000.0,272500.0,725.699067909454,725.699067909454,Quadplex (4),38.0
Sold,F10524401,3380,1115 NE 15th Ave,Lake Ridge,1060000.0,1060000.0,5.0,,2911.0,1954.0,8.0,False,False,1060000.0,212000.0,364.13603572655444,364.13603572655444,5+ units,72.0
Sold,F10514472,3250,3200 NE 27th Ave,Coral Ridge Galt,950000.0,950000.0,2.0,I02,2903.0,1965.0,4.0,False,False,950000.0,475000.0,327.2476748191526,327.2476748191526,Duplex (2),61.0
Sold,F10488210,3600,619 SE 14th Ct,Everglade Land Sales Co,1079000.0,1079000.0,5.0,I04,3130.0,1972.0,5.0,False,False,1079000.0,215800.0,344.72843450479235,344.72843450479235,5+ units,54.0
Sold,F10492333,3370,1645 N Dixie Hwy,Lauderdale Park,1045000.0,1045000.0,4.0,I04,2610.0,1965.0,5.0,False,False,1045000.0,261250.0,400.3831417624521,400.3831417624521,Quadplex (4),61.0
Sold,F10538341,3270,1640 NE 4th Place,Middle River Park,750000.0,750000.0,3.0,,3399.0,1971.0,,False,False,750000.0,250000.0,220.6531332744925,220.6531332744925,Triplex (3),55.0
Sold,F10446862,3370,45 NE 24th St,Petite,1060000.0,1060000.0,4.0,I04,2326.0,1976.0,8.0,False,False,1060000.0,265000.0,455.71797076526224,455.71797076526224,Quadplex (4),50.0
Sold,F10492114,3380,1204 NE 17th Way,Progresso,1029000.0,1029000.0,5.0,I04,2622.0,1969.0,5.0,False,False,1029000.0,205800.0,392.44851258581235,392.44851258581235,5+ units,57.0
Sold,A11774974,3240,1413 NE 15th Ave,Verena Park,970000.0,970000.0,3.0,I02,2079.0,1963.0,7.0,False,False,970000.0,323333.3333333333,466.5704665704666,466.5704665704666,Triplex (3),63.0
Sold,F10534444,3370,1924 NE 26th St,Coral Point,1000000.0,1000000.0,4.0,,3488.0,1975.0,8.0,False,False,1000000.0,250000.0,286.697247706422,286.697247706422,Quadplex (4),51.0
Sold,A11571173,3270,823 NE 19th Ave,Progresso,900000.0,900000.0,3.0,I03,3776.0,1944.0,4.0,False,False,900000.0,300000.0,238.34745762711864,238.34745762711864,Triplex (3),82.0
Sold,A11646166,3790,261 NW 42nd St,Prospect Gardens,975000.0,975000.0,4.0,I04,3513.0,1976.0,10.0,False,False,975000.0,243750.0,277.5405636208369,277.5405636208369,Quadplex (4),50.0
Sold,A11796549,3260,2808 Middle River Dr,Coral Ridge Galt,930000.0,930000.0,2.0,I02,2882.0,1956.0,8.0,False,False,930000.0,465000.0,322.69257460097157,322.69257460097157,Duplex (2),70.0
Sold,A11768640,3270,211 NE 16th Ave,Victoria Park,984536.0,984536.0,3.0,I03,3161.0,1936.0,5.0,False,False,984536.0,328178.6666666667,311.46346093008543,311.46346093008543,Triplex (3),90.0
Sold,A11516694,3270,1508 NE 6th St,Las Olas,989000.0,989000.0,2.0,I02,1609.0,1970.0,4.0,False,False,989000.0,494500.0,614.6674953387197,614.6674953387197,Duplex (2),56.0
Sold,R10982501,3370,2036 NE 26th Street Unit#1,Coral Point,925000.0,925000.0,4.0,I04,2248.0,1956.0,,False,False,925000.0,231250.0,411.47686832740214,411.47686832740214,Quadplex (4),70.0
Sold,F10508330,3600,617 SE 16th St,Everglade Land Sales Co,900000.0,900000.0,4.0,I04,2585.0,1965.0,5.0,False,False,900000.0,225000.0,348.1624758220503,348.1624758220503,Quadplex (4),61.0
Sold,A11980332,3270,412 NE 14th Ave,Las Olas,900000.0,900000.0,4.0,I04,2322.0,1951.0,8.0,False,False,900000.0,225000.0,387.5968992248062,387.5968992248062,Quadplex (4),75.0
Sold,F10444961,3270,431-433 NE 15th Ave,Las Olas,914000.0,914000.0,2.0,I02,1729.0,1954.0,8.0,False,False,914000.0,457000.0,528.6292654713708,528.6292654713708,Duplex (2),72.0
Sold,B26023595,3380,1524 N Victoria Park Road,Progresso,850000.0,850000.0,2.0,,2392.0,1971.0,,False,False,850000.0,425000.0,355.3511705685619,355.3511705685619,Duplex (2),55.0
Sold,F10478256,3380,1400 NE 22nd St,Edgewater Estates St,870000.0,870000.0,2.0,I02,1719.0,1960.0,13.0,False,False,870000.0,435000.0,506.10820244328096,506.10820244328096,Duplex (2),66.0
Sold,F10518254,3450,210 -216 NE  216 40th Street,Boniello Gardens Nd,840000.0,840000.0,4.0,,3102.0,1970.0,,False,False,840000.0,210000.0,270.79303675048357,270.79303675048357,Quadplex (4),56.0
Sold,F10480161,3470,551 SW 13th Ave,Riverside,985000.0,985000.0,4.0,I04,2619.0,1959.0,5.0,False,False,985000.0,246250.0,376.09774723176787,376.09774723176787,Quadplex (4),67.0
Sold,A11585196,3480,716 SW 14th Ct,Esmonda Gardens,990000.0,990000.0,2.0,I02,2764.0,1970.0,5.0,True,False,990000.0,495000.0,358.1765557163531,358.1765557163531,Duplex (2),56.0
Sold,F10486192,3480,825 SW 14th Street,Isles View,915000.0,915000.0,2.0,,2944.0,1968.0,,False,False,915000.0,457500.0,310.8016304347826,310.8016304347826,Duplex (2),58.0
Sold,F10536567,3380,1210 NE 16th Ave,Progresso,960000.0,960000.0,2.0,,1409.0,1958.0,4.0,True,False,960000.0,480000.0,681.3342796309439,681.3342796309439,Duplex (2),68.0
Sold,A11768220,3380,1040 NE 16th Ave,Lake Ridge,930000.0,930000.0,3.0,I03,5097.0,1978.0,6.0,True,False,930000.0,310000.0,182.46027074749853,182.46027074749853,Triplex (3),48.0
Sold,F10463150,3370,1706 NE 25th St,Reid Terrace,945000.0,945000.0,2.0,I02,2451.0,1959.0,6.0,False,False,945000.0,472500.0,385.55691554467563,385.55691554467563,Duplex (2),67.0
Sold,F10548160,3270,431-433 NE 15 Avenue,Las Olas,925000.0,925000.0,2.0,,1543.0,1954.0,,False,False,925000.0,462500.0,599.4815294880103,599.4815294880103,Duplex (2),72.0
Sold,F10475678,3380,1314-1318 NE 11th St,Progresso,950000.0,950000.0,3.0,I03,2120.0,1955.0,7.0,False,False,950000.0,316666.6666666667,448.1132075471698,448.1132075471698,Triplex (3),71.0
Sold,F10468160,3160,2618 NE 32nd Avenue,Lauderdale Beach Ext,925000.0,925000.0,2.0,I02,2365.0,1958.0,6.0,True,False,925000.0,462500.0,391.12050739957715,391.12050739957715,Duplex (2),68.0
Sold,B26028113,3270,630 NE 17th Way,Victoria Park,875000.0,875000.0,2.0,,1822.0,1951.0,,True,False,875000.0,437500.0,480.2414928649835,480.2414928649835,Duplex (2),75.0
Sold,F10534470,3270,1637 NE 5th Court,Middle River Park,860000.0,860000.0,2.0,,1827.0,1950.0,,False,False,860000.0,430000.0,470.7170224411604,470.7170224411604,Duplex (2),76.0
Sold,F10531377,3490,1316 SW 9th St,Riverside,800000.0,800000.0,,,2688.0,1968.0,5.0,False,False,800000.0,,297.6190476190476,297.6190476190476,,58.0
Sold,F10443409,3810,916 NW 3rd Ave,Progresso,825000.0,825000.0,4.0,I04,2304.0,1964.0,4.0,False,False,825000.0,206250.0,358.0729166666667,358.0729166666667,Quadplex (4),62.0
Sold,A11509853,3360,1759-1764 NE 45th St,Floranada Ridge,860000.0,860000.0,2.0,I02,2911.0,1969.0,7.0,False,False,860000.0,430000.0,295.43112332531774,295.43112332531774,Duplex (2),57.0
Sold,F10551451,3380,1145 NE 18th Avenue,Progresso,885000.0,885000.0,2.0,,1809.0,1948.0,,False,False,885000.0,442500.0,489.2205638474295,489.2205638474295,Duplex (2),78.0
Sold,A11632516,3370,2308 NW 3rd Ave,Beulaland,928750.0,928750.0,4.0,I04,2508.0,1965.0,6.0,False,False,928750.0,232187.5,370.31499202551834,370.31499202551834,Quadplex (4),61.0
Sold,F10489456,3370,1507 NE 5TH AVE,Progresso,849000.0,849000.0,4.0,,2825.0,1967.0,5.0,False,False,849000.0,212250.0,300.53097345132744,300.53097345132744,Quadplex (4),59.0
Sold,F10512652,3800,2101 SE 4th Avenue,Lauderdale,905000.0,905000.0,,,2844.0,1957.0,,False,False,905000.0,,318.2137834036568,318.2137834036568,,69.0
Sold,F10471763,3270,824 NE 16th Ave,Victoria Park,900000.0,900000.0,2.0,I02,1428.0,1953.0,6.0,False,False,900000.0,450000.0,630.2521008403361,630.2521008403361,Duplex (2),73.0
Sold,F10456622,3270,825 N Victoria Park Rd,Victoria Park,875000.0,875000.0,2.0,I02,1428.0,1952.0,3.0,False,False,875000.0,437500.0,612.7450980392157,612.7450980392157,Duplex (2),74.0
Sold,B26032242,3380,1539-1541 NE 15th Avenue,Allenwood,899000.0,899000.0,3.0,,2042.0,1955.0,,False,False,899000.0,299666.6666666667,440.25465230166503,440.25465230166503,Triplex (3),71.0
Sold,F10517369,3480,337 SW 21st St #1-3,Lauderdale,848000.0,848000.0,3.0,I03,1943.0,1951.0,3.0,False,False,848000.0,282666.6666666667,436.4384971693258,436.4384971693258,Triplex (3),75.0
Sold,F10479230,3500,520 SW 5th Avenue,Ft Lauderdale,840000.0,840000.0,2.0,,1568.0,1935.0,,False,False,840000.0,420000.0,535.7142857142857,535.7142857142857,Duplex (2),91.0
Sold,A11902303,3370,1400 NE 21ST STREET,Edgewater Estates,897000.0,897000.0,2.0,I02,2040.0,1961.0,4.0,True,True,897000.0,448500.0,439.70588235294116,439.70588235294116,Duplex (2),65.0
Sold,A11943942,3460,922 NW 4th Ave,Progresso,890000.0,890000.0,4.0,I04,2595.0,1958.0,4.0,False,False,890000.0,222500.0,342.96724470134876,342.96724470134876,Quadplex (4),68.0
Sold,A11842325,3600,1905 Miami Rd,Everglade Land Sales Co,816000.0,816000.0,4.0,I04,2768.0,1969.0,6.0,False,False,816000.0,204000.0,294.7976878612717,294.7976878612717,Quadplex (4),57.0
Sold,F10505667,3800,420 SE 18th Ct,Croissant Park,835000.0,835000.0,3.0,I03,2448.0,2009.0,7.0,False,False,835000.0,278333.3333333333,341.0947712418301,341.0947712418301,Triplex (3),17.0
Sold,F10552163,3380,2000 NE 18th Street,Lauder Gate,849000.0,849000.0,2.0,,1933.0,1953.0,,False,False,849000.0,424500.0,439.21365752715985,439.21365752715985,Duplex (2),73.0
Sold,A11878574,3370,105 - 107 NE 30th Ct #1 & 2,Almar Estates,825000.0,825000.0,2.0,I02,,1971.0,6.0,False,False,825000.0,412500.0,,,Duplex (2),55.0
Sold,F10461321,3260,2016 NE 14th Ct,Lauder Gate Isles,700000.0,700000.0,2.0,I02,2232.0,1956.0,3.0,False,False,700000.0,350000.0,313.6200716845878,313.6200716845878,Duplex (2),70.0
Sold,F10498620,3360,3693 NE 20th Ave #1-2,Coral Woods,868000.0,868000.0,2.0,I02,2720.0,1963.0,6.0,True,False,868000.0,434000.0,319.11764705882354,319.11764705882354,Duplex (2),63.0
Sold,A11940088,3450,700 NW 18th St,Progresso,790000.0,790000.0,2.0,I02,2024.0,1984.0,6.0,False,False,790000.0,395000.0,390.3162055335968,390.3162055335968,Duplex (2),42.0
Sold,A11792764,3810,725 NW 4th Ave,Progresso,800000.0,800000.0,4.0,I04,2543.0,1962.0,4.0,False,False,800000.0,200000.0,314.58906802988594,314.58906802988594,Quadplex (4),64.0
Sold,F10479407,3260,2018 NE 15th St,Lauder Gate Isles,830500.0,830500.0,2.0,I02,1627.0,1958.0,8.0,False,True,830500.0,415250.0,510.44867854947756,510.44867854947756,Duplex (2),68.0
Sold,A11916973,3370,1408 NE 24th St,Middle River Plaza,830000.0,830000.0,2.0,I02,2268.0,1987.0,8.0,True,False,830000.0,415000.0,365.9611992945326,365.9611992945326,Duplex (2),39.0
Sold,A11937381,3850,1471 NW 22nd St,Ft Lauderdale Estates St,805000.0,805000.0,4.0,I04,2997.0,1976.0,6.0,False,False,805000.0,201250.0,268.60193526860195,268.60193526860195,Quadplex (4),50.0
Sold,F10489153,3380,1700 NE 16th Ave,Progresso,768000.0,768000.0,2.0,I02,1433.0,1952.0,2.0,True,False,768000.0,384000.0,535.9385903698535,535.9385903698535,Duplex (2),74.0
Sold,A11619322,3470,809 SW 14th Ter,Riverside Amen,900000.0,900000.0,2.0,I02,1760.0,1926.0,4.0,True,False,900000.0,450000.0,511.3636363636364,511.3636363636364,Duplex (2),100.0
Sold,A11611871,3470,417 SW 12th St,Croissant Park,850000.0,850000.0,2.0,I02,2552.0,1948.0,5.0,False,True,850000.0,425000.0,333.0721003134796,333.0721003134796,Duplex (2),78.0
Sold,F10448933,3720,499 NW 42nd St,Prospect Gardens,765000.0,765000.0,4.0,I04,3500.0,1969.0,10.0,False,False,765000.0,191250.0,218.57142857142858,218.57142857142858,Quadplex (4),57.0
Sold,A11683603,3600,880 SE 12th St,Everglade Land Sales Co,900000.0,900000.0,3.0,I03,2550.0,1980.0,5.0,False,False,900000.0,300000.0,352.94117647058823,352.94117647058823,Triplex (3),46.0
Sold,F10550162,3370,2608 NE 10th Avenue,Amadale,832500.0,832500.0,2.0,,1780.0,1972.0,,False,False,832500.0,416250.0,467.69662921348316,467.69662921348316,Duplex (2),54.0
Sold,A11622304,3480,824 SW 12th Ct,Isles View,815000.0,815000.0,2.0,I02,2866.0,1968.0,4.0,False,False,815000.0,407500.0,284.3684577808793,284.3684577808793,Duplex (2),58.0
Sold,F10505641,3500,319 SW 12th Ct,Croissant Park,825000.0,825000.0,3.0,I03,2211.0,1951.0,6.0,False,False,825000.0,275000.0,373.13432835820896,373.13432835820896,Triplex (3),75.0
Sold,A11723168,3810,831 NW 1st Ave,Progresso,790000.0,790000.0,4.0,I04,2423.0,1974.0,5.0,False,False,790000.0,197500.0,326.04209657449445,326.04209657449445,Quadplex (4),52.0
Sold,A11915976,3460,1132 NW 2nd St,Seminole Olivers,775000.0,775000.0,4.0,I04,2348.0,1961.0,4.0,False,False,775000.0,193750.0,330.06814310051107,330.06814310051107,Quadplex (4),65.0
Sold,A11899678,3470,1004 W Las Olas Blvd,Waverly Place,785000.0,785000.0,3.0,I03,1526.0,1951.0,5.0,False,False,785000.0,261666.66666666666,514.4167758846658,514.4167758846658,Triplex (3),75.0
Sold,A11729006,3450,3621-3641 NE 11th Ave,Oakland Park Second,745000.0,745000.0,3.0,I03,2168.0,1980.0,6.0,False,False,745000.0,248333.33333333334,343.6346863468635,343.6346863468635,Triplex (3),46.0
Sold,F10444433,3390,1032 NW 3rd Ave,Progresso,4882500.0,4882500.0,4.0,I04,2480.0,1969.0,5.0,False,False,4882500.0,1220625.0,1968.75,1968.75,Quadplex (4),57.0
Sold,F10493397,3400,1901 NW 14th Ave,Ft Lauderdale Estates,810000.0,810000.0,3.0,I03,2358.0,1973.0,5.0,False,False,810000.0,270000.0,343.51145038167937,343.51145038167937,Triplex (3),53.0
Sold,F10480113,3470,1212 Middle St,Waverly Place,775000.0,775000.0,3.0,I03,1602.0,1959.0,8.0,False,False,775000.0,258333.33333333334,483.77028714107365,483.77028714107365,Triplex (3),67.0
Sold,F10554023,3480,909 SW 16th Street,Mandarin Isles,760000.0,760000.0,2.0,,2562.0,1970.0,,False,False,760000.0,380000.0,296.6432474629196,296.6432474629196,Duplex (2),56.0
Sold,R11026249,3370,1735 NE 2 Avenue,South Middle River,800000.0,800000.0,2.0,I02,2769.0,1975.0,,False,True,800000.0,400000.0,288.912964969303,288.912964969303,Duplex (2),51.0
Sold,R11123082,3380,1111 N Victoria Park Road Unit#1-4,Victoria Park,800000.0,800000.0,3.0,,2402.0,1947.0,,False,False,800000.0,266666.6666666667,333.0557868442964,333.0557868442964,Triplex (3),79.0
Sold,F10477472,3480,808-810 SW 12th Ct,Isles View,800000.0,800000.0,2.0,I02,2426.0,1967.0,4.0,False,False,800000.0,400000.0,329.76092333058534,329.76092333058534,Duplex (2),59.0
Sold,R11001039,3370,812 NE 17th Street Unit#1-3,Lauderdale Park,825000.0,825000.0,3.0,I03,1967.0,1967.0,,False,False,825000.0,275000.0,419.4204372140315,419.4204372140315,Triplex (3),59.0
Sold,F10465975,3270,420 NE 15th Ave,Las Olas,715000.0,715000.0,2.0,I02,1100.0,1941.0,4.0,False,False,715000.0,357500.0,650.0,650.0,Duplex (2),85.0
Sold,A11809897,3280,1215-1217 NE 16th Ave,Progresso,770000.0,770000.0,2.0,I02,2210.0,1958.0,4.0,False,False,770000.0,385000.0,348.41628959276017,348.41628959276017,Duplex (2),68.0
Sold,F10497384,3360,3360 NE 17th Ave,Stephens Square,750000.0,750000.0,2.0,I02,2010.0,1967.0,5.0,True,False,750000.0,375000.0,373.13432835820896,373.13432835820896,Duplex (2),59.0
Sold,R11054711,3360,1711 NE 45th Street,Floranada Ridge,715000.0,715000.0,2.0,I02,3070.0,1968.0,,True,False,715000.0,357500.0,232.89902280130292,232.89902280130292,Duplex (2),58.0
Sold,F10502941,3380,1401-1403 NE 13th St,Progresso,750000.0,750000.0,2.0,I02,2316.0,1952.0,5.0,True,False,750000.0,375000.0,323.8341968911917,323.8341968911917,Duplex (2),74.0
Sold,F10498539,3390,501 NW 25th St,Mickels Nd To Wilton,770000.0,770000.0,2.0,I02,1907.0,1955.0,6.0,False,False,770000.0,385000.0,403.7755637126377,403.7755637126377,Duplex (2),71.0
Sold,F10509743,3470,520 SW 6th Ave 1-2,Ft Lauderdal,765000.0,765000.0,2.0,I02,1600.0,1972.0,6.0,True,False,765000.0,382500.0,478.125,478.125,Duplex (2),54.0
Sold,A11605909,3260,2000 NE 17th Ct,Lauder Gate,660000.0,660000.0,2.0,I02,2120.0,1953.0,2.0,False,False,660000.0,330000.0,311.3207547169811,311.3207547169811,Duplex (2),73.0
Sold,F10499617,3240,1109 NE 6th Ave,Progresso,755000.0,755000.0,3.0,I03,2430.0,1973.0,6.0,False,False,755000.0,251666.66666666666,310.69958847736626,310.69958847736626,Triplex (3),53.0
Sold,F10543236,3360,1623-1625 NE 45th St,Floranada Ridge,750000.0,750000.0,2.0,,2810.0,1967.0,4.0,False,False,750000.0,375000.0,266.9039145907473,266.9039145907473,Duplex (2),59.0
Sold,A11600233,3380,1621 NE 16th Ter,Progresso,615000.0,615000.0,2.0,I02,2342.0,1955.0,4.0,False,False,615000.0,307500.0,262.5960717335611,262.5960717335611,Duplex (2),71.0
Sold,F10450529,3390,1619 NE 25th St,Manor Square,775000.0,775000.0,3.0,I03,1672.0,1956.0,5.0,False,False,775000.0,258333.33333333334,463.51674641148327,463.51674641148327,Triplex (3),70.0
Sold,A11726125,3560,1210 NW 2nd St,Seminole Forest,765000.0,765000.0,4.0,I04,2183.0,1965.0,5.0,False,False,765000.0,191250.0,350.4351809436555,350.4351809436555,Quadplex (4),61.0
Sold,A11599826,3380,1104 NE 16th Ave,Progresso,732000.0,732000.0,2.0,I02,1686.0,1960.0,4.0,False,False,732000.0,366000.0,434.16370106761565,434.16370106761565,Duplex (2),66.0
Sold,A11957746,3370,2024 NE 26th St,Coral Point,724490.0,724490.0,4.0,I04,2109.0,1985.0,5.0,False,False,724490.0,181122.5,343.5229966808914,343.5229966808914,Quadplex (4),41.0
Sold,F10464010,3450,845-853 NE 37th St,Oakland Park Second,789000.0,789000.0,2.0,I02,1952.0,1967.0,4.0,True,False,789000.0,394500.0,404.20081967213116,404.20081967213116,Duplex (2),59.0
Sold,F10518820,3450,3450 - 3460 NE 13th Ave,Corals,750000.0,750000.0,2.0,I02,1970.0,1983.0,4.0,False,False,750000.0,375000.0,380.71065989847716,380.71065989847716,Duplex (2),43.0
Sold,A11653802,3570,244 SW 21st St,Lauderdale,750000.0,750000.0,3.0,I03,1698.0,1950.0,6.0,False,False,750000.0,250000.0,441.69611307420496,441.69611307420496,Triplex (3),76.0
Sold,F10493778,3370,1017 NE 23rd Dr,Wilton Manors,740000.0,740000.0,2.0,I02,1625.0,1959.0,5.0,False,False,740000.0,370000.0,455.38461538461536,455.38461538461536,Duplex (2),67.0
Sold,F10468911,3460,1225 NW 2nd Street,Seminole Forest,729592.0,729592.0,4.0,I04,2076.0,1964.0,4.0,False,False,729592.0,182398.0,351.44123314065513,351.44123314065513,Quadplex (4),62.0
Sold,A11670575,3370,15 NE 16th St,Placido Place,735000.0,735000.0,2.0,I02,1796.0,1967.0,4.0,False,False,735000.0,367500.0,409.24276169265033,409.24276169265033,Duplex (2),59.0
Sold,B26003787,3370,832-834 NE 22nd Drive Unit#1-4,Wilton Manors,695000.0,695000.0,2.0,,1835.0,1965.0,,False,False,695000.0,347500.0,378.7465940054496,378.7465940054496,Duplex (2),61.0
Sold,A11914108,3380,1411 NE 12th St,Progresso,715000.0,715000.0,2.0,I02,1752.0,1959.0,6.0,False,False,715000.0,357500.0,408.10502283105023,408.10502283105023,Duplex (2),67.0
Sold,R11132122,3380,1025-1027 NE 16 Terrace,Progresso,585000.0,585000.0,4.0,,4223.0,1960.0,,False,False,585000.0,146250.0,138.52711342647407,138.52711342647407,Quadplex (4),66.0
Sold,F10536659,3470,828 SW 14th Court,Esmonda Gardens,750000.0,750000.0,,,1791.0,2020.0,,True,False,750000.0,,418.7604690117253,418.7604690117253,,6.0
Sold,F10485017,3480,411 SW 19th St,Lauderdale,730000.0,730000.0,3.0,I03,1606.0,1939.0,3.0,False,False,730000.0,243333.33333333334,454.54545454545456,454.54545454545456,Triplex (3),87.0
Sold,F10474026,3480,800 SW 14th St,Isles View,750000.0,750000.0,2.0,I02,3166.0,1965.0,7.0,False,False,750000.0,375000.0,236.8919772583702,236.8919772583702,Duplex (2),61.0
Sold,F10458307,3720,271 NW 41st St,Prospect Gardens,730000.0,730000.0,4.0,I04,2608.0,1959.0,5.0,False,False,730000.0,182500.0,279.9079754601227,279.9079754601227,Quadplex (4),67.0
Sold,A11694658,3480,814/812 SW Thirteenth St.,Isles View,749500.0,749500.0,2.0,I02,2297.0,1969.0,4.0,False,False,749500.0,374750.0,326.295167609926,326.295167609926,Duplex (2),57.0
Sold,F10479530,3360,3468 NE 17th Ave,Oakland Park Second,724500.0,724500.0,2.0,I02,1998.0,1960.0,5.0,False,False,724500.0,362250.0,362.6126126126126,362.6126126126126,Duplex (2),66.0
Sold,A11790888,3380,901 NE 16th St,Lauderdale Park,739000.0,739000.0,2.0,I02,1690.0,1953.0,4.0,False,False,739000.0,369500.0,437.27810650887574,437.27810650887574,Duplex (2),73.0
Sold,A11913003,3600,1901 Miami Rd,Everglade Land Sales Co,715000.0,715000.0,3.0,I03,1980.0,1969.0,3.0,False,False,715000.0,238333.33333333334,361.1111111111111,361.1111111111111,Triplex (3),57.0
Sold,R10997900,3380,1232 NE 16th Avenue,Progresso,675000.0,675000.0,2.0,I02,1346.0,1960.0,,False,False,675000.0,337500.0,501.48588410104014,501.48588410104014,Duplex (2),66.0
Sold,F10463297,3480,1510 SW 20th St,Marilynn Gardens,715000.0,715000.0,2.0,I02,1652.0,1959.0,4.0,False,False,715000.0,357500.0,432.8087167070218,432.8087167070218,Duplex (2),67.0
Sold,R11081540,3450,754 NE 40th Street,Oakland Park Second,698500.0,698500.0,3.0,,1450.0,1959.0,,False,False,698500.0,232833.33333333334,481.7241379310345,481.7241379310345,Triplex (3),67.0
Sold,F10486859,3370,1428 NE 2nd Ave,Progresso,735000.0,735000.0,2.0,I02,1750.0,1985.0,4.0,False,False,735000.0,367500.0,420.0,420.0,Duplex (2),41.0
Sold,A11711284,3390,1125/1127 N Andrews Ave,Progresso,685000.0,685000.0,2.0,I02,2393.0,1977.0,6.0,False,False,685000.0,342500.0,286.2515670706226,286.2515670706226,Duplex (2),49.0
Sold,F10491620,3450,925 NE 40th Street,Oakland Park,715000.0,715000.0,2.0,I02,1538.0,1959.0,6.0,True,False,715000.0,357500.0,464.889466840052,464.889466840052,Duplex (2),67.0
Sold,A11874679,3380,1123 NE 1st Ave,Progresso,713275.0,713275.0,2.0,I02,1856.0,1950.0,3.0,False,False,713275.0,356637.5,384.30765086206895,384.30765086206895,Duplex (2),76.0
Sold,A11928786,3370,1433 NE 22nd St,Edgewater Estates St,625000.0,625000.0,2.0,I02,1828.0,1959.0,3.0,False,False,625000.0,312500.0,341.90371991247264,341.90371991247264,Duplex (2),67.0
Sold,R11048301,3370,1211 NE 2nd Avenue Unit#1-2,Progresso,695000.0,695000.0,2.0,I02,1847.0,1986.0,,False,False,695000.0,347500.0,376.28586897671903,376.28586897671903,Duplex (2),40.0
Sold,F10457231,3370,1005 NE 17th St,Lauderdale Park,700000.0,700000.0,4.0,I04,2057.0,1959.0,6.0,False,False,700000.0,175000.0,340.3014098201264,340.3014098201264,Quadplex (4),67.0
Sold,A11824256,3450,754 NE 36th St,Oakland Park Second,700000.0,700000.0,2.0,I02,2007.0,1970.0,4.0,False,False,700000.0,350000.0,348.7792725460887,348.7792725460887,Duplex (2),56.0
Sold,F10491334,3470,604-606 SW 5th Ave,Tarpon River,640000.0,640000.0,2.0,I02,2229.0,1981.0,4.0,False,False,640000.0,320000.0,287.1242709735307,287.1242709735307,Duplex (2),45.0
Sold,F10490674,3470,600-602 SW 5th Ave,Ft Lauderdale,640000.0,640000.0,2.0,I02,2133.0,1981.0,4.0,False,False,640000.0,320000.0,300.04688232536336,300.04688232536336,Duplex (2),45.0
Sold,F10491338,3470,608-610 SW 5th Ave,Ft Lauderdale,640000.0,640000.0,2.0,I02,2133.0,1981.0,4.0,False,False,640000.0,320000.0,300.04688232536336,300.04688232536336,Duplex (2),45.0
Sold,F10473507,3470,912 SW 2nd St,Waverly Place,675000.0,675000.0,4.0,I04,2676.0,1958.0,4.0,False,False,675000.0,168750.0,252.2421524663677,252.2421524663677,Quadplex (4),68.0
Sold,F10500863,3480,1601 SW 20th Ave,Shady Banks,720000.0,720000.0,3.0,I03,1894.0,1957.0,6.0,False,False,720000.0,240000.0,380.1478352692714,380.1478352692714,Triplex (3),69.0
Sold,F10545810,3360,1632 NE 33rd Street,Simpson Place,685000.0,685000.0,1.0,,1914.0,1961.0,,False,False,685000.0,685000.0,357.88923719958206,357.88923719958206,5+ units,65.0
Sold,R11131766,3480,830 SW 14th Street,Isles View,670000.0,670000.0,2.0,I02,2313.0,1967.0,,False,False,670000.0,335000.0,289.6670990056204,289.6670990056204,Duplex (2),59.0
Sold,A11815372,3470,1001 SW 4th Ave,Lauderdale,685000.0,685000.0,2.0,I02,1978.0,1958.0,4.0,False,False,685000.0,342500.0,346.309403437816,346.309403437816,Duplex (2),68.0
Sold,A11779807,3480,1712 SW 20th St,Osceola Park,715000.0,715000.0,2.0,I02,1776.0,1969.0,4.0,False,False,715000.0,357500.0,402.5900900900901,402.5900900900901,Duplex (2),57.0
Sold,F10554558,3360,1478 NE 34th Court,Oakland Park,645000.0,645000.0,2.0,,1210.0,1964.0,,False,False,645000.0,322500.0,533.0578512396694,533.0578512396694,Duplex (2),62.0
Sold,A11724152,3370,1827 N Dixie Hwy,Lauderdale Park,480000.0,480000.0,3.0,I03,2080.0,1964.0,4.0,False,False,480000.0,160000.0,230.76923076923077,230.76923076923077,Triplex (3),62.0
Sold,F10471887,3390,916 NW 26th St,Bonnie Villas,692500.0,692500.0,2.0,I02,1705.0,1975.0,4.0,False,False,692500.0,346250.0,406.158357771261,406.158357771261,Duplex (2),51.0
Sold,F10446926,3470,923 W Las Olas Blvd,Waverly Place,634900.0,634900.0,2.0,I02,2112.0,1972.0,4.0,False,False,634900.0,317450.0,300.6155303030303,300.6155303030303,Duplex (2),54.0
Sold,F10535963,3360,1644 NE 33RD ST,Simpson Place,680000.0,680000.0,2.0,I02,2175.0,1971.0,4.0,False,False,680000.0,340000.0,312.64367816091954,312.64367816091954,Duplex (2),55.0
Sold,R11121045,3370,823-825 NW 30th Court Unit#1-2,Oakland Boulevard,685000.0,685000.0,2.0,I02,2156.0,1967.0,,False,False,685000.0,342500.0,317.7179962894249,317.7179962894249,Duplex (2),59.0
Sold,F10441161,3370,53 NE 16th Pl,Placido Place,550000.0,550000.0,3.0,I03,2673.0,1951.0,4.0,False,False,550000.0,183333.33333333334,205.76131687242798,205.76131687242798,Triplex (3),75.0
Sold,A11612556,3390,1509 NW 3rd Ave,Progresso,607500.0,607500.0,3.0,I03,2000.0,1938.0,6.0,False,False,607500.0,202500.0,303.75,303.75,Triplex (3),88.0
Sold,A11770585,3400,1538 NE 5th Ave,Middle River Terrace,670000.0,670000.0,2.0,I02,1557.0,1963.0,5.0,False,False,670000.0,335000.0,430.3147077713552,430.3147077713552,Duplex (2),63.0
Sold,A11885801,3450,901 NE 39th St,Oakland Park Second,680000.0,680000.0,2.0,I02,2894.0,1976.0,5.0,False,False,680000.0,340000.0,234.96890117484452,234.96890117484452,Duplex (2),50.0
Sold,F10516851,3480,931 - 933 SW 16th Pl,Mandarin Isles,692000.0,692000.0,2.0,I02,2602.0,1970.0,4.0,False,False,692000.0,346000.0,265.9492697924673,265.9492697924673,Duplex (2),56.0
Sold,F10497723,3480,944 SW 16th St,Mandarin Isles,675000.0,675000.0,2.0,I02,2602.0,1970.0,6.0,False,False,675000.0,337500.0,259.41583397386626,259.41583397386626,Duplex (2),56.0
Sold,A11659870,3360,1699 NE 33rd St,Oakland Park Second,645000.0,645000.0,2.0,I02,2031.0,1966.0,2.0,False,False,645000.0,322500.0,317.5775480059084,317.5775480059084,Duplex (2),60.0
Sold,A11929493,3370,1015 NE 17th Ct,Lauderdale Park,705000.0,705000.0,2.0,I02,1821.0,1959.0,4.0,False,False,705000.0,352500.0,387.1499176276771,387.1499176276771,Duplex (2),67.0
Sold,F10521329,3480,1799 SW 22nd Street,Osceola Park,620000.0,620000.0,2.0,,2160.0,1977.0,,False,False,620000.0,310000.0,287.037037037037,287.037037037037,Duplex (2),49.0
Sold,F10516175,3480,1524 SW 22nd St,Marilynn Gardens,675000.0,675000.0,2.0,I02,2149.0,1969.0,4.0,False,False,675000.0,337500.0,314.0995812005584,314.0995812005584,Duplex (2),57.0
Sold,A11953402,3380,1427-1429 NE 17th Ct,Middle River Terrace,635550.0,635550.0,2.0,I02,1708.0,1961.0,6.0,False,False,635550.0,317775.0,372.10187353629976,372.10187353629976,Duplex (2),65.0
Sold,F10445494,3450,3620 NE 1st Ter,Feller Estates,625000.0,625000.0,3.0,I03,2340.0,1971.0,5.0,False,False,625000.0,208333.33333333334,267.0940170940171,267.0940170940171,Triplex (3),55.0
Sold,A11781717,3470,1905 SW 11th St,Riverside Park,600000.0,600000.0,2.0,I02,2616.0,1963.0,4.0,False,False,600000.0,300000.0,229.3577981651376,229.3577981651376,Duplex (2),63.0
Sold,F10520190,3390,1345 N Andrews Ave #1-2,Progresso,672000.0,672000.0,2.0,I02,2010.0,1968.0,4.0,False,False,672000.0,336000.0,334.32835820895525,334.32835820895525,Duplex (2),58.0
Sold,A11733595,3390,417 NW 15th Ave,Dorsey Park First,685000.0,685000.0,3.0,I03,1988.0,1961.0,4.0,False,False,685000.0,228333.33333333334,344.56740442655934,344.56740442655934,Triplex (3),65.0
Sold,A11719715,3270,928 N Victoria Park Rd,Progresso,580000.0,580000.0,2.0,I02,1393.0,1970.0,4.0,False,False,580000.0,290000.0,416.367552045944,416.367552045944,Duplex (2),56.0
Sold,A11969747,3380,1116 NE 15th Ave,Progresso,605000.0,605000.0,2.0,I02,1120.0,1975.0,5.0,False,False,605000.0,302500.0,540.1785714285714,540.1785714285714,Duplex (2),51.0
Sold,A11915957,3390,1035 NW 8th Ave,Progresso,718000.0,718000.0,2.0,I02,2554.0,1971.0,6.0,False,False,718000.0,359000.0,281.1276429130775,281.1276429130775,Duplex (2),55.0
Sold,F10504826,3450,970 NE 38th St,Oakland Park Second,659000.0,659000.0,3.0,I03,1418.0,1959.0,6.0,False,False,659000.0,219666.66666666666,464.73906911142456,464.73906911142456,Triplex (3),67.0
Sold,F10448290,3460,645 NW 15th Ave,Dorsey Park,676000.0,676000.0,4.0,I04,2225.0,1985.0,4.0,False,False,676000.0,169000.0,303.82022471910113,303.82022471910113,Quadplex (4),41.0
Sold,F10534735,3480,513 SW 15th St,Lauderdale,706000.0,706000.0,,,1620.0,1959.0,4.0,False,False,706000.0,,435.8024691358025,435.8024691358025,,67.0
Sold,A11518731,3360,1279 NE 40th Pl,Central Corals,620000.0,620000.0,3.0,I03,1720.0,1990.0,6.0,False,False,620000.0,206666.66666666666,360.4651162790698,360.4651162790698,Triplex (3),36.0
Sold,F10477633,3480,1811 SW 21st St,Osceola Park,650000.0,650000.0,2.0,I02,1537.0,1959.0,4.0,False,False,650000.0,325000.0,422.9017566688354,422.9017566688354,Duplex (2),67.0
Sold,A11620139,3720,281 NW 43rd St,Prospect Gardens,660000.0,660000.0,3.0,I03,2403.0,1971.0,6.0,False,False,660000.0,220000.0,274.65667915106116,274.65667915106116,Triplex (3),55.0
Sold,R10997906,3380,1113-1115 NE 17th Terrace,Progresso,600000.0,600000.0,2.0,I02,1449.0,1952.0,,False,False,600000.0,300000.0,414.0786749482402,414.0786749482402,Duplex (2),74.0
Sold,A11787315,3450,460 NE 45th St,North Andrews Gardens Nd,670000.0,670000.0,2.0,I02,2084.0,1970.0,4.0,False,False,670000.0,335000.0,321.49712092130517,321.49712092130517,Duplex (2),56.0
Sold,A11684338,3350,1042 NW 8th Ave,Progresso,630000.0,630000.0,2.0,I02,2662.0,1981.0,5.0,False,False,630000.0,315000.0,236.664162283997,236.664162283997,Duplex (2),45.0
Sold,B26007188,3380,1516 N Dixie Highway Unit#1-2,Lauderdale Park,600000.0,600000.0,2.0,,1944.0,1959.0,,False,False,600000.0,300000.0,308.641975308642,308.641975308642,Duplex (2),67.0
Sold,F10470358,3400,1471 NW 21st St,Ft Lauderdale Estates,560000.0,560000.0,3.0,I03,2052.0,1973.0,4.0,False,False,560000.0,186666.66666666666,272.90448343079925,272.90448343079925,Triplex (3),53.0
Sold,A11885085,3450,3960 NE 8th Ave,Oakland Park Second,600000.0,600000.0,2.0,I02,2015.0,1963.0,6.0,True,False,600000.0,300000.0,297.7667493796526,297.7667493796526,Duplex (2),63.0
Sold,A11904000,3500,218 SW 14th Ct,Lauderdale,615000.0,615000.0,2.0,I02,6168.0,1953.0,4.0,False,False,615000.0,307500.0,99.70817120622569,99.70817120622569,Duplex (2),73.0
Sold,F10454688,3720,375 NW 40th Ct,Prospect Gardens,650000.0,650000.0,4.0,I04,2858.0,1973.0,6.0,False,False,650000.0,162500.0,227.43177046885936,227.43177046885936,Quadplex (4),53.0
Sold,A11940189,3480,421 SW 14th Ct,Croissant Springs,615000.0,615000.0,2.0,I02,1642.0,1966.0,6.0,False,False,615000.0,307500.0,374.5432399512789,374.5432399512789,Duplex (2),60.0
Sold,F10516235,3480,2120 SW 18th Avenue,Osceola Park,620000.0,620000.0,2.0,,2160.0,1977.0,,False,False,620000.0,310000.0,287.037037037037,287.037037037037,Duplex (2),49.0
Sold,A11935969,3480,900 Mandarin Isle #1-2,Mandarin Isles,667000.0,667000.0,2.0,I02,2764.0,1976.0,6.0,False,False,667000.0,333500.0,241.31693198263386,241.31693198263386,Duplex (2),50.0
Sold,F10500496,3600,1715 SW 21st St,Osceola Park,562000.0,562000.0,,,1741.0,1969.0,4.0,False,False,562000.0,,322.8029867892016,322.8029867892016,,57.0
Sold,F10418905,3450,3779-3781 NE 10th Ave,Oakland Park Second,600000.0,600000.0,2.0,I02,1380.0,1958.0,5.0,False,False,600000.0,300000.0,434.7826086956522,434.7826086956522,Duplex (2),68.0
Sold,F10539407,3360,3280 NE 15th Ave,Ocean Ave Heights,600000.0,600000.0,,,1847.0,1967.0,4.0,False,False,600000.0,,324.85110990795886,324.85110990795886,,59.0
Sold,F10485376,3390,1201 NW 5th Ave,Progresso,639000.0,639000.0,2.0,I02,1456.0,1964.0,4.0,False,False,639000.0,319500.0,438.8736263736264,438.8736263736264,Duplex (2),62.0
Sold,F10483221,3390,1200 NW 3 Ave,Progresso,610000.0,610000.0,2.0,I02,2304.0,1980.0,5.0,False,False,610000.0,305000.0,264.75694444444446,264.75694444444446,Duplex (2),46.0
Sold,F10501192,3450,251 NE 40th Ct,Boniello Gardens,637000.0,637000.0,2.0,I02,1650.0,1969.0,4.0,False,False,637000.0,318500.0,386.06060606060606,386.06060606060606,Duplex (2),57.0
Sold,F10550355,3360,3200 NE 13th Avenue,Oakland Park,500000.0,500000.0,2.0,,1633.0,1961.0,,False,False,500000.0,250000.0,306.1849357011635,306.1849357011635,Duplex (2),65.0
Sold,R11123704,3380,1317 NE 1st Avenue,Progresso,625000.0,625000.0,2.0,,1042.0,1966.0,,False,False,625000.0,312500.0,599.8080614203454,599.8080614203454,Duplex (2),60.0
Sold,A11640621,3380,1236 NE 12th Ave,Progresso,626000.0,626000.0,2.0,I02,2730.0,1993.0,4.0,False,False,626000.0,313000.0,229.3040293040293,229.3040293040293,Duplex (2),33.0
Sold,A11687423,3450,210 NE 41st St,Boniello Gardens Nd,620000.0,620000.0,4.0,I04,3179.0,1969.0,8.0,False,False,620000.0,155000.0,195.0298836111985,195.0298836111985,Quadplex (4),57.0
Sold,F10513321,3470,1004 W Las Olas Blvd,Waverly Place,645000.0,645000.0,3.0,I03,1526.0,1968.0,5.0,False,False,645000.0,215000.0,422.6736566186107,422.6736566186107,Triplex (3),58.0
Sold,B26037587,3500,210 SW 11th Street Unit#1-2,Croissant Park,625000.0,625000.0,2.0,,1590.0,1958.0,,False,False,625000.0,312500.0,393.0817610062893,393.0817610062893,Duplex (2),68.0
Sold,A11640062,3860,715 NW 15th Ter,Carver Park,624000.0,624000.0,3.0,I03,1853.0,1961.0,3.0,False,False,624000.0,208000.0,336.75121424716673,336.75121424716673,Triplex (3),65.0
Sold,A11681803,3380,1116-1118 NE 15th Av,Progresso,603000.0,603000.0,2.0,I02,1120.0,1952.0,4.0,False,False,603000.0,301500.0,538.3928571428571,538.3928571428571,Duplex (2),74.0
Sold,F10491874,3450,872 NE 40th St,Oakland Park Second,575000.0,575000.0,2.0,I02,1458.0,1958.0,5.0,False,False,575000.0,287500.0,394.3758573388203,394.3758573388203,Duplex (2),68.0
Sold,R11022984,3450,1086 NE 36th Street,Oakland Park Second,590000.0,590000.0,2.0,,1196.0,1958.0,,False,False,590000.0,295000.0,493.31103678929765,493.31103678929765,Duplex (2),68.0
Sold,A11658553,3390,1439 NW 8th Ave,Progresso,500000.0,500000.0,2.0,I02,2504.0,1968.0,4.0,False,False,500000.0,250000.0,199.68051118210863,199.68051118210863,Duplex (2),58.0
Sold,F10447181,3370,1232-1234 3rd Ave,Progresso,580000.0,580000.0,3.0,I03,2000.0,1951.0,5.0,False,False,580000.0,193333.33333333334,290.0,290.0,Triplex (3),75.0
Sold,F10506298,3380,1116 NE 17th Ter,Progresso,560000.0,560000.0,3.0,I03,1553.0,1953.0,3.0,False,False,560000.0,186666.66666666666,360.592401802962,360.592401802962,Triplex (3),73.0
Sold,F10390454,3390,1040 NW 5th Ave,Progresso,600000.0,600000.0,2.0,I02,1820.0,1966.0,4.0,False,False,600000.0,300000.0,329.6703296703297,329.6703296703297,Duplex (2),60.0
Sold,A11838002,3400,1535 NE 5th Ter,Middle River Terrace,600000.0,600000.0,2.0,I02,1722.0,1958.0,6.0,False,False,600000.0,300000.0,348.4320557491289,348.4320557491289,Duplex (2),68.0
Sold,F10447743,3360,3331 NE 16th Ave,Oakland Park Second,540000.0,540000.0,2.0,I02,1456.0,1964.0,4.0,False,False,540000.0,270000.0,370.8791208791209,370.8791208791209,Duplex (2),62.0
Sold,A11950433,3390,1221 NW 5th Ave,Progresso,485000.0,485000.0,2.0,I02,1770.0,1974.0,4.0,False,False,485000.0,242500.0,274.01129943502826,274.01129943502826,Duplex (2),52.0
Sold,A11722974,3380,1601 NE 11th Ave,Lauderdale Park,599000.0,599000.0,2.0,I02,1086.0,1954.0,7.0,False,False,599000.0,299500.0,551.5653775322284,551.5653775322284,Duplex (2),72.0
Sold,A11962362,3390,919 NW 13th St,Lauderdale Manors,560000.0,560000.0,3.0,I03,1478.0,1955.0,8.0,False,False,560000.0,186666.66666666666,378.8903924221922,378.8903924221922,Triplex (3),71.0
Sold,B26002896,3450,902 NE 34th Street,Oakland Park Second,580000.0,580000.0,3.0,,1472.0,1949.0,,True,False,580000.0,193333.33333333334,394.0217391304348,394.0217391304348,Triplex (3),77.0
Sold,F10552329,3450,1085 NE 34th Street,Oakland Park Second,555000.0,555000.0,3.0,,1834.0,1964.0,,False,False,555000.0,185000.0,302.61723009814614,302.61723009814614,Triplex (3),62.0
Sold,A11781608,3470,1901 SW 11th St,Riverside Park,435000.0,435000.0,2.0,I02,1820.0,1960.0,4.0,False,False,435000.0,217500.0,239.01098901098902,239.01098901098902,Duplex (2),66.0
Sold,A11762963,3470,804 SW 4th Street,Sailboat Bend,515000.0,515000.0,2.0,I02,1400.0,1944.0,5.0,False,False,515000.0,257500.0,367.85714285714283,367.85714285714283,Duplex (2),82.0
Sold,B26000809,3380,1010 NE 16th Street,Lauderdale Park,586500.0,586500.0,2.0,,812.0,1988.0,,False,False,586500.0,293250.0,722.2906403940887,722.2906403940887,Duplex (2),38.0
Sold,A11820113,3390,1410-1412 NW 8th Ave,Progresso,585000.0,585000.0,2.0,I02,2504.0,1968.0,4.0,False,False,585000.0,292500.0,233.6261980830671,233.6261980830671,Duplex (2),58.0
Sold,F10521322,3480,1530 SW 21st St,Marilynn Gardens,530000.0,530000.0,2.0,I02,1822.0,1969.0,4.0,False,False,530000.0,265000.0,290.88913282107575,290.88913282107575,Duplex (2),57.0
Sold,F10506375,3500,341 SW 21st St,Lauderdale,552500.0,552500.0,2.0,I02,1029.0,1951.0,2.0,False,False,552500.0,276250.0,536.9290573372206,536.9290573372206,Duplex (2),75.0
Sold,F10496362,3500,246 W Park Drive,Croissant Park,580000.0,580000.0,2.0,I02,1573.0,1955.0,2.0,False,False,580000.0,290000.0,368.72218690400507,368.72218690400507,Duplex (2),71.0
Sold,F10441415,3460,1901 NW 14th Ave,Ft Lauderdale Estates,560000.0,560000.0,3.0,I03,2358.0,1973.0,5.0,False,False,560000.0,186666.66666666666,237.4893977947413,237.4893977947413,Triplex (3),53.0
Sold,A11841529,3390,1437 N Andrews Ave,Progresso,585000.0,585000.0,3.0,I03,1948.0,1959.0,7.0,False,False,585000.0,195000.0,300.30800821355234,300.30800821355234,Triplex (3),67.0
Sold,A11874270,3380,1020 NE 16th Ter,Lake Ridge,515000.0,515000.0,2.0,I02,1104.0,1951.0,4.0,False,False,515000.0,257500.0,466.4855072463768,466.4855072463768,Duplex (2),75.0
Sold,F10508835,3390,1238 NW 5th Ave,Progresso,579000.0,579000.0,2.0,I02,1742.0,1966.0,4.0,False,False,579000.0,289500.0,332.3765786452354,332.3765786452354,Duplex (2),60.0
Sold,F10545347,3400,1451 NW 20th Court,Ft Lauderdale Estates,579000.0,579000.0,2.0,,2059.0,1974.0,,False,False,579000.0,289500.0,281.204468188441,281.204468188441,Duplex (2),52.0
Sold,F10435813,3470,834 - 836 SW 14th St,Isles View,530000.0,530000.0,2.0,I02,2070.0,1967.0,8.0,False,False,530000.0,265000.0,256.03864734299515,256.03864734299515,Duplex (2),59.0
Sold,F10485907,3390,1345 NW 1st Ave,Progresso,530000.0,530000.0,2.0,I02,1235.0,1953.0,6.0,False,False,530000.0,265000.0,429.1497975708502,429.1497975708502,Duplex (2),73.0
Sold,A11520618,3390,1619 NW 8th Ave,Progresso,560000.0,560000.0,2.0,I02,2504.0,1970.0,0.0,False,False,560000.0,280000.0,223.64217252396165,223.64217252396165,Duplex (2),56.0
Sold,F10463203,3380,1405-1407 NE 17 St,Allenwood,590000.0,590000.0,2.0,I02,1428.0,1959.0,5.0,False,False,590000.0,295000.0,413.1652661064426,413.1652661064426,Duplex (2),67.0
Sold,F10421905,3390,1500 NW 6th Ave,Progresso,576000.0,576000.0,2.0,I02,2770.0,1956.0,4.0,False,False,576000.0,288000.0,207.942238267148,207.942238267148,Duplex (2),70.0
Sold,A11762803,3390,1025 NE 3RD AVE,Progreeso,515000.0,515000.0,2.0,I02,,1953.0,4.0,False,False,515000.0,257500.0,,,Duplex (2),73.0
Sold,R11047791,3490,217 SW 11th Court Unit#1-2,Croissant Park,495000.0,495000.0,2.0,I02,1469.0,1965.0,,False,False,495000.0,247500.0,336.9639210347175,336.9639210347175,Duplex (2),61.0
Sold,F10504022,3360,1573 NE 33rd St,Oakland Park Second,405000.0,405000.0,2.0,I02,1670.0,1924.0,3.0,False,False,405000.0,202500.0,242.51497005988023,242.51497005988023,Duplex (2),102.0
Sold,A11598699,3380,1505 NE 15th Ave,Allenwood,529000.0,529000.0,2.0,I02,1562.0,1956.0,6.0,False,False,529000.0,264500.0,338.6683738796415,338.6683738796415,Duplex (2),70.0
Sold,F10503025,3390,1326 NW 8th Ave,Progresso,540000.0,540000.0,2.0,I02,2480.0,1968.0,4.0,False,False,540000.0,270000.0,217.74193548387098,217.74193548387098,Duplex (2),58.0
Sold,F10555746,3450,4331 NE 5th Avenue,Annex Park,517000.0,517000.0,2.0,,1441.0,1964.0,,False,False,517000.0,258500.0,358.77862595419845,358.77862595419845,Duplex (2),62.0
Sold,A11619559,3460,1016 NW 6th Ave,Progresso,520000.0,520000.0,2.0,I02,1350.0,1985.0,2.0,False,False,520000.0,260000.0,385.18518518518516,385.18518518518516,Duplex (2),41.0
Sold,F10446941,3470,925 W Las Olas Blvd,Waverly Place,498850.0,498850.0,2.0,I02,1064.0,1955.0,4.0,False,False,498850.0,249425.0,468.843984962406,468.843984962406,Duplex (2),71.0
Sold,A11984894,3480,850 SW 12th Ct,Isles View,535000.0,535000.0,2.0,I02,1928.0,1968.0,4.0,False,False,535000.0,267500.0,277.4896265560166,277.4896265560166,Duplex (2),58.0
Sold,B26018247,3600,707 SE 18th Street Unit#1-2,Everglade Land Sales Co,490000.0,490000.0,2.0,,1200.0,1955.0,,False,False,490000.0,245000.0,408.3333333333333,408.3333333333333,Duplex (2),71.0
Sold,F10479600,3470,1955 Riverside Dr,Riverside Park,525000.0,525000.0,2.0,I02,2006.0,1958.0,6.0,False,False,525000.0,262500.0,261.7148554336989,261.7148554336989,Duplex (2),68.0
Sold,R11010453,3470,500 SW 10th Street,Lauderdale,560000.0,560000.0,2.0,,1744.0,1940.0,,False,False,560000.0,280000.0,321.10091743119267,321.10091743119267,Duplex (2),86.0
Sold,F10469465,3370,1233 NE 3rd Ave,Progresso,530000.0,530000.0,2.0,I02,1447.0,1952.0,5.0,False,False,530000.0,265000.0,366.27505183137527,366.27505183137527,Duplex (2),74.0
Sold,F10493231,3550,841 NW 39th St,Lloyd Estates,551000.0,551000.0,4.0,I04,2220.0,1964.0,4.0,False,False,551000.0,137750.0,248.19819819819818,248.19819819819818,Quadplex (4),62.0
Sold,A11990001,3570,1713 SW 11th Ct,Riverside Park Amen,540000.0,540000.0,2.0,I02,1941.0,1963.0,4.0,False,False,540000.0,270000.0,278.20710973724886,278.20710973724886,Duplex (2),63.0
Sold,F10538931,3360,1539 NE 32nd St,Ocean Ave Heights,529000.0,529000.0,,,1050.0,1954.0,4.0,False,False,529000.0,,503.8095238095238,503.8095238095238,,72.0
Sold,F10538929,3370,1539 NE 32nd Street,Ocean Ave Heights,529000.0,529000.0,2.0,,1050.0,1954.0,,False,False,529000.0,264500.0,503.8095238095238,503.8095238095238,Duplex (2),72.0
Sold,F10456635,3360,1633 NE 32nd STREET  1-2,Simpson Place,490000.0,490000.0,2.0,I02,1644.0,1960.0,6.0,False,False,490000.0,245000.0,298.0535279805353,298.0535279805353,Duplex (2),66.0
Sold,B26021650,3390,1100 NW 3rd Avenue Unit#1-2,Progresso,525000.0,525000.0,2.0,,1137.0,1953.0,,False,False,525000.0,262500.0,461.7414248021108,461.7414248021108,Duplex (2),73.0
Sold,F10541961,3390,1500 NW 2nd Avenue,Progresso,320000.0,320000.0,2.0,,744.0,1973.0,,False,False,320000.0,160000.0,430.10752688172045,430.10752688172045,Duplex (2),53.0
Sold,A11926886,3390,1533 NW 2nd Ave,Progresso,510000.0,510000.0,2.0,I02,1290.0,1984.0,4.0,False,False,510000.0,255000.0,395.3488372093023,395.3488372093023,Duplex (2),42.0
Sold,F10474344,3470,1405-1407 SW 9th St,Riverside Amen,450000.0,450000.0,2.0,I02,1625.0,1958.0,4.0,False,False,450000.0,225000.0,276.9230769230769,276.9230769230769,Duplex (2),68.0
Sold,A11840154,3311,805 NW 12th Ave,Lincoln Park Third,461800.0,461800.0,3.0,I03,1357.0,1956.0,4.0,False,False,461800.0,153933.33333333334,340.30950626381724,340.30950626381724,Triplex (3),70.0
Sold,F10418656,3390,1324 NW 5th Ave,Progresso,475000.0,475000.0,2.0,I02,1404.0,1957.0,4.0,False,False,475000.0,237500.0,338.31908831908834,338.31908831908834,Duplex (2),69.0
Sold,A11927760,3460,1810 NW 9th St,Lauderdale Homesites Firs,520000.0,520000.0,2.0,I02,1464.0,1965.0,4.0,False,False,520000.0,260000.0,355.1912568306011,355.1912568306011,Duplex (2),61.0
Sold,F10523799,3360,1573 NE 33rd St,Oakland Park Second,509000.0,509000.0,2.0,I02,1670.0,1924.0,3.0,False,False,509000.0,254500.0,304.79041916167665,304.79041916167665,Duplex (2),102.0
Sold,F10482186,3370,1219 NE 5th Terrace,Progresso,430000.0,430000.0,,,1000.0,1957.0,,False,False,430000.0,,430.0,430.0,,69.0
Sold,B26030712,3390,1135 NW 6th Avenue,Progresso,500000.0,500000.0,2.0,,1440.0,1958.0,,False,False,500000.0,250000.0,347.22222222222223,347.22222222222223,Duplex (2),68.0
Sold,F10538784,3370,1444 NE 3rd Avenue,Progresso,415000.0,415000.0,2.0,,1495.0,1955.0,,False,False,415000.0,207500.0,277.59197324414714,277.59197324414714,Duplex (2),71.0
Sold,F10449623,3390,1118-1120 NW 2nd Ave,Progresso,495000.0,495000.0,2.0,I02,664.0,1960.0,2.0,False,False,495000.0,247500.0,745.4819277108434,745.4819277108434,Duplex (2),66.0
Sold,A11779091,3590,1906 SW 8th St,Hazelwood Acres,485000.0,485000.0,2.0,I02,1464.0,1955.0,4.0,False,False,485000.0,242500.0,331.2841530054645,331.2841530054645,Duplex (2),71.0
Sold,A11808134,3390,1025 NW 3rd Ave,Progresso,460000.0,460000.0,2.0,I02,1356.0,1953.0,4.0,False,False,460000.0,230000.0,339.2330383480826,339.2330383480826,Duplex (2),73.0
Sold,A12016537,3390,1440-1442 NW 5th Ave,Progresso,475000.0,475000.0,2.0,I02,1430.0,1956.0,2.0,False,False,475000.0,237500.0,332.16783216783216,332.16783216783216,Duplex (2),70.0
Sold,A11831124,3400,630 NW 15th Ter,Dorsey Park,460000.0,460000.0,2.0,I02,1488.0,1961.0,4.0,False,False,460000.0,230000.0,309.13978494623655,309.13978494623655,Duplex (2),65.0
Sold,A11965234,3400,1450 NW 19th Ct,Ft Lauderdale Estates,380000.0,380000.0,2.0,I02,1631.0,1973.0,3.0,False,False,380000.0,190000.0,232.98589822194972,232.98589822194972,Duplex (2),53.0
Sold,A11707890,3460,817 NW 12th ave,Lincoln Park Third,430000.0,430000.0,2.0,I02,1238.0,1958.0,4.0,False,False,430000.0,215000.0,347.33441033925686,347.33441033925686,Duplex (2),68.0
Sold,A11593622,3470,907 SW 15th Ter,Riverside,360000.0,360000.0,2.0,I02,1695.0,1958.0,3.0,False,False,360000.0,180000.0,212.38938053097345,212.38938053097345,Duplex (2),68.0
Sold,A11938358,3400,1028 NW 6th Ave,Progresso,395000.0,395000.0,2.0,I02,1350.0,1987.0,2.0,False,False,395000.0,197500.0,292.5925925925926,292.5925925925926,Duplex (2),39.0
Sold,F10496738,3380,1317 NE 1st Ave,Progresso,445000.0,445000.0,2.0,I02,1042.0,1949.0,5.0,False,False,445000.0,222500.0,427.06333973128596,427.06333973128596,Duplex (2),77.0
Sold,A11948782,3460,844 NW 18th Ave,Lauderdale Homesites,440000.0,440000.0,2.0,I02,1290.0,1965.0,3.0,False,False,440000.0,220000.0,341.08527131782944,341.08527131782944,Duplex (2),61.0
Sold,F10535409,3390,1608 NW 5th Ave,Progresso,429000.0,429000.0,,,1015.0,1951.0,4.0,False,False,429000.0,,422.6600985221675,422.6600985221675,,75.0
Sold,F10463505,3450,902 NE 39th St,Oakland Park Second,440000.0,440000.0,2.0,I02,1285.0,1958.0,4.0,False,False,440000.0,220000.0,342.4124513618677,342.4124513618677,Duplex (2),68.0
Sold,F10465792,3460,404 NW 10th Ave,Tuskegee Park,416000.0,416000.0,2.0,I02,1291.0,1994.0,4.0,False,False,416000.0,208000.0,322.2308288148722,322.2308288148722,Duplex (2),32.0
Sold,F10511344,3460,537 NW 16th Ave,Dorsey Park Second,420000.0,420000.0,2.0,I02,1425.0,1954.0,6.0,False,False,420000.0,210000.0,294.7368421052632,294.7368421052632,Duplex (2),72.0
Sold,A11725010,3720,1608 NW 9th Ave,Progresso,365000.0,365000.0,2.0,I02,1242.0,1968.0,4.0,False,False,365000.0,182500.0,293.8808373590982,293.8808373590982,Duplex (2),58.0
Sold,R11033854,3460,1808 NW 9th Street Unit#1-2,Lauderdale Homesites Firs,415000.0,415000.0,2.0,I02,1238.0,1958.0,,False,False,415000.0,207500.0,335.21809369951535,335.21809369951535,Duplex (2),68.0
Sold,F10460847,3560,636 NW 14th Ter,Lincoln Park Corr,419990.0,419990.0,2.0,I02,1264.0,1958.0,4.0,False,False,419990.0,209995.0,332.2705696202532,332.2705696202532,Duplex (2),68.0
Sold,A11715672,3560,631 NW 22nd Rd,Washington Park,430000.0,430000.0,2.0,I02,1164.0,1965.0,4.0,False,False,430000.0,215000.0,369.41580756013747,369.41580756013747,Duplex (2),61.0
Sold,A11810944,3860,716 NW 14th Way,Lincoln Park Corr,417000.0,417000.0,2.0,I02,1288.0,1963.0,4.0,False,False,417000.0,208500.0,323.7577639751553,323.7577639751553,Duplex (2),63.0
Sold,A11850792,3400,1420 N Andrews Ave,Progresso,410000.0,410000.0,2.0,I02,1080.0,1959.0,4.0,False,False,410000.0,205000.0,379.6296296296296,379.6296296296296,Duplex (2),67.0
Sold,A11911604,3390,1806 SW 22nd St,Osceola Park,412000.0,412000.0,2.0,I02,1210.0,1954.0,2.0,False,False,412000.0,206000.0,340.495867768595,340.495867768595,Duplex (2),72.0
Sold,F10424903,3390,1726-1728 NW 7th Ave,Progresso,400000.0,400000.0,2.0,I02,955.0,1953.0,4.0,False,False,400000.0,200000.0,418.848167539267,418.848167539267,Duplex (2),73.0
Sold,F10530056,3400,632-634 NW 14th Ter,Lincoln Park Corr,370000.0,370000.0,2.0,I02,880.0,1959.0,4.0,False,False,370000.0,185000.0,420.45454545454544,420.45454545454544,Duplex (2),67.0
Sold,F10479946,3390,1440 NW 5TH Ave,Progresso,380000.0,380000.0,2.0,I02,1478.0,1956.0,5.0,False,False,380000.0,190000.0,257.1041948579161,257.1041948579161,Duplex (2),70.0
Sold,A11735490,3370,1013 NE 3rd Ave,Progresso,515000.0,515000.0,4.0,I04,2363.0,1973.0,5.0,False,False,515000.0,128750.0,217.94329242488362,217.94329242488362,Quadplex (4),53.0
Sold,F10501718,3390,1126 NW 4TH AV,Progresso,380000.0,380000.0,2.0,I02,1350.0,1988.0,2.0,False,False,380000.0,190000.0,281.48148148148147,281.48148148148147,Duplex (2),38.0
Sold,A11729800,3450,883 NE 39th St,Oakland Park Second,380000.0,380000.0,2.0,I02,1250.0,1956.0,4.0,False,False,380000.0,190000.0,304.0,304.0,Duplex (2),70.0
Sold,A11715891,3460,1200 NW 9th Street,Lincoln Park Third,357500.0,357500.0,2.0,I02,1023.0,1968.0,4.0,False,False,357500.0,178750.0,349.4623655913978,349.4623655913978,Duplex (2),58.0
Sold,A11931647,3400,1521 NW 5th Ave,Progresso,349000.0,349000.0,2.0,I02,1074.0,1963.0,4.0,False,False,349000.0,174500.0,324.95344506517694,324.95344506517694,Duplex (2),63.0
Pending,A12015378,3380,1324 NE 14th Ave,Progresso,999999.0,,2.0,I02,1785.0,1951.0,4.0,True,False,999999.0,499999.5,560.2235294117647,560.2235294117647,Duplex (2),75.0
Pending,B26045999,3270,837 NE 17th Avenue,Progresso,975000.0,,4.0,,2316.0,1959.0,,False,False,975000.0,243750.0,420.98445595854923,420.98445595854923,Quadplex (4),67.0
Pending,B26040741,3450,736 - 738 NE 36th Street,Oakland Park Second,799000.0,,3.0,,3149.0,1971.0,,False,False,799000.0,266333.3333333333,253.73134328358208,253.73134328358208,Triplex (3),55.0
Pending,A11943558,3400,1112 NE 5th Ave,Progresso,750000.0,,2.0,I02,2550.0,1986.0,4.0,False,False,750000.0,375000.0,294.11764705882354,294.11764705882354,Duplex (2),40.0
Pending,B26048367,3500,312 SW 9th Street Unit#1-2,Lauderdale,550000.0,,2.0,,1798.0,1980.0,,False,False,550000.0,275000.0,305.89543937708567,305.89543937708567,Duplex (2),46.0
Pending,A11999219,3390,1619-1621 NW 8th Ave,Progresso,545000.0,,2.0,I02,2504.0,1969.0,4.0,False,False,545000.0,272500.0,217.6517571884984,217.6517571884984,Duplex (2),57.0
Pending,F10537999,3460,734 NW 13th Terrace,Citrus Park Farms,500000.0,,2.0,,1596.0,2006.0,,False,False,500000.0,250000.0,313.28320802005015,313.28320802005015,Duplex (2),20.0
Pending,A11969574,3370,1425 NE 22nd St,Edgewater Estates St,489000.0,,2.0,I02,1679.0,1963.0,4.0,False,False,489000.0,244500.0,291.2447885646218,291.2447885646218,Duplex (2),63.0
Pending,B26031740,3390,1429 N Andrews Avenue,Progresso,455000.0,,2.0,,1000.0,1954.0,,False,False,455000.0,227500.0,455.0,455.0,Duplex (2),72.0
