status,mls,area,address,neighborhood,sub_raw,list_price,sale_price,acre,psqft,lot_desc,zn,style,ptype,waterfront,road,lot_sqft,density,is_dock,acre_band,value,land_ppsf,corner,cul_de_sac,interior,irregular,oversized,flood,east_us1,west_us1
Active,B26042914,3280,1000 Riviera Isle Drive,Kents Isles,KENTS ISLAND 15-22 B,29950000.0,,1.21,,"1 To Less Than 2 Acre Lot, East Of US 1",RS-8,,Unimproved Agri/Recreatn/Moblhome,True,Paved Road,52707.6,Single-family,False,1–2 ac,29950000.0,568.2292496717741,False,False,False,False,False,False,True,False
Active,B26013046,3490,1031 SW 28th Street,Edgewood,EDGEWOOD,9900000.0,,5.24,,5 To Less Than 10 Acre Lot,RD-15,,Unimproved Agri/Recreatn/Moblhome,False,,228254.40000000002,Multifamily,False,5–10 ac,9900000.0,43.37265787647467,False,False,False,False,False,False,False,False
Active,B26049914,3170,2455 Del Lago Drive,Del Lago Isles,DEL LAGO ISLE,8299000.0,,0.36,,"1/4 To Less Than 1/2 Acre Lot, Less Than 1 Acre",RS-4.4,,Unimproved Agri/Recreatn/Moblhome,True,Paved Road,15681.599999999999,Single-family,False,0.25–0.5 ac,8299000.0,529.2189572492604,False,False,False,False,False,False,False,False
Active,B26050094,3160,2900 N Atlantic Boulevard,Lauderdale Beach,LAUDERDALE BEACH,7800000.0,,0.223,,"Less Than 1/4 Acre Lot, Less Than 1 Acre",RS-8,,Unimproved Agri/Recreatn/Moblhome,True,,9713.880000000001,Single-family,False,< 0.25 ac,7800000.0,802.9747124732855,False,False,False,False,False,False,False,False
Active,A12017623,3600,1776 SE 9th St,Rio Vista,RIO VISTA ISLES,5490000.0,,0.21,9375.0,Less Than 1/4 Acre Lot,¤RS-4.4,Zoned Residential,Residential,True,"City/County Maintained, Other Road, Paved Road",9375.0,Single-family,False,< 0.25 ac,5490000.0,585.6,False,False,False,False,False,False,False,False
Active,B26010531,3130,3 Winnebago Road,Sea Ranch Lakes,SEA RANCH LAKES,5300000.0,,0.3137,,"1/4 To Less Than 1/2 Acre Lot, Corner Lot, Cul-De-Sac Lot, Interior Lot, Irregular Lot, Less Than 1 Acre",R-1,,Unimproved Agri/Recreatn/Moblhome,False,,13664.771999999999,Single-family,False,0.25–0.5 ac,5300000.0,387.85864850141667,True,True,True,True,False,False,False,False
Active,B26002550,3280,455 Bontona Avenue,Venice,VENICE RESUB OF BLKS 5 & 6,4490000.0,,0.2904,,"1/4 To Less Than 1/2 Acre Lot, Less Than 1 Acre",RS-8,,Unimproved Agri/Recreatn/Moblhome,True,City/County Maintained,12649.824,Single-family,False,0.25–0.5 ac,4490000.0,354.94564983670915,False,False,False,False,False,False,False,False
Active,A12038921,3270,840 NE 19th Way,Gateway Park,GATEWAY PARK AMENDED,4200000.0,,0.4,17340.0,,¤RO,Zoned Multifamily,Residential,False,,17340.0,Multifamily,False,0.25–0.5 ac,4200000.0,242.21453287197232,False,False,False,False,False,False,False,False
Active,F10536983,3490,1711 SW 30th Place,Oaklane St,OAKLANE 1ST ADD 80-7 B,4000000.0,,2.28,99532.0,2 To Less Than 3 Acre Lot,RS-8,Zoned Residential,Unimproved Agri/Recreatn/Moblhome,False,,99532.0,Single-family,False,2–3 ac,4000000.0,40.18808021540811,False,False,False,False,False,False,False,False
Active,B26011653,3280,646 Flamingo-a Drive,Riviera,RIVIERA,3950000.0,,0.2296,,"Less Than 1/4 Acre Lot, Less Than 1 Acre",RS-8,,Unimproved Agri/Recreatn/Moblhome,True,"City/County Maintained, Paved Road",10001.376,Single-family,False,< 0.25 ac,3950000.0,394.94565547780627,False,False,False,False,False,False,False,False
Active,B26022228,3280,310 Coral Way,Coral Isles,CORAL ISLES,3750000.0,,0.25,,"1/4 To Less Than 1/2 Acre Lot, Less Than 1 Acre",RS-4.4,,Unimproved Agri/Recreatn/Moblhome,True,Paved Road,10890.0,Single-family,False,0.25–0.5 ac,3750000.0,344.3526170798898,False,False,False,False,False,False,False,False
Active,A11985772,3160,3337 NE 16th Pl,Las Olas,LAS OLAS BY THE SEA EXT,3500000.0,,0.1722,6000.0,,¤RS-8,Zoned Residential,Residential,True,,6000.0,Single-family,False,< 0.25 ac,3500000.0,583.3333333333334,False,False,False,False,False,False,False,False
Active,F10543779,3570,1551 Davie Boulevard,Riverside,RIVERSIDE NO 3,3250000.0,,1.1,49530.0,,RM15,Zoned Residential,Unimproved Agri/Recreatn/Moblhome,False,City/County Maintained,49530.0,Single-family,False,1–2 ac,3250000.0,65.61679790026247,False,False,False,False,False,False,False,False
Active,F10546046,3260,2501 Middle River Drive,Coral Ridge Galt,CORAL RIDGE GALT ADD 27-4,2899000.0,,0.32,13551.0,,RS-4.4,Zoned Residential,Unimproved Agri/Recreatn/Moblhome,True,,13551.0,Single-family,False,0.25–0.5 ac,2899000.0,213.9325511032396,False,False,False,False,False,False,False,False
Active,F10553996,3260,2405 Middle River Drive,Coral Ridge Galt,CORAL RIDGE GALT ADD 27-4,2788800.0,,0.2326,10131.0,,RS-4.4,Zoned Residential,Unimproved Agri/Recreatn/Moblhome,True,,10131.0,Single-family,False,< 0.25 ac,2788800.0,275.27391175599644,False,False,False,False,False,False,False,False
Active,F10532034,3121,239 Hibiscus Avenue,Silver Shores,SILVER SHORES,2700000.0,,0.31,13909.0,"1/4 To Less Than 1/2 Acre Lot, Corner Lot, Less Than 1 Acre",RD-10,Zoned Duplex,Unimproved Agri/Recreatn/Moblhome,True,,13909.0,Duplex,False,0.25–0.5 ac,2700000.0,194.11891580990726,True,False,False,False,False,False,False,False
Active,F10495012,3600,1524 SE 14th Street,Lauderdale Harbors,LAUDERDALE HARBORS SEC A,2695000.0,,0.1767,7700.0,"Less Than 1/4 Acre Lot, Interior Lot, Less Than 1 Acre",RS-8,Zoned Residential,Unimproved Agri/Recreatn/Moblhome,True,"City/County Maintained, Paved Road",7700.0,Single-family,False,< 0.25 ac,2695000.0,350.0,False,False,True,False,False,False,False,False
Active,A12052219,3600,1642 SE 14th St,Lauderdale Harbors Sectio,LAUDERDALE HARBORS SECTIO,2650000.0,,0.18,7700.0,,¤RS-8,Zoned Residential,Residential,True,,7700.0,Single-family,False,< 0.25 ac,2650000.0,344.15584415584414,False,False,False,False,False,False,False,False
Active,F10531641,3130,4433 Poinciana Street,Lauderdale By Sea,LAUDERDALE BY THE SEA,2593080.0,,0.3571,15555.0,1/4 To Less Than 1/2 Acre Lot,RM-25,Zoned Multifamily,Unimproved Agri/Recreatn/Moblhome,False,,15555.0,Multifamily,False,0.25–0.5 ac,2593080.0,166.7039537126326,False,False,False,False,False,False,False,False
Active,A12016820,3480,1321 mandarin isle,Citrus Isles,CITRUS ISLES,2550000.0,,0.25,,1/4 To Less Than 1/2 Acre Lot,,Zoned Residential,Residential,True,,10890.0,Single-family,False,0.25–0.5 ac,2550000.0,234.15977961432506,False,False,False,False,False,False,False,False
Active,B26013595,3240,5320 NE 32nd Avenue,Landings,LANDINGS FIRST SEC,2495000.0,,0.238,,"Less Than 1/4 Acre Lot, Less Than 1 Acre",RS-8,,Unimproved Agri/Recreatn/Moblhome,True,,10367.279999999999,Single-family,False,< 0.25 ac,2495000.0,240.66100269308828,False,False,False,False,False,False,False,False
Active,F10550414,3160,2930 Center Avenue,Lauderdale Beach,LAUDERDALE BEACH 4-2 B,2390000.0,,0.136,5952.0,"Less Than 1/4 Acre Lot, East Of US 1",RS-8,Zoned Residential,Unimproved Agri/Recreatn/Moblhome,False,,5952.0,Single-family,False,< 0.25 ac,2390000.0,401.5456989247312,False,False,False,False,False,False,True,False
Active,F10537030,3470,1136 Pina Del Rio,Riversound,RIVERSOUND,1949000.0,,0.33,,,,Zoned Residential,Unimproved Agri/Recreatn/Moblhome,True,,14374.800000000001,Single-family,False,0.25–0.5 ac,1949000.0,135.5844950886273,False,False,False,False,False,False,False,False
Active,A11918277,3240,1501 NE 26th Ave,Coral Ridge,CORAL RIDGE,1935000.0,,0.27,11821.0,,¤RM-15,Zoned Residential,Residential,False,Legal Access Road,11821.0,Single-family,False,0.25–0.5 ac,1935000.0,163.6917350477963,False,False,False,False,False,False,False,False
Active,B26048481,3470,333 SW 14th Way,River Highlands,RIVER HIGHLANDS,1650000.0,,0.03,,"Less Than 1/4 Acre Lot, Less Than 1 Acre",RS-8,,Unimproved Agri/Recreatn/Moblhome,True,"Paved Road, Private Road",1306.8,Single-family,False,< 0.25 ac,1650000.0,1262.6262626262626,False,False,False,False,False,False,False,False
Active,F10555433,3550,2014 NW 28th Street,Middle River Gardens,MIDDLE RIVER GARDENS 22-4,1575000.0,,0.0,14998.0,,R-1,Zoned Multifamily,Unimproved Agri/Recreatn/Moblhome,False,Gravel/Lime Rock Road,14998.0,Multifamily,False,0.25–0.5 ac,1575000.0,105.01400186691559,False,False,False,False,False,False,False,False
Active,F10519940,3370,1100 NE 23rd Drive,Wilton Manors,WILTON MANORS,1450000.0,,0.32,14153.0,"1/4 To Less Than 1/2 Acre Lot, Less Than 1 Acre",B-2,Zoned Multifamily,Unimproved Agri/Recreatn/Moblhome,False,"City/County Maintained, Paved Road",14153.0,Multifamily,False,0.25–0.5 ac,1450000.0,102.45177700840811,False,False,False,False,False,False,False,False
Active,B26021643,3500,638 SW 4th Avenue,Ft Lauderdale,FT LAUDERDALE B-40,1350000.0,,0.1435,,"Less Than 1/4 Acre Lot, Less Than 1 Acre",RAC-SMU,,Unimproved Agri/Recreatn/Moblhome,False,,6250.86,Multifamily,False,< 0.25 ac,1350000.0,215.97028248912952,False,False,False,False,False,False,False,False
Active,A12024087,3360,1816-1818 Middle River Dr,Livermore Estates,LIVERMORE ESTATES,1290000.0,,9776.0,4184.0,,¤RC-15,Zoned Duplex,Other,False,,4184.0,Duplex,False,< 0.25 ac,1290000.0,308.3173996175908,False,False,False,False,False,False,False,False
Active,B26033259,3270,622 NE 8th Avenue,Progresso,PROGRESSO,1150000.0,,0.1549,,"Less Than 1/4 Acre Lot, Less Than 1 Acre",RMM-25,,Unimproved Agri/Recreatn/Moblhome,False,City/County Maintained,6747.444,Multifamily,False,< 0.25 ac,1150000.0,170.43490838901366,False,False,False,False,False,False,False,False
Active,B26053930,3270,640 NE 8th Avenue,Progresso,PROGRESSO,1100000.0,,0.155,,"Less Than 1/4 Acre Lot, East Of US 1, Interior Lot, Less Than 1 Acre",RMM-25,,Unimproved Agri/Recreatn/Moblhome,False,City/County Maintained,6751.8,Multifamily,False,< 0.25 ac,1100000.0,162.91951775822744,False,False,True,False,False,False,True,False
Active,B26037347,3370,1409 NE 24th Court,Wilton Manors,WILTON MANORS,1050000.0,,0.2619,,"1/4 To Less Than 1/2 Acre Lot, Less Than 1 Acre",RM-16,,Unimproved Agri/Recreatn/Moblhome,False,Paved Road,11408.364000000001,Multifamily,False,0.25–0.5 ac,1050000.0,92.03773652383461,False,False,False,False,False,False,False,False
Active,F10518590,3450,1338 - 1384 NE   1384 35th Street,Oakland Park First,OAKLAND PARK FIRST ADD 2-,999999.0,,0.37,16007.0,1/4 To Less Than 1/2 Acre Lot,R-2,Zoned Multifamily,Unimproved Agri/Recreatn/Moblhome,False,,16007.0,Multifamily,False,0.25–0.5 ac,999999.0,62.47260573499094,False,False,False,False,False,False,False,False
Active,A11684524,3600,615 SE 7th St,Rio Vista,RIO VISTA C J HECTORS RES,950000.0,,0.1411,6150.0,,¤RS-8,Zoned Residential,Residential,False,,6150.0,Single-family,False,< 0.25 ac,950000.0,154.47154471544715,False,False,False,False,False,False,False,False
Active,B26050628,3370,234 NE 21st Court,Wilton Manors,WILTON MANORS,949900.0,,0.2115,,"Less Than 1/4 Acre Lot, Less Than 1 Acre, Oversized Lot",RS-5,,,False,,9212.94,Single-family,False,< 0.25 ac,949900.0,103.10498060336873,False,False,False,False,True,False,False,False
Active,F10529682,3480,1516 SW 15th Terrace,Shady Banks On New River,SHADY BANKS ON NEW RIVER,925000.0,,0.4268,18592.0,"1/4 To Less Than 1/2 Acre Lot, Less Than 1 Acre",RS-8,Zoned Residential,Unimproved Agri/Recreatn/Moblhome,False,"City/County Maintained, Paved Road",18592.0,Single-family,False,0.25–0.5 ac,925000.0,49.7525817555938,False,False,False,False,False,False,False,False
Active,B26004916,3370,2056 NE 9th Avenue,Wilton Manors,WILTON MANORS,895000.0,,0.2394,,"Less Than 1/4 Acre Lot, Less Than 1 Acre",RM-16,,Unimproved Agri/Recreatn/Moblhome,False,City/County Maintained,10428.264,Multifamily,False,< 0.25 ac,895000.0,85.82444786591518,False,False,False,False,False,False,False,False
Active,F10537964,3460,900 NW 2nd Street,Seminole Olivers,SEMINOLE ADD F R OLIVERS,895000.0,,0.3213,14000.0,1/4 To Less Than 1/2 Acre Lot,RMM-25,Zoned Multifamily,Unimproved Agri/Recreatn/Moblhome,False,City/County Maintained,14000.0,Multifamily,False,0.25–0.5 ac,895000.0,63.92857142857143,False,False,False,False,False,False,False,False
Active,A12028828,3460,1102 NW 6th St,Tuskegee Park,TUSKEGEE PARK,850000.0,,0.1456,6342.0,,¤NWRAC-MU,Zoned Multifamily,Residential,False,,6342.0,Multifamily,False,< 0.25 ac,850000.0,134.02712078208768,False,False,False,False,False,False,False,False
Active,B26031043,3480,2009 SW 18th Avenue,River Oaks,RIVER OAKS,699000.0,,0.25,,"1/4 To Less Than 1/2 Acre Lot, Less Than 1 Acre",RD-15,,Unimproved Agri/Recreatn/Moblhome,False,Other Road,10890.0,Multifamily,False,0.25–0.5 ac,699000.0,64.18732782369146,False,False,False,False,False,False,False,False
Active,A12031847,3390,201 NW 11th St,Progresso,PROGRESSO,649000.0,,0.23,10122.0,,¤RD-15,Zoned Duplex,Residential,False,,10122.0,Duplex,False,< 0.25 ac,649000.0,64.11776328788777,False,False,False,False,False,False,False,False
Active,A12041906,3380,1518 NE 11th St,Progresso,PROGRESSO,599900.0,,0.155,6753.0,,¤RMM-25,Zoned Residential,Residential,False,,6753.0,Single-family,False,< 0.25 ac,599900.0,88.83459203317044,False,False,False,False,False,False,False,False
Active,A11979849,3480,1120 NE 15th Ave,Progresso,PROGRESSO,594900.0,,0.1492,6500.0,,¤RC-15,Zoned Duplex,Residential,False,,6500.0,Duplex,False,< 0.25 ac,594900.0,91.52307692307693,False,False,False,False,False,False,False,False
Active,A12042078,3470,615 SW 16th St,Alta Vista Terrace,ALTA VISTA TERRACE,569900.0,,0.15,6771.0,,¤RD-15,Zoned Residential,Residential,False,,6771.0,Single-family,False,< 0.25 ac,569900.0,84.16777433170876,False,False,False,False,False,False,False,False
Active,A11797438,3470,853 SW 12th St,Vinik,VINIK NO 2,550000.0,,0.1464,6378.0,,¤RD-15,Zoned Residential,Other,False,,6378.0,Single-family,False,< 0.25 ac,550000.0,86.23392913138915,False,False,False,False,False,False,False,False
Active,A11895350,3422,833 NW 12th Ave,Lincoln Park Third,LINCOLN PARK THIRD ADD,549999.0,,0.206,8975.0,,¤RMM-25,Zoned Residential,Residential,False,"Other Road, Public Road",8975.0,Single-family,False,< 0.25 ac,549999.0,61.28122562674095,False,False,False,False,False,False,False,False
Active,F10503152,3490,3340 SW 15th Avenue,Picket Lane,PICKET LANE 22-12,525000.0,,0.286,12495.0,,RS-8,Zoned Residential,Unimproved Agri/Recreatn/Moblhome,False,,12495.0,Single-family,False,0.25–0.5 ac,525000.0,42.016806722689076,False,False,False,False,False,False,False,False
Active,A11992937,3470,1301 SW 7th St,Riverside Amen,RIVERSIDE ADD AMEN PLAT,480000.0,,0.149,6500.0,,,Zoned Duplex,Residential,False,,6500.0,Duplex,False,< 0.25 ac,480000.0,73.84615384615384,False,False,False,False,False,False,False,False
Active,A12055279,3570,1430 Davie Blvd,South Fork Ests,SOUTH FORK ESTS,450000.0,,0.32,14114.0,,¤RS-8,Zoned Residential,Residential,False,,14114.0,Single-family,False,0.25–0.5 ac,450000.0,31.883236502763214,False,False,False,False,False,False,False,False
Active,A11982416,3490,1460 SW 31st Ct,Jacobs Hammock,JACOBS HAMMOCK,400000.0,,0.2,8710.0,Less Than 1/4 Acre Lot,¤RD-15,Zoned Multifamily,Residential,False,"Legal Access Road, City/County Maintained, Paved Road",8710.0,Multifamily,False,< 0.25 ac,400000.0,45.924225028702644,False,False,False,False,False,False,False,False
Active,F10452971,3490,1545 SW 32nd Street,Barretts,F A BARRETTS SUB OF W1/2,349900.0,,0.189,8232.0,,RS-8,Zoned Residential,Unimproved Agri/Recreatn/Moblhome,False,,8232.0,Single-family,False,< 0.25 ac,349900.0,42.50485908649174,False,False,False,False,False,False,False,False
Active,F10550946,3370,1201 NE 3rd Avenue,Progresso,PROGRESSO 2-18 D,325000.0,,0.0,6952.0,Less Than 1/4 Acre Lot,RD-15,Zoned Residential,Unimproved Agri/Recreatn/Moblhome,False,,6952.0,Single-family,False,< 0.25 ac,325000.0,46.749136939010356,False,False,False,False,False,False,False,False
Active,A12015247,3560,0 SW 16th Ave,Sherwood Forest,SHERWOOD FOREST,295000.0,,0.146,6363.0,Less Than 1/4 Acre Lot,¤RD-15,Zoned Duplex,Residential,False,,6363.0,Duplex,False,< 0.25 ac,295000.0,46.36177903504636,False,False,False,False,False,False,False,False
Active,A11930104,3700,633 NW 14th Ter,Lincoln Park Corr,LINCOLN PARK CORR PLAT,295000.0,,0.17,7500.0,,¤RC-15,Zoned Duplex,Residential,False,,7500.0,Duplex,False,< 0.25 ac,295000.0,39.333333333333336,False,False,False,False,False,False,False,False
Active,A11959494,3450,3250 NE 3rd Ave,Oakland Park Second,OAKLAND PARK SECOND ADD,259995.0,,0.1445,6294.0,,,Zoned Residential,Residential,False,,6294.0,Single-family,False,< 0.25 ac,259995.0,41.30838894184938,False,False,False,False,False,False,False,False
Active,A11959482,3450,3210 NE 3rd Ave,Oakland Park Second,OAKLAND PARK SECOND ADD,259995.0,,0.155,6750.0,,¤R-1,Zoned Residential,Residential,False,"Legal Access Road, Paved Road",6750.0,Single-family,False,< 0.25 ac,259995.0,38.51777777777778,False,False,False,False,False,False,False,False
Active,B26027438,3560,2630 NW 20th Avenue,Gedeon,GEDEON SUB,255000.0,,0.2,,"Less Than 1/4 Acre Lot, Less Than 1 Acre, West Of US 1",R-1,,Unimproved Agri/Recreatn/Moblhome,False,Private Road,8712.0,Single-family,False,< 0.25 ac,255000.0,29.269972451790633,False,False,False,False,False,False,False,True
Active,A12018334,3560,1031 NW 21st St,Hillmont Middle River Vis,HILLMONT MIDDLE RIVER VIS,250000.0,,0.19,,"East Of US 1, Interior Lot, Oversized Lot",¤RS-8,Zoned Residential,Residential,True,"City/County Maintained, Paved Road, Public Road",8276.4,Single-family,False,< 0.25 ac,250000.0,30.20636991928858,False,False,True,False,True,False,True,False
Active,A11994012,3560,422 NW 22nd Ave,River Gardens,RIVER GARDENS,205000.0,,0.195,8499.0,,¤RMS-15,Zoned Residential,Residential,False,,8499.0,Single-family,False,< 0.25 ac,205000.0,24.120484762913282,False,False,False,False,False,False,False,False
Active,A12004783,3400,1244 NW 5th Avenue,Progresso,PROGRESSO,175000.0,,0.11,4731.0,,¤RD-15,Zoned Residential,Residential,False,,4731.0,Single-family,False,< 0.25 ac,175000.0,36.99006552525893,False,False,False,False,False,False,False,False
Active,A11956832,3460,536 NW 16th Ave,Dorsey Park Second,DORSEY PARK SECOND ADD,174999.0,,0.124,5400.0,,¤RS-8,Zoned Residential,Residential,False,,5400.0,Single-family,False,< 0.25 ac,174999.0,32.407222222222224,False,False,False,False,False,False,False,False
Active,A12044847,3220,0 NW 1st Ave,Progresso,PROGRESSO 2-18 D,159999.0,,0.08,3375.0,,¤RD-15,Zoned Residential,Residential,False,,3375.0,Single-family,False,< 0.25 ac,159999.0,47.407111111111114,False,False,False,False,False,False,False,False
Active,A12044038,3500,610 W Las Olas Blvd,Symphony North,SYMPHONY NORTH CONDO,150000.0,,0.0,,Less Than 1/4 Acre Lot,0,Boat Dock or Dockominium,Residential,True,Other Road,,Dock,True,< 0.25 ac,150000.0,,False,False,False,False,False,False,False,False
Active,F10532745,3810,921 3 Avenue,Progresso,PROGRESSO 2-18 D,135000.0,,0.0804,3375.0,Less Than 1/4 Acre Lot,RMM-25,Zoned Multifamily,Unimproved Agri/Recreatn/Moblhome,False,,3375.0,Multifamily,False,< 0.25 ac,135000.0,40.0,False,False,False,False,False,False,False,False
Active,A12003221,3050,322 Hendricks Isle,Victoria Isles,VICTORIA ISLES,1100.0,,0.0,6250.0,Less Than 1/4 Acre Lot,¤RMM-25,Boat Dock or Dockominium,Dockominium,True,Other Road,6250.0,Dock,True,< 0.25 ac,1100.0,0.176,False,False,False,False,False,False,False,False
Active,B26010900,3480,900 Guava Isle,South New River Isles,SOUTH NEW RIVER ISLES SEC,679000.0,,0.224,,"Less Than 1/4 Acre Lot, Corner Lot, Less Than 1 Acre",RS-8,,Unimproved Agri/Recreatn/Moblhome,True,City/County Maintained,9757.44,Single-family,False,< 0.25 ac,679000.0,69.58792470156106,True,False,False,False,False,False,False,False
Cancelled,F10359612,3600,1818 SE 10th Street,Goulds Point,GOULDS POINT 16-64 B,49999000.0,,1.057,46056.0,1 To Less Than 2 Acre Lot,RS-4.4,Zoned Residential,Unimproved Agri/Recreatn/Moblhome,True,,46056.0,Single-family,False,1–2 ac,49999000.0,1085.613166579816,False,False,False,False,False,False,False,False
Cancelled,F10419616,3600,1818 SE 10th Street,Goulds Point,GOULDS POINT 16-64 B,39990000.0,,1.4,60868.0,"1 To Less Than 2 Acre Lot, Cul-De-Sac Lot, East Of US 1",RS-4.4,Zoned Residential,Unimproved Agri/Recreatn/Moblhome,True,,60868.0,Single-family,False,1–2 ac,39990000.0,656.9954655976868,False,True,False,False,False,False,True,False
Cancelled,F10457392,3600,1818 SE 10th St,Goulds Point,GOULDS POINT 16-64 B,24900000.0,,0.7213,31420.0,1/2 To Less Than 3/4 Acre Lot,RS-4.4,Zoned Residential,Residential,True,Public Road,31420.0,Single-family,False,0.5–0.75 ac,24900000.0,792.488860598345,False,False,False,False,False,False,False,False
Cancelled,F10543316,3280,2617 Aqua Vista Blvd,Aqua Vista,AQUA VISTA,12900000.0,,0.3,,,,Zoned Residential,Residential,True,,13068.0,Single-family,False,0.25–0.5 ac,12900000.0,987.1441689623508,False,False,False,False,False,False,False,False
Cancelled,R10967033,3240,30 Compass Point,Bay Colony Land,BAY COLONY SEC OF THE LAND,12500000.0,,,,"1/2 To Less Than 3/4 Acre Lot, East Of US 1",RS-4.4,,,True,"Paved Road, Private Road",,Single-family,False,0.5–0.75 ac,12500000.0,,False,False,False,False,False,False,True,False
Cancelled,F10417604,3280,1000 Riviera Drive,Kents Isles,KENTS ISLAND 15-22 B,9995000.0,,0.53,23114.0,1/2 To Less Than 3/4 Acre Lot,RS-8,Zoned Residential,Unimproved Agri/Recreatn/Moblhome,True,,23114.0,Single-family,False,0.5–0.75 ac,9995000.0,432.42190879986157,False,False,False,False,False,False,False,False
Cancelled,F10419398,3600,1811 SE 10th Street,Goulds Point,GOULDS POINT 16-64 B,8999000.0,,0.34,14812.0,1/4 To Less Than 1/2 Acre Lot,,Zoned Residential,Unimproved Agri/Recreatn/Moblhome,True,,14812.0,Single-family,False,0.25–0.5 ac,8999000.0,607.5479341074804,False,False,False,False,False,False,False,False
Cancelled,F10457202,3600,1813 SE 10th St,Goulds Point,GOULDS POINT 16-64 B,8900000.0,,0.34,14636.0,1/4 To Less Than 1/2 Acre Lot,,Zoned Residential,Residential,True,,14636.0,Single-family,False,0.25–0.5 ac,8900000.0,608.0896419786827,False,False,False,False,False,False,False,False
Cancelled,R11039541,3160,3021 NE 26th Street,Lauderdale Beach Ext,LAUDERDALE BEACH EXT UNIT,7500000.0,,,,,RD-15,,Single,True,Other Road,,Multifamily,False,,7500000.0,,False,False,False,False,False,False,False,False
Cancelled,A11690674,3470,700 & 710 SW 12th Ave,Riverside Park,RIVERSIDE PARK,6600000.0,,0.77,33605.0,3/4 To Less Than 1 Acre Lot,¤RS-8,Zoned Residential,Residential,True,"City/County Maintained, Paved Road, Public Road",33605.0,Single-family,False,0.75–1 ac,6600000.0,196.39934533551556,False,False,False,False,False,False,False,False
Cancelled,A11961402,3160,1651 N Ft Lauderdale Beach Blvd,Las Olas,LAS OLAS BY THE SEA EXT,5969000.0,,0.35,15000.0,,¤RS-8,Zoned Residential,Residential,True,"Legal Access Road, City/County Maintained, Public Road",15000.0,Single-family,False,0.25–0.5 ac,5969000.0,397.93333333333334,False,False,False,False,False,False,False,False
Cancelled,F10452374,3280,515 Isle of Capri,Venice,VENICE,5300000.0,,0.189,8250.0,Less Than 1/4 Acre Lot,,Boat Dock or Dockominium,Residential,True,"Legal Access Road, City/County Maintained",8250.0,Dock,True,< 0.25 ac,5300000.0,642.4242424242424,False,False,False,False,False,False,False,False
Cancelled,F10410204,3600,1209 N Rio Vista Blvd,Rio Vista,RIO VISTA C J HECTORS RES,4795000.0,,0.3,13094.0,,RS-8,Zoned Residential,Residential,True,,13094.0,Single-family,False,0.25–0.5 ac,4795000.0,366.1982587444631,False,False,False,False,False,False,False,False
Cancelled,F10425276,3600,1401 SE 9th Street,Rio Vista,RIO VISTA ISLES,4495000.0,,18220.0,18220.0,1/4 To Less Than 1/2 Acre Lot,RS-8,Zoned Residential,Unimproved Agri/Recreatn/Moblhome,True,,18220.0,Single-family,False,0.25–0.5 ac,4495000.0,246.70691547749726,False,False,False,False,False,False,False,False
Cancelled,F10413243,3600,1725 SE 13th Street,Lauderdale Harbors,LAUDERDALE HARBORS SEC A,4495000.0,,0.25,7700.0,Less Than 1/4 Acre Lot,RS-8,Zoned Residential,Unimproved Agri/Recreatn/Moblhome,True,,7700.0,Single-family,False,< 0.25 ac,4495000.0,583.7662337662338,False,False,False,False,False,False,False,False
Cancelled,F10470888,3600,1725 SE 13th Street,Lauderdale Harbors,LAUDERDALE HARBORS SEC A,4125000.0,,0.18,7700.0,Less Than 1/4 Acre Lot,RS-8,Zoned Residential,Unimproved Agri/Recreatn/Moblhome,True,,7700.0,Single-family,False,< 0.25 ac,4125000.0,535.7142857142857,False,False,False,False,False,False,False,False
Cancelled,F10455929,3600,1524 SE 13th St,Lauderdale Harbors,LAUDERDALE HARBORS SEC A,3750000.0,,0.1768,7700.0,Less Than 1/4 Acre Lot,RS-8,Zoned Residential,Residential,True,"City/County Maintained, Paved Road, Public Road",7700.0,Single-family,False,< 0.25 ac,3750000.0,487.012987012987,False,False,False,False,False,False,False,False
Cancelled,A11561722,3470,1501 SW 4th Ct,Gill Isles,GILL ISLES,2995000.0,,0.228,9934.0,Less Than 1/4 Acre Lot,¤RS-8,Zoned Residential,Residential,True,,9934.0,Single-family,False,< 0.25 ac,2995000.0,301.489832897121,False,False,False,False,False,False,False,False
Cancelled,F10505256,3270,743 N Victoria Park Rd,Victoria Highlands,VICTORIA HIGHLANDS AMD,2990000.0,,18137.0,7276.0,,RS-8,Zoned Residential,Residential,False,Public Road,7276.0,Single-family,False,< 0.25 ac,2990000.0,410.94007696536556,False,False,False,False,False,False,False,False
Cancelled,R11066566,3480,2060 SW 16th Court,Starlight Landing,STARLIGHT LANDING,2750000.0,,1.34,,,RS-8,,Single,True,City/County Maintained,58370.4,Single-family,False,1–2 ac,2750000.0,47.1129202472486,False,False,False,False,False,False,False,False
Cancelled,A11583790,3160,3301 NE 17th Ct,Las Olas,LAS OLAS BY THE SEA EXT,2700000.0,,0.1955,8518.0,,¤RS-8,Zoned Residential,Residential,True,,8518.0,Single-family,False,< 0.25 ac,2700000.0,316.9758159192299,False,False,False,False,False,False,False,False
Cancelled,A11733230,3470,710 SW 12th Ave,Riverside Amen,RIVERSIDE ADD AMEN PLAT,2700000.0,,0.31,13797.0,1/4 To Less Than 1/2 Acre Lot,¤RS-8,Zoned Residential,Residential,True,"City/County Maintained, Public Road",13797.0,Single-family,False,0.25–0.5 ac,2700000.0,195.69471624266146,False,False,False,False,False,False,False,False
Cancelled,F10533563,3470,522 SW 9th Terrace,Tropical Point,TROPICAL POINT 2 54-27 B,2650000.0,,0.25,11415.0,"1/4 To Less Than 1/2 Acre Lot, Less Than 1 Acre",RS-8,Zoned Residential,Unimproved Agri/Recreatn/Moblhome,True,Paved Road,11415.0,Single-family,False,0.25–0.5 ac,2650000.0,232.15067893123083,False,False,False,False,False,False,False,False
Cancelled,A11685687,3170,1236 E Lake Dr,Harbor Beach,HARBOR BEACH,2390000.0,,0.3,13050.0,1/4 To Less Than 1/2 Acre Lot,¤RS-4.4,Zoned Residential,Residential,False,,13050.0,Single-family,False,0.25–0.5 ac,2390000.0,183.1417624521073,False,False,False,False,False,False,False,False
Cancelled,A11780185,3160,3301 NE 14th Ct,Las Olas,LAS OLAS BY THE SEA EXT,2300000.0,,0.3,14057.0,,¤RS-8,Zoned Residential,Residential,True,,14057.0,Single-family,False,0.25–0.5 ac,2300000.0,163.6195489791563,False,False,False,False,False,False,False,False
Cancelled,A11437557,3360,1271 NE 32nd St,Oakland Park,OAKLAND PARK,2200000.0,,0.4012,17475.0,,¤IN,Zoned Residential,Other,False,,17475.0,Single-family,False,0.25–0.5 ac,2200000.0,125.89413447782546,False,False,False,False,False,False,False,False
Cancelled,F10454294,3600,805 SE 10th St,Rio Vista,RIO VISTA ISLES,2200000.0,,0.22,9375.0,Less Than 1/4 Acre Lot,RS-8,Zoned Residential,Residential,False,,9375.0,Single-family,False,< 0.25 ac,2200000.0,234.66666666666666,False,False,False,False,False,False,False,False
Cancelled,A11847883,3270,450 NE 16th Ave,Middle River Park,MIDDLE RIVER PARK,2100000.0,,1.4,9241.0,,¤RC-15,Zoned Residential,Residential,False,,9241.0,Single-family,False,< 0.25 ac,2100000.0,227.24813331890488,False,False,False,False,False,False,False,False
Cancelled,F10482240,3280,2513 E Las Olas Blvd,Lauderdale Shores Corr,LAUDERDALE SHORES CORR,2000000.0,,0.0,7800.0,Less Than 1/4 Acre Lot,RS-8,Zoned Residential,Residential,True,,7800.0,Single-family,False,< 0.25 ac,2000000.0,256.4102564102564,False,False,False,False,False,False,False,False
Cancelled,A11829528,3070,2512 Barbara Dr,Harbor Beach,HARBOR BEACH EXTENSION,1999990.0,,0.3,13658.0,1/4 To Less Than 1/2 Acre Lot,¤RS-8,Zoned Residential,Residential,True,"City/County Maintained, Paved Road, Public Road",13658.0,Single-family,False,0.25–0.5 ac,1999990.0,146.43359203397276,False,False,False,False,False,False,False,False
Cancelled,A11730111,3160,3301 NE 17th Ct,Las Olas,LAS OLAS BY THE SEA EXT,1999000.0,,0.1955,8518.0,,¤RS-8,Zoned Residential,Residential,True,,8518.0,Single-family,False,< 0.25 ac,1999000.0,234.67950223057056,False,False,False,False,False,False,False,False
Cancelled,F10462225,3160,2407 NE 33rd Ave,Lauderdale Beach Ext,LAUDERDALE BEACH EXT UNIT,1995000.0,,0.22,9547.0,Less Than 1/4 Acre Lot,RD-15,Zoned Duplex,Residential,False,,9547.0,Duplex,False,< 0.25 ac,1995000.0,208.9661673824238,False,False,False,False,False,False,False,False
Cancelled,F10449821,3600,1111 Ponce De Leon Dr,Rio Vista,RIO VISTA ISLES,1995000.0,,0.2,8304.0,,RS-8,Zoned Residential,Residential,True,,8304.0,Single-family,False,< 0.25 ac,1995000.0,240.2456647398844,False,False,False,False,False,False,False,False
Cancelled,F10477168,3260,1222 Bayview Dr,Beach Way Heights,BEACH WAY HEIGHTS,1990000.0,,0.0,13491.0,,RS-4.4,Zoned Residential,Residential,True,,13491.0,Single-family,False,0.25–0.5 ac,1990000.0,147.50574457045437,False,False,False,False,False,False,False,False
Cancelled,A11593451,3240,1501 NE 26th Ave,Coral Ridge,CORAL RIDGE,1935000.0,,0.27,11821.0,,¤RM-15,Zoned Residential,Residential,False,,11821.0,Single-family,False,0.25–0.5 ac,1935000.0,163.6917350477963,False,False,False,False,False,False,False,False
Cancelled,A11923189,3470,1501 SW 4th Ct,Gill Isles,GILL ISLES,1899000.0,,0.228,10000.0,Less Than 1/4 Acre Lot,¤RS-8,Zoned Residential,Residential,True,"City/County Maintained, Paved Road, Public Road",10000.0,Single-family,False,< 0.25 ac,1899000.0,189.9,False,False,False,False,False,False,False,False
Cancelled,A11952842,3270,450 NE 16th Ave,Middle River Park,MIDDLE RIVER PARK,1850000.0,,0.2,9241.0,,¤RC-15,Zoned Residential,Residential,False,,9241.0,Single-family,False,< 0.25 ac,1850000.0,200.19478411427335,False,False,False,False,False,False,False,False
Cancelled,A11689375,3130,3312 NE 16th Ct,Las Olas,LAS OLAS BY THE SEA EXT,1799000.0,,0.143,6250.0,,¤RS-8,Zoned Residential,Residential,False,,6250.0,Single-family,False,< 0.25 ac,1799000.0,287.84,False,False,False,False,False,False,False,False
Cancelled,A11740468,3160,3312 NE 16th Ct,Las Olas,LAS OLAS BY THE SEA EXT,1799000.0,,0.1435,6198.0,,¤RS-8,Zoned Residential,Residential,False,,6198.0,Single-family,False,< 0.25 ac,1799000.0,290.25492094223944,False,False,False,False,False,False,False,False
Cancelled,F10520727,3170,2512 Barbara Dr,Harbor Beach,HARBOR BEACH EXTENSION,1695000.0,,0.3,13658.0,1/4 To Less Than 1/2 Acre Lot,RS-8,Zoned Residential,Residential,False,"City/County Maintained, Paved Road, Public Road",13658.0,Single-family,False,0.25–0.5 ac,1695000.0,124.10308976424074,False,False,False,False,False,False,False,False
Cancelled,A11637968,3280,2601 Acacia Ct,,REVISED PLAT,1600000.0,,0.2,9000.0,,¤RS-8,Zoned Residential,Residential,False,,9000.0,Single-family,False,< 0.25 ac,1600000.0,177.77777777777777,False,False,False,False,False,False,False,False
Cancelled,F10431894,3470,1131 SW 9 Ave,Valentines,VALENTINES SUB B-29,1500000.0,,0.37,16200.0,1/4 To Less Than 1/2 Acre Lot,RS-8,Zoned Residential,Residential,True,,16200.0,Single-family,False,0.25–0.5 ac,1500000.0,92.5925925925926,False,False,False,False,False,False,False,False
Cancelled,A11963427,3160,3309 NE 16th Ct,Las Olas,LAS OLAS BY THE SEA EXT,1499000.0,,0.1432,6236.0,"Less Than 1/4 Acre Lot, East Of US 1, Regular Lot",¤RS-8,Zoned Residential,Residential,False,"Legal Access Road, City/County Maintained, Paved Road",6236.0,Single-family,False,< 0.25 ac,1499000.0,240.3784477228993,False,False,False,False,False,False,True,False
Cancelled,F10531370,3270,727 NE 17th Ave,Victoria Courts,VICTORIA COURTS 9-49 B,1400000.0,,0.11,4814.0,,RCS-15,Zoned Residential,Residential,False,,4814.0,Single-family,False,< 0.25 ac,1400000.0,290.8184461985875,False,False,False,False,False,False,False,False
Cancelled,F10480470,3140,254 Capri Avenue,Silver Shores,SILVER SHORES-SUB TR D,1174000.0,,0.16,7150.0,,RS-5,Zoned Residential,Unimproved Agri/Recreatn/Moblhome,False,,7150.0,Single-family,False,< 0.25 ac,1174000.0,164.1958041958042,False,False,False,False,False,False,False,False
Cancelled,F10444086,3720,261 NW 40th Ct,Prospect Gardens,PROSPECT GARDENS,1150000.0,,0.62,27200.0,1/2 To Less Than 3/4 Acre Lot,RM-16,Zoned Multifamily,Residential,False,"City/County Maintained, Paved Road, Public Road",27200.0,Multifamily,False,0.5–0.75 ac,1150000.0,42.279411764705884,False,False,False,False,False,False,False,False
Cancelled,F10445723,3370,20 NE 24th St,Lazy Lake,LAZY LAKE,1100000.0,,0.49,21400.0,1/4 To Less Than 1/2 Acre Lot,,Zoned Residential,Residential,True,,21400.0,Single-family,False,0.25–0.5 ac,1100000.0,51.401869158878505,False,False,False,False,False,False,False,False
Cancelled,F10523059,3600,720 SE 7th Street,Rio Vista,RIO VISTA,1089000.0,,0.1434,6250.0,Less Than 1/4 Acre Lot,RES,Zoned Residential,Residential,False,City/County Maintained,6250.0,Single-family,False,< 0.25 ac,1089000.0,174.24,False,False,False,False,False,False,False,False
Cancelled,F10512311,3500,247-251 SW 22nd Street,Crossaint Park,CROSSAINT PARK,1070000.0,,0.309,,Less Than 1/4 Acre Lot,RM15,Zoned Residential,Residential,False,"Paved Road, Public Road",13460.039999999999,Single-family,False,< 0.25 ac,1070000.0,79.49456316623132,False,False,False,False,False,False,False,False
Cancelled,A11677845,3370,2141 NE 18th Ave,Middle River Manor,MIDDLE RIVER MANOR,988000.0,,0.16,6998.0,,¤RS-5,Zoned Residential,Residential,True,,6998.0,Single-family,False,< 0.25 ac,988000.0,141.18319519862817,False,False,False,False,False,False,False,False
Cancelled,A11730483,3270,428 NE 17th Ave,Victoria Park,VICTORIA PARK CORR AMEN P,985000.0,,1.33,5826.0,,¤RC-15,Zoned Duplex,Duplex,False,,5826.0,Duplex,False,< 0.25 ac,985000.0,169.06968760727773,False,False,False,False,False,False,False,False
Cancelled,A11432979,3470,1127 SW 9th Ave,Jolly Fields,JOLLY FIELDS,984000.0,,0.2009,8750.0,Less Than 1/4 Acre Lot,¤RS-8,Zoned Residential,Residential,True,"Paved Road, Public Road",8750.0,Single-family,False,< 0.25 ac,984000.0,112.45714285714286,False,False,False,False,False,False,False,False
Cancelled,F10475751,3270,622 NE 8th Ave,Progresso,PROGRESSO,900000.0,,0.1549,6750.0,Other Lot Description,,Zoned Residential,Residential,False,,6750.0,Single-family,False,< 0.25 ac,900000.0,133.33333333333334,False,False,False,False,False,False,False,False
Cancelled,F10456083,3470,806-808 Tequesta St,Bryan Subdivision,BRYAN SUBDIVISION,899000.0,,0.3213,14000.0,Less Than 1/4 Acre Lot,,Zoned Residential,Residential,False,"Paved Road, Public Road",14000.0,Single-family,False,< 0.25 ac,899000.0,64.21428571428571,False,False,False,False,False,False,False,False
Cancelled,A11843967,3480,1220 SW 17th St,Yellowstone Park Amen Pla,YELLOWSTONE PARK AMEN PLA,870000.0,,0.28,12358.0,,¤RS-8,Zoned Residential,Other,False,,12358.0,Single-family,False,0.25–0.5 ac,870000.0,70.3997410584237,False,False,False,False,False,False,False,False
Cancelled,F10545470,3270,739 NE 17th Road,Victoria Park,VICTORIA PARK,860000.0,,0.11,4814.0,Less Than 1/4 Acre Lot,RCS-15,Zoned Residential,Unimproved Agri/Recreatn/Moblhome,False,,4814.0,Single-family,False,< 0.25 ac,860000.0,178.64561695056085,False,False,False,False,False,False,False,False
Cancelled,F10481420,3600,1223 Cordova Road,Lauderdale Harbors,LAUDERDALE HARBORS,850000.0,,0.16,7000.0,"Less Than 1/4 Acre Lot, East Of US 1",Resident,Zoned Residential,Residential,False,,7000.0,Single-family,False,< 0.25 ac,850000.0,121.42857142857143,False,False,False,False,False,False,True,False
Cancelled,F10490644,3390,55 NE 25th St,Petite,PETITE,849000.0,,0.286,12497.0,,RM-16,Zoned Multifamily,Residential,False,,12497.0,Multifamily,False,0.25–0.5 ac,849000.0,67.93630471313115,False,False,False,False,False,False,False,False
Cancelled,A11608317,3470,1023 W Las Olas Blvd,Waverly Place,WAVERLY PLACE,840000.0,,0.2238,9750.0,,¤RML-25,Zoned Residential,Residential,False,,9750.0,Single-family,False,< 0.25 ac,840000.0,86.15384615384616,False,False,False,False,False,False,False,False
Cancelled,A11717274,3140,4557 Poinciana St,Lauderdale By Sea,LAUDERDALE BY THE SEA,799999.0,,0.1473,6415.0,Less Than 1/4 Acre Lot,¤RM-25,Zoned Multifamily,Residential,False,,6415.0,Multifamily,False,< 0.25 ac,799999.0,124.70756040530007,False,False,False,False,False,False,False,False
Cancelled,F10545461,3270,742 NE 17th Avenue,Victoria Park,VICTORIA PARK,799000.0,,0.11,4814.0,Less Than 1/4 Acre Lot,RCS-15,Zoned Residential,Unimproved Agri/Recreatn/Moblhome,False,,4814.0,Single-family,False,< 0.25 ac,799000.0,165.97424179476528,False,False,False,False,False,False,False,False
Cancelled,F10480640,3470,806-808 Tequesta St,Bryan Subdivision,BRYAN SUBDIVISION,775000.0,,0.3213,14000.0,Less Than 1/4 Acre Lot,,Zoned Residential,Residential,False,"Paved Road, Public Road",14000.0,Single-family,False,< 0.25 ac,775000.0,55.357142857142854,False,False,False,False,False,False,False,False
Cancelled,R11056770,3240,1020 NE 16th Terrace,Progresso,PROGRESSO,760000.0,,0.16,,Less Than 1/4 Acre Lot,RMM-25,,Unimproved Agri/Recreatn/Moblhome,False,City/County Maintained,6969.6,Multifamily,False,< 0.25 ac,760000.0,109.04499540863176,False,False,False,False,False,False,False,False
Cancelled,A11830563,3500,214/216 SW 9th ST,Lauderdale,LAUDERDALE,698997.0,,,3323.0,Less Than 1/4 Acre Lot,RD-15,,Other,False,,3323.0,Multifamily,False,< 0.25 ac,698997.0,210.35118868492327,False,False,False,False,False,False,False,False
Cancelled,A11730484,3370,516 NE 28th Dr,Tropical Manors,TROPICAL MANORS,675000.0,,0.16,7005.0,,¤RS-5,Zoned Residential,Residential,False,,7005.0,Single-family,False,< 0.25 ac,675000.0,96.35974304068523,False,False,False,False,False,False,False,False
Cancelled,A11719797,3380,1120 NE 15th Ave,Progresso,PROGRESSO,649000.0,,0.1492,6502.0,Less Than 1/4 Acre Lot,¤RC-15,Zoned Duplex,Other,False,,6502.0,Duplex,False,< 0.25 ac,649000.0,99.81544140264533,False,False,False,False,False,False,False,False
Cancelled,A11715599,3380,1120 NE 15th Ave,Progresso,PROGRESSO,649000.0,,0.1492,6502.0,,¤RC-15,Zoned Duplex,Other,False,,6502.0,Duplex,False,< 0.25 ac,649000.0,99.81544140264533,False,False,False,False,False,False,False,False
Cancelled,A11772315,3800,501 SE 21st St,Croissant Park,CROISSANT PARK,599999.0,,0.1556,6776.0,Less Than 1/4 Acre Lot,¤RMM-25,Zoned Multifamily,Residential,False,,6776.0,Multifamily,False,< 0.25 ac,599999.0,88.54766824085006,False,False,False,False,False,False,False,False
Cancelled,F10505981,3424,833 NW 12th Ave,Lincoln Park Third,LINCOLN PARK THIRD ADD 7-,599000.0,,0.2,8975.0,,RMM-25,Zoned Residential,Residential,False,,8975.0,Single-family,False,< 0.25 ac,599000.0,66.74094707520891,False,False,False,False,False,False,False,False
Cancelled,A11653840,3470,807 SW 12th Ave,Riverside Amen,RIVERSIDE ADD AMEN PLAT,575000.0,,0.15,6500.0,Less Than 1/4 Acre Lot,¤RD-15,Zoned Duplex,Residential,False,,6500.0,Duplex,False,< 0.25 ac,575000.0,88.46153846153847,False,False,False,False,False,False,False,False
Cancelled,R10997298,3470,604 SW 7th Street,Tarpon River,TARPON RIVER,510000.0,,0.1492,,Less Than 1/4 Acre Lot,RD-15,,Unimproved Agri/Recreatn/Moblhome,False,City/County Maintained,6499.152,Multifamily,False,< 0.25 ac,510000.0,78.47177601016256,False,False,False,False,False,False,False,False
Cancelled,A11517257,3360,1547 NE 35th St,Oakland Park Second,OAKLAND PARK SECOND ADD,505000.0,,0.25,11598.0,,¤R-1,Zoned Residential,Residential,False,,11598.0,Single-family,False,0.25–0.5 ac,505000.0,43.54198999827557,False,False,False,False,False,False,False,False
Cancelled,F10532846,3450,800 NE 43rd Street,Floranada Center,FLORANADA CENTER 9-51 B,499999.0,,0.25,,Less Than 1/4 Acre Lot,RES,Zoned Residential,Unimproved Agri/Recreatn/Moblhome,False,"Paved Road, Public Road",10890.0,Single-family,False,< 0.25 ac,499999.0,45.913590449954086,False,False,False,False,False,False,False,False
Cancelled,F10529502,3450,800 NE 43rd Street,Floranada Center,FLORANADA CENTER 9-51 B,499000.0,,0.25,,Less Than 1/4 Acre Lot,RES,Zoned Residential,Unimproved Agri/Recreatn/Moblhome,False,Paved Road,10890.0,Single-family,False,< 0.25 ac,499000.0,45.821854912764,False,False,False,False,False,False,False,False
Cancelled,F10447862,3470,806 Tequesta St,Bryan Subdivision,BRYAN SUBDIVISION,499000.0,,0.16,7000.0,Less Than 1/4 Acre Lot,RML25,Zoned Residential,Residential,False,"Paved Road, Public Road",7000.0,Single-family,False,< 0.25 ac,499000.0,71.28571428571429,False,False,False,False,False,False,False,False
Cancelled,F10466853,3240,203 SW 10th St,Lauderdale,LAUDERDALE,495000.0,,0.25,10751.0,"1/4 To Less Than 1/2 Acre Lot, Oversized Lot, West Of US 1",RD-15,Zoned Residential,Residential,False,Paved Road,10751.0,Single-family,False,0.25–0.5 ac,495000.0,46.04222862989489,False,False,False,False,True,False,False,True
Cancelled,F10518984,3390,509 NW 21st St,Meadowbrook,MEADOWBROOK,465000.0,,0.25,10445.0,Less Than 1/4 Acre Lot,RS-5,Zoned Residential,Residential,False,"Legal Access Road, City/County Maintained, Paved Road",10445.0,Single-family,False,< 0.25 ac,465000.0,44.518908568693156,False,False,False,False,False,False,False,False
Cancelled,A11734632,3600,1801 SE 17th St,Port Marina,PORT MARINA CONDO,460000.0,,0.0,,1/2 To Less Than 3/4 Acre Lot,¤B-1,Boat Dock or Dockominium,Dockominium,True,"Paved Road, Private Road",,Dock,True,0.5–0.75 ac,460000.0,,False,False,False,False,False,False,False,False
Cancelled,A11745653,3360,1547 NE 35th St,Oakland Park Second,OAKLAND PARK SECOND ADD,455000.0,,0.25,11598.0,,¤R-1,Zoned Residential,Residential,False,,11598.0,Single-family,False,0.25–0.5 ac,455000.0,39.230901879634416,False,False,False,False,False,False,False,False
Cancelled,F10516973,3450,3250 NE 3rd Ave,Oakland Park Second,OAKLAND PARK SECOND ADD 1,449000.0,,0.144,6294.0,Less Than 1/4 Acre Lot,,Zoned Residential,Residential,False,"Paved Road, Public Road",6294.0,Single-family,False,< 0.25 ac,449000.0,71.33778201461709,False,False,False,False,False,False,False,False
Cancelled,F10516916,3450,3210 NE 3rd Ave,Oakland Park Second,OAKLAND PARK SECOND ADD 1,400000.0,,0.1549,6750.0,Less Than 1/4 Acre Lot,R-1,Zoned Residential,Residential,False,,6750.0,Single-family,False,< 0.25 ac,400000.0,59.25925925925926,False,False,False,False,False,False,False,False
Cancelled,A11767338,3600,902 SE 13th St,Everglade Land Sales Co,EVERGLADE LAND SALES CO,399000.0,,0.078,3375.0,,,Zoned Duplex,Residential,False,,3375.0,Duplex,False,< 0.25 ac,399000.0,118.22222222222223,False,False,False,False,False,False,False,False
Cancelled,A11767333,3600,904 SE 13th St,Everglade Land Sales Co,EVERGLADE LAND SALES CO,399000.0,,0.078,3375.0,,¤RML-25,Zoned Duplex,Residential,False,,3375.0,Duplex,False,< 0.25 ac,399000.0,118.22222222222223,False,False,False,False,False,False,False,False
Cancelled,A11853678,3390,1445 NW 7th Ter,Progresso,PROGRESSO,315000.0,,0.23,10134.0,,¤RDS-15,Zoned Multifamily,Residential,False,,10134.0,Multifamily,False,< 0.25 ac,315000.0,31.08348134991119,False,False,False,False,False,False,False,False
Cancelled,A11959867,3480,1316 SW 20 St,Lauderdale Groves Amend,LAUDERDALE GROVES AMEND,295000.0,,0.1984,8644.0,,,Zoned Residential,Residential,False,,8644.0,Single-family,False,< 0.25 ac,295000.0,34.127718648773715,False,False,False,False,False,False,False,False
Cancelled,F10473052,3390,732 NW 43rd Ct,Prospect Gardens,PROSPECT GARDENS 22-26 B,199000.0,,0.15,,,R-1,Zoned Residential,Residential,False,,6534.0,Single-family,False,< 0.25 ac,199000.0,30.456075910621365,False,False,False,False,False,False,False,False
Cancelled,A11737978,3390,1615 NW 8th Ave,Progresso,PROGRESSO,185000.0,,0.16,6747.0,,¤RDS-15,Zoned Residential,Residential,False,,6747.0,Single-family,False,< 0.25 ac,185000.0,27.419593893582334,False,False,False,False,False,False,False,False
Cancelled,F10490930,3560,0000 NW 6TH CT,Washington Park Third,WASHINGTON PARK THIRD,169000.0,,0.1263,5501.0,Less Than 1/4 Acre Lot,rs-6,Zoned Residential,Residential,False,"City/County Maintained, Paved Road, Public Road",5501.0,Single-family,False,< 0.25 ac,169000.0,30.72168696600618,False,False,False,False,False,False,False,False
Cancelled,F10463119,3470,Riverside SW 20th Ave,Riverside Park,RIVERSIDE PARK 7-24 B,150000.0,,0.0855,3728.0,,RD-15,Zoned Duplex,Residential,False,,3728.0,Duplex,False,< 0.25 ac,150000.0,40.23605150214592,False,False,False,False,False,False,False,False
Cancelled,F10550084,3460,1609 NW 5th Street,Dorsey Park Second,DORSEY PARK SECOND ADD 23,139999.0,,0.1068,,Less Than 1/4 Acre Lot,RS-8,Zoned Residential,Unimproved Agri/Recreatn/Moblhome,False,,4652.2080000000005,Single-family,False,< 0.25 ac,139999.0,30.093022495984698,False,False,False,False,False,False,False,False
Cancelled,F10471424,3490,SW 27 Ct,Hibiscus Gardens,HIBISCUS GARDENS,139990.0,,0.11,4738.0,,,Zoned Residential,Residential,False,,4738.0,Single-family,False,< 0.25 ac,139990.0,29.546222034613763,False,False,False,False,False,False,False,False
Cancelled,A11706229,3460,531 NW 7th Terrace,North Lauderdale,NORTH LAUDERDALE,75000.0,,0.155,6750.0,Less Than 1/4 Acre Lot,¤RMM-25,Zoned Residential,Other,False,,6750.0,Single-family,False,< 0.25 ac,75000.0,11.11111111111111,False,False,False,False,False,False,False,False
Cancelled,A11675729,3460,908 NW 13th Ave,Lincoln Park Fourth,LINCOLN PARK FOURTH ADD,55000.0,,0.0573,2500.0,,¤RMM-25,Zoned Residential,Residential,False,,2500.0,Single-family,False,< 0.25 ac,55000.0,22.0,False,False,False,False,False,False,False,False
Cancelled,A11561549,3390,908 NW 13th ave,Lincoln Park Fourth,LINCOLN PARK FOURTH ADD,45000.0,,0.0573,2500.0,,¤RMM-25,Zoned Residential,Residential,False,,2500.0,Single-family,False,< 0.25 ac,45000.0,18.0,False,False,False,False,False,False,False,False
Cancelled,A11870857,3280,2000 Sunrise Key Blvd (Dock for Lease),Sunrise Key,SUNRISE KEY,5000.0,,0.26,11400.0,1/4 To Less Than 1/2 Acre Lot,¤RS-4.4,Boat Dock or Dockominium,Other,True,Legal Access Road,11400.0,Dock,True,0.25–0.5 ac,5000.0,0.43859649122807015,False,False,False,False,False,False,False,False
Cancelled,A11970496,3580,2001 SW 23rd Ave,Flamingo Park,FLAMINGO PARK SEC,2500.0,,0.16,7000.0,Less Than 1/4 Acre Lot,¤RS-8,Boat Dock or Dockominium,Residential,True,Public Road,7000.0,Dock,True,< 0.25 ac,2500.0,0.35714285714285715,False,False,False,False,False,False,False,False
Cancelled,R11120317,3470,1512 SW 5th Street Unit#Dock,Gill Isles,GILL ISLES,1250.0,,,,Less Than 1/4 Acre Lot,RS-8,,,True,Public Road,,Single-family,False,< 0.25 ac,1250.0,,False,False,False,False,False,False,False,False
Cancelled,A11793602,3050,320 Hendricks Isle,Victoria Isles,VICTORIA ISLES,1200.0,,0.0,6250.0,Less Than 1/4 Acre Lot,¤RMM-25,Boat Dock or Dockominium,Dockominium,True,Other Road,6250.0,Dock,True,< 0.25 ac,1200.0,0.192,False,False,False,False,False,False,False,False
Cancelled,A11686235,3280,90 Isle Of Venice Dr,Isles Venice Apts Inc,ISLE OF VENICE APTS INC C,1000.0,,0.0,,,¤RMM-25,Zoned Multifamily,Residential,True,,,Multifamily,False,,1000.0,,False,False,False,False,False,False,False,False
Cancelled,A11645932,3280,90 Isle Of Venice Dr,Isles Venice Apts,ISLE OF VENICE APTS,1000.0,,0.0,,,¤RMM-25,Zoned Multifamily,Residential,True,,,Multifamily,False,,1000.0,,False,False,False,False,False,False,False,False
Cancelled,A11664015,3250,3040 NE 44th St,Coral Ridge,CORAL RIDGE COUNTRY CLUB,1.0,,0.28,12219.0,1/4 To Less Than 1/2 Acre Lot,¤RS-8,Boat Dock or Dockominium,Residential,True,Other Road,12219.0,Dock,True,0.25–0.5 ac,1.0,8.183975775431704e-05,False,False,False,False,False,False,False,False
TempOff,A11973614,3280,416 Coconut Isle Dr,Las Olas Isles,LAS OLAS ISLES,3595000.0,,0.2152,9375.0,,¤RS-8,Zoned Residential,Residential,True,,9375.0,Single-family,False,< 0.25 ac,3595000.0,383.46666666666664,False,False,False,False,False,False,False,False
TempOff,F10467670,3160,3320 NE 16th Court,Las Olas,LAS OLAS BY THE SEA EXT 3,2750000.0,,0.0,12400.0,,RS-8,Zoned Residential,Unimproved Agri/Recreatn/Moblhome,False,,12400.0,Single-family,False,0.25–0.5 ac,2750000.0,221.7741935483871,False,False,False,False,False,False,False,False
Withdrawn,F10541973,3160,2900 N Atlantic Blvd,Lauderdale Beach,LAUDERDALE BEACH 4-2 B,7800000.0,,0.223,9712.0,1/4 To Less Than 1/2 Acre Lot,RS-8,Zoned Residential,Other,True,Public Road,9712.0,Single-family,False,0.25–0.5 ac,7800000.0,803.1301482701812,False,False,False,False,False,False,False,False
Withdrawn,F10541818,3470,281-311 SW 14th Way,River Highlands,RIVER HIGHLANDS,4630000.0,,0.72,31250.0,1/2 To Less Than 3/4 Acre Lot,RS-8,Zoned Residential,Unimproved Agri/Recreatn/Moblhome,True,,31250.0,Single-family,False,0.5–0.75 ac,4630000.0,148.16,False,False,False,False,False,False,False,False
Withdrawn,F10534426,3600,1725 SE 13th Street,Lauderdale Harbors,LAUDERDALE HARBORS SEC A,3950000.0,,0.25,7700.0,Less Than 1/4 Acre Lot,RS-8,Zoned Residential,Unimproved Agri/Recreatn/Moblhome,True,,7700.0,Single-family,False,< 0.25 ac,3950000.0,512.987012987013,False,False,False,False,False,False,False,False
Withdrawn,A12012785,3280,0 14th St,Lauderdale Harbors Sectio,LAUDERDALE HARBORS SECTIO,3200000.0,,0.25,8800.0,,¤RS-8,Zoned Residential,Other,True,,8800.0,Single-family,False,< 0.25 ac,3200000.0,363.6363636363636,False,False,False,False,False,False,False,False
Withdrawn,F10519730,3800,121 S Rose Dr,Placidena First,PLACIDENA FIRST UNIT,1700000.0,,0.85,37406.0,"3/4 To Less Than 1 Acre Lot, Oversized Lot",ROA,Zoned Residential,Residential,True,City/County Maintained,37406.0,Single-family,False,0.75–1 ac,1700000.0,45.44725445115757,False,False,False,False,True,False,False,False
Withdrawn,F10544037,3470,281 SW 14th Way,River Highlands,RIVER HIGHLANDS 10-3 B,1200000.0,,0.1782,7762.0,"Less Than 1/4 Acre Lot, Cul-De-Sac Lot, Less Than 1 Acre",RS-8,Zoned Residential,Unimproved Agri/Recreatn/Moblhome,True,"City/County Maintained, Paved Road",7762.0,Single-family,False,< 0.25 ac,1200000.0,154.5993300695697,False,True,False,False,False,False,False,False
Withdrawn,F10540581,3470,291 SW 14 Way,River Highlands,RIVER HIGHLANDS 10-3 B,1200000.0,,0.1783,7766.0,"Less Than 1/4 Acre Lot, Cul-De-Sac Lot, Less Than 1 Acre",RS-8,Zoned Residential,Unimproved Agri/Recreatn/Moblhome,True,"City/County Maintained, Paved Road",7766.0,Single-family,False,< 0.25 ac,1200000.0,154.51970126191088,False,True,False,False,False,False,False,False
Withdrawn,F10540897,3470,311 SW 14 Way,River Highlands,RIVER HIGHLANDS 10-3 B,950000.0,,0.1623,7070.0,Less Than 1/4 Acre Lot,RS-8,Zoned Residential,Unimproved Agri/Recreatn/Moblhome,True,City/County Maintained,7070.0,Single-family,False,< 0.25 ac,950000.0,134.37057991513436,False,False,False,False,False,False,False,False
Expired,F10523212,3280,1000 Riviera Isle Drive,Kents Isles,KENTS ISLAND 15-22 B,29995000.0,,1.21,52656.0,1 To Less Than 2 Acre Lot,RS-8,Zoned Residential,Unimproved Agri/Recreatn/Moblhome,True,,52656.0,Single-family,False,1–2 ac,29995000.0,569.6406867213612,False,False,False,False,False,False,False,False
Expired,F10530936,3280,1000 Riviera Isle Drive,Kents Isles,KENTS ISLAND 15-22 B,19995000.0,,0.45,19688.0,1/4 To Less Than 1/2 Acre Lot,,Zoned Residential,Unimproved Agri/Recreatn/Moblhome,True,,19688.0,Single-family,False,0.25–0.5 ac,19995000.0,1015.5932547744819,False,False,False,False,False,False,False,False
Expired,F10417605,3280,1000 SE 25th Avenue,Kents Isles,KENTS ISLAND 15-22 B,19995000.0,,0.68,29542.0,1/2 To Less Than 3/4 Acre Lot,,Zoned Residential,Unimproved Agri/Recreatn/Moblhome,True,,29542.0,Single-family,False,0.5–0.75 ac,19995000.0,676.8329835488457,False,False,False,False,False,False,False,False
Expired,F10538062,3280,2617 Aqua Vista Blv,Las Olas,LAS OLAS SEVEN ISLES,12900000.0,,0.3,,,,Zoned Residential,Residential,True,,13068.0,Single-family,False,0.25–0.5 ac,12900000.0,987.1441689623508,False,False,False,False,False,False,False,False
Expired,F10448411,3160,623 Bayshore Drive,Birch Ocean Front,BIRCH OCEAN FRONT SUB 2,11900000.0,,0.402,17000.0,,IO-A,Zoned Multifamily,Unimproved Agri/Recreatn/Moblhome,True,,17000.0,Multifamily,False,0.25–0.5 ac,11900000.0,700.0,False,False,False,False,False,False,False,False
Expired,F10448625,3280,2617 Aqua Vista Blv,Aqua Vista,AQUA VISTA,10900000.0,,0.28,,,,Zoned Residential,Residential,True,,12196.800000000001,Single-family,False,0.25–0.5 ac,10900000.0,893.6770300406663,False,False,False,False,False,False,False,False
Expired,F10347762,3600,1813 SE 10th Street,Rio Vista,RIO VISTA ISLES,10900000.0,,0.34,15000.0,1/4 To Less Than 1/2 Acre Lot,,Zoned Residential,Unimproved Agri/Recreatn/Moblhome,True,Public Road,15000.0,Single-family,False,0.25–0.5 ac,10900000.0,726.6666666666666,False,False,False,False,False,False,False,False
Expired,F10530937,3280,1010 Riviera Isle Drive,Kents Isles,KENTS ISLAND 15-22 B,9995000.0,,0.41,17999.0,1/4 To Less Than 1/2 Acre Lot,,Zoned Residential,Unimproved Agri/Recreatn/Moblhome,True,,17999.0,Single-family,False,0.25–0.5 ac,9995000.0,555.3086282571254,False,False,False,False,False,False,False,False
Expired,F10493538,3490,1031 SW 28th Street,Edgewood,EDGEWOOD,9900000.0,,5.24,43560.0,,RD-15,Zoned Residential,Unimproved Agri/Recreatn/Moblhome,False,,43560.0,Single-family,False,1–2 ac,9900000.0,227.27272727272728,False,False,False,False,False,False,False,False
Expired,F10545490,3170,2455 Del Lago Drive,Del Lago Isles,DEL LAGO ISLE 42-2 B,9800000.0,,0.36,15750.0,1/4 To Less Than 1/2 Acre Lot,RS-4.4,Zoned Residential,Unimproved Agri/Recreatn/Moblhome,True,,15750.0,Single-family,False,0.25–0.5 ac,9800000.0,622.2222222222222,False,False,False,False,False,False,False,False
Expired,B26016106,3170,2455 Del Lago Drive,Del Lago Isles,DEL LAGO ISLE,8900000.0,,0.36,,"1/4 To Less Than 1/2 Acre Lot, Less Than 1 Acre",RS-4.4,,Unimproved Agri/Recreatn/Moblhome,True,Paved Road,15681.599999999999,Single-family,False,0.25–0.5 ac,8900000.0,567.5441281501888,False,False,False,False,False,False,False,False
Expired,F10432885,3280,2701 Aqua Vista Boulevard,Sea Isles,SEA ISLAND,8600000.0,,0.28,12259.0,,RS-4.4,Zoned Residential,Unimproved Agri/Recreatn/Moblhome,True,,12259.0,Single-family,False,0.25–0.5 ac,8600000.0,701.5254099029285,False,False,False,False,False,False,False,False
Expired,F10445866,3280,1700 Brickell Drive,Colee Hammock,COLEE HAMMOCK,6995000.0,,0.47,20391.0,,RS-8,Zoned Residential,Residential,True,,20391.0,Single-family,False,0.25–0.5 ac,6995000.0,343.0434995831494,False,False,False,False,False,False,False,False
Expired,A11600292,3470,700 & 710 SW 12th Ave,Riverside Park,RIVERSIDE PARK,6600000.0,,0.77,33605.0,3/4 To Less Than 1 Acre Lot,¤RS-8,Zoned Residential,Residential,True,"City/County Maintained, Paved Road, Public Road",33605.0,Single-family,False,0.75–1 ac,6600000.0,196.39934533551556,False,False,False,False,False,False,False,False
Expired,A11521152,3600,1531 SE 12th Ct,Lauderdale Harbors,LAUDERDALE HARBORS SEC A,6499000.0,,0.177,7700.0,"Less Than 1/4 Acre Lot, East Of US 1, Oversized Lot",¤RS-8,Zoned Residential,Residential,True,"City/County Maintained, Paved Road",7700.0,Single-family,False,< 0.25 ac,6499000.0,844.025974025974,False,False,False,False,True,False,True,False
Expired,A11572471,3270,2810 E Oakland Park Blvd,Oakland Ocean Mile,OAKLAND OCEAN MILE,5999999.0,,0.75,,,¤RMH-25,Zoned Multifamily,Residential,False,,32670.0,Multifamily,False,0.75–1 ac,5999999.0,183.65469850015305,False,False,False,False,False,False,False,False
Expired,F10485978,3280,17 SE 17th Ave,Colee Hammock,COLEE HAMMOCK 1-17 B,5400000.0,,0.28,12500.0,,,Zoned Residential,Residential,False,,12500.0,Single-family,False,0.25–0.5 ac,5400000.0,432.0,False,False,False,False,False,False,False,False
Expired,F10455652,3260,2799 NE 15th St,Coral Ridge,CORAL RIDGE 21-50 B,5150000.0,,0.401,17506.0,1/4 To Less Than 1/2 Acre Lot,RMM-25,Zoned Multifamily,Residential,True,,17506.0,Multifamily,False,0.25–0.5 ac,5150000.0,294.18485090826005,False,False,False,False,False,False,False,False
Expired,F10441243,3280,455 Bontona Avenue,Venice,VENICE,4900000.0,,0.2904,12650.0,1/4 To Less Than 1/2 Acre Lot,RS-8,Zoned Residential,Unimproved Agri/Recreatn/Moblhome,True,,12650.0,Single-family,False,0.25–0.5 ac,4900000.0,387.3517786561265,False,False,False,False,False,False,False,False
Expired,F10423863,3260,1832-1836 Coral Ridge Drive,Livermore Estates,LIVERMORE ESTATES 19-11 B,4500000.0,,0.615,26800.0,,RC-15,Zoned Multifamily,Unimproved Agri/Recreatn/Moblhome,False,City/County Maintained,26800.0,Multifamily,False,0.5–0.75 ac,4500000.0,167.91044776119404,False,False,False,False,False,False,False,False
Expired,F10467679,3270,929 NE 17th Way,Progresso,PROGRESSO 2-18 D,4500000.0,,4649.0,20250.0,,RMM-25,Zoned Multifamily,Other,False,,20250.0,Multifamily,False,0.25–0.5 ac,4500000.0,222.22222222222223,False,False,False,False,False,False,False,False
Expired,F10513137,3600,1524 SE 13th St,Lauderdale Harbors,LAUDERDALE HARBORS SEC A,4449000.0,,0.1768,7700.0,Less Than 1/4 Acre Lot,RS-8,Zoned Residential,Residential,True,"City/County Maintained, Paved Road, Public Road",7700.0,Single-family,False,< 0.25 ac,4449000.0,577.7922077922078,False,False,False,False,False,False,False,False
Expired,F10460214,3600,1209 N Rio Vista Blvd,Rio Vista,RIO VISTA C J HECTORS RES,4199000.0,,0.3,,1/4 To Less Than 1/2 Acre Lot,RS-8,Zoned Residential,Residential,True,,13068.0,Single-family,False,0.25–0.5 ac,4199000.0,321.31925313743494,False,False,False,False,False,False,False,False
Expired,A11220738,3280,430 Royal Plaza Dr,Stilwell Isles,STILWELL ISLES,4000000.0,,0.275,12000.0,,,Zoned Residential,Residential,True,,12000.0,Single-family,False,0.25–0.5 ac,4000000.0,333.3333333333333,False,False,False,False,False,False,False,False
Expired,A11884317,3370,929 NE 17 way,Victoria Park,VICTORIA PARK CORR PLAT,3995000.0,,0.46,,Corner Lot,RMM-25,Zoned Residential,Residential,False,,20037.600000000002,Single-family,False,0.25–0.5 ac,3995000.0,199.37517467161734,True,False,False,False,False,False,False,False
Expired,A11468446,3280,18 Fiesta Way,Nurmi Isles,NURMI ISLES ISLAND NO 3,3800000.0,,0.2344,10200.0,,¤RS-4.4,Zoned Residential,Residential,True,,10200.0,Single-family,False,< 0.25 ac,3800000.0,372.54901960784315,False,False,False,False,False,False,False,False
Expired,F10451096,3160,2856 NE 26th Place,Coral Ridge Galt,CORAL RIDGE GALT ADD 1,3350000.0,,0.25,11403.0,Less Than 1/4 Acre Lot,RS-4.4,Zoned Residential,Unimproved Agri/Recreatn/Moblhome,True,,11403.0,Single-family,False,< 0.25 ac,3350000.0,293.782337981233,False,False,False,False,False,False,False,False
Expired,F10410364,3570,1551 Davie Boulevard,Riverside,RIVERSIDE NO 3,3295000.0,,1.1,49530.0,,RM15,Zoned Residential,Unimproved Agri/Recreatn/Moblhome,False,City/County Maintained,49530.0,Single-family,False,1–2 ac,3295000.0,66.52533817888148,False,False,False,False,False,False,False,False
Expired,F10503776,3570,1551 Davie Boulevard,Riverside,RIVERSIDE NO 3,3250000.0,,1.1,49530.0,,RM15,Zoned Residential,Unimproved Agri/Recreatn/Moblhome,False,City/County Maintained,49530.0,Single-family,False,1–2 ac,3250000.0,65.61679790026247,False,False,False,False,False,False,False,False
Expired,F10496912,3280,324-328 SE 25th Avenue,Idlewyld,IDLEWYLD - RIVIERA ISLE,3198000.0,,0.344,15000.0,"1/4 To Less Than 1/2 Acre Lot, Less Than 1 Acre",RS-8,Zoned Residential,Unimproved Agri/Recreatn/Moblhome,False,,15000.0,Single-family,False,0.25–0.5 ac,3198000.0,213.2,False,False,False,False,False,False,False,False
Expired,A11677828,3280,19 Fiesta Way,Nurmi Isles,NURMI ISLES ISLAND NO 3,3195000.0,,0.2479,10800.0,,¤RS-4.4,Zoned Residential,Residential,True,,10800.0,Single-family,False,< 0.25 ac,3195000.0,295.8333333333333,False,False,False,False,False,False,False,False
Expired,F10505874,3570,521 SW 3rd Avenue,Ft Lauderdale,FT LAUDERDALE B-40 D,3000000.0,,0.33,14500.0,,RAC-SMU,Zoned Multifamily,Unimproved Agri/Recreatn/Moblhome,False,,14500.0,Multifamily,False,0.25–0.5 ac,3000000.0,206.89655172413794,False,False,False,False,False,False,False,False
Expired,F10493300,3570,521 SW 3rd Avenue,Ft Lauderdale,FT LAUDERDALE B-40 D,3000000.0,,0.33,14500.0,,RAC-SMU,Zoned Multifamily,Unimproved Agri/Recreatn/Moblhome,False,,14500.0,Multifamily,False,0.25–0.5 ac,3000000.0,206.89655172413794,False,False,False,False,False,False,False,False
Expired,F10457724,3570,521 SW 3rd Avenue,Ft Lauderdale,FT LAUDERDALE B-40 D,3000000.0,,0.33,14500.0,,RAC-SMU,Zoned Multifamily,Unimproved Agri/Recreatn/Moblhome,False,,14500.0,Multifamily,False,0.25–0.5 ac,3000000.0,206.89655172413794,False,False,False,False,False,False,False,False
Expired,F10515808,3700,412 NE 2nd Ave,North Lauderdale,NORTH LAUDERDALE AMENDED,2800000.0,,0.2926,12750.0,1/4 To Less Than 1/2 Acre Lot,RAC-CC,Zoned Multifamily,Residential,False,City/County Maintained,12750.0,Multifamily,False,0.25–0.5 ac,2800000.0,219.6078431372549,False,False,False,False,False,False,False,False
Expired,F10370734,3121,239 Hibiscus Avenue,Silver Shores,SILVER SHORES,2750000.0,,0.31,13909.0,,RD-10,Zoned Duplex,Unimproved Agri/Recreatn/Moblhome,True,,13909.0,Duplex,False,0.25–0.5 ac,2750000.0,197.71371054712776,False,False,False,False,False,False,False,False
Expired,A11597970,3470,710 SW 12th Ave,Riverside Amen,RIVERSIDE ADD AMEN PLAT,2750000.0,,0.31,13797.0,,¤RS-8,Zoned Residential,Residential,True,"City/County Maintained, Public Road",13797.0,Single-family,False,0.25–0.5 ac,2750000.0,199.3186924693774,False,False,False,False,False,False,False,False
Expired,F10446512,3170,1236 E Lake Dr,Harbor Beach,HARBOR BEACH,2470000.0,,0.2996,13050.0,,RS-4.4,Zoned Residential,Residential,False,,13050.0,Single-family,False,0.25–0.5 ac,2470000.0,189.272030651341,False,False,False,False,False,False,False,False
Expired,F10452575,3250,4700 NE 23 Ave,Coral Ridge,CORAL RIDGE COUNTRY CLUB,2399000.0,,0.482,21000.0,,RS-4.4,Zoned Residential,Other,False,,21000.0,Single-family,False,0.25–0.5 ac,2399000.0,114.23809523809524,False,False,False,False,False,False,False,False
Expired,F10467421,3380,908 NE 17th Ave,Progresso,PROGRESSO 2-18 D,2000000.0,,2324.0,10125.0,,RMM-25,Zoned Residential,Residential,False,,10125.0,Single-family,False,< 0.25 ac,2000000.0,197.53086419753086,False,False,False,False,False,False,False,False
Expired,F10374528,3470,1399 Pina Del Rio,Riversound,RIVERSOUND,1975000.0,,0.33,14250.0,,,Zoned Residential,Residential,True,,14250.0,Single-family,False,0.25–0.5 ac,1975000.0,138.59649122807016,False,False,False,False,False,False,False,False
Expired,A11598420,3250,1383 Ne 34 Ct,Oakland Park,OAKLAND PARK,1950000.0,,0.56,24560.0,1/2 To Less Than 3/4 Acre Lot,R-6,Zoned Multifamily,Residential,False,"City/County Maintained, Paved Road, Public Road",24560.0,Multifamily,False,0.5–0.75 ac,1950000.0,79.39739413680782,False,False,False,False,False,False,False,False
Expired,A11855304,3470,1501 SW 4th Ct,Gill Isles,GILL ISLES,1950000.0,,0.228,9934.0,Less Than 1/4 Acre Lot,¤RS-8,Zoned Residential,Residential,True,"City/County Maintained, Paved Road, Public Road",9934.0,Single-family,False,< 0.25 ac,1950000.0,196.29555063418562,False,False,False,False,False,False,False,False
Expired,F10473442,3270,548 NE 9th Ave,Victoria Park,VICTORIA PARK,1925000.0,,0.28,12150.0,1/4 To Less Than 1/2 Acre Lot,RS-8,Zoned Residential,Residential,False,,12150.0,Single-family,False,0.25–0.5 ac,1925000.0,158.43621399176953,False,False,False,False,False,False,False,False
Expired,F10492146,3270,459 NE 15th Ave,Las Olas,LAS OLAS PARK CORR 6-12 B,1899999.0,,0.284,12366.0,1/4 To Less Than 1/2 Acre Lot,RC-15,Zoned Residential,Residential,False,,12366.0,Single-family,False,0.25–0.5 ac,1899999.0,153.64701601164484,False,False,False,False,False,False,False,False
Expired,F10468551,3470,333 SW 14th Way,Sailboat Bend,SAILBOAT BEND,1895000.0,,0.23,,Less Than 1/4 Acre Lot,,Zoned Residential,Residential,True,City/County Maintained,10018.800000000001,Single-family,False,< 0.25 ac,1895000.0,189.14440851199743,False,False,False,False,False,False,False,False
Expired,F10456981,3470,333 14th Way,Sailboat Bend,SAILBOAT BEND,1895000.0,,0.23,,Less Than 1/4 Acre Lot,,Zoned Residential,Unimproved Agri/Recreatn/Moblhome,True,City/County Maintained,10018.800000000001,Single-family,False,< 0.25 ac,1895000.0,189.14440851199743,False,False,False,False,False,False,False,False
Expired,R11136132,3600,1248 Cordova Road,Lauderdale Harbors,LAUDERDALE HARBORS,1875000.0,,0.2,,"Less Than 1/4 Acre Lot, Less Than 1 Acre",RS-8,,Unimproved Agri/Recreatn/Moblhome,True,"City/County Maintained, Paved Road",8712.0,Single-family,False,< 0.25 ac,1875000.0,215.22038567493112,False,False,False,False,False,False,False,False
Expired,F10475947,3480,2323 SW 19th Ave,River Oaks,RIVER OAKS,1775000.0,,1.022,44551.0,1 To Less Than 2 Acre Lot,RD-15,Zoned Multifamily,Residential,False,"Paved Road, Public Road",44551.0,Multifamily,False,1–2 ac,1775000.0,39.841978855693476,False,False,False,False,False,False,False,False
Expired,F10520886,3450,1383 NE 34th Ct,Oakland Park,OAKLAND PARK 2-38 B,1700000.0,,0.57,8048.0,1/2 To Less Than 3/4 Acre Lot,TD (12 U,Zoned Multifamily,Residential,False,"City/County Maintained, Paved Road, Public Road",8048.0,Multifamily,False,0.5–0.75 ac,1700000.0,211.23260437375745,False,False,False,False,False,False,False,False
Expired,F10430546,3150,3312 NE 37th St,Bermuda Riviera,BERMUDA-RIVIERA SUB,1699000.0,,0.184,8000.0,,RS-8,Zoned Residential,Residential,True,,8000.0,Single-family,False,< 0.25 ac,1699000.0,212.375,False,False,False,False,False,False,False,False
Expired,F10488988,3550,2014 NW 28th St,Middle River Gardens,MIDDLE RIVER GARDENS 22-4,1673000.0,,1.75,14998.0,1 To Less Than 2 Acre Lot,R-1,Zoned Multifamily,Other,False,,14998.0,Multifamily,False,1–2 ac,1673000.0,111.54820642752367,False,False,False,False,False,False,False,False
Expired,A11665801,3130,2018 NE 31st Ave,Lauderdale Beach Ext,LAUDERDALE BEACH EXT,1650000.0,,0.2,8250.0,,¤RS-8,Zoned Residential,Residential,False,,8250.0,Single-family,False,< 0.25 ac,1650000.0,200.0,False,False,False,False,False,False,False,False
Expired,F10450661,3270,434 NE 7th Avenue,Victoria Park,VICTORIA PARK,1599999.0,,0.18,7830.0,Less Than 1/4 Acre Lot,RMM-25,Zoned Multifamily,Residential,False,Public Road,7830.0,Multifamily,False,< 0.25 ac,1599999.0,204.34214559386973,False,False,False,False,False,False,False,False
Expired,F10429672,3280,1213 SE 1st St,Colee Hammock,COLEE HAMMOCK 1-17 B,1550000.0,,0.16,6750.0,Less Than 1/4 Acre Lot,RM-15,Zoned Multifamily,Residential,False,,6750.0,Multifamily,False,< 0.25 ac,1550000.0,229.62962962962962,False,False,False,False,False,False,False,False
Expired,A11681275,3380,827 NE 14th Pl,Dixie Park,DIXIE PARK,1500000.0,,0.2162,9416.0,Less Than 1/4 Acre Lot,¤RMM-25,Zoned Residential,Residential,False,Paved Road,9416.0,Single-family,False,< 0.25 ac,1500000.0,159.30331350892098,False,False,False,False,False,False,False,False
Expired,A11498346,3480,1201 Guava Isle,South New River Isles,SOUTH NEW RIVER ISLES SEC,1500000.0,,0.18,7950.0,,¤RS-8,Zoned Residential,Residential,True,,7950.0,Single-family,False,< 0.25 ac,1500000.0,188.67924528301887,False,False,False,False,False,False,False,False
Expired,A11664849,3360,1816 1818 Middle River Dr,Livermore Estates,LIVERMORE ESTATES,1490000.0,,0.22,9776.0,,¤RC-15,Zoned Duplex,Residential,False,,9776.0,Duplex,False,< 0.25 ac,1490000.0,152.4140752864157,False,False,False,False,False,False,False,False
Expired,A11535910,3360,1302 NE 32nd St,Oakland Park,OAKLAND PARK,1450000.0,,0.2,8697.0,Less Than 1/4 Acre Lot,¤RM-16,Zoned Residential,Residential,False,,8697.0,Single-family,False,< 0.25 ac,1450000.0,166.72415775554788,False,False,False,False,False,False,False,False
Expired,F10403693,3690,2323 W State Road 84,Yacht Haven,YACHT HAVEN 157-17 B,1395000.0,,0.12,5586.0,Less Than 1/4 Acre Lot,B-2,Zoned Residential,Unimproved Agri/Recreatn/Moblhome,True,,5586.0,Single-family,False,< 0.25 ac,1395000.0,249.73147153598282,False,False,False,False,False,False,False,False
Expired,A11949002,3460,501 NW 7th Ter,North Lauderdale,NORTH LAUDERDALE,1300000.0,,0.465,20250.0,,¤RMM-25,Zoned Multifamily,Other,False,"City/County Maintained, Public Road",20250.0,Multifamily,False,0.25–0.5 ac,1300000.0,64.19753086419753,False,False,False,False,False,False,False,False
Expired,F10533579,3160,2713 NE 33rd Avenue,Dolphin Isles,DOLPHIN ISLES,1295000.0,,0.22,9778.0,Less Than 1/4 Acre Lot,RD-15,Zoned Duplex,Unimproved Agri/Recreatn/Moblhome,False,Public Road,9778.0,Duplex,False,< 0.25 ac,1295000.0,132.44017181427694,False,False,False,False,False,False,False,False
Expired,F10480628,3250,2601 NE 32nd St,Coral Ridge Galt,CORAL RIDGE GALT ADD 2,1290000.0,,0.31,13503.0,"1/4 To Less Than 1/2 Acre Lot, East Of US 1",RD-15,Zoned Multifamily,Residential,False,"City/County Maintained, Paved Road, Public Road",13503.0,Multifamily,False,0.25–0.5 ac,1290000.0,95.5343257053988,False,False,False,False,False,False,True,False
Expired,F10447039,3140,4200 N Ocean Drive,Lauderdale By Sea,LAUDERDALE BY THE SEA,1250000.0,,0.129,5624.0,Less Than 1/4 Acre Lot,RM-25,Zoned Multifamily,Unimproved Agri/Recreatn/Moblhome,False,Public Road,5624.0,Multifamily,False,< 0.25 ac,1250000.0,222.26173541963016,False,False,False,False,False,False,False,False
Expired,F10482172,3270,306 NE 16th Avenue,Victoria Park,VICTORIA PARK,1223000.0,,0.2141,,,RC-15,Zoned Residential,Unimproved Agri/Recreatn/Moblhome,False,,9326.196,Single-family,False,< 0.25 ac,1223000.0,131.13599585511605,False,False,False,False,False,False,False,False
Expired,F10536951,3270,701 NE 1st Street,Davis,DAVIS ADD 3-28 D,1200000.0,,0.16,6750.0,"Less Than 1/4 Acre Lot, Less Than 1 Acre",RMM-25,Zoned Multifamily,Unimproved Agri/Recreatn/Moblhome,False,,6750.0,Multifamily,False,< 0.25 ac,1200000.0,177.77777777777777,False,False,False,False,False,False,False,False
Expired,F10498097,3280,741 NE 19th Avenue,Victoria Highlands Pl,VICTORIA HIGHLANDS AMD PL,1200000.0,,0.298,12991.0,"1/2 To Less Than 3/4 Acre Lot, East Of US 1, Oversized Lot",RS-8,Zoned Residential,Unimproved Agri/Recreatn/Moblhome,False,,12991.0,Single-family,False,0.5–0.75 ac,1200000.0,92.37164190593488,False,False,False,False,True,False,True,False
Expired,A11627971,3280,1518 SE 2nd Ct,Colee Hammock,COLEE HAMMOCK,1200000.0,,0.1262,5500.0,,¤RM-15,Zoned Residential,Residential,False,,5500.0,Single-family,False,< 0.25 ac,1200000.0,218.1818181818182,False,False,False,False,False,False,False,False
Expired,A11588505,3140,277 Miramar Ave,Silver Shores Tract,SILVER SHORES-SUB TRACT,1150000.0,,0.0,7519.0,,¤RS-5,Zoned Residential,Residential,False,,7519.0,Single-family,False,< 0.25 ac,1150000.0,152.94587046149755,False,False,False,False,False,False,False,False
Expired,A11768424,3380,827 NE 14th Pl,Dixie Park,DIXIE PARK,1150000.0,,0.2162,9416.0,Less Than 1/4 Acre Lot,¤RMM-25,Zoned Residential,Residential,False,Paved Road,9416.0,Single-family,False,< 0.25 ac,1150000.0,122.13254035683943,False,False,False,False,False,False,False,False
Expired,A11983518,3470,310 SW 10th St,Lauderdale,LAUDERDALE,1100000.0,,0.14,6250.0,,¤RD-15,Zoned Residential,Residential,False,,6250.0,Single-family,False,< 0.25 ac,1100000.0,176.0,False,False,False,False,False,False,False,False
Expired,A11623250,3390,901 NW 3rd Ave,Progresso,PROGRESSO,1099000.0,,0.31,13500.0,,¤RMM-25,Zoned Multifamily,Multifamily,False,,13500.0,Multifamily,False,0.25–0.5 ac,1099000.0,81.4074074074074,False,False,False,False,False,False,False,False
Expired,F10479693,3480,1401 SW 15th Ave,Mrs Marshalls,MRS E F MARSHALLS SUB REV,1095000.0,,0.4132,17999.0,,RS-8,Zoned Residential,Residential,False,,17999.0,Single-family,False,0.25–0.5 ac,1095000.0,60.836713150730596,False,False,False,False,False,False,False,False
Expired,F10457240,3480,1700-1710 SW 21st Street,Osceola Park,OSCEOLA PARK 9-46 B,1000000.0,,23205.0,11391.0,Less Than 1/4 Acre Lot,RD-15,Zoned Multifamily,Unimproved Agri/Recreatn/Moblhome,False,,11391.0,Multifamily,False,< 0.25 ac,1000000.0,87.78860503906593,False,False,False,False,False,False,False,False
Expired,A11928971,3390,811 NW 1st Ave,Progresso,PROGRESSO,999000.0,,0.31,13500.0,1/4 To Less Than 1/2 Acre Lot,¤RMM-25,Zoned Residential,Residential,False,,13500.0,Single-family,False,0.25–0.5 ac,999000.0,74.0,False,False,False,False,False,False,False,False
Expired,F10473265,3470,808 SW 8th Ter,Seawanna,SEAWANNA SUB BLK 63,999000.0,,0.2573,11210.0,1/4 To Less Than 1/2 Acre Lot,RD-15,Zoned Residential,Residential,True,,11210.0,Single-family,False,0.25–0.5 ac,999000.0,89.11685994647637,False,False,False,False,False,False,False,False
Expired,F10429584,3450,1001 NE 33rd St,Oakland Park Second,OAKLAND PARK SECOND ADD 1,995000.0,,0.33,11608.0,1/4 To Less Than 1/2 Acre Lot,R-1,Zoned Multifamily,Residential,False,,11608.0,Multifamily,False,0.25–0.5 ac,995000.0,85.71674707098553,False,False,False,False,False,False,False,False
Expired,A11781427,3600,823 SE 18TH ST,Everglades Land Sale Co,EVERGLADES LAND SALE CO.,995000.0,,0.0,,,RMM-25,Zoned Multifamily,Residential,False,,,Multifamily,False,,995000.0,,False,False,False,False,False,False,False,False
Expired,F10403694,3690,2323 W State Road 84,Yacht Haven,YACHT HAVEN 157-17 B,879000.0,,0.04,2112.0,Less Than 1/4 Acre Lot,B-2,Zoned Residential,Unimproved Agri/Recreatn/Moblhome,True,,2112.0,Single-family,False,< 0.25 ac,879000.0,416.1931818181818,False,False,False,False,False,False,False,False
Expired,A11600461,3140,4557 Poinciana St,Lauderdale By Sea,LAUDERDALE BY THE SEA,858000.0,,0.1473,6415.0,Less Than 1/4 Acre Lot,¤RM-25,Zoned Multifamily,Residential,False,,6415.0,Multifamily,False,< 0.25 ac,858000.0,133.74902572096647,False,False,False,False,False,False,False,False
Expired,F10519661,3470,2397 SW 18th Ave,Osceola Park,OSCEOLA PARK,850000.0,,0.275,,1/4 To Less Than 1/2 Acre Lot,,Zoned Residential,Residential,False,Public Road,11979.000000000002,Single-family,False,0.25–0.5 ac,850000.0,70.95750897403789,False,False,False,False,False,False,False,False
Expired,F10486462,3810,739 NE 5th Ave,Flagler Village,FLAGLER VILLAGE,799000.0,,0.15,6750.0,Less Than 1/4 Acre Lot,RAC-UV,Zoned Residential,Residential,False,,6750.0,Single-family,False,< 0.25 ac,799000.0,118.37037037037037,False,False,False,False,False,False,False,False
Expired,A11803022,3500,214 SW 9th St,Lauderdale,LAUDERDALE,756000.0,,0.0,3323.0,Less Than 1/4 Acre Lot,,Zoned Duplex,Residential,False,,3323.0,Duplex,False,< 0.25 ac,756000.0,227.5052663256094,False,False,False,False,False,False,False,False
Expired,A11872838,3470,214 SW 9th St,Lauderdale,LAUDERDALE,750000.0,,0.15,3325.0,,¤RD-15,Zoned Multifamily,Residential,False,,3325.0,Multifamily,False,< 0.25 ac,750000.0,225.5639097744361,False,False,False,False,False,False,False,False
Expired,A11272872,3370,1022 NE 2nd Ave,Progresso,PROGRESSO,749900.0,,0.5,10123.0,Less Than 1/4 Acre Lot,,Zoned Multifamily,Residential,False,,10123.0,Multifamily,False,< 0.25 ac,749900.0,74.07883038624914,False,False,False,False,False,False,False,False
Expired,A11884335,3010,43 NE 26th Ct,Sun Set Manors First,SUN SET MANORS FIRST ADD,749000.0,,0.165,7172.0,,¤RS-5,Zoned Residential,Residential,False,,7172.0,Single-family,False,< 0.25 ac,749000.0,104.43390964863357,False,False,False,False,False,False,False,False
Expired,A11252854,3480,15 Sw Ave,Shady Banks,SHADY BANKS,699000.0,,0.202,8814.0,1/4 To Less Than 1/2 Acre Lot,,Zoned Residential,Residential,False,,8814.0,Single-family,False,0.25–0.5 ac,699000.0,79.30565010211028,False,False,False,False,False,False,False,False
Expired,F10403688,3690,2323 W State Road 84,Yacht Haven,YACHT HAVEN 157-17 B,699000.0,,0.04,1600.0,Less Than 1/4 Acre Lot,B-2,Zoned Residential,Unimproved Agri/Recreatn/Moblhome,True,,1600.0,Single-family,False,< 0.25 ac,699000.0,436.875,False,False,False,False,False,False,False,False
Expired,F10403669,3690,2323 W State Road 84,Yacht Haven,YACHT HAVEN 157-17 B,699000.0,,0.04,1782.0,Less Than 1/4 Acre Lot,B-2,Zoned Residential,Unimproved Agri/Recreatn/Moblhome,True,,1782.0,Single-family,False,< 0.25 ac,699000.0,392.25589225589226,False,False,False,False,False,False,False,False
Expired,F10403667,3690,2323 W State Road 84 Lort 205,Yacht Haven,YACHT HAVEN 157-17 B,699000.0,,0.04,1896.0,Less Than 1/4 Acre Lot,B-2,Zoned Residential,Unimproved Agri/Recreatn/Moblhome,True,,1896.0,Single-family,False,< 0.25 ac,699000.0,368.67088607594934,False,False,False,False,False,False,False,False
Expired,F10466163,3480,900 Guava Isle,South New River Isles,SOUTH NEW RIVER ISLES SEC,679000.0,,0.224,9776.0,Less Than 1/4 Acre Lot,RS-8,Zoned Residential,Unimproved Agri/Recreatn/Moblhome,True,"City/County Maintained, Public Road",9776.0,Single-family,False,< 0.25 ac,679000.0,69.4558101472995,False,False,False,False,False,False,False,False
Expired,F10403665,3690,2323 W State Road 84,Yacht Haven,YACHT HAVEN 157-17 B,679000.0,,0.04,2080.0,Less Than 1/4 Acre Lot,B-2,Zoned Residential,Unimproved Agri/Recreatn/Moblhome,True,,2080.0,Single-family,False,< 0.25 ac,679000.0,326.4423076923077,False,False,False,False,False,False,False,False
Expired,A11730719,3280,1326 NE 14th Ave,Progresso,PROGRESSO,649000.0,,0.15,6749.0,,¤RM-15,Zoned Duplex,Residential,False,,6749.0,Duplex,False,< 0.25 ac,649000.0,96.16239442880426,False,False,False,False,False,False,False,False
Expired,A11926671,3460,425 NW 7th Ter,North Lauderdale,NORTH LAUDERDALE,625000.0,,0.2325,10127.0,,,Zoned Residential,Residential,False,"City/County Maintained, Paved Road, Public Road",10127.0,Single-family,False,< 0.25 ac,625000.0,61.71620420657648,False,False,False,False,False,False,False,False
Expired,F10528252,3480,1717 SW 14th St,Shady Banks,SHADY BANKS,599900.0,,0.1446,6300.0,Less Than 1/4 Acre Lot,RS-8,Zoned Residential,Residential,False,City/County Maintained,6300.0,Single-family,False,< 0.25 ac,599900.0,95.22222222222223,False,False,False,False,False,False,False,False
Expired,A11793354,3380,1120 NE 15th Ave,Progresso,PROGRESSO,579900.0,,0.1492,6502.0,,¤RC-15,Zoned Duplex,Residential,False,,6502.0,Duplex,False,< 0.25 ac,579900.0,89.18794217163949,False,False,False,False,False,False,False,False
Expired,A11765179,3380,1120 NE 15th Ave,Progresso,PROGRESSO,579900.0,,0.1492,6502.0,,¤RC-15,Zoned Duplex,Residential,False,,6502.0,Duplex,False,< 0.25 ac,579900.0,89.18794217163949,False,False,False,False,False,False,False,False
Expired,A11811572,3370,901 NE 16th Ct,Lauderdale Park,LAUDERDALE PARK 6-33 1/2,565000.0,,0.0,5500.0,Less Than 1/4 Acre Lot,RMS-15 R-MULTI-FAMIL,Zoned Multifamily,Residential,False,"Legal Access Road, City/County Maintained",5500.0,Multifamily,False,< 0.25 ac,565000.0,102.72727272727273,False,False,False,False,False,False,False,False
Expired,F10457244,3470,1730 SW 21st St,Osceola Park,OSCEOLA PARK 9-46 B,549999.0,,23205.0,5720.0,Less Than 1/4 Acre Lot,RD-15,Zoned Multifamily,Residential,False,,5720.0,Multifamily,False,< 0.25 ac,549999.0,96.15367132867132,False,False,False,False,False,False,False,False
Expired,F10413344,3690,2323 W State Road 84,Yacht Haven,YACHT HAVEN 157-17 B,549000.0,,0.04,1600.0,Less Than 1/4 Acre Lot,B-2,Zoned Residential,Unimproved Agri/Recreatn/Moblhome,True,,1600.0,Single-family,False,< 0.25 ac,549000.0,343.125,False,False,False,False,False,False,False,False
Expired,F10413343,3690,2323 W State Road 84,Yacht Haven,YACHT HAVEN 157-17 B,549000.0,,0.04,1782.0,Less Than 1/4 Acre Lot,B-2,Zoned Residential,Unimproved Agri/Recreatn/Moblhome,True,,1782.0,Single-family,False,< 0.25 ac,549000.0,308.0808080808081,False,False,False,False,False,False,False,False
Expired,F10457246,3470,1720 SW 21st Street,Osceola Park,OSCEOLA PARK 9-46 B,535000.0,,23205.0,5720.0,Less Than 1/4 Acre Lot,RD-15,Zoned Multifamily,Unimproved Agri/Recreatn/Moblhome,False,,5720.0,Multifamily,False,< 0.25 ac,535000.0,93.53146853146853,False,False,False,False,False,False,False,False
Expired,F10403659,3690,2323 W State Road 84,Yacht Haven,YACHT HAVEN 157-17 B,529000.0,,0.05,2436.0,Less Than 1/4 Acre Lot,B-2,Zoned Residential,Unimproved Agri/Recreatn/Moblhome,True,,2436.0,Single-family,False,< 0.25 ac,529000.0,217.1592775041051,False,False,False,False,False,False,False,False
Expired,F10403656,3690,2323 W State Road 84,Yacht Haven,YACHT HAVEN 157-17 B,529000.0,,0.03,,Less Than 1/4 Acre Lot,B-2,Zoned Residential,Unimproved Agri/Recreatn/Moblhome,True,,1306.8,Single-family,False,< 0.25 ac,529000.0,404.80563207835934,False,False,False,False,False,False,False,False
Expired,A11562598,3390,918-924 NW 13th Ave,Lincoln Park Fourth,LINCOLN PARK FOURTH ADD,499999.0,,0.2296,10000.0,,¤RMM-25,Zoned Multifamily,Income/MultiFamily,False,,10000.0,Multifamily,False,< 0.25 ac,499999.0,49.9999,False,False,False,False,False,False,False,False
Expired,F10500366,3450,800 NE 43rd Street,Floranada Center,FLORANADA CENTER 9-51 B,499000.0,,0.25,,Less Than 1/4 Acre Lot,RES,Zoned Residential,Unimproved Agri/Recreatn/Moblhome,False,Paved Road,10890.0,Single-family,False,< 0.25 ac,499000.0,45.821854912764,False,False,False,False,False,False,False,False
Expired,F10413269,3690,2323 W State Road 84 Lort 409,Yacht Haven,YACHT HAVEN 157-17 B,499000.0,,0.05,1896.0,Less Than 1/4 Acre Lot,B-2,Zoned Residential,Unimproved Agri/Recreatn/Moblhome,True,,1896.0,Single-family,False,< 0.25 ac,499000.0,263.1856540084388,False,False,False,False,False,False,False,False
Expired,F10403662,3690,2323 W State Road 84,Yacht Haven,YACHT HAVEN 157-17 B,499000.0,,0.03,1674.0,Less Than 1/4 Acre Lot,B-2,Zoned Residential,Unimproved Agri/Recreatn/Moblhome,True,,1674.0,Single-family,False,< 0.25 ac,499000.0,298.0884109916368,False,False,False,False,False,False,False,False
Expired,F10403660,3690,2323 W State Road 84,Yacht Haven,YACHT HAVEN 157-17 B,499000.0,,0.03,1705.0,Less Than 1/4 Acre Lot,B-2,Zoned Residential,Unimproved Agri/Recreatn/Moblhome,True,,1705.0,Single-family,False,< 0.25 ac,499000.0,292.6686217008798,False,False,False,False,False,False,False,False
Expired,F10481698,3470,806 Tequesta St,Bryan Subdivision,BRYAN SUBDIVISION,429000.0,,0.16,7000.0,Less Than 1/4 Acre Lot,RML25,Zoned Residential,Residential,False,"Paved Road, Public Road",7000.0,Single-family,False,< 0.25 ac,429000.0,61.285714285714285,False,False,False,False,False,False,False,False
Expired,A11725313,3020,918 - 924 NW 13th Ave,Lincoln Park Fourth,LINCOLN PARK FOURTH ADD,420000.0,,0.23,10000.0,,¤RMM-25,Zoned Multifamily,Residential,False,City/County Maintained,10000.0,Multifamily,False,< 0.25 ac,420000.0,42.0,False,False,False,False,False,False,False,False
Expired,R11015626,3560,1312 NW 2nd Street,Seminole Forest,SEMINOLE FOREST,420000.0,,,,Less Than 1/4 Acre Lot,RMM-25,,Single,False,"City/County Maintained, Paved Road, Public Road",,Multifamily,False,< 0.25 ac,420000.0,,False,False,False,False,False,False,False,False
Expired,F10541313,3450,937 NE 34th Court,Oakland Park Second,OAKLAND PARK SECOND ADD 1,399999.0,,0.22,9619.0,,,Zoned Residential,Unimproved Agri/Recreatn/Moblhome,False,,9619.0,Single-family,False,< 0.25 ac,399999.0,41.584260318120386,False,False,False,False,False,False,False,False
Expired,F10541306,3450,935 NE 34th Court,Oakland Park Second,OAKLAND PARK SECOND ADD 1,399999.0,,0.22,9619.0,Less Than 1/4 Acre Lot,R-1,Zoned Residential,Unimproved Agri/Recreatn/Moblhome,False,,9619.0,Single-family,False,< 0.25 ac,399999.0,41.584260318120386,False,False,False,False,False,False,False,False
Expired,F10432855,3350,1375 NE 40th Ct,Central Corals,CENTRAL CORALS,399000.0,,0.11,5041.0,Less Than 1/4 Acre Lot,R-1,Zoned Residential,Residential,False,Paved Road,5041.0,Single-family,False,< 0.25 ac,399000.0,79.15096211069232,False,False,False,False,False,False,False,False
Expired,F10413236,3690,2323 W State Road 84,Yacht Haven,YACHT HAVEN 157-17 B,399000.0,,0.05,2436.0,Less Than 1/4 Acre Lot,B-2,Zoned Residential,Unimproved Agri/Recreatn/Moblhome,True,,2436.0,Single-family,False,< 0.25 ac,399000.0,163.79310344827587,False,False,False,False,False,False,False,False
Expired,F10413229,3690,2323 W State Road 84,Yacht Haven,YACHT HAVEN 157-17 B,399000.0,,0.04,,Less Than 1/4 Acre Lot,B-2,Zoned Residential,Unimproved Agri/Recreatn/Moblhome,True,,1742.4,Single-family,False,< 0.25 ac,399000.0,228.9944903581267,False,False,False,False,False,False,False,False
Expired,F10526383,3480,1310 SW 20th Street,Lauderdale Groves,LAUDERDALE GROVES AMD 18-,398000.0,,0.153,7493.0,Less Than 1/4 Acre Lot,,Zoned Residential,Unimproved Agri/Recreatn/Moblhome,False,"City/County Maintained, Paved Road",7493.0,Single-family,False,< 0.25 ac,398000.0,53.11624182570399,False,False,False,False,False,False,False,False
Expired,A11860963,3470,16 Sw Ave,Sherwood Forest,SHERWOOD FOREST,395000.0,,0.15,6363.0,,¤RD-15,Zoned Duplex,Residential,False,"Legal Access Road, City/County Maintained",6363.0,Duplex,False,< 0.25 ac,395000.0,62.077636335062074,False,False,False,False,False,False,False,False
Expired,F10464008,3480,1306 SW 20th St,Lauderdale Groves,LAUDERDALE GROVES AMD 18-,388000.0,,0.153,6659.0,Less Than 1/4 Acre Lot,,Zoned Residential,Residential,False,"City/County Maintained, Paved Road",6659.0,Single-family,False,< 0.25 ac,388000.0,58.26700705811683,False,False,False,False,False,False,False,False
Expired,A11476021,3390,1445 NW 7th Ter,Progresso,PROGRESSO,370000.0,,0.23,10134.0,1/4 To Less Than 1/2 Acre Lot,¤RDS-15,Zoned Residential,Residential,False,,10134.0,Single-family,False,0.25–0.5 ac,370000.0,36.51075587132426,False,False,False,False,False,False,False,False
Expired,R11116418,3600,1801 SE 17 Street,Port Marina,THE PORT MARINA CONDO,365000.0,,,,East Of US 1,B1,,,True,"Paved Road, Public Road, State Road",,Commercial,False,,365000.0,,False,False,False,False,False,False,True,False
Expired,A11762584,3450,751 NE 43rd St,Floranada Center,FLORANADA CENTER,359000.0,,0.23,10106.0,1/4 To Less Than 1/2 Acre Lot,¤RM-16,Zoned Multifamily,Residential,False,"Legal Access Road, City/County Maintained, Paved Road",10106.0,Multifamily,False,0.25–0.5 ac,359000.0,35.52345141500099,False,False,False,False,False,False,False,False
Expired,A11476169,3450,3640 NE 6th Ave,Oakland Park Second,OAKLAND PARK SECOND ADD,350000.0,,0.15,6460.0,Less Than 1/4 Acre Lot,¤R-1,Zoned Residential,Residential,False,,6460.0,Single-family,False,< 0.25 ac,350000.0,54.17956656346749,False,False,False,False,False,False,False,False
Expired,A11959705,3411,00 NE 43rd St,Floranada Center,FLORANADA CENTER,349900.0,,0.15,6246.0,,¤RM-16,Zoned Multifamily,Residential,False,,6246.0,Multifamily,False,< 0.25 ac,349900.0,56.019852705731665,False,False,False,False,False,False,False,False
Expired,F10413265,3690,2323 W State Road 84,Yacht Haven,YACHT HAVEN 157-17 B,345000.0,,0.08,1674.0,Less Than 1/4 Acre Lot,B-2,Zoned Residential,Unimproved Agri/Recreatn/Moblhome,True,,1674.0,Single-family,False,< 0.25 ac,345000.0,206.09318996415772,False,False,False,False,False,False,False,False
Expired,A11695068,3540,9 Nw Ct,Lauderdale Homesites,LAUDERDALE HOMESITES,325000.0,,0.16,7284.0,,¤RD-15,Zoned Duplex,Residential,False,,7284.0,Duplex,False,< 0.25 ac,325000.0,44.618341570565626,False,False,False,False,False,False,False,False
Expired,F10413238,3690,2323 W State Road 84,Yacht Haven,YACHT HAVEN 157-17 B,325000.0,,0.05,1705.0,Less Than 1/4 Acre Lot,B-2,Zoned Residential,Unimproved Agri/Recreatn/Moblhome,True,,1705.0,Single-family,False,< 0.25 ac,325000.0,190.6158357771261,False,False,False,False,False,False,False,False
Expired,A11699255,3390,1445 NW 7th Ter,Progresso,PROGRESSO,315000.0,,0.23,10134.0,,¤RDS-15,Zoned Multifamily,Residential,False,,10134.0,Multifamily,False,< 0.25 ac,315000.0,31.08348134991119,False,False,False,False,False,False,False,False
Expired,F10482463,3350,1375 NE 40th Ct,Central Corals,CENTRAL CORALS,299000.0,,0.11,5041.0,Less Than 1/4 Acre Lot,R-1,Zoned Residential,Residential,False,Paved Road,5041.0,Single-family,False,< 0.25 ac,299000.0,59.31362824836342,False,False,False,False,False,False,False,False
Expired,F10519043,3370,1110 NE 5th Avenue,Progresso,PROGRESSO,299000.0,,0.078,3376.0,,Resident,Zoned Residential,Unimproved Agri/Recreatn/Moblhome,False,Public Road,3376.0,Single-family,False,< 0.25 ac,299000.0,88.56635071090048,False,False,False,False,False,False,False,False
Expired,F10548538,3370,1110 NE 5th Avenue,Progresso,PROGRESSO,259000.0,,0.078,3376.0,,Resident,Zoned Residential,Unimproved Agri/Recreatn/Moblhome,False,Public Road,3376.0,Single-family,False,< 0.25 ac,259000.0,76.71800947867298,False,False,False,False,False,False,False,False
Expired,A11701016,3550,1031 NW 21st St,Hillmont Middle River Vis,HILLMONT MIDDLE RIVER VIS,250000.0,,8267.0,8267.0,Corner Lot,¤RS-8,Zoned Residential,Residential,True,"Legal Access Road, City/County Maintained, Other Road",8267.0,Single-family,False,< 0.25 ac,250000.0,30.24071610015725,True,False,False,False,False,False,False,False
Expired,A11533254,3570,636 NW 12th Ave,Progresso,PROGRESSO,240000.0,,0.0,6750.0,,¤RMM-25,Zoned Multifamily,Other,False,,6750.0,Multifamily,False,< 0.25 ac,240000.0,35.55555555555556,False,False,False,False,False,False,False,False
Expired,R11139271,3600,1801 SE 17 Street,Port Marina,THE PORT MARINA,218990.0,,,,East Of US 1,B1,,,True,"City/County Maintained, Paved Road, Public Road",,Commercial,False,,218990.0,,False,False,False,False,False,False,True,False
Expired,R11107414,3560,1602 Lauderdale Manor Drive,Lauderdale Manors,LAUDERDALE MANORS REVISED,210000.0,,0.1281,,Less Than 1/4 Acre Lot,RS-8,,Unimproved Agri/Recreatn/Moblhome,False,Public Road,5580.036,Single-family,False,< 0.25 ac,210000.0,37.634165801080854,False,False,False,False,False,False,False,False
Expired,F10482984,3460,TBD NW 15th Way,Dorsey Park First,DORSEY PARK FIRST ADD 21-,200000.0,,0.259,11300.0,,RS-8,Zoned Residential,Residential,False,,11300.0,Single-family,False,0.25–0.5 ac,200000.0,17.699115044247787,False,False,False,False,False,False,False,False
Expired,F10443921,3560,2630 NW 20th Ave,Gedeon,GEDEON SUB 21-24 B,199000.0,,0.2,9008.0,Less Than 1/4 Acre Lot,R-1,Zoned Residential,Residential,False,Other Road,9008.0,Single-family,False,< 0.25 ac,199000.0,22.091474245115453,False,False,False,False,False,False,False,False
Expired,A11580538,3400,628 NW 22nd Rd,Washington Park,WASHINGTON PARK,177000.0,,0.066,5014.0,,¤CB,Zoned Multifamily,Other,False,,5014.0,Multifamily,False,< 0.25 ac,177000.0,35.30115676106901,False,False,False,False,False,False,False,False
Expired,F10465008,3560,0 NW 7th Court,Washington Park Third,WASHINGTON PARK THIRD ADD,140000.0,,0.0,5501.0,,RS-6,Zoned Residential,Unimproved Agri/Recreatn/Moblhome,False,,5501.0,Single-family,False,< 0.25 ac,140000.0,25.44991819669151,False,False,False,False,False,False,False,False
Expired,A11760660,3050,600-610 Las Olas Blvd,Symphony Condominuim,SYMPHONY CONDOMINUIM,125000.0,,0.0,,Zero Lot Line Lot,0000,Boat Dock or Dockominium,Dockominium,True,"City/County Maintained, Private Road",,Dock,True,,125000.0,,False,False,False,False,False,False,False,False
Expired,A11746022,3400,628 NW 22nd Rd,Washington Park,WASHINGTON PARK,125000.0,,0.066,5014.0,,¤CB,Zoned Multifamily,Other,False,,5014.0,Multifamily,False,< 0.25 ac,125000.0,24.93019545273235,False,False,False,False,False,False,False,False
Expired,F10426858,3690,2323 W State Road 84,Yacht Haven,YACHT HAVEN,10000.0,,21.7,862176.0,Less Than 1/4 Acre Lot,B-2,Boat Dock or Dockominium,Dockominium,True,Paved Road,862176.0,Dock,True,< 0.25 ac,10000.0,0.011598559922799985,False,False,False,False,False,False,False,False
Expired,R11054331,3280,516 Royal Plaza Drive,Stilwell Isles,STILWELL ISLES,7500.0,,0.0021,,1/4 To Less Than 1/2 Acre Lot,,,,True,,91.476,,False,0.25–0.5 ac,7500.0,81.98871835235472,False,False,False,False,False,False,False,False
Expired,R10995784,3260,1335 Seminole Drive Unit#1335,Beach Way Heights,BEACH WAY HEIGHTS UNIT,5000.0,,,,"Less Than 1/4 Acre Lot, Cul-De-Sac Lot",RS-4.4,,,True,City/County Maintained,,Single-family,False,< 0.25 ac,5000.0,,False,True,False,False,False,False,False,False
Expired,A11738599,3500,65 Hendricks Isle,Vista Del Sol Boat,VISTA DEL SOL CONDO BOAT,1400.0,,0.0,,Other Lot Description,¤RMM-25,Boat Dock or Dockominium,Dockominium,True,Public Road,,Dock,True,,1400.0,,False,False,False,False,False,False,False,False
Expired,A11797609,3450,322 Hendricks Isle,Victoria Isles,VICTORIA ISLES,1100.0,,0.0,6250.0,Less Than 1/4 Acre Lot,¤RMM-25,Boat Dock or Dockominium,Other,True,"Paved Road, Private Road",6250.0,Dock,True,< 0.25 ac,1100.0,0.176,False,False,False,False,False,False,False,False
Expired,A11609092,3280,76 Isle of Venice DOCK 4,Nurmi Isles,NURMI ISLES ISLAND NUMBER,750.0,,0.0,,Less Than 1/4 Acre Lot,COOPERATIVE,Boat Dock or Dockominium,Other,True,Public Road,,Dock,True,< 0.25 ac,750.0,,False,False,False,False,False,False,False,False
Expired,F10506482,3260,1821 Middle River Drive,Coral Ridge,CORAL RIDGE,500.0,,0.5,,Less Than 1/4 Acre Lot,,Boat Dock or Dockominium,Dockominium,True,"City/County Maintained, Paved Road",21780.0,Dock,True,< 0.25 ac,500.0,0.02295684113865932,False,False,False,False,False,False,False,False
Expired,R11106162,3470,1733 SW 5 Court,Gill Isles,GILL ISLES,500.0,,,,Less Than 1/4 Acre Lot,RES,,,True,City/County Maintained,,Single-family,False,< 0.25 ac,500.0,,False,False,False,False,False,False,False,False
Sold,R11146233,4110,1120 S Ocean Boulevard,Hypoluxo Beach Map In,HYPOLUXO BEACH MAP 1 IN,105000000.0,105000000.0,3.5,,"1 To Less Than 2 Acre Lot, 2 To Less Than 3 Acre Lot",R-1C(c,,Unimproved Agri/Recreatn/Moblhome,True,"County Road, Public Road",152460.0,Single-family,False,1–2 ac,105000000.0,688.7052341597796,False,False,False,False,False,False,False,False
Sold,F10486652,3600,1818 SE 10th St,Rio Vista,RIO VISTA ILSES,42650000.0,42650000.0,1.39,60868.0,1 To Less Than 2 Acre Lot,RS-4.4,Zoned Residential,Residential,True,,60868.0,Single-family,False,1–2 ac,42650000.0,700.6965893408687,False,False,False,False,False,False,False,False
Sold,A11695755,41,8565 Old Cutler Rd,Gables Estates,GABLES ESTATES NO 2,41625000.0,41625000.0,4.6,200650.0,4 To Less Than 5 Acre Lot,¤0100,Zoned Residential,Residential,True,,200650.0,Single-family,False,4–5 ac,41625000.0,207.450784948916,False,False,False,False,False,False,False,False
Sold,B26026938,5003,690 Island Drive,Everglades Isles,EVERGLADES ISLAND 2,39200000.0,39200000.0,0.84,,"1/2 To Less Than 3/4 Acre Lot, Less Than 1 Acre",R-B (city),,Unimproved Agri/Recreatn/Moblhome,True,Paved Road,36590.4,,False,0.5–0.75 ac,39200000.0,1071.319253137435,False,False,False,False,False,False,False,False
Sold,R11158560,5030,430 S Beach Road,Jupiter Isles,JUPITER ISLAND,31651175.0,31651175.0,,,,res,,Single,True,"City/County Maintained, Paved Road",,Single-family,False,,31651175.0,,False,False,False,False,False,False,False,False
Sold,R11154052,5003,Tarpon Way Lot,Isles Rd Dev,ISLAND RD DEV REV,27250000.0,27250000.0,0.53,,1/2 To Less Than 3/4 Acre Lot,R-A(ci,,Unimproved Agri/Recreatn/Moblhome,True,"City/County Maintained, Paved Road",23086.800000000003,Multifamily,False,0.5–0.75 ac,27250000.0,1180.3281528838988,False,False,False,False,False,False,False,False
Sold,B26007814,4140,941 S Ocean Boulevard,Delray Estate Section,DELRAY ESTATE SECTION,26000000.0,26000000.0,1.2,,1 To Less Than 2 Acre Lot,R-1-AA (city),,Unimproved Agri/Recreatn/Moblhome,True,Paved Road,52272.0,Single-family,False,1–2 ac,26000000.0,497.39822467095195,False,False,False,False,False,False,False,False
Sold,F10543132,3112,1079 Hillsboro Mile,Hillsboro Mile,HILLSBORO MILE,21500000.0,21500000.0,1.23,53544.0,1 To Less Than 2 Acre Lot,RS-2,Zoned Residential,Unimproved Agri/Recreatn/Moblhome,True,,53544.0,Single-family,False,1–2 ac,21500000.0,401.53892126101897,False,False,False,False,False,False,False,False
Sold,F10538344,6220 SE Okeechobee County,Us-441,,,23000000.0,23000000.0,2361.0,27573480.0,"10 Or More Acre Lot, Oversized Lot",Agriculture,Zoned Residential,Unimproved Agri/Recreatn/Moblhome,False,"County Road, City/County Maintained, Paved Road, U.S. Highway",27573480.0,Single-family,False,10+ ac,23000000.0,0.8341348281029453,False,False,False,False,True,False,False,False
Sold,R11115734,4320,3070 S Ocean Boulevard,Gedney Vs Pierson,GEDNEY VS PIERSON,15100000.0,15100000.0,1.2,,1 To Less Than 2 Acre Lot,R-1A(c,,Unimproved Agri/Recreatn/Moblhome,True,City/County Maintained,52272.0,Single-family,False,1–2 ac,15100000.0,288.87358432812977,False,False,False,False,False,False,False,False
Sold,R11101767,5001,1150 N Ocean Way,El Encanto,EL ENCANTO,14000000.0,14000000.0,0.57,,1/2 To Less Than 3/4 Acre Lot,R-B(ci,,Unimproved Agri/Recreatn/Moblhome,False,"Paved Road, Public Road",24829.199999999997,,False,0.5–0.75 ac,14000000.0,563.8522384933868,False,False,False,False,False,False,False,False
Sold,A11772886,22,9224 Bay Dr,Altos Del Mar,ALTOS DEL MAR NO 5,13875000.0,13875000.0,0.0,27500.0,,¤1100,Zoned Residential,Residential,True,,27500.0,Single-family,False,0.5–0.75 ac,13875000.0,504.54545454545456,False,False,False,False,False,False,False,False
Sold,A11884799,51,9175 Arvida Dr,Gables Ests,GABLES ESTS NO 4,14900000.0,14900000.0,43293.0,43293.0,,¤0100,Zoned Residential,Residential,True,,43293.0,Single-family,False,0.75–1 ac,14900000.0,344.1664934284988,False,False,False,False,False,False,False,False
Sold,F10491645,3280,633 5th Key Dr,Sunrise Key,SUNRISE KEY,11700000.0,11700000.0,0.502,21873.0,,RS-4.4,Zoned Residential,Residential,True,,21873.0,Single-family,False,0.5–0.75 ac,11700000.0,534.9060485530106,False,False,False,False,False,False,False,False
Sold,A11993438,31,1236 S S Venetian Way,San Marco,SAN MARCO,11500000.0,11500000.0,0.31,13382.0,,¤0100,Zoned Residential,Residential,True,,13382.0,Single-family,False,0.25–0.5 ac,11500000.0,859.3633238678823,False,False,False,False,False,False,False,False
Sold,A11678029,32,1234 S Venetian Way,San Marco,SAN MARCO,11500000.0,11500000.0,0.31,13382.0,1/2 To Less Than 3/4 Acre Lot,¤0100,Zoned Residential,Residential,True,,13382.0,Single-family,False,0.5–0.75 ac,11500000.0,859.3633238678823,False,False,False,False,False,False,False,False
Sold,A11884920,32,31 La Gorce Circle,La Gorce Isles,LA GORCE ISLAND,10400000.0,10400000.0,0.59,25896.0,,¤2100,Zoned Residential,Residential,False,,25896.0,Single-family,False,0.5–0.75 ac,10400000.0,401.60642570281124,False,False,False,False,False,False,False,False
Sold,R11142698,5002,0 Chapel Hill Road,Hill,HILL SUB,10000000.0,10000000.0,0.3437,,1/4 To Less Than 1/2 Acre Lot,R-B(ci,,Unimproved Agri/Recreatn/Moblhome,False,Public Road,14971.572,,False,0.25–0.5 ac,10000000.0,667.932532402075,False,False,False,False,False,False,False,False
Sold,A11988443,32,1230 S Venetian Way,San Marco,SAN MARCO,11000000.0,11000000.0,0.11,13382.0,,¤0100,Zoned Residential,Residential,True,,13382.0,Single-family,False,0.25–0.5 ac,11000000.0,821.9997010910178,False,False,False,False,False,False,False,False
Sold,A12003770,3160,3030 N Atlantic Blvd,Lauderdale Beach,LAUDERDALE BEACH,8880000.0,8880000.0,0.29,12596.0,1/4 To Less Than 1/2 Acre Lot,¤RS-8,Zoned Residential,Residential,True,"City/County Maintained, Paved Road, Public Road",12596.0,Single-family,False,0.25–0.5 ac,8880000.0,704.9857097491267,False,False,False,False,False,False,False,False
Sold,A11961758,22,1990 NE 119th Rd,Sans Souci Estates,SANS SOUCI ESTATES,8875000.0,8875000.0,0.0,12170.0,1/4 To Less Than 1/2 Acre Lot,¤0900,Zoned Residential,Residential,True,,12170.0,Single-family,False,0.25–0.5 ac,8875000.0,729.252259654889,False,False,False,False,False,False,False,False
Sold,R11104227,5001,324 Eden Road,Eden Properties,EDEN PROPERTIES,9000000.0,9000000.0,0.3221,,"1/4 To Less Than 1/2 Acre Lot, Less Than 1 Acre",R-B(ci,,Unimproved Agri/Recreatn/Moblhome,False,Paved Road,14030.676,,False,0.25–0.5 ac,9000000.0,641.4516306983356,False,False,False,False,False,False,False,False
Sold,R11140365,4190,495 E Alexander Palm Road,Royal Palm Yacht Country,ROYAL PALM YACHT & COUNTRY,8175000.0,8175000.0,0.3353,,"1/2 To Less Than 3/4 Acre Lot, 1/4 To Less Than 1/2 Acre Lot, East Of US 1",R1A(ci,,Unimproved Agri/Recreatn/Moblhome,True,"Paved Road, Public Road",14605.668,Single-family,False,0.25–0.5 ac,8175000.0,559.7142150567848,False,False,False,False,False,False,True,False
Sold,R11100717,5001,254 N Woods Road,Woods Landing,WOODS LANDING 3,8500000.0,8500000.0,0.3444,,1/4 To Less Than 1/2 Acre Lot,R-B(ci,,Unimproved Agri/Recreatn/Moblhome,False,City/County Maintained,15002.063999999998,,False,0.25–0.5 ac,8500000.0,566.5887040609879,False,False,False,False,False,False,False,False
Sold,A11751290,22,700 88th St,Second Norman,SECOND AMD PLAT OF NORMAN,8000000.0,8000000.0,0.34,15000.0,1/4 To Less Than 1/2 Acre Lot,¤1100,Zoned Residential,Residential,True,,15000.0,Single-family,False,0.25–0.5 ac,8000000.0,533.3333333333334,False,False,False,False,False,False,False,False
Sold,A11883060,51,10600 Lakeside Dr,Snapper Creek Lakes,SNAPPER CREEK LAKES SUB,8100000.0,8100000.0,1.32,57499.0,1 To Less Than 2 Acre Lot,¤0100,Zoned Residential,Residential,True,Paved Road,57499.0,Single-family,False,1–2 ac,8100000.0,140.87201516548114,False,False,False,False,False,False,False,False
Sold,R11150584,5001,274 Monterey Road,Gregory Addn,GREGORY ADDN,7350000.0,7350000.0,0.3099,,1/4 To Less Than 1/2 Acre Lot,R-B(ci,,Unimproved Agri/Recreatn/Moblhome,False,Paved Road,13499.244,,False,0.25–0.5 ac,7350000.0,544.4749350408067,False,False,False,False,False,False,False,False
Sold,R11155633,5100,953 Thayer Lane,,,7780000.0,7780000.0,2.23,,2 To Less Than 3 Acre Lot,R1(cit,,Unimproved Agri/Recreatn/Moblhome,True,Private Road,97138.8,Single-family,False,2–3 ac,7780000.0,80.09158029541234,False,False,False,False,False,False,False,False
Sold,A11964325,41,7301 Ponce De Leon Rd,Unknown,UNKNOWN,7250000.0,7250000.0,1.25,54450.0,1 To Less Than 2 Acre Lot,¤2300,Zoned Residential,Residential,False,,54450.0,Single-family,False,1–2 ac,7250000.0,133.14967860422405,False,False,False,False,False,False,False,False
Sold,B26045973,4190,1845 Royal Palm Way,Royal Palm Yacht Country,ROYAL PALM YACHT & COUNTRY,7000000.0,7000000.0,0.3602,,"1/4 To Less Than 1/2 Acre Lot, Less Than 1 Acre",R1A (city),,Unimproved Agri/Recreatn/Moblhome,False,City/County Maintained,15690.312000000002,Single-family,False,0.25–0.5 ac,7000000.0,446.13516926878185,False,False,False,False,False,False,False,False
Sold,A11459360,32,433 E Dilido Dr,Di Lido Isles,DI LIDO ISLAND,6600000.0,6600000.0,0.241,10500.0,,¤0800,Zoned Residential,Residential,True,,10500.0,Single-family,False,< 0.25 ac,6600000.0,628.5714285714286,False,False,False,False,False,False,False,False
Sold,R11068319,5940 Florida Other,512 River Drive,Riomar Bay,REPLAT OF RIOMAR BAY UNIT,4500000.0,4500000.0,0.55,,1/2 To Less Than 3/4 Acre Lot,R-1AA,,Unimproved Agri/Recreatn/Moblhome,True,Paved Road,23958.000000000004,Single-family,False,0.5–0.75 ac,4500000.0,187.8287002253944,False,False,False,False,False,False,False,False
Sold,R11159443,5240,1010 Pine Point Road,Pine Point,PINE POINT,6460000.0,6460000.0,0.3206,,1/4 To Less Than 1/2 Acre Lot,RS-5(c,,Unimproved Agri/Recreatn/Moblhome,True,"City/County Maintained, Paved Road, Private Road",13965.336,Single-family,False,0.25–0.5 ac,6460000.0,462.57390441590525,False,False,False,False,False,False,False,False
Sold,R11098071,4200,670 Oak Street,Shepards,SHEPARDS W S,6800000.0,6800000.0,,,"East Of US 1, Flood Zone Lot",R3,,Single,True,"City/County Maintained, Public Road",,,False,,6800000.0,,False,False,False,False,False,True,True,False
Sold,R11148575,5002,222 Cherry Lane,Cherry Lane,CHERRY LANE,5500000.0,5500000.0,0.23,,Less Than 1/4 Acre Lot,R-B(ci,,Unimproved Agri/Recreatn/Moblhome,False,Paved Road,10018.800000000001,,False,< 0.25 ac,5500000.0,548.967940272288,False,False,False,False,False,False,False,False
Sold,R11070742,5210,14860 Palmwood Road,,,5250000.0,5250000.0,0.46,,1/4 To Less Than 1/2 Acre Lot,AR,,Unimproved Agri/Recreatn/Moblhome,True,"Paved Road, Public Road",20037.600000000002,Acreage / rural,False,0.25–0.5 ac,5250000.0,262.00742603904655,False,False,False,False,False,False,False,False
Sold,R11021514,5100,207 Body Court,Yacht Club Estates,YACHT CLUB ESTATES,5400000.0,5400000.0,0.46,,Corner Lot,R1(cit,,Single,True,"Legal Access Road, City/County Maintained, Paved Road, Public Road",20037.600000000002,Single-family,False,0.25–0.5 ac,5400000.0,269.493352497305,True,False,False,False,False,False,False,False
Sold,A11898162,32,7508 W Treasure Dr,Treasure Isles,TREASURE ISLAND,4500000.0,4500000.0,0.1928,8400.0,Less Than 1/4 Acre Lot,¤0600,Zoned Residential,Residential,True,"City/County Maintained, Paved Road, Public Road",8400.0,Single-family,False,< 0.25 ac,4500000.0,535.7142857142857,False,False,False,False,False,False,False,False
Sold,A11991584,22,10801 N Bayshore Dr,Biscayne Shores,BISCAYNE SHORES UNIT NO 2,4750000.0,4750000.0,0.293,,,,Zoned Residential,Residential,True,,12763.08,Single-family,False,0.25–0.5 ac,4750000.0,372.1672198246818,False,False,False,False,False,False,False,False
Sold,A11800388,41,8261 La Rampa St,Cocoplum,COCOPLUM SEC 1,4700000.0,4700000.0,0.5165,22500.0,1/2 To Less Than 3/4 Acre Lot,¤0100,Zoned Residential,Residential,False,,22500.0,Single-family,False,0.5–0.75 ac,4700000.0,208.88888888888889,False,False,False,False,False,False,False,False
Sold,R11144485,5100,18040 Via Rio,Via Rio Unrec On Am,VIA RIO UNREC ON AM 90,3300000.0,3300000.0,,,,RS,,Single,True,Paved Road,,Single-family,False,,3300000.0,,False,False,False,False,False,False,False,False
Sold,A11993184,41,1953 Tigertail Ave,Biscayne Park Terr,BISCAYNE PARK TERR,4800000.0,4800000.0,0.39,16386.0,,¤0100,Zoned Residential,Residential,False,,16386.0,Single-family,False,0.25–0.5 ac,4800000.0,292.9329915781765,False,False,False,False,False,False,False,False
Sold,R11148476,4150,4211 Intracoastal Drive,Bel Lido,BEL LIDO,5200000.0,5200000.0,0.287,,1/4 To Less Than 1/2 Acre Lot,RS(cit,,Unimproved Agri/Recreatn/Moblhome,True,City/County Maintained,12501.72,Single-family,False,0.25–0.5 ac,5200000.0,415.94276627536055,False,False,False,False,False,False,False,False
Sold,R11135430,5600,2002 Notre Dame Drive,College Park,COLLEGE PARK ADD 2,4350000.0,4350000.0,0.3478,,1/4 To Less Than 1/2 Acre Lot,SF-R(c,,Unimproved Agri/Recreatn/Moblhome,True,"Paved Road, Public Road",15150.168,Single-family,False,0.25–0.5 ac,4350000.0,287.125528905026,False,False,False,False,False,False,False,False
Sold,F10548984,3240,0 Compass Isle,Bay Colony,BAY COLONY,4500000.0,4500000.0,0.29,12795.0,1/4 To Less Than 1/2 Acre Lot,RS-4.4,Zoned Residential,Unimproved Agri/Recreatn/Moblhome,True,,12795.0,Single-family,False,0.25–0.5 ac,4500000.0,351.69988276670574,False,False,False,False,False,False,False,False
Sold,R11111334,4190,425 S Maya Palm Drive,Royal Palm Yacht Countr,ROYAL PALM YACHT & COUNTR,3950000.0,3950000.0,,,,R1A(ci,,Single,False,Public Road,,Single-family,False,,3950000.0,,False,False,False,False,False,False,False,False
Sold,F10527532,3240,40 Compass Isle,Bay Colony,BAY COLONY,4500000.0,4500000.0,0.29,12500.0,1/4 To Less Than 1/2 Acre Lot,RS-4.4,Zoned Residential,Unimproved Agri/Recreatn/Moblhome,True,,12500.0,Single-family,False,0.25–0.5 ac,4500000.0,360.0,False,False,False,False,False,False,False,False
Sold,A11967185,3280,2368 Castilla Isle,Lauderdale Shores Reamen,LAUDERDALE SHORES REAMEN,4275000.0,4275000.0,0.31,13500.0,1/4 To Less Than 1/2 Acre Lot,¤RS-4.4,Zoned Residential,Residential,True,,13500.0,Single-family,False,0.25–0.5 ac,4275000.0,316.6666666666667,False,False,False,False,False,False,False,False
Sold,T20052976,6080,4082 SE Old Saint Lucie Boulevard,,,3600000.0,3600000.0,0.992,,,RES,,Single,True,City/County Maintained,43211.52,Single-family,False,0.75–1 ac,3600000.0,83.31111703545722,False,False,False,False,False,False,False,False
Sold,R11138779,6080,4082 SE Old Saint Lucie Boulevard,Dumont,DUMONT,3600000.0,3600000.0,0.99,,"1/2 To Less Than 3/4 Acre Lot, Less Than 1 Acre",Res,,Unimproved Agri/Recreatn/Moblhome,True,City/County Maintained,43124.4,Single-family,False,0.5–0.75 ac,3600000.0,83.47942232239753,False,False,False,False,False,False,False,False
Sold,T20032731,6080,3250 SE Willoughby Boulevard,,,3275000.0,3275000.0,4.65,,,,,Other,False,,202554.00000000003,,False,4–5 ac,3275000.0,16.168527898733174,False,False,False,False,False,False,False,False
Sold,R11125195,3111,2040 E Hillsboro Boulevard,Deerfield Beach,DEERFIELD BEACH,3600000.0,3600000.0,0.3214,,1/4 To Less Than 1/2 Acre Lot,RM-25,,Unimproved Agri/Recreatn/Moblhome,False,Public Road,14000.184000000001,Multifamily,False,0.25–0.5 ac,3600000.0,257.1394775954373,False,False,False,False,False,False,False,False
Sold,F10526591,3240,11 Compass Isle,Bay Colony Section,BAY COLONY SECTION OF THE,3995000.0,3995000.0,0.2772,12077.0,"1/4 To Less Than 1/2 Acre Lot, East Of US 1",RS-4.4,Zoned Residential,Unimproved Agri/Recreatn/Moblhome,True,"Paved Road, Private Road",12077.0,Single-family,False,0.25–0.5 ac,3995000.0,330.79407137534156,False,False,False,False,False,False,True,False
Sold,A11967220,3280,500 Coral Way,Coral Isles,CORAL ISLES,3750000.0,3750000.0,0.241,10500.0,Less Than 1/4 Acre Lot,¤RS-4.4,Zoned Residential,Residential,True,,10500.0,Single-family,False,< 0.25 ac,3750000.0,357.14285714285717,False,False,False,False,False,False,False,False
Sold,B26015076,3600,1401 SE 9th Street,Rio Vista,RIO VISTA ISLES,3795000.0,3795000.0,0.4183,,"1/4 To Less Than 1/2 Acre Lot, Less Than 1 Acre",RS-8,,Unimproved Agri/Recreatn/Moblhome,True,,18221.148,Single-family,False,0.25–0.5 ac,3795000.0,208.27447315613702,False,False,False,False,False,False,False,False
Sold,A11951170,22,1045 93rd St,Bay Harbor Isles,BAY HARBOR ISLAND,3650000.0,3650000.0,0.26,11250.0,,¤4500,Zoned Multifamily,Residential,False,"City/County Maintained, Public Road",11250.0,Multifamily,False,0.25–0.5 ac,3650000.0,324.44444444444446,False,False,False,False,False,False,False,False
Sold,A12026630,50,9651 SW 63rd Ct,Pine Acres Ests,PINE ACRES ESTS,4200000.0,4200000.0,40469.0,40469.0,,¤2300,Zoned Residential,Residential,False,,40469.0,Single-family,False,0.75–1 ac,4200000.0,103.7831426524006,False,False,False,False,False,False,False,False
Sold,A11998113,32,3141 N Bay Rd,Sunset Lake,AMD PLAT OF SUNSET LAKE S,3000000.0,3000000.0,10534.0,10534.0,,¤0100,Zoned Residential,Residential,False,,10534.0,Single-family,False,< 0.25 ac,3000000.0,284.79210176571104,False,False,False,False,False,False,False,False
Sold,A11946909,40,6366 Snapper Creek Dr,Snapper Creek Groves,SNAPPER CREEK GROVES,3050000.0,3050000.0,0.74,32300.0,1/2 To Less Than 3/4 Acre Lot,¤2100,Zoned Residential,Residential,True,"City/County Maintained, Paved Road",32300.0,Single-family,False,0.5–0.75 ac,3050000.0,94.42724458204334,False,False,False,False,False,False,False,False
Sold,A12025544,50,6420 SW 114th St,Hammock Pines Estates,HAMMOCK PINES ESTATES,3495000.0,3495000.0,0.93,40510.0,"3/4 To Less Than 1 Acre Lot, East Of US 1",¤2300,Zoned Residential,Residential,False,,40510.0,Single-family,False,0.75–1 ac,3495000.0,86.27499382868427,False,False,False,False,False,False,True,False
Sold,A11951888,3010,505 Palm Dr,Golden Isles Pl,GOLDEN ISLES SEC A REV PL,3250000.0,3250000.0,0.25,11117.0,1/4 To Less Than 1/2 Acre Lot,¤RS-5,Zoned Residential,Residential,True,,11117.0,Single-family,False,0.25–0.5 ac,3250000.0,292.34505711972656,False,False,False,False,False,False,False,False
Sold,R11151824,5100,119 Elsa Road,Yacht Club Estates,YACHT CLUB ESTATES,3290000.0,3290000.0,,,1/4 To Less Than 1/2 Acre Lot,residential,,Unimproved Agri/Recreatn/Moblhome,True,Paved Road,,Single-family,False,0.25–0.5 ac,3290000.0,,False,False,False,False,False,False,False,False
Sold,R11162754,4190,428 E Camino Real,Royal Palm Yacht Country,ROYAL PALM YACHT & COUNTRY,3300000.0,3300000.0,0.3848,,"Less Than 1/4 Acre Lot, 1/4 To Less Than 1/2 Acre Lot",R1A(ci,,Unimproved Agri/Recreatn/Moblhome,False,City/County Maintained,16761.888,Single-family,False,< 0.25 ac,3300000.0,196.87519687519688,False,False,False,False,False,False,False,False
Sold,R11162873,4460,1010 Hibiscus Lane,,S/D OF 8-46-43,3031250.0,3031250.0,0.6355,,"1/2 To Less Than 3/4 Acre Lot, Less Than 1 Acre",R-1-AA,,Unimproved Agri/Recreatn/Moblhome,False,Paved Road,27682.379999999997,Single-family,False,0.5–0.75 ac,3031250.0,109.50106168617006,False,False,False,False,False,False,False,False
Sold,A11981141,41,3170 Florida Ave,Charles Frows,CHARLES H FROWS SUB,3120000.0,3120000.0,0.15,7150.0,,¤3901,Zoned Residential,Other,False,Paved Road,7150.0,Single-family,False,< 0.25 ac,3120000.0,436.3636363636364,False,False,False,False,False,False,False,False
Sold,R11110626,5590,3057 D Road,Loxahatchee Groves,LOXAHATCHEE GROVES,2900000.0,2900000.0,20.0,,"10 Or More Acre Lot, 5 To Less Than 10 Acre Lot",AR(cit,,,True,"City/County Maintained, Paved Road",871200.0,Acreage / rural,False,5–10 ac,2900000.0,3.3287419651056016,False,False,False,False,False,False,False,False
Sold,F10549629,3221,3020 NE 44th Street,Venetian Isles Rd,VENETIAN ISLES 3RD SEC 47,3000000.0,3000000.0,0.28,12000.0,East Of US 1,RS-3,Zoned Residential,Unimproved Agri/Recreatn/Moblhome,True,,12000.0,Single-family,False,0.25–0.5 ac,3000000.0,250.0,False,False,False,False,False,False,True,False
Sold,R11128673,5440,3502 Washington Road,Southland Park,SOUTHLAND PARK,2850000.0,2850000.0,,,,SF14(c,,Single,False,"City/County Maintained, Paved Road",,Single-family,False,,2850000.0,,False,False,False,False,False,False,False,False
Sold,A11963030,50,6701 SW 115th St,Oakridge Estates,OAKRIDGE ESTATES REV,3075000.0,3075000.0,1.24,54014.0,,¤2300,Zoned Residential,Residential,False,,54014.0,Single-family,False,1–2 ac,3075000.0,56.92968489650831,False,False,False,False,False,False,False,False
Sold,A11939518,3030,1049 S Southlake Dr,Hollywood Lakes Section,HOLLYWOOD LAKES SECTION,2875000.0,2875000.0,0.4,17551.0,,¤RS-9,Zoned Residential,Residential,True,,17551.0,Single-family,False,0.25–0.5 ac,2875000.0,163.80833000968605,False,False,False,False,False,False,False,False
Sold,A11950574,52,760 Allendale Road,Biscayne Key Estates,BISCAYNE KEY ESTATES,2850000.0,2850000.0,0.0,7500.0,Less Than 1/4 Acre Lot,¤0100,Zoned Residential,Residential,False,Public Road,7500.0,Single-family,False,< 0.25 ac,2850000.0,380.0,False,False,False,False,False,False,False,False
Sold,R11153066,5440,265 Rilyn Drive,Burnup And Sims Estates,BURNUP AND SIMS ESTATES,2550000.0,2550000.0,0.32,,1/4 To Less Than 1/2 Acre Lot,SF7,,Unimproved Agri/Recreatn/Moblhome,False,"City/County Maintained, Paved Road, Public Road",13939.2,Single-family,False,0.25–0.5 ac,2550000.0,182.93732782369145,False,False,False,False,False,False,False,False
Sold,A11744837,32,315 W San Marino Dr,San Marino Isles,SAN MARINO ISLAND,2650000.0,2650000.0,0.17,7200.0,Less Than 1/4 Acre Lot,¤0100,Zoned Residential,Residential,False,,7200.0,Single-family,False,< 0.25 ac,2650000.0,368.05555555555554,False,False,False,False,False,False,False,False
Sold,A11957732,32,4557 N Jefferson Ave,Nautilus Extension Th,NAUTILUS EXTENSION 5TH,2740000.0,2740000.0,0.25,8929.0,,¤0100,Zoned Residential,Residential,False,,8929.0,Single-family,False,< 0.25 ac,2740000.0,306.8652704670176,False,False,False,False,False,False,False,False
Sold,A11911719,41,919 Tendilla Ave,Coral Gables Country Club,CORAL GABLES COUNTRY CLUB,2175000.0,2175000.0,0.2871,12508.0,"1/4 To Less Than 1/2 Acre Lot, Regular Lot",¤0100,Zoned Residential,Residential,False,,12508.0,Single-family,False,0.25–0.5 ac,2175000.0,173.88871122481612,False,False,False,False,False,False,False,False
Sold,R11119525,5100,601 Waldemar Road,Yacht Club Estates,YACHT CLUB ESTATES,2700000.0,2700000.0,,,Less Than 1/4 Acre Lot,R1(cit,,Single,True,Paved Road,,Single-family,False,< 0.25 ac,2700000.0,,False,False,False,False,False,False,False,False
Sold,F10539179,3280,410 SE 16th Avenue,Colee Hammock,COLEE HAMMOCK,2410000.0,2410000.0,0.35,15345.0,1/4 To Less Than 1/2 Acre Lot,,Zoned Residential,Residential,False,,15345.0,Single-family,False,0.25–0.5 ac,2410000.0,157.05441511893125,False,False,False,False,False,False,False,False
Sold,A11941794,32,8447 E Dixie Hwy,Biscayne Heights,BISCAYNE HEIGHTS,2600000.0,2600000.0,0.88,38323.0,3/4 To Less Than 1 Acre Lot,¤0100,Zoned Residential,Residential,False,"Legal Access Road, City/County Maintained, Paved Road",38323.0,Single-family,False,0.75–1 ac,2600000.0,67.8443754403361,False,False,False,False,False,False,False,False
Sold,A12002908,49,12445 SW 46th St,Bird Road Farmsites,BIRD ROAD FARMSITES,2500000.0,2500000.0,2.25,98010.0,,¤9000,Zoned Residential,Residential,False,,98010.0,Single-family,False,2–3 ac,2500000.0,25.507601265177023,False,False,False,False,False,False,False,False
Sold,F10543989,3600,1429 SE 12th Ct,Lauderdale Harbors,LAUDERDALE HARBORS SEC A,2625000.0,2625000.0,1.0,7485.0,Less Than 1/4 Acre Lot,RS-8,Zoned Residential,Residential,True,"Paved Road, Public Road",7485.0,Single-family,False,< 0.25 ac,2625000.0,350.7014028056112,False,False,False,False,False,False,False,False
Sold,R11143079,4520,20 Par Club Circle,Par Club Circle,PAR CLUB CIRCLE,2550000.0,2550000.0,1.28,,1 To Less Than 2 Acre Lot,R(city,,Unimproved Agri/Recreatn/Moblhome,False,"City/County Maintained, Paved Road",55756.8,Multifamily,False,1–2 ac,2550000.0,45.73433195592286,False,False,False,False,False,False,False,False
Sold,F10525600,3600,1531 SE 12th Court,Lauderdale Harbors,LAUDERDALE HARBORS,2500000.0,2500000.0,0.05,7700.0,,,Zoned Residential,Unimproved Agri/Recreatn/Moblhome,True,City/County Maintained,7700.0,Single-family,False,< 0.25 ac,2500000.0,324.6753246753247,False,False,False,False,False,False,False,False
Sold,F10526487,3600,1017 SE 13th Terrace,Rio Vista,RIO VISTA ISLES,2100000.0,2100000.0,0.409,17822.0,,RS-8,Zoned Residential,Unimproved Agri/Recreatn/Moblhome,False,,17822.0,Single-family,False,0.25–0.5 ac,2100000.0,117.8318931657502,False,False,False,False,False,False,False,False
Sold,B26017642,4120,21 Hudson Avenue,Boynton Beach Park,BOYNTON BEACH PARK,2100000.0,2100000.0,0.42,,"1/4 To Less Than 1/2 Acre Lot, Less Than 1 Acre",RSF (city),,Unimproved Agri/Recreatn/Moblhome,False,Paved Road,18295.2,Single-family,False,0.25–0.5 ac,2100000.0,114.7842056932966,False,False,False,False,False,False,False,False
Sold,A11749796,12,"650 Ocean Blvd, Golden Beach",Golden Beach,GOLDEN BEACH SEC A,2250000.0,2250000.0,0.21,,,,Zoned Residential,Residential,False,,9147.6,Single-family,False,< 0.25 ac,2250000.0,245.96615505706413,False,False,False,False,False,False,False,False
Sold,F10539125,3260,2823 NE 24th Place,Coral Ridge Galt,CORAL RIDGE GALT ADD,2100000.0,2100000.0,0.23,10000.0,Less Than 1/4 Acre Lot,RS-4.4,Zoned Residential,Residential,True,,10000.0,Single-family,False,< 0.25 ac,2100000.0,210.0,False,False,False,False,False,False,False,False
Sold,A11952985,41,2145 S Miami Ave,Brickells Flagler,BRICKELLS FLAGLER,2200000.0,2200000.0,0.1925,8500.0,,¤0100,Zoned Residential,Residential,False,,8500.0,Single-family,False,< 0.25 ac,2200000.0,258.8235294117647,False,False,False,False,False,False,False,False
Sold,A11952911,41,2141 S Miami Ave,Brickells Flagler,BRICKELLS FLAGLER,2200000.0,2200000.0,0.1951,8500.0,,¤0100,Zoned Residential,Residential,False,,8500.0,Single-family,False,< 0.25 ac,2200000.0,258.8235294117647,False,False,False,False,False,False,False,False
Sold,R11138782,5440,230 Avila Road,El Cid Court In,EL CID COURT IN,2400000.0,2400000.0,0.14,,Less Than 1/4 Acre Lot,SF14,,Unimproved Agri/Recreatn/Moblhome,False,"City/County Maintained, Paved Road",6098.400000000001,Single-family,False,< 0.25 ac,2400000.0,393.5458480913026,False,False,False,False,False,False,False,False
Sold,A11990224,3233,700 SE 28th Ave,Cypress Point,CYPRESS POINT,2000000.0,2000000.0,0.026,11250.0,,¤RS-2,Zoned Residential,Residential,True,,11250.0,Single-family,False,0.25–0.5 ac,2000000.0,177.77777777777777,False,False,False,False,False,False,False,False
Sold,R11101912,4370,248 SE 1st Avenue,Delray Town,DELRAY TOWN OF,2200000.0,2200000.0,0.3182,,"1/2 To Less Than 3/4 Acre Lot, 1/4 To Less Than 1/2 Acre Lot",RM(cit,,Unimproved Agri/Recreatn/Moblhome,False,City/County Maintained,13860.792,Multifamily,False,0.25–0.5 ac,2200000.0,158.7210889536471,False,False,False,False,False,False,False,False
Sold,R11063433,4160,810 E Fern Drive,Boca Ratone Por La Mar,BOCA RATONE POR LA MAR,2200000.0,2200000.0,0.23,,Less Than 1/4 Acre Lot,R1C,,Unimproved Agri/Recreatn/Moblhome,False,City/County Maintained,10018.800000000001,Single-family,False,< 0.25 ac,2200000.0,219.5871761089152,False,False,False,False,False,False,False,False
Sold,R11162186,4180,3163 NE 8th Avenue,Blue Inlet,BLUE INLET,2330000.0,2330000.0,0.2087,,Less Than 1/4 Acre Lot,R1B(ci,,Unimproved Agri/Recreatn/Moblhome,True,"Paved Road, Public Road",9090.972,Single-family,False,< 0.25 ac,2330000.0,256.2982264162732,False,False,False,False,False,False,False,False
Sold,F10523620,3270,743 N Victoria Park Rd,Victoria Highlands,VICTORIA HIGHLANDS AMD,2250000.0,2250000.0,18137.0,7276.0,"1/4 To Less Than 1/2 Acre Lot, East Of US 1, Oversized Lot",RS-8,Zoned Residential,Residential,False,Public Road,7276.0,Single-family,False,0.25–0.5 ac,2250000.0,309.2358438702584,False,False,False,False,True,False,True,False
Sold,A11942610,50,13670 Deering Bay Dr,Deering Bay Estates,DEERING BAY ESTATES,1950000.0,1950000.0,10470.0,10470.0,,¤0100,Zoned Residential,Residential,True,Legal Access Road,10470.0,Single-family,False,< 0.25 ac,1950000.0,186.2464183381089,False,False,False,False,False,False,False,False
Sold,R11146509,5020,11802 SE Village Circle,Jupiter Hills Village,JUPITER HILLS VILLAGE,2050000.0,2050000.0,0.3605,,"1/4 To Less Than 1/2 Acre Lot, West Of US 1",RS,,Unimproved Agri/Recreatn/Moblhome,False,Private Road,15703.38,Single-family,False,0.25–0.5 ac,2050000.0,130.5451437843318,False,False,False,False,False,False,False,True
Sold,R11143173,5440,236 Avila Road,El Cid Court In,EL CID COURT IN,2250000.0,2250000.0,0.15,,"Less Than 1/4 Acre Lot, Corner Lot",SF14,,Unimproved Agri/Recreatn/Moblhome,False,"City/County Maintained, Paved Road, Public Road",6534.0,Single-family,False,< 0.25 ac,2250000.0,344.3526170798898,True,False,False,False,False,False,False,False
Sold,A11807651,50,7720 SW 117th St,Suniland Estates St Addn,SUNILAND ESTATES 1ST ADDN,1900000.0,1900000.0,0.906,39465.0,,¤2300,Zoned Residential,Residential,False,,39465.0,Single-family,False,0.75–1 ac,1900000.0,48.14392499683264,False,False,False,False,False,False,False,False
Sold,R11168077,5440,203 Gregory Place,Lewis Shore Ests In,LEWIS SHORE ESTS 1 IN,2000000.0,2000000.0,,,1/4 To Less Than 1/2 Acre Lot,SF7—SINGLE-FAM,,Unimproved Agri/Recreatn/Moblhome,False,,,Single-family,False,0.25–0.5 ac,2000000.0,,False,False,False,False,False,False,False,False
Sold,T20054526,6090,1328 SW Estates Place,,,2150000.0,2150000.0,0.764,,"Cul-De-Sac Lot, Irregular Lot",PUD-R,,Single,True,,33279.840000000004,,False,0.75–1 ac,2150000.0,64.60367597921143,False,True,False,True,False,False,False,False
Sold,R11062395,6110,220 SE Macarthur Boulevard,Yacht Club Beach,191960 YACHT CLUB BEACH R,1980000.0,1980000.0,1.02,,,SF Resid,,Single,True,"City/County Maintained, Paved Road, Public Road",44431.200000000004,Single-family,False,1–2 ac,1980000.0,44.5632798573975,False,False,False,False,False,False,False,False
Sold,R11154631,4160,700 Malaga Drive,Spanish River Land Co,SPANISH RIVER LAND CO SUB,2100000.0,2100000.0,0.23,,"Less Than 1/4 Acre Lot, Corner Lot, East Of US 1, Interior Lot",R1A(ci,,Single,False,"City/County Maintained, Paved Road, Public Road",10018.800000000001,Single-family,False,< 0.25 ac,2100000.0,209.60594083123726,True,False,True,False,False,False,True,False
Sold,B26015787,5020,11765 SE Laurel Lane,Gomez Grant Rvr,GOMEZ GRANT W/O RVR,2025000.0,2025000.0,3.62,,3 To Less Than 4 Acre Lot,R1A,,,True,Paved Road,157687.2,Single-family,False,3–4 ac,2025000.0,12.841879366238983,False,False,False,False,False,False,False,False
Sold,R11169987,3222,2821 NE 32nd Street,Lake Placid,LAKE PLACID,2000000.0,2000000.0,0.202,,"Less Than 1/4 Acre Lot, Less Than 1 Acre",RS3,,Unimproved Agri/Recreatn/Moblhome,True,"City/County Maintained, Paved Road",8799.12,Single-family,False,< 0.25 ac,2000000.0,227.2954568184091,False,False,False,False,False,False,False,False
Sold,A11995643,41,6315 Castaneda St,Gables Riviera,C GABLES RIVIERA SEC 12,2280000.0,2280000.0,0.22,9809.0,Less Than 1/4 Acre Lot,¤0100,Zoned Residential,Residential,False,Paved Road,9809.0,Single-family,False,< 0.25 ac,2280000.0,232.43959628912222,False,False,False,False,False,False,False,False
Sold,R11149653,7010,8100 S Ocean Drive,Diamond Sands,DIAMOND SANDS,1700000.0,1700000.0,0.51,,1/2 To Less Than 3/4 Acre Lot,Res,,Unimproved Agri/Recreatn/Moblhome,True,"Paved Road, Private Road",22215.600000000002,Single-family,False,0.5–0.75 ac,1700000.0,76.52280379553106,False,False,False,False,False,False,False,False
Sold,A11939084,40,7240 SW 63rd Ct,Sunset Villas,SUNSET VILLAS,1100000.0,1100000.0,0.33,14000.0,,¤0800,Zoned Residential,Residential,False,,14000.0,Single-family,False,0.25–0.5 ac,1100000.0,78.57142857142857,False,False,False,False,False,False,False,False
Sold,A11728218,3010,1418 N Ocean Dr,Hollywood Beach First,HOLLYWOOD BEACH FIRST ADD,2000000.0,2000000.0,0.15,5494.0,,¤BRT-25-A,Zoned Duplex,Residential,True,,5494.0,Duplex,False,< 0.25 ac,2000000.0,364.0334910811795,False,False,False,False,False,False,False,False
Sold,B26029767,3222,3348 NE 29th Avenue,Lake Placid,LAKE PLACID,1650000.0,1650000.0,0.202,,"Less Than 1/4 Acre Lot, Less Than 1 Acre",RS-3,,,True,Paved Road,8799.12,Single-family,False,< 0.25 ac,1650000.0,187.5187518751875,False,False,False,False,False,False,False,False
Sold,R11096890,5330,7569 168th Court,Palm Beach Country Estate,PALM BEACH COUNTRY ESTATE,1775000.0,1775000.0,4.94,,Corner Lot,AR,,Single,False,,215186.40000000002,Acreage / rural,False,4–5 ac,1775000.0,8.24866255488265,True,False,False,False,False,False,False,False
Sold,R11126093,5080,112 Tim Mara Drive,Maisons De La Mer,MAISONS DE LA MER,1875000.0,1875000.0,0.25,,"Less Than 1/4 Acre Lot, East Of US 1",R3(cit,,Unimproved Agri/Recreatn/Moblhome,False,"Paved Road, Private Road",10890.0,,False,< 0.25 ac,1875000.0,172.1763085399449,False,False,False,False,False,False,True,False
Sold,R11142388,5550,13085 Monte Rosa Court,Panther National Avenir,PANTHER NATIONAL AT AVENIR,1870000.0,1870000.0,0.5439,,"1/2 To Less Than 3/4 Acre Lot, Less Than 1 Acre",PCD,,Unimproved Agri/Recreatn/Moblhome,False,,23692.284000000003,,False,0.5–0.75 ac,1870000.0,78.92865035722177,False,False,False,False,False,False,False,False
Sold,R11080326,5790,6248 Homeland Road,Homeland,HOMELAND,1500000.0,1500000.0,5.01,,"3 To Less Than 4 Acre Lot, 4 To Less Than 5 Acre Lot, Corner Lot",AR,,,True,"County Road, Paved Road, Private Road",218235.59999999998,Acreage / rural,False,3–4 ac,1500000.0,6.873305730137522,True,False,False,False,False,False,False,False
Sold,A11833449,40,8241 SW 58th St,Sunkist Estates,SUNKIST ESTATES A,1800000.0,1800000.0,0.76,33106.0,3/4 To Less Than 1 Acre Lot,¤2300,Zoned Residential,Residential,False,Other Road,33106.0,Single-family,False,0.75–1 ac,1800000.0,54.37080891681266,False,False,False,False,False,False,False,False
Sold,B26009793,3580,2973 Riverland Road,Riverland,RIVERLAND AREA,1800000.0,1800000.0,2.75,,"2 To Less Than 3 Acre Lot, Oversized Lot",RS-3.52,,Unimproved Agri/Recreatn/Moblhome,False,City/County Maintained,119790.0,Single-family,False,2–3 ac,1800000.0,15.026296018031555,False,False,False,False,True,False,False,False
Sold,R11162874,4460,1098 Hibiscus Lane,,S/D OF 8-46-43,1800000.0,1800000.0,0.3429,,1/4 To Less Than 1/2 Acre Lot,R-1-AA,,Unimproved Agri/Recreatn/Moblhome,False,"Paved Road, Public Road",14936.723999999998,Single-family,False,0.25–0.5 ac,1800000.0,120.5083524339072,False,False,False,False,False,False,False,False
Sold,F10551687,6240 NW Okeechobee County,6575 NE 96th Avenue,Okechobee,OKECHOBEE,1600000.0,1600000.0,40.24,1752854.0,,,Zoned Residential,Unimproved Agri/Recreatn/Moblhome,False,,1752854.0,Single-family,False,10+ ac,1600000.0,0.9127970726597879,False,False,False,False,False,False,False,False
Sold,A11942520,3220,2511 NE 48th Ct,Coral Key Villas Nd,CORAL KEY VILLAS 2ND SEC,1690000.0,1690000.0,0.184,8000.0,,¤RS-3,Zoned Residential,Residential,True,,8000.0,Single-family,False,< 0.25 ac,1690000.0,211.25,False,False,False,False,False,False,False,False
Sold,F10525483,3160,3301 NE 14th Court,Las Olas,LAS OLAS BY THE SEA EXT,1750000.0,1750000.0,0.3,14057.0,1/2 To Less Than 3/4 Acre Lot,RS-8,Zoned Residential,Unimproved Agri/Recreatn/Moblhome,True,,14057.0,Single-family,False,0.5–0.75 ac,1750000.0,124.49313509283631,False,False,False,False,False,False,False,False
Sold,A11808958,6342 Indian River – Southwest County,2105 86th Ave SW,Indian River Farms Compan,INDIAN RIVER FARMS COMPAN,1700000.0,1700000.0,20.25,882090.0,Other Lot Description,¤A-2,Zoned Residential,Other,True,City/County Maintained,882090.0,Single-family,False,10+ ac,1700000.0,1.9272409844800418,False,False,False,False,False,False,False,False
Sold,A11808216,6342 Indian River – Southwest County,2105 86th Ave SW,Indian River Farms Compan,INDIAN RIVER FARMS COMPAN,1700000.0,1700000.0,20.25,882090.0,Other Lot Description,¤A-2,Zoned Residential,Other,True,City/County Maintained,882090.0,Single-family,False,10+ ac,1700000.0,1.9272409844800418,False,False,False,False,False,False,False,False
Sold,A11942312,32,4601 Royal Palm Ave,Surprise Lake,SURPRISE LAKE,1700000.0,1700000.0,0.2,8712.0,Less Than 1/4 Acre Lot,¤0100,Zoned Residential,Residential,False,,8712.0,Single-family,False,< 0.25 ac,1700000.0,195.1331496786042,False,False,False,False,False,False,False,False
Sold,R11067684,3290,5650 SW 192nd Terrace,Westfield Estates,WESTFIELD ESTATES,1600000.0,1600000.0,2.76,,2 To Less Than 3 Acre Lot,A-1,,Unimproved Agri/Recreatn/Moblhome,True,"City/County Maintained, Public Road",120225.59999999999,Acreage / rural,False,2–3 ac,1600000.0,13.308313703570622,False,False,False,False,False,False,False,False
Sold,R11045325,5220,403 Olympus Drive,Juno Beach,JUNO BEACH,1725000.0,1725000.0,0.3214,,"1/4 To Less Than 1/2 Acre Lot, East Of US 1",RS-19c,,Unimproved Agri/Recreatn/Moblhome,False,"City/County Maintained, Public Road",14000.184000000001,Single-family,False,0.25–0.5 ac,1725000.0,123.21266634781371,False,False,False,False,False,False,True,False
Sold,R11045324,5220,401 Olympus Drive,Juno Beach,JUNO BEACH,1725000.0,1725000.0,0.3185,,"1/4 To Less Than 1/2 Acre Lot, Corner Lot, East Of US 1",RS-1(c,,Unimproved Agri/Recreatn/Moblhome,False,"City/County Maintained, Public Road",13873.86,Single-family,False,0.25–0.5 ac,1725000.0,124.3345399189555,True,False,False,False,False,False,True,False
Sold,A11955035,40,6845 SW 97th Ave,,SUB OF PB 3-169,1730000.0,1730000.0,1.2,54450.0,,¤9000,Zoned Residential,Residential,False,,54450.0,Single-family,False,1–2 ac,1730000.0,31.7722681359045,False,False,False,False,False,False,False,False
Sold,R11158548,3221,4740 NE 22nd Avenue,Coral Key Villas Th,CORAL KEY VILLAS 5TH SEC,1675000.0,1675000.0,0.22,,"Less Than 1/4 Acre Lot, East Of US 1",RS-3,,Unimproved Agri/Recreatn/Moblhome,True,"City/County Maintained, Paved Road, Public Road",9583.2,Single-family,False,< 0.25 ac,1675000.0,174.7850404875198,False,False,False,False,False,False,True,False
Sold,A11826490,3290,70 Sw Pl,Chambers Se,CHAMBERS SUB SE1/4,1625000.0,1625000.0,2.24,97530.0,,¤RR,Zoned Residential,Residential,False,,97530.0,Single-family,False,2–3 ac,1625000.0,16.66154003896237,False,False,False,False,False,False,False,False
Sold,A11970009,32,4555 Alton Rd,Nautilus Extension,NAUTILUS EXTENSION,1749000.0,1749000.0,0.25,8611.0,,¤0100,Zoned Residential,Residential,False,City/County Maintained,8611.0,Single-family,False,< 0.25 ac,1749000.0,203.11229822320288,False,False,False,False,False,False,False,False
Sold,A11736107,3150,xxxx NE 37 St,Bermuda Riviera,BERMUDA-RIVIERA SUB OF GA,1450000.0,1450000.0,0.184,8000.0,,,Zoned Residential,Residential,True,,8000.0,Single-family,False,< 0.25 ac,1450000.0,181.25,False,False,False,False,False,False,False,False
Sold,F10514210,3600,904 SE 11th Court,Rio Vista,RIO VISTA ISLES,1750000.0,1750000.0,0.27,12366.0,1/2 To Less Than 3/4 Acre Lot,RS-8,Zoned Residential,Unimproved Agri/Recreatn/Moblhome,False,,12366.0,Single-family,False,0.5–0.75 ac,1750000.0,141.51706291444282,False,False,False,False,False,False,False,False
Sold,A11474757,32,1205 NE 91st Ter,Watersedge,WATERSEDGE,1650000.0,1650000.0,0.238,10000.0,,¤1100,Zoned Residential,Residential,False,,10000.0,Single-family,False,< 0.25 ac,1650000.0,165.0,False,False,False,False,False,False,False,False
Sold,B26009146,5250,740 Lighthouse Drive,North Palm Beach Village,NORTH PALM BEACH VILLAGE O,1565000.0,1565000.0,0.24,,"Less Than 1/4 Acre Lot, Less Than 1 Acre",R1 (city),,Unimproved Agri/Recreatn/Moblhome,True,"City/County Maintained, Paved Road",10454.4,Single-family,False,< 0.25 ac,1565000.0,149.69773492500767,False,False,False,False,False,False,False,False
Sold,R11161954,6030,1311 NE Langford Lane,Langford Lndg,LANGFORD LNDG,1730000.0,1730000.0,,,,Residential,,Unimproved Agri/Recreatn/Moblhome,True,"Paved Road, Private Road",,Single-family,False,,1730000.0,,False,False,False,False,False,False,False,False
Sold,T20053733,6030,1311 NE Langford Lane,,,1730000.0,1730000.0,0.67,,,,,Single,True,"Paved Road, Private Road",29185.2,,False,0.5–0.75 ac,1730000.0,59.276619656538244,False,False,False,False,False,False,False,False
Sold,R11113030,6140,9721 SE Gomez Avenue,Gomez,GOMEZ,1500000.0,1500000.0,4.09,,"3 To Less Than 4 Acre Lot, 4 To Less Than 5 Acre Lot, East Of US 1",Res,,Unimproved Agri/Recreatn/Moblhome,True,"City/County Maintained, Public Road",178160.4,Single-family,False,3–4 ac,1500000.0,8.419379390706352,False,False,False,False,False,False,True,False
Sold,A11852869,6140,9721 Gomez Ave,Gomez,GOMEZ,1500000.0,1500000.0,4.09,184989.0,4 To Less Than 5 Acre Lot,res,Zoned Residential,Residential,True,,184989.0,Single-family,False,4–5 ac,1500000.0,8.108590240500787,False,False,False,False,False,False,False,False
Sold,R11168686,5020,11783 SE Shell Avenue,Shellbridge,SHELLBRIDGE,1700000.0,1700000.0,0.5179,,"1/2 To Less Than 3/4 Acre Lot, East Of US 1",Residential,,Unimproved Agri/Recreatn/Moblhome,False,Private Road,22559.724000000002,Single-family,False,0.5–0.75 ac,1700000.0,75.35553183186106,False,False,False,False,False,False,True,False
Sold,R11152828,7300,8170 Okeechobee Road,Model Land Company,MODEL LAND COMPANY,1570000.0,1570000.0,8.15,,"5 To Less Than 10 Acre Lot, Corner Lot",AR-1Co,,,False,"Paved Road, Public Road, State Road",355014.0,Acreage / rural,False,5–10 ac,1570000.0,4.422360808306151,True,False,False,False,False,False,False,False
Sold,A11987028,32,515 W 30th St,Orchard,ORCHARD SUB NO 1,1650000.0,1650000.0,0.17,7500.0,,¤0100,Zoned Residential,Residential,False,,7500.0,Single-family,False,< 0.25 ac,1650000.0,220.0,False,False,False,False,False,False,False,False
Sold,A11827873,3880,Vacant E Ridgeview Dr E Ridgeview Dr,Laurel Oaks North,LAUREL OAKS NORTH,1500000.0,1500000.0,1.64,71613.0,,¤AG,Zoned Residential,Residential,False,,71613.0,Single-family,False,1–2 ac,1500000.0,20.945917640651835,False,False,False,False,False,False,False,False
Sold,A11665616,22,202 189 St,Ocean Blvd Estates,OCEAN BLVD ESTATES SEC A,1600000.0,1600000.0,0.18,7867.0,Less Than 1/4 Acre Lot,¤0100,Zoned Residential,Residential,False,"Legal Access Road, City/County Maintained, Paved Road",7867.0,Single-family,False,< 0.25 ac,1600000.0,203.3812126604805,False,False,False,False,False,False,False,False
Sold,R11058180,4550,330 Glenwood Drive,Seagate Country Club,SEAGATE COUNTRY CLUB,1500000.0,1500000.0,0.97,,"1/2 To Less Than 3/4 Acre Lot, Interior Lot, Less Than 1 Acre, West Of US 1",R-1-A,,Unimproved Agri/Recreatn/Moblhome,True,Paved Road,42253.2,Single-family,False,0.5–0.75 ac,1500000.0,35.5002698020505,False,False,True,False,False,False,False,True
Sold,R11164683,6030,933 & 943 NW Spruce Ridge Drive,North River Shores,NORTH RIVER SHORES,1700000.0,1700000.0,1.0,,"1/2 To Less Than 3/4 Acre Lot, 1/4 To Less Than 1/2 Acre Lot, Corner Lot",RM-10,,Unimproved Agri/Recreatn/Moblhome,False,"City/County Maintained, Paved Road, Public Road",43560.0,Multifamily,False,0.25–0.5 ac,1700000.0,39.02662993572085,True,False,False,False,False,False,False,False
Sold,A11815805,3200,14020 Mustang Trl,Everglades Sugar Land,EVERGLADES SUGAR & LAND,1600000.0,1600000.0,2.24,97574.0,2 To Less Than 3 Acre Lot,¤RR,Zoned Residential,Other,False,,97574.0,Single-family,False,2–3 ac,1600000.0,16.397810892245886,False,False,False,False,False,False,False,False
Sold,F10380911,5940 Florida Other,2006 Anglers Cove,Anglers Cove,ANGLERS COVE,1550000.0,1550000.0,0.35,,,,Zoned Residential,Unimproved Agri/Recreatn/Moblhome,True,,15245.999999999998,Single-family,False,0.25–0.5 ac,1550000.0,101.66601075691986,False,False,False,False,False,False,False,False
Sold,T20054291,6120,7001 SE Atlantic Ridge Drive,,,1475000.0,1475000.0,5.0,,,A-1,,Single,True,City/County Maintained,217800.0,Acreage / rural,False,5–10 ac,1475000.0,6.7722681359045,False,False,False,False,False,False,False,False
Sold,A12013600,41,1414 Galiano St,Gab Douglas,C GAB DOUGLAS SEC,1300000.0,1300000.0,7150.0,7150.0,Less Than 1/4 Acre Lot,¤3801,Zoned Multifamily,Residential,False,"Legal Access Road, City/County Maintained, Paved Road",7150.0,Multifamily,False,< 0.25 ac,1300000.0,181.8181818181818,False,False,False,False,False,False,False,False
Sold,F10552793,3290,17330 SW 58 Street,Rolling Oaks Estates,ROLLING OAKS ESTATES,1325000.0,1325000.0,2.3,100188.0,"2 To Less Than 3 Acre Lot, Interior Lot",RR,Zoned Residential,Unimproved Agri/Recreatn/Moblhome,False,Paved Road,100188.0,Single-family,False,2–3 ac,1325000.0,13.225136742923304,False,False,True,False,False,False,False,False
Sold,R11149559,5440,6410 S Olive Avenue,Toledo,TOLEDO,1315000.0,1315000.0,0.1312,,"Less Than 1/4 Acre Lot, Less Than 1 Acre",SF7(ci,,Unimproved Agri/Recreatn/Moblhome,False,City/County Maintained,5715.072,Single-family,False,< 0.25 ac,1315000.0,230.09333915653207,False,False,False,False,False,False,False,False
Sold,A12018267,41,2909 Segovia St,Coral Gables Biltmore,CORAL GABLES BILTMORE SEC,1510000.0,1510000.0,0.19,8250.0,,¤5900,Zoned Duplex,Residential,False,,8250.0,Duplex,False,< 0.25 ac,1510000.0,183.03030303030303,False,False,False,False,False,False,False,False
Sold,A11958811,68,21320 SW 224th St,Redlands,REDLANDS,1450000.0,1450000.0,4.74,206474.0,4 To Less Than 5 Acre Lot,¤8900,Zoned Residential,Residential,False,Public Road,206474.0,Single-family,False,4–5 ac,1450000.0,7.022675978573574,False,False,False,False,False,False,False,False
Sold,R11155732,5940 Florida Other,846 Banyan Road,Vero Beach Estates,VERO BEACH ESTATES,1425000.0,1425000.0,0.34,,1/4 To Less Than 1/2 Acre Lot,R-1A,,Unimproved Agri/Recreatn/Moblhome,False,Paved Road,14810.400000000001,Single-family,False,0.25–0.5 ac,1425000.0,96.21617241938097,False,False,False,False,False,False,False,False
Sold,R11147138,3170,2512 Barbara Drive,Harbor Beach,HARBOR BEACH EXTENSION,1175000.0,1175000.0,0.3135,,"1/4 To Less Than 1/2 Acre Lot, East Of US 1",RS-8,,Unimproved Agri/Recreatn/Moblhome,False,"City/County Maintained, Paved Road, Public Road",13656.06,Single-family,False,0.25–0.5 ac,1175000.0,86.04238704282201,False,False,False,False,False,False,True,False
Sold,A11977933,39,7775 SW 122nd Ave,Horse Country View,HORSE COUNTRY VIEW,1400000.0,1400000.0,0.8,34717.0,,¤2300,Zoned Residential,Residential,False,,34717.0,Single-family,False,0.75–1 ac,1400000.0,40.326065040182044,False,False,False,False,False,False,False,False
Sold,R11140826,4850,16230 Rio Baile,Rio Poco,RIO POCO,1267500.0,1267500.0,1.02,,,RE,,Single,True,Paved Road,44431.200000000004,,False,1–2 ac,1267500.0,28.527251120834006,False,False,False,False,False,False,False,False
Sold,R11154293,5220,451 Neptune Road,Juno Heights,JUNO HEIGHTS,1300000.0,1300000.0,,,Less Than 1/4 Acre Lot,RS-4(c,,Single,False,City/County Maintained,,Single-family,False,< 0.25 ac,1300000.0,,False,False,False,False,False,False,False,False
Sold,F10493672,,12840 SW 83rd Court,Suniland Manor,SUNILAND MANOR ADD 01,1150000.0,1150000.0,0.33,14400.0,1/4 To Less Than 1/2 Acre Lot,2100,Zoned Residential,Unimproved Agri/Recreatn/Moblhome,False,Paved Road,14400.0,Single-family,False,0.25–0.5 ac,1150000.0,79.86111111111111,False,False,False,False,False,False,False,False
Sold,A11972058,32,1025 NE 84th St,Shore Acres Pl,SHORE ACRES AMD PL,1200000.0,1200000.0,,10000.0,Less Than 1/4 Acre Lot,¤0100,,Residential,False,,10000.0,,False,< 0.25 ac,1200000.0,120.0,False,False,False,False,False,False,False,False
Sold,F10508939,3470,401 SW 14th Avenue,Sailboat Bend,SAILBOAT BEND,1000000.0,1000000.0,0.526,22892.0,"1/2 To Less Than 3/4 Acre Lot, West Of US 1",RS-8,Zoned Residential,Unimproved Agri/Recreatn/Moblhome,True,"City/County Maintained, Paved Road, Public Road",22892.0,Single-family,False,0.5–0.75 ac,1000000.0,43.68338284116722,False,False,False,False,False,False,False,True
Sold,R11136742,5790,6269 Wild Orchid Trail,Homeland,HOMELAND,1000000.0,1000000.0,5.0,,5 To Less Than 10 Acre Lot,AR,,,True,"County Road, Paved Road, Private Road",217800.0,Acreage / rural,False,5–10 ac,1000000.0,4.591368227731864,False,False,False,False,False,False,False,False
Sold,A11865737,50,7320 SW 131st St,Hill Top Mnr,HILL TOP MNR,1250000.0,1250000.0,0.41,17860.0,1/4 To Less Than 1/2 Acre Lot,¤2100,Zoned Residential,Residential,False,,17860.0,Single-family,False,0.25–0.5 ac,1250000.0,69.98880179171333,False,False,False,False,False,False,False,False
Sold,A11955582,30,12250 SW 231 St,Silver Palm Park,SILVER PALM PARK,1300000.0,1300000.0,1.77,6250.0,,¤0100,Zoned Residential,Residential,False,,6250.0,Single-family,False,< 0.25 ac,1300000.0,208.0,False,False,False,False,False,False,False,False
Sold,A11879100,49,365 NW 128TH AVE,Sweetwater Ests,SWEETWATER ESTS SUB,1250000.0,1250000.0,0.746,32496.0,,¤2300,Zoned Residential,Residential,False,,32496.0,Single-family,False,0.5–0.75 ac,1250000.0,38.466272772033484,False,False,False,False,False,False,False,False
Sold,F10536125,3600,1018 SE 13th Terrace,Rio Vista,RIO VISTA ISLES,1100000.0,1100000.0,0.14,6250.0,"Less Than 1/4 Acre Lot, Less Than 1 Acre",RS-8,Zoned Residential,Unimproved Agri/Recreatn/Moblhome,False,,6250.0,Single-family,False,< 0.25 ac,1100000.0,176.0,False,False,False,False,False,False,False,False
Sold,A12018290,41,2915 Segovia St,Coral Gables Biltmore,CORAL GABLES BILTMORE SEC,1310000.0,1310000.0,0.126,5500.0,,¤5900,Zoned Duplex,Residential,False,,5500.0,Duplex,False,< 0.25 ac,1310000.0,238.1818181818182,False,False,False,False,False,False,False,False
Sold,A12039041,3470,1501 SW 4th Ct,Gill Isles,GILL ISLES,1230000.0,1230000.0,0.228,9934.0,,¤RS-8,Zoned Residential,Other,True,,9934.0,Single-family,False,< 0.25 ac,1230000.0,123.81719347694785,False,False,False,False,False,False,False,False
Sold,A11931578,22,1835 N Hibiscus Dr,Keystone Point,KEYSTONE POINT SEC 2,1200000.0,1200000.0,0.223,9733.0,Less Than 1/4 Acre Lot,¤0900,Zoned Residential,Residential,False,Paved Road,9733.0,Single-family,False,< 0.25 ac,1200000.0,123.29189355799856,False,False,False,False,False,False,False,False
Sold,R11135914,5550,10729 Bernina Court,Panther National Avenir,PANTHER NATIONAL AT AVENIR,1295000.0,1295000.0,,,1/4 To Less Than 1/2 Acre Lot,PCD,,Unimproved Agri/Recreatn/Moblhome,False,,,,False,0.25–0.5 ac,1295000.0,,False,False,False,False,False,False,False,False
Sold,A11908161,30,281 Hunting Lodge Dr,Country Club Estates,COUNTRY CLUB ESTATES SEC,1240000.0,1240000.0,0.4708,20506.0,,¤0600,Zoned Residential,Residential,False,Other Road,20506.0,Single-family,False,0.25–0.5 ac,1240000.0,60.47010631034819,False,False,False,False,False,False,False,False
Sold,A11870135,50,18095 SW 104th Ave,Rosehaven,ROSEHAVEN,950000.0,950000.0,0.5,22143.0,3/4 To Less Than 1 Acre Lot,¤3050,Zoned Residential,Residential,False,,22143.0,Single-family,False,0.75–1 ac,950000.0,42.902949013232174,False,False,False,False,False,False,False,False
Sold,F10458444,3270,640 NE 15th Ave,Graceland Park,GRACELAND PARK 18-6 B,1138000.0,1138000.0,0.2,9075.0,East Of US 1,RC-15,Zoned Multifamily,Residential,False,"City/County Maintained, Public Road",9075.0,Multifamily,False,< 0.25 ac,1138000.0,125.39944903581267,False,False,False,False,False,False,True,False
Sold,A11967082,5940 Florida Other,UNINCORPORATED SPANISH OAKS LANE,Golden Gate Est,GOLDEN GATE EST,1000000.0,1000000.0,2.73,118919.0,"2 To Less Than 3 Acre Lot, Oversized Lot, Regular Lot",,Zoned Residential,Other,False,City/County Maintained,118919.0,Single-family,False,2–3 ac,1000000.0,8.409085175623744,False,False,False,False,True,False,False,False
Sold,A11872733,32,591 NW 34th St,Devonshire Park,DEVONSHIRE PARK SUB,1150000.0,1150000.0,0.11,5153.0,,¤6101,Zoned Multifamily,Residential,False,,5153.0,Multifamily,False,< 0.25 ac,1150000.0,223.17096836794101,False,False,False,False,False,False,False,False
Sold,A11886283,41,3678 William Ave,Frow Homestead,FROW HOMESTEAD,1025000.0,1025000.0,0.1148,5000.0,,¤0100,Zoned Residential,Residential,False,,5000.0,Single-family,False,< 0.25 ac,1025000.0,205.0,False,False,False,False,False,False,False,False
Sold,A11959804,58,164XX SW 192 AVE,Redland,REDLAND,1200000.0,1200000.0,5.0,217800.0,"4 To Less Than 5 Acre Lot, 5 To Less Than 10 Acre Lot",¤8900,Zoned Residential,Other,False,Public Road,217800.0,Single-family,False,4–5 ac,1200000.0,5.509641873278237,False,False,False,False,False,False,False,False
Sold,F10538123,3130,4521 Sea Grape Dr,Silver Shores Laud,SILVER SHORES SEC OF LAUD,985000.0,985000.0,0.19,8306.0,,RS-5,Zoned Residential,Residential,False,Paved Road,8306.0,Single-family,False,< 0.25 ac,985000.0,118.5889718275945,False,False,False,False,False,False,False,False
Sold,F10549508,3280,643 NE 18th Avenue,Victoria Park,VICTORIA PARK CORR AMEN P,1100000.0,1100000.0,0.2,8880.0,,RS-8,Zoned Residential,Unimproved Agri/Recreatn/Moblhome,False,,8880.0,Single-family,False,< 0.25 ac,1100000.0,123.87387387387388,False,False,False,False,False,False,False,False
Sold,A11785262,3280,1518 SE 2nd Ct,Colee Hammock,COLEE HAMMOCK,850000.0,850000.0,0.1262,5500.0,,¤RM-15,Zoned Residential,Residential,False,,5500.0,Single-family,False,< 0.25 ac,850000.0,154.54545454545453,False,False,False,False,False,False,False,False
Sold,B26011069,5440,310 Russlyn Drive,Burnup And Sims Estates,BURNUP AND SIMS ESTATES 2,1165000.0,1165000.0,0.1515,,"Less Than 1/4 Acre Lot, Less Than 1 Acre",SF7 (city),,Unimproved Agri/Recreatn/Moblhome,False,Paved Road,6599.34,Single-family,False,< 0.25 ac,1165000.0,176.53280479563108,False,False,False,False,False,False,False,False
Sold,R11143816,5580,1687 Cypress Row Drive,Lot Breakers West Pla,"LOT 16, BREAKERS WEST PLA",1100000.0,1100000.0,0.47,,West Of US 1,SFR,,Single,True,Paved Road,20473.199999999997,Single-family,False,0.25–0.5 ac,1100000.0,53.72877713303246,False,False,False,False,False,False,False,True
Sold,T20053676,6030,1706 NW Fork Road,,,1075000.0,1075000.0,0.37,,,R1,Boat Dock or Dockominium,Single,True,Public Road,16117.199999999999,Dock,True,0.25–0.5 ac,1075000.0,66.69893033529398,False,False,False,False,False,False,False,False
Sold,R10994846,7050,2098 Johnston Road,Metes And Bounds,METES AND BOUNDS,1000000.0,1000000.0,4.88,,"3 To Less Than 4 Acre Lot, 4 To Less Than 5 Acre Lot, Corner Lot",AR-1Co/RES,,,True,"County Road, Paved Road, Public Road",212572.8,Acreage / rural,False,3–4 ac,1000000.0,4.704270725135107,True,False,False,False,False,False,False,False
Sold,A11955373,41,1507 SW 19th Ter,Osceola Groves,OSCEOLA GROVES,950000.0,950000.0,0.186,8100.0,,¤5700,Zoned Duplex,Residential,False,,8100.0,Duplex,False,< 0.25 ac,950000.0,117.28395061728395,False,False,False,False,False,False,False,False
Sold,A11969154,69,11901 SW 232nd St,Silver Parc,SILVER PARC,1175000.0,1175000.0,2.42,105415.0,,¤9000,Zoned Residential,Residential,False,,105415.0,Single-family,False,2–3 ac,1175000.0,11.14642128729308,False,False,False,False,False,False,False,False
Sold,F10548129,3140,254 Capri Avenue,Silver Shores,SILVER SHORES-SUB TR D,1150000.0,1150000.0,0.16,7150.0,,RS-5,Zoned Residential,Unimproved Agri/Recreatn/Moblhome,False,,7150.0,Single-family,False,< 0.25 ac,1150000.0,160.83916083916083,False,False,False,False,False,False,False,False
Sold,F10540708,3612,5911 NW 66th Way,Pine Tree Estates,PINE TREE ESTATES,880000.0,880000.0,1.09,47335.0,1 To Less Than 2 Acre Lot,AE-2,Zoned Residential,Unimproved Agri/Recreatn/Moblhome,False,,47335.0,Single-family,False,1–2 ac,880000.0,18.590894686806802,False,False,False,False,False,False,False,False
Sold,R11134849,5550,14415 Peace River Way,Caloosa,CALOOSA,1075000.0,1075000.0,5.0,,"3 To Less Than 4 Acre Lot, 4 To Less Than 5 Acre Lot, 5 To Less Than 10 Acre Lot, Interior Lot",AR,,Unimproved Agri/Recreatn/Moblhome,False,"Paved Road, Private Road",217800.0,Acreage / rural,False,3–4 ac,1075000.0,4.935720844811754,False,False,True,False,False,False,False,False
Sold,A11943556,3870,12321 SW 1ST ST,Brooks Estates,BROOKS ESTATES 141-31 B,1000000.0,1000000.0,35065.0,35065.0,3/4 To Less Than 1 Acre Lot,RE,Zoned Residential,Residential,False,City/County Maintained,35065.0,Single-family,False,0.75–1 ac,1000000.0,28.518465706544987,False,False,False,False,False,False,False,False
Sold,R11144419,4370,323 SE 3rd Avenue,Linns,LINNS,913000.0,913000.0,0.23,,Less Than 1/4 Acre Lot,R-1-A(,,Unimproved Agri/Recreatn/Moblhome,False,City/County Maintained,10018.800000000001,Single-family,False,< 0.25 ac,913000.0,91.12867808519981,False,False,False,False,False,False,False,False
Sold,R11106371,5580,7923 Mahogany Lane,Mounts Pud,MOUNTS PUD,922000.0,922000.0,3.19,,,RT,,Single,True,Paved Road,138956.4,,False,3–4 ac,922000.0,6.635174774245735,False,False,False,False,False,False,False,False
Sold,F10536071,3140,4200 N Ocean Drive,Lauderdale By Sea,LAUDERDALE BY THE SEA 6-2,1035000.0,1035000.0,0.129,5616.0,Less Than 1/4 Acre Lot,RM-25,Zoned Multifamily,Unimproved Agri/Recreatn/Moblhome,False,City/County Maintained,5616.0,Multifamily,False,< 0.25 ac,1035000.0,184.2948717948718,False,False,False,False,False,False,False,False
Sold,A11941259,22,1920 Keystone Blvd,Keystone Point,KEYSTONE POINT SEC 1,1060000.0,1060000.0,8400.0,8400.0,,¤0900,Zoned Residential,Residential,False,,8400.0,Single-family,False,< 0.25 ac,1060000.0,126.19047619047619,False,False,False,False,False,False,False,False
Sold,R11148923,4210,818 Chukker Road,,,990000.0,990000.0,0.21,,"Less Than 1/4 Acre Lot, East Of US 1",RM,,Single,True,Paved Road,9147.6,Multifamily,False,< 0.25 ac,990000.0,108.22510822510822,False,False,False,False,False,False,True,False
Sold,A11886948,3050,2241 Madison St,Hollywood Little Ranches,HOLLYWOOD LITTLE RANCHES,734000.0,734000.0,0.22,9883.0,,¤DH-2,Zoned Multifamily,Residential,False,,9883.0,Multifamily,False,< 0.25 ac,734000.0,74.26894667611049,False,False,False,False,False,False,False,False
Sold,R11042940,4240,10 Eastview Avenue,Eastview,EASTVIEW,1000000.0,1000000.0,0.1722,,Less Than 1/4 Acre Lot,RL(cit,,Unimproved Agri/Recreatn/Moblhome,False,City/County Maintained,7501.031999999999,,False,< 0.25 ac,1000000.0,133.31498919082068,False,False,False,False,False,False,False,False
Sold,B26017671,5680,6535 Paul Mar Drive,Isles Estates,ISLAND ESTATES,950000.0,950000.0,0.1771,,"Less Than 1/4 Acre Lot, Cul-De-Sac Lot, Irregular Lot, Less Than 1 Acre",RS,,Unimproved Agri/Recreatn/Moblhome,True,Paved Road,7714.476000000001,Single-family,False,< 0.25 ac,950000.0,123.1451105687541,False,True,False,True,False,False,False,False
Sold,A11985951,58,14500 SW 194 ave,,0,900000.0,900000.0,5.0,,,,Zoned Residential,Residential,False,,217800.0,Single-family,False,5–10 ac,900000.0,4.132231404958677,False,False,False,False,False,False,False,False
Sold,R11124289,4220,3118 Pierson Drive,Trade Winds Ests First,TRADE WINDS ESTS FIRST ADD,920000.0,920000.0,0.18,,Less Than 1/4 Acre Lot,res,,Unimproved Agri/Recreatn/Moblhome,False,County Road,7840.799999999999,Single-family,False,< 0.25 ac,920000.0,117.33496581981431,False,False,False,False,False,False,False,False
Sold,R11106660,3641,5250 Rock Island Road,Ft Lauderdale Truck Farms,FT LAUDERDALE TRUCK FARMS,900000.0,900000.0,1.23,,1 To Less Than 2 Acre Lot,R-1,,Unimproved Agri/Recreatn/Moblhome,False,"Paved Road, Public Road",53578.799999999996,Single-family,False,1–2 ac,900000.0,16.797688638043407,False,False,False,False,False,False,False,False
Sold,A11918540,31,160 NW 44th St,Buena Vista Heights Addn,BUENA VISTA HEIGHTS ADDN,900000.0,900000.0,0.16,7200.0,,¤0104,Zoned Residential,Residential,False,,7200.0,Single-family,False,< 0.25 ac,900000.0,125.0,False,False,False,False,False,False,False,False
Sold,A11919700,41,2845 SW 37th Ct,Realty Securities Corppb,REALTY SECURITIES CORPPB,770000.0,770000.0,0.18,7753.0,Less Than 1/4 Acre Lot,¤5700,Zoned Duplex,Residential,False,"Legal Access Road, Paved Road, Public Road",7753.0,Duplex,False,< 0.25 ac,770000.0,99.31639365406939,False,False,False,False,False,False,False,False
Sold,A11950621,3030,1211 Tyler St,Hollywood Lakes Section,HOLLYWOOD LAKES SECTION,900000.0,900000.0,0.29,12807.0,,¤RS-6,Zoned Residential,Residential,False,,12807.0,Single-family,False,0.25–0.5 ac,900000.0,70.27406886858749,False,False,False,False,False,False,False,False
Sold,R10988295,5520,16495 Hollow Tree Lane,Rustic Ranches,RUSTIC RANCHES,850000.0,850000.0,5.0,,5 To Less Than 10 Acre Lot,EOZD(c,,Unimproved Agri/Recreatn/Moblhome,True,"City/County Maintained, Gravel/Lime Rock Road",217800.0,,False,5–10 ac,850000.0,3.9026629935720845,False,False,False,False,False,False,False,False
Sold,A12013506,5940 Florida Other,10190 NW 28TH PL,,0154,875000.0,875000.0,12.94,563666.0,"10 Or More Acre Lot, Oversized Lot",,Zoned Residential,Residential,False,,563666.0,Single-family,False,10+ ac,875000.0,1.552337731919257,False,False,False,False,True,False,False,False
Sold,B26020461,5240,1260 N Harbor Drive,Yacht Harbor Est,YACHT HARBOR EST,1000025.0,1000025.0,0.222,,"Less Than 1/4 Acre Lot, Less Than 1 Acre",RS-5 (city),,,False,"City/County Maintained, Paved Road",9670.32,Single-family,False,< 0.25 ac,1000025.0,103.41177954814319,False,False,False,False,False,False,False,False
Sold,A11877588,79,xxx SW 289 terr,Leisure City,LEISURE CITY SEC 2,950000.0,950000.0,1.25,54450.0,1 To Less Than 2 Acre Lot,¤0100,Zoned Duplex,Residential,False,Public Road,54450.0,Duplex,False,1–2 ac,950000.0,17.447199265381084,False,False,False,False,False,False,False,False
Sold,A11839778,5060,18870 SE Country Club Dr,Tequesta,TEQUESTA,850000.0,850000.0,0.3424,14916.0,1/4 To Less Than 1/2 Acre Lot,,Zoned Residential,Residential,False,,14916.0,Single-family,False,0.25–0.5 ac,850000.0,56.98578707428265,False,False,False,False,False,False,False,False
Sold,R10966808,5400,4838 Badger Avenue,Roseland Park,ROSELAND PARK,830000.0,830000.0,2.7,,2 To Less Than 3 Acre Lot,RM,,Unimproved Agri/Recreatn/Moblhome,False,"County Road, Gravel/Lime Rock Road, Paved Road",117612.00000000001,Multifamily,False,2–3 ac,830000.0,7.057103016698975,False,False,False,False,False,False,False,False
Sold,F10548163,3270,431-433 NE 15th Avenue,Las Olas,LAS OLAS PARK CORR 6-12 B,925000.0,925000.0,0.1404,6116.0,,RC-15,Zoned Residential,Unimproved Agri/Recreatn/Moblhome,False,,6116.0,Single-family,False,< 0.25 ac,925000.0,151.2426422498365,False,False,False,False,False,False,False,False
Sold,A11985662,41,1240 SW 12th Ave,Second Westmoreland Addn,SECOND WESTMORELAND ADDN,770000.0,770000.0,0.16,7020.0,,¤5700,Zoned Duplex,Residential,False,,7020.0,Duplex,False,< 0.25 ac,770000.0,109.68660968660969,False,False,False,False,False,False,False,False
Sold,A11520599,69,155xx SW 260th ST,Redlands,REDLANDS,950000.0,950000.0,5.0,209959.0,"4 To Less Than 5 Acre Lot, 5 To Less Than 10 Acre Lot",¤9000,Zoned Residential,Other,False,"City/County Maintained, Public Road",209959.0,Single-family,False,4–5 ac,950000.0,4.524692916236027,False,False,False,False,False,False,False,False
Sold,A11852332,3860,11940 NW 8TH ST LOT 1,Fla Fruit Lands Co,FLA FRUIT LANDS CO SUB 1,875000.0,875000.0,0.94,40948.0,,,Zoned Residential,Residential,False,"Paved Road, Public Road",40948.0,Single-family,False,0.75–1 ac,875000.0,21.36856500928006,False,False,False,False,False,False,False,False
Sold,A11817839,3860,11319 NW 4th St,Rizzo,RIZZO PLAT 88-33 B,950000.0,950000.0,1.08,47140.0,,¤RS-1EP,Zoned Residential,Residential,False,,47140.0,Single-family,False,1–2 ac,950000.0,20.152736529486635,False,False,False,False,False,False,False,False
Sold,F10543558,3680,11701 NW 11th Street,Plantation Acres Land Co,PLANTATION ACRES LAND CO,935000.0,935000.0,0.86,37621.0,1/2 To Less Than 3/4 Acre Lot,RS-1EP,Zoned Residential,Unimproved Agri/Recreatn/Moblhome,False,,37621.0,Single-family,False,0.5–0.75 ac,935000.0,24.853140533212834,False,False,False,False,False,False,False,False
Sold,R11151468,5440,3xx Orange Way,Southend,THE SOUTHEND,900000.0,900000.0,0.16,,Less Than 1/4 Acre Lot,SF7,,Unimproved Agri/Recreatn/Moblhome,False,"City/County Maintained, Paved Road",6969.6,Single-family,False,< 0.25 ac,900000.0,129.13223140495867,False,False,False,False,False,False,False,False
Sold,A11971322,41,3544 William Ave,Frow Homestead,FROW HOMESTEAD,900000.0,900000.0,0.0,5250.0,,¤0100,Zoned Residential,Residential,False,,5250.0,Single-family,False,< 0.25 ac,900000.0,171.42857142857142,False,False,False,False,False,False,False,False
Sold,F10549232,3370,435 NE 25th Street,Harold Keats,HAROLD A KEATS ADD,900000.0,900000.0,0.36,12481.0,1/4 To Less Than 1/2 Acre Lot,RS-5,Zoned Residential,Unimproved Agri/Recreatn/Moblhome,False,,12481.0,Single-family,False,0.25–0.5 ac,900000.0,72.1096066020351,False,False,False,False,False,False,False,False
Sold,F10481319,3470,808 SW 8th Terrace,Seawanna,SEAWANNA SUB BLK 63,870000.0,870000.0,0.2573,11210.0,"1/4 To Less Than 1/2 Acre Lot, Less Than 1 Acre",RD-15,Zoned Residential,Unimproved Agri/Recreatn/Moblhome,True,,11210.0,Single-family,False,0.25–0.5 ac,870000.0,77.6092774308653,False,False,False,False,False,False,False,False
Sold,R11126249,6331 Indian River – Central County,2016 Surfside Terrace,Surfside Estates,SURFSIDE ESTATES SUB,850000.0,850000.0,0.31,,Less Than 1/4 Acre Lot,RS-3,,Unimproved Agri/Recreatn/Moblhome,False,Paved Road,13503.6,Single-family,False,< 0.25 ac,850000.0,62.94617731567878,False,False,False,False,False,False,False,False
Sold,R10493596,5590,3820 Hanover Circle,White Fences Equestrian Es,WHITE FENCES EQUESTRIAN ES,900000.0,900000.0,15.02,,"10 Or More Acre Lot, Cul-De-Sac Lot, Interior Lot",AR,,,True,"Paved Road, Private Road",654271.2,Acreage / rural,False,10+ ac,900000.0,1.3755763664975627,False,True,True,False,False,False,False,False
Sold,A11748841,22,11701 W Biscayne Canal Rd,Halock,HALOCK-SEC 1,860000.0,860000.0,0.349,15200.0,,¤0100,Zoned Residential,Other,True,,15200.0,Single-family,False,0.25–0.5 ac,860000.0,56.578947368421055,False,False,False,False,False,False,False,False
Sold,A11929976,41,512 SW 21st Ave,West Shenandoah,WEST SHENANDOAH A RESUB,800000.0,800000.0,0.2296,10000.0,,¤3900,Zoned Multifamily,Residential,False,,10000.0,Multifamily,False,< 0.25 ac,800000.0,80.0,False,False,False,False,False,False,False,False
Sold,A11986925,4540,3920 Evans Rd,Kingsland,KINGSLAND,785000.0,785000.0,0.9,39208.0,,¤RS,Zoned Residential,Residential,False,,39208.0,Single-family,False,0.75–1 ac,785000.0,20.02142419914303,False,False,False,False,False,False,False,False
Sold,R11154606,7010,5144 Watersong Way,Watersong South Pud,WATERSONG SOUTH PUD PLAT N,825000.0,825000.0,0.1,,"Less Than 1/4 Acre Lot, East Of US 1",Planne,,Unimproved Agri/Recreatn/Moblhome,True,Paved Road,4356.0,,False,< 0.25 ac,825000.0,189.3939393939394,False,False,False,False,False,False,True,False
Sold,F10556669,,4221 SW 11th Street,Camner Gables St,CAMNER GABLES 1ST ADD,840000.0,840000.0,0.1717,7480.0,Less Than 1/4 Acre Lot,0100,Zoned Residential,Unimproved Agri/Recreatn/Moblhome,False,,7480.0,Single-family,False,< 0.25 ac,840000.0,112.29946524064171,False,False,False,False,False,False,False,False
Sold,A11936513,40,8490 Grand Canal Dr,Flagler Waterway Estates,FLAGLER WATERWAY ESTATES,840000.0,840000.0,0.3,14500.0,,¤2100,Zoned Residential,Residential,True,,14500.0,Single-family,False,0.25–0.5 ac,840000.0,57.93103448275862,False,False,False,False,False,False,False,False
Sold,F10532146,3113,3417 Dover Road,Hillsboro Shores,HILLSBORO SHORES SEC A 21,825000.0,825000.0,0.17,7494.0,"Less Than 1/4 Acre Lot, Less Than 1 Acre",RS-2,Zoned Residential,Unimproved Agri/Recreatn/Moblhome,False,,7494.0,Single-family,False,< 0.25 ac,825000.0,110.08807045636509,False,False,False,False,False,False,False,False
Sold,F10541803,,149XX SW 149xx 224 Street,Redland Citrus Orchards,REDLAND CITRUS ORCHARDS,816145.0,816145.0,5.0,217800.0,5 To Less Than 10 Acre Lot,8900,Zoned Residential,Unimproved Agri/Recreatn/Moblhome,False,,217800.0,Single-family,False,5–10 ac,816145.0,3.7472222222222222,False,False,False,False,False,False,False,False
Sold,A11685882,31,260 NW 43rd St,Columbia Park Corr Pl,COLUMBIA PARK CORR PL,750000.0,750000.0,0.1239,5400.0,Less Than 1/4 Acre Lot,¤0104,Zoned Residential,Residential,False,City/County Maintained,5400.0,Single-family,False,< 0.25 ac,750000.0,138.88888888888889,False,False,False,False,False,False,False,False
Sold,A11898733,3880,14270 SW 20th Street,Fla Fruit Lands Co,FLA FRUIT LANDS CO,810000.0,810000.0,1.0,38240.0,3/4 To Less Than 1 Acre Lot,¤R-1,Zoned Residential,Residential,False,"Legal Access Road, City/County Maintained, Paved Road",38240.0,Single-family,False,0.75–1 ac,810000.0,21.182008368200837,False,False,False,False,False,False,False,False
Sold,A11866708,3890,19068 Park Ridge St,Estates Swan Lake,ESTATES OF SWAN LAKE,820000.0,820000.0,0.4,17304.0,,¤PDD,Zoned Residential,Residential,True,,17304.0,Single-family,False,0.25–0.5 ac,820000.0,47.38788719371244,False,False,False,False,False,False,False,False
Sold,A11851344,68,216th Street SW 184th Ave,,,560000.0,560000.0,2.86,124582.0,,¤2300,Zoned Residential,Residential,False,,124582.0,Single-family,False,2–3 ac,560000.0,4.495031384951277,False,False,False,False,False,False,False,False
Sold,F10531775,3290,0 160th Avenue,Opossum,OPOSSUM 136-29 B,690000.0,690000.0,1.05,45693.0,,RE,Zoned Residential,Unimproved Agri/Recreatn/Moblhome,False,,45693.0,Single-family,False,1–2 ac,690000.0,15.100781301293415,False,False,False,False,False,False,False,False
Sold,A11801874,31,4510 N Miami Ave,Shadowlawn Extension,SHADOWLAWN EXTENSION SUB,700000.0,700000.0,0.12,5450.0,,¤3901,Zoned Multifamily,Residential,False,,5450.0,Multifamily,False,< 0.25 ac,700000.0,128.44036697247705,False,False,False,False,False,False,False,False
Sold,A11801871,31,4500 N Miami Ave,Shadowlawn Extension,SHADOWLAWN EXTENSION SUB,700000.0,700000.0,0.12,5450.0,,¤3901,Zoned Multifamily,Residential,False,,5450.0,Multifamily,False,< 0.25 ac,700000.0,128.44036697247705,False,False,False,False,False,False,False,False
Sold,A11979965,69,16981 SW 276th St,Redlands,THE REDLANDS SEC 1,750000.0,750000.0,0.96,41637.0,3/4 To Less Than 1 Acre Lot,¤9000,Zoned Residential,Residential,False,,41637.0,Single-family,False,0.75–1 ac,750000.0,18.012825131493624,False,False,False,False,False,False,False,False
Sold,R11160816,4200,221 NE 9th Avenue,Arden Park,ARDEN PARK,628000.0,628000.0,0.35,,1/4 To Less Than 1/2 Acre Lot,R2(cit,,Unimproved Agri/Recreatn/Moblhome,False,"City/County Maintained, Public Road",15245.999999999998,Single-family,False,0.25–0.5 ac,628000.0,41.191132100223015,False,False,False,False,False,False,False,False
Sold,A11972342,21,10450 NW 19th Ave,River Gulfair,RIVER GULFAIR,800000.0,800000.0,0.96,42158.0,,¤0100,Zoned Residential,Residential,False,,42158.0,Single-family,False,0.75–1 ac,800000.0,18.976232269082974,False,False,False,False,False,False,False,False
Sold,A11849965,3370,90 NE 21st Ct,Milbro,MILBRO PLAT,730000.0,730000.0,0.0,7488.0,1/4 To Less Than 1/2 Acre Lot,¤RS-5,Zoned Residential,Residential,False,,7488.0,Single-family,False,0.25–0.5 ac,730000.0,97.48931623931624,False,False,False,False,False,False,False,False
Sold,A11961595,4460,115 NW 4th Ave,Delray Town,DELRAY TOWN OF,525000.0,525000.0,0.2381,10372.0,Less Than 1/4 Acre Lot,¤R-1-A (c,Zoned Residential,Residential,False,Paved Road,10372.0,Single-family,False,< 0.25 ac,525000.0,50.617045892788276,False,False,False,False,False,False,False,False
Sold,R11157264,5550,0 Caloosa Boulevard,Caloosa,CALOOSA,845000.0,845000.0,5.21,,,RES,,Single,False,Paved Road,226947.6,Single-family,False,5–10 ac,845000.0,3.723326441874688,False,False,False,False,False,False,False,False
Sold,A11918563,98 Florida Keys,561 Gordon Cir,Bermuda Shores,BERMUDA SHORES AMD,700000.0,700000.0,0.416,18100.0,1/4 To Less Than 1/2 Acre Lot,¤URM,Zoned Residential,Residential,True,,18100.0,Single-family,False,0.25–0.5 ac,700000.0,38.67403314917127,False,False,False,False,False,False,False,False
Sold,R11135536,4470,111 SW 2nd Street,Delray Beach,DELRAY BEACH,795000.0,795000.0,0.14,,Less Than 1/4 Acre Lot,RM(cit,,Single,False,"Paved Road, Public Road",6098.400000000001,Multifamily,False,< 0.25 ac,795000.0,130.36206218024398,False,False,False,False,False,False,False,False
Sold,R11134768,4750,925 Sunset Road,Chapel Hill,CHAPEL HILL,675000.0,675000.0,,,Less Than 1/4 Acre Lot,R-1-AA,,Single,False,City/County Maintained,,Single-family,False,< 0.25 ac,675000.0,,False,False,False,False,False,False,False,False
Sold,R11153665,5330,Xxxxx 88th Trail,Palm Beach Country Estates,PALM BEACH COUNTRY ESTATES,750000.0,750000.0,1.17,,1 To Less Than 2 Acre Lot,AR,,Unimproved Agri/Recreatn/Moblhome,False,County Road,50965.2,Acreage / rural,False,1–2 ac,750000.0,14.7159238068329,False,False,False,False,False,False,False,False
Sold,R11164974,5230,2417 Country Oaks Lane,,,735000.0,735000.0,0.2583,,1/4 To Less Than 1/2 Acre Lot,RS,,Unimproved Agri/Recreatn/Moblhome,False,Paved Road,11251.547999999999,Single-family,False,0.25–0.5 ac,735000.0,65.32434470350213,False,False,False,False,False,False,False,False
Sold,R11109301,5330,7616 169th Place,Palm Beach Country Estate,PALM BEACH COUNTRY ESTATE,625000.0,625000.0,2.3,,Corner Lot,AR,,Single,False,,100187.99999999999,Acreage / rural,False,2–3 ac,625000.0,6.238272048548729,True,False,False,False,False,False,False,False
Sold,R10914161,5560,715 N State Road 715,Unincorporated,UNINCORPORATED,250000.0,250000.0,,,10 Or More Acre Lot,AR,,Unimproved Agri/Recreatn/Moblhome,True,State Road,,Acreage / rural,False,10+ ac,250000.0,,False,False,False,False,False,False,False,False
Sold,A11992803,3980,19730 SW 14th St,Fla Fruit Lands Co,FLA FRUIT LANDS CO SUB NO,700000.0,700000.0,0.85,37008.0,,¤(A),Zoned Residential,Residential,False,,37008.0,Single-family,False,0.75–1 ac,700000.0,18.914829226113273,False,False,False,False,False,False,False,False
Sold,R11134686,7110,0 S Indian River Drive,Walton Hills,WALTON HILLS,610000.0,610000.0,5.71,,"1 To Less Than 2 Acre Lot, 2 To Less Than 3 Acre Lot, 3 To Less Than 4 Acre Lot, 4 To Less Than 5 Acre Lot, 5 To Less Than 10 Acre Lot",,,Unimproved Agri/Recreatn/Moblhome,True,"County Road, City/County Maintained, Paved Road, Public Road",248727.6,,False,1–2 ac,610000.0,2.4524821531667573,False,False,False,False,False,False,False,False
Sold,T20051550,7110,12825 S Indian River Drive,,,650000.0,650000.0,2.0234,,"East Of US 1, Irregular Lot",RES,,Single,True,County Road,88139.304,Single-family,False,2–3 ac,650000.0,7.374689502880576,False,False,False,True,False,False,True,False
Sold,R11143926,5420,401 42nd Street,North Palm Beach Pl,NORTH PALM BEACH PL 1,625000.0,625000.0,0.1578,,Less Than 1/4 Acre Lot,SF7,,Unimproved Agri/Recreatn/Moblhome,False,Paved Road,6873.768,Single-family,False,< 0.25 ac,625000.0,90.92538473803596,False,False,False,False,False,False,False,False
Sold,A11919618,40,2121 SW 66th Ave,Tamiami Acres Plan,TAMIAMI ACRES PLAN 2 SEC,570000.0,570000.0,0.19,8400.0,,¤5700,Zoned Duplex,Residential,False,,8400.0,Duplex,False,< 0.25 ac,570000.0,67.85714285714286,False,False,False,False,False,False,False,False
Sold,F10457512,3290,20411 SW 51st Street,Trails,THE TRAILS 143-35 B,635000.0,635000.0,0.83,36403.0,"1/2 To Less Than 3/4 Acre Lot, Less Than 1 Acre",E-1,Zoned Residential,Unimproved Agri/Recreatn/Moblhome,False,,36403.0,Single-family,False,0.5–0.75 ac,635000.0,17.443617284289758,False,False,False,False,False,False,False,False
Sold,B26009530,5040,13133 159th Street,Jupiter Farms,JUPITER FARMS,672000.0,672000.0,2.7,,"2 To Less Than 3 Acre Lot, Oversized Lot",AR,,Unimproved Agri/Recreatn/Moblhome,False,City/County Maintained,117612.00000000001,Acreage / rural,False,2–3 ac,672000.0,5.713702683399652,False,False,False,False,True,False,False,False
Sold,A11992873,31,344 NW 41st St,Bay Vista Park,BAY VISTA PARK,610000.0,610000.0,0.12,5300.0,Less Than 1/4 Acre Lot,¤0104,Zoned Residential,Residential,False,,5300.0,Single-family,False,< 0.25 ac,610000.0,115.09433962264151,False,False,False,False,False,False,False,False
Sold,A11984837,5940 Florida Other,5507 SW 6th Ave.,Cape Coral,CAPE CORAL,510000.0,510000.0,0.26,,,R1,Zoned Residential,Residential,True,,11325.6,Single-family,False,0.25–0.5 ac,510000.0,45.030726848908664,False,False,False,False,False,False,False,False
Sold,R11136827,5700,4138 Kirk Road,Palm Beach Farms Co,PALM BEACH FARMS CO 7,680000.0,680000.0,1.25,,,RM,,Single,False,City/County Maintained,54450.0,Multifamily,False,1–2 ac,680000.0,12.488521579430671,False,False,False,False,False,False,False,False
Sold,A11974803,41,667 NW 1st St,City Miami South,CITY OF MIAMI SOUTH,490000.0,490000.0,0.11,5000.0,Less Than 1/4 Acre Lot,¤4601,Zoned Multifamily,Residential,False,,5000.0,Multifamily,False,< 0.25 ac,490000.0,98.0,False,False,False,False,False,False,False,False
Sold,R11109290,5330,7569 168th Court,Palm Beach Country Estate,PALM BEACH COUNTRY ESTATE,587500.0,587500.0,1.32,,,AR,,Single,False,,57499.200000000004,Acreage / rural,False,1–2 ac,587500.0,10.217533461335114,False,False,False,False,False,False,False,False
Sold,R11109283,5330,7661 168th Court,Palm Beach Country Estate,PALM BEACH COUNTRY ESTATE,562500.0,562500.0,1.32,,Corner Lot,AR,,Single,False,,57499.200000000004,Acreage / rural,False,1–2 ac,562500.0,9.78274480340596,True,False,False,False,False,False,False,False
Sold,F10486197,,2735 SW 32nd Avenue,South Bay,SOUTH BAY CONDO,570000.0,570000.0,0.0,5450.0,Less Than 1/4 Acre Lot,5700,Zoned Duplex,Unimproved Agri/Recreatn/Moblhome,False,"City/County Maintained, Public Road",5450.0,Duplex,False,< 0.25 ac,570000.0,104.58715596330275,False,False,False,False,False,False,False,False
Sold,A11923644,10,411 NE 152nd St,Bisc Gardens,BISC GARDENS SEC A,495000.0,495000.0,0.48,21090.0,,¤0100,Zoned Residential,Residential,False,,21090.0,Single-family,False,0.25–0.5 ac,495000.0,23.470839260312946,False,False,False,False,False,False,False,False
Sold,A11575566,31,70 NW 53rd St,Railway Shops Addn Nd Am,RAILWAY SHOPS ADDN 2ND AM,590000.0,590000.0,0.17,7200.0,Less Than 1/4 Acre Lot,¤3900,Zoned Duplex,Residential,False,,7200.0,Duplex,False,< 0.25 ac,590000.0,81.94444444444444,False,False,False,False,False,False,False,False
Sold,R11149950,5270,0 N Virginia Avenue,North Bates Subdivision,NORTH BATES SUBDIVISION,625000.0,625000.0,,,,VACANT,,Unimproved Agri/Recreatn/Moblhome,False,,,,False,,625000.0,,False,False,False,False,False,False,False,False
Sold,B26006689,5540,7795 Ironhorse Boulevard,Ironhorse Par,IRONHORSE PAR B-1,620000.0,620000.0,0.4591,,"1/4 To Less Than 1/2 Acre Lot, Interior Lot, Less Than 1 Acre, West Of US 1",RPD (city),,Unimproved Agri/Recreatn/Moblhome,False,"Paved Road, Private Road",19998.396,,False,0.25–0.5 ac,620000.0,31.002486399409232,False,False,True,False,False,False,False,True
Sold,A11928229,41,5301 SW 4th St,Flagler Gardens,FLAGLER GARDENS,600000.0,600000.0,0.26,11536.0,,¤0100,Zoned Residential,Residential,False,,11536.0,Single-family,False,0.25–0.5 ac,600000.0,52.01109570041609,False,False,False,False,False,False,False,False
Sold,R11123282,5250,1125 Prosperity Village Drive,Prosperity Village,PROSPERITY VILLAGE,595000.0,595000.0,0.16,,"Less Than 1/4 Acre Lot, Cul-De-Sac Lot, Less Than 1 Acre, West Of US 1",R1(cit,,Unimproved Agri/Recreatn/Moblhome,False,"City/County Maintained, Paved Road, Private Road",6969.6,Single-family,False,< 0.25 ac,595000.0,85.37075298438934,False,True,False,False,False,False,False,True
Sold,R11164180,5100,17967 April Lane,,,625000.0,625000.0,,,1/4 To Less Than 1/2 Acre Lot,residential,,Unimproved Agri/Recreatn/Moblhome,False,"County Road, Public Road",,Single-family,False,0.25–0.5 ac,625000.0,,False,False,False,False,False,False,False,False
Sold,F10555756,5940 Florida Other,1040 Cracker Hammock,Sebring,SEBRING,540000.0,540000.0,20.16,878170.0,,AU,Zoned Residential,Unimproved Agri/Recreatn/Moblhome,False,,878170.0,Single-family,False,10+ ac,540000.0,0.6149151075532072,False,False,False,False,False,False,False,False
Sold,R11105126,6313 Indian River – Beach Central,355 Cathedral Oaks Drive,Orchid Isles,ORCHID ISLAND NO 2,550000.0,550000.0,0.25,,"1/4 To Less Than 1/2 Acre Lot, Cul-De-Sac Lot",RS-3,,Unimproved Agri/Recreatn/Moblhome,True,"Paved Road, Public Road",10890.0,Single-family,False,0.25–0.5 ac,550000.0,50.505050505050505,False,True,False,False,False,False,False,False
Sold,F10555195,3380,1413 NE 17th Way,Progresso,PROGRESSO 2-18 D,585000.0,585000.0,0.19,8111.0,,RS-8,Zoned Residential,Unimproved Agri/Recreatn/Moblhome,False,,8111.0,Single-family,False,< 0.25 ac,585000.0,72.12427567500924,False,False,False,False,False,False,False,False
Sold,F10541415,5540,20223 Simone Drive,Santa Rosa Groves,SANTA ROSA GROVES,550000.0,550000.0,6.35,276606.0,,AG/RES,Zoned Residential,Unimproved Agri/Recreatn/Moblhome,False,,276606.0,Single-family,False,5–10 ac,550000.0,1.9883878151594687,False,False,False,False,False,False,False,False
Sold,A11866537,5940 Florida Other,190 winson ave,Englewood,AMENDED PLAT OF ENGLEWOOD,455000.0,455000.0,0.3753,,1/4 To Less Than 1/2 Acre Lot,,Zoned Residential,Residential,True,,16348.068000000001,Single-family,False,0.25–0.5 ac,455000.0,27.832034953610417,False,False,False,False,False,False,False,False
Sold,T20053779,7015,10851 S Ocean Drive Unit#98 and 99,,,500000.0,500000.0,0.0934,,Flood Zone Lot,,,Mobile,True,,4068.504,,False,< 0.25 ac,500000.0,122.89529517483577,False,False,False,False,False,True,False,False
Sold,F10414288,5330,13945 Coco Plum Road,Caloosa,CALOOSA,500000.0,500000.0,5.0,,,,Zoned Residential,Unimproved Agri/Recreatn/Moblhome,False,,217800.0,Single-family,False,5–10 ac,500000.0,2.295684113865932,False,False,False,False,False,False,False,False
Sold,F10541908,6331 Indian River – Central County,7410 29th Court,Copelands Landing Rivers,"COPELANDS LANDING, RIVERS",575000.0,575000.0,1.31,57064.0,1 To Less Than 2 Acre Lot,RS-3,Zoned Residential,Unimproved Agri/Recreatn/Moblhome,True,,57064.0,Single-family,False,1–2 ac,575000.0,10.07640543950652,False,False,False,False,False,False,False,False
Sold,R11157119,7220,122 SE Mira Lavella,Tesoro,TESORO PLAT NO 3,525000.0,525000.0,0.34,,1/4 To Less Than 1/2 Acre Lot,Residential,,Unimproved Agri/Recreatn/Moblhome,True,Private Road,14810.400000000001,Single-family,False,0.25–0.5 ac,525000.0,35.44806352292983,False,False,False,False,False,False,False,False
Sold,T20053924,6100,6201 SW Saddlebrook Lane,,,550000.0,550000.0,5.0642,,,,,Single,False,Paved Road,220596.552,,False,5–10 ac,550000.0,2.493239332226734,False,False,False,False,False,False,False,False
Sold,R11148815,6312 Indian River – Beach South,2120 W Beachside Lane,Beachside,BEACHSIDE SUB,530000.0,530000.0,0.48,,1/4 To Less Than 1/2 Acre Lot,Residential,,Unimproved Agri/Recreatn/Moblhome,False,Paved Road,20908.8,Single-family,False,0.25–0.5 ac,530000.0,25.348178757269668,False,False,False,False,False,False,False,False
Sold,A11968730,40,Vacant Land,El Dorado Plains St Addn,EL DORADO PLAINS 1ST ADDN,558750.0,558750.0,0.32,14041.0,,¤5700,Zoned Duplex,Other,False,,14041.0,Duplex,False,0.25–0.5 ac,558750.0,39.794174204116516,False,False,False,False,False,False,False,False
Sold,A11944477,31,3895 W 2nd Ave,,SUB OF PB 7-113,495000.0,495000.0,0.5511,24008.0,1/2 To Less Than 3/4 Acre Lot,¤0100,Zoned Residential,Residential,False,,24008.0,Single-family,False,0.5–0.75 ac,495000.0,20.618127290903033,False,False,False,False,False,False,False,False
Sold,A11893117,49,13301 SW 41st St,Mia Estates,MIA ESTATES,350000.0,350000.0,0.14,6000.0,,¤0100,Zoned Residential,Residential,False,,6000.0,Single-family,False,< 0.25 ac,350000.0,58.333333333333336,False,False,False,False,False,False,False,False
Sold,A11959489,3290,0 SW 185th Way,Everglades Land Co,EVERGLADES LAND CO,402000.0,402000.0,2.43,105710.0,,¤A-1,Zoned Residential,Other,False,,105710.0,Single-family,False,2–3 ac,402000.0,3.8028568725759153,False,False,False,False,False,False,False,False
Sold,F10518366,3560,1 Bullard Way,Harris,HARRIS SUB 21-40 B,540000.0,540000.0,0.82,35600.0,,RM-10,Zoned Multifamily,Residential,True,"Paved Road, Private Road, Public Road",35600.0,Multifamily,False,0.75–1 ac,540000.0,15.168539325842696,False,False,False,False,False,False,False,False
Sold,F10547981,5940 Florida Other,Hunter Rd,Buckhead Ridge,BUCKHEAD RIDGE,500000.0,500000.0,14.32,311890.0,,,Zoned Residential,Residential,True,,311890.0,Single-family,False,5–10 ac,500000.0,1.6031293084100164,False,False,False,False,False,False,False,False
Sold,A11940952,5940 Florida Other,11114 Matlacha,Matlacha,MATLACHA,525000.0,525000.0,0.16,6751.0,Less Than 1/4 Acre Lot,RS-1,Zoned Residential,Residential,True,,6751.0,Single-family,False,< 0.25 ac,525000.0,77.76625685083691,False,False,False,False,False,False,False,False
Sold,R11155186,7170,2606 SW River Shore Drive,South River Shores,SOUTH RIVER SHORES,480000.0,480000.0,0.5,,1/2 To Less Than 3/4 Acre Lot,Residential,,Unimproved Agri/Recreatn/Moblhome,True,"Paved Road, Private Road",21780.0,Single-family,False,0.5–0.75 ac,480000.0,22.038567493112946,False,False,False,False,False,False,False,False
Sold,R11014988,7220,2807 SE Peru Street,Port St Lucie Section,PORT ST LUCIE - SECTION 3,335000.0,335000.0,0.5,,"Flood Zone Lot, West Of US 1",RS-2PS,,Single,True,City/County Maintained,21780.0,Single-family,False,0.5–0.75 ac,335000.0,15.381083562901745,False,False,False,False,False,True,False,True
Sold,R11014982,7220,2801 SE Peru Street,Port St Lucie Section,PORT ST LUCIE - SECTION 3,335000.0,335000.0,0.46,,Flood Zone Lot,RS-2PS,,Single,True,"City/County Maintained, Public Road",20037.600000000002,Single-family,False,0.25–0.5 ac,335000.0,16.71856909011059,False,False,False,False,False,True,False,False
Sold,T20046432,7220,2807 SE Peru Street,,,335000.0,335000.0,0.5,,"Flood Zone Lot, West Of US 1",RES,,Single,True,City/County Maintained,21780.0,Single-family,False,0.5–0.75 ac,335000.0,15.381083562901745,False,False,False,False,False,True,False,True
Sold,T20046425,7220,2801 SE Peru Street,,,335000.0,335000.0,0.46,,Flood Zone Lot,RES,,Single,True,Paved Road,20037.600000000002,Single-family,False,0.25–0.5 ac,335000.0,16.71856909011059,False,False,False,False,False,True,False,False
Sold,R11105920,6100,4585 SW Stoneybrook Way,Fox Grove Aka Meadow Run,FOX GROVE (AKA MEADOW RUN,530000.0,530000.0,,,West Of US 1,Res,,Single,False,Paved Road,,Single-family,False,,530000.0,,False,False,False,False,False,False,False,True
Sold,A11936588,69,12330 SW 240 St,,,530000.0,530000.0,1.0,43560.0,,¤9000,Zoned Residential,Other,False,,43560.0,Single-family,False,1–2 ac,530000.0,12.16712580348944,False,False,False,False,False,False,False,False
Sold,R11083987,4760,9158 Long Lake Palm Drive,Ponte Vecchio,PONTE VECCHIO,325000.0,325000.0,0.4,,1/4 To Less Than 1/2 Acre Lot,RS,,Unimproved Agri/Recreatn/Moblhome,False,"Paved Road, Private Road",17424.0,Single-family,False,0.25–0.5 ac,325000.0,18.652433425160698,False,False,False,False,False,False,False,False
Sold,R11131122,7050,Tbd Southern Star Drive,Southern Star Stables Subd,SOUTHERN STAR STABLES SUBD,450000.0,450000.0,10.98,,5 To Less Than 10 Acre Lot,AG-5Co,,,False,"County Road, City/County Maintained",478288.80000000005,Acreage / rural,False,5–10 ac,450000.0,0.9408541450270212,False,False,False,False,False,False,False,False
Sold,A11916588,41,4 Grove Isle Dr. #D-13,Grove Isles Marina,GROVE ISLE MARINA,449000.0,449000.0,37.0,,Less Than 1/4 Acre Lot,Dock,Boat Dock or Dockominium,Dockominium,True,Paved Road,1611720.0,Dock,True,< 0.25 ac,449000.0,0.2785843694934604,False,False,False,False,False,False,False,False
Sold,R11128034,6090,4750 SW Pentalago Place,Pentalago Phase,PENTALAGO PLAT PHASE 1,534000.0,534000.0,4.9939,,"3 To Less Than 4 Acre Lot, 4 To Less Than 5 Acre Lot",RES,,,True,Private Road,217534.284,Single-family,False,3–4 ac,534000.0,2.4547854718845143,False,False,False,False,False,False,False,False
Sold,A11854446,68,20995 SW 240th st,Bonanza Rhos,BONANZA RHOS,485000.0,485000.0,1.25,54886.0,,¤8900,Zoned Residential,Residential,False,,54886.0,Single-family,False,1–2 ac,485000.0,8.836497467478045,False,False,False,False,False,False,False,False
Sold,R11152401,6100,0 SW Tommy Clements Street,Clementsville Area,CLEMENTSVILLE AREA (66100),520000.0,520000.0,15.0,,10 Or More Acre Lot,AR,,,False,"City/County Maintained, Paved Road, Private Road",653400.0,Acreage / rural,False,10+ ac,520000.0,0.7958371594735231,False,False,False,False,False,False,False,False
Sold,A11945221,41,2720 SW 17th St,Parkdale,PARKDALE,525000.0,525000.0,0.164,7150.0,,¤0100,Zoned Residential,Residential,False,,7150.0,Single-family,False,< 0.25 ac,525000.0,73.42657342657343,False,False,False,False,False,False,False,False
Sold,A11890388,69,27743 SW 172nd Pl,Redlands,THE REDLANDS SEC 3,490000.0,490000.0,0.91,39838.0,,¤9000,Zoned Residential,Residential,False,,39838.0,Single-family,False,0.75–1 ac,490000.0,12.299814247703198,False,False,False,False,False,False,False,False
Sold,R11146845,6090,4700 SW Stoneybrook Way,Fox Grove Aka Meadow Run,FOX GROVE (AKA MEADOW RUN),525000.0,525000.0,5.3007,,5 To Less Than 10 Acre Lot,RES,,Unimproved Agri/Recreatn/Moblhome,False,Paved Road,230898.492,Single-family,False,5–10 ac,525000.0,2.2737264130767905,False,False,False,False,False,False,False,False
Sold,R11014987,7220,2805 SE Peru Street,Port St Lucie Section,PORT ST LUCIE - SECTION 3,335000.0,335000.0,0.42,,,RS-2PS,,Single,True,City/County Maintained,18295.2,Single-family,False,0.25–0.5 ac,335000.0,18.31081376535922,False,False,False,False,False,False,False,False
Sold,T20046431,7220,2805 SE Peru Street,,,335000.0,335000.0,0.42,,"Flood Zone Lot, West Of US 1",RES,,Single,True,City/County Maintained,18295.2,Single-family,False,0.25–0.5 ac,335000.0,18.31081376535922,False,False,False,False,False,True,False,True
Sold,T20055353,6140,5160 SE Burning Tree Circle,,,465000.0,465000.0,0.37,,"East Of US 1, Golf Course Lot, Interior Lot",,,Single,True,,16117.199999999999,,False,0.25–0.5 ac,465000.0,28.85116521480158,False,False,True,False,False,False,True,False
Sold,R11147129,5590,19542 Green Grove Court,Wildwood,WILDWOOD,450000.0,450000.0,5.0,,"3 To Less Than 4 Acre Lot, 4 To Less Than 5 Acre Lot, 5 To Less Than 10 Acre Lot, West Of US 1",AR—AGRICULTURAL,,Unimproved Agri/Recreatn/Moblhome,False,County Road,217800.0,Acreage / rural,False,3–4 ac,450000.0,2.0661157024793386,False,False,False,False,False,False,False,True
Sold,R11119384,5540,Lot--1890 Louise Street,Loxahatchee,LOXAHATCHEE,500000.0,500000.0,5.04,,"5 To Less Than 10 Acre Lot, West Of US 1",AR/REsidential,,,False,,219542.4,Acreage / rural,False,5–10 ac,500000.0,2.27746439867652,False,False,False,False,False,False,False,True
Sold,R11166751,5400,5165 Horseshoe Circle,Unincorporated,UNINCORPORATED,500000.0,500000.0,1.98,,1 To Less Than 2 Acre Lot,AR,,Unimproved Agri/Recreatn/Moblhome,False,"Paved Road, Private Road",86248.8,Acreage / rural,False,1–2 ac,500000.0,5.79718210572205,False,False,False,False,False,False,False,False
Sold,A11935099,68,0 SW 256 Street,Redland Area,REDLAND AREA,480000.0,480000.0,2.5,108900.0,,¤8900,Zoned Residential,Other,False,,108900.0,Single-family,False,2–3 ac,480000.0,4.40771349862259,False,False,False,False,False,False,False,False
Sold,R11159426,5040,16038 Robin Way,Jupiter Farms,JUPITER FARMS,465000.0,465000.0,1.19,,"1 To Less Than 2 Acre Lot, Interior Lot",AR,,Unimproved Agri/Recreatn/Moblhome,True,"County Road, Paved Road",51836.399999999994,Acreage / rural,False,1–2 ac,465000.0,8.970530360904693,False,False,True,False,False,False,False,False
Sold,A12000320,50,14400 SW 99,Jacare,JACARE SUB,440000.0,440000.0,0.35,15600.0,1/4 To Less Than 1/2 Acre Lot,¤2100,Zoned Residential,Residential,False,Paved Road,15600.0,Single-family,False,0.25–0.5 ac,440000.0,28.205128205128204,False,False,False,False,False,False,False,False
Sold,F10541679,5940 Florida Other,1912 SW 48th Ln,Cape Coral,CAPE CORAL,465000.0,465000.0,0.23,10019.0,,R1-W,Zoned Residential,Residential,True,,10019.0,Single-family,False,< 0.25 ac,465000.0,46.41181754666135,False,False,False,False,False,False,False,False
Sold,R11067651,5940 Florida Other,000 Ponderosa Avenue,Royal Trails,ROYAL TRAILS UNIT 2 REPLAT,292100.0,292100.0,63.0,,"10 Or More Acre Lot, 5 To Less Than 10 Acre Lot, Irregular Lot",NON AGRICULTURA,,,True,"Paved Road, Private Road, Public Road",63.0,,False,5–10 ac,292100.0,4636.507936507936,False,False,False,True,False,False,False,False
Sold,R11014985,7220,2803 SE Peru Street,Port St Lucie Section,PORT ST LUCIE - SECTION 3,335000.0,335000.0,0.38,,"Flood Zone Lot, West Of US 1",RS-2PS,,Single,True,City/County Maintained,16552.8,Single-family,False,0.25–0.5 ac,335000.0,20.23826784592335,False,False,False,False,False,True,False,True
Sold,T20046426,7220,2803 Peru Street,,,335000.0,335000.0,0.38,,"Flood Zone Lot, West Of US 1",RES,,Single,True,Paved Road,16552.8,Single-family,False,0.25–0.5 ac,335000.0,20.23826784592335,False,False,False,False,False,True,False,True
Sold,R11108016,7170,733 SE Hidden River Drive,Hidden River Estates,HIDDEN RIVER ESTATES,410000.0,410000.0,0.59,,1/2 To Less Than 3/4 Acre Lot,RS-3-C,,Unimproved Agri/Recreatn/Moblhome,True,"City/County Maintained, Paved Road",25700.399999999998,Single-family,False,0.5–0.75 ac,410000.0,15.953059096356478,False,False,False,False,False,False,False,False
Sold,A11881118,78,35251 SW 218th Avenue,Ranchos Del Sol,RANCHOS DEL SOL,450000.0,450000.0,4.12,179467.0,4 To Less Than 5 Acre Lot,¤8900,Zoned Residential,Residential,False,Paved Road,179467.0,Single-family,False,4–5 ac,450000.0,2.5074247633269624,False,False,False,False,False,False,False,False
Sold,R10827932,5590,Xxx Bob Cat Lane,Deer Run,DEER RUN,428000.0,428000.0,5.0,,"3 To Less Than 4 Acre Lot, 4 To Less Than 5 Acre Lot, 5 To Less Than 10 Acre Lot",AR,,Unimproved Agri/Recreatn/Moblhome,True,"Paved Road, Public Road",217800.0,Acreage / rural,False,3–4 ac,428000.0,1.9651056014692379,False,False,False,False,False,False,False,False
Sold,A11883343,58,15300 SW 193 AVE,,0,475000.0,475000.0,2.5,,2 To Less Than 3 Acre Lot,0,Zoned Residential,Other,False,,108900.0,Single-family,False,2–3 ac,475000.0,4.361799816345271,False,False,False,False,False,False,False,False
Sold,R11102986,6321 City of Vero Beach,2735 Country Club Drive,Royal Park,ROYAL PARK,425000.0,425000.0,0.31,,1/4 To Less Than 1/2 Acre Lot,R-1A,,Unimproved Agri/Recreatn/Moblhome,False,Paved Road,13503.6,Single-family,False,0.25–0.5 ac,425000.0,31.47308865783939,False,False,False,False,False,False,False,False
Sold,T20052516,6070,5470 SE Ebbtide Avenue,,,375000.0,375000.0,0.46,,"Corner Lot, East Of US 1",Commerci,,Other,False,,20037.600000000002,,False,0.25–0.5 ac,375000.0,18.714816145646182,True,False,False,False,False,False,True,False
Sold,A11948854,22,167 NE 76th St,Rose Lawn Pk,ROSE LAWN PK A SUB,390000.0,390000.0,0.1,6020.0,Regular Lot,¤4600,Zoned Multifamily,Residential,False,Public Road,6020.0,Multifamily,False,< 0.25 ac,390000.0,64.78405315614619,False,False,False,False,False,False,False,False
Sold,F10516690,5410,204 S Chillingworth Dr,Palm Beach Lakes South,PALM BEACH LAKES SOUTH,425.0,425.0,0.606,,,SF7,Zoned Residential,Residential,False,,26397.36,Single-family,False,0.5–0.75 ac,425.0,0.016100094857970645,False,False,False,False,False,False,False,False
Sold,R11045025,5990 Global Outside US,8130 White Fences Lane,White Fences,WHITE FENCES (A OF E),429000.0,429000.0,4.79,,"3 To Less Than 4 Acre Lot, 4 To Less Than 5 Acre Lot",A-1,,,False,"Paved Road, Private Road",208652.4,Acreage / rural,False,3–4 ac,429000.0,2.056051116593914,False,False,False,False,False,False,False,False
Sold,F10484444,6210 NE Okeechobee County,14294 NE 26th Avenue,Country Hills,COUNTRY HILLS,402000.0,402000.0,9.11,435600.0,5 To Less Than 10 Acre Lot,ag,Zoned Residential,,False,Paved Road,435600.0,Single-family,False,5–10 ac,402000.0,0.9228650137741047,False,False,False,False,False,False,False,False
Sold,A12005142,5940 Florida Other,0 SE 225th dr,Shore,SHORE,400000.0,400000.0,40.0,,"10 Or More Acre Lot, Corner Lot",Farming,Zoned Residential,Residential,False,,1742400.0,Single-family,False,10+ ac,400000.0,0.2295684113865932,True,False,False,False,False,False,False,False
Sold,A11986632,31,1976 NW 25th Ave,River Park,RIVER PARK,365000.0,365000.0,144.0,,Less Than 1/4 Acre Lot,¤5700,Zoned Duplex,Residential,False,,144.0,Duplex,False,< 0.25 ac,365000.0,2534.722222222222,False,False,False,False,False,False,False,False
Sold,A11800281,78,179XX SW 291st ST,Redland,REDLAND,375000.0,375000.0,2.23,97444.0,,¤9000,Zoned Residential,Residential,False,,97444.0,Single-family,False,2–3 ac,375000.0,3.848364188662206,False,False,False,False,False,False,False,False
Sold,A11840446,79,17399 SW 282 ST,Redlands,THE REDLANDS SEC 4,385000.0,385000.0,1.15,50312.0,1 To Less Than 2 Acre Lot,¤9000,Zoned Residential,Residential,False,Public Road,50312.0,Single-family,False,1–2 ac,385000.0,7.652249960248052,False,False,False,False,False,False,False,False
Sold,R11155981,5210,14410 Palmwood Road,Cypress Isles Marina Cond,CYPRESS ISLAND MARINA COND,425000.0,425000.0,,,West Of US 1,RS,,,True,"Paved Road, Private Road",,Single-family,False,,425000.0,,False,False,False,False,False,False,False,True
Sold,A11865202,69,230 SW 118,,,300000.0,300000.0,0.488,21257.0,,¤0100,Zoned Residential,Residential,False,,21257.0,Single-family,False,0.25–0.5 ac,300000.0,14.112998071223597,False,False,False,False,False,False,False,False
Sold,F10541988,5940 Florida Other,375 Bald Eagle Drive,Marco Beach,MARCO BEACH UNIT 1,350000.0,350000.0,0.23,10019.0,,RSF-3,Zoned Residential,Unimproved Agri/Recreatn/Moblhome,False,,10019.0,Single-family,False,< 0.25 ac,350000.0,34.93362611039026,False,False,False,False,False,False,False,False
Sold,A11946548,21,25 NW 160th St,Biscayne Gardens,BISCAYNE GARDENS SEC,395000.0,395000.0,0.42,18616.0,,¤0100,Zoned Residential,Residential,False,,18616.0,Single-family,False,0.25–0.5 ac,395000.0,21.218306832831974,False,False,False,False,False,False,False,False
Sold,A11976692,5940 Florida Other,4945 Sorrento Ct,Cape Coral,CAPE CORAL,385000.0,385000.0,0.23,,Less Than 1/4 Acre Lot,,Zoned Residential,Residential,True,,10018.800000000001,Single-family,False,< 0.25 ac,385000.0,38.42775581906016,False,False,False,False,False,False,False,False
Sold,R11131693,6331 Indian River – Central County,6390 69th Street,Winter Beach Equestrian Es,WINTER BEACH EQUESTRIAN ES,375000.0,375000.0,4.69,,"3 To Less Than 4 Acre Lot, 4 To Less Than 5 Acre Lot",A-1,,,False,"County Road, Paved Road, Public Road",204296.40000000002,Acreage / rural,False,3–4 ac,375000.0,1.835568321321374,False,False,False,False,False,False,False,False
Sold,A11966318,41,345 SW 36th Ave,Kirkland Heights Addn To,KIRKLAND HEIGHTS ADDN TO,340000.0,340000.0,0.103,4469.0,,¤5700,Zoned Residential,Residential,False,,4469.0,Single-family,False,< 0.25 ac,340000.0,76.0796598791676,False,False,False,False,False,False,False,False
Sold,F10552609,3450,800 NE 43rd Street,Floranada Center,FLORANADA CENTER 9-51 B,350000.0,350000.0,0.25,,Less Than 1/4 Acre Lot,RES,Zoned Residential,Unimproved Agri/Recreatn/Moblhome,False,"Paved Road, Public Road",10890.0,Single-family,False,< 0.25 ac,350000.0,32.13957759412305,False,False,False,False,False,False,False,False
Sold,R11153819,5540,Lot-5010 Seminole Pratt Whitney Rd,Loxahatchee,LOXAHATCHEE,385000.0,385000.0,2.88,,"2 To Less Than 3 Acre Lot, Corner Lot, West Of US 1",A/R,,Unimproved Agri/Recreatn/Moblhome,False,"City/County Maintained, Paved Road, Private Road",125452.79999999999,Acreage / rural,False,2–3 ac,385000.0,3.068883277216611,True,False,False,False,False,False,False,True
Sold,R11168475,6100,3280 SW Briarbrook Way,Fox Grove Aka Meadow Run,FOX GROVE (AKA MEADOW RUN),375000.0,375000.0,5.22,,"5 To Less Than 10 Acre Lot, West Of US 1",AR-5a,,Unimproved Agri/Recreatn/Moblhome,False,"Paved Road, Private Road",227383.19999999998,Acreage / rural,False,5–10 ac,375000.0,1.6491983576623077,False,False,False,False,False,False,False,True
Sold,R11166376,6100,24951 SW 86th Street,Clementsville,CLEMENTSVILLE,375000.0,375000.0,5.0,,"3 To Less Than 4 Acre Lot, 4 To Less Than 5 Acre Lot, 5 To Less Than 10 Acre Lot",Ag/Res,,Unimproved Agri/Recreatn/Moblhome,False,Private Road,217800.0,Acreage / rural,False,3–4 ac,375000.0,1.721763085399449,False,False,False,False,False,False,False,False
Sold,A11947924,31,5650 N Miami Ave,Miami Ave,MIAMI AVE SUB,395000.0,395000.0,0.132,5670.0,,¤3900,Zoned Multifamily,Residential,False,,5670.0,Multifamily,False,< 0.25 ac,395000.0,69.66490299823633,False,False,False,False,False,False,False,False
Sold,A11986846,11,2861 NW 213th St,,SUB OF,325000.0,325000.0,0.7,30623.0,3/4 To Less Than 1 Acre Lot,¤0100,Zoned Residential,Residential,False,,30623.0,Single-family,False,0.75–1 ac,325000.0,10.612937987786957,False,False,False,False,False,False,False,False
Sold,R11150321,7110,0 S Indian River Drive,Indian River Drive,INDIAN RIVER DRIVE,380000.0,380000.0,0.51,,,RES,,Single,True,,22215.600000000002,Single-family,False,0.5–0.75 ac,380000.0,17.10509731900106,False,False,False,False,False,False,False,False
Sold,R11152555,7800,15323 Skyking Drive,Treasure Coast Airpark,TREASURE COAST AIRPARK,335000.0,335000.0,2.31,,2 To Less Than 3 Acre Lot,AG-5Co,,Unimproved Agri/Recreatn/Moblhome,False,"Paved Road, Private Road",100623.6,Acreage / rural,False,2–3 ac,335000.0,3.3292388664289487,False,False,False,False,False,False,False,False
Sold,R11152666,5250,0 Twelve Oaks Way Unit#Slip B-18,Twelve Oaks Marina,TWELVE OAKS MARINA CONDO,300000.0,300000.0,,,East Of US 1,R3(cit,,,True,Paved Road,,,False,,300000.0,,False,False,False,False,False,False,True,False
Sold,R11153010,6342 Indian River – Southwest County,195 66th Avenue,Indian River Farms Company,INDIAN RIVER FARMS COMPANY,360000.0,360000.0,5.0,,"3 To Less Than 4 Acre Lot, 4 To Less Than 5 Acre Lot",A-1,,,False,"County Road, City/County Maintained, Paved Road, Public Road",217800.0,Acreage / rural,False,3–4 ac,360000.0,1.6528925619834711,False,False,False,False,False,False,False,False
Sold,F10556158,5040,524 15th Street,Palm Beach North,PALM BEACH NORTH,255000.0,255000.0,0.22,9583.0,Less Than 1/4 Acre Lot,MF14,Zoned Residential,Unimproved Agri/Recreatn/Moblhome,False,City/County Maintained,9583.0,Single-family,False,< 0.25 ac,255000.0,26.6096212042158,False,False,False,False,False,False,False,False
Sold,R11153856,5040,Lot R-443 150th Ct,Jupiter Farms,JUPITER FARMS,370000.0,370000.0,1.15,,Interior Lot,AR,,Single,False,"County Road, City/County Maintained, Paved Road",50093.99999999999,Acreage / rural,False,1–2 ac,370000.0,7.3861141054816954,False,False,True,False,False,False,False,False
Sold,R11164793,5410,623 4th Street,Clows Addition In Northwes,CLOWS ADDITION IN NORTHWES,225000.0,225000.0,0.16,,Less Than 1/4 Acre Lot,NWD-R-C1,,Unimproved Agri/Recreatn/Moblhome,False,"City/County Maintained, Paved Road, Public Road",6969.6,,False,< 0.25 ac,225000.0,32.28305785123967,False,False,False,False,False,False,False,False
Sold,R11133734,5690,4115 Luzon Avenue,Manila Park,MANILA PARK,370000.0,370000.0,,,,RM,,Single,False,City/County Maintained,,Multifamily,False,,370000.0,,False,False,False,False,False,False,False,False
Sold,R11119178,6100,3720 SW Briarbrook Way,Fox Grove Aka Meadow Run,FOX GROVE (AKA MEADOW RUN),370000.0,370000.0,5.03,,5 To Less Than 10 Acre Lot,Residential,,Unimproved Agri/Recreatn/Moblhome,True,"Paved Road, Private Road",219106.80000000002,Single-family,False,5–10 ac,370000.0,1.6886741990663912,False,False,False,False,False,False,False,False
Sold,F10536236,6240 NW Okeechobee County,0 NW 240th,Southern Colonization Com,SOUTHERN COLONIZATION COM,165000.0,165000.0,20.0,897773.0,10 Or More Acre Lot,Agriculture,Zoned Residential,Unimproved Agri/Recreatn/Moblhome,True,Private Road,897773.0,Single-family,False,10+ ac,165000.0,0.18378810679314259,False,False,False,False,False,False,False,False
Sold,B26001065,6342 Indian River – Southwest County,5555 23rd Street,Trails End,TRAILS END SUB,315000.0,315000.0,3.92,,3 To Less Than 4 Acre Lot,A-1,,,False,County Road,170755.19999999998,Acreage / rural,False,3–4 ac,315000.0,1.8447461629279813,False,False,False,False,False,False,False,False
Sold,R11114358,5020,9108 SE Sharon Street,Papaya Village,PAPAYA VILLAGE,275000.0,275000.0,0.5,,"1/2 To Less Than 3/4 Acre Lot, West Of US 1",RES,,Unimproved Agri/Recreatn/Moblhome,False,"County Road, Paved Road, Public Road",21780.0,Single-family,False,0.5–0.75 ac,275000.0,12.626262626262626,False,False,False,False,False,False,False,True
Sold,A11981129,41,3817 Washington Ave,St Albans Park,ST ALBANS PARK,360000.0,360000.0,0.0,1750.0,Less Than 1/4 Acre Lot,¤5700,Zoned Duplex,Residential,False,City/County Maintained,1750.0,Duplex,False,< 0.25 ac,360000.0,205.71428571428572,False,False,False,False,False,False,False,False
Sold,A11899231,60,9800 SW 213th St,Lincoln City,LINCOLN CITY SEC G,340000.0,340000.0,0.289,12600.0,,¤0100,Zoned Residential,Residential,False,,12600.0,Single-family,False,0.25–0.5 ac,340000.0,26.984126984126984,False,False,False,False,False,False,False,False
Sold,A12013642,21,0 NE 125,Biscayne Park Ests,BISCAYNE PARK ESTS AMD,299000.0,299000.0,0.16,7250.0,,¤0700,Zoned Residential,Residential,True,,7250.0,Single-family,False,< 0.25 ac,299000.0,41.241379310344826,False,False,False,False,False,False,False,False
Sold,A11878518,22,17211 Biscayne Blvd Slip 75,Maule Fed Hwy Industrial,MAULE FED HWY INDUSTRIAL,295000.0,295000.0,0.0,360406.0,Other Lot Description,¤9300,Boat Dock or Dockominium,Dockominium,False,Legal Access Road,360406.0,Dock,True,5–10 ac,295000.0,0.8185213342730143,False,False,False,False,False,False,False,False
Sold,A11940294,31,1700 NW North River Dr,River Run Yacht Club Cond,RIVER RUN YACHT CLUB COND,250000.0,250000.0,0.5,,Less Than 1/4 Acre Lot,¤6100,Boat Dock or Dockominium,Dockominium,True,City/County Maintained,21780.0,Dock,True,< 0.25 ac,250000.0,11.47842056932966,False,False,False,False,False,False,False,False
Sold,A11861537,31,2476 NW 97th St,Acme Gulfair,ACME GULFAIR,285000.0,285000.0,0.2066,9000.0,,¤5700,Zoned Duplex,Residential,False,,9000.0,Duplex,False,< 0.25 ac,285000.0,31.666666666666668,False,False,False,False,False,False,False,False
Sold,A11887228,68,18800 SW 197 Ave,Redlands,REDLANDS,320000.0,320000.0,1.46,63598.0,,¤8900,Zoned Residential,Other,False,,63598.0,Single-family,False,1–2 ac,320000.0,5.0316047674455175,False,False,False,False,False,False,False,False
Sold,R11142780,5300,9426 Sunrise Drive,Goolsby Unrec On,GOOLSBY SUB UNREC ON,285000.0,285000.0,0.4,,1/4 To Less Than 1/2 Acre Lot,RM,,Unimproved Agri/Recreatn/Moblhome,False,Paved Road,17424.0,Multifamily,False,0.25–0.5 ac,285000.0,16.356749311294767,False,False,False,False,False,False,False,False
Sold,R11158231,5600,334 Cornell Drive,College Park,COLLEGE PARK,150000.0,150000.0,,,"Less Than 1/4 Acre Lot, East Of US 1",SFR - Single Fa,,Unimproved Agri/Recreatn/Moblhome,False,City/County Maintained,,Single-family,False,< 0.25 ac,150000.0,,False,False,False,False,False,False,True,False
Sold,F10555824,6220 SE Okeechobee County,4501 SE 27th Street,Brindaban Forest Un,BRINDABAN FOREST SUB UN 4,347500.0,347500.0,34.0,14462.0,,,Zoned Residential,Unimproved Agri/Recreatn/Moblhome,False,,14462.0,Single-family,False,0.25–0.5 ac,347500.0,24.028488452496198,False,False,False,False,False,False,False,False
Sold,T20053798,7500,425 NW Chipshot Lane,,,300000.0,300000.0,0.0807,,,,,,False,,3515.292,,False,< 0.25 ac,300000.0,85.34141687233948,False,False,False,False,False,False,False,False
Sold,R11115567,5620,1201 16th Avenue,Lake Worth Heights,LAKE WORTH HEIGHTS,320000.0,320000.0,0.4,,1/4 To Less Than 1/2 Acre Lot,SFR,,Unimproved Agri/Recreatn/Moblhome,False,City/County Maintained,17424.0,Single-family,False,0.25–0.5 ac,320000.0,18.365472910927455,False,False,False,False,False,False,False,False
Sold,R11127008,6100,9750 SW Hemingway Terrace,Hemingway Estates,HEMINGWAY ESTATES,340000.0,340000.0,3.02,,,RE-2A,,Single,True,Paved Road,131551.2,,False,3–4 ac,340000.0,2.584545028855685,False,False,False,False,False,False,False,False
Sold,R11140478,5040,17241 126th Terrace,Jupiter Farms,JUPITER FARMS,300000.0,300000.0,,,,AR,,Single,False,,,Acreage / rural,False,,300000.0,,False,False,False,False,False,False,False,False
Sold,R11109519,6100,2308 SW Austin Lane,Stuart West,STUART WEST,345000.0,345000.0,3.48,,"3 To Less Than 4 Acre Lot, Cul-De-Sac Lot, Irregular Lot",RES,,Unimproved Agri/Recreatn/Moblhome,True,"Paved Road, Private Road",151588.8,Single-family,False,3–4 ac,345000.0,2.2758937335739846,False,True,False,True,False,False,False,False
Sold,T20050883,6100,2308 SW Austin Lane,,,345000.0,345000.0,3.479,,"Cul-De-Sac Lot, Irregular Lot",RES,,Single,True,Private Road,151545.24,Single-family,False,3–4 ac,345000.0,2.2765479140090448,False,True,False,True,False,False,False,False
Sold,R11166188,6080,521 SW Halpatiokee Street,Halpatiokee Park,HALPATIOKEE PARK,340000.0,340000.0,0.33,,"1/4 To Less Than 1/2 Acre Lot, Less Than 1 Acre",Single Family,,Unimproved Agri/Recreatn/Moblhome,False,Paved Road,14374.800000000001,,False,0.25–0.5 ac,340000.0,23.652502991345965,False,False,False,False,False,False,False,False
Sold,F10529782,,3328 NW 9th Court,Buena Vista Park,BUENA VISTA PARK,310000.0,310000.0,0.129,5640.0,Less Than 1/4 Acre Lot,5700,Zoned Duplex,Unimproved Agri/Recreatn/Moblhome,False,"City/County Maintained, Public Road",5640.0,Duplex,False,< 0.25 ac,310000.0,54.9645390070922,False,False,False,False,False,False,False,False
Sold,B26022118,5540,17147 71st Lane,Acreage Unrec,ACREAGE & UNREC,315000.0,315000.0,1.3,,"1 To Less Than 2 Acre Lot, Interior Lot",AR,,Unimproved Agri/Recreatn/Moblhome,True,"City/County Maintained, Gravel/Lime Rock Road",56628.0,Acreage / rural,False,1–2 ac,315000.0,5.562619198982835,False,False,True,False,False,False,False,False
Sold,F10549370,5540,14195 72nd Court,Acreage,ACREAGE,330000.0,330000.0,2.77,120661.0,2 To Less Than 3 Acre Lot,AR,Zoned Residential,Unimproved Agri/Recreatn/Moblhome,True,Public Road,120661.0,Single-family,False,2–3 ac,330000.0,2.734935066011387,False,False,False,False,False,False,False,False
Sold,R11073990,5540,13217 62,West Palm Beach,WEST PALM BEACH,320000.0,320000.0,2.66,,"1/2 To Less Than 3/4 Acre Lot, 1 To Less Than 2 Acre Lot, 1/4 To Less Than 1/2 Acre Lot, 2 To Less Than 3 Acre Lot",AR,,Unimproved Agri/Recreatn/Moblhome,True,"Gravel/Lime Rock Road, Public Road",115869.6,Acreage / rural,False,0.25–0.5 ac,320000.0,2.761725249763527,False,False,False,False,False,False,False,False
Sold,R11150288,7190,0 Macquillen Road,St Lucie Gardens Subdivis,ST LUCIE GARDENS SUBDIVIS,352000.0,352000.0,,,,AR-1Co,,Single,False,Gravel/Lime Rock Road,,Acreage / rural,False,,352000.0,,False,False,False,False,False,False,False,False
Sold,A11746862,31,89 NE 70th St,Dupont Addn,DUPONT ADDN,330000.0,330000.0,0.2201,9630.0,,¤5700,Zoned Duplex,Residential,False,Paved Road,9630.0,Duplex,False,< 0.25 ac,330000.0,34.26791277258567,False,False,False,False,False,False,False,False
Sold,T20050663,6030,3840 NE Cheri Drive,,,345000.0,345000.0,0.538,,,,,Single,False,,23435.280000000002,,False,0.5–0.75 ac,345000.0,14.72139441047856,False,False,False,False,False,False,False,False
Sold,T20052832,7500,386 NW Boundary Drive,,,300000.0,300000.0,0.068,,,,,,True,,2962.0800000000004,,False,< 0.25 ac,300000.0,101.28018149408523,False,False,False,False,False,False,False,False
Sold,R11131056,6100,1376 SW Squire Johns Lane,Cobblestone,COBBLESTONE,335000.0,335000.0,0.5145,,1/2 To Less Than 3/4 Acre Lot,res,,Unimproved Agri/Recreatn/Moblhome,False,"Paved Road, Private Road",22411.62,Single-family,False,0.5–0.75 ac,335000.0,14.947603073762629,False,False,False,False,False,False,False,False
Sold,B26015188,6372 Brevard County (W of Indian River),00 County Road 507,Fellsmere Farms,FELLSMERE FARMS,315000.0,315000.0,9.25,,5 To Less Than 10 Acre Lot,Residential,,,False,Other Road,402930.0,Single-family,False,5–10 ac,315000.0,0.7817735090462363,False,False,False,False,False,False,False,False
Sold,A11904576,21,14141 NW 14th Dr,Mitchell Lake Peninsula,MITCHELL LAKE PENINSULA,330000.0,330000.0,1.427,62175.0,,¤0100,Zoned Residential,Residential,True,,62175.0,Single-family,False,1–2 ac,330000.0,5.307599517490953,False,False,False,False,False,False,False,False
Sold,A11948814,22,17211 Biscayne Blvd # 051,Maule Fed Hwy Industrial,MAULE FED HWY INDUSTRIAL,320000.0,320000.0,0.0,360406.0,Less Than 1/4 Acre Lot,¤9300,Boat Dock or Dockominium,Dockominium,True,Other Road,360406.0,Dock,True,< 0.25 ac,320000.0,0.8878875490419138,False,False,False,False,False,False,False,False
Sold,A11990475,3480,2415 SW 18th Ct,Amen,AMEN SUB OF 17-,315000.0,315000.0,0.24,10494.0,,¤RS-8,Zoned Residential,Residential,False,,10494.0,Single-family,False,< 0.25 ac,315000.0,30.01715265866209,False,False,False,False,False,False,False,False
Sold,A11916918,31,3118 NW 22nd Ct,Glenhaven,GLENHAVEN,300000.0,300000.0,0.123,5400.0,,¤5700,Zoned Duplex,Residential,False,,5400.0,Duplex,False,< 0.25 ac,300000.0,55.55555555555556,False,False,False,False,False,False,False,False
Sold,R11159870,5420,1103 N Rosemary Avenue,Rosemary Addition,ROSEMARY ADDITION,255000.0,255000.0,0.14,,"Less Than 1/4 Acre Lot, Corner Lot",NWD-2(,,Unimproved Agri/Recreatn/Moblhome,False,"City/County Maintained, Paved Road, Public Road",6098.400000000001,,False,< 0.25 ac,255000.0,41.8142463597009,True,False,False,False,False,False,False,False
Sold,F10548604,5590,16594 Hamlin Blvd,Acreage,THE ACREAGE,305000.0,305000.0,1.1816,51470.0,,,Zoned Residential,Residential,False,,51470.0,Single-family,False,1–2 ac,305000.0,5.925782008937245,False,False,False,False,False,False,False,False
Sold,F10519211,5940 Florida Other,54452 Wildlife Way,Not In Subdivision,NOT IN A SUBDIVISION,300000.0,300000.0,30.0,,,,Zoned Residential,Other,False,,1306800.0,Single-family,False,10+ ac,300000.0,0.2295684113865932,False,False,False,False,False,False,False,False
Sold,A11885961,31,1284 NW 58th Ter,Orchard Villa Extension,ORCHARD VILLA EXTENSION,250000.0,250000.0,0.12,5300.0,,¤3901,Zoned Multifamily,Other,False,,5300.0,Multifamily,False,< 0.25 ac,250000.0,47.16981132075472,False,False,False,False,False,False,False,False
Sold,A11922327,98 Florida Keys,325 Calusa St Lot 508,Calusa Campground,CALUSA CAMPGROUND,285000.0,285000.0,0.0,1872.0,Less Than 1/4 Acre Lot,,Zoned Residential,Residential,False,,1872.0,Single-family,False,< 0.25 ac,285000.0,152.24358974358975,False,False,False,False,False,False,False,False
Sold,R11169770,5460,2620 Donald Road,Military Hill,MILITARY HILL,300000.0,300000.0,0.3221,,"1/4 To Less Than 1/2 Acre Lot, Corner Lot",RM,,Unimproved Agri/Recreatn/Moblhome,False,"City/County Maintained, Paved Road",14030.676,Multifamily,False,0.25–0.5 ac,300000.0,21.38172102327785,True,False,False,False,False,False,False,False
Sold,R11154420,5540,12548 Temple Boulevard,Acreage,THE ACREAGE,305000.0,305000.0,1.42,,,AR,,Single,False,Paved Road,61855.2,Acreage / rural,False,1–2 ac,305000.0,4.930870807951474,False,False,False,False,False,False,False,False
Sold,T20054407,7500,372 NW Foursome Lane,,,275000.0,275000.0,0.0839,,,,,,False,,3654.684,,False,< 0.25 ac,275000.0,75.2459036130073,False,False,False,False,False,False,False,False
Sold,A11882768,78,32020 SW 202 Ave,Redland,REDLAND,275000.0,275000.0,0.87,37853.0,,¤2100,Zoned Residential,Residential,False,,37853.0,Single-family,False,0.75–1 ac,275000.0,7.26494597521993,False,False,False,False,False,False,False,False
Sold,R11164872,5020,12954 SE Papaya Street,Papaya Village,PAPAYA VILLAGE,230000.0,230000.0,0.52,,"1/2 To Less Than 3/4 Acre Lot, West Of US 1",0000,,Unimproved Agri/Recreatn/Moblhome,False,"County Road, City/County Maintained, Paved Road, Public Road",22651.2,,False,0.5–0.75 ac,230000.0,10.1539874267147,False,False,False,False,False,False,False,True
Sold,R11150665,5540,17725 Tangerine Boulevard,Ft,35-42-40~ W 237.49 FT OF E,300000.0,300000.0,1.33,,1 To Less Than 2 Acre Lot,AR,,,False,City/County Maintained,57934.8,Acreage / rural,False,1–2 ac,300000.0,5.178234843306614,False,False,False,False,False,False,False,False
Sold,R11088735,5590,Lot 69 77 Lane,Acreage,ACREAGE,250000.0,250000.0,1.3,,,AR,,Single,False,County Road,56628.0,Acreage / rural,False,1–2 ac,250000.0,4.41477714204987,False,False,False,False,False,False,False,False
Sold,R11088740,5590,Lot 100 77th Lane,Acreage,ACREAGE,250000.0,250000.0,1.49,,,RS/AR,,Single,False,County Road,64904.4,Single-family,False,1–2 ac,250000.0,3.85181898299653,False,False,False,False,False,False,False,False
Sold,B26006680,5940 Florida Other,170 Angus Road,Sunset Acres Unrec,SUNSET ACRES UNREC,269000.0,269000.0,20.0,,10 Or More Acre Lot,AU,,,False,,871200.0,Acreage / rural,False,10+ ac,269000.0,0.3087695133149679,False,False,False,False,False,False,False,False
Sold,A11930219,5940 Florida Other,2700 powerline road,Basket Lake Groves,BASKET LAKE GROVES SEC 07,300000.0,300000.0,9.59,,,AU,Zoned Residential,Residential,False,,417740.39999999997,Single-family,False,5–10 ac,300000.0,0.7181493578308443,False,False,False,False,False,False,False,False
Sold,R11134705,7710,0 S Indian River S Drive,Walton Hills,WALTON HILLS,200000.0,200000.0,1.7,,1 To Less Than 2 Acre Lot,none/ single,,Unimproved Agri/Recreatn/Moblhome,False,"County Road, City/County Maintained, Paved Road, Public Road",74052.0,,False,1–2 ac,200000.0,2.700804839842273,False,False,False,False,False,False,False,False
Sold,R11094924,5540,16773 78th Road,Acreage,THE ACREAGE,299000.0,299000.0,1.6,,1 To Less Than 2 Acre Lot,AR,,Unimproved Agri/Recreatn/Moblhome,True,Paved Road,69696.0,Acreage / rural,False,1–2 ac,299000.0,4.29005968778696,False,False,False,False,False,False,False,False
Sold,R11137879,5940 Florida Other,1701 Cabbage Wood Road,Cabbage Woods Ranches,CABBAGE WOODS RANCHES,235000.0,235000.0,20.5,,10 Or More Acre Lot,RES,,Unimproved Agri/Recreatn/Moblhome,False,,892980.0,Single-family,False,10+ ac,235000.0,0.26316378866268003,False,False,False,False,False,False,False,False
Sold,R11160688,7300,Tbd Dusk Way,Tropical Acres,TROPICAL ACRES,318000.0,318000.0,3.68,,Interior Lot,AG-2.5,,Single,False,"City/County Maintained, Paved Road",160300.80000000002,Acreage / rural,False,3–4 ac,318000.0,1.9837705114384954,False,False,True,False,False,False,False,False
Sold,B26025674,5430,1048 Van Deventer Street,Vedado Park,VEDADO PARK,330000.0,330000.0,0.1217,,"Less Than 1/4 Acre Lot, Corner Lot, Less Than 1 Acre",SF7-C4,,Unimproved Agri/Recreatn/Moblhome,False,Paved Road,5301.252,Single-family,False,< 0.25 ac,330000.0,62.249445979930776,True,False,False,False,False,False,False,False
Sold,A11962832,22,16330 NE 5th Ave,Fulford Highlands,FULFORD HIGHLANDS,295000.0,295000.0,0.21,9344.0,,¤0100,Zoned Residential,Residential,False,,9344.0,Single-family,False,< 0.25 ac,295000.0,31.571061643835616,False,False,False,False,False,False,False,False
Sold,R11165841,6060,5504 SE Horseshoe Point Road,Rocky Point,ROCKY POINT,250000.0,250000.0,,,1/2 To Less Than 3/4 Acre Lot,residential,,Unimproved Agri/Recreatn/Moblhome,False,"Paved Road, Public Road",,Single-family,False,0.5–0.75 ac,250000.0,,False,False,False,False,False,False,False,False
Sold,R11165839,6060,5504 SE Horseshoe Point Road,Rocky Point,ROCKY POINT,300000.0,300000.0,,,1/2 To Less Than 3/4 Acre Lot,residential,,Unimproved Agri/Recreatn/Moblhome,False,Public Road,,Single-family,False,0.5–0.75 ac,300000.0,,False,False,False,False,False,False,False,False
Sold,T20051615,7015,10701 S Ocean Drive Unit#813,,,270000.0,270000.0,0.0555,,Zero Lot Line Lot,,,Mobile,True,"Paved Road, Private Road",2417.58,,False,< 0.25 ac,270000.0,111.68192986374805,False,False,False,False,False,False,False,False
Sold,A11960199,31,1060 NW 44th St,Durham Village,DURHAM VILLAGE,220000.0,220000.0,0.1556,6780.0,,¤0100,Zoned Residential,Residential,False,,6780.0,Single-family,False,< 0.25 ac,220000.0,32.448377581120944,False,False,False,False,False,False,False,False
Sold,R11160018,5540,5363 Royal Palm Beach Boulevard,Acreage,ACREAGE,275000.0,275000.0,1.25,,1 To Less Than 2 Acre Lot,AR/RESIDENTIAL,,,False,"County Road, Paved Road",54450.0,Acreage / rural,False,1–2 ac,275000.0,5.05050505050505,False,False,False,False,False,False,False,False
Sold,R11166692,5540,18354 50th Street,Loxahatchee,LOXAHATCHEE,300000.0,300000.0,1.66,,1 To Less Than 2 Acre Lot,AR,,Unimproved Agri/Recreatn/Moblhome,False,,72309.59999999999,Acreage / rural,False,1–2 ac,300000.0,4.148826711805902,False,False,False,False,False,False,False,False
Sold,R11154557,5540,17280 91 Street,Acreage,THE ACREAGE,282000.0,282000.0,1.25,,"Interior Lot, West Of US 1",rs,,Single,False,"City/County Maintained, Public Road",54450.0,Single-family,False,1–2 ac,282000.0,5.179063360881543,False,False,True,False,False,False,False,True
Sold,T20052814,7500,444 NW Sandtrap Lane,,,260000.0,260000.0,0.0637,,,,,,True,,2774.7720000000004,,False,< 0.25 ac,260000.0,93.70139240269108,False,False,False,False,False,False,False,False
Sold,B26002696,5540,68 68th Street,,,285000.0,285000.0,1.56,,1 To Less Than 2 Acre Lot,AR,,,False,,67953.6,Acreage / rural,False,1–2 ac,285000.0,4.194038284947376,False,False,False,False,False,False,False,False
Sold,R11140219,6030,1405 NE Indian River Drive,Outrigger Harbour Yacht Cl,OUTRIGGER HARBOUR YACHT CL,220000.0,220000.0,0.0215,,Less Than 1/4 Acre Lot,YachtClub Co-Op,,,True,Paved Road,936.54,,False,< 0.25 ac,220000.0,234.90721165139772,False,False,False,False,False,False,False,False
Sold,F10552255,3040,524 SW 5 Avenue,Hoppers Garden Tracts,HOPPERS GARDEN TRACTS,257500.0,257500.0,0.23,9988.0,,,Zoned Residential,Unimproved Agri/Recreatn/Moblhome,False,,9988.0,Single-family,False,< 0.25 ac,257500.0,25.78093712454946,False,False,False,False,False,False,False,False
Sold,A11803890,5540,17354 75th Pl N,Acreage,THE ACREAGE,280000.0,280000.0,1.15,50094.0,,¤AR,Zoned Residential,Residential,False,Public Road,50094.0,Single-family,False,1–2 ac,280000.0,5.589491755499661,False,False,False,False,False,False,False,False
Sold,F10550092,6240 NW Okeechobee County,TBD Tbd 240th Street,,,235000.0,235000.0,20.0,871200.0,10 Or More Acre Lot,,Zoned Residential,Unimproved Agri/Recreatn/Moblhome,False,,871200.0,Single-family,False,10+ ac,235000.0,0.269742883379247,False,False,False,False,False,False,False,False
Sold,R11102198,6353 Fellsmere,0 91st Street,Fellsmere Farms Co,FELLSMERE FARMS CO S/D OF,250000.0,250000.0,10.0,,"10 Or More Acre Lot, West Of US 1",A-2,,,False,,435600.0,Acreage / rural,False,10+ ac,250000.0,0.573921028466483,False,False,False,False,False,False,False,True
Sold,R11120114,6331 Indian River – Central County,16784 84th Court,,,279900.0,279900.0,1.3062,,1 To Less Than 2 Acre Lot,AR,,,False,City/County Maintained,56898.072,Acreage / rural,False,1–2 ac,279900.0,4.919323101141283,False,False,False,False,False,False,False,False
Sold,A11947747,5940 Florida Other,417 NW 38th Ave,Cape Coral,CAPE CORAL,250000.0,250000.0,0.24,10625.0,,,Zoned Residential,Residential,True,,10625.0,Single-family,False,< 0.25 ac,250000.0,23.529411764705884,False,False,False,False,False,False,False,False
Sold,T20054185,7500,451 NW Sandtrap Lane,,,250000.0,250000.0,0.0885,,,,,,False,,3855.06,,False,< 0.25 ac,250000.0,64.84983372502633,False,False,False,False,False,False,False,False
Sold,T20049584,7500,198 NW Hazard Way,,,230000.0,230000.0,0.0833,,,,,,False,,3628.548,,False,< 0.25 ac,230000.0,63.38623603711457,False,False,False,False,False,False,False,False
Sold,R11153117,5590,16390 78th Road,Ft,25-42-40~ E 204.6 FT OF W,265000.0,265000.0,1.15,,1 To Less Than 2 Acre Lot,AR,,,False,City/County Maintained,50093.99999999999,Acreage / rural,False,1–2 ac,265000.0,5.290054697169323,False,False,False,False,False,False,False,False
Sold,A11984675,40,231 NW 62nd Ave,West Flagler Pk,WEST FLAGLER PK SEC B,280000.0,280000.0,0.112,4880.0,,¤0100,Zoned Residential,Residential,False,,4880.0,Single-family,False,< 0.25 ac,280000.0,57.377049180327866,False,False,False,False,False,False,False,False
Sold,A11974091,98 Florida Keys,245 Cuba Rd,Harris Ocean Park Estates,HARRIS OCEAN PARK ESTATES,225000.0,225000.0,0.117,5100.0,,¤URM,Zoned Residential,Residential,False,,5100.0,Single-family,False,< 0.25 ac,225000.0,44.11764705882353,False,False,False,False,False,False,False,False
Sold,R11066620,4460,101 NW 10th Avenue,West Side Heights Delray,WEST SIDE HEIGHTS DELRAY,162500.0,162500.0,0.1992,,Less Than 1/4 Acre Lot,R-1-A(,,Unimproved Agri/Recreatn/Moblhome,False,"City/County Maintained, Paved Road, Public Road",8677.152,Single-family,False,< 0.25 ac,162500.0,18.727342796346083,False,False,False,False,False,False,False,False
Sold,R11117754,5080,348 S Us Highway 1,Jupiter Yacht Club Marina,JUPITER YACHT CLUB MARINA,260000.0,260000.0,1.0,,1 To Less Than 2 Acre Lot,US-1/I,,,True,"Paved Road, Public Road",43560.0,,False,1–2 ac,260000.0,5.968778696051423,False,False,False,False,False,False,False,False
Sold,R11131391,5220,0 Oak Harbour Drive,Oak Harbour Marina,OAK HARBOUR MARINA,275000.0,275000.0,,,West Of US 1,PUD/RM,,,True,"Paved Road, Private Road",,,False,,275000.0,,False,False,False,False,False,False,False,True
Sold,R11127245,5540,Lot 122nd Drive,Acreage Unrec,ACREAGE & UNREC,260000.0,260000.0,1.25,,1 To Less Than 2 Acre Lot,Ar,,,False,"City/County Maintained, Public Road",54450.0,Acreage / rural,False,1–2 ac,260000.0,4.775022956841139,False,False,False,False,False,False,False,False
Sold,B26007722,5940 Florida Other,1002 Bankers Road,Great Oaks Estates Unrec,GREAT OAKS ESTATES UNREC,235000.0,235000.0,10.0,,10 Or More Acre Lot,AU,,,False,"City/County Maintained, Paved Road",435600.0,Acreage / rural,False,10+ ac,235000.0,0.539485766758494,False,False,False,False,False,False,False,False
Sold,R11096070,5590,17395 94 Street,Loxahatchee,LOXAHATCHEE,270900.0,270900.0,1.67,,"1 To Less Than 2 Acre Lot, West Of US 1",res/ag,,Unimproved Agri/Recreatn/Moblhome,True,City/County Maintained,72745.2,Single-family,False,1–2 ac,270900.0,3.7239570445885093,False,False,False,False,False,False,False,True
Sold,A11921175,78,Undetermined 213th Avenue,,,274000.0,274000.0,1.2,52272.0,,¤9000,Zoned Residential,Residential,False,,52272.0,Single-family,False,1–2 ac,274000.0,5.241812059993878,False,False,False,False,False,False,False,False
Sold,A11940445,21,1119 NW 105th Ter,North Silver Crest Addpb,NORTH SILVER CREST ADDPB,225000.0,225000.0,0.1194,5200.0,,¤5700,Zoned Residential,Residential,False,,5200.0,Single-family,False,< 0.25 ac,225000.0,43.26923076923077,False,False,False,False,False,False,False,False
Sold,B26023134,5540,83 Rd Lane,Acreage,THE ACREAGE,265000.0,265000.0,1.15,,1 To Less Than 2 Acre Lot,AR,,Unimproved Agri/Recreatn/Moblhome,False,,50093.99999999999,Acreage / rural,False,1–2 ac,265000.0,5.290054697169323,False,False,False,False,False,False,False,False
Sold,F10515113,5940 Florida Other,96744 Soap Creek Drive,Oyster Bay,OYSTER BAY,240000.0,240000.0,0.2456,,,,Zoned Residential,Unimproved Agri/Recreatn/Moblhome,True,,10698.336000000001,Single-family,False,< 0.25 ac,240000.0,22.43339524950422,False,False,False,False,False,False,False,False
Sold,A11709319,12,"3575 Mystic Pointe Dr, Slip 37",Mystic Pointe Marina Cond,MYSTIC POINTE MARINA COND,260000.0,260000.0,0.0,,Less Than 1/4 Acre Lot,¤5000,Boat Dock or Dockominium,Dockominium,True,City/County Maintained,,Dock,True,< 0.25 ac,260000.0,,False,False,False,False,False,False,False,False
Sold,A11968902,12,3575 Mystic Pointe Dr,Mystic Pointe Marina Cond,MYSTIC POINTE MARINA COND,255000.0,255000.0,875.0,,Less Than 1/4 Acre Lot,¤5000,Boat Dock or Dockominium,Dockominium,False,Legal Access Road,875.0,Dock,True,< 0.25 ac,255000.0,291.42857142857144,False,False,False,False,False,False,False,False
Sold,A11980226,31,8137 NW 6th Ave,Little River Highlands,LITTLE RIVER HIGHLANDS,250000.0,250000.0,0.158,6900.0,,¤5700,Zoned Duplex,Other,False,,6900.0,Duplex,False,< 0.25 ac,250000.0,36.231884057971016,False,False,False,False,False,False,False,False
Sold,A11956817,3680,4861 Peters Rd,Happy Dale,HAPPY DALE,208000.0,208000.0,0.177,7710.0,,¤RS-4K,Zoned Residential,Residential,False,,7710.0,Single-family,False,< 0.25 ac,208000.0,26.977950713359274,False,False,False,False,False,False,False,False
Sold,B26028127,5540,42 Nd Road,Acreage,THE ACREAGE,255000.0,255000.0,1.15,,1 To Less Than 2 Acre Lot,AR,,Unimproved Agri/Recreatn/Moblhome,True,Other Road,50093.99999999999,Acreage / rural,False,1–2 ac,255000.0,5.090429991615763,False,False,False,False,False,False,False,False
Sold,B26000865,5540,00000 86th Road,Loxahatchee,LOXAHATCHEE,255000.0,255000.0,1.31,,1 To Less Than 2 Acre Lot,AR—AGRICULTURAL,,,False,,57063.600000000006,Acreage / rural,False,1–2 ac,255000.0,4.4686980842428445,False,False,False,False,False,False,False,False
Sold,R11147125,5540,Xxx 49th Street,Acreage,THE ACREAGE,250000.0,250000.0,1.36,,,RES,,Single,False,Paved Road,59241.600000000006,Single-family,False,1–2 ac,250000.0,4.220007562253551,False,False,False,False,False,False,False,False
Sold,R11119030,5590,Xxxx 90th Street,Acreage,THE ACREAGE,240000.0,240000.0,,,,AR,,Single,False,,,Acreage / rural,False,,240000.0,,False,False,False,False,False,False,False,False
Sold,A11845610,22,"3575 Mystic Pointe Dr, slip 69",Mystic Pointe Marina Cond,MYSTIC POINTE MARINA COND,239000.0,239000.0,0.0,,Less Than 1/4 Acre Lot,¤5000,Boat Dock or Dockominium,Dockominium,True,"Legal Access Road, Public Road",,Dock,True,< 0.25 ac,239000.0,,False,False,False,False,False,False,False,False
Sold,A11903916,79,14441 SW 296th St,Mary Homes,MARY HOMES SUB SEC C,217000.0,217000.0,0.24,10200.0,,¤0100,Zoned Residential,Residential,False,,10200.0,Single-family,False,< 0.25 ac,217000.0,21.274509803921568,False,False,False,False,False,False,False,False
Sold,R11150211,5540,0 73rd Street,Acreage,THE ACREAGE,250000.0,250000.0,1.29,,,AR,,Single,True,Public Road,56192.4,Acreage / rural,False,1–2 ac,250000.0,4.449000220670411,False,False,False,False,False,False,False,False
Sold,R11104674,6080,Lot 15 SW Halpatiokee Street,Halpatiokee Park,HALPATIOKEE PARK,225000.0,225000.0,0.17,,Less Than 1/4 Acre Lot,Vacant Resident,,Unimproved Agri/Recreatn/Moblhome,False,Public Road,7405.200000000001,,False,< 0.25 ac,225000.0,30.38405444822557,False,False,False,False,False,False,False,False
Sold,A11740841,78,0 TBD,Tbd,TBD,210000.0,210000.0,1.88,81893.0,,¤8900,Zoned Residential,Residential,True,,81893.0,Single-family,False,1–2 ac,210000.0,2.56432173690059,False,False,False,False,False,False,False,False
Sold,T20053017,7500,397 NW Chipshot Lane,,,249000.0,249000.0,0.093,,,,,,False,,4051.08,,False,< 0.25 ac,249000.0,61.46509079060399,False,False,False,False,False,False,False,False
Sold,A11985642,31,1815 NW 92nd St,Airline Estates,AIRLINE ESTATES,250000.0,250000.0,0.18,7875.0,,¤5700,Zoned Duplex,Residential,False,,7875.0,Duplex,False,< 0.25 ac,250000.0,31.746031746031747,False,False,False,False,False,False,False,False
Sold,A11969954,31,1762 NW 44th St,Th Ave Manor Nd Addn,17TH AVE MANOR 2ND ADDN,187000.0,187000.0,0.113,4928.0,,¤5700,Zoned Duplex,Residential,False,,4928.0,Duplex,False,< 0.25 ac,187000.0,37.94642857142857,False,False,False,False,False,False,False,False
Sold,R11165987,3300,17605 NW 19th Avenue,Sunny Isles Inland,SUNNY ISLES INLAND,250000.0,250000.0,0.1759,,Less Than 1/4 Acre Lot,0100,,Unimproved Agri/Recreatn/Moblhome,False,City/County Maintained,7662.204,,False,< 0.25 ac,250000.0,32.62768780366589,False,False,False,False,False,False,False,False
Sold,F10542184,5540,11200 41st Ct,Acreage Unrec,ACREAGE & UNREC,245000.0,245000.0,0.0,57499.0,,AR,Zoned Residential,Residential,False,Public Road,57499.0,Single-family,False,1–2 ac,245000.0,4.260943668585541,False,False,False,False,False,False,False,False
Sold,B26010191,6070,5279 SE Isabelita Avenue,Port Salerno,PORT SALERNO,210000.0,210000.0,0.327,,"1/4 To Less Than 1/2 Acre Lot, East Of US 1, Less Than 1 Acre",RES,,Unimproved Agri/Recreatn/Moblhome,False,"City/County Maintained, Paved Road",14244.12,Single-family,False,0.25–0.5 ac,210000.0,14.742925501891305,False,False,False,False,False,False,True,False
Sold,R11121925,6070,5117 SE Isabelita Avenue,Port Salerno,PORT SALERNO,220000.0,220000.0,,,Less Than 1/4 Acre Lot,RES,,Single,False,City/County Maintained,,Single-family,False,< 0.25 ac,220000.0,,False,False,False,False,False,False,False,False
Sold,T20055265,7180,106 SE Via Lago Garda,,,240000.0,240000.0,0.347,,,,,Single,True,,15115.32,,False,0.25–0.5 ac,240000.0,15.87793047054247,False,False,False,False,False,False,False,False
Sold,T20054442,7500,222 NW Chipshot Lane,,,240000.0,240000.0,0.0611,,,,,,False,,2661.516,,False,< 0.25 ac,240000.0,90.17417141208243,False,False,False,False,False,False,False,False
Sold,A11973800,69,264XX SW 137 ST,Sunny Haven,SUNNY HAVEN,225000.0,225000.0,0.24,,Less Than 1/4 Acre Lot,¤3050,Zoned Residential,Residential,False,,10454.4,Single-family,False,< 0.25 ac,225000.0,21.522038567493112,False,False,False,False,False,False,False,False
Sold,A11973793,69,26410 SW 137 ST,Sunny Haven,SUNNY HAVEN,225000.0,225000.0,0.23,,Less Than 1/4 Acre Lot,¤3050,Zoned Residential,Residential,False,,10018.800000000001,Single-family,False,< 0.25 ac,225000.0,22.45777937477542,False,False,False,False,False,False,False,False
Sold,R11123031,5610,523 S M 1 Street Unit#1,Lake Worth Town,LAKE WORTH TOWN OF,230000.0,230000.0,,,,SF-R(c,,Single,False,City/County Maintained,,Single-family,False,,230000.0,,False,False,False,False,False,False,False,False
Sold,T20053169,7015,3442 NE Causeway Boulevard,,,200000.0,200000.0,1.96,,,,,Dockominium,True,,85377.59999999999,,True,1–2 ac,200000.0,2.342534810067278,False,False,False,False,False,False,False,False
Sold,B26034854,5940 Florida Other,1815 Douglas Avenue,Dunedin Isles,DUNEDIN ISLES NO. 1,215000.0,215000.0,0.19,,"Less Than 1/4 Acre Lot, Less Than 1 Acre",RES,,Unimproved Agri/Recreatn/Moblhome,False,"City/County Maintained, Private Road",8276.4,Single-family,False,< 0.25 ac,215000.0,25.977478130588178,False,False,False,False,False,False,False,False
Sold,R11051530,5940 Florida Other,6810 Front Street,Safe Harbour Marina,SAFE HARBOUR MARINA,230000.0,230000.0,2.39,,,MI,,,True,"Paved Road, Private Road",104108.40000000001,,False,2–3 ac,230000.0,2.209235758113658,False,False,False,False,False,False,False,False
Sold,T20052189,7500,435 NW Boundary Drive,,,225000.0,225000.0,0.0729,,,,,,False,,3175.5240000000003,,False,< 0.25 ac,225000.0,70.85444795882506,False,False,False,False,False,False,False,False
Sold,R11151536,5540,0000 N 49th Street,Ft,10-43-40~ N 237.9 FT OF S,235000.0,235000.0,1.15,,,AR,,Single,False,Paved Road,50093.99999999999,Acreage / rural,False,1–2 ac,235000.0,4.691180580508645,False,False,False,False,False,False,False,False
Sold,F10529077,5940 Florida Other,0 Libby Road,Babson Park,BABSON PARK,245000.0,245000.0,7.81,340203.0,5 To Less Than 10 Acre Lot,A/RRX rural x,Zoned Residential,Unimproved Agri/Recreatn/Moblhome,False,,340203.0,Single-family,False,5–10 ac,245000.0,0.7201582584515716,False,False,False,False,False,False,False,False
Sold,A11632006,3560,2136 NW 7th St,Washington Park,WASHINGTON PARK,240000.0,240000.0,0.21,9360.0,,¤RMM-25,Zoned Multifamily,Residential,False,,9360.0,Multifamily,False,< 0.25 ac,240000.0,25.641025641025642,False,False,False,False,False,False,False,False
Sold,T20054180,7500,254 NW Hazard Way,,,205000.0,205000.0,0.0589,,,,,,True,,2565.684,,False,< 0.25 ac,205000.0,79.90072043166656,False,False,False,False,False,False,False,False
Sold,A11964762,5940 Florida Other,41301 Little Farm Rd,Punta Gorda,PUNTA GORDA,237500.0,237500.0,2.5,,,,Zoned Residential,Residential,False,,108900.0,Single-family,False,2–3 ac,237500.0,2.1808999081726355,False,False,False,False,False,False,False,False
Sold,A11905767,5940 Florida Other,416 NW 38 pl,Cape Coral,CAPE CORAL,205000.0,205000.0,0.23,,,,Zoned Residential,Residential,True,,10018.800000000001,Single-family,False,< 0.25 ac,205000.0,20.461532319239826,False,False,False,False,False,False,False,False
Sold,A12012955,69,22365 SW 119th Ave,Marcia Jane,MARCIA-JANE SUB,232500.0,232500.0,0.197,8600.0,,¤5700,Zoned Duplex,Residential,False,,8600.0,Duplex,False,< 0.25 ac,232500.0,27.03488372093023,False,False,False,False,False,False,False,False
Sold,F10543665,5500,6275 Bishoff Road,Palm Beach Farms,PALM BEACH FARMS,212500.0,212500.0,0.273,,Less Than 1/4 Acre Lot,AR,Zoned Residential,Unimproved Agri/Recreatn/Moblhome,False,,11891.880000000001,Single-family,False,< 0.25 ac,212500.0,17.86933605115423,False,False,False,False,False,False,False,False
Sold,A11947220,31,1735 NW 57th St,Floral Pk St,FLORAL PK 1ST AMD,220000.0,220000.0,0.12,5250.0,,¤0104,Zoned Duplex,Other,False,,5250.0,Duplex,False,< 0.25 ac,220000.0,41.904761904761905,False,False,False,False,False,False,False,False
Sold,A11594183,3040,405 SW 4th Ter,Hallandale Garden Park,HALLANDALE GARDEN PARK,185000.0,185000.0,0.1388,6044.0,,,Zoned Residential,Other,False,,6044.0,Single-family,False,< 0.25 ac,185000.0,30.608868299139644,False,False,False,False,False,False,False,False
Sold,T20054593,6100,7506 SW 39th Street,,,229900.0,229900.0,0.9579,,,Mobile H,,Mobile,False,Paved Road,41726.123999999996,,False,0.75–1 ac,229900.0,5.509737736483744,False,False,False,False,False,False,False,False
Sold,A11944677,98 Florida Keys,138 S Bahama Dr,Center Isles,CENTER ISLAND,206000.0,206000.0,0.19,8245.0,Less Than 1/4 Acre Lot,¤IS-M,Zoned Residential,Residential,False,Paved Road,8245.0,Single-family,False,< 0.25 ac,206000.0,24.98483929654336,False,False,False,False,False,False,False,False
Sold,R11140033,5790,4802 Bonanza Road,Tropical Country Estates,TROPICAL COUNTRY ESTATES,210000.0,210000.0,0.2301,,Less Than 1/4 Acre Lot,AR,,Unimproved Agri/Recreatn/Moblhome,False,Paved Road,10023.156,Acreage / rural,False,< 0.25 ac,210000.0,20.95148474193158,False,False,False,False,False,False,False,False
Sold,F10545437,5940 Florida Other,890 SW Applewood Glen,,,217500.0,217500.0,10.028,,,,Zoned Residential,Other,False,,436819.68,Single-family,False,10+ ac,217500.0,0.49791712681077005,False,False,False,False,False,False,False,False
Sold,T20052711,7500,450 NW Sandtrap Lane,,,202000.0,202000.0,0.0579,,,,,,False,,2522.124,,False,< 0.25 ac,202000.0,80.09122469791335,False,False,False,False,False,False,False,False
Sold,A11896449,31,776 NW 57th St,Pine Highlands,PINE HIGHLANDS,220000.0,220000.0,5250.0,5250.0,,¤3901,Zoned Residential,Residential,False,,5250.0,Single-family,False,< 0.25 ac,220000.0,41.904761904761905,False,False,False,False,False,False,False,False
Sold,A12028413,3190,6147 SW 40th St,Sun Land Park,SUN LAND PARK,155000.0,155000.0,0.1116,5000.0,,¤RM4,Zoned Multifamily,Other,False,,5000.0,Multifamily,False,< 0.25 ac,155000.0,31.0,False,False,False,False,False,False,False,False
Sold,R11154327,7300,10645 Lighter Wood Lane,Pine Hollow Three,PINE HOLLOW UNITS THREE &,215900.0,215900.0,1.02,,"1 To Less Than 2 Acre Lot, Interior Lot, West Of US 1",AG-2.5,,Unimproved Agri/Recreatn/Moblhome,False,"Paved Road, Public Road",44431.200000000004,Acreage / rural,False,1–2 ac,215900.0,4.8591980410162225,False,False,True,False,False,False,False,True
Sold,A12030787,3260,0000 NW 11th St,Roosevelt Gardens,ROOSEVELT GARDENS,205000.0,205000.0,0.19,8560.0,,¤RD-10,Zoned Residential,Residential,False,,8560.0,Single-family,False,< 0.25 ac,205000.0,23.94859813084112,False,False,False,False,False,False,False,False
Sold,T20053836,7500,437 NW Boundary Drive,,,175000.0,175000.0,0.0835,,,,,,False,,3637.26,,False,< 0.25 ac,175000.0,48.11314011096265,False,False,False,False,False,False,False,False
Sold,T20049848,7500,274 NW Hazard Way,,,210000.0,210000.0,0.0598,,,,,,True,,2604.888,,False,< 0.25 ac,210000.0,80.61766955047588,False,False,False,False,False,False,False,False
Sold,R11153766,5940 Florida Other,1245 NW 98th Street,Okeechobee Little Farms,OKEECHOBEE LITTLE FARMS,205000.0,205000.0,,,"3 To Less Than 4 Acre Lot, 4 To Less Than 5 Acre Lot",RM,,Unimproved Agri/Recreatn/Moblhome,False,"County Road, Paved Road, Public Road",,Multifamily,False,3–4 ac,205000.0,,False,False,False,False,False,False,False,False
Sold,A11937789,7040,4950 Grovers Road,Metes And Bounds,METES AND BOUNDS,205000.0,205000.0,1.37,59677.0,1 To Less Than 2 Acre Lot,RS-4,Zoned Residential,Residential,False,,59677.0,Single-family,False,1–2 ac,205000.0,3.435159274092196,False,False,False,False,False,False,False,False
Sold,T20049163,7500,457 NW Foursome Lane,,,182500.0,182500.0,0.0579,,,,,,True,,2522.124,,False,< 0.25 ac,182500.0,72.35964607608508,False,False,False,False,False,False,False,False
Sold,R11137376,7750,121 SW Hawthorne Circle,Port St Lucie Section,PORT ST LUCIE-SECTION 37-,205000.0,205000.0,0.58,,1/2 To Less Than 3/4 Acre Lot,RES,,Unimproved Agri/Recreatn/Moblhome,True,"City/County Maintained, Public Road",25264.8,Single-family,False,0.5–0.75 ac,205000.0,8.114055919698552,False,False,False,False,False,False,False,False
Sold,A11965917,31,0 0,Stephen Manor,STEPHEN MANOR,35000.0,35000.0,0.23,5500.0,,¤5700,Zoned Residential,Residential,False,,5500.0,Single-family,False,< 0.25 ac,35000.0,6.363636363636363,False,False,False,False,False,False,False,False
Sold,T20052156,7015,10701 S Ocean Drive Unit#689,,,190000.0,190000.0,0.0475,,Zero Lot Line Lot,,,Mobile,True,"Paved Road, Private Road",2069.1,,False,< 0.25 ac,190000.0,91.82736455463728,False,False,False,False,False,False,False,False
Sold,T20053576,7180,103 SE Via Lago Garda,,,190000.0,190000.0,0.5117,,Corner Lot,,,Single,False,,22289.652000000002,,False,0.5–0.75 ac,190000.0,8.524134876578602,True,False,False,False,False,False,False,False
Sold,T20053889,7015,462 Nettles Boulevard,,,192500.0,192500.0,0.0437,,Interior Lot,,,,False,,1903.5720000000001,,False,< 0.25 ac,192500.0,101.12567320805306,False,False,True,False,False,False,False,False
Sold,A11928862,31,6320 NW 4th Ave,Gordon Dale Pk,GORDON DALE PK,160000.0,160000.0,0.13,5720.0,,¤4600,Zoned Multifamily,Other,False,,5720.0,Multifamily,False,< 0.25 ac,160000.0,27.972027972027973,False,False,False,False,False,False,False,False
Sold,T20055263,7015,642 Nettles Boulevard,,,190000.0,190000.0,0.0449,,,,,,False,,1955.844,,False,< 0.25 ac,190000.0,97.14476205668754,False,False,False,False,False,False,False,False
Sold,R11157140,6220 SE Okeechobee County,0 SE 26th Drive,Bridlewood Ranches,BRIDLEWOOD RANCHES,200000.0,200000.0,5.18,,5 To Less Than 10 Acre Lot,AG/SFR,,,False,"Paved Road, Private Road",225640.8,Acreage / rural,False,5–10 ac,200000.0,0.8863645227281591,False,False,False,False,False,False,False,False
Sold,F10534261,,118th AVE 118th Ave 227th Terrace,Goulds Estates,GOULDS ESTATES SEC 1,200000.0,200000.0,0.25,11400.0,,9000,Zoned Residential,Unimproved Agri/Recreatn/Moblhome,False,,11400.0,Single-family,False,0.25–0.5 ac,200000.0,17.54385964912281,False,False,False,False,False,False,False,False
Sold,R11143542,6140,10363 SE Marigold Circle,Medalist Village,MEDALIST VILLAGE,200000.0,200000.0,0.14,,Less Than 1/4 Acre Lot,RES,,Unimproved Agri/Recreatn/Moblhome,False,Paved Road,6098.400000000001,Single-family,False,< 0.25 ac,200000.0,32.79548734094188,False,False,False,False,False,False,False,False
Sold,R11143538,6140,10362 SE Marigold Circle,Medalist Village,MEDALIST VILLAGE,200000.0,200000.0,0.14,,Less Than 1/4 Acre Lot,res,,Unimproved Agri/Recreatn/Moblhome,False,Public Road,6098.400000000001,Single-family,False,< 0.25 ac,200000.0,32.79548734094188,False,False,False,False,False,False,False,False
Sold,B26017951,6342 Indian River – Southwest County,525 Wright Circle,Indian River Aerodro,INDIAN RIVER AERODRO,205000.0,205000.0,1.41,,"1 To Less Than 2 Acre Lot, Cul-De-Sac Lot","Mixed Use, RES",,Unimproved Agri/Recreatn/Moblhome,True,Paved Road,61419.6,,False,1–2 ac,205000.0,3.33769676129444,False,True,False,False,False,False,False,False
Sold,A11625409,22,7717 NE 1st Ave,Little River Gardens,LITTLE RIVER GARDENS,146000.0,146000.0,0.05,2272.0,Less Than 1/4 Acre Lot,¤4600,Zoned Multifamily,Residential,False,"Paved Road, Public Road",2272.0,Multifamily,False,< 0.25 ac,146000.0,64.2605633802817,False,False,False,False,False,False,False,False
Sold,A11971134,3050,2343 Douglas St,Liberia,LIBERIA,152000.0,152000.0,0.0,4204.0,,¤RS-1,Zoned Residential,Residential,False,,4204.0,Single-family,False,< 0.25 ac,152000.0,36.15604186489058,False,False,False,False,False,False,False,False
Sold,F10549654,3632,000 Lakeshore Drive,Rose Manor,ROSE MANOR,155000.0,155000.0,12356.0,,,,Zoned Residential,Unimproved Agri/Recreatn/Moblhome,True,,12356.0,Single-family,False,0.25–0.5 ac,155000.0,12.54451278730981,False,False,False,False,False,False,False,False
Sold,B26037319,6090,996 SW 34th Terrace,Palm City,PALM CITY AMENDED,190000.0,190000.0,0.172,,"Less Than 1/4 Acre Lot, Less Than 1 Acre, West Of US 1",RES,,,False,"City/County Maintained, Paved Road",7492.32,Single-family,False,< 0.25 ac,190000.0,25.359301257821343,False,False,False,False,False,False,False,True
Sold,R11130535,7220,103 SE Santa Gardenia,Tesoro,TESORO PLAT NO 6,170000.0,170000.0,0.12,,Less Than 1/4 Acre Lot,Planne,,Unimproved Agri/Recreatn/Moblhome,False,City/County Maintained,5227.2,,False,< 0.25 ac,170000.0,32.5221916131007,False,False,False,False,False,False,False,False
Sold,T20052448,7220,103 SE Santa Gardenia,,,170000.0,170000.0,0.12,,,,,Single,False,,5227.2,,False,< 0.25 ac,170000.0,32.5221916131007,False,False,False,False,False,False,False,False
Sold,A11966509,78,0 NW 9,Sunnyland Park,SUNNYLAND PARK NO 2,195000.0,195000.0,0.0,10400.0,,¤5700,Zoned Multifamily,Residential,False,,10400.0,Multifamily,False,< 0.25 ac,195000.0,18.75,False,False,False,False,False,False,False,False
Sold,F10518669,7015,305 Nettles Boulevard,Outdoor Resorts Nettle,OUTDOOR RESORTS AT NETTLE,165000.0,165000.0,0.05,2000.0,,HUTCH ISLA,Zoned Residential,Unimproved Agri/Recreatn/Moblhome,False,,2000.0,Single-family,False,< 0.25 ac,165000.0,82.5,False,False,False,False,False,False,False,False
Sold,T20051711,7015,173 Nettles Boulevard,,,135000.0,135000.0,0.0547,,,,,Single,False,,2382.732,,False,< 0.25 ac,135000.0,56.65765180473507,False,False,False,False,False,False,False,False
Sold,F10546140,3425,483 S Cortez Drive Circle,Aztec Rv Resort Land Con,"AZTEC RV RESORT, LAND CON",185000.0,185000.0,4470.6,4475.0,10 Or More Acre Lot,,Zoned Residential,Unimproved Agri/Recreatn/Moblhome,False,Paved Road,4475.0,Single-family,False,10+ ac,185000.0,41.340782122905026,False,False,False,False,False,False,False,False
Sold,A11942864,31,1700 NW N River Dr,River Run Yacht Club Cond,RIVER RUN YACHT CLUB COND,160000.0,160000.0,0.01,,Less Than 1/4 Acre Lot,¤6100,Boat Dock or Dockominium,Dockominium,True,No Road Access,435.6,Dock,True,< 0.25 ac,160000.0,367.3094582185491,False,False,False,False,False,False,False,False
Sold,F10468058,3780,4430 SW 57th Avenue,Davie Little Ranches,DAVIE LITTLE RANCHES AMD,180000.0,180000.0,0.166,7278.0,Less Than 1/4 Acre Lot,ENSZD,Zoned Residential,Unimproved Agri/Recreatn/Moblhome,False,"City/County Maintained, Paved Road",7278.0,Single-family,False,< 0.25 ac,180000.0,24.7320692497939,False,False,False,False,False,False,False,False
Sold,F10461906,3780,4200 SW 57th Avenue,Davie Little Ranches,DAVIE LITTLE RANCHES AMD,180000.0,180000.0,0.167,7284.0,Less Than 1/4 Acre Lot,ENSZD,Zoned Residential,Unimproved Agri/Recreatn/Moblhome,False,"Paved Road, Public Road",7284.0,Single-family,False,< 0.25 ac,180000.0,24.71169686985173,False,False,False,False,False,False,False,False
Sold,F10461904,3780,4210 SW 57th Avenue,Davie Little Ranches,DAVIE LITTLE RANCHES AMD,180000.0,180000.0,0.167,7283.0,Less Than 1/4 Acre Lot,ENSZD,Zoned Residential,Unimproved Agri/Recreatn/Moblhome,False,"City/County Maintained, Paved Road",7283.0,Single-family,False,< 0.25 ac,180000.0,24.715089935466153,False,False,False,False,False,False,False,False
Sold,A11847239,31,4760 NW 16 TH AVE,Miami Est,NO MIAMI EST SEC 3,150000.0,150000.0,0.12,5250.0,Less Than 1/4 Acre Lot,¤5700,Zoned Duplex,Residential,False,,5250.0,Duplex,False,< 0.25 ac,150000.0,28.571428571428573,False,False,False,False,False,False,False,False
Sold,A11930950,78,0 NW 9,Sunnyland Park,SUNNYLAND PARK NO 2,155000.0,155000.0,0.0,10400.0,,¤5700,Zoned Duplex,Residential,False,,10400.0,Duplex,False,< 0.25 ac,155000.0,14.903846153846153,False,False,False,False,False,False,False,False
Sold,A11976774,12,3575 Mystic Pointe Dr,Mystic Pointe Marina Cond,MYSTIC POINTE MARINA COND,162500.0,162500.0,0.0,,Less Than 1/4 Acre Lot,¤5000,Boat Dock or Dockominium,Dockominium,True,City/County Maintained,,Dock,True,< 0.25 ac,162500.0,,False,False,False,False,False,False,False,False
Sold,A11966070,3560,512 NW 23rd Ave,River Gardens,RIVER GARDENS,165000.0,165000.0,0.195,8499.0,,¤RMS-15,Zoned Residential,Residential,False,,8499.0,Single-family,False,< 0.25 ac,165000.0,19.41404871161313,False,False,False,False,False,False,False,False
Sold,R11154814,7370,5436 NW Briscoe Drive,Port St Lucie Section,PORT ST LUCIE SECTION 47,132000.0,132000.0,0.23,,Less Than 1/4 Acre Lot,RS-2PS,,Unimproved Agri/Recreatn/Moblhome,False,"City/County Maintained, Paved Road",10018.800000000001,Single-family,False,< 0.25 ac,132000.0,13.175230566534912,False,False,False,False,False,False,False,False
Sold,R11152070,5940 Florida Other,27965 NE 65th Terrace,Fort Drum,FORT DRUM,150000.0,150000.0,5.0,,"3 To Less Than 4 Acre Lot, 4 To Less Than 5 Acre Lot, 5 To Less Than 10 Acre Lot",AG,,Unimproved Agri/Recreatn/Moblhome,False,,217800.0,Acreage / rural,False,3–4 ac,150000.0,0.6887052341597796,False,False,False,False,False,False,False,False
Sold,A11939470,5940 Florida Other,2901 Cornerstone Way,Dennis Unrec,DENNIS S/D UNREC,152000.0,152000.0,5.0,217782.0,5 To Less Than 10 Acre Lot,,Zoned Residential,Residential,False,,217782.0,Single-family,False,5–10 ac,152000.0,0.6979456520740924,False,False,False,False,False,False,False,False
Sold,R11134793,7190,2279 SE Heathwood Circle,Port St Lucie Section,PORT ST LUCIE SECTION 40,131500.0,131500.0,0.23,,Less Than 1/4 Acre Lot,RS-2PS,,Unimproved Agri/Recreatn/Moblhome,True,"Paved Road, Public Road",10018.800000000001,Single-family,False,< 0.25 ac,131500.0,13.125324390146524,False,False,False,False,False,False,False,False
Sold,R11147755,5490,0000 Emilio Lane,Albert Lakes Garden,ALBERT LAKES GARDEN,150000.0,150000.0,0.22,,Less Than 1/4 Acre Lot,RS(cit,,Unimproved Agri/Recreatn/Moblhome,True,County Road,9583.2,Single-family,False,< 0.25 ac,150000.0,15.652391685449535,False,False,False,False,False,False,False,False
Sold,R11130745,4500,4896 Alberta Avenue,Roseland Park Hampton,ROSELAND PARK HAMPTON ADD,160000.0,160000.0,,,Less Than 1/4 Acre Lot,RM,,Single,False,Other Road,,Multifamily,False,< 0.25 ac,160000.0,,False,False,False,False,False,False,False,False
Sold,A11979170,21,613 Sharrar Ave,Opa Locka Nd Pl,OPA LOCKA 2ND REV PL,170000.0,170000.0,0.147,6393.0,,¤0100,Zoned Residential,Residential,False,,6393.0,Single-family,False,< 0.25 ac,170000.0,26.591584545596746,False,False,False,False,False,False,False,False
Sold,F10523315,,6310 NW 21st Avenue,Ridge Crest,RIDGE CREST,135000.0,135000.0,0.1,4530.0,,5700,Zoned Duplex,Unimproved Agri/Recreatn/Moblhome,False,,4530.0,Duplex,False,< 0.25 ac,135000.0,29.801324503311257,False,False,False,False,False,False,False,False
Sold,A11566547,31,1841 NW 70th St,Liberty City,LIBERTY CITY,110000.0,110000.0,0.0,3800.0,,¤5700,Zoned Residential,Residential,False,,3800.0,Single-family,False,< 0.25 ac,110000.0,28.94736842105263,False,False,False,False,False,False,False,False
Sold,R11141184,5940 Florida Other,1000 SW 15th Street,Okeechobee Heights,OKEECHOBEE HEIGHTS,140000.0,140000.0,,,,R4,,Single,False,Paved Road,,,False,,140000.0,,False,False,False,False,False,False,False,False
Sold,F10555770,6240 NW Okeechobee County,20922 NW 254th,Viking,VIKING,160000.0,160000.0,5.0,217800.0,,,Zoned Residential,Unimproved Agri/Recreatn/Moblhome,False,,217800.0,Single-family,False,5–10 ac,160000.0,0.7346189164370982,False,False,False,False,False,False,False,False
Sold,T20053456,7015,10851 S Ocean Drive Unit#154,,,170000.0,170000.0,0.0419,,,,,,False,,1825.164,,False,< 0.25 ac,170000.0,93.14231488238865,False,False,False,False,False,False,False,False
Sold,R11162082,7190,1898 SE North Buttonwood Drive,Port St Lucie Section,PORT ST LUCIE-SECTION 40,149000.0,149000.0,,,1/4 To Less Than 1/2 Acre Lot,Residential,,Unimproved Agri/Recreatn/Moblhome,False,Public Road,,Single-family,False,0.25–0.5 ac,149000.0,,False,False,False,False,False,False,False,False
Sold,T20051492,7015,105 Nettles Boulevard,,,150000.0,150000.0,0.0464,,,,,,False,,2021.184,,False,< 0.25 ac,150000.0,74.21392609480384,False,False,False,False,False,False,False,False
Sold,A11892533,7370,"5924 NW Foust Cir,",Port St Lucie Section,PORT ST LUCIE SECTION 46,157000.0,157000.0,0.29,12632.0,Less Than 1/4 Acre Lot,¤RS-2 PSL,Zoned Residential,Residential,False,"Legal Access Road, Paved Road, Public Road",12632.0,Single-family,False,< 0.25 ac,157000.0,12.428752374920837,False,False,False,False,False,False,False,False
Sold,T20053067,7500,272 NW Hazard Way,,,150000.0,150000.0,0.0598,,,,,,True,,2604.888,,False,< 0.25 ac,150000.0,57.58404967891134,False,False,False,False,False,False,False,False
Sold,T20050222,7370,5938 NW Brenda Circle,,,155000.0,155000.0,0.23,,,,,Single,False,,10018.800000000001,,False,< 0.25 ac,155000.0,15.470914680400845,False,False,False,False,False,False,False,False
Sold,R11124863,7370,5540 Kyle Court,Port St Lucie Section,PORT ST LUCIE SECTION 47,165000.0,165000.0,0.32,,"1/4 To Less Than 1/2 Acre Lot, Corner Lot, Cul-De-Sac Lot, Irregular Lot, Less Than 1 Acre, West Of US 1",RS-2PS,,Unimproved Agri/Recreatn/Moblhome,False,"City/County Maintained, Paved Road",13939.2,Single-family,False,0.25–0.5 ac,165000.0,11.837121212121211,True,True,False,True,False,False,False,True
Sold,R11062717,7710,2426 SW Monterrey Lane,Port St Lucie Section,PORT ST LUCIE SECTION 5,140000.0,140000.0,,,Less Than 1/4 Acre Lot,RS-2PS,,Single,True,"City/County Maintained, Public Road",,Single-family,False,< 0.25 ac,140000.0,,False,False,False,False,False,False,False,False
Sold,B26007419,5940 Florida Other,7025 Shrimp Road,Stock Isles Marina Villag,STOCK ISLAND MARINA VILLAG,155000.0,155000.0,0.0,,,MI,,,True,Paved Road,,,False,,155000.0,,False,False,False,False,False,False,False,False
Sold,T20049376,7500,184 NW Hazard Way,,,156000.0,156000.0,0.0679,,,,,,False,,2957.724,,False,< 0.25 ac,156000.0,52.743257991617874,False,False,False,False,False,False,False,False
Sold,R11127055,7370,6443 NW Fir Court,Port St Lucie Section,PORT ST LUCIE SECTION 44,158000.0,158000.0,,,,RS-2PS,,Single,False,"City/County Maintained, Public Road",,Single-family,False,,158000.0,,False,False,False,False,False,False,False,False
Sold,R11127032,7370,5928 NW Wesley Road,Port St Lucie Section,PORT ST LUCIE SECTION 44,158000.0,158000.0,,,,RS-2PS,,Single,False,"City/County Maintained, Paved Road, Public Road",,Single-family,False,,158000.0,,False,False,False,False,False,False,False,False
Sold,R11037374,7370,5814 NW Gillespie Avenue,Port St Lucie Section,PORT ST LUCIE SECTION 46 1,160000.0,160000.0,0.2296,,Less Than 1/4 Acre Lot,RS-2PS,,Unimproved Agri/Recreatn/Moblhome,False,City/County Maintained,10001.376,Single-family,False,< 0.25 ac,160000.0,15.99779870289848,False,False,False,False,False,False,False,False
Sold,R11117609,6030,0 NE Kubin Avenue,River Terrace,RIVER TERRACE,157000.0,157000.0,,,"Less Than 1/4 Acre Lot, East Of US 1",resident,,Single,False,"Paved Road, Public Road",,Single-family,False,< 0.25 ac,157000.0,,False,False,False,False,False,False,True,False
Sold,T20051710,6030,0 NE Kubin Avenue,,,157000.0,157000.0,0.174,,East Of US 1,,,Single,False,County Road,7579.44,,False,< 0.25 ac,157000.0,20.713931372238584,False,False,False,False,False,False,True,False
Sold,A12051061,5940 Florida Other,3322 Everglade Blvd S,Golden Gate Estates,GOLDEN GATE ESTATES,150000.0,150000.0,50965.0,,,,Zoned Residential,Residential,False,,50965.0,Single-family,False,1–2 ac,150000.0,2.9431963111939567,False,False,False,False,False,False,False,False
Sold,A11982229,3350,2440 NW 22nd Rd,Franklin Park,FRANKLIN PARK,150000.0,150000.0,0.15,5002.0,,¤RS-6,Zoned Residential,Residential,False,,5002.0,Single-family,False,< 0.25 ac,150000.0,29.988004798080766,False,False,False,False,False,False,False,False
Sold,B26003481,3780,_ SW 56th Avenue,Davie Little Ranches,DAVIE LITTLE RANCHES AMD,165000.0,165000.0,0.1664,,"Less Than 1/4 Acre Lot, Less Than 1 Acre",ENSZD,,Unimproved Agri/Recreatn/Moblhome,False,City/County Maintained,7248.384,,False,< 0.25 ac,165000.0,22.763694638694638,False,False,False,False,False,False,False,False
Sold,R11159117,5940 Florida Other,1560 SE 23rd Street,Blue Heron Golf Country,BLUE HERON GOLF & COUNTRY,135000.0,135000.0,,,1/2 To Less Than 3/4 Acre Lot,Residential,,Unimproved Agri/Recreatn/Moblhome,True,City/County Maintained,,Single-family,False,0.5–0.75 ac,135000.0,,False,False,False,False,False,False,False,False
Sold,R11142256,5940 Florida Other,39603 NW 19th Avenue,Pinelands,THE PINELANDS,155000.0,155000.0,,,,RR,,Single,False,Paved Road,,Acreage / rural,False,,155000.0,,False,False,False,False,False,False,False,False
Sold,R11124221,5940 Florida Other,4310 Amelia Plantation Court,Amelia Planation,AMELIA PLANATION SUB,150000.0,150000.0,0.37,,1/4 To Less Than 1/2 Acre Lot,RS-2,,Unimproved Agri/Recreatn/Moblhome,False,Paved Road,16117.199999999999,Single-family,False,0.25–0.5 ac,150000.0,9.306827488645672,False,False,False,False,False,False,False,False
Sold,R11110140,6220 SE Okeechobee County,2626 SE 31st Street,Taylor Creek,TAYLOR CREEK,125000.0,125000.0,,,Less Than 1/4 Acre Lot,res,,Single,True,"City/County Maintained, Paved Road, Public Road",,Single-family,False,< 0.25 ac,125000.0,,False,False,False,False,False,False,False,False
Sold,R11118237,6372 Brevard County (W of Indian River),342 Trotters Street,Deer Run,DEER RUN,136000.0,136000.0,2.53,,2 To Less Than 3 Acre Lot,Residential,,Unimproved Agri/Recreatn/Moblhome,False,"County Road, Private Road",110206.79999999999,Single-family,False,2–3 ac,136000.0,1.234043634331094,False,False,False,False,False,False,False,False
Sold,T20053433,7190,2762 SE Worrell Avenue,,,132000.0,132000.0,0.2439,,,RS-2 PSL,,Single,False,,10624.284,Single-family,False,< 0.25 ac,132000.0,12.424366667909103,False,False,False,False,False,False,False,False
Sold,T20050875,7190,2373 SE Avalon Road,,,145000.0,145000.0,0.3496,,"East Of US 1, Irregular Lot",res,,Single,False,,15228.576000000001,Single-family,False,0.25–0.5 ac,145000.0,9.52157312673227,False,False,False,True,False,False,True,False
Sold,A11999903,7280,2125 SE Morningside Blvd,South Port St Lucie,SOUTH PORT ST LUCIE UNIT,165000.0,165000.0,0.43,18731.0,,¤RS-1 PSL,Zoned Residential,Residential,False,,18731.0,Single-family,False,0.25–0.5 ac,165000.0,8.808926378730447,False,False,False,False,False,False,False,False
Sold,T20054230,7500,170 NW Hazard Way,,,165000.0,165000.0,0.0658,,,,,,False,,2866.248,,False,< 0.25 ac,165000.0,57.56654692824905,False,False,False,False,False,False,False,False
Sold,T20052924,7500,166 NW Hazard Way,,,145000.0,145000.0,0.0658,,,,,,False,,2866.248,,False,< 0.25 ac,145000.0,50.588783664218866,False,False,False,False,False,False,False,False
Sold,R11061782,7500,188 NW Hazard Way,Outdoor Resorts St Luci,OUTDOOR RESORTS AT ST LUCI,135000.0,135000.0,0.0799,,Less Than 1/4 Acre Lot,Planne,,,False,City/County Maintained,3480.444,,False,< 0.25 ac,135000.0,38.788154614756046,False,False,False,False,False,False,False,False
Sold,R11127165,7710,Tbd SW Chestnut Lane,Port St Lucie Section,PORT ST LUCIE SECTION 5,141000.0,141000.0,,,Less Than 1/4 Acre Lot,RS-2PS,,Single,True,"City/County Maintained, Public Road",,Single-family,False,< 0.25 ac,141000.0,,False,False,False,False,False,False,False,False
Sold,R11157970,7720,1772 SW Millikin Avenue,Port St Lucie Section,PORT ST LUCIE SECTION 07,155000.0,155000.0,,,"Less Than 1/4 Acre Lot, Interior Lot, West Of US 1",Residential,,Unimproved Agri/Recreatn/Moblhome,False,"City/County Maintained, Paved Road, Public Road",,Single-family,False,< 0.25 ac,155000.0,,False,False,True,False,False,False,False,True
Sold,R11147001,7720,1907 SW Import Drive,Port Saint Lucie Section,PORT SAINT LUCIE SECTION,145000.0,145000.0,0.27,,West Of US 1,RS-2,,Single,True,"City/County Maintained, Paved Road, Public Road",11761.2,Single-family,False,0.25–0.5 ac,145000.0,12.328673944835561,False,False,False,False,False,False,False,True
Sold,F10482855,7730,297 SW Bedford Road,Port St Lucie,PORT ST LUCIE SEC 41,150000.0,150000.0,0.27,11916.0,,RS-2 PSL,Zoned Residential,Unimproved Agri/Recreatn/Moblhome,False,,11916.0,Single-family,False,0.25–0.5 ac,150000.0,12.58811681772407,False,False,False,False,False,False,False,False
Sold,R11154162,7740,1162 SW Fargo Avenue,Port St Lucie Section,PORT ST LUCIE SECTION 33,145000.0,145000.0,0.2296,,Less Than 1/4 Acre Lot,RS-2PS,,Unimproved Agri/Recreatn/Moblhome,False,Paved Road,10001.376,Single-family,False,< 0.25 ac,145000.0,14.498005074501748,False,False,False,False,False,False,False,False
Sold,R11154121,7720,2574 SW Choctaw Street,None,NONE,155000.0,155000.0,0.23,,Less Than 1/4 Acre Lot,Resident,,Single,False,City/County Maintained,10018.800000000001,Single-family,False,< 0.25 ac,155000.0,15.470914680400845,False,False,False,False,False,False,False,False
Sold,A11946577,3390,1909 NW 3rd Ct,River Bend,RIVER BEND,161000.0,161000.0,0.158,6888.0,,¤RS-8,Zoned Residential,Residential,False,,6888.0,Single-family,False,< 0.25 ac,161000.0,23.3739837398374,False,False,False,False,False,False,False,False
Sold,F10555490,3560,3023 NW 7th Street,Washington Park Third,WASHINGTON PARK THIRD ADD,140000.0,140000.0,0.13,,Less Than 1/4 Acre Lot,RS-6,Zoned Residential,Unimproved Agri/Recreatn/Moblhome,False,City/County Maintained,5662.8,Single-family,False,< 0.25 ac,140000.0,24.722751995479268,False,False,False,False,False,False,False,False
Sold,A11952276,5940 Florida Other,2390 NW 65,,,130000.0,130000.0,10.0,,,,Zoned Residential,Residential,False,,435600.0,Single-family,False,10+ ac,130000.0,0.29843893480257117,False,False,False,False,False,False,False,False
Sold,A11946406,5940 Florida Other,4724 SW 23RD AVE,Cape Coral,CAPE CORAL,125000.0,125000.0,0.23,,,,Zoned Residential,Residential,False,,10018.800000000001,Single-family,False,< 0.25 ac,125000.0,12.476544097097456,False,False,False,False,False,False,False,False
Sold,F10542708,5940 Florida Other,2413 Hicks Road,Tas Fla Highlands,TAS FLA HIGHLANDS,155000.0,155000.0,9.44,389426.0,,AU,Zoned Residential,Unimproved Agri/Recreatn/Moblhome,False,,389426.0,Single-family,False,5–10 ac,155000.0,0.3980217037383226,False,False,False,False,False,False,False,False
Sold,F10542701,5940 Florida Other,1050 Arbuckle Creek Road,Orchard Groves Citrus Etc,ORCHARD GROVES CITRUS ETC,140000.0,140000.0,10.11,440392.0,,AU,Zoned Residential,Unimproved Agri/Recreatn/Moblhome,False,,440392.0,Single-family,False,10+ ac,140000.0,0.3178985994295991,False,False,False,False,False,False,False,False
Sold,R11150962,7190,2296 SE Trillo Street,Port St Lucie Section,PORT ST LUCIE SECTION 30,160000.0,160000.0,0.28,,1/4 To Less Than 1/2 Acre Lot,RS-2PS,,Unimproved Agri/Recreatn/Moblhome,False,"City/County Maintained, Paved Road, Public Road",12196.800000000001,Single-family,False,0.25–0.5 ac,160000.0,13.118194936376753,False,False,False,False,False,False,False,False
Sold,R11144276,7710,850 SW Sultan Drive,Port St Lucie Section,PORT ST LUCIE SECTION 12,148000.0,148000.0,0.2296,,Less Than 1/4 Acre Lot,RS-2PS,,Unimproved Agri/Recreatn/Moblhome,True,"City/County Maintained, Public Road",10001.376,Single-family,False,< 0.25 ac,148000.0,14.797963800181094,False,False,False,False,False,False,False,False
Sold,R11145419,7720,4462 SW Gainsboro Street,Port St Lucie Section,PORT ST LUCIE SECTION 33,155000.0,155000.0,,,Less Than 1/4 Acre Lot,RES,,Unimproved Agri/Recreatn/Moblhome,False,City/County Maintained,,Single-family,False,< 0.25 ac,155000.0,,False,False,False,False,False,False,False,False
Sold,R11126543,7720,4474 SW Gainsboro Street,Port St Lucie Section,PORT ST LUCIE SECTION 33,154000.0,154000.0,,,Less Than 1/4 Acre Lot,RS-2PS,,Single,False,"City/County Maintained, Paved Road, Public Road",,Single-family,False,< 0.25 ac,154000.0,,False,False,False,False,False,False,False,False
Sold,T20053783,7500,264 NW Hazard Way,,,148000.0,148000.0,0.0589,,,,,,True,,2565.684,,False,< 0.25 ac,148000.0,57.684422555544636,False,False,False,False,False,False,False,False
Sold,A12001314,3400,1632 NW 9th Ave,Progresso,PROGRESSO,150000.0,150000.0,0.15,6747.0,,¤RDS-15,Zoned Residential,Residential,False,,6747.0,Single-family,False,< 0.25 ac,150000.0,22.232103156958647,False,False,False,False,False,False,False,False
Sold,F10483217,7270,2270 SW Matheson Terrace,Port St Lucie,PORT ST LUCIE SEC 11,130000.0,130000.0,0.24,10606.0,"Less Than 1/4 Acre Lot, Less Than 1 Acre",RS-2 PSL,Zoned Residential,Unimproved Agri/Recreatn/Moblhome,False,,10606.0,Single-family,False,< 0.25 ac,130000.0,12.25721289835942,False,False,False,False,False,False,False,False
Sold,R11135336,7720,2061 SW Ember Street,Port St Lucie Section,PORT ST LUCIE SECTION 8,151000.0,151000.0,0.24,,Less Than 1/4 Acre Lot,RS-2 PSL,,Unimproved Agri/Recreatn/Moblhome,False,"City/County Maintained, Paved Road, Public Road",10454.4,Single-family,False,< 0.25 ac,151000.0,14.44367921640649,False,False,False,False,False,False,False,False
Sold,A11997599,7750,399 SW Ridgecrest Dr,Port St Lucie Section,PORT ST LUCIE SECTION  34,145000.0,145000.0,0.25,10000.0,,¤RS-2 PSL,Zoned Residential,Residential,False,,10000.0,Single-family,False,< 0.25 ac,145000.0,14.5,False,False,False,False,False,False,False,False
Sold,R11103781,5940 Florida Other,1801 N Roosevelt Boulevard Unit#Tarpon 15,Monroe Investment Co,MONROE INVESTMENT CO SUB,155000.0,155000.0,,,,PS-Publi,,,True,City/County Maintained,,,False,,155000.0,,False,False,False,False,False,False,False,False
Sold,T20051857,7040,X Tree Top Trail,,,150000.0,150000.0,1.16,,,,,Single,False,,50529.6,,False,1–2 ac,150000.0,2.9685570437921536,False,False,False,False,False,False,False,False
Sold,A12009074,7170,6537 NW Chugwater Cir,Port St Lucie Section,PORT ST LUCIE SECTION 43,145000.0,145000.0,0.25,10890.0,1/4 To Less Than 1/2 Acre Lot,¤RS-2 PSL,Zoned Residential,Residential,False,"Legal Access Road, City/County Maintained, Public Road",10890.0,Single-family,False,0.25–0.5 ac,145000.0,13.314967860422406,False,False,False,False,False,False,False,False
Sold,R11165548,7190,2112 SE Heathwood Circle,Port St Lucie Section,PORT ST LUCIE SECTION 40,147000.0,147000.0,0.35,,1/4 To Less Than 1/2 Acre Lot,RS-2PS,,Unimproved Agri/Recreatn/Moblhome,False,City/County Maintained,15245.999999999998,Single-family,False,0.25–0.5 ac,147000.0,9.641873278236917,False,False,False,False,False,False,False,False
Sold,T20052995,7500,178 NW Hazard Way,,,137000.0,137000.0,0.0658,,,,,,False,,2866.248,,False,< 0.25 ac,137000.0,47.79767835860679,False,False,False,False,False,False,False,False
Sold,R11135477,7720,1281 SW Kapok Avenue,Port St Lucie,PORT ST LUCIE SEC 33,146000.0,146000.0,0.26,,"1/4 To Less Than 1/2 Acre Lot, Corner Lot",RS-2 PSL,,Unimproved Agri/Recreatn/Moblhome,False,"Paved Road, Public Road",11325.6,Single-family,False,0.25–0.5 ac,146000.0,12.891149254785619,True,False,False,False,False,False,False,False
Sold,T20054218,7015,10725 S Ocean Drive Unit#402,,,149500.0,149500.0,0.0436,,Zero Lot Line Lot,,,Mobile,False,"Paved Road, Private Road",1899.216,,False,< 0.25 ac,149500.0,78.7166915190268,False,False,False,False,False,False,False,False
Sold,A11995855,79,971 NE 5th Ave,Free Nd Addn To Home,J U FREE 2ND ADDN TO HOME,125000.0,125000.0,0.157,6850.0,,¤3000,Zoned Multifamily,Residential,False,,6850.0,Multifamily,False,< 0.25 ac,125000.0,18.248175182481752,False,False,False,False,False,False,False,False
Sold,A11990292,3050,000 Douglas St,Liberia,LIBERIA,142000.0,142000.0,0.0963,4196.0,,¤RS-1,Zoned Residential,Residential,False,,4196.0,Single-family,False,< 0.25 ac,142000.0,33.8417540514776,False,False,False,False,False,False,False,False
Sold,A11917952,5600,424 N J St,Lake Worth Town,LAKE WORTH TOWN OF,159000.0,159000.0,0.25,6750.0,,¤SF-TF-14,Zoned Duplex,Residential,False,,6750.0,Duplex,False,< 0.25 ac,159000.0,23.555555555555557,False,False,False,False,False,False,False,False
Sold,T20054008,7015,10725 S Ocean Drive Unit#409,,,150000.0,150000.0,0.0424,,Zero Lot Line Lot,,,Mobile,False,"Paved Road, Private Road",1846.944,,False,< 0.25 ac,150000.0,81.21523987733251,False,False,False,False,False,False,False,False
Sold,T20049394,7015,10725 S Ocean Drive Unit#285,,,155000.0,155000.0,0.0511,,Zero Lot Line Lot,,,Mobile,False,Private Road,2225.916,,False,< 0.25 ac,155000.0,69.63425394309579,False,False,False,False,False,False,False,False
Sold,R11138665,7710,1666 SW Althea Street,Port St Lucie Section,PORT ST LUCIE-SECTION 09,145000.0,145000.0,0.25,,"1/4 To Less Than 1/2 Acre Lot, Corner Lot",RS-2 PSL,,Unimproved Agri/Recreatn/Moblhome,False,"City/County Maintained, Paved Road, Public Road",10890.0,Single-family,False,0.25–0.5 ac,145000.0,13.314967860422406,True,False,False,False,False,False,False,False
Sold,R11169751,7720,1661 SW Nervia Avenue,Port St Lucie Section,PORT ST LUCIE SECTION 14,140000.0,140000.0,0.23,,Less Than 1/4 Acre Lot,RS-2PS,,Unimproved Agri/Recreatn/Moblhome,False,"City/County Maintained, Paved Road, Public Road",10018.800000000001,Single-family,False,< 0.25 ac,140000.0,13.97372938874915,False,False,False,False,False,False,False,False
Sold,R11165006,7720,3408 SW Galeti Street,Port St Lucie Section,PORT ST LUCIE SECTION 7,149000.0,149000.0,0.24,,Less Than 1/4 Acre Lot,RS-2PS,,Unimproved Agri/Recreatn/Moblhome,False,Public Road,10454.4,Single-family,False,< 0.25 ac,149000.0,14.252372206917663,False,False,False,False,False,False,False,False
Sold,R11148373,7720,2241 SW Elmwood Avenue,Port St Lucie Section,PORT ST LUCIE SECTION 35,148000.0,148000.0,0.23,,Less Than 1/4 Acre Lot,RS-2PS,,Single,False,"City/County Maintained, Public Road",10018.800000000001,Single-family,False,< 0.25 ac,148000.0,14.772228210963387,False,False,False,False,False,False,False,False
Sold,R11139688,7720,3291 SW Mcmullen Street,Port St Lucie Section,PORT ST LUCIE SECTION 17,140000.0,140000.0,,,Less Than 1/4 Acre Lot,RS-2PS,,Single,False,"Paved Road, Public Road",,Single-family,False,< 0.25 ac,140000.0,,False,False,False,False,False,False,False,False
Sold,R11166517,7740,4205 SW Oblique Street,Port St Lucie Section,PORT ST LUCIE SECTION 33,149000.0,149000.0,0.2232,,"Less Than 1/4 Acre Lot, Less Than 1 Acre",RS-2PS,,Unimproved Agri/Recreatn/Moblhome,False,"City/County Maintained, Paved Road",9722.592,Single-family,False,< 0.25 ac,149000.0,15.325131405287808,False,False,False,False,False,False,False,False
Sold,R11137810,7750,3874 SW Kasin Street,Darwin Tulip Area,DARWIN/TULIP AREA,135000.0,135000.0,,,Less Than 1/4 Acre Lot,RESIDENT,,Single,False,"City/County Maintained, Paved Road, Public Road",,Single-family,False,< 0.25 ac,135000.0,,False,False,False,False,False,False,False,False
Sold,R11126213,7220,576 SE Nome Drive,Port St Lucie Section,PORT ST LUCIE SECTION 39,150000.0,150000.0,0.2296,,Less Than 1/4 Acre Lot,RS-2PS,,Unimproved Agri/Recreatn/Moblhome,False,Public Road,10001.376,Single-family,False,< 0.25 ac,150000.0,14.997936283967325,False,False,False,False,False,False,False,False
Sold,R11074578,7740,1486 SW Bartell Avenue,Port St Lucie Section,PORT ST LUCIE SECTION 19,130000.0,130000.0,0.25,,1/4 To Less Than 1/2 Acre Lot,RS-2PS,,Unimproved Agri/Recreatn/Moblhome,False,"City/County Maintained, Paved Road, Public Road",10890.0,Single-family,False,0.25–0.5 ac,130000.0,11.937557392102846,False,False,False,False,False,False,False,False
Sold,F10537852,,6250 NW 15th Avenue,East Liberty City,EAST LIBERTY CITY SEC A,150000.0,150000.0,0.1,4370.0,,3901,Zoned Residential,Unimproved Agri/Recreatn/Moblhome,False,,4370.0,Single-family,False,< 0.25 ac,150000.0,34.32494279176201,False,False,False,False,False,False,False,False
Sold,F10531273,3411,165 NW 17th Avenue,Seaboard Highlands,SEABOARD HIGHLANDS ADD,120000.0,120000.0,0.0,6530.0,"Less Than 1/4 Acre Lot, Interior Lot, West Of US 1",00,Zoned Residential,Residential,False,"Paved Road, Public Road",6530.0,Single-family,False,< 0.25 ac,120000.0,18.376722817764165,False,False,True,False,False,False,False,True
Sold,A11951543,3560,3046 NW 8th Pl,Washington Park Third,WASHINGTON PARK THIRD ADD,145000.0,145000.0,0.12,5251.0,,¤RS-6,Zoned Residential,Residential,False,,5251.0,Single-family,False,< 0.25 ac,145000.0,27.613787849933345,False,False,False,False,False,False,False,False
Sold,A11935995,3560,1402 NW 27th Ave,Washington Park Fourth Ad,WASHINGTON PARK FOURTH AD,142500.0,142500.0,0.17,7701.0,Less Than 1/4 Acre Lot,¤RD-10,Zoned Duplex,Residential,False,Paved Road,7701.0,Duplex,False,< 0.25 ac,142500.0,18.504090377873002,False,False,False,False,False,False,False,False
Sold,R11064652,4630,13353 S Military Trail,Delray Garden Ests Pl,DELRAY GARDEN ESTS PL 1,125000.0,125000.0,0.15,,"Less Than 1/4 Acre Lot, Corner Lot, West Of US 1",AR,,,False,"City/County Maintained, Paved Road, Public Road",6534.0,Acreage / rural,False,< 0.25 ac,125000.0,19.130700948882765,True,False,False,False,False,False,False,True
Sold,R11165747,5410,0 S Congress Avenue,Palm Beach Lakes South,PALM BEACH LAKES SOUTH,150000.0,150000.0,0.17,,Less Than 1/4 Acre Lot,SF7(ci,,Unimproved Agri/Recreatn/Moblhome,False,"City/County Maintained, Paved Road, Public Road",7405.200000000001,Single-family,False,< 0.25 ac,150000.0,20.256036298817044,False,False,False,False,False,False,False,False
Sold,A11917994,5500,5964 Tiffany Pl,Plantation Manor Estates,PLANTATION MANOR ESTATES,141000.0,141000.0,0.14,6007.0,,¤RH,Zoned Residential,Residential,False,,6007.0,Single-family,False,< 0.25 ac,141000.0,23.4726152821708,False,False,False,False,False,False,False,False
Sold,F10529193,5940 Florida Other,747 Roane Road,Clermont Lettered Blocks,CLERMONT LETTERED BLOCKS,120000.0,120000.0,0.2601,11328.0,,,Zoned Residential,Unimproved Agri/Recreatn/Moblhome,False,,11328.0,Single-family,False,0.25–0.5 ac,120000.0,10.59322033898305,False,False,False,False,False,False,False,False
Sold,A11820923,5940 Florida Other,1531 NW 34th Ave,Cape Coral,CAPE CORAL,100000.0,100000.0,0.23,10000.0,Less Than 1/4 Acre Lot,,Zoned Residential,Residential,True,"City/County Maintained, Paved Road, Public Road",10000.0,Single-family,False,< 0.25 ac,100000.0,10.0,False,False,False,False,False,False,False,False
Sold,A11748649,5940 Florida Other,4320 Hendry Isles Blvd,Pioneer Plant Unrec,PIONEER PLANT UNREC SEC 2,135000.0,135000.0,2.5,,2 To Less Than 3 Acre Lot,,Zoned Residential,Residential,False,Paved Road,108900.0,Single-family,False,2–3 ac,135000.0,1.2396694214876034,False,False,False,False,False,False,False,False
Sold,R11148844,7170,171 SE Dwight Avenue,Port St Lucie Section,PORT ST LUCIE SECTION 1,142000.0,142000.0,,,Less Than 1/4 Acre Lot,RES,,Unimproved Agri/Recreatn/Moblhome,False,"Paved Road, Public Road",,Single-family,False,< 0.25 ac,142000.0,,False,False,False,False,False,False,False,False
Sold,T20053405,7170,171 SE Dwight Avenue,,,142000.0,142000.0,0.23,,,,,Single,False,"Paved Road, Public Road",10018.800000000001,,False,< 0.25 ac,142000.0,14.17335409430271,False,False,False,False,False,False,False,False
Sold,R11061386,7170,149 SE Fallon Drive,Port St Lucie Section,PORT ST LUCIE SECTION 2,130000.0,130000.0,0.23,,"Less Than 1/4 Acre Lot, West Of US 1",RS-2PS,,Single,False,"City/County Maintained, Paved Road, Public Road",10018.800000000001,Single-family,False,< 0.25 ac,130000.0,12.975605860981354,False,False,False,False,False,False,False,True
Sold,T20053187,7370,5932 NW Wolverine Road,,,145000.0,145000.0,0.2296,,,,,Single,False,City/County Maintained,10001.376,,False,< 0.25 ac,145000.0,14.498005074501748,False,False,False,False,False,False,False,False
Sold,T20053186,7370,5930 NW Wolverine Road,,,145000.0,145000.0,0.2296,,Interior Lot,RS-2 PSL,,Single,False,City/County Maintained,10001.376,Single-family,False,< 0.25 ac,145000.0,14.498005074501748,False,False,True,False,False,False,False,False
Sold,R11163486,7710,631 SW Montana Terrace,Port St Lucie Section,PORT ST LUCIE SECTION 9,140000.0,140000.0,0.24,,"Less Than 1/4 Acre Lot, 1/4 To Less Than 1/2 Acre Lot, Interior Lot",RS-2PS,,Unimproved Agri/Recreatn/Moblhome,False,"City/County Maintained, Paved Road, Public Road",10454.4,Single-family,False,< 0.25 ac,140000.0,13.391490664217937,False,False,True,False,False,False,False,False
Sold,R11126423,7720,1079 SW Placetas Avenue,Port St Lucie Section,PORT ST LUCIE SECTION 15,132000.0,132000.0,,,Less Than 1/4 Acre Lot,RS-2PS,,Single,False,City/County Maintained,,Single-family,False,< 0.25 ac,132000.0,,False,False,False,False,False,False,False,False
Sold,R11126426,7720,1067 SW Placetas Avenue,Port St Lucie Section,PORT ST LUCIE SECTION 15,132000.0,132000.0,,,Less Than 1/4 Acre Lot,RS-2PS,,Single,False,City/County Maintained,,Single-family,False,< 0.25 ac,132000.0,,False,False,False,False,False,False,False,False
Sold,R11112231,7730,2808 SW Ann Arbor Road,Port St Lucie Section,PORT ST LUCIE SECTION 41,142000.0,142000.0,0.2296,,Less Than 1/4 Acre Lot,RS-2PS,,Unimproved Agri/Recreatn/Moblhome,False,"City/County Maintained, Public Road",10001.376,Single-family,False,< 0.25 ac,142000.0,14.198046348822402,False,False,False,False,False,False,False,False
Sold,F10551990,7740,292 Ridgecrest Drive,Port St Lucie Section,PORT ST LUCIE SECTION 36,140000.0,140000.0,0.2296,10000.0,,RS-2 PSL,Zoned Residential,Unimproved Agri/Recreatn/Moblhome,True,,10000.0,Single-family,False,< 0.25 ac,140000.0,14.0,False,False,False,False,False,False,False,False
Sold,R11074584,7740,1430 SW Bartell Avenue,Port St Lucie Section,PORT ST LUCIE SECTION 19,130000.0,130000.0,0.2296,,Less Than 1/4 Acre Lot,RS-2PS,,Unimproved Agri/Recreatn/Moblhome,False,"City/County Maintained, Paved Road",10001.376,Single-family,False,< 0.25 ac,130000.0,12.998211446105016,False,False,False,False,False,False,False,False
Sold,R11167583,7750,3702 SW Darwin Boulevard,Port St Lucie Section,PORT ST LUCIE SECTION  22,124000.0,124000.0,0.27,,1/4 To Less Than 1/2 Acre Lot,RS-2PS,,Unimproved Agri/Recreatn/Moblhome,False,"Paved Road, Public Road",11761.2,Single-family,False,0.25–0.5 ac,124000.0,10.543141856273168,False,False,False,False,False,False,False,False
Sold,B26017368,5500,5226 Mobilaire Drive,Mobilaire,MOBILAIRE,140000.0,140000.0,0.21,,"Less Than 1/4 Acre Lot, Less Than 1 Acre",RH,,Unimproved Agri/Recreatn/Moblhome,False,,9147.6,,False,< 0.25 ac,140000.0,15.304560759106213,False,False,False,False,False,False,False,False
Sold,B26007422,6140,5866 SE Wesley Avenue,Salerno Small Farms,SALERNO SMALL FARMS,142500.0,142500.0,0.21,,"Less Than 1/4 Acre Lot, Less Than 1 Acre",Vacant Resident,,Unimproved Agri/Recreatn/Moblhome,False,"County Road, Paved Road",9147.6,,False,< 0.25 ac,142500.0,15.577856486947395,False,False,False,False,False,False,False,False
Sold,T20054149,7190,3081 SE Sumner Lane,,,135000.0,135000.0,0.2583,,East Of US 1,,,Single,False,"County Road, Paved Road",11251.547999999999,,False,0.25–0.5 ac,135000.0,11.998349027173862,False,False,False,False,False,False,True,False
Sold,T20054116,7190,3065 SE Sumner Lane,,,135000.0,135000.0,0.2583,,,,,Single,False,City/County Maintained,11251.547999999999,,False,0.25–0.5 ac,135000.0,11.998349027173862,False,False,False,False,False,False,False,False
Sold,R11143746,5940 Florida Other,98 Del Palma Drive,Marina Del Palma,MARINA DEL PALMA,110000.0,110000.0,0.274,,1/4 To Less Than 1/2 Acre Lot,PUD,,Unimproved Agri/Recreatn/Moblhome,False,"Paved Road, Private Road",11935.44,,False,0.25–0.5 ac,110000.0,9.2162500921625,False,False,False,False,False,False,False,False
Sold,R11156194,7140,4901 River Place,White City Subdivision,WHITE CITY SUBDIVISION,120000.0,120000.0,1.12,,1 To Less Than 2 Acre Lot,RS-3-C,,Unimproved Agri/Recreatn/Moblhome,True,City/County Maintained,48787.200000000004,Single-family,False,1–2 ac,120000.0,2.459661550570641,False,False,False,False,False,False,False,False
Sold,F10545530,7750,380 SW Kestor Drive,Port St Lucie,PORT ST LUCIE SEC 34,145000.0,145000.0,0.23,10000.0,1/4 To Less Than 1/2 Acre Lot,RS-2 PSL,Zoned Residential,Unimproved Agri/Recreatn/Moblhome,False,,10000.0,Single-family,False,0.25–0.5 ac,145000.0,14.5,False,False,False,False,False,False,False,False
Sold,R11161180,5280,Tbd W 37th Street,Park Manor,PARK MANOR 2,130000.0,130000.0,0.22,,Less Than 1/4 Acre Lot,RS-6(c,,Unimproved Agri/Recreatn/Moblhome,False,City/County Maintained,9583.2,Single-family,False,< 0.25 ac,130000.0,13.565406127389597,False,False,False,False,False,False,False,False
Sold,R11164769,3560,0000 NW 7th Court,Washington Park Third,WASHINGTON PARK THIRD ADD,140001.0,140001.0,0.1263,,Less Than 1/4 Acre Lot,RS-6,,Unimproved Agri/Recreatn/Moblhome,False,Paved Road,5501.628,Single-family,False,< 0.25 ac,140001.0,25.447194903035975,False,False,False,False,False,False,False,False
Sold,R11165681,5020,0 SE Neptune Street,Banner Lakes,BANNER LAKES,137000.0,137000.0,,,Less Than 1/4 Acre Lot,residential,,Unimproved Agri/Recreatn/Moblhome,False,"Paved Road, Public Road",,Single-family,False,< 0.25 ac,137000.0,,False,False,False,False,False,False,False,False
Sold,A11822142,7010,4089 SW Mcintyre St,Port St Lucie Section,PORT ST LUCIE SECTION 21,140000.0,140000.0,0.23,10019.0,Less Than 1/4 Acre Lot,¤RS-2 PSL,Zoned Residential,Residential,False,,10019.0,Single-family,False,< 0.25 ac,140000.0,13.973450444156104,False,False,False,False,False,False,False,False
Sold,R11165827,7150,404 E Midway E Road,Indian River Estates,INDIAN RIVER ESTATES UNIT,125000.0,125000.0,0.51,,"1/2 To Less Than 3/4 Acre Lot, East Of US 1",RS-2PS,,Unimproved Agri/Recreatn/Moblhome,False,"City/County Maintained, Paved Road, Public Road",22215.600000000002,Single-family,False,0.5–0.75 ac,125000.0,5.626676749671401,False,False,False,False,False,False,True,False
Sold,R11153571,7270,232 SW Crescent Avenue,Port St Lucie Section,PORT ST LUCIE SECTION 18,135000.0,135000.0,0.23,,Less Than 1/4 Acre Lot,RS-2PS,,Unimproved Agri/Recreatn/Moblhome,False,"Paved Road, Public Road",10018.800000000001,Single-family,False,< 0.25 ac,135000.0,13.474667624865251,False,False,False,False,False,False,False,False
Sold,F10523745,7710,2192 SW Del Rio Boulevard,Port St Lucie,PORT ST LUCIE SEC 11,132000.0,132000.0,0.27,11750.0,,RS-2 PSL,Zoned Residential,Unimproved Agri/Recreatn/Moblhome,False,,11750.0,Single-family,False,0.25–0.5 ac,132000.0,11.23404255319149,False,False,False,False,False,False,False,False
Sold,R11163297,7720,2999 SW Bright Street,Port St Lucie Section,PORT ST LUCIE SECTION 16,137500.0,137500.0,0.24,,Less Than 1/4 Acre Lot,RS-2PS,,Unimproved Agri/Recreatn/Moblhome,False,"County Road, Paved Road",10454.4,Single-family,False,< 0.25 ac,137500.0,13.152356902356903,False,False,False,False,False,False,False,False
Sold,B26020774,7740,4337 SW Savona Boulevard,Port St Lucie Section,PORT ST LUCIE SECTION 33,130000.0,130000.0,0.2726,,"1/4 To Less Than 1/2 Acre Lot, Less Than 1 Acre",RS-2 PSL,,Unimproved Agri/Recreatn/Moblhome,False,"City/County Maintained, Paved Road",11874.456,Single-family,False,0.25–0.5 ac,130000.0,10.94786994873702,False,False,False,False,False,False,False,False
Sold,F10553967,7750,263 SW Hide Place,Port St Lucie,PORT ST LUCIE SEC 34,140000.0,140000.0,0.29,12606.0,,RS-2 PSL,Zoned Residential,Unimproved Agri/Recreatn/Moblhome,False,,12606.0,Single-family,False,0.25–0.5 ac,140000.0,11.105822624147232,False,False,False,False,False,False,False,False
Sold,R11123908,7750,3998 SW Mccain Street,Port St Lucie Section,PORT ST LUCIE SECTION 21,139000.0,139000.0,0.2269,,Less Than 1/4 Acre Lot,RS-2PS,,Unimproved Agri/Recreatn/Moblhome,False,City/County Maintained,9883.764,Single-family,False,< 0.25 ac,139000.0,14.063468128134181,False,False,False,False,False,False,False,False
Sold,T20051186,7710,2315 SW Chestnut Lane,,,135000.0,135000.0,0.2296,,,,,Single,True,City/County Maintained,10001.376,,False,< 0.25 ac,135000.0,13.498142655570593,False,False,False,False,False,False,False,False
Sold,A11916023,69,231xx 0827,Silver Palm Park,SILVER PALM PARK,130000.0,130000.0,0.143,6250.0,,¤0100,Zoned Multifamily,Residential,False,,6250.0,Multifamily,False,< 0.25 ac,130000.0,20.8,False,False,False,False,False,False,False,False
Sold,A11911090,69,231xx 0825,Silver Palm Park,SILVER PALM PARK,130000.0,130000.0,0.143,6250.0,,¤0100,Zoned Multifamily,Residential,False,,6250.0,Multifamily,False,< 0.25 ac,130000.0,20.8,False,False,False,False,False,False,False,False
Sold,R11149966,5940 Florida Other,7005 SW 21st Parkway,Sunset Acres,SUNSET ACRES,140000.0,140000.0,,,2 To Less Than 3 Acre Lot,VACANT,,Unimproved Agri/Recreatn/Moblhome,True,"County Road, Public Road",,,False,2–3 ac,140000.0,,False,False,False,False,False,False,False,False
Sold,R11128721,7140,2307 River Branch Drive,River Branch Estates,RIVER BRANCH ESTATES,110000.0,110000.0,0.5,,"1/2 To Less Than 3/4 Acre Lot, Less Than 1 Acre, West Of US 1",RS-2-C,,Unimproved Agri/Recreatn/Moblhome,False,"County Road, Paved Road",21780.0,Single-family,False,0.5–0.75 ac,110000.0,5.05050505050505,False,False,False,False,False,False,False,True
Sold,R11156315,7270,0 SW Nativity Terrace,Port St Lucie Section,PORT ST LUCIE-SECTION 13,132000.0,132000.0,0.2296,,Less Than 1/4 Acre Lot,RS-2 PSL,,Unimproved Agri/Recreatn/Moblhome,False,City/County Maintained,10001.376,Single-family,False,< 0.25 ac,132000.0,13.198183929891247,False,False,False,False,False,False,False,False
Sold,A11982598,5940 Florida Other,5303 Lake LN,Acreage Header,ACREAGE HEADER,135000.0,135000.0,3.16,,3 To Less Than 4 Acre Lot,,Zoned Residential,Residential,False,Paved Road,137649.6,Single-family,False,3–4 ac,135000.0,0.9807511245946229,False,False,False,False,False,False,False,False
Sold,R11085989,5940 Florida Other,1801 N Roosevelt Boulevard,Monroe Investment Co,MONROE INVESTMENT CO. SUB,139000.0,139000.0,,,,Public&SemiPub,,,True,"City/County Maintained, Public Road",,,False,,139000.0,,False,False,False,False,False,False,False,False
Sold,R11165477,7110,1550 SE Sutton Street,Port St Lucie,PORT ST LUCIE,138750.0,138750.0,,,Less Than 1/4 Acre Lot,RES,,Unimproved Agri/Recreatn/Moblhome,False,"City/County Maintained, Paved Road",,Single-family,False,< 0.25 ac,138750.0,,False,False,False,False,False,False,False,False
Sold,R11163717,7710,2062 SW Kimberly Avenue,Port St Lucie Section,PORT ST LUCIE-SECTION 20,133000.0,133000.0,0.23,,"Less Than 1/4 Acre Lot, Interior Lot",RESIDENTIAL,,Unimproved Agri/Recreatn/Moblhome,False,"City/County Maintained, Paved Road, Public Road",10018.800000000001,Single-family,False,< 0.25 ac,133000.0,13.275042919311693,False,False,True,False,False,False,False,False
Sold,R11133963,7270,198 NE St James Drive,Port St Lucie Section,PORT ST LUCIE SECTION 26,130000.0,130000.0,,,"1/2 To Less Than 3/4 Acre Lot, 1/4 To Less Than 1/2 Acre Lot",RS-2PS,,Unimproved Agri/Recreatn/Moblhome,False,"City/County Maintained, Public Road",,Single-family,False,0.25–0.5 ac,130000.0,,False,False,False,False,False,False,False,False
Sold,A11991198,6210 NE Okeechobee County,36675 NE 9th Dr,Lake Montaza Estates,LAKE MONTAZA ESTATES,115000.0,115000.0,4.77,,4 To Less Than 5 Acre Lot,RESIDENTIAL,Zoned Residential,Residential,False,,207781.19999999998,Single-family,False,4–5 ac,115000.0,0.5534668199047845,False,False,False,False,False,False,False,False
Sold,R11159620,7170,2398 SE Alden Street,Port St Lucie Section,PORT ST LUCIE SECTION 18,135000.0,135000.0,0.23,,Less Than 1/4 Acre Lot,RS-2PS,,Unimproved Agri/Recreatn/Moblhome,False,"City/County Maintained, Paved Road, Public Road",10018.800000000001,Single-family,False,< 0.25 ac,135000.0,13.474667624865251,False,False,False,False,False,False,False,False
Sold,R11121352,5420,627 3rd Street,Clows,CLOWS,105000.0,105000.0,,,Less Than 1/4 Acre Lot,NWD-R-C1,,Single,False,"City/County Maintained, Paved Road",,,False,< 0.25 ac,105000.0,,False,False,False,False,False,False,False,False
Sold,A11956297,32,0 NW 32nd Ave,Hialeah Heights,HIALEAH HEIGHTS,85000.0,85000.0,0.07,,,,Zoned Residential,Residential,False,,3049.2000000000003,Single-family,False,< 0.25 ac,85000.0,27.8761642398006,False,False,False,False,False,False,False,False
Sold,R11159689,4590,7685 2nd Terrace,Biltmore Terrace,BILTMORE TERRACE,125000.0,125000.0,0.14,,Less Than 1/4 Acre Lot,AR,,Unimproved Agri/Recreatn/Moblhome,False,Paved Road,6098.400000000001,Acreage / rural,False,< 0.25 ac,125000.0,20.497179588088677,False,False,False,False,False,False,False,False
Sold,R11140708,5940 Florida Other,17333 NW 298th Street,Southern Colonization,THE SOUTHERN COLONIZATION,135000.0,135000.0,3.75,,"3 To Less Than 4 Acre Lot, 4 To Less Than 5 Acre Lot",RS-1,,Unimproved Agri/Recreatn/Moblhome,False,Public Road,163350.0,Single-family,False,3–4 ac,135000.0,0.8264462809917356,False,False,False,False,False,False,False,False
Sold,B26012535,6070,5167 SE Isabelita Avenue,Port Salerno,PORT SALERNO,130000.0,130000.0,0.207,,"Less Than 1/4 Acre Lot, East Of US 1, Less Than 1 Acre",RES,,Unimproved Agri/Recreatn/Moblhome,False,Paved Road,9016.92,Single-family,False,< 0.25 ac,130000.0,14.417339845534839,False,False,False,False,False,False,True,False
Sold,R11135009,7170,2220 SE Glover Street,Port Saint Lucie,PORT SAINT LUCIE,135000.0,135000.0,0.23,,"Less Than 1/4 Acre Lot, West Of US 1",single f,,Single,False,"Paved Road, Public Road",10018.800000000001,,False,< 0.25 ac,135000.0,13.474667624865251,False,False,False,False,False,False,False,True
Sold,R11095270,7190,2189 SE Gaslight Street,Port St Lucie Section Thir,PORT ST LUCIE SECTION THIR,130000.0,130000.0,,,Less Than 1/4 Acre Lot,RS-2,,Unimproved Agri/Recreatn/Moblhome,False,"City/County Maintained, Paved Road, Public Road",,Single-family,False,< 0.25 ac,130000.0,,False,False,False,False,False,False,False,False
Sold,R11152795,5420,936 39th Street,Northwood,NORTHWOOD ADD,115000.0,115000.0,0.13,,Less Than 1/4 Acre Lot,SF7(ci,,Single,False,"City/County Maintained, Paved Road, Public Road",5662.8,Single-family,False,< 0.25 ac,115000.0,20.3079748534294,False,False,False,False,False,False,False,False
Sold,B26030345,6331 Indian River – Central County,4606 32nd Avenue,Smith Plaza,SMITH PLAZA,100000.0,100000.0,0.69,,"1/2 To Less Than 3/4 Acre Lot, Less Than 1 Acre",RM-10,,Unimproved Agri/Recreatn/Moblhome,False,Paved Road,30056.399999999998,Multifamily,False,0.5–0.75 ac,100000.0,3.3270784258926556,False,False,False,False,False,False,False,False
Sold,T20052928,7500,48 NW Boundary Drive,,,120000.0,120000.0,0.0875,,,,,,False,,3811.4999999999995,,False,< 0.25 ac,120000.0,31.483667847304215,False,False,False,False,False,False,False,False
Sold,F10551148,7020,871 Osprey Lane,Ocean Resorts Cooperative,OCEAN RESORTS COOPERATIVE,129000.0,129000.0,0.05,2028.0,"Less Than 1/4 Acre Lot, Interior Lot",Mobile H,Zoned Residential,Unimproved Agri/Recreatn/Moblhome,False,Paved Road,2028.0,Single-family,False,< 0.25 ac,129000.0,63.6094674556213,False,False,True,False,False,False,False,False
Sold,R11150228,7040,Tbd Southwind Trail,Metes And Bounds,METES AND BOUNDS,102000.0,102000.0,1.16,,"1 To Less Than 2 Acre Lot, West Of US 1",AR-1Co,,Unimproved Agri/Recreatn/Moblhome,False,,50529.6,Acreage / rural,False,1–2 ac,102000.0,2.0186187897786643,False,False,False,False,False,False,False,True
Sold,F10539680,7720,2624 SW Harem Circle,Port St Lucie,PORT ST LUCIE SEC 05,110000.0,110000.0,0.24,10625.0,1/4 To Less Than 1/2 Acre Lot,RS-2 PSL,Zoned Residential,Unimproved Agri/Recreatn/Moblhome,False,City/County Maintained,10625.0,Single-family,False,0.25–0.5 ac,110000.0,10.352941176470589,False,False,False,False,False,False,False,False
Sold,A11678640,5940 Florida Other,4013 Camp Shore,Highland Lakes Reserve,HIGHLAND LAKES RESERVE,117000.0,117000.0,2.4,104544.0,2 To Less Than 3 Acre Lot,R1A,Zoned Residential,Residential,False,,104544.0,Single-family,False,2–3 ac,117000.0,1.1191460055096418,False,False,False,False,False,False,False,False
Sold,R11159134,7180,115 SE Via Bisento,Tesoro Preserve,TESORO PRESERVE PLAT NO 2,125000.0,125000.0,0.185,,Less Than 1/4 Acre Lot,Res,,Unimproved Agri/Recreatn/Moblhome,True,Private Road,8058.599999999999,Single-family,False,< 0.25 ac,125000.0,15.511379147742785,False,False,False,False,False,False,False,False
Sold,A11957467,5940 Florida Other,LOT 36 BURMEISTER RD,Fernandina Beach,FERNANDINA BEACH,105000.0,105000.0,1.0,,,,Zoned Residential,Residential,False,,43560.0,Single-family,False,1–2 ac,105000.0,2.4104683195592287,False,False,False,False,False,False,False,False
Sold,A11939838,31,6617 NW 18th Ave,Liberty City,LIBERTY CITY,75000.0,75000.0,3000.0,2800.0,,¤6400,Zoned Multifamily,Other,False,,2800.0,Multifamily,False,< 0.25 ac,75000.0,26.785714285714285,False,False,False,False,False,False,False,False
Sold,A11921123,5940 Florida Other,24220 Blackbeard,Pirate Harbor,PIRATE HARBOR,100000.0,100000.0,0.25,,1/4 To Less Than 1/2 Acre Lot,,Zoned Residential,Residential,True,,10890.0,Single-family,False,0.25–0.5 ac,100000.0,9.182736455463727,False,False,False,False,False,False,False,False
Sold,R11150213,5960 US not Florida,15729 NW 278th Street,Southern Colonization Comp,SOUTHERN COLONIZATION COMP,118000.0,118000.0,5.0,,5 To Less Than 10 Acre Lot,res/ag,,Unimproved Agri/Recreatn/Moblhome,False,,217800.0,Single-family,False,5–10 ac,118000.0,0.54178145087236,False,False,False,False,False,False,False,False
Sold,R11122566,7060,1809 S 29th Street,Fairlawn,FAIRLAWN,70000.0,70000.0,,,,SF Moder,,Single,False,"County Road, City/County Maintained, State Road",,Single-family,False,,70000.0,,False,False,False,False,False,False,False,False
Sold,F10537859,,548 SW 6th Terrace,Lincoln Park,LINCOLN PARK ADD,90000.0,90000.0,0.11,5044.0,,1900,Zoned Residential,Unimproved Agri/Recreatn/Moblhome,False,,5044.0,Single-family,False,< 0.25 ac,90000.0,17.842981760507534,False,False,False,False,False,False,False,False
Sold,A11991776,3421,4240 NE 3rd Ave,Forest Park,FOREST PARK,105000.0,105000.0,0.16,,,¤RS-4c,Zoned Residential,Residential,False,,6969.6,Single-family,False,< 0.25 ac,105000.0,15.065426997245178,False,False,False,False,False,False,False,False
Sold,B26025330,5940 Florida Other,4450 Pioneer 9th Street,Pioneer Plant Unrec,PIONEER PLANT UNREC SEC 27,114000.0,114000.0,1.25,,1 To Less Than 2 Acre Lot,RR,,Unimproved Agri/Recreatn/Moblhome,False,,54450.0,Acreage / rural,False,1–2 ac,114000.0,2.09366391184573,False,False,False,False,False,False,False,False
Sold,A11836879,6070,5120 SE Jack Ave,Port Salerno,PORT SALERNO,80000.0,80000.0,0.165,7125.0,Less Than 1/4 Acre Lot,Mixed CRA,Zoned Residential,Residential,False,"City/County Maintained, Public Road",7125.0,Single-family,False,< 0.25 ac,80000.0,11.228070175438596,False,False,False,False,False,False,False,False
Sold,R11134476,6220 SE Okeechobee County,2903 SE 29th Lane,Taylor Creek,TAYLOR CREEK,90000.0,90000.0,0.31,,1/4 To Less Than 1/2 Acre Lot,SF/MAN,,Unimproved Agri/Recreatn/Moblhome,True,"County Road, Paved Road, Public Road",13503.6,Single-family,False,0.25–0.5 ac,90000.0,6.664889362836576,False,False,False,False,False,False,False,False
Sold,T20055946,7180,119 SE Via Bisento,,,120000.0,120000.0,0.1569,,,,,Single,False,,6834.564,,False,< 0.25 ac,120000.0,17.557813490370417,False,False,False,False,False,False,False,False
Sold,R11164012,7720,401 SW Tulip Boulevard,Port St Lucie Section,PORT ST LUCIE SECTION 41,112000.0,112000.0,0.28,,1/4 To Less Than 1/2 Acre Lot,RES,,Unimproved Agri/Recreatn/Moblhome,False,Public Road,12196.800000000001,Single-family,False,0.25–0.5 ac,112000.0,9.182736455463727,False,False,False,False,False,False,False,False
Sold,A12024518,98 Florida Keys,0 Palm,Summerland Key Garden,SUMMERLAND KEY GARDEN,82500.0,82500.0,0.17,7427.0,,¤is,Zoned Residential,Residential,False,,7427.0,Single-family,False,< 0.25 ac,82500.0,11.108119025178404,False,False,False,False,False,False,False,False
Sold,A11924875,5940 Florida Other,3753 St Augustine Pl,Lake Padgett Estates East,LAKE PADGETT ESTATES EAST,105000.0,105000.0,0.0,10800.0,Less Than 1/4 Acre Lot,residential,Zoned Residential,Residential,False,"Paved Road, Public Road",10800.0,Single-family,False,< 0.25 ac,105000.0,9.722222222222221,False,False,False,False,False,False,False,False
Sold,F10531140,5940 Florida Other,000 50th Avenue,Golden Gate Estate,GOLDEN GATE ESTATE UNIT 3,68000.0,68000.0,2.27,118919.0,,E,Zoned Residential,Unimproved Agri/Recreatn/Moblhome,False,,118919.0,Single-family,False,2–3 ac,68000.0,0.5718177919424146,False,False,False,False,False,False,False,False
Sold,R11154926,7040,0 Slash Pine Trail,Metes And Bounds,METES AND BOUNDS,120000.0,120000.0,,,,AR-1Co,,Single,False,City/County Maintained,,Acreage / rural,False,,120000.0,,False,False,False,False,False,False,False,False
Sold,T20051517,7500,433 NW Boundary Drive,,,115000.0,115000.0,0.0578,,,,,,False,,2517.768,,False,< 0.25 ac,115000.0,45.67537596792079,False,False,False,False,False,False,False,False
Sold,B26010121,3460,438 NW 13th Avenue,First To Tuskegee Park,FIRST ADD TO TUSKEGEE PARK,105000.0,105000.0,0.0904,,"Less Than 1/4 Acre Lot, Less Than 1 Acre",RS-8,,Unimproved Agri/Recreatn/Moblhome,False,,3937.8239999999996,Single-family,False,< 0.25 ac,105000.0,26.664472561495895,False,False,False,False,False,False,False,False
Sold,B26006277,6352 Sebastian County,8176 96th Court,Vero Lake Estates,VERO LAKE ESTATES UNIT E,98000.0,98000.0,0.45,,"1/4 To Less Than 1/2 Acre Lot, Corner Lot, Less Than 1 Acre, West Of US 1",RS-3,,Unimproved Agri/Recreatn/Moblhome,False,,19602.0,Single-family,False,0.25–0.5 ac,98000.0,4.999489847974696,True,False,False,False,False,False,False,True
Sold,T20054933,7180,103 SE Via Bisento,,,98000.0,98000.0,0.2414,,Corner Lot,,,Single,False,,10515.384,,False,< 0.25 ac,98000.0,9.319678672695167,True,False,False,False,False,False,False,False
Sold,A11990350,5940 Florida Other,845 N KENNEL ST,Montura Ranch Estates,MONTURA RANCH ESTATES,102000.0,102000.0,1.25,,1 To Less Than 2 Acre Lot,RRF,Zoned Residential,Residential,False,Legal Access Road,54450.0,Single-family,False,1–2 ac,102000.0,1.8732782369146006,False,False,False,False,False,False,False,False
Sold,F10550215,5940 Florida Other,430 & 450 N & 450 Cabbage Palm Street,Montura Ranch Estates,MONTURA RANCH ESTATES,105000.0,105000.0,2.5,54450.0,2 To Less Than 3 Acre Lot,RRF,Zoned Residential,Unimproved Agri/Recreatn/Moblhome,False,,54450.0,Single-family,False,2–3 ac,105000.0,1.9283746556473829,False,False,False,False,False,False,False,False
Sold,R11119146,5940 Florida Other,491 Bywood Avenue,Sebastian Highlands,SEBASTIAN HIGHLANDS UNIT 6,92000.0,92000.0,0.38,,1/4 To Less Than 1/2 Acre Lot,RS-10,,Unimproved Agri/Recreatn/Moblhome,False,"County Road, Paved Road",16552.8,Single-family,False,0.25–0.5 ac,92000.0,5.557972065149099,False,False,False,False,False,False,False,False
Sold,R11141368,6070,5028 SE Driftwood Avenue,Port Salerno,PORT SALERNO,103000.0,103000.0,0.1638,,Less Than 1/4 Acre Lot,PS Redev,,Unimproved Agri/Recreatn/Moblhome,False,"Paved Road, Public Road",7135.128,,False,< 0.25 ac,103000.0,14.435620496226557,False,False,False,False,False,False,False,False
Sold,R11149306,5940 Florida Other,1801 N Roosevelt Boulevard,Monroe Investment Co,MONROE INVESTMENT CO. SUB,109000.0,109000.0,,,,Public&SemiPub,,,True,"City/County Maintained, Public Road",,,False,,109000.0,,False,False,False,False,False,False,False,False
Sold,R11123768,7190,2249 SE Lennard Road,Port St Lucie Section,PORT ST LUCIE SECTION 30,100000.0,100000.0,0.23,,"Less Than 1/4 Acre Lot, East Of US 1, Interior Lot",CP-PSL,,Unimproved Agri/Recreatn/Moblhome,False,"City/County Maintained, Paved Road, Public Road",10018.800000000001,,False,< 0.25 ac,100000.0,9.981235277677964,False,False,True,False,False,False,True,False
Sold,A11829081,22,400 Sunny Isles Blvd Dd 211,Intracoastal Waterway,INTRACOASTAL WATERWAY,103000.0,103000.0,0.0,,Less Than 1/4 Acre Lot,¤6110,Boat Dock or Dockominium,Dockominium,True,Paved Road,,Dock,True,< 0.25 ac,103000.0,,False,False,False,False,False,False,False,False
Sold,A12015990,5940 Florida Other,235 &  225 S ARBOLEDA ST,Montura Ranch Estates,MONTURA RANCH ESTATES,97000.0,97000.0,2.5,,2 To Less Than 3 Acre Lot,RRF,Zoned Residential,Residential,True,Legal Access Road,108900.0,Single-family,False,2–3 ac,97000.0,0.8907254361799817,False,False,False,False,False,False,False,False
Sold,R11073878,5420,0 W 2nd Street,Riviera Beach Heights,RIVIERA BEACH HEIGHTS ADD,80000.0,80000.0,0.12,,Less Than 1/4 Acre Lot,RS-8(c,,Unimproved Agri/Recreatn/Moblhome,False,County Road,5227.2,Single-family,False,< 0.25 ac,80000.0,15.304560759106215,False,False,False,False,False,False,False,False
Sold,F10548975,6240 NW Okeechobee County,508 NW 30th Lane,Tropical Gardens,TROPICAL GARDENS,90000.0,90000.0,1.0,21824.0,,,Zoned Residential,Unimproved Agri/Recreatn/Moblhome,False,,21824.0,Single-family,False,0.5–0.75 ac,90000.0,4.123900293255132,False,False,False,False,False,False,False,False
Sold,R11153101,6351 Sebastian,106 Tracy Drive,Sebastian Highlands,SEBASTIAN HIGHLANDS UNIT 1,91000.0,91000.0,0.25,,"1/4 To Less Than 1/2 Acre Lot, West Of US 1",RS-10,,Unimproved Agri/Recreatn/Moblhome,False,Paved Road,10890.0,Single-family,False,0.25–0.5 ac,91000.0,8.356290174471992,False,False,False,False,False,False,False,True
Sold,R11159867,7040,3218 Sunrise Boulevard,Maravilla Heights Subdivi,MARAVILLA HEIGHTS SUBDIVI,75000.0,75000.0,0.57,,,SFLowD,,Single,False,Public Road,24829.199999999997,Single-family,False,0.5–0.75 ac,75000.0,3.0206369919288583,False,False,False,False,False,False,False,False
Sold,R10997096,7090,00 Maravilla Boulevard,Maravilla Heights Subdivis,MARAVILLA HEIGHTS SUBDIVIS,85000.0,85000.0,0.46,,1/4 To Less Than 1/2 Acre Lot,RS-4Co,,Unimproved Agri/Recreatn/Moblhome,False,Paved Road,20037.600000000002,Single-family,False,0.25–0.5 ac,85000.0,4.242024993013135,False,False,False,False,False,False,False,False
Sold,A11841993,32,37 Street Collins Avenue,Miami Beach,MIAMI BEACH,75000.0,75000.0,0.0344,,,RECREATIONAL,Zoned Residential,Residential,True,"No Road Access, Other Road",1498.464,Single-family,False,< 0.25 ac,75000.0,50.051252482542125,False,False,False,False,False,False,False,False
Sold,R11073889,5280,W W 3rd Street,Riviera Beach Heights,RIVIERA BEACH HEIGHTS ADD,80000.0,80000.0,0.12,,Less Than 1/4 Acre Lot,RS-8(c,,Unimproved Agri/Recreatn/Moblhome,False,Paved Road,5227.2,Single-family,False,< 0.25 ac,80000.0,15.304560759106215,False,False,False,False,False,False,False,False
Sold,B26004234,5420,624 58th Street,North Palm Bch Lots,"NORTH PALM BCH 4, LOTS 17",75000.0,75000.0,0.1171,,"Less Than 1/4 Acre Lot, Less Than 1 Acre",SF7 (city),,Unimproved Agri/Recreatn/Moblhome,False,,5100.876,Single-family,False,< 0.25 ac,75000.0,14.703356835178898,False,False,False,False,False,False,False,False
Sold,A12027862,5940 Florida Other,3720 SW 5th Ave,Cape Coral,CAPE CORAL,92000.0,92000.0,0.23,,,,Zoned Residential,Residential,True,,10018.800000000001,Single-family,False,< 0.25 ac,92000.0,9.182736455463727,False,False,False,False,False,False,False,False
Sold,R11142067,5940 Florida Other,3632 SE 18th Terrace,Taylor Creek,TAYLOR CREEK,91000.0,91000.0,0.19,,Less Than 1/4 Acre Lot,Vacant Resident,,Unimproved Agri/Recreatn/Moblhome,True,Paved Road,8276.4,,False,< 0.25 ac,91000.0,10.995118650621043,False,False,False,False,False,False,False,False
Sold,A11983472,7010,0 S Ocean Dr,Surfside Plaza Rep,SURFSIDE PLAZA UNIT 1 REP,90000.0,90000.0,0.35,15246.0,,¤Hutch Is,Zoned Residential,Other,False,"Paved Road, Public Road",15246.0,Single-family,False,0.25–0.5 ac,90000.0,5.903187721369539,False,False,False,False,False,False,False,False
Sold,R11014210,7220,465 SE Fascino Circle,Tesoro,TESORO,78000.0,78000.0,0.15,,Less Than 1/4 Acre Lot,RES,,Single,True,Paved Road,6534.0,Single-family,False,< 0.25 ac,78000.0,11.937557392102846,False,False,False,False,False,False,False,False
Sold,A11992111,5940 Florida Other,335 & 345 S KENNEL ST,Montura Ranch Estates,MONTURA RANCH ESTATES,90000.0,90000.0,2.5,,2 To Less Than 3 Acre Lot,RRF,Zoned Residential,Residential,False,Legal Access Road,108900.0,Single-family,False,2–3 ac,90000.0,0.8264462809917356,False,False,False,False,False,False,False,False
Sold,A11633572,5940 Florida Other,545 & 555 N Zambria Street,Montura Ranches,MONTURA RANCHES,97000.0,97000.0,2.5,108900.0,,rrf,Zoned Residential,Residential,False,Other Road,108900.0,Single-family,False,2–3 ac,97000.0,0.8907254361799817,False,False,False,False,False,False,False,False
Sold,R11153823,5940 Florida Other,564 SE 40th Avenue,Lakeside Shores,LAKESIDE SHORES,90000.0,90000.0,0.5,,1/2 To Less Than 3/4 Acre Lot,Residential,,Unimproved Agri/Recreatn/Moblhome,True,"Paved Road, Public Road",21780.0,Single-family,False,0.5–0.75 ac,90000.0,4.132231404958677,False,False,False,False,False,False,False,False
Sold,A11994103,5940 Florida Other,8541 Stringfellow RD,James City,JAMES CITY,88000.0,88000.0,1.15,,,,Zoned Residential,Other,False,,50093.99999999999,Single-family,False,1–2 ac,88000.0,1.756697408871322,False,False,False,False,False,False,False,False
Sold,R11168260,6372 Brevard County (W of Indian River),000 Victoria Drive,Bay Crest Villa,BAY CREST VILLA,75000.0,75000.0,0.48,,1/4 To Less Than 1/2 Acre Lot,res,,Unimproved Agri/Recreatn/Moblhome,False,"Paved Road, Public Road",20908.8,Single-family,False,0.25–0.5 ac,75000.0,3.587006427915519,False,False,False,False,False,False,False,False
Sold,F10416323,5940 Florida Other,0000 NE 70th St/,Silver Mdws North,SILVER MDWS NORTH,90000.0,90000.0,1.26,60984.0,1 To Less Than 2 Acre Lot,R1,Zoned Residential,Unimproved Agri/Recreatn/Moblhome,False,,60984.0,Single-family,False,1–2 ac,90000.0,1.4757969303423848,False,False,False,False,False,False,False,False
Sold,A11836886,6070,5110 SE Jack Ave,Port Salerno,PORT SALERNO,80000.0,80000.0,0.16,7125.0,Regular Lot,Mixed,Zoned Multifamily,Other,False,"Legal Access Road, City/County Maintained, Public Road",7125.0,Multifamily,False,< 0.25 ac,80000.0,11.228070175438596,False,False,False,False,False,False,False,False
Sold,R11132176,6230 SW Okeechobee County,14082 SW 16th Court,River Oak Grove,RIVER OAK GROVE,90000.0,90000.0,0.7405,,1/2 To Less Than 3/4 Acre Lot,res,,Unimproved Agri/Recreatn/Moblhome,False,County Road,32256.18,Single-family,False,0.5–0.75 ac,90000.0,2.7901630013225374,False,False,False,False,False,False,False,False
Sold,R11155916,7150,0 Hickory Drive,Indian River Estates,INDIAN RIVER ESTATES UNIT,80000.0,80000.0,0.23,,"Less Than 1/4 Acre Lot, East Of US 1",RS-4Co,,Unimproved Agri/Recreatn/Moblhome,False,"Paved Road, Public Road",10018.800000000001,Single-family,False,< 0.25 ac,80000.0,7.984988222142372,False,False,False,False,False,False,True,False
Sold,A11938106,7150,5200 Hickory Dr,Indian River Estates,INDIAN RIVER ESTATES UNIT,83900.0,83900.0,0.2296,10000.0,,¤RS-4 Cou,Zoned Residential,Residential,False,,10000.0,Single-family,False,< 0.25 ac,83900.0,8.39,False,False,False,False,False,False,False,False
Sold,F10554942,6351 Sebastian,412 Mango Avenue,Sebastian Highlands,SEBASTIAN HIGHLANDS,97000.0,97000.0,0.23,10019.0,"Less Than 1/4 Acre Lot, Less Than 1 Acre",RS-10,Zoned Residential,Unimproved Agri/Recreatn/Moblhome,False,,10019.0,Single-family,False,< 0.25 ac,97000.0,9.681604950593872,False,False,False,False,False,False,False,False
Sold,R11141635,5940 Florida Other,401 Betty Avenue,Portions Seba,REPLAT OF PORTIONS OF SEBA,87000.0,87000.0,0.25,,1/4 To Less Than 1/2 Acre Lot,RS-10,,Unimproved Agri/Recreatn/Moblhome,False,Paved Road,10890.0,Single-family,False,0.25–0.5 ac,87000.0,7.988980716253444,False,False,False,False,False,False,False,False
Sold,R11164666,6220 SE Okeechobee County,2024 SE 34th Lane,Taylor Creek,TAYLOR CREEK,92000.0,92000.0,0.1894,,Less Than 1/4 Acre Lot,res,,Unimproved Agri/Recreatn/Moblhome,True,"County Road, City/County Maintained, Paved Road, Public Road",8250.264000000001,Single-family,False,< 0.25 ac,92000.0,11.151158314449088,False,False,False,False,False,False,False,False
Sold,B26030967,6240 NW Okeechobee County,19201 NW 256th Street,Vk Viking Estates,VK2964 THE VIKING ESTATES,95000.0,95000.0,1.25,,1 To Less Than 2 Acre Lot,Agriculture/Res,,Unimproved Agri/Recreatn/Moblhome,False,"County Road, Paved Road",54450.0,Acreage / rural,False,1–2 ac,95000.0,1.7447199265381084,False,False,False,False,False,False,False,False
Sold,R11169708,6351 Sebastian,306 Main Street,Sebastian Highlands,SEBASTIAN HIGHLANDS UNIT 2,95000.0,95000.0,0.23,,"Less Than 1/4 Acre Lot, Less Than 1 Acre, West Of US 1",RS-10,,Unimproved Agri/Recreatn/Moblhome,False,"City/County Maintained, Paved Road",10018.800000000001,Single-family,False,< 0.25 ac,95000.0,9.482173513794066,False,False,False,False,False,False,False,True
Sold,R11149012,6351 Sebastian,737 Benedictine Terrace,Sebastian Highlands,SEBASTIAN HIGHLANDS UNIT 1,92000.0,92000.0,0.23,,Less Than 1/4 Acre Lot,RS-10,,Unimproved Agri/Recreatn/Moblhome,False,"City/County Maintained, Paved Road",10018.800000000001,Single-family,False,< 0.25 ac,92000.0,9.182736455463727,False,False,False,False,False,False,False,False
Sold,T20054051,7150,5603 Tangelo Drive,,,85000.0,85000.0,0.4037,,East Of US 1,RES,,Single,False,"Paved Road, Public Road",17585.172,Single-family,False,0.25–0.5 ac,85000.0,4.833617777523018,False,False,False,False,False,False,True,False
Sold,T20053640,7500,3 NW Boundary Drive,,,75000.0,75000.0,0.0578,,,,,,False,,2517.768,,False,< 0.25 ac,75000.0,29.788288674730953,False,False,False,False,False,False,False,False
Sold,A11934376,5940 Florida Other,1236 SE 21st Place,Cape Coral,CAPE CORAL,82000.0,82000.0,0.23,9932.0,Less Than 1/4 Acre Lot,,Zoned Residential,Residential,False,"City/County Maintained, Paved Road, Public Road",9932.0,Single-family,False,< 0.25 ac,82000.0,8.256141763995167,False,False,False,False,False,False,False,False
Sold,A11908867,5940 Florida Other,13365 Palau Cir,Port Charlotte,PORT CHARLOTTE,90000.0,90000.0,0.29,,1/4 To Less Than 1/2 Acre Lot,RES,Zoned Residential,Residential,True,Paved Road,12632.4,Single-family,False,0.25–0.5 ac,90000.0,7.124536905101168,False,False,False,False,False,False,False,False
Sold,R11096542,6030,958 NE Dahoon Terrace,Holly Creek,HOLLY CREEK,84000.0,84000.0,0.24,,"Less Than 1/4 Acre Lot, Cul-De-Sac Lot",Resident,,Single,False,Paved Road,10454.4,Single-family,False,< 0.25 ac,84000.0,8.034894398530762,False,True,False,False,False,False,False,False
Sold,R11139341,5940 Florida Other,1662 Sunport Road,Sebastian Highlands,SEBASTIAN HIGHLANDS UNIT 1,94500.0,94500.0,0.23,,Less Than 1/4 Acre Lot,RS-10,,Unimproved Agri/Recreatn/Moblhome,False,"City/County Maintained, Paved Road, Public Road",10018.800000000001,Single-family,False,< 0.25 ac,94500.0,9.432267337405676,False,False,False,False,False,False,False,False
Sold,R11149370,5940 Florida Other,4110 58th Avenue,Ranch Estates,RANCH ESTATES,80000.0,80000.0,0.59,,"1/2 To Less Than 3/4 Acre Lot, Corner Lot, West Of US 1",RES-SF,,Unimproved Agri/Recreatn/Moblhome,False,"County Road, City/County Maintained, Paved Road, Public Road",25700.399999999998,Single-family,False,0.5–0.75 ac,80000.0,3.112792018801264,True,False,False,False,False,False,False,True
Sold,F10555031,6351 Sebastian,557 Drawdy Way,Sebastian Highlands,SEBASTIAN HIGHLANDS,94000.0,94000.0,0.27,11761.0,"1/4 To Less Than 1/2 Acre Lot, Less Than 1 Acre",RS-10,Zoned Residential,Unimproved Agri/Recreatn/Moblhome,False,,11761.0,Single-family,False,0.25–0.5 ac,94000.0,7.992517643057563,False,False,False,False,False,False,False,False
Sold,B26004559,6351 Sebastian,857 Beard Avenue,Sebastian Highlands,SEBASTIAN HIGHLANDS UNIT 4,89000.0,89000.0,0.23,,"Less Than 1/4 Acre Lot, Interior Lot, Less Than 1 Acre, West Of US 1",RS-10,,Unimproved Agri/Recreatn/Moblhome,False,"City/County Maintained, Paved Road",10018.800000000001,Single-family,False,< 0.25 ac,89000.0,8.883299397133388,False,False,True,False,False,False,False,True
Sold,B26004435,6351 Sebastian,774 Bayfront Terrace,Sebastian Highlands,SEBASTIAN HIGHLANDS UNIT 1,67000.0,67000.0,0.23,,"Less Than 1/4 Acre Lot, Interior Lot, Less Than 1 Acre, West Of US 1",RS-10,,Unimproved Agri/Recreatn/Moblhome,False,Paved Road,10018.800000000001,Single-family,False,< 0.25 ac,67000.0,6.687427636044236,False,False,True,False,False,False,False,True
Sold,R11123460,6314 Indian River – Beach North,9345 101st,Vero Estates Lakes,VERO ESTATES LAKES,92000.0,92000.0,,,,Reidential,,Unimproved Agri/Recreatn/Moblhome,False,"Paved Road, Public Road",,,False,,92000.0,,False,False,False,False,False,False,False,False
Sold,F10524911,3412,115 SW 1 Aveune,Carver Heights,CARVER HEIGHTS 25-41 B,90000.0,90000.0,0.1302,,,,Zoned Residential,Unimproved Agri/Recreatn/Moblhome,False,,5671.512000000001,Single-family,False,< 0.25 ac,90000.0,15.868784197229944,False,False,False,False,False,False,False,False
Sold,A11887605,5940 Florida Other,1132 SW 39 th terrace,Cape Coral City,CAPE CORAL CITY,78000.0,78000.0,0.2296,,,,Zoned Residential,Residential,False,,10001.376,Single-family,False,< 0.25 ac,78000.0,7.79892686766301,False,False,False,False,False,False,False,False
Sold,R11113157,5940 Florida Other,1422 SW 15th Street,Cape Coral,CAPE CORAL,63000.0,63000.0,0.2296,,"Less Than 1/4 Acre Lot, 1/4 To Less Than 1/2 Acre Lot",R1-W,,Unimproved Agri/Recreatn/Moblhome,True,City/County Maintained,10001.376,Single-family,False,< 0.25 ac,63000.0,6.299133239266276,False,False,False,False,False,False,False,False
Sold,F10535470,6240 NW Okeechobee County,16431 NW 254th Street,Southern Colonization Co,SOUTHERN COLONIZATION CO,75000.0,75000.0,2.5,54450.0,,,Zoned Residential,Unimproved Agri/Recreatn/Moblhome,False,,54450.0,Single-family,False,1–2 ac,75000.0,1.3774104683195592,False,False,False,False,False,False,False,False
Sold,T20055748,6140,5152 SE Primrose Way,,,105000.0,105000.0,0.18,,,,,Single,False,Paved Road,7840.799999999999,,False,< 0.25 ac,105000.0,13.391490664217939,False,False,False,False,False,False,False,False
Sold,R11135050,6351 Sebastian,462 Joy Haven Drive,Sebastian Highlands,SEBASTIAN HIGHLANDS UNIT 1,88000.0,88000.0,0.23,,Less Than 1/4 Acre Lot,RS-10,,Unimproved Agri/Recreatn/Moblhome,False,"County Road, Paved Road, Public Road",10018.800000000001,Single-family,False,< 0.25 ac,88000.0,8.783487044356608,False,False,False,False,False,False,False,False
Sold,B26047401,5940 Florida Other,0 Old Stokes Road,Oe Oakridge Estates,OE4 OAKRIDGE ESTATES,89500.0,89500.0,3.08,,3 To Less Than 4 Acre Lot,A/RR,,Unimproved Agri/Recreatn/Moblhome,False,"County Road, Paved Road",134164.80000000002,Acreage / rural,False,3–4 ac,89500.0,0.6670900265941587,False,False,False,False,False,False,False,False
Sold,R11160942,7150,4609 Sunset Boulevard,Indian River Estates,INDIAN RIVER ESTATES UNIT,89000.0,89000.0,0.23,,Less Than 1/4 Acre Lot,RS-4Co,,Single,False,"Paved Road, Public Road",10018.800000000001,Single-family,False,< 0.25 ac,89000.0,8.883299397133388,False,False,False,False,False,False,False,False
Sold,B26019862,6351 Sebastian,769 Tulip Drive,Sebastian Highlands,SEBASTIAN HIGHLANDS UNIT 1,77500.0,77500.0,0.23,,"Less Than 1/4 Acre Lot, Less Than 1 Acre",RS-10,,Unimproved Agri/Recreatn/Moblhome,False,"County Road, Paved Road",10018.800000000001,Single-family,False,< 0.25 ac,77500.0,7.735457340200423,False,False,False,False,False,False,False,False
Sold,B26018961,6351 Sebastian,Tbd Tulip Drive,Sebastian Highlands,SEBASTIAN HIGHLANDS UNIT 1,77500.0,77500.0,0.23,,"Less Than 1/4 Acre Lot, Less Than 1 Acre",RS-10,,Unimproved Agri/Recreatn/Moblhome,False,Paved Road,10018.800000000001,Single-family,False,< 0.25 ac,77500.0,7.735457340200423,False,False,False,False,False,False,False,False
Sold,R11158495,5940 Florida Other,110 Marsh Street,Sebastian Highlands,SEBASTIAN HIGHLANDS UNIT 1,75000.0,75000.0,0.2296,,Less Than 1/4 Acre Lot,RM-8,,Unimproved Agri/Recreatn/Moblhome,False,Paved Road,10001.376,Multifamily,False,< 0.25 ac,75000.0,7.498968141983663,False,False,False,False,False,False,False,False
Sold,R11149295,5940 Florida Other,0 NW 87th Court,Dixie Ranch Acres,DIXIE RANCH ACRES,75000.0,75000.0,,,,SFR,,Single,False,Paved Road,,Single-family,False,,75000.0,,False,False,False,False,False,False,False,False
Sold,A11887380,5940 Florida Other,5138 N buffalo Dr,Pine Ridge,PINE RIDGE,70000.0,70000.0,1.0,,,,Zoned Residential,Residential,False,,43560.0,Single-family,False,1–2 ac,70000.0,1.6069788797061524,False,False,False,False,False,False,False,False
Sold,A11738930,5940 Florida Other,2133 coral point drive,City Cape Coral,CITY OF CAPE CORAL,70000.0,70000.0,0.22,,,,Zoned Residential,Residential,False,,9583.2,Single-family,False,< 0.25 ac,70000.0,7.3044494532097834,False,False,False,False,False,False,False,False
Sold,T20051266,6080,709 SE East Avenue,,,75000.0,75000.0,0.124,,,,,Other,False,,5401.44,,False,< 0.25 ac,75000.0,13.885186172576203,False,False,False,False,False,False,False,False
Sold,B26027968,7040,5203 Indian Bend Lane,Holiday Pinessubdivision,HOLIDAY PINESSUBDIVISION P,83000.0,83000.0,0.38,,"1/4 To Less Than 1/2 Acre Lot, Less Than 1 Acre",RS-4 Count,,Unimproved Agri/Recreatn/Moblhome,False,Paved Road,16552.8,Single-family,False,0.25–0.5 ac,83000.0,5.014257406601905,False,False,False,False,False,False,False,False
Sold,R11159429,5280,6th W 6th Street,Inlet City,INLET CITY,70000.0,70000.0,0.1148,,Less Than 1/4 Acre Lot,RS-8(c,,Unimproved Agri/Recreatn/Moblhome,False,,5000.688,Single-family,False,< 0.25 ac,70000.0,13.99807386503617,False,False,False,False,False,False,False,False
Sold,F10489118,5940 Florida Other,4030 26th Avenue,Golden Gate Estate,GOLDEN GATE ESTATE UNIT 8,82000.0,82000.0,1.14,49658.0,1 To Less Than 2 Acre Lot,E,Zoned Residential,Unimproved Agri/Recreatn/Moblhome,False,,49658.0,Single-family,False,1–2 ac,82000.0,1.6512948568206534,False,False,False,False,False,False,False,False
Sold,R11132110,5940 Florida Other,7765 135th Street,Wauregan,PLAT OF WAUREGAN,80000.0,80000.0,0.34,,1/4 To Less Than 1/2 Acre Lot,RS-6,,Unimproved Agri/Recreatn/Moblhome,False,,14810.400000000001,Single-family,False,0.25–0.5 ac,80000.0,5.401609679684546,False,False,False,False,False,False,False,False
Sold,A11948174,49,0 0,Interim Await Specifi,8900 INTERIM-AWAIT SPECIFI,75000.0,75000.0,1.0,43560.0,3/4 To Less Than 1 Acre Lot,¤8900,Zoned Residential,Other,False,,43560.0,Single-family,False,0.75–1 ac,75000.0,1.721763085399449,False,False,False,False,False,False,False,False
Sold,B26031950,6351 Sebastian,110 King Fisher Way,Laurel Reserve Phase,LAUREL RESERVE PHASE 1,80000.0,80000.0,0.61,,"1/2 To Less Than 3/4 Acre Lot, Cul-De-Sac Lot, Less Than 1 Acre, West Of US 1",PUD-R,,Unimproved Agri/Recreatn/Moblhome,False,"Paved Road, Private Road",26571.6,,False,0.5–0.75 ac,80000.0,3.0107332640864684,False,True,False,False,False,False,False,True
Sold,T20052412,7500,167 NW Hazard Way,,,73000.0,73000.0,0.0657,,,,,,False,,2861.892,,False,< 0.25 ac,73000.0,25.507601265177023,False,False,False,False,False,False,False,False
Sold,A11904909,5940 Florida Other,4689 WOODSTOCK RD,Gulf Shores Estates,GULF SHORES ESTATES,75000.0,75000.0,0.94,,,,Zoned Residential,Residential,False,,40946.399999999994,Single-family,False,0.75–1 ac,75000.0,1.8316628568079247,False,False,False,False,False,False,False,False
Sold,F10540165,5280,TBD W Tbd 9th Street,Inlet City,INLET CITY,75000.0,75000.0,0.13,5497.0,,RM15,Zoned Residential,Unimproved Agri/Recreatn/Moblhome,False,,5497.0,Single-family,False,< 0.25 ac,75000.0,13.643805712206658,False,False,False,False,False,False,False,False
Sold,T20051329,6120,2574 SW Monarch Trail,,,70000.0,70000.0,0.14,,West Of US 1,,,Mobile,False,,6098.400000000001,,False,< 0.25 ac,70000.0,11.478420569329659,False,False,False,False,False,False,False,True
Sold,R11149360,6220 SE Okeechobee County,686 SE 40th Avenue,Lakeside Shores,LAKESIDE SHORES,73500.0,73500.0,0.5,,1/2 To Less Than 3/4 Acre Lot,RES,,Unimproved Agri/Recreatn/Moblhome,False,City/County Maintained,21780.0,Single-family,False,0.5–0.75 ac,73500.0,3.37465564738292,False,False,False,False,False,False,False,False
Sold,R11156968,7150,Tbd S Baysinger Avenue,Regina Palms,REGINA PALMS,52500.0,52500.0,0.31,,1/4 To Less Than 1/2 Acre Lot,RS-3-C,,Unimproved Agri/Recreatn/Moblhome,False,City/County Maintained,13503.6,Single-family,False,0.25–0.5 ac,52500.0,3.8878521283213363,False,False,False,False,False,False,False,False
Sold,R11164708,5940 Florida Other,111 N Hickory Street,Town Fellsmere,TOWN OF FELLSMERE,70000.0,70000.0,0.36,,1/4 To Less Than 1/2 Acre Lot,R-1,,Unimproved Agri/Recreatn/Moblhome,False,Paved Road,15681.599999999999,Single-family,False,0.25–0.5 ac,70000.0,4.4638302214059795,False,False,False,False,False,False,False,False
Sold,F10525305,,14250 SW 283rd Street,Seapines,SEAPINES,68000.0,68000.0,0.07,3239.0,,2800,Zoned Residential,Unimproved Agri/Recreatn/Moblhome,False,,3239.0,Single-family,False,< 0.25 ac,68000.0,20.99413399197283,False,False,False,False,False,False,False,False
Sold,B26009996,5790,0 W Park Lane,Heritage Farms,HERITAGE FARMS,100000.0,100000.0,0.33,,"1/4 To Less Than 1/2 Acre Lot, Less Than 1 Acre",AR,,,False,,14374.800000000001,Acreage / rural,False,0.25–0.5 ac,100000.0,6.95661852686646,False,False,False,False,False,False,False,False
Sold,A12018807,5940 Florida Other,0 Desoto Boulevard South,Golden Gate Est,GOLDEN GATE EST,70000.0,70000.0,1.17,,,,Zoned Residential,Residential,False,,50965.2,Single-family,False,1–2 ac,70000.0,1.3734862219710706,False,False,False,False,False,False,False,False
Sold,A11996240,5940 Florida Other,491 Sunset Point Dr Lake Placid,Lake June Pointe,LAKE JUNE POINTE,60000.0,60000.0,0.55,,1/2 To Less Than 3/4 Acre Lot,,Zoned Residential,Other,False,,23958.000000000004,Single-family,False,0.5–0.75 ac,60000.0,2.5043826696719256,False,False,False,False,False,False,False,False
Sold,R11169425,5940 Florida Other,19571 NW 262nd Street,Southern Colonization,THE SOUTHERN COLONIZATION,55000.0,55000.0,2.5,,2 To Less Than 3 Acre Lot,resedential,,,False,"Paved Road, Public Road",108900.0,Single-family,False,2–3 ac,55000.0,0.5050505050505051,False,False,False,False,False,False,False,False
Sold,A11965868,5940 Florida Other,312 Horse Club Ave,Montura Ranch Estates,MONTURA RANCH ESTATES,68000.0,68000.0,1.07,,1 To Less Than 2 Acre Lot,0000,Zoned Residential,Residential,False,Public Road,46609.200000000004,Single-family,False,1–2 ac,68000.0,1.4589394368493773,False,False,False,False,False,False,False,False
Sold,F10505271,6210 NE Okeechobee County,10128 NE 20th Lane,Spot In Sun,SPOT IN THE SUN,70000.0,70000.0,1.0,43560.0,1 To Less Than 2 Acre Lot,,Zoned Residential,Unimproved Agri/Recreatn/Moblhome,False,,43560.0,Single-family,False,1–2 ac,70000.0,1.6069788797061524,False,False,False,False,False,False,False,False
Sold,A11932451,5940 Florida Other,307 NE 15th St,Cape Coral,CAPE CORAL,61500.0,61500.0,0.23,,,,Zoned Residential,Residential,True,"City/County Maintained, Paved Road",10018.800000000001,Single-family,False,< 0.25 ac,61500.0,6.138459695771948,False,False,False,False,False,False,False,False
Sold,A11932428,5940 Florida Other,3223 NW 5th Ave,Cape Coral,CAPE CORAL,55000.0,55000.0,0.23,,,,Zoned Residential,Residential,True,,10018.800000000001,Single-family,False,< 0.25 ac,55000.0,5.489679402722881,False,False,False,False,False,False,False,False
Sold,A11932399,5940 Florida Other,3208 NW 4th Pl,Cape Coral,CAPE CORAL,55000.0,55000.0,0.24,,,,Zoned Residential,Residential,True,"City/County Maintained, Paved Road",10454.4,Single-family,False,< 0.25 ac,55000.0,5.260942760942761,False,False,False,False,False,False,False,False
Sold,A11832293,5940 Florida Other,530 N Brida St,Montura Ranch Unrec,MONTURA RANCH UNREC SEC 15,56000.0,56000.0,1.25,,1 To Less Than 2 Acre Lot,,Zoned Residential,Residential,False,,54450.0,Single-family,False,1–2 ac,56000.0,1.0284664830119377,False,False,False,False,False,False,False,False
Sold,R11152678,5280,0 W 6 Th Street,Inlet City,INLET CITY,63000.0,63000.0,0.12,,Less Than 1/4 Acre Lot,RS-8 (Sgl Fam),,Unimproved Agri/Recreatn/Moblhome,False,"Paved Road, Public Road",5227.2,Single-family,False,< 0.25 ac,63000.0,12.052341597796143,False,False,False,False,False,False,False,False
Sold,R11115986,5940 Florida Other,694 SW 86th Terrace,Edgewater Acres,EDGEWATER ACRES,72000.0,72000.0,,,,RES,,Single,False,"Paved Road, Public Road",,Single-family,False,,72000.0,,False,False,False,False,False,False,False,False
Sold,F10530722,6220 SE Okeechobee County,2909 SE 38th Avenue,Treasure Isles Un,TREASURE ISLAND UN 02,70000.0,70000.0,0.19,8250.0,Less Than 1/4 Acre Lot,Residential,Zoned Residential,Unimproved Agri/Recreatn/Moblhome,True,"City/County Maintained, Paved Road, Public Road",8250.0,Single-family,False,< 0.25 ac,70000.0,8.484848484848484,False,False,False,False,False,False,False,False
Sold,F10528042,6230 SW Okeechobee County,9205 SE 60th Drive,Lar Kee Lakes,LAR-KEE LAKES,69500.0,69500.0,0.27,11761.0,1/4 To Less Than 1/2 Acre Lot,RMH,Zoned Residential,Unimproved Agri/Recreatn/Moblhome,False,Paved Road,11761.0,Single-family,False,0.25–0.5 ac,69500.0,5.90936144885639,False,False,False,False,False,False,False,False
Sold,A11874879,5940 Florida Other,0 40th Ct,Marion Oaks,MARION OAKS,65000.0,65000.0,0.59,,,,Zoned Residential,Residential,False,,25700.399999999998,Single-family,False,0.5–0.75 ac,65000.0,2.529143515276027,False,False,False,False,False,False,False,False
Sold,A12000733,7040,0 Emerson Ave,Metes And Bounds,METES AND BOUNDS,70000.0,70000.0,1.14,49658.0,,¤AG-1 Cou,Zoned Residential,Residential,False,,49658.0,Single-family,False,1–2 ac,70000.0,1.4096419509444602,False,False,False,False,False,False,False,False
Sold,R11168974,7040,7908 Banyan Street,Lakewood Park,LAKEWOOD PARK UNIT 3,100000.0,100000.0,0.25,,"Less Than 1/4 Acre Lot, 1/4 To Less Than 1/2 Acre Lot",RS-4Co,,Unimproved Agri/Recreatn/Moblhome,False,"City/County Maintained, Paved Road, Public Road",10890.0,Single-family,False,< 0.25 ac,100000.0,9.182736455463727,False,False,False,False,False,False,False,False
Sold,R11168993,7040,Tbd Santa Clara Boulevard,Lakewood Park,LAKEWOOD PARK UNIT 8B,100000.0,100000.0,0.25,,"Less Than 1/4 Acre Lot, 1/4 To Less Than 1/2 Acre Lot",RS-4Co,,Unimproved Agri/Recreatn/Moblhome,False,Public Road,10890.0,Single-family,False,< 0.25 ac,100000.0,9.182736455463727,False,False,False,False,False,False,False,False
Sold,B26014312,5940 Florida Other,1050 Ehrke Lane,Unrec Harry Traylor,UNREC HARRY O TRAYLOR SUB,60000.0,60000.0,0.148,,"Less Than 1/4 Acre Lot, Less Than 1 Acre",Residential ,,Unimproved Agri/Recreatn/Moblhome,True,"County Road, City/County Maintained",6446.88,Single-family,False,< 0.25 ac,60000.0,9.30682748864567,False,False,False,False,False,False,False,False
Sold,A11982702,5940 Florida Other,32270 OIL WELL RD,Punta Gorda,PUNTA GORDA,42000.0,42000.0,2.5,,,,Zoned Residential,Residential,False,,108900.0,Single-family,False,2–3 ac,42000.0,0.3856749311294766,False,False,False,False,False,False,False,False
Sold,F10555137,5940 Florida Other,"00 6th Ave Se, Golden Gate Estate",Golden Gate Est,GOLDEN GATE EST UNIT 79,60000.0,60000.0,2.73,118919.0,2 To Less Than 3 Acre Lot,E,Zoned Residential,Unimproved Agri/Recreatn/Moblhome,False,Other Road,118919.0,Single-family,False,2–3 ac,60000.0,0.5045451105374247,False,False,False,False,False,False,False,False
Sold,R11163576,5940 Florida Other,32310 Oil Well Road,,,65000.0,65000.0,2.6442,,2 To Less Than 3 Acre Lot,AE,,,True,City/County Maintained,115181.352,Acreage / rural,False,2–3 ac,65000.0,0.5643274616189606,False,False,False,False,False,False,False,False
Sold,A11957267,5940 Florida Other,7943 14th Place,Lehigh Property Blvd,LEHIGH PROPERTY BLVD,60000.0,60000.0,1.25,,,,Zoned Residential,Residential,False,,54450.0,Single-family,False,1–2 ac,60000.0,1.1019283746556474,False,False,False,False,False,False,False,False
Sold,A11954838,5940 Florida Other,60 Buckeye Cir,Lake Buckeye Estates,LAKE BUCKEYE ESTATES PB 18,60000.0,60000.0,0.32,,,R-1A,Zoned Residential,Residential,False,,13939.2,Single-family,False,0.25–0.5 ac,60000.0,4.304407713498622,False,False,False,False,False,False,False,False
Sold,A11951030,5940 Florida Other,000 NE 121ST ST,Forest Park Phase,FOREST PARK UNIT 3 PHASE,64000.0,64000.0,4.75,,4 To Less Than 5 Acre Lot,,Zoned Residential,Residential,False,,206910.0,Single-family,False,4–5 ac,64000.0,0.30931322797351507,False,False,False,False,False,False,False,False
Sold,A11949853,5940 Florida Other,NW 5th ST,Ocala Ridge Fka Bi,OCALA RIDGE UNIT 04 FKA BI,40000.0,40000.0,0.4132,,,,Zoned Residential,Residential,False,"Paved Road, Public Road",17998.992000000002,Single-family,False,0.25–0.5 ac,40000.0,2.2223466736359456,False,False,False,False,False,False,False,False
Sold,A11934117,5940 Florida Other,465 N Isora St,Montura Ranch Estates Sd,MONTURA RANCH ESTATES 1 SD,42500.0,42500.0,1.09,47480.0,Less Than 1/4 Acre Lot,,Zoned Residential,Residential,False,"Legal Access Road, Paved Road",47480.0,Single-family,False,< 0.25 ac,42500.0,0.8951137320977254,False,False,False,False,False,False,False,False
Sold,A11890178,5940 Florida Other,207 Circle,Woodlands,WOODLANDS,53500.0,53500.0,1.04,,,,Zoned Residential,Residential,False,,45302.4,Single-family,False,1–2 ac,53500.0,1.18095288549834,False,False,False,False,False,False,False,False
Sold,R11119633,5940 Florida Other,2920 NW 9th Terrace,Cape Coral,CAPE CORAL,45000.0,45000.0,,,,R1-W,,Single,True,"Legal Access Road, City/County Maintained",,Single-family,False,,45000.0,,False,False,False,False,False,False,False,False
Sold,A11817899,5940 Florida Other,5 Regina Lane,Palm Coast,PALM COAST,63500.0,63500.0,0.25,,,,Zoned Residential,Residential,False,,10890.0,Single-family,False,0.25–0.5 ac,63500.0,5.831037649219468,False,False,False,False,False,False,False,False
Sold,F10447941,5940 Florida Other,1920 NE 1st Place,,,43500.0,43500.0,0.25,10875.0,1/4 To Less Than 1/2 Acre Lot,R1-W,Zoned Residential,Unimproved Agri/Recreatn/Moblhome,False,Public Road,10875.0,Single-family,False,0.25–0.5 ac,43500.0,4.0,False,False,False,False,False,False,False,False
Sold,F10554462,6240 NW Okeechobee County,21820 NW 278th Street,Southern Colonization Co,SOUTHERN COLONIZATION CO,57000.0,57000.0,2.5,54450.0,,,Zoned Residential,Unimproved Agri/Recreatn/Moblhome,False,,54450.0,Single-family,False,1–2 ac,57000.0,1.046831955922865,False,False,False,False,False,False,False,False
Sold,R11157671,6240 NW Okeechobee County,19833 NW 280th Street,Southern Colonization,THE SOUTHERN COLONIZATION,65000.0,65000.0,1.25,,1 To Less Than 2 Acre Lot,"Res, Agri",,,False,Gravel/Lime Rock Road,54450.0,Single-family,False,1–2 ac,65000.0,1.1937557392102847,False,False,False,False,False,False,False,False
Sold,F10529994,6372 Brevard County (W of Indian River),810 Brickell Street,Port Malabar,PORT MALABAR UNIT 11,54000.0,54000.0,0.23,10019.0,1/4 To Less Than 1/2 Acre Lot,,Zoned Residential,Unimproved Agri/Recreatn/Moblhome,False,Public Road,10019.0,Single-family,False,0.25–0.5 ac,54000.0,5.38975945703164,False,False,False,False,False,False,False,False
Sold,F10532669,7040,6904 Deer Park Ave,Lakewood Park,LAKEWOOD PARK,60000.0,60000.0,0.27,11790.0,,RS-4 COU,Zoned Residential,Residential,False,,11790.0,Single-family,False,0.25–0.5 ac,60000.0,5.089058524173028,False,False,False,False,False,False,False,False
Sold,A11921436,5940 Florida Other,9559 SW 45TH CT,Kingsland Country Estate,KINGSLAND COUNTRY ESTATE,61000.0,61000.0,0.48,,1/4 To Less Than 1/2 Acre Lot,R1,Zoned Residential,Residential,False,,20908.8,Single-family,False,0.25–0.5 ac,61000.0,2.917431894704622,False,False,False,False,False,False,False,False
Sold,B26026092,6352 Sebastian County,10279 N 89th Street,Vero Lake Estates,VERO LAKE ESTATES,60000.0,60000.0,0.27,,"1/4 To Less Than 1/2 Acre Lot, Corner Lot, Less Than 1 Acre",Residential,,Unimproved Agri/Recreatn/Moblhome,False,Other Road,11761.2,Single-family,False,0.25–0.5 ac,60000.0,5.101520253035404,True,False,False,False,False,False,False,False
Sold,A12022352,5940 Florida Other,1101 Dayton Ave,Lehigh Acres,LEHIGH ACRES,60000.0,60000.0,1.0,,,,Zoned Residential,Residential,False,,43560.0,Single-family,False,1–2 ac,60000.0,1.3774104683195592,False,False,False,False,False,False,False,False
Sold,A11973051,5940 Florida Other,430 N KENNEL ST,Montura Ranches,MONTURA RANCHES,55000.0,55000.0,1.07,,,,Zoned Residential,Residential,False,,46609.200000000004,Single-family,False,1–2 ac,55000.0,1.1800245445105257,False,False,False,False,False,False,False,False
Sold,F10548516,6230 SW Okeechobee County,1100 SW 86th Avenue,Lazy Estates,LAZY 7 ESTATES,58000.0,58000.0,0.519,22618.0,,,Zoned Residential,Unimproved Agri/Recreatn/Moblhome,False,,22618.0,Single-family,False,0.5–0.75 ac,58000.0,2.5643292952515697,False,False,False,False,False,False,False,False
Sold,F10542326,,30187 NW 208th Ave,Viking,VIKING,52000.0,52000.0,3.75,108900.0,3 To Less Than 4 Acre Lot,,Zoned Residential,Other,False,,108900.0,Single-family,False,3–4 ac,52000.0,0.47750229568411384,False,False,False,False,False,False,False,False
Sold,A11896647,5940 Florida Other,145 S KENNEL ST,Montura Ranches,MONTURA RANCHES,52500.0,52500.0,1.25,,,,Zoned Residential,Residential,False,,54450.0,Single-family,False,1–2 ac,52500.0,0.9641873278236914,False,False,False,False,False,False,False,False
Sold,A11896630,5940 Florida Other,135 S KENNEL ST,Montura Ranches,MONTURA RANCHES,52500.0,52500.0,1.25,,1 To Less Than 2 Acre Lot,,Zoned Residential,Residential,False,,54450.0,Single-family,False,1–2 ac,52500.0,0.9641873278236914,False,False,False,False,False,False,False,False
Sold,A11630930,5940 Florida Other,330 S Romero St,Montura Ranch Unrec,MONTURA RANCH UNREC SEC 25,55000.0,55000.0,1.25,,,,Zoned Residential,Residential,False,,54450.0,Single-family,False,1–2 ac,55000.0,1.0101010101010102,False,False,False,False,False,False,False,False
Sold,R11127330,6240 NW Okeechobee County,18336 NW 308th Street,Southern Colonization,SOUTHERN COLONIZATION,26500.0,26500.0,2.5,,,res agri,,Single,False,,108900.0,Single-family,False,2–3 ac,26500.0,0.2433425160697888,False,False,False,False,False,False,False,False
Sold,A11732511,6240 NW Okeechobee County,30035 NW 208 ave,Okeechobee County Sd,OKEECHOBEE COUNTY SD,55000.0,55000.0,2.5,,2 To Less Than 3 Acre Lot,,Zoned Residential,Residential,False,,108900.0,Single-family,False,2–3 ac,55000.0,0.5050505050505051,False,False,False,False,False,False,False,False
Sold,A11956223,6372 Brevard County (W of Indian River),437 Ganley Street,Port Malabar,PORT MALABAR UNIT 31,58000.0,58000.0,0.23,,1/4 To Less Than 1/2 Acre Lot,,Zoned Residential,Residential,False,,10018.800000000001,Single-family,False,0.25–0.5 ac,58000.0,5.7891164610532195,False,False,False,False,False,False,False,False
Sold,A11956165,6372 Brevard County (W of Indian River),429 Ganley St,Port Malabar,PORT MALABAR UNIT 31,58000.0,58000.0,0.23,,1/4 To Less Than 1/2 Acre Lot,SRE,Zoned Residential,Residential,False,,10018.800000000001,Single-family,False,0.25–0.5 ac,58000.0,5.7891164610532195,False,False,False,False,False,False,False,False
Sold,R11135628,5940 Florida Other,000 Oldenberg Street,Port Malabar,PORT MALABAR UNIT 31,54000.0,54000.0,,,Corner Lot,0010,,Single,False,"City/County Maintained, Paved Road",,,False,,54000.0,,True,False,False,False,False,False,False,False
Sold,A11904750,5940 Florida Other,936-938 COUNTESS AVE,Lehigh Acres,LEHIGH ACRES,53000.0,53000.0,0.35,17000.0,1/4 To Less Than 1/2 Acre Lot,DUPLEX,Zoned Duplex,Residential,False,,17000.0,Duplex,False,0.25–0.5 ac,53000.0,3.1176470588235294,False,False,False,False,False,False,False,False
Sold,F10541270,,20327 NW 300th St,Southern Colonization,SOUTHERN COLONIZATION,57000.0,57000.0,1.25,,1 To Less Than 2 Acre Lot,,Zoned Residential,Residential,False,,54450.0,Single-family,False,1–2 ac,57000.0,1.046831955922865,False,False,False,False,False,False,False,False
Sold,R11108478,5560,33 Muck City Road,,S/D OF 20-42-37,54000.0,54000.0,,,,MF12(c,,Single,True,City/County Maintained,,,False,,54000.0,,False,False,False,False,False,False,False,False
Sold,A11928590,5940 Florida Other,1514 NE 7th Ave,Cape Coral Subdivision,CAPE CORAL SUBDIVISION,55000.0,55000.0,0.25,,,,Zoned Residential,Residential,False,,10890.0,Single-family,False,0.25–0.5 ac,55000.0,5.05050505050505,False,False,False,False,False,False,False,False
Sold,A11687713,5940 Florida Other,722 NE 12th Street,Cape Coral,CAPE CORAL,36000.0,36000.0,0.2571,,1/4 To Less Than 1/2 Acre Lot,,Zoned Residential,Residential,True,,11199.276,Single-family,False,0.25–0.5 ac,36000.0,3.21449350833036,False,False,False,False,False,False,False,False
Sold,A11915244,7020,7903 Penny Ln,Lakewood Park,LAKEWOOD PARK UNIT 7,50000.0,50000.0,0.22,9750.0,,¤RS-4 Cou,Zoned Residential,Residential,False,,9750.0,Single-family,False,< 0.25 ac,50000.0,5.128205128205129,False,False,False,False,False,False,False,False
Sold,A11940071,6321 City of Vero Beach,8936 103rd Ave,Vero Lake Estates,VERO LAKE ESTATES UNIT H-,50000.0,50000.0,0.22,9583.0,,¤RS-3,Zoned Residential,Residential,False,,9583.0,Single-family,False,< 0.25 ac,50000.0,5.217572785140352,False,False,False,False,False,False,False,False
Sold,A11940041,6321 City of Vero Beach,8992 100th Ct,Vero Lake Estates,VERO LAKE ESTATES UNIT H-,49000.0,49000.0,0.22,9583.0,,¤RS-3,Zoned Residential,Residential,False,,9583.0,Single-family,False,< 0.25 ac,49000.0,5.113221329437546,False,False,False,False,False,False,False,False
Sold,R11096583,5940 Florida Other,29460 Polk Drive,,,55000.0,55000.0,1.25,,1 To Less Than 2 Acre Lot,AE,,Unimproved Agri/Recreatn/Moblhome,False,,54450.0,Acreage / rural,False,1–2 ac,55000.0,1.0101010101010102,False,False,False,False,False,False,False,False
Sold,A11817088,5940 Florida Other,332/334 Gretchen Ave S,Lehigh Estates,LEHIGH ESTATES,52000.0,52000.0,0.27,,,RM-2,Zoned Duplex,Residential,False,,11761.2,Duplex,False,0.25–0.5 ac,52000.0,4.421317552630684,False,False,False,False,False,False,False,False
Sold,A11915222,7020,6501 Emerson Ave,Lakewood Park,LAKEWOOD PARK UNIT 8B,51000.0,51000.0,0.239,10454.0,,¤RS-4 Cou,Zoned Residential,Residential,True,,10454.0,Single-family,False,< 0.25 ac,51000.0,4.87851540080352,False,False,False,False,False,False,False,False
Sold,A11982889,7040,7901 Fort Walton Ave,Lakewood Park,LAKEWOOD PARK UNIT 6,55000.0,55000.0,0.27,11761.0,1/4 To Less Than 1/2 Acre Lot,¤RS-4 Cou,Zoned Residential,Residential,False,"Legal Access Road, City/County Maintained",11761.0,Single-family,False,0.25–0.5 ac,55000.0,4.676473089023042,False,False,False,False,False,False,False,False
Sold,F10546727,5940 Florida Other,2435 NW 6th Street,Cape Coral,CAPE CORAL,50000.0,50000.0,0.23,10019.0,,R1-W,Zoned Residential,Unimproved Agri/Recreatn/Moblhome,True,,10019.0,Single-family,False,< 0.25 ac,50000.0,4.990518015770037,False,False,False,False,False,False,False,False
Sold,R11144092,5940 Florida Other,500 Adams View Lane,Water Ridge Subdivision,WATER RIDGE SUBDIVISION,46400.0,46400.0,0.23,,1/4 To Less Than 1/2 Acre Lot,PUD,,Unimproved Agri/Recreatn/Moblhome,False,"City/County Maintained, Paved Road",10018.800000000001,,False,0.25–0.5 ac,46400.0,4.631293168842576,False,False,False,False,False,False,False,False
Sold,A11907336,5940 Florida Other,325 S Estribo St,Montura Ranch,MONTURA RANCH,48000.0,48000.0,1.25,,,,Zoned Residential,Residential,False,,54450.0,Single-family,False,1–2 ac,48000.0,0.8815426997245179,False,False,False,False,False,False,False,False
Sold,F10540689,6240 NW Okeechobee County,16120 NW 300th Street,Southern Colonization Co,SOUTHERN COLONIZATION CO,50000.0,50000.0,3.75,163350.0,3 To Less Than 4 Acre Lot,Residential/ Ag,Zoned Residential,Unimproved Agri/Recreatn/Moblhome,False,Other Road,163350.0,Single-family,False,3–4 ac,50000.0,0.3060912151821243,False,False,False,False,False,False,False,False
Sold,R11117641,7140,0 S 24th Street,Edgewood,EDGEWOOD ACRES,45500.0,45500.0,0.21,,"Less Than 1/4 Acre Lot, West Of US 1",RS-4 Count,,Unimproved Agri/Recreatn/Moblhome,False,"City/County Maintained, Public Road",9147.6,Single-family,False,< 0.25 ac,45500.0,4.973982246709519,False,False,False,False,False,False,False,True
Sold,R11152742,5940 Florida Other,958 Vantage Street,Port Malabar,PORT MALABAR UNIT 11,52000.0,52000.0,0.23,,"Less Than 1/4 Acre Lot, West Of US 1",rs,,Unimproved Agri/Recreatn/Moblhome,False,"City/County Maintained, Paved Road, Public Road",10018.800000000001,Single-family,False,< 0.25 ac,52000.0,5.190242344392542,False,False,False,False,False,False,False,True
Sold,A11945785,5940 Florida Other,2408 Parkview,Fort Myers Shores,FORT MYERS SHORES,56906.0,56906.0,0.23,,,res urban,Zoned Residential,Residential,False,,10018.800000000001,Single-family,False,< 0.25 ac,56906.0,5.679921747115422,False,False,False,False,False,False,False,False
Sold,R11160416,5940 Florida Other,Tbd Giblin Drive,Port Charlotte,PORT CHARLOTTE SUB 18,53000.0,53000.0,0.46,,"1/2 To Less Than 3/4 Acre Lot, 1/4 To Less Than 1/2 Acre Lot",R1,,Unimproved Agri/Recreatn/Moblhome,False,,20037.600000000002,Single-family,False,0.25–0.5 ac,53000.0,2.6450273485846605,False,False,False,False,False,False,False,False
Sold,R11162302,7040,5805 Eastwood Drive,Lakewood Park,LAKEWOOD PARK UNIT 11,45000.0,45000.0,0.28,,1/4 To Less Than 1/2 Acre Lot,RS-4Co,,Unimproved Agri/Recreatn/Moblhome,False,Paved Road,12196.800000000001,Single-family,False,0.25–0.5 ac,45000.0,3.6894923258559618,False,False,False,False,False,False,False,False
Sold,R11162301,7040,5803 Eastwood Drive,Lakewood Park,LAKEWOOD PARK UNIT 11,45000.0,45000.0,0.26,,1/4 To Less Than 1/2 Acre Lot,RS-4Co,,Unimproved Agri/Recreatn/Moblhome,False,Paved Road,11325.6,Single-family,False,0.25–0.5 ac,45000.0,3.973299427844882,False,False,False,False,False,False,False,False
Sold,A11567321,21,2155 NW 152nd St,St Addn To Magnolia,1ST ADDN TO MAGNOLIA SUB,25000.0,25000.0,0.0803,3500.0,,¤0100,Zoned Residential,Other,False,,3500.0,Single-family,False,< 0.25 ac,25000.0,7.142857142857143,False,False,False,False,False,False,False,False
Sold,A11881391,49,0 SW 161 Ave,Athol,ATHOL SUB,10000.0,10000.0,0.0,7260.0,,¤8900,Zoned Residential,Residential,False,,7260.0,Single-family,False,< 0.25 ac,10000.0,1.3774104683195592,False,False,False,False,False,False,False,False
Sold,B26034703,5940 Florida Other,13 Port Royal Drive,Palm Coast,PALM COAST,48000.0,48000.0,23.0,,"10 Or More Acre Lot, Interior Lot",residential,,Unimproved Agri/Recreatn/Moblhome,False,,1001880.0,Single-family,False,10+ ac,48000.0,0.047909929332854234,False,False,True,False,False,False,False,False
Sold,A11991628,5940 Florida Other,620 NW 28th St,Cape Coral,CAPE CORAL,60000.0,60000.0,0.35,15246.0,1/4 To Less Than 1/2 Acre Lot,R1-D,Zoned Residential,Residential,False,"Paved Road, Public Road",15246.0,Single-family,False,0.25–0.5 ac,60000.0,3.9354584809130264,False,False,False,False,False,False,False,False
Sold,R11158660,5940 Florida Other,0000 No Situs,Rolling Hills,ROLLING HILLS UNIT 1,48000.0,48000.0,0.99,,1/2 To Less Than 3/4 Acre Lot,R1/SINGLE FAMIL,,Unimproved Agri/Recreatn/Moblhome,False,Gravel/Lime Rock Road,43124.4,Single-family,False,0.5–0.75 ac,48000.0,1.1130589642986337,False,False,False,False,False,False,False,False
Sold,A11929001,5940 Florida Other,440 S Datil,Montura Ranch,MONTURA RANCH,53000.0,53000.0,1.25,54450.0,1 To Less Than 2 Acre Lot,,Zoned Residential,Residential,False,,54450.0,Single-family,False,1–2 ac,53000.0,0.9733700642791552,False,False,False,False,False,False,False,False
Sold,A11892577,5940 Florida Other,533 Appaloosa Ave,Montura Ranch Estates,MONTURA RANCH ESTATES,51000.0,51000.0,1.25,,1 To Less Than 2 Acre Lot,Residential,Zoned Residential,Other,False,"City/County Maintained, Paved Road, Public Road",54450.0,Single-family,False,1–2 ac,51000.0,0.9366391184573003,False,False,False,False,False,False,False,False
Sold,A11824055,5940 Florida Other,8420 Ebson Dr,Suncoast Estates,SUNCOAST ESTATES,45000.0,45000.0,0.55,,1 To Less Than 2 Acre Lot,,Zoned Residential,Residential,False,"Legal Access Road, Public Road",23958.000000000004,Single-family,False,1–2 ac,45000.0,1.8782870022539442,False,False,False,False,False,False,False,False
Sold,A11804096,5940 Florida Other,370 PARKER ST NE,Placid Lakes Canals,PLACID LAKES CANALS,50000.0,50000.0,0.23,,,,Zoned Residential,Residential,True,,10018.800000000001,Single-family,False,< 0.25 ac,50000.0,4.990617638838982,False,False,False,False,False,False,False,False
Sold,R11167510,6100,14832 SW 168th Avenue,Booker Park,BOOKER PARK,97000.0,97000.0,,,West Of US 1,Residential,,Unimproved Agri/Recreatn/Moblhome,False,"City/County Maintained, Paved Road",,Single-family,False,,97000.0,,False,False,False,False,False,False,False,True
Sold,F10542542,6210 NE Okeechobee County,90 NE 138th Street,Okeechobee Hills,OKEECHOBEE HILLS,42500.0,42500.0,0.459,19994.0,1/4 To Less Than 1/2 Acre Lot,,Zoned Residential,Unimproved Agri/Recreatn/Moblhome,False,"City/County Maintained, Paved Road, Public Road",19994.0,Single-family,False,0.25–0.5 ac,42500.0,2.125637691307392,False,False,False,False,False,False,False,False
Sold,B26018426,6372 Brevard County (W of Indian River),0000  Thames Road,None,NONE,40000.0,40000.0,0.26,,"1/4 To Less Than 1/2 Acre Lot, Less Than 1 Acre",RESIDENTIAL,,Unimproved Agri/Recreatn/Moblhome,False,Paved Road,11325.6,Single-family,False,0.25–0.5 ac,40000.0,3.5318217136398955,False,False,False,False,False,False,False,False
Sold,R11128896,7040,7606 Miramar Avenue,Lakewood Park,LAKEWOOD PARK UNIT 1.,52000.0,52000.0,,,Less Than 1/4 Acre Lot,RES,,Unimproved Agri/Recreatn/Moblhome,False,Paved Road,,Single-family,False,< 0.25 ac,52000.0,,False,False,False,False,False,False,False,False
Sold,R11074470,7040,7808 Banyan Street,Lakewood Park,LAKEWOOD PARK UNIT 3,50000.0,50000.0,0.24,,Less Than 1/4 Acre Lot,RS-4Co,,Unimproved Agri/Recreatn/Moblhome,False,Paved Road,10454.4,Single-family,False,< 0.25 ac,50000.0,4.782675237220692,False,False,False,False,False,False,False,False
Sold,B26036344,7070,0 San Diego Avenue,Harmony Heights Addition,HARMONY HEIGHTS ADDITION,49000.0,49000.0,0.41,,"1/4 To Less Than 1/2 Acre Lot, Less Than 1 Acre",RS-4 Count,,Unimproved Agri/Recreatn/Moblhome,False,Paved Road,17859.6,Single-family,False,0.25–0.5 ac,49000.0,2.7436224775470897,False,False,False,False,False,False,False,False
Sold,B26011498,7090,2824  Oleander Avenue,Maravilla Gardens Subdivis,MARAVILLA GARDENS SUBDIVIS,45000.0,45000.0,0.24,,"Less Than 1/4 Acre Lot, Interior Lot, Less Than 1 Acre, West Of US 1",SF Interme,,Unimproved Agri/Recreatn/Moblhome,False,City/County Maintained,10454.4,Single-family,False,< 0.25 ac,45000.0,4.304407713498623,False,False,True,False,False,False,False,True
Sold,R11162818,5940 Florida Other,10826 NW 4th Avenue,Country Meadows,COUNTRY MEADOWS,52500.0,52500.0,0.68,,1/2 To Less Than 3/4 Acre Lot,res,,Unimproved Agri/Recreatn/Moblhome,False,Paved Road,29620.800000000003,Single-family,False,0.5–0.75 ac,52500.0,1.7724031761464916,False,False,False,False,False,False,False,False
Sold,A11926739,5940 Florida Other,17341 Yosemite Ct,Punta Gorda Isles,PUNTA GORDA ISLES SEC 21,37000.0,37000.0,0.24,,,RSF3.5/RESIDENTIAL-S,Zoned Residential,Other,True,,10454.4,Single-family,False,< 0.25 ac,37000.0,3.539179675543312,False,False,False,False,False,False,False,False
Sold,R11140990,5940 Florida Other,7875 105th Court,Vero Lake Estates,VERO LAKE ESTATES UNIT R,45000.0,45000.0,0.22,,"Less Than 1/4 Acre Lot, West Of US 1",RS-3,,Unimproved Agri/Recreatn/Moblhome,False,County Road,9583.2,Single-family,False,< 0.25 ac,45000.0,4.69571750563486,False,False,False,False,False,False,False,True
Sold,R11002153,6352 Sebastian County,8566 99th Court,Vero Lake Estates,VERO LAKE ESTATES UNIT I,49250.0,49250.0,0.22,,Less Than 1/4 Acre Lot,RS-3,,Unimproved Agri/Recreatn/Moblhome,False,City/County Maintained,9583.2,Single-family,False,< 0.25 ac,49250.0,5.139201936722597,False,False,False,False,False,False,False,False
Sold,A11946686,5940 Florida Other,580 S PALM ST,Montura Ranch Estates,MONTURA RANCH ESTATES,50000.0,50000.0,1.25,,1 To Less Than 2 Acre Lot,RFF,Zoned Residential,Residential,False,"Legal Access Road, Other Road",54450.0,Single-family,False,1–2 ac,50000.0,0.9182736455463728,False,False,False,False,False,False,False,False
Sold,A11968979,5940 Florida Other,470 N MAYORAL ST,Montura Ranch Estates,MONTURA RANCH ESTATES,52000.0,52000.0,1.09,,1 To Less Than 2 Acre Lot,RRF,Zoned Residential,Residential,False,Paved Road,47480.4,Single-family,False,1–2 ac,52000.0,1.0951887515690684,False,False,False,False,False,False,False,False
Sold,A11937028,5940 Florida Other,222 Grant Blvd,Lehigh Acres,LEHIGH ACRES,30000.0,30000.0,0.3597,,,,Zoned Residential,Residential,False,,15668.532000000001,Single-family,False,0.25–0.5 ac,30000.0,1.9146656495962735,False,False,False,False,False,False,False,False
Sold,A11913345,5940 Florida Other,335 N LINDERO ST,Montura Ranch Estates,MONTURA RANCH ESTATES,53000.0,53000.0,1.09,,1 To Less Than 2 Acre Lot,RRF,Zoned Residential,Residential,False,,47480.4,Single-family,False,1–2 ac,53000.0,1.1162500737146275,False,False,False,False,False,False,False,False
Sold,A11891396,5940 Florida Other,2127 NE 34th TER,Cape Coral,CAPE CORAL,47000.0,47000.0,0.25,,,,Zoned Residential,Residential,False,,10890.0,Single-family,False,0.25–0.5 ac,47000.0,4.315886134067952,False,False,False,False,False,False,False,False
Sold,B26001951,7070,1403 Avenue J,Jellison Resubdivsion,JELLISON'S RESUBDIVSION,53000.0,53000.0,0.2314,,"Less Than 1/4 Acre Lot, Less Than 1 Acre",0000,,Unimproved Agri/Recreatn/Moblhome,False,City/County Maintained,10079.784,,False,< 0.25 ac,53000.0,5.258049180418945,False,False,False,False,False,False,False,False
Sold,R11088918,6352 Sebastian County,10375 79th Street,Vero Lakes Estates,VERO LAKES ESTATES,50500.0,50500.0,0.24,,Less Than 1/4 Acre Lot,RS,,Unimproved Agri/Recreatn/Moblhome,False,"Paved Road, Public Road",10454.4,Single-family,False,< 0.25 ac,50500.0,4.830501989592899,False,False,False,False,False,False,False,False
Sold,F10553964,6353 Fellsmere,9025 103rd Court,Vero Lake Estates,VERO LAKE ESTATES UNIT H-,47000.0,47000.0,0.25,10454.0,1/4 To Less Than 1/2 Acre Lot,RS-3,Zoned Residential,Unimproved Agri/Recreatn/Moblhome,False,,10454.0,Single-family,False,0.25–0.5 ac,47000.0,4.495886741916969,False,False,False,False,False,False,False,False
Sold,A11885556,6240 NW Okeechobee County,20533 NW 250Th Street,,,45000.0,45000.0,1.25,,1 To Less Than 2 Acre Lot,,Zoned Residential,Other,False,Legal Access Road,54450.0,Single-family,False,1–2 ac,45000.0,0.8264462809917356,False,False,False,False,False,False,False,False
Sold,R11002152,6352 Sebastian County,8146 99th Court,Vero Lake Estates,VERO LAKE ESTATES UNIT K,49250.0,49250.0,0.22,,Less Than 1/4 Acre Lot,RS-3,,Unimproved Agri/Recreatn/Moblhome,False,County Road,9583.2,Single-family,False,< 0.25 ac,49250.0,5.139201936722597,False,False,False,False,False,False,False,False
Sold,A11956696,5940 Florida Other,565 SE DATIL ST,Montura Ranch Estates,MONTURA RANCH ESTATES,51000.0,51000.0,1.25,,1 To Less Than 2 Acre Lot,RRF,Zoned Residential,Residential,False,Legal Access Road,54450.0,Single-family,False,1–2 ac,51000.0,0.9366391184573003,False,False,False,False,False,False,False,False
Sold,F10534706,,18826 NW 244th St,Southern Colonization,SOUTHERN COLONIZATION,50000.0,50000.0,2.5,54450.0,,,Zoned Residential,Residential,False,,54450.0,Single-family,False,1–2 ac,50000.0,0.9182736455463728,False,False,False,False,False,False,False,False
Sold,A12006976,49,0000 SW 157 avenue,Athol,ATHOL SUB,40000.0,40000.0,0.3,13200.0,Regular Lot,¤8900,Zoned Residential,Residential,False,,13200.0,Single-family,False,0.25–0.5 ac,40000.0,3.0303030303030303,False,False,False,False,False,False,False,False
Sold,A11999885,98 Florida Keys,12 Trin Ln,Windward Beach Estates,WINDWARD BEACH ESTATES,50000.0,50000.0,0.1378,6000.0,,¤is,Zoned Residential,Residential,False,Paved Road,6000.0,Single-family,False,< 0.25 ac,50000.0,8.333333333333334,False,False,False,False,False,False,False,False
Sold,A11999845,98 Florida Keys,13 Yuca Ln,Windward Beach Estates,WINDWARD BEACH ESTATES,50000.0,50000.0,0.1148,5000.0,,¤is,Zoned Residential,Residential,False,Paved Road,5000.0,Single-family,False,< 0.25 ac,50000.0,10.0,False,False,False,False,False,False,False,False
Sold,A12024939,5940 Florida Other,709 SIBONEY AVE,Montura Ranch Estates,MONTURA RANCH ESTATES,55000.0,55000.0,1.0,,1 To Less Than 2 Acre Lot,RRF,Zoned Residential,Residential,False,,43560.0,Single-family,False,1–2 ac,55000.0,1.2626262626262625,False,False,False,False,False,False,False,False
Sold,A11996001,5940 Florida Other,255 S ZAMBRIA ST,Montura Ranches,MONTURA RANCHES,48000.0,48000.0,1.25,,,,Zoned Residential,Residential,False,,54450.0,Single-family,False,1–2 ac,48000.0,0.8815426997245179,False,False,False,False,False,False,False,False
Sold,A11921521,5940 Florida Other,2118 NE 5th ave,Cape Coral,CAPE CORAL,41000.0,41000.0,0.23,10019.0,,,Zoned Residential,Residential,False,,10019.0,Single-family,False,< 0.25 ac,41000.0,4.092224772931431,False,False,False,False,False,False,False,False
Sold,R11140004,5940 Florida Other,1314 Willard Avenue,Lehigh Acres Lee County Un,LEHIGH ACRES LEE COUNTY UN,45000.0,45000.0,,,,RES,,Unimproved Agri/Recreatn/Moblhome,False,,,Single-family,False,,45000.0,,False,False,False,False,False,False,False,False
Sold,A11905009,5940 Florida Other,5809 SILVER SANDS CIR,Big Tree Lakes,BIG TREE LAKES,40000.0,40000.0,1.1364,,,,Zoned Residential,Residential,False,,49501.584,Single-family,False,1–2 ac,40000.0,0.8080549503223977,False,False,False,False,False,False,False,False
Sold,A11900348,5940 Florida Other,2780 52 AVE NE,Golden Gate Est,GOLDEN GATE EST UNIT 44,50000.0,50000.0,2.73,118919.0,,,Zoned Residential,Residential,False,,118919.0,Single-family,False,2–3 ac,50000.0,0.4204542587811872,False,False,False,False,False,False,False,False
Sold,R11107808,5940 Florida Other,0 Sw 129th Pl,Marion Oaks,MARION OAKS UNIT 10,45000.0,45000.0,0.24,,Less Than 1/4 Acre Lot,R1,,Single,False,Paved Road,10454.4,Single-family,False,< 0.25 ac,45000.0,4.304407713498623,False,False,False,False,False,False,False,False
Sold,A11793668,5940 Florida Other,2710 NW 7 th Place,Cape Coral,CAPE CORAL UNIT 40,43000.0,43000.0,0.0,10625.0,Less Than 1/4 Acre Lot,,Zoned Residential,Residential,False,,10625.0,Single-family,False,< 0.25 ac,43000.0,4.047058823529412,False,False,False,False,False,False,False,False
Sold,B26011013,6240 NW Okeechobee County,3819 NW 26th Avenue,Basswood Incorporated,BASSWOOD INCORPORATED,45000.0,45000.0,0.355,,"1/4 To Less Than 1/2 Acre Lot, Less Than 1 Acre",Residential,,Unimproved Agri/Recreatn/Moblhome,False,"County Road, City/County Maintained, Paved Road",15463.8,Single-family,False,0.25–0.5 ac,45000.0,2.910022116168083,False,False,False,False,False,False,False,False
Sold,R11169337,6321 City of Vero Beach,9375 103rd Avenue,Vero Lake Estates,VERO LAKE ESTATES UNIT H-2,46000.0,46000.0,0.22,,Less Than 1/4 Acre Lot,RS-3,,Unimproved Agri/Recreatn/Moblhome,False,,9583.2,Single-family,False,< 0.25 ac,46000.0,4.800066783537858,False,False,False,False,False,False,False,False
Sold,B26036367,7070,0 San Diego Avenue,Harmony Heights Addition,HARMONY HEIGHTS ADDITION,49000.0,49000.0,0.41,,"1/4 To Less Than 1/2 Acre Lot, Less Than 1 Acre",RS-4 Count,,Unimproved Agri/Recreatn/Moblhome,False,Paved Road,17859.6,Single-family,False,0.25–0.5 ac,49000.0,2.7436224775470897,False,False,False,False,False,False,False,False
Sold,A11939520,7170,24 North ST,Alamanda Vista Subdivision,ALAMANDA VISTA SUBDIVISION,50000.0,50000.0,0.31,,1/4 To Less Than 1/2 Acre Lot,¤Medium D,Zoned Residential,Residential,False,,13503.6,Single-family,False,0.25–0.5 ac,50000.0,3.702716312686987,False,False,False,False,False,False,False,False
Sold,A11999571,5940 Florida Other,760 N NOGAL ST,Montura Ranch Estates,MONTURA RANCH ESTATES,48000.0,48000.0,1.25,,1 To Less Than 2 Acre Lot,RRF,Zoned Residential,Residential,False,,54450.0,Single-family,False,1–2 ac,48000.0,0.8815426997245179,False,False,False,False,False,False,False,False
Sold,A11992086,5940 Florida Other,425 S DATIL ST,Montura Ranch Estates,MONTURA RANCH ESTATES,48000.0,48000.0,1.25,,1 To Less Than 2 Acre Lot,RRF,Zoned Residential,Residential,False,Legal Access Road,54450.0,Single-family,False,1–2 ac,48000.0,0.8815426997245179,False,False,False,False,False,False,False,False
Sold,A12000870,5940 Florida Other,397 MIRAMAR RD,Russell Park Annex,RUSSELL PARK ANNEX,45000.0,45000.0,0.16,7057.0,Less Than 1/4 Acre Lot,,Zoned Residential,Residential,False,City/County Maintained,7057.0,Single-family,False,< 0.25 ac,45000.0,6.3766473005526425,False,False,False,False,False,False,False,False
Sold,A11999565,5940 Florida Other,720 N ISORA ST,Montura Ranch Estates,MONTURA RANCH ESTATES,47000.0,47000.0,1.25,,1 To Less Than 2 Acre Lot,RRF,Zoned Residential,Residential,False,"Legal Access Road, City/County Maintained",54450.0,Single-family,False,1–2 ac,47000.0,0.8631772268135904,False,False,False,False,False,False,False,False
Sold,R11144021,5940 Florida Other,3922 N Longvalley Road,Fairview Estates,FAIRVIEW ESTATES,47000.0,47000.0,1.12,,1 To Less Than 2 Acre Lot,LDR,,Unimproved Agri/Recreatn/Moblhome,False,County Road,48787.200000000004,,False,1–2 ac,47000.0,0.9633674406401678,False,False,False,False,False,False,False,False
Sold,R11137231,5940 Florida Other,7338 Cobb Road,Rapid,RAPID,45000.0,45000.0,0.26,,1/4 To Less Than 1/2 Acre Lot,AG-2,,,False,"County Road, Paved Road",11325.6,Acreage / rural,False,0.25–0.5 ac,45000.0,3.973299427844882,False,False,False,False,False,False,False,False
Sold,F10544648,6240 NW Okeechobee County,20271 NW 296th Street,Southern Colonization,SOUTHERN COLONIZATION,45000.0,45000.0,1.25,54540.0,1 To Less Than 2 Acre Lot,,Zoned Residential,Unimproved Agri/Recreatn/Moblhome,False,,54540.0,Single-family,False,1–2 ac,45000.0,0.8250825082508251,False,False,False,False,False,False,False,False
Sold,R11158852,6321 City of Vero Beach,9863 E Verona Circle,Verona Trace Vil,VERONA TRACE SUB & THE VIL,33000.0,33000.0,0.23,,Less Than 1/4 Acre Lot,RM-6,,Unimproved Agri/Recreatn/Moblhome,False,County Road,10018.800000000001,Multifamily,False,< 0.25 ac,33000.0,3.293807641633728,False,False,False,False,False,False,False,False
Sold,B26005617,6352 Sebastian County,7765 105th Avenue,Vero Lake Estates,VERO LAKE ESTATES UNIT R,47500.0,47500.0,0.22,,"Less Than 1/4 Acre Lot, Less Than 1 Acre, West Of US 1",RS-3,,Unimproved Agri/Recreatn/Moblhome,False,,9583.2,Single-family,False,< 0.25 ac,47500.0,4.956590700392353,False,False,False,False,False,False,False,True
Sold,R11136950,6352 Sebastian County,8655 102 Nd Avenue,Vero Lake Estates,VERO LAKE ESTATES UNIT N,49900.0,49900.0,0.23,,Less Than 1/4 Acre Lot,RS-3,,Unimproved Agri/Recreatn/Moblhome,False,,10018.800000000001,Single-family,False,< 0.25 ac,49900.0,4.980636403561304,False,False,False,False,False,False,False,False
Sold,R11088929,6352 Sebastian County,7876 104th Avenue,Vero Lakes Estates,VERO LAKES ESTATES,49750.0,49750.0,0.22,,Less Than 1/4 Acre Lot,Res-SF,,Unimproved Agri/Recreatn/Moblhome,False,Public Road,9583.2,Single-family,False,< 0.25 ac,49750.0,5.191376575674096,False,False,False,False,False,False,False,False
Sold,R11088920,6352 Sebastian County,7855 104th Avenue,Vero Lakes Estates,VERO LAKES ESTATES,49750.0,49750.0,0.22,,Less Than 1/4 Acre Lot,SF,,Unimproved Agri/Recreatn/Moblhome,False,Public Road,9583.2,Single-family,False,< 0.25 ac,49750.0,5.191376575674096,False,False,False,False,False,False,False,False
Sold,R11137078,6372 Brevard County (W of Indian River),1374 Waffle Street,Port Malabar,PORT MALABAR UNIT 15,40000.0,40000.0,0.24,,"Less Than 1/4 Acre Lot, Less Than 1 Acre",0010,,Unimproved Agri/Recreatn/Moblhome,False,,10454.4,,False,< 0.25 ac,40000.0,3.8261401897765537,False,False,False,False,False,False,False,False
Sold,R11158199,7070,1805 Barcelona Avenue,Paradise Park,PARADISE PARK,48000.0,48000.0,0.19,,"Less Than 1/4 Acre Lot, West Of US 1",RS-4Co,,Unimproved Agri/Recreatn/Moblhome,False,"City/County Maintained, Paved Road, Public Road",8276.4,Single-family,False,< 0.25 ac,48000.0,5.799623024503408,False,False,False,False,False,False,False,True
Sold,A11827250,5940 Florida Other,145 N MAYORAL STREET,Montura Ranch Est St,MONTURA RANCH EST 1 ST S/,45000.0,45000.0,1.09,47480.0,1 To Less Than 2 Acre Lot,RRF,Zoned Residential,Residential,False,,47480.0,Single-family,False,1–2 ac,45000.0,0.9477674810446504,False,False,False,False,False,False,False,False
Sold,R11168257,5940 Florida Other,21668 NW 266th Street,Tract,TRACT 12,44000.0,44000.0,2.5,,"1 To Less Than 2 Acre Lot, 2 To Less Than 3 Acre Lot",res/ag,,Unimproved Agri/Recreatn/Moblhome,False,,108900.0,Single-family,False,1–2 ac,44000.0,0.40404040404040403,False,False,False,False,False,False,False,False
Sold,B26009375,6220 SE Okeechobee County,6681 SE 51st Street,Ancient Oaks Rv Resort,ANCIENT OAKS RV RESORT NO,45000.0,45000.0,0.047,,"Less Than 1/4 Acre Lot, Less Than 1 Acre",VACANT,,Unimproved Agri/Recreatn/Moblhome,True,Paved Road,2047.32,,False,< 0.25 ac,45000.0,21.979954281695093,False,False,False,False,False,False,False,False
Sold,F10524664,6220 SE Okeechobee County,0 NE 13th Avenue,City Okeechobee,CITY OF OKEECHOBEE,49500.0,49500.0,0.36,15681.0,,Vacant indust,Zoned Residential,Unimproved Agri/Recreatn/Moblhome,False,,15681.0,Single-family,False,0.25–0.5 ac,49500.0,3.1566864358140423,False,False,False,False,False,False,False,False
Sold,F10555215,7040,0 Turnpike Feeder Road,Kings Hwy,KINGS HWY,49500.0,49500.0,0.52,22831.0,1/2 To Less Than 3/4 Acre Lot,AR-1 COUNT,Zoned Residential,Unimproved Agri/Recreatn/Moblhome,False,,22831.0,Single-family,False,0.5–0.75 ac,49500.0,2.1681047698304936,False,False,False,False,False,False,False,False
Sold,F10523615,,0 NW 316th St,Viking Estates,VIKING ESTATES,49000.0,49000.0,2.5,108900.0,2 To Less Than 3 Acre Lot,AGRICULT,Zoned Residential,Other,False,,108900.0,Single-family,False,2–3 ac,49000.0,0.44995408631772266,False,False,False,False,False,False,False,False
Sold,R11162791,5940 Florida Other,581 Avenida Del Sur,Montura Ranches Estates,MONTURA RANCHES ESTATES 1,44000.0,44000.0,1.07,,1 To Less Than 2 Acre Lot,RRF,,Unimproved Agri/Recreatn/Moblhome,False,,46609.200000000004,Acreage / rural,False,1–2 ac,44000.0,0.9440196356084206,False,False,False,False,False,False,False,False
Sold,R11162788,5940 Florida Other,575 Avenida Del Sur,Montura Ranches Estates,MONTURA RANCHES ESTATES 1,44000.0,44000.0,1.07,,1 To Less Than 2 Acre Lot,RRF,,Unimproved Agri/Recreatn/Moblhome,False,,46609.200000000004,Acreage / rural,False,1–2 ac,44000.0,0.9440196356084206,False,False,False,False,False,False,False,False
Sold,A11951541,5940 Florida Other,580 N Cabbage Palm,Montura Ranches,MONTURA RANCHES,47500.0,47500.0,54450.0,54450.0,1 To Less Than 2 Acre Lot,,Zoned Residential,Residential,True,"City/County Maintained, Paved Road, Public Road",54450.0,Single-family,False,1–2 ac,47500.0,0.8723599632690542,False,False,False,False,False,False,False,False
Sold,A11930307,5940 Florida Other,2109 NE 14 PL,Cape Coral,CAPE CORAL,42000.0,42000.0,0.34,,1/4 To Less Than 1/2 Acre Lot,R1-D,Zoned Residential,Other,False,Paved Road,14810.400000000001,Single-family,False,0.25–0.5 ac,42000.0,2.8358450818343863,False,False,False,False,False,False,False,False
Sold,R11145636,5940 Florida Other,2221 San Filippo Drive,Port Malabar,PORT MALABAR UNIT 46,47000.0,47000.0,0.23,,Less Than 1/4 Acre Lot,RES,,Unimproved Agri/Recreatn/Moblhome,False,"City/County Maintained, Paved Road, Public Road",10018.800000000001,Single-family,False,< 0.25 ac,47000.0,4.691180580508643,False,False,False,False,False,False,False,False
Sold,A11921859,5940 Florida Other,360 S Palomino Str,Montura,MONTURA,45000.0,45000.0,1.25,,"1 To Less Than 2 Acre Lot, Interior Lot",RES ACG,Zoned Residential,Residential,False,,54450.0,Single-family,False,1–2 ac,45000.0,0.8264462809917356,False,False,True,False,False,False,False,False
Sold,R11126756,5940 Florida Other,8055 Sunrise Circle,Port Labelle,PORT LABELLE UNIT 9,40000.0,40000.0,0.42,,1/4 To Less Than 1/2 Acre Lot,RG3,,Unimproved Agri/Recreatn/Moblhome,False,City/County Maintained,18295.2,,False,0.25–0.5 ac,40000.0,2.186365822729459,False,False,False,False,False,False,False,False
Sold,A11821879,5940 Florida Other,2314 NE 36th ST,,,31715.0,31715.0,0.2296,10000.0,,,Zoned Residential,Residential,False,,10000.0,Single-family,False,< 0.25 ac,31715.0,3.1715,False,False,False,False,False,False,False,False
Sold,A11808320,5940 Florida Other,101 Caddy Rd,Oakland Hills,OAKLAND HILLS,42000.0,42000.0,0.23,10000.0,Less Than 1/4 Acre Lot,RSF5,Zoned Residential,Residential,True,"City/County Maintained, Paved Road, Public Road",10000.0,Single-family,False,< 0.25 ac,42000.0,4.2,False,False,False,False,False,False,False,False
Sold,R11141003,6220 SE Okeechobee County,3232 SE 34th Avenue,Treasure Isles,TREASURE ISLAND,48000.0,48000.0,0.22,,Less Than 1/4 Acre Lot,RM,,,True,Paved Road,9583.2,Multifamily,False,< 0.25 ac,48000.0,5.008765339343851,False,False,False,False,False,False,False,False
Sold,R11157856,6321 City of Vero Beach,134 Highland Drive,Vero Beach Highlands,VERO BEACH HIGHLANDS UNIT,40000.0,40000.0,0.24,,Less Than 1/4 Acre Lot,RS-6,,Unimproved Agri/Recreatn/Moblhome,False,City/County Maintained,10454.4,Single-family,False,< 0.25 ac,40000.0,3.8261401897765537,False,False,False,False,False,False,False,False
Sold,R11065730,6371 Brevard County (E of Indian River),000 Seeley Circle,Port Malabar,PORT MALABAR UNIT 39,41000.0,41000.0,0.3,,Less Than 1/4 Acre Lot,R,,Unimproved Agri/Recreatn/Moblhome,False,"City/County Maintained, Paved Road",13068.0,,False,< 0.25 ac,41000.0,3.137434955616774,False,False,False,False,False,False,False,False
Sold,T20055539,7030,0 River Palm Drive,,,47000.0,47000.0,0.3444,,,RS-4Co,,Single,False,City/County Maintained,15002.063999999998,Single-family,False,0.25–0.5 ac,47000.0,3.1329022459842863,False,False,False,False,False,False,False,False
Sold,B26023460,7140,3108 Duban Terrace,Silver Lake Park Addition,SILVER LAKE PARK ADDITION,45000.0,45000.0,0.23,,"Less Than 1/4 Acre Lot, Less Than 1 Acre",RM-11 - County,,Unimproved Agri/Recreatn/Moblhome,False,"County Road, Gravel/Lime Rock Road",10018.800000000001,Multifamily,False,< 0.25 ac,45000.0,4.491555874955084,False,False,False,False,False,False,False,False
Sold,A11936139,5940 Florida Other,274 Lott Grade,Venus,VENUS,48900.0,48900.0,5.0,,,,Zoned Residential,Residential,False,,217800.0,Single-family,False,5–10 ac,48900.0,0.22451790633608815,False,False,False,False,False,False,False,False
Sold,R11136574,6352 Sebastian County,8155 99th Avenue,Vero Lake Estates,VERO LAKE ESTATES UNIT K,48900.0,48900.0,0.22,,Less Than 1/4 Acre Lot,RS-3/RS-3,,Unimproved Agri/Recreatn/Moblhome,False,,9583.2,Single-family,False,< 0.25 ac,48900.0,5.102679689456549,False,False,False,False,False,False,False,False
Sold,A11971383,5940 Florida Other,219 Rachard Blvd,Lake Rachard,LAKE RACHARD,40000.0,40000.0,0.25,,,,Zoned Residential,Residential,True,,10890.0,Single-family,False,0.25–0.5 ac,40000.0,3.6730945821854912,False,False,False,False,False,False,False,False
Sold,R11161006,5940 Florida Other,18990 NW 284th Street,,,45000.0,45000.0,1.25,,1 To Less Than 2 Acre Lot,RES/AG,,Unimproved Agri/Recreatn/Moblhome,False,,54450.0,Single-family,False,1–2 ac,45000.0,0.8264462809917356,False,False,False,False,False,False,False,False
Sold,A11824361,5940 Florida Other,228 MARKER RD,Rotonda West Long Meadow,ROTONDA WEST LONG MEADOW,43000.0,43000.0,0.22,9800.0,,RSF5,Zoned Residential,Residential,False,Paved Road,9800.0,Single-family,False,< 0.25 ac,43000.0,4.387755102040816,False,False,False,False,False,False,False,False
Sold,A11052192,5940 Florida Other,1200 Butterfield Dr,Port Charlotte Sect,PORT CHARLOTTE SECT 55,48000.0,48000.0,0.23,10000.0,,RSF3.5,Zoned Residential,Residential,True,,10000.0,Single-family,False,< 0.25 ac,48000.0,4.8,False,False,False,False,False,False,False,False
Sold,A11903336,5940 Florida Other,3017 N Balsam Cir,Port Labelle,PORT LABELLE,35000.0,35000.0,0.45,,,,Zoned Residential,Residential,False,,19602.0,Single-family,False,0.25–0.5 ac,35000.0,1.7855320885623915,False,False,False,False,False,False,False,False
Sold,A11964696,5940 Florida Other,430 N BRIDA ST,Montura Ranches,MONTURA RANCHES,45000.0,45000.0,1.09,,,,Zoned Residential,Residential,False,,47480.4,Single-family,False,1–2 ac,45000.0,0.9477594965501555,False,False,False,False,False,False,False,False
Sold,A11956689,5940 Florida Other,450 S ROMERO ST,Montura Ranch Estates,MONTURA RANCH ESTATES,46000.0,46000.0,1.25,,1 To Less Than 2 Acre Lot,RRF,Zoned Residential,Residential,False,,54450.0,Single-family,False,1–2 ac,46000.0,0.8448117539026629,False,False,False,False,False,False,False,False
Sold,A11961748,5940 Florida Other,1011 NW Juanita Pl,,,38000.0,38000.0,0.2,,,,Zoned Residential,Residential,False,,8712.0,Single-family,False,< 0.25 ac,38000.0,4.361799816345271,False,False,False,False,False,False,False,False
Sold,A11937094,5940 Florida Other,428 Parkman  Ave,Lehigh Acres,LEHIGH ACRES,30000.0,30000.0,0.3188,,,,Zoned Residential,Residential,False,,13886.927999999998,Single-family,False,0.25–0.5 ac,30000.0,2.1603050005011912,False,False,False,False,False,False,False,False
Sold,R11053506,7070,Tbd San Marcos Avenue,Paradise Park,PARADISE PARK,44000.0,44000.0,,,,RS-4Co,,Single,False,"Legal Access Road, City/County Maintained, Paved Road",,Single-family,False,,44000.0,,False,False,False,False,False,False,False,False
Sold,R11141510,6352 Sebastian County,8977 100th Avenue,Vero Lake Estates,VERO LAKE ESTATES UNIT H-1,40000.0,40000.0,0.18,,Less Than 1/4 Acre Lot,RS-3,,Unimproved Agri/Recreatn/Moblhome,False,,7840.799999999999,Single-family,False,< 0.25 ac,40000.0,5.101520253035405,False,False,False,False,False,False,False,False
Sold,A11865799,5940 Florida Other,755 S PALM ST,Montura Ranch Estates,MONTURA RANCH ESTATES,45000.0,45000.0,1.25,,1 To Less Than 2 Acre Lot,RRF,Zoned Residential,Residential,False,"Legal Access Road, Other Road",54450.0,Single-family,False,1–2 ac,45000.0,0.8264462809917356,False,False,False,False,False,False,False,False
Sold,A11944852,49,3XXX SW 16X Ave,Athol,ATHOL SUB,38000.0,38000.0,0.2869,12500.0,,¤8900,Zoned Residential,Other,False,,12500.0,Single-family,False,0.25–0.5 ac,38000.0,3.04,False,False,False,False,False,False,False,False
Sold,A12003881,5940 Florida Other,150 s olivo st,Montura Ranch,MONTURA RANCH,43000.0,43000.0,1.25,,,,Zoned Residential,Residential,False,,54450.0,Single-family,False,1–2 ac,43000.0,0.7897153351698806,False,False,False,False,False,False,False,False
Sold,R11166596,5940 Florida Other,10030 83rd Street,Vero Lake Estates,VERO LAKE ESTATES UNIT J,45000.0,45000.0,0.22,,Less Than 1/4 Acre Lot,RS-3,,Unimproved Agri/Recreatn/Moblhome,False,County Road,9583.2,Single-family,False,< 0.25 ac,45000.0,4.69571750563486,False,False,False,False,False,False,False,False
Sold,A11970996,5940 Florida Other,820 S Willow Street,Montura Ranches,MONTURA RANCHES,45000.0,45000.0,1.25,,1 To Less Than 2 Acre Lot,RRF,Zoned Residential,Residential,False,,54450.0,Single-family,False,1–2 ac,45000.0,0.8264462809917356,False,False,False,False,False,False,False,False
Sold,A11968922,5940 Florida Other,3006 NW Douglas Cir,Cape Coral,CAPE CORAL,41000.0,41000.0,0.26,,1/4 To Less Than 1/2 Acre Lot,,Zoned Residential,Residential,False,,11325.6,Single-family,False,0.25–0.5 ac,41000.0,3.6201172564808926,False,False,False,False,False,False,False,False
Sold,A11846885,5940 Florida Other,2117 NE 9th PL,Cape Coral,CAPE CORAL UNIT 32,45000.0,45000.0,0.23,,1/4 To Less Than 1/2 Acre Lot,,Zoned Residential,Residential,False,,10018.800000000001,Single-family,False,0.25–0.5 ac,45000.0,4.491555874955084,False,False,False,False,False,False,False,False
Sold,A11790190,5940 Florida Other,640 s shetland st,Montura Ranches,MONTURA RANCHES,34000.0,34000.0,1.25,,,,Zoned Residential,Residential,False,,54450.0,Single-family,False,1–2 ac,34000.0,0.6244260789715336,False,False,False,False,False,False,False,False
Sold,B26027900,6240 NW Okeechobee County,21072 NW 280th Street,Vk Viking Estates,VK2104 THE VIKING ESTATES,45000.0,45000.0,1.25,,1 To Less Than 2 Acre Lot,Agriculture/Res,,Unimproved Agri/Recreatn/Moblhome,False,County Road,54450.0,Acreage / rural,False,1–2 ac,45000.0,0.8264462809917356,False,False,False,False,False,False,False,False
Sold,A11966172,6240 NW Okeechobee County,20315 NW 256 St,Southern Colonization,THE SOUTHERN COLONIZATION,42000.0,42000.0,1.25,,,,Zoned Residential,Residential,False,,54450.0,Single-family,False,1–2 ac,42000.0,0.7713498622589532,False,False,False,False,False,False,False,False
Sold,T20053723,6240 NW Okeechobee County,17530 NW 38th Avenue,,,40000.0,40000.0,1.1,,,,,Single,False,Paved Road,47916.00000000001,,False,1–2 ac,40000.0,0.8347942232239751,False,False,False,False,False,False,False,False
Sold,T20053725,6240 NW Okeechobee County,17510 NW 38th Avenue,,,40000.0,40000.0,1.2,,,,,Single,False,Paved Road,52272.0,,False,1–2 ac,40000.0,0.7652280379553107,False,False,False,False,False,False,False,False
Sold,R11125391,6331 Indian River – Central County,9730 20th Lane,Vero Tropical Gardens,VERO TROPICAL GARDENS UNIT,39000.0,39000.0,0.16,,Less Than 1/4 Acre Lot,RS-6,,Unimproved Agri/Recreatn/Moblhome,False,"City/County Maintained, Public Road",6969.6,Single-family,False,< 0.25 ac,39000.0,5.595730027548209,False,False,False,False,False,False,False,False
Sold,R11109319,6331 Indian River – Central County,8035 102nd Avenue,Vero Lake Estates,VERO LAKE ESTATES UNIT Q,45000.0,45000.0,0.23,,Less Than 1/4 Acre Lot,RS-3,,Unimproved Agri/Recreatn/Moblhome,False,"County Road, Gravel/Lime Rock Road",10018.800000000001,Single-family,False,< 0.25 ac,45000.0,4.491555874955084,False,False,False,False,False,False,False,False
Sold,R11167411,6372 Brevard County (W of Indian River),3262 Pomello Avenue,Port Malabar,PORT MALABAR UNIT 30,32000.0,32000.0,0.23,,Less Than 1/4 Acre Lot,Residential,,Unimproved Agri/Recreatn/Moblhome,False,City/County Maintained,10018.800000000001,Single-family,False,< 0.25 ac,32000.0,3.1939952888569487,False,False,False,False,False,False,False,False
Sold,F10548442,7070,0 Avenue G,Garden City Farms,GARDEN CITY FARMS,40000.0,40000.0,0.28,12197.0,,RS-4 Count,Zoned Residential,Unimproved Agri/Recreatn/Moblhome,False,,12197.0,Single-family,False,0.25–0.5 ac,40000.0,3.2794949577765022,False,False,False,False,False,False,False,False
Sold,A11982912,5940 Florida Other,165 N Sendero St,Montura Ranch Estates,MONTURA RANCH ESTATES,44900.0,44900.0,1.09,,1 To Less Than 2 Acre Lot,,Zoned Residential,Residential,False,"Legal Access Road, City/County Maintained, Public Road",47480.4,Single-family,False,1–2 ac,44900.0,0.9456533643355995,False,False,False,False,False,False,False,False
Sold,A11829711,5940 Florida Other,4132 OLEANDER AVE,Daytona North Service Dist,DAYTONA NORTH SERVICE DIST,35000.0,35000.0,1.14,49500.0,1 To Less Than 2 Acre Lot,,Zoned Residential,Residential,False,,49500.0,Single-family,False,1–2 ac,35000.0,0.7070707070707071,False,False,False,False,False,False,False,False
Sold,R11167638,6372 Brevard County (W of Indian River),2851 Fontainebleau Avenue,Port Malabar,PORT MALABAR UNIT 25,33750.0,33750.0,0.24,,Less Than 1/4 Acre Lot,Residential,,Unimproved Agri/Recreatn/Moblhome,False,City/County Maintained,10454.4,Single-family,False,< 0.25 ac,33750.0,3.228305785123967,False,False,False,False,False,False,False,False
Sold,B26038311,6372 Brevard County (W of Indian River),455 Dadeville Street,Port Malabar,PORT MALABAR UNIT 25,38500.0,38500.0,0.23,,"Less Than 1/4 Acre Lot, Less Than 1 Acre",00,,Unimproved Agri/Recreatn/Moblhome,False,"City/County Maintained, Paved Road",10018.800000000001,,False,< 0.25 ac,38500.0,3.8427755819060163,False,False,False,False,False,False,False,False
Sold,R11158571,7070,312 N 18th Street,Amy Anna Park,AMY ANNA PARK,37900.0,37900.0,,,Less Than 1/4 Acre Lot,medium,,Unimproved Agri/Recreatn/Moblhome,False,County Road,,,False,< 0.25 ac,37900.0,,False,False,False,False,False,False,False,False
Sold,A12017641,5940 Florida Other,3217 NW 21st St,Cape Coral,CAPE CORAL UNIT 61,41000.0,41000.0,0.2299,10018.0,,R1,Zoned Residential,Residential,False,"City/County Maintained, Paved Road, Public Road",10018.0,Single-family,False,< 0.25 ac,41000.0,4.0926332601317625,False,False,False,False,False,False,False,False
Sold,R11168421,5940 Florida Other,724 Woodland,Montura Ranches Fl,"MONTURA RANCHES, FL 33440",40000.0,40000.0,,,1 To Less Than 2 Acre Lot,SINGLE FAMILY,,Unimproved Agri/Recreatn/Moblhome,False,City/County Maintained,,,False,1–2 ac,40000.0,,False,False,False,False,False,False,False,False
Sold,R11149579,5940 Florida Other,2013 Petunia Avenue,Orange Blossom Est,ORANGE BLOSSOM EST UNIT 05,42900.0,42900.0,0.9998,,1/2 To Less Than 3/4 Acre Lot,R1,,Unimproved Agri/Recreatn/Moblhome,False,,43551.288,Single-family,False,0.5–0.75 ac,42900.0,0.9850454939472743,False,False,False,False,False,False,False,False
Sold,A11905792,5940 Florida Other,3615 W Gator Circle,Cape Coral,CAPE CORAL,38000.0,38000.0,0.23,,,,Zoned Residential,Residential,False,,10018.800000000001,Single-family,False,< 0.25 ac,38000.0,3.7928694055176266,False,False,False,False,False,False,False,False
Sold,A11873680,5940 Florida Other,3117 NW 9th ST,Cape Coral,CAPE CORAL,40000.0,40000.0,0.24,,,,Zoned Residential,Residential,True,,10454.4,Single-family,False,< 0.25 ac,40000.0,3.8261401897765537,False,False,False,False,False,False,False,False
Sold,B26027373,6240 NW Okeechobee County,15729 NW 294th Street,Viking Estates,THE VIKING ESTATES,42500.0,42500.0,1.25,,1 To Less Than 2 Acre Lot,Agriculture/Res,,Unimproved Agri/Recreatn/Moblhome,False,County Road,54450.0,Acreage / rural,False,1–2 ac,42500.0,0.7805325987144169,False,False,False,False,False,False,False,False
Sold,B26004555,6352 Sebastian County,7840 96th Court,Vero Lake Estates,VERO LAKE ESTATES UNIT G,37500.0,37500.0,0.22,,"Less Than 1/4 Acre Lot, Interior Lot, Less Than 1 Acre, West Of US 1",RS-3,,Unimproved Agri/Recreatn/Moblhome,False,City/County Maintained,9583.2,Single-family,False,< 0.25 ac,37500.0,3.9130979213623838,False,False,True,False,False,False,False,True
Sold,B26010699,5940 Florida Other,7670 Kaibab Avenue,Frontier,FRONTIER,40000.0,40000.0,1.2386,,1 To Less Than 2 Acre Lot,Residential,,Unimproved Agri/Recreatn/Moblhome,False,Paved Road,53953.416,Single-family,False,1–2 ac,40000.0,0.7413803048170295,False,False,False,False,False,False,False,False
Sold,F10549440,6240 NW Okeechobee County,3567 NW 37th Avenue,Basswood Un,BASSWOOD UN 5,42000.0,42000.0,0.215,9365.0,,,Zoned Residential,Unimproved Agri/Recreatn/Moblhome,False,,9365.0,Single-family,False,< 0.25 ac,42000.0,4.484783769353977,False,False,False,False,False,False,False,False
Sold,F10517670,5940 Florida Other,2120 NE 25th Ter,Cape Coral,CAPE CORAL,30000.0,30000.0,0.23,10019.0,,R1-D,Zoned Residential,Residential,False,,10019.0,Single-family,False,< 0.25 ac,30000.0,2.9943108094620223,False,False,False,False,False,False,False,False
Sold,A11971736,5940 Florida Other,1630 Nuremberg Blvd,Punta Gorda Isles,PUNTA GORDA ISLES SEC 23,35000.0,35000.0,0.2318,10096.0,,RSF 3.5,Zoned Residential,Residential,False,Private Road,10096.0,Single-family,False,< 0.25 ac,35000.0,3.466719492868463,False,False,False,False,False,False,False,False
Sold,R11166175,5940 Florida Other,1630 Nuremberg Boulevard,Punta Gorda Isles,PUNTA GORDA ISLES SEC 23,35000.0,35000.0,0.2318,,Less Than 1/4 Acre Lot,RSF3.5,,Unimproved Agri/Recreatn/Moblhome,False,"Paved Road, Private Road",10097.208,Single-family,False,< 0.25 ac,35000.0,3.4663047448363944,False,False,False,False,False,False,False,False
Sold,F10541991,5940 Florida Other,128 - 25 SW   25 Street Road,Marion Oaks,MARION OAKS,36000.0,36000.0,0.27,11761.0,Less Than 1/4 Acre Lot,R1,Zoned Residential,Unimproved Agri/Recreatn/Moblhome,False,Paved Road,11761.0,Single-family,False,< 0.25 ac,36000.0,3.0609642037241733,False,False,False,False,False,False,False,False
Sold,F10541989,5940 Florida Other,128 - 24 SW   24 Street Road,Marion Oaks,MARION OAKS,36000.0,36000.0,0.25,10890.0,Less Than 1/4 Acre Lot,R1,Zoned Residential,Unimproved Agri/Recreatn/Moblhome,False,,10890.0,Single-family,False,< 0.25 ac,36000.0,3.3057851239669422,False,False,False,False,False,False,False,False
Sold,A11931362,5940 Florida Other,17 NW 29th Pl,Cape Coral,CAPE CORAL,37500.0,37500.0,0.24,,,,Zoned Residential,Residential,False,"City/County Maintained, Paved Road",10454.4,Single-family,False,< 0.25 ac,37500.0,3.587006427915519,False,False,False,False,False,False,False,False
Sold,R11135629,5940 Florida Other,932 Bonnie Drive,Panama City,PANAMA CITY,18000.0,18000.0,,,,Resident,,Single,False,Other Road,,Single-family,False,,18000.0,,False,False,False,False,False,False,False,False
Sold,R11135650,5940 Florida Other,928 Bonnie Drive,Panama City,PANAMA CITY,15000.0,15000.0,,,,Resident,,Single,False,Other Road,,Single-family,False,,15000.0,,False,False,False,False,False,False,False,False
Sold,R11126754,5940 Florida Other,3819 NW 21st Avenue,Basswood Estates,BASSWOOD ESTATES,43000.0,43000.0,0.3558,,1/4 To Less Than 1/2 Acre Lot,rsf,,Unimproved Agri/Recreatn/Moblhome,False,"County Road, City/County Maintained, Paved Road",15498.648000000001,Single-family,False,0.25–0.5 ac,43000.0,2.7744355507654603,False,False,False,False,False,False,False,False
Sold,A11842870,5940 Florida Other,614 S estribo,Montura,MONTURA,35000.0,35000.0,1.25,,Other Lot Description,Residential,Zoned Residential,Residential,False,,54450.0,Single-family,False,1–2 ac,35000.0,0.642791551882461,False,False,False,False,False,False,False,False
Sold,A11730853,5940 Florida Other,0000 Ocala,Marion Oaks,MARION OAKS,30000.0,30000.0,0.24,,,R1,Zoned Residential,Residential,False,,10454.4,Single-family,False,< 0.25 ac,30000.0,2.869605142332415,False,False,False,False,False,False,False,False
Sold,B26014532,6240 NW Okeechobee County,0 NW 23rd  Avenue,Basswood,BASSWOOD,38000.0,38000.0,0.355,,"1/4 To Less Than 1/2 Acre Lot, Less Than 1 Acre",Res,,Unimproved Agri/Recreatn/Moblhome,False,,15463.8,Single-family,False,0.25–0.5 ac,38000.0,2.4573520092086034,False,False,False,False,False,False,False,False
Sold,F10546391,6240 NW Okeechobee County,10305 NE 2nd Terrace,Orange Blossom Ranches,ORANGE BLOSSOM RANCHES,32000.0,32000.0,0.351,15290.0,,,Zoned Residential,Unimproved Agri/Recreatn/Moblhome,False,,15290.0,Single-family,False,0.25–0.5 ac,32000.0,2.092871157619359,False,False,False,False,False,False,False,False
Sold,R11079237,6352 Sebastian County,8155 103rd Court,Vero Lake Estates,VERO LAKE ESTATES UNIT P,25000.0,25000.0,0.22,,Less Than 1/4 Acre Lot,RS-3,,Unimproved Agri/Recreatn/Moblhome,False,,9583.2,Single-family,False,< 0.25 ac,25000.0,2.6087319475749227,False,False,False,False,False,False,False,False
Sold,B26000125,6372 Brevard County (W of Indian River),290 NW Deeyan Ave Avenue,Port Malabar,PORT MALABAR UNIT 39,38000.0,38000.0,0.23,,"Less Than 1/4 Acre Lot, Less Than 1 Acre",RESEDENTIAL,,Unimproved Agri/Recreatn/Moblhome,False,Paved Road,10018.800000000001,Single-family,False,< 0.25 ac,38000.0,3.7928694055176266,False,False,False,False,False,False,False,False
Sold,A11947259,6372 Brevard County (W of Indian River),1881 SE Trapper,Port Malabar,PORT MALABAR,31000.0,31000.0,0.24,,,,Zoned Residential,Residential,False,,10454.4,Single-family,False,< 0.25 ac,31000.0,2.965258647076829,False,False,False,False,False,False,False,False
Sold,A11947157,6372 Brevard County (W of Indian River),1328 SE RAN RD,Port Malabar,PORT MALABAR UNIT 22,34000.0,34000.0,0.23,,,,Zoned Residential,Residential,False,,10018.800000000001,Single-family,False,< 0.25 ac,34000.0,3.393619994410508,False,False,False,False,False,False,False,False
Sold,R11153157,6372 Brevard County (W of Indian River),3397 Navajo Avenue,Port Malabar,PORT MALABAR UNIT 30,33000.0,33000.0,0.26,,,Resident,,Single,False,"City/County Maintained, Paved Road, Public Road",11325.6,Single-family,False,0.25–0.5 ac,33000.0,2.9137529137529135,False,False,False,False,False,False,False,False
Sold,A11961954,5940 Florida Other,1317 NE 22nd Ave,Cape Coral,CAPE CORAL,32000.0,32000.0,0.24,,,,Zoned Residential,Residential,False,"City/County Maintained, Paved Road",10454.4,Single-family,False,< 0.25 ac,32000.0,3.0609121518212428,False,False,False,False,False,False,False,False
Sold,R11150580,5940 Florida Other,518 Poplar Street,Port Malabar,PORT MALABAR UNIT 25,25000.0,25000.0,0.23,,Less Than 1/4 Acre Lot,res,,Unimproved Agri/Recreatn/Moblhome,False,Paved Road,10018.800000000001,Single-family,False,< 0.25 ac,25000.0,2.495308819419491,False,False,False,False,False,False,False,False
Sold,A11929072,5940 Florida Other,5409 Phillips ST,Bokeelia Pine Isles,BOKEELIA - PINE ISLAND,38000.0,38000.0,0.23,10106.0,Less Than 1/4 Acre Lot,TFC2,Zoned Multifamily,Other,False,City/County Maintained,10106.0,Multifamily,False,< 0.25 ac,38000.0,3.7601424896101325,False,False,False,False,False,False,False,False
Sold,R11079940,6210 NE Okeechobee County,18230 NW 306th Street,Vikings Prarie,VIKINGS PRARIE,30000.0,30000.0,1.25,,1 To Less Than 2 Acre Lot,RES,,Unimproved Agri/Recreatn/Moblhome,False,"County Road, City/County Maintained, Public Road",54450.0,Single-family,False,1–2 ac,30000.0,0.5509641873278237,False,False,False,False,False,False,False,False
Sold,R11079934,6210 NE Okeechobee County,17071 NW 312th Street,Viking Estates,VIKING ESTATES,27500.0,27500.0,1.25,,1 To Less Than 2 Acre Lot,RES,,Unimproved Agri/Recreatn/Moblhome,False,County Road,54450.0,Single-family,False,1–2 ac,27500.0,0.5050505050505051,False,False,False,False,False,False,False,False
Sold,R11168144,5940 Florida Other,1966 Pirate Avenue,Port Malabar,PORT MALABAR UNIT 17,33000.0,33000.0,,,Less Than 1/4 Acre Lot,Residential,,Unimproved Agri/Recreatn/Moblhome,False,"City/County Maintained, Paved Road, Public Road",,Single-family,False,< 0.25 ac,33000.0,,False,False,False,False,False,False,False,False
Sold,R11118340,5940 Florida Other,9097 SE 67th Way,Okeechobee Hammock Sectio,"OKEECHOBEE HAMMOCK, SECTIO",38500.0,38500.0,0.4368,,1/4 To Less Than 1/2 Acre Lot,SINGLE Fam,,Unimproved Agri/Recreatn/Moblhome,False,,19027.008,,False,0.25–0.5 ac,38500.0,2.023439523439523,False,False,False,False,False,False,False,False
Sold,A11918300,5940 Florida Other,1505 S sally ave,Lee County Unincorporated,LEE COUNTY UNINCORPORATED,32000.0,32000.0,0.37,,,,Zoned Residential,Residential,True,,16117.199999999999,Single-family,False,0.25–0.5 ac,32000.0,1.9854565309110765,False,False,False,False,False,False,False,False
Sold,A11696177,49,SW 37 St SW 158 Court,Athol,ATHOL,33000.0,33000.0,0.15,6600.0,,¤8900,Zoned Residential,Residential,False,,6600.0,Single-family,False,< 0.25 ac,33000.0,5.0,False,False,False,False,False,False,False,False
Sold,R11153703,5940 Florida Other,6195 6th Place,Pine Tree Park,PINE TREE PARK UNIT NO 4,35000.0,35000.0,0.14,,Less Than 1/4 Acre Lot,RS-6,,Unimproved Agri/Recreatn/Moblhome,False,,6098.400000000001,Single-family,False,< 0.25 ac,35000.0,5.739210284664829,False,False,False,False,False,False,False,False
Sold,F10444685,5940 Florida Other,1322 NW 7th Place,Cape Coral,CAPE CORAL,33000.0,33000.0,0.23,10000.0,"Less Than 1/4 Acre Lot, Less Than 1 Acre",RD-D,Zoned Residential,Unimproved Agri/Recreatn/Moblhome,False,,10000.0,Single-family,False,< 0.25 ac,33000.0,3.3,False,False,False,False,False,False,False,False
Sold,T20051862,7190,2495 SE Ruskin Drive,,,29000.0,29000.0,0.08,,East Of US 1,,,Single,False,,3484.8,,False,< 0.25 ac,29000.0,8.321854912764003,False,False,False,False,False,False,True,False
Sold,R11165522,5940 Florida Other,3382 NW 31st Avenue,Basswood Un,BASSWOOD UN 02,35000.0,35000.0,0.36,,1/4 To Less Than 1/2 Acre Lot,res,,Unimproved Agri/Recreatn/Moblhome,False,Paved Road,15681.599999999999,Single-family,False,0.25–0.5 ac,35000.0,2.2319151107029898,False,False,False,False,False,False,False,False
Sold,F10516980,5940 Florida Other,208 Street Street 139 Drive,Lot Suwannee Oaks,LOT 17 SUWANNEE OAKS,27500.0,27500.0,2.0,,2 To Less Than 3 Acre Lot,Arculturial,Zoned Residential,Unimproved Agri/Recreatn/Moblhome,False,"City/County Maintained, Public Road",87120.0,Single-family,False,2–3 ac,27500.0,0.31565656565656564,False,False,False,False,False,False,False,False
Sold,R11164208,5940 Florida Other,3079 NW 35th Avenue,Basswoods,BASSWOODS,34000.0,34000.0,0.2152,,Less Than 1/4 Acre Lot,RES,,Unimproved Agri/Recreatn/Moblhome,False,Paved Road,9374.112000000001,Single-family,False,< 0.25 ac,34000.0,3.6270102170744276,False,False,False,False,False,False,False,False
Sold,R11169588,6210 NE Okeechobee County,0 Crane Road,Royal Highlands,ROYAL HIGHLANDS UNIT 8,33000.0,33000.0,,,1/4 To Less Than 1/2 Acre Lot,R1C,,Unimproved Agri/Recreatn/Moblhome,False,"County Road, City/County Maintained",,Single-family,False,0.25–0.5 ac,33000.0,,False,False,False,False,False,False,False,False
Sold,R11099858,6372 Brevard County (W of Indian River),449 Denmark Street,Palm Bay,PALM BAY,34000.0,34000.0,0.23,,Less Than 1/4 Acre Lot,Single Family,,Unimproved Agri/Recreatn/Moblhome,False,"City/County Maintained, Paved Road",10018.800000000001,,False,< 0.25 ac,34000.0,3.393619994410508,False,False,False,False,False,False,False,False
Sold,A11997116,5940 Florida Other,2729 NW 21st St,Cape Coral,CAPE CORAL,34000.0,34000.0,0.24,,"1/4 To Less Than 1/2 Acre Lot, Corner Lot, Oversized Lot",,Zoned Residential,Residential,False,"City/County Maintained, Paved Road",10454.4,Single-family,False,0.25–0.5 ac,34000.0,3.2522191613100704,True,False,False,False,True,False,False,False
Sold,R11105366,5940 Florida Other,3268 NW 19th Avenue,Basswood,BASSWOOD,33500.0,33500.0,0.35,,Interior Lot,res,,Single,False,Public Road,15245.999999999998,Single-family,False,0.25–0.5 ac,33500.0,2.1972976518431064,False,False,True,False,False,False,False,False
Sold,B26034512,6372 Brevard County (W of Indian River),172 SW Lamar St Street,Port Malabar,PORT MALABAR UNIT 30,33000.0,33000.0,0.24,,"Less Than 1/4 Acre Lot, Less Than 1 Acre, West Of US 1",Resident,,Unimproved Agri/Recreatn/Moblhome,False,City/County Maintained,10454.4,Single-family,False,< 0.25 ac,33000.0,3.1565656565656566,False,False,False,False,False,False,False,True
Sold,A11881861,5940 Florida Other,8701 Hampshire Dr.,Spring Lake Village,SPRING LAKE VILLAGE,35000.0,35000.0,0.51,,1/2 To Less Than 3/4 Acre Lot,Residential,Zoned Residential,Residential,False,"Paved Road, Public Road",22215.600000000002,Single-family,False,0.5–0.75 ac,35000.0,1.5754694899079924,False,False,False,False,False,False,False,False
Sold,R11157057,5940 Florida Other,14415 NW 286th Street,Vikings Prairie,VIKINGS PRAIRIE,36500.0,36500.0,,,,res,,Single,False,"County Road, Paved Road",,Single-family,False,,36500.0,,False,False,False,False,False,False,False,False
Sold,A11937422,5940 Florida Other,7324 Cobb Rd,Rapid,RAPID,33000.0,33000.0,0.2583,11238.0,Less Than 1/4 Acre Lot,,Zoned Residential,Residential,False,Legal Access Road,11238.0,Single-family,False,< 0.25 ac,33000.0,2.936465563267485,False,False,False,False,False,False,False,False
Sold,F10551580,6371 Brevard County (E of Indian River),1287 Schayler Street,Port Malabar,PORT MALABAR,35000.0,35000.0,0.23,10019.0,Less Than 1/4 Acre Lot,Residential,Zoned Residential,Unimproved Agri/Recreatn/Moblhome,False,"City/County Maintained, Paved Road, Public Road",10019.0,Single-family,False,< 0.25 ac,35000.0,3.493362611039026,False,False,False,False,False,False,False,False
Sold,A11980024,5940 Florida Other,412 Montura Ave,Montura Ranch Estates,MONTURA RANCH ESTATES,35000.0,35000.0,1.25,54450.0,,,Zoned Residential,Residential,False,,54450.0,Single-family,False,1–2 ac,35000.0,0.642791551882461,False,False,False,False,False,False,False,False
Sold,R11143541,5940 Florida Other,348 Sawyer Street,Port Malabar,PORT MALABAR UNIT 32,27000.0,27000.0,0.23,,Less Than 1/4 Acre Lot,RS2,,Unimproved Agri/Recreatn/Moblhome,False,Paved Road,10018.800000000001,Single-family,False,< 0.25 ac,27000.0,2.69493352497305,False,False,False,False,False,False,False,False
Sold,A12015103,5940 Florida Other,802 Edison Ave,Lehigh Acres,LEHIGH ACRES UNIT 2 BLK 8,35000.0,35000.0,0.5001,,,,Zoned Residential,Residential,False,,21784.356,Single-family,False,0.5–0.75 ac,35000.0,1.606657548196513,False,False,False,False,False,False,False,False
Sold,B26018671,5940 Florida Other,855 N Isora Street,Montura Ranches Estates,MONTURA RANCHES ESTATES,32000.0,32000.0,1.25,,"1 To Less Than 2 Acre Lot, Oversized Lot",Residential,,Unimproved Agri/Recreatn/Moblhome,False,"County Road, City/County Maintained",54450.0,Single-family,False,1–2 ac,32000.0,0.5876951331496786,False,False,False,False,True,False,False,False
Sold,A11990933,5940 Florida Other,4931 San Ignacio Dr,Sun Lk Seb,SUN N LK SEB UNIT 16,36500.0,36500.0,0.2927,12750.0,1/4 To Less Than 1/2 Acre Lot,R1A,Zoned Residential,Residential,False,"Legal Access Road, Paved Road, Public Road",12750.0,Single-family,False,0.25–0.5 ac,36500.0,2.8627450980392157,False,False,False,False,False,False,False,False
Sold,R11168668,5940 Florida Other,119 Van Allen Avenue,Placid Lakes Multi Famil,PLACID LAKES + MULTI-FAMIL,26000.0,26000.0,0.46,,"1/4 To Less Than 1/2 Acre Lot, Less Than 1 Acre",residential,,Unimproved Agri/Recreatn/Moblhome,False,"County Road, Paved Road",20037.600000000002,Single-family,False,0.25–0.5 ac,26000.0,1.2975605860981354,False,False,False,False,False,False,False,False
Sold,A11972384,5940 Florida Other,50 Wanda Ave S,Lehigh Acres,LEHIGH ACRES,30000.0,30000.0,0.39,,,,Zoned Residential,Residential,True,,16988.4,Single-family,False,0.25–0.5 ac,30000.0,1.7659108568199475,False,False,False,False,False,False,False,False
Sold,F10550919,5940 Florida Other,1012 Lockwood Street,Port Labelle,PORT LABELLE,34900.0,34900.0,0.23,10019.0,,RG3,Zoned Residential,Unimproved Agri/Recreatn/Moblhome,False,,10019.0,Single-family,False,< 0.25 ac,34900.0,3.4833815750074857,False,False,False,False,False,False,False,False
Sold,A11957200,5940 Florida Other,818 Calvin Ave,Lehigh Acres,LEHIGH ACRES,32000.0,32000.0,21780.0,,,,Zoned Residential,Residential,False,,21780.0,Single-family,False,0.5–0.75 ac,32000.0,1.4692378328741964,False,False,False,False,False,False,False,False
Sold,R11158195,5940 Florida Other,16803 NW 256th Street,Southern Colonization Com,SOUTHERN COLONIZATION COM,35000.0,35000.0,,,,Res,,Single,False,,,Single-family,False,,35000.0,,False,False,False,False,False,False,False,False
Sold,A11952551,5940 Florida Other,1312 Irving Ave.,Lehigh Acres Unt,LEHIGH ACRES UNT 4,30000.0,30000.0,0.5,,1/4 To Less Than 1/2 Acre Lot,,Zoned Residential,Residential,False,City/County Maintained,21780.0,Single-family,False,0.25–0.5 ac,30000.0,1.3774104683195592,False,False,False,False,False,False,False,False
Sold,A11952406,5940 Florida Other,1311 Irving Ave,Lehigh Acres,LEHIGH ACRES UNIT 5,30000.0,30000.0,0.5,,1/2 To Less Than 3/4 Acre Lot,,Zoned Residential,Residential,False,Legal Access Road,21780.0,Single-family,False,0.5–0.75 ac,30000.0,1.3774104683195592,False,False,False,False,False,False,False,False
Sold,A11950954,5940 Florida Other,0 Pine Trace Way,Silver Springs Shores,SILVER SPRINGS SHORES UNIT,31000.0,31000.0,0.37,,,R1,Zoned Residential,Residential,False,,16117.199999999999,Single-family,False,0.25–0.5 ac,31000.0,1.9234110143201053,False,False,False,False,False,False,False,False
Sold,R11156435,5940 Florida Other,Tbd Resort Avenue,Royal Highlands,ROYAL HIGHLANDS,35000.0,35000.0,0.46,,1/4 To Less Than 1/2 Acre Lot,RES,,Unimproved Agri/Recreatn/Moblhome,False,Paved Road,20037.600000000002,Single-family,False,0.25–0.5 ac,35000.0,1.7467161735936438,False,False,False,False,False,False,False,False
Sold,A11922591,5940 Florida Other,2810 NW 3RD ST,,R1-D,32000.0,32000.0,0.23,,,,Zoned Residential,Residential,False,City/County Maintained,10018.800000000001,Single-family,False,< 0.25 ac,32000.0,3.1939952888569487,False,False,False,False,False,False,False,False
Sold,R11124947,5940 Florida Other,Tbd Frederick Street,Port Malabar,PORT MALABAR UNIT 30,33500.0,33500.0,,,,Residential,,Unimproved Agri/Recreatn/Moblhome,False,Paved Road,,Single-family,False,,33500.0,,False,False,False,False,False,False,False,False
Sold,A11843000,5940 Florida Other,7217 ROLLING HILLS RD,Spring Lake Village Ii,SPRING LAKE VILLAGE II,24000.0,24000.0,0.5014,,1/2 To Less Than 3/4 Acre Lot,,Zoned Residential,Residential,False,,21840.983999999997,Single-family,False,0.5–0.75 ac,24000.0,1.0988515902030789,False,False,False,False,False,False,False,False
Sold,A11821705,5940 Florida Other,3209 3rd St W,,,33000.0,33000.0,0.25,,,,Zoned Residential,Residential,False,,10890.0,Single-family,False,0.25–0.5 ac,33000.0,3.0303030303030303,False,False,False,False,False,False,False,False
Sold,F10496929,5940 Florida Other,8001 Castile Road,Spring Lake Village Iii,SPRING LAKE VILLAGE III,29500.0,29500.0,0.5,22000.0,1/2 To Less Than 3/4 Acre Lot,R1,Zoned Residential,Unimproved Agri/Recreatn/Moblhome,False,,22000.0,Single-family,False,0.5–0.75 ac,29500.0,1.3409090909090908,False,False,False,False,False,False,False,False
Sold,F10496917,5940 Florida Other,7933 Castile Road,Spring Lake Village Iii,SPRING LAKE VILLAGE III,32000.0,32000.0,0.5,22000.0,1/2 To Less Than 3/4 Acre Lot,R1,Zoned Residential,Unimproved Agri/Recreatn/Moblhome,False,"City/County Maintained, Paved Road",22000.0,Single-family,False,0.5–0.75 ac,32000.0,1.4545454545454546,False,False,False,False,False,False,False,False
Sold,A11757061,5940 Florida Other,XX PECAN DRIVE TRCE,Silver Springs Shores,SILVER SPRINGS SHORES,35000.0,35000.0,0.28,12032.0,1/4 To Less Than 1/2 Acre Lot,R1,Zoned Residential,Residential,False,,12032.0,Single-family,False,0.25–0.5 ac,35000.0,2.908909574468085,False,False,False,False,False,False,False,False
Sold,A11754632,5940 Florida Other,XXX Pecan Course Circle,Silver Spring Shores,SILVER SPRING SHORES,33000.0,33000.0,0.2248,,Less Than 1/4 Acre Lot,R1 SINGLE FAMILY DWE,Zoned Residential,Residential,False,,9792.288,Single-family,False,< 0.25 ac,33000.0,3.3699989216003448,False,False,False,False,False,False,False,False
Sold,A11730857,5940 Florida Other,15107 Canvasback Rd,Royal Highlands,ROYAL HIGHLANDS,32500.0,32500.0,0.46,,,,Zoned Residential,Residential,False,,20037.600000000002,Single-family,False,0.25–0.5 ac,32500.0,1.6219507326226692,False,False,False,False,False,False,False,False
Sold,R11016267,5940 Florida Other,11421 Rampart Lane,Johnson Heights,JOHNSON HEIGHTS,35000.0,35000.0,0.0964,,Less Than 1/4 Acre Lot,R4,,Unimproved Agri/Recreatn/Moblhome,False,City/County Maintained,4199.184,,False,< 0.25 ac,35000.0,8.33495269557133,False,False,False,False,False,False,False,False
Sold,A11205159,5940 Florida Other,60 circle marion oaks manor,Marion Oaks,MARION OAKS,35000.0,35000.0,0.29,,,,Zoned Residential,Residential,False,,12632.4,Single-family,False,0.25–0.5 ac,35000.0,2.7706532408726767,False,False,False,False,False,False,False,False
Sold,F10535456,6210 NE Okeechobee County,3844 NW 26th Avenue,Basswood Un,BASSWOOD UN 02,28000.0,28000.0,0.36,15463.0,,,Zoned Residential,Unimproved Agri/Recreatn/Moblhome,False,,15463.0,Single-family,False,0.25–0.5 ac,28000.0,1.810774105930285,False,False,False,False,False,False,False,False
Sold,F10537466,6371 Brevard County (E of Indian River),589 White Plains,Port Malabar,PORT MALABAR,28000.0,28000.0,0.24,,Less Than 1/4 Acre Lot,,Zoned Residential,Unimproved Agri/Recreatn/Moblhome,False,,10454.4,Single-family,False,< 0.25 ac,28000.0,2.6782981328435875,False,False,False,False,False,False,False,False
Sold,F10531701,6371 Brevard County (E of Indian River),0000 SW Lamkin,Port Malabar,PORT MALABAR,29000.0,29000.0,0.25,,Less Than 1/4 Acre Lot,,Zoned Residential,Unimproved Agri/Recreatn/Moblhome,False,Paved Road,10890.0,Single-family,False,< 0.25 ac,29000.0,2.6629935720844813,False,False,False,False,False,False,False,False
Sold,A11959317,6372 Brevard County (W of Indian River),1061 SE Towhlen Street,Port Malabar,PORT MALABAR UNIT 23,31000.0,31000.0,0.23,,Less Than 1/4 Acre Lot,RS2,Zoned Residential,Residential,False,Other Road,10018.800000000001,Single-family,False,< 0.25 ac,31000.0,3.094182936080169,False,False,False,False,False,False,False,False
Sold,A11955047,6372 Brevard County (W of Indian River),1134 Satin Rd,Port Malabar,PORT MALABAR UNIT 32,35000.0,35000.0,0.23,10019.0,,0010 / VACANT RESIDE,Zoned Residential,Residential,False,,10019.0,Single-family,False,< 0.25 ac,35000.0,3.493362611039026,False,False,False,False,False,False,False,False
Sold,A11949007,6372 Brevard County (W of Indian River),1132 SE SYKES RD,Port Malabar,PORT MALABAR UNIT 17,32750.0,32750.0,0.24,,,,Zoned Residential,Residential,False,,10454.4,Single-family,False,< 0.25 ac,32750.0,3.132652280379553,False,False,False,False,False,False,False,False
Sold,A11948960,6372 Brevard County (W of Indian River),1148 sykes rd se,Port Malabar,PORT MALABAR UNIT 17,32750.0,32750.0,0.25,,,,Zoned Residential,Residential,False,,10890.0,Single-family,False,0.25–0.5 ac,32750.0,3.007346189164371,False,False,False,False,False,False,False,False
Sold,R10979996,7010,Tbd S Ocean Drive,Surfside Harbor,SURFSIDE HARBOR,30000.0,30000.0,0.49,,"1/2 To Less Than 3/4 Acre Lot, East Of US 1",Hutch Isla,,Unimproved Agri/Recreatn/Moblhome,False,"Public Road, State Road",21344.399999999998,,False,0.5–0.75 ac,30000.0,1.4055208860403667,False,False,False,False,False,False,True,False
Sold,R11133924,7070,901 N 22nd Street,Eldorado Subdivision,ELDORADO SUBDIVISION,27000.0,27000.0,0.16,,Less Than 1/4 Acre Lot,SFMode,,Unimproved Agri/Recreatn/Moblhome,False,"Paved Road, Public Road",6969.6,Single-family,False,< 0.25 ac,27000.0,3.87396694214876,False,False,False,False,False,False,False,False
Sold,R11141778,7300,3746 NW 28th Avenue,Basswood Incorporated Uni,BASSWOOD INCORPORATED UNI,35000.0,35000.0,,,,RSF,,Single,False,City/County Maintained,,Single-family,False,,35000.0,,False,False,False,False,False,False,False,False
Sold,A12004650,5940 Florida Other,3720 SW 24TH ST,Lehigh Acres,LEHIGH ACRES,32000.0,32000.0,0.25,,1/4 To Less Than 1/2 Acre Lot,,Zoned Residential,Residential,False,,10890.0,Single-family,False,0.25–0.5 ac,32000.0,2.938475665748393,False,False,False,False,False,False,False,False
Sold,R11145767,5940 Florida Other,19775 NW 242nd Street,Vikings Southern Colonizat,VIKINGS/SOUTHERN COLONIZAT,30000.0,30000.0,1.25,,1 To Less Than 2 Acre Lot,Agri/Res,,Unimproved Agri/Recreatn/Moblhome,False,,54450.0,Acreage / rural,False,1–2 ac,30000.0,0.5509641873278237,False,False,False,False,False,False,False,False
Sold,A11989478,5940 Florida Other,1905 Venice Ave N,Lehigh Acres,LEHIGH ACRES,30000.0,30000.0,0.28,,,,Zoned Residential,Residential,False,,12196.800000000001,Single-family,False,0.25–0.5 ac,30000.0,2.459661550570641,False,False,False,False,False,False,False,False
Sold,R11164483,5940 Florida Other,1398 Parham Avenue,Port Malabar,PORT MALABAR UNIT 16,30000.0,30000.0,0.46,,"1/4 To Less Than 1/2 Acre Lot, Less Than 1 Acre",RS2,,Unimproved Agri/Recreatn/Moblhome,False,Paved Road,20037.600000000002,Single-family,False,0.25–0.5 ac,30000.0,1.4971852916516946,False,False,False,False,False,False,False,False
Sold,A11913199,5940 Florida Other,4102 6TH ST W,Lehigh Acres,LEHIGH ACRES UNIT 1,30000.0,30000.0,0.25,10890.0,"1/4 To Less Than 1/2 Acre Lot, Interior Lot, Regular Lot",RS-1,Zoned Residential,Residential,False,"Legal Access Road, City/County Maintained, Public Road",10890.0,Single-family,False,0.25–0.5 ac,30000.0,2.7548209366391183,False,False,True,False,False,False,False,False
Sold,A11913156,5940 Florida Other,4100 6th St W,Lehigh Acres,LEHIGH ACRES,30000.0,30000.0,0.25,10890.0,"1/4 To Less Than 1/2 Acre Lot, Cul-De-Sac Lot, Regular Lot",RS-1,Zoned Residential,Residential,False,"Legal Access Road, City/County Maintained, Paved Road",10890.0,Single-family,False,0.25–0.5 ac,30000.0,2.7548209366391183,False,True,False,False,False,False,False,False
Sold,R11040841,5940 Florida Other,1021 Jerdik Drive,Fisheating Bay Estates,FISHEATING BAY ESTATES,34500.0,34500.0,0.22,,Less Than 1/4 Acre Lot,RES,,Single,False,"City/County Maintained, Paved Road",9583.2,Single-family,False,< 0.25 ac,34500.0,3.600050087653393,False,False,False,False,False,False,False,False
Sold,R11103818,5940 Florida Other,910 Dixie Avenue,Lehigh Acres,LEHIGH ACRES UNIT 5,30000.0,30000.0,0.5001,,1/2 To Less Than 3/4 Acre Lot,RS-1,,Unimproved Agri/Recreatn/Moblhome,False,"County Road, City/County Maintained",21784.356,Single-family,False,0.5–0.75 ac,30000.0,1.377135041311297,False,False,False,False,False,False,False,False
Sold,R11103817,5940 Florida Other,908 Dixie Avenue,Lehigh Acres,LEHIGH ACRES UNIT 5,30000.0,30000.0,0.5001,,1/2 To Less Than 3/4 Acre Lot,RS-1,,Unimproved Agri/Recreatn/Moblhome,False,"County Road, City/County Maintained",21784.356,Single-family,False,0.5–0.75 ac,30000.0,1.377135041311297,False,False,False,False,False,False,False,False
Sold,A12014908,5940 Florida Other,3800 Hyde Park Dr,Fort Myers,FORT MYERS,33000.0,33000.0,0.2963,,,,Zoned Residential,Residential,True,,12906.828,Single-family,False,0.25–0.5 ac,33000.0,2.556786221990407,False,False,False,False,False,False,False,False
Sold,A11950535,6240 NW Okeechobee County,15185 NW 276TH,Southern Colonization,THE SOUTHERN COLONIZATION,29500.0,29500.0,1.25,,,,Zoned Residential,Residential,False,,54450.0,Single-family,False,1–2 ac,29500.0,0.54178145087236,False,False,False,False,False,False,False,False
Sold,R11154199,7070,0 Barcelona Avenue,Paradise Park,PARADISE PARK,30000.0,30000.0,0.186,,Less Than 1/4 Acre Lot,RS-4Co,,Unimproved Agri/Recreatn/Moblhome,False,City/County Maintained,8102.16,Single-family,False,< 0.25 ac,30000.0,3.702716312686987,False,False,False,False,False,False,False,False
Sold,R11149683,5940 Florida Other,508 Ascot Court,Spring Lake Vill,SPRING LAKE VILL 03,33500.0,33500.0,0.67,,1/2 To Less Than 3/4 Acre Lot,Residential,,Unimproved Agri/Recreatn/Moblhome,False,City/County Maintained,29185.2,Single-family,False,0.5–0.75 ac,33500.0,1.147842056932966,False,False,False,False,False,False,False,False
Sold,R11163915,6240 NW Okeechobee County,20277 NW 286th Street,Viking Estates,VIKING ESTATES,20000.0,20000.0,1.25,,1 To Less Than 2 Acre Lot,AGRICULTURE,,,False,,54450.0,Acreage / rural,False,1–2 ac,20000.0,0.3673094582185491,False,False,False,False,False,False,False,False
Sold,R11163914,6240 NW Okeechobee County,19996 NW 284th Street,Viking Estates,VIKING ESTATES,20000.0,20000.0,1.25,,1 To Less Than 2 Acre Lot,AGRICULTURE,,,False,Private Road,54450.0,Acreage / rural,False,1–2 ac,20000.0,0.3673094582185491,False,False,False,False,False,False,False,False
Sold,A11933836,5940 Florida Other,1306 Cortez Ave,Lehigh Acres,LEHIGH ACRES,27000.0,27000.0,0.5,,,,Zoned Residential,Residential,False,,21780.0,Single-family,False,0.5–0.75 ac,27000.0,1.2396694214876034,False,False,False,False,False,False,False,False
Sold,A11902423,5940 Florida Other,607 MAPLE AVE N,Lee County Unincorporated,LEE COUNTY UNINCORPORATED,31000.0,31000.0,0.5,,1/4 To Less Than 1/2 Acre Lot,,Zoned Residential,Residential,False,"Legal Access Road, City/County Maintained, Paved Road",21780.0,Single-family,False,0.25–0.5 ac,31000.0,1.423324150596878,False,False,False,False,False,False,False,False
Sold,A11970273,6240 NW Okeechobee County,14832 NW 268TH,Southern Colonization Co,SOUTHERN COLONIZATION CO,30000.0,30000.0,1.25,,,,Zoned Residential,Residential,False,,54450.0,Single-family,False,1–2 ac,30000.0,0.5509641873278237,False,False,False,False,False,False,False,False
Sold,F10513595,6240 NW Okeechobee County,18516 NW 310th Street,Southern Colonization Co,SOUTHERN COLONIZATION CO,20800.0,20800.0,1.25,54450.0,1 To Less Than 2 Acre Lot,,Zoned Residential,Unimproved Agri/Recreatn/Moblhome,False,,54450.0,Single-family,False,1–2 ac,20800.0,0.3820018365472911,False,False,False,False,False,False,False,False
Sold,F10496246,6240 NW Okeechobee County,17711 NW 278th Street,Viking Prairie,VIKING/PRAIRIE,31500.0,31500.0,1.25,54450.0,1 To Less Than 2 Acre Lot,,Zoned Residential,Unimproved Agri/Recreatn/Moblhome,False,,54450.0,Single-family,False,1–2 ac,31500.0,0.5785123966942148,False,False,False,False,False,False,False,False
Sold,R11129874,6321 City of Vero Beach,475 15 Street,Piney Oaks,PINEY OAKS,30000.0,30000.0,0.34,,1/4 To Less Than 1/2 Acre Lot,RS-6,,Unimproved Agri/Recreatn/Moblhome,False,County Road,14810.400000000001,Single-family,False,0.25–0.5 ac,30000.0,2.0256036298817044,False,False,False,False,False,False,False,False
Sold,R11167927,5490,1108 SE 9th Court,,,31900.0,31900.0,0.1148,,Less Than 1/4 Acre Lot,RML,,Unimproved Agri/Recreatn/Moblhome,False,,5000.688,Multifamily,False,< 0.25 ac,31900.0,6.3791222327807695,False,False,False,False,False,False,False,False
Sold,R11132482,5940 Florida Other,19025 NW 272nd Street,Southern Colonization Comp,SOUTHERN COLONIZATION COMP,27000.0,27000.0,1.5,,1 To Less Than 2 Acre Lot,0000 / VACANT R,,Unimproved Agri/Recreatn/Moblhome,False,,65340.0,,False,1–2 ac,27000.0,0.4132231404958678,False,False,False,False,False,False,False,False
Sold,F10537456,,14928 NW 260th St,Southern Colonization,SOUTHERN COLONIZATION,30000.0,30000.0,1.25,54450.0,,,Zoned Residential,Residential,False,,54450.0,Single-family,False,1–2 ac,30000.0,0.5509641873278237,False,False,False,False,False,False,False,False
Sold,F10543193,5940 Florida Other,0 Maple Hill Court,Maple Hill Addition,MAPLE HILL ADDITION,19500.0,19500.0,0.45,19602.0,1/2 To Less Than 3/4 Acre Lot,RL-1,Zoned Residential,Unimproved Agri/Recreatn/Moblhome,False,,19602.0,Single-family,False,0.5–0.75 ac,19500.0,0.9947964493419039,False,False,False,False,False,False,False,False
Sold,F10528798,5940 Florida Other,4020 Harlando Avenue,Sun Lake,SUN N LAKE,29000.0,29000.0,0.23,10060.0,"Less Than 1/4 Acre Lot, Less Than 1 Acre",R1,Zoned Residential,Unimproved Agri/Recreatn/Moblhome,False,Paved Road,10060.0,Single-family,False,< 0.25 ac,29000.0,2.8827037773359843,False,False,False,False,False,False,False,False
Sold,B26027208,5940 Florida Other,185 S Utopia Street,Montura Ranch Unrec,MONTURA RANCH UNREC SEC 25,35000.0,35000.0,1.25,,1 To Less Than 2 Acre Lot,RRF,,Unimproved Agri/Recreatn/Moblhome,True,,54450.0,Acreage / rural,False,1–2 ac,35000.0,0.642791551882461,False,False,False,False,False,False,False,False
Sold,A11967648,5940 Florida Other,1210 prospect ave,Lehigh Acres,LEHIGH ACRES,29000.0,29000.0,0.5,,,,Zoned Residential,Residential,False,,21780.0,Single-family,False,0.5–0.75 ac,29000.0,1.3314967860422406,False,False,False,False,False,False,False,False
Sold,A11964280,5940 Florida Other,2601 SW 15,Lehigh Acres,LEHIGH ACRES,32000.0,32000.0,0.25,,,,Zoned Residential,Residential,False,,10890.0,Single-family,False,0.25–0.5 ac,32000.0,2.938475665748393,False,False,False,False,False,False,False,False
Sold,R11162763,5940 Florida Other,18075 NW 278th Street,Southern Colonization Comp,SOUTHERN COLONIZATION COMP,30000.0,30000.0,1.25,,1 To Less Than 2 Acre Lot,res/ag,,Unimproved Agri/Recreatn/Moblhome,False,,54450.0,Single-family,False,1–2 ac,30000.0,0.5509641873278237,False,False,False,False,False,False,False,False
Sold,R11153696,5940 Florida Other,1810 38th Place,Geoffreys,W E GEOFFREYS,27000.0,27000.0,0.1228,,Less Than 1/4 Acre Lot,RM-8,,Unimproved Agri/Recreatn/Moblhome,False,Paved Road,5349.168000000001,Multifamily,False,< 0.25 ac,27000.0,5.047513931138449,False,False,False,False,False,False,False,False
Sold,A11937102,5940 Florida Other,432 Paulcrest Ave,Lehigh Acces,LEHIGH ACCES,30000.0,30000.0,0.2839,,,,Zoned Residential,Residential,False,,12366.684,Single-family,False,0.25–0.5 ac,30000.0,2.4258726106367723,False,False,False,False,False,False,False,False
Sold,A11937100,5940 Florida Other,430 Paulcrest Ave,Lehigh Acres,LEHIGH ACRES,30000.0,30000.0,0.2296,,,,Zoned Residential,Residential,False,,10001.376,Single-family,False,< 0.25 ac,30000.0,2.999587256793465,False,False,False,False,False,False,False,False
Sold,A11937098,5940 Florida Other,432 Parkman Ave,Lehigh Acres,LEHIGH ACRES,30000.0,30000.0,0.2354,,,,Zoned Residential,Residential,False,,10254.024,Single-family,False,< 0.25 ac,30000.0,2.9256806888690723,False,False,False,False,False,False,False,False
Sold,A11937096,5940 Florida Other,430 Parkman Ave,Lehigh Acres,LEHIGH ACRES,30000.0,30000.0,0.233,,,,Zoned Residential,Residential,False,,10149.480000000001,Single-family,False,< 0.25 ac,30000.0,2.9558164556213713,False,False,False,False,False,False,False,False
Sold,A11937089,5940 Florida Other,433 Parnell Ave,Lehigh Acres,LEHIGH ACRES,30000.0,30000.0,0.2839,,,,Zoned Residential,Residential,False,,12366.684,Single-family,False,0.25–0.5 ac,30000.0,2.4258726106367723,False,False,False,False,False,False,False,False
Sold,A11937087,5940 Florida Other,431 Parnell Ave,Lehigh Acres,LEHIGH ACRES,30000.0,30000.0,0.2296,,,,Zoned Residential,Residential,False,,10001.376,Single-family,False,< 0.25 ac,30000.0,2.999587256793465,False,False,False,False,False,False,False,False
Sold,A11937018,5940 Florida Other,220 Grant Blvd,Lehigh Acres,LEHIGH ACRES,30000.0,30000.0,0.257,,,,Zoned Residential,Residential,False,,11194.92,Single-family,False,0.25–0.5 ac,30000.0,2.679786903345446,False,False,False,False,False,False,False,False
Sold,A11937011,5940 Florida Other,428 Paulcrest Ave,Lehigh Acres,LEHIGH ACRES,30000.0,30000.0,0.2296,,,,Zoned Residential,Residential,False,,10001.376,Single-family,False,< 0.25 ac,30000.0,2.999587256793465,False,False,False,False,False,False,False,False
Sold,A11937004,5940 Florida Other,426 Paulcrest Ave,Lehigh Acres,LEHIGH ACRES,30000.0,30000.0,0.2296,,,,Zoned Residential,Residential,False,,10001.376,Single-family,False,< 0.25 ac,30000.0,2.999587256793465,False,False,False,False,False,False,False,False
Sold,A11936979,5940 Florida Other,424 Paulcrest Ave,Lehigh Acres,LEHIGH ACRES,30000.0,30000.0,0.2296,,,,Zoned Residential,Residential,False,,10001.376,Single-family,False,< 0.25 ac,30000.0,2.999587256793465,False,False,False,False,False,False,False,False
Sold,A11936967,5940 Florida Other,422 Paulcrest Ave,Lehigh Acres,LEHIGH ACRES,30000.0,30000.0,0.2245,,,,Zoned Residential,Residential,False,,9779.22,Single-family,False,< 0.25 ac,30000.0,3.067729328105923,False,False,False,False,False,False,False,False
Sold,A11936943,5940 Florida Other,420 Paulcrest Ave,Lehigh Acres,LEHIGH ACRES,30000.0,30000.0,0.2572,,,,Zoned Residential,Residential,False,,11203.632,Single-family,False,0.25–0.5 ac,30000.0,2.6777030877129846,False,False,False,False,False,False,False,False
Sold,A11936934,5940 Florida Other,429 Parnell Ave,Lehigh Acres,LEHIGH ACRES,30000.0,30000.0,0.2296,,,,Zoned Residential,Residential,False,,10001.376,Single-family,False,< 0.25 ac,30000.0,2.999587256793465,False,False,False,False,False,False,False,False
Sold,A11936929,5940 Florida Other,427 Parnell Ave,Lehigh Acres,LEHIGH ACRES,30000.0,30000.0,0.2296,,,,Zoned Residential,Residential,False,,10001.376,Single-family,False,< 0.25 ac,30000.0,2.999587256793465,False,False,False,False,False,False,False,False
Sold,A11936892,5940 Florida Other,425 Parnell Ave,Lehigh Acres,LEHIGH ACRES,30000.0,30000.0,0.2296,,,,Zoned Residential,Residential,False,,10001.376,Single-family,False,< 0.25 ac,30000.0,2.999587256793465,False,False,False,False,False,False,False,False
Sold,A11936885,5940 Florida Other,423 Parnell Ave,Lehigh Acres,LEHIGH ACRES,30000.0,30000.0,0.2789,,,,Zoned Residential,Residential,False,,12148.884,Single-family,False,0.25–0.5 ac,30000.0,2.4693626179984927,False,False,False,False,False,False,False,False
Sold,R11127934,5940 Florida Other,424 Cherry Tree Drive,Spring Lake Vill,SPRING LAKE VILL 02,29000.0,29000.0,0.6202,,1/2 To Less Than 3/4 Acre Lot,R1,,Unimproved Agri/Recreatn/Moblhome,False,Private Road,27015.912,Single-family,False,0.5–0.75 ac,29000.0,1.0734414592407615,False,False,False,False,False,False,False,False
Sold,F10525941,5940 Florida Other,630 N Hacienda,Montura Ranch,MONTURA RANCH,31000.0,31000.0,1.25,54450.0,1 To Less Than 2 Acre Lot,,Zoned Residential,Unimproved Agri/Recreatn/Moblhome,False,Paved Road,54450.0,Single-family,False,1–2 ac,31000.0,0.5693296602387512,False,False,False,False,False,False,False,False
Sold,R11147844,6210 NE Okeechobee County,17878 NW 286th Street,,,32000.0,32000.0,1.25,,1 To Less Than 2 Acre Lot,Residential,,Unimproved Agri/Recreatn/Moblhome,False,Public Road,54450.0,Single-family,False,1–2 ac,32000.0,0.5876951331496786,False,False,False,False,False,False,False,False
Sold,F10550951,6240 NW Okeechobee County,2585 NW 5th Street,Okeechobee Park,OKEECHOBEE PARK,27500.0,27500.0,0.291,12676.0,1/4 To Less Than 1/2 Acre Lot,,Zoned Residential,Unimproved Agri/Recreatn/Moblhome,False,Paved Road,12676.0,Single-family,False,0.25–0.5 ac,27500.0,2.1694540864626064,False,False,False,False,False,False,False,False
Sold,A11971041,5940 Florida Other,2119 LEROY,Lehigh Acres,LEHIGH ACRES,31500.0,31500.0,0.5001,21784.0,,,Zoned Residential,Residential,False,,21784.0,Single-family,False,0.5–0.75 ac,31500.0,1.4460154241645244,False,False,False,False,False,False,False,False
Sold,R11077113,5940 Florida Other,17774 NW 254th Street,,,28000.0,28000.0,1.25,,1 To Less Than 2 Acre Lot,RES/AG,,Unimproved Agri/Recreatn/Moblhome,False,,54450.0,Single-family,False,1–2 ac,28000.0,0.5142332415059688,False,False,False,False,False,False,False,False
Sold,B26018894,5940 Florida Other,Tbd Locust Drive Court,Silver Springs Shores,SILVER SPRINGS SHORES,24000.0,24000.0,0.3,,"1/4 To Less Than 1/2 Acre Lot, Less Than 1 Acre",RES,,Unimproved Agri/Recreatn/Moblhome,False,,13068.0,Single-family,False,0.25–0.5 ac,24000.0,1.8365472910927456,False,False,False,False,False,False,False,False
Sold,A11999567,5940 Florida Other,0 Timberlane Road,,,27000.0,27000.0,0.19,,,R-3,Zoned Residential,Residential,False,,8276.4,Single-family,False,< 0.25 ac,27000.0,3.2622879512831666,False,False,False,False,False,False,False,False
Sold,A11989986,5940 Florida Other,207 NW Aztec,Placid Lakes,PLACID LAKES SEC 19,29000.0,29000.0,0.5165,,,,Zoned Residential,Other,False,Paved Road,22498.739999999998,Single-family,False,0.5–0.75 ac,29000.0,1.2889610707088488,False,False,False,False,False,False,False,False
Sold,B26003881,5940 Florida Other,5755 Bryce Street,Big Tree Lakes,BIG TREE LAKES,8000.0,8000.0,1.1,,1 To Less Than 2 Acre Lot,AR,,Unimproved Agri/Recreatn/Moblhome,False,Gravel/Lime Rock Road,47916.00000000001,Acreage / rural,False,1–2 ac,8000.0,0.16695884464479505,False,False,False,False,False,False,False,False
Sold,R11168586,5940 Florida Other,2505 95th Avenue,Vero Tropical Gardens,VERO TROPICAL GARDENS UNIT,22500.0,22500.0,0.17,,Less Than 1/4 Acre Lot,A-1,,Unimproved Agri/Recreatn/Moblhome,False,,7405.200000000001,Acreage / rural,False,< 0.25 ac,22500.0,3.038405444822557,False,False,False,False,False,False,False,False
Sold,R11168585,5940 Florida Other,2345 95th Avenue,Vero Tropical Gardens,VERO TROPICAL GARDENS UNIT,22500.0,22500.0,0.17,,Less Than 1/4 Acre Lot,A-1,,Unimproved Agri/Recreatn/Moblhome,False,,7405.200000000001,Acreage / rural,False,< 0.25 ac,22500.0,3.038405444822557,False,False,False,False,False,False,False,False
Sold,A11970122,5940 Florida Other,2503 27th St SW,Lehigh Acres,LEHIGH ACRES,30000.0,30000.0,0.25,,,,Zoned Residential,Residential,False,,10890.0,Single-family,False,0.25–0.5 ac,30000.0,2.7548209366391183,False,False,False,False,False,False,False,False
Sold,A11956925,5940 Florida Other,1310 Edison,Lehigh Acres,LEHIGH ACRES,23500.0,23500.0,0.5,,,,Zoned Residential,Residential,False,,21780.0,Single-family,False,0.5–0.75 ac,23500.0,1.078971533516988,False,False,False,False,False,False,False,False
Sold,F10549730,5940 Florida Other,10244 Asbury Avenue,Port Charlotte,PORT CHARLOTTE SEC 64,30000.0,30000.0,0.23,10000.0,,RSF3.5,Zoned Residential,Unimproved Agri/Recreatn/Moblhome,False,,10000.0,Single-family,False,< 0.25 ac,30000.0,3.0,False,False,False,False,False,False,False,False
Sold,R11151520,5940 Florida Other,0000 Vacant,Twp Rge,SEC 12 TWP 16 RGE 22PLAT,28500.0,28500.0,,,Less Than 1/4 Acre Lot,Resident,,Single,False,City/County Maintained,,Single-family,False,< 0.25 ac,28500.0,,False,False,False,False,False,False,False,False
Sold,A11935624,5940 Florida Other,upson ter upson ter,Port Charlotte,PORT CHARLOTTE SUB 14,11000.0,11000.0,0.0,,,rsf2-residential,Zoned Residential,Residential,False,,,Single-family,False,,11000.0,,False,False,False,False,False,False,False,False
Sold,A11927836,5940 Florida Other,0 SANTA ANA RD,Port Charlotte,PORT CHARLOTTE,26000.0,26000.0,0.32,,,,Zoned Residential,Residential,False,,13939.2,Single-family,False,0.25–0.5 ac,26000.0,1.8652433425160697,False,False,False,False,False,False,False,False
Sold,R11139813,5940 Florida Other,0000 NE 130th Court Road,Deerwood Estate,DEERWOOD ESTATE,22000.0,22000.0,,,"2 To Less Than 3 Acre Lot, 3 To Less Than 4 Acre Lot, 4 To Less Than 5 Acre Lot",Residential,,Unimproved Agri/Recreatn/Moblhome,False,City/County Maintained,,Single-family,False,2–3 ac,22000.0,,False,False,False,False,False,False,False,False
Sold,A11910545,5940 Florida Other,665 S Brida,Montura Ranches,MONTURA RANCHES,25000.0,25000.0,1.25,,,,Zoned Residential,Other,False,,54450.0,Single-family,False,1–2 ac,25000.0,0.4591368227731864,False,False,False,False,False,False,False,False
Sold,A11900550,5940 Florida Other,11351 NE 89 Terrace,,,20000.0,20000.0,1.25,,1 To Less Than 2 Acre Lot,,Zoned Residential,Residential,False,,54450.0,Single-family,False,1–2 ac,20000.0,0.3673094582185491,False,False,False,False,False,False,False,False
Sold,R11129568,5940 Florida Other,0 Magnolia Drive,Central Acres,CENTRAL ACRES,28000.0,28000.0,1.33,,1 To Less Than 2 Acre Lot,SF,,Unimproved Agri/Recreatn/Moblhome,False,"County Road, Public Road",57934.8,Single-family,False,1–2 ac,28000.0,0.4833019187086173,False,False,False,False,False,False,False,False
Sold,R11123580,5940 Florida Other,404 Greenwood Avenue,Lehigh Acres,LEHIGH ACRES,25000.0,25000.0,0.499,,"1/4 To Less Than 1/2 Acre Lot, Less Than 1 Acre",Residential,,Unimproved Agri/Recreatn/Moblhome,False,"City/County Maintained, Paved Road",21736.44,Single-family,False,0.25–0.5 ac,25000.0,1.1501423416161984,False,False,False,False,False,False,False,False
Sold,F10525653,5940 Florida Other,9048 Green Circle,Port La Belle,PORT LA BELLE,26500.0,26500.0,0.25,10890.0,,RG3,Zoned Residential,Unimproved Agri/Recreatn/Moblhome,False,,10890.0,Single-family,False,0.25–0.5 ac,26500.0,2.433425160697888,False,False,False,False,False,False,False,False
Sold,F10525385,5940 Florida Other,9048 Green Circle,Port La Belle,PORT LA BELLE,26500.0,26500.0,0.25,10890.0,,RG3,Zoned Residential,Unimproved Agri/Recreatn/Moblhome,False,,10890.0,Single-family,False,0.25–0.5 ac,26500.0,2.433425160697888,False,False,False,False,False,False,False,False
Sold,A11872791,5940 Florida Other,1411 E SEATLE SLEW CIR,Belmont Hills,BELMONT HILLS UNIT 1,25000.0,25000.0,0.548,,,RES,Zoned Residential,Residential,False,,23870.88,Single-family,False,0.5–0.75 ac,25000.0,1.0473011468366478,False,False,False,False,False,False,False,False
Sold,R11111466,5940 Florida Other,1397 Wade Street,Port Malabar,PORT MALABAR UNIT 15,30000.0,30000.0,0.25,,1/4 To Less Than 1/2 Acre Lot,R,,Unimproved Agri/Recreatn/Moblhome,False,City/County Maintained,10890.0,,False,0.25–0.5 ac,30000.0,2.7548209366391183,False,False,False,False,False,False,False,False
Sold,F10503940,5940 Florida Other,VACANT Vacant 65 Ave Road,Marion Oaks,MARION OAKS,25000.0,25000.0,0.24,10454.0,,R1,Zoned Residential,Unimproved Agri/Recreatn/Moblhome,False,,10454.0,Single-family,False,< 0.25 ac,25000.0,2.391429118040941,False,False,False,False,False,False,False,False
Sold,R11166262,5990 Global Outside US,15218 NW 268th Street,Southern Colonization Comp,SOUTHERN COLONIZATION COMP,28000.0,28000.0,1.25,,1 To Less Than 2 Acre Lot,res,,Unimproved Agri/Recreatn/Moblhome,False,,54450.0,Single-family,False,1–2 ac,28000.0,0.5142332415059688,False,False,False,False,False,False,False,False
Sold,R11140295,7080,110 S 21st Street,Faber Subdivision,FABER'S SUBDIVISION,25000.0,25000.0,,,Less Than 1/4 Acre Lot,SFMode,,Single,False,City/County Maintained,,Single-family,False,< 0.25 ac,25000.0,,False,False,False,False,False,False,False,False
Sold,F10516182,5940 Florida Other,2601 CAROL ST,Lehigh Acres,LEHIGH ACRES,27000.0,27000.0,0.39,20400.0,1/4 To Less Than 1/2 Acre Lot,,Zoned Residential,Residential,False,Paved Road,20400.0,Single-family,False,0.25–0.5 ac,27000.0,1.3235294117647058,False,False,False,False,False,False,False,False
Sold,A11862847,5940 Florida Other,5052 LAKE REGENCY DR,Lake Regency Woods,LAKE REGENCY WOODS,29000.0,29000.0,0.6816,,,,Zoned Residential,Residential,False,,29690.496,Single-family,False,0.5–0.75 ac,29000.0,0.9767435343619723,False,False,False,False,False,False,False,False
Sold,A11998934,5940 Florida Other,8008 Vega Ct,Port Labelle,PORT LABELLE,21000.0,21000.0,0.28,,,,Zoned Residential,Residential,False,,12196.800000000001,Single-family,False,0.25–0.5 ac,21000.0,1.7217630853994488,False,False,False,False,False,False,False,False
Sold,R11156061,5940 Florida Other,18469 NW 254th Street,,,28000.0,28000.0,1.25,,,res/ag,,Single,False,,54450.0,Single-family,False,1–2 ac,28000.0,0.5142332415059688,False,False,False,False,False,False,False,False
Sold,R11134586,5940 Florida Other,10040 Delgado Avenue,Flagler Estates Unplatted,FLAGLER ESTATES UNPLATTED,29900.0,29900.0,,,,OR,,Unimproved Agri/Recreatn/Moblhome,False,Paved Road,,,False,,29900.0,,False,False,False,False,False,False,False,False
Sold,A11816820,5940 Florida Other,749 DUANE PALMER BLVD,Fairway Lakes Ph,FAIRWAY LAKES PH 01,23500.0,23500.0,0.28,,,AU,Zoned Residential,Residential,False,Paved Road,12196.800000000001,Single-family,False,0.25–0.5 ac,23500.0,1.9267348812803355,False,False,False,False,False,False,False,False
Sold,A11969628,6210 NE Okeechobee County,18334 NW 274th OKEECHOBEE,Viking Prairie,VIKING PRAIRIE,28000.0,28000.0,1.25,,,,Zoned Residential,Residential,False,,54450.0,Single-family,False,1–2 ac,28000.0,0.5142332415059688,False,False,False,False,False,False,False,False
Sold,B26025424,5940 Florida Other,0 Dahlia Rd Road,Daytona Park Estates,DAYTONA PARK ESTATES,29500.0,29500.0,0.26,,"1/4 To Less Than 1/2 Acre Lot, Less Than 1 Acre",R-4A,,Unimproved Agri/Recreatn/Moblhome,False,,11325.6,,False,0.25–0.5 ac,29500.0,2.6047185138094227,False,False,False,False,False,False,False,False
Sold,F10555653,5940 Florida Other,0 Old Grade Road,Opp Orlando Pines,OPP107 ORLANDO PINES,29500.0,29500.0,2.0,87120.0,2 To Less Than 3 Acre Lot,Corex,Zoned Residential,Unimproved Agri/Recreatn/Moblhome,False,,87120.0,Single-family,False,2–3 ac,29500.0,0.338613406795225,False,False,False,False,False,False,False,False
Sold,F10550752,5940 Florida Other,0 State Rd 33,Green Swamp,GREEN SWAMP,29500.0,29500.0,0.74,30666.0,1/2 To Less Than 3/4 Acre Lot,,Zoned Residential,Unimproved Agri/Recreatn/Moblhome,False,,30666.0,Single-family,False,0.5–0.75 ac,29500.0,0.9619774342920498,False,False,False,False,False,False,False,False
Sold,F10550531,5940 Florida Other,0 Hidden Oaks Lane,Pablo Subdivision,PABLO SUBDIVISION,16500.0,16500.0,3.0,,3 To Less Than 4 Acre Lot,,Zoned Residential,Unimproved Agri/Recreatn/Moblhome,False,,130680.0,Single-family,False,3–4 ac,16500.0,0.12626262626262627,False,False,False,False,False,False,False,False
Sold,F10527009,5940 Florida Other,1400 12th Avenue,Daytona Park Estates,DAYTONA PARK ESTATES,29500.0,29500.0,0.49,21344.0,,R-4A,Zoned Residential,Unimproved Agri/Recreatn/Moblhome,False,,21344.0,Single-family,False,0.25–0.5 ac,29500.0,1.3821214392803598,False,False,False,False,False,False,False,False
Sold,F10524624,5940 Florida Other,0 Alturas Babson Park Cutoff Road,Central Lake Estates,CENTRAL LAKE ESTATES,29500.0,29500.0,0.59,25700.0,,A/RRX,Zoned Residential,Unimproved Agri/Recreatn/Moblhome,False,Paved Road,25700.0,Single-family,False,0.5–0.75 ac,29500.0,1.1478599221789882,False,False,False,False,False,False,False,False
Sold,F10520477,5940 Florida Other,2345 N Yucca Road,Avon Park Lakes,AVON PARK LAKES,29500.0,29500.0,0.28,4000.0,,R1,Zoned Residential,Unimproved Agri/Recreatn/Moblhome,False,,4000.0,Single-family,False,< 0.25 ac,29500.0,7.375,False,False,False,False,False,False,False,False
Sold,F10519815,5940 Florida Other,314 Falcon Street,Highlands Park Estate,HIGHLANDS PARK ESTATE,29500.0,29500.0,0.52,11250.0,,R1,Zoned Residential,Unimproved Agri/Recreatn/Moblhome,False,,11250.0,Single-family,False,0.25–0.5 ac,29500.0,2.6222222222222222,False,False,False,False,False,False,False,False
Sold,F10541589,6240 NW Okeechobee County,0 298th Street,Vk Viking Estates,VK2917 THE VIKING ESTATES,29500.0,29500.0,3.0,130680.0,3 To Less Than 4 Acre Lot,,Zoned Residential,Unimproved Agri/Recreatn/Moblhome,False,,130680.0,Single-family,False,3–4 ac,29500.0,0.22574227119681664,False,False,False,False,False,False,False,False
Sold,R11150119,7070,4401 Juanita Avenue,Harmony Heights,HARMONY HEIGHTS NO 4,27000.0,27000.0,0.18,,"Less Than 1/4 Acre Lot, Corner Lot",RS-4,,Unimproved Agri/Recreatn/Moblhome,False,"County Road, Paved Road",7840.799999999999,Single-family,False,< 0.25 ac,27000.0,3.4435261707988984,True,False,False,False,False,False,False,False
Sold,A11991313,5940 Florida Other,1044 marshall ave s,Lehigh Acres,LEHIGH ACRES,24500.0,24500.0,0.23,,,,Zoned Residential,Residential,False,,10018.800000000001,Single-family,False,< 0.25 ac,24500.0,2.4454026430311013,False,False,False,False,False,False,False,False
Sold,F10542525,5940 Florida Other,0000 Windinghill Road,Rainbow Lakes,RAINBOW LAKES,25000.0,25000.0,1.0,,,R1,Zoned Residential,Unimproved Agri/Recreatn/Moblhome,False,,43560.0,Single-family,False,1–2 ac,25000.0,0.573921028466483,False,False,False,False,False,False,False,False
Sold,R11143185,5940 Florida Other,1461 Tidewell Street,Port Malabar,PORT MALABAR UNIT 18,26000.0,26000.0,0.23,,Less Than 1/4 Acre Lot,RES,,Unimproved Agri/Recreatn/Moblhome,False,"Paved Road, Public Road",10018.800000000001,Single-family,False,< 0.25 ac,26000.0,2.595121172196271,False,False,False,False,False,False,False,False
Sold,R11126768,5940 Florida Other,5006 Cyrus Court,Labelle,PT LABELLE UNIT 3,23000.0,23000.0,0.31,,1/4 To Less Than 1/2 Acre Lot,RG3,,Unimproved Agri/Recreatn/Moblhome,False,"County Road, City/County Maintained, Paved Road",13503.6,,False,0.25–0.5 ac,23000.0,1.703249503836014,False,False,False,False,False,False,False,False
Sold,R11126746,5940 Florida Other,7001 Tide Circle,Port Labelle,PORT LABELLE UNIT 7,23000.0,23000.0,0.32,,1/4 To Less Than 1/2 Acre Lot,RG3,,Unimproved Agri/Recreatn/Moblhome,False,City/County Maintained,13939.2,,False,0.25–0.5 ac,23000.0,1.6500229568411386,False,False,False,False,False,False,False,False
Sold,R11126714,5940 Florida Other,7003 Tide Circle,Port Labelle,PORT LABELLE UNIT 7,23000.0,23000.0,0.23,,Less Than 1/4 Acre Lot,RG3,,Unimproved Agri/Recreatn/Moblhome,False,"City/County Maintained, Paved Road, Public Road",10018.800000000001,,False,< 0.25 ac,23000.0,2.295684113865932,False,False,False,False,False,False,False,False
Sold,R11126771,6140,0 Unassigned,Poinciana Gardens,POINCIANA GARDENS,21000.0,21000.0,0.21,,Less Than 1/4 Acre Lot,RES,,Unimproved Agri/Recreatn/Moblhome,False,,9147.6,Single-family,False,< 0.25 ac,21000.0,2.295684113865932,False,False,False,False,False,False,False,False
Sold,T20055323,7070,1004 Avenue G,,,25000.0,25000.0,0.1148,,,,,Single,False,,5000.688,,False,< 0.25 ac,25000.0,4.999312094655775,False,False,False,False,False,False,False,False
Sold,B26024740,5940 Florida Other,4517 7th Street,Lehigh Acres,LEHIGH ACRES,27000.0,27000.0,0.25,,"1/4 To Less Than 1/2 Acre Lot, Less Than 1 Acre",RS-1,,Unimproved Agri/Recreatn/Moblhome,False,Paved Road,10890.0,Single-family,False,0.25–0.5 ac,27000.0,2.479338842975207,False,False,False,False,False,False,False,False
Sold,A11936771,5940 Florida Other,1161 Westport St,Port Charlotte,PORT CHARLOTTE SEC 051,23000.0,23000.0,0.35,,,,Zoned Residential,Other,False,,15245.999999999998,Single-family,False,0.25–0.5 ac,23000.0,1.508592417683327,False,False,False,False,False,False,False,False
Sold,R11147253,5940 Florida Other,4300 Nancy Street,Na,NA,28900.0,28900.0,0.93,,"1/2 To Less Than 3/4 Acre Lot, Corner Lot",or,,Unimproved Agri/Recreatn/Moblhome,False,Paved Road,40510.8,,False,0.5–0.75 ac,28900.0,0.7133900095776928,True,False,False,False,False,False,False,False
Sold,R11126204,5940 Florida Other,7020 Patriot Court,Port Labelle,PORT LABELLE UNIT 7,26000.0,26000.0,,,,RG3,,Unimproved Agri/Recreatn/Moblhome,False,City/County Maintained,,,False,,26000.0,,False,False,False,False,False,False,False,False
Sold,A11933598,5940 Florida Other,825 Appleton Ave,Lehigh Acres,LEHIGH ACRES,25000.0,25000.0,0.55,,,,Zoned Residential,Residential,True,"Legal Access Road, City/County Maintained, Public Road",23958.000000000004,Single-family,False,0.5–0.75 ac,25000.0,1.043492779029969,False,False,False,False,False,False,False,False
Sold,R11142073,5940 Florida Other,21768 NW 278th Street,Southern Colonization,SOUTHERN COLONIZATION,22000.0,22000.0,1.25,,,VACANT R,,Single,False,,54450.0,,False,1–2 ac,22000.0,0.40404040404040403,False,False,False,False,False,False,False,False
Sold,R10911715,5970 Other Country not in USA,15883 NW 276th Street,Southern Colonization Co,SOUTHERN COLONIZATION CO,27000.0,27000.0,1.5,,,RES/AG,,Single,False,,65340.0,Single-family,False,1–2 ac,27000.0,0.4132231404958678,False,False,False,False,False,False,False,False
Sold,A12039569,5940 Florida Other,717 APRILE AVE S,Lehigh Acres,LEHIGH ACRES UNIT 5,25000.0,25000.0,0.238,10367.0,,RS-1,Zoned Residential,Residential,False,City/County Maintained,10367.0,Single-family,False,< 0.25 ac,25000.0,2.4114980225716214,False,False,False,False,False,False,False,False
Sold,R11160071,5940 Florida Other,Tbd Oregon Lane,Port Charlotte,PORT CHARLOTTE SUB 08,41000.0,41000.0,0.23,,Less Than 1/4 Acre Lot,R1,,Unimproved Agri/Recreatn/Moblhome,False,Public Road,10018.800000000001,Single-family,False,< 0.25 ac,41000.0,4.092306463847965,False,False,False,False,False,False,False,False
Sold,R11158063,5940 Florida Other,15997 NW 270th Street,Southern Colonization,THE SOUTHERN COLONIZATION,24000.0,24000.0,1.5,,"1 To Less Than 2 Acre Lot, Corner Lot",Agricultural,,,False,,65340.0,Acreage / rural,False,1–2 ac,24000.0,0.3673094582185491,True,False,False,False,False,False,False,False
Sold,A11942002,5940 Florida Other,4621 N ANITA AVE,,L3,15000.0,15000.0,0.4068,,,RS-1,Zoned Residential,Residential,False,,17720.208,Single-family,False,0.25–0.5 ac,15000.0,0.8464911924284411,False,False,False,False,False,False,False,False
Sold,A11853650,5940 Florida Other,429 MCARTHUR BLVD,Lehigh Acres,LEHIGH ACRES,18500.0,18500.0,0.35,,,,Zoned Residential,Other,False,Paved Road,15245.999999999998,Single-family,False,0.25–0.5 ac,18500.0,1.2134330316148498,False,False,False,False,False,False,False,False
Sold,R11102760,5940 Florida Other,Tbd Oregon Lane,Lot Th To,LOT 7 BLK 247 8TH ADD TO P,26000.0,26000.0,0.2296,,Less Than 1/4 Acre Lot,RSF2,,Unimproved Agri/Recreatn/Moblhome,False,Public Road,10001.376,Single-family,False,< 0.25 ac,26000.0,2.599642289221003,False,False,False,False,False,False,False,False
Sold,F10555111,6210 NE Okeechobee County,14921 NW 272nd Street,,,25800.0,25800.0,1.25,54450.0,,AG,Zoned Residential,Unimproved Agri/Recreatn/Moblhome,False,,54450.0,Single-family,False,1–2 ac,25800.0,0.4738292011019284,False,False,False,False,False,False,False,False
Sold,A11863262,5940 Florida Other,464 Mallory Ave S,Lehigh Acres,LEHIGH ACRES,27500.0,27500.0,0.29,,,,Zoned Residential,Residential,False,,12632.4,Single-family,False,0.25–0.5 ac,27500.0,2.176941832114246,False,False,False,False,False,False,False,False
Sold,R11109321,6210 NE Okeechobee County,15993 NW 314th Street,Vikings Prairie,VIKINGS PRAIRIE,27500.0,27500.0,,,1 To Less Than 2 Acre Lot,RES,,Unimproved Agri/Recreatn/Moblhome,False,,,Single-family,False,1–2 ac,27500.0,,False,False,False,False,False,False,False,False
Sold,A11994125,5940 Florida Other,1107 Fifth Ave.,,L1,27499.0,27499.0,0.0,,3/4 To Less Than 1 Acre Lot,,Zoned Residential,Other,False,"City/County Maintained, Other Road, Public Road",,Single-family,False,0.75–1 ac,27499.0,,False,False,False,False,False,False,False,False
Sold,A12005161,5940 Florida Other,4211 Durango Ave,Sun Lake Est Seb,SUN N LAKE EST OF SEB,26000.0,26000.0,0.23,,,,Zoned Residential,Residential,False,,10018.800000000001,Single-family,False,< 0.25 ac,26000.0,2.595121172196271,False,False,False,False,False,False,False,False
Sold,A11973330,5940 Florida Other,0 DOMINIC ST,Port Charlotte,PORT CHARLOTTE,25000.0,25000.0,0.23,,,,Zoned Residential,Residential,False,,10018.800000000001,Single-family,False,< 0.25 ac,25000.0,2.495308819419491,False,False,False,False,False,False,False,False
Sold,A11969335,5940 Florida Other,0 MADDOCK CIR,Port Charlotte,PORT CHARLOTTE SUB,25000.0,25000.0,0.23,,,,Zoned Residential,Residential,False,,10018.800000000001,Single-family,False,< 0.25 ac,25000.0,2.495308819419491,False,False,False,False,False,False,False,False
Sold,A11968369,5940 Florida Other,4430 N Orange Acre Point,Holiday Acres,HOLIDAY ACRES,19000.0,19000.0,0.51,,1/2 To Less Than 3/4 Acre Lot,Rural,Zoned Residential,Residential,False,Private Road,22215.600000000002,Single-family,False,0.5–0.75 ac,19000.0,0.8552548659500531,False,False,False,False,False,False,False,False
Sold,F10550041,5940 Florida Other,123 Bethlehem Place,Banyan Village,BANYAN VILLAGE,22500.0,22500.0,0.23,10019.0,,RG3,Zoned Residential,Unimproved Agri/Recreatn/Moblhome,False,,10019.0,Single-family,False,< 0.25 ac,22500.0,2.2457331070965165,False,False,False,False,False,False,False,False
Sold,R11155639,5940 Florida Other,3121 33rd Street,Lehigh Acres,LEHIGH ACRES UNIT 8,25000.0,25000.0,0.25,,1/4 To Less Than 1/2 Acre Lot,RS-1,,Unimproved Agri/Recreatn/Moblhome,False,Paved Road,10890.0,Single-family,False,0.25–0.5 ac,25000.0,2.295684113865932,False,False,False,False,False,False,False,False
Sold,A11934948,5940 Florida Other,0 Sunset Dr E,Sunset Shores,SUNSET SHORES SUB,23000.0,23000.0,1.7661,,,,Zoned Residential,Residential,False,,76931.316,Single-family,False,1–2 ac,23000.0,0.2989679781377976,False,False,False,False,False,False,False,False
Sold,A11893857,5940 Florida Other,1407 MCKINLEY AVE,Lehigh Acres,LEHIGH ACRES,25000.0,25000.0,0.3271,,,,Zoned Residential,Residential,False,,14248.476,Single-family,False,0.25–0.5 ac,25000.0,1.7545736119427788,False,False,False,False,False,False,False,False
Sold,A11823634,5940 Florida Other,307 Ranier Ave,Lehigh Acres,LEHIGH ACRES,30000.0,30000.0,0.2737,,,,Zoned Residential,Residential,False,,11922.372,Single-family,False,0.25–0.5 ac,30000.0,2.5162778010952853,False,False,False,False,False,False,False,False
Sold,R11050606,5940 Florida Other,Xxx NW Smallwood Rd Road,Rainbow Lakes Estates Sect,RAINBOW LAKES ESTATES SECT,21000.0,21000.0,0.76,,1/2 To Less Than 3/4 Acre Lot,R1,,Unimproved Agri/Recreatn/Moblhome,False,"Paved Road, Public Road",33105.6,Single-family,False,0.5–0.75 ac,21000.0,0.6343337683050602,False,False,False,False,False,False,False,False
Sold,F10556610,6240 NW Okeechobee County,17618 NW 254th Street,Southern Colonization,SOUTHERN COLONIZATION,24000.0,24000.0,1.25,54450.0,,,Zoned Residential,Unimproved Agri/Recreatn/Moblhome,False,,54450.0,Single-family,False,1–2 ac,24000.0,0.44077134986225897,False,False,False,False,False,False,False,False
Sold,F10556599,6240 NW Okeechobee County,17613 NW 252nd Street,Southern Colonization,SOUTHERN COLONIZATION,24000.0,24000.0,1.25,54450.0,,,Zoned Residential,Unimproved Agri/Recreatn/Moblhome,False,,54450.0,Single-family,False,1–2 ac,24000.0,0.44077134986225897,False,False,False,False,False,False,False,False
Sold,R11150282,7070,3694 Avenue K,Sunland Gardens,SUNLAND GARDENS,25000.0,25000.0,0.16,,"Less Than 1/4 Acre Lot, Corner Lot, West Of US 1",RS-4Co,,Single,False,"City/County Maintained, Paved Road, Public Road",6969.6,Single-family,False,< 0.25 ac,25000.0,3.5870064279155187,True,False,False,False,False,False,False,True
Sold,R11069934,5940 Florida Other,2065 94th Court,Vero Tropical Gardens,VERO TROPICAL GARDENS UNIT,24000.0,24000.0,0.16,,Less Than 1/4 Acre Lot,RS-6,,Unimproved Agri/Recreatn/Moblhome,False,,6969.6,Single-family,False,< 0.25 ac,24000.0,3.443526170798898,False,False,False,False,False,False,False,False
Sold,R11149731,5940 Florida Other,Tbd Lot 32 SW Lobelia Court,Rainbow Lakes Estates,RAINBOW LAKES ESTATES,26500.0,26500.0,0.99,,1 To Less Than 2 Acre Lot,R1,,Unimproved Agri/Recreatn/Moblhome,False,County Road,43124.4,Single-family,False,1–2 ac,26500.0,0.6145013032065374,False,False,False,False,False,False,False,False
Sold,R11169184,5940 Florida Other,10335 Hennessey Avenue,Flagler Estates,FLAGLER ESTATES,26400.0,26400.0,,,,Vac Res,,Unimproved Agri/Recreatn/Moblhome,False,County Road,,,False,,26400.0,,False,False,False,False,False,False,False,False
Sold,A12035690,5940 Florida Other,710 Michael Ave,Lehigh Acres,LEHIGH ACRES,26000.0,26000.0,21784.0,,,,Zoned Residential,Residential,False,,21784.0,Single-family,False,0.5–0.75 ac,26000.0,1.1935365405802423,False,False,False,False,False,False,False,False
Sold,A11977931,5940 Florida Other,217 Warrior St,Placid Lakes,PLACID LAKES SEC 19,22000.0,22000.0,0.4592,,1/4 To Less Than 1/2 Acre Lot,SFR,Zoned Residential,Residential,False,"Legal Access Road, City/County Maintained, Public Road",20002.752,Single-family,False,0.25–0.5 ac,22000.0,1.0998486608242706,False,False,False,False,False,False,False,False
Sold,A11786439,5940 Florida Other,548 WINDERMERE DR,Lehigh Acres,LEHIGH ACRES,23000.0,23000.0,0.24,,,,Zoned Residential,Residential,False,,10454.4,Single-family,False,< 0.25 ac,23000.0,2.2000306091215185,False,False,False,False,False,False,False,False
Sold,R11170026,5940 Florida Other,18417 NW 254th Street,,,25900.0,25900.0,1.25,,1 To Less Than 2 Acre Lot,RES/AG,,Unimproved Agri/Recreatn/Moblhome,False,,54450.0,Single-family,False,1–2 ac,25900.0,0.4756657483930211,False,False,False,False,False,False,False,False
Sold,A11957028,5940 Florida Other,230 Ocean Park DR,Greenbriar,GREENBRIAR,29500.0,29500.0,0.47,,Less Than 1/4 Acre Lot,RS1,Zoned Residential,Residential,False,Paved Road,20473.199999999997,Single-family,False,< 0.25 ac,29500.0,1.4409081140222342,False,False,False,False,False,False,False,False
Sold,A11932535,5940 Florida Other,3720 Tallman,Lehigh Acres,LEHIGH ACRES,25000.0,25000.0,0.2999,,,,Zoned Residential,Residential,False,,13063.644,Single-family,False,0.25–0.5 ac,25000.0,1.913707997554128,False,False,False,False,False,False,False,False
Sold,F10540679,5940 Florida Other,746 NE Cheshire Lane,Falling Creek,FALLING CREEK,18500.0,18500.0,2.0,,2 To Less Than 3 Acre Lot,A-1,Zoned Residential,Unimproved Agri/Recreatn/Moblhome,True,,87120.0,Single-family,False,2–3 ac,18500.0,0.2123507805325987,False,False,False,False,False,False,False,False
Sold,F10491232,6240 NW Okeechobee County,18872 NW 256th Street,Southern Colonization,SOUTHERN COLONIZATION,24000.0,24000.0,1.25,54450.0,1 To Less Than 2 Acre Lot,,Zoned Residential,Unimproved Agri/Recreatn/Moblhome,False,,54450.0,Single-family,False,1–2 ac,24000.0,0.44077134986225897,False,False,False,False,False,False,False,False
Sold,A11922018,5940 Florida Other,3012 49TH ST W,Th St,49TH ST W,25100.0,25100.0,0.25,,,,Zoned Residential,Residential,False,,10890.0,Single-family,False,0.25–0.5 ac,25100.0,2.3048668503213956,False,False,False,False,False,False,False,False
Sold,F10516801,5940 Florida Other,641 Royce Road,Banyan Village,BANYAN VILLAGE,22500.0,22500.0,0.23,10019.0,,RG3,Zoned Residential,Unimproved Agri/Recreatn/Moblhome,False,,10019.0,Single-family,False,< 0.25 ac,22500.0,2.2457331070965165,False,False,False,False,False,False,False,False
Sold,F10550412,,19570 NW 290th St,Southern Colonization,SOUTHERN COLONIZATION,25000.0,25000.0,1.25,54450.0,1 To Less Than 2 Acre Lot,,Zoned Residential,Residential,False,,54450.0,Single-family,False,1–2 ac,25000.0,0.4591368227731864,False,False,False,False,False,False,False,False
Sold,A12019576,5940 Florida Other,2112 Irving Ave,Lehigh Acres,LEHIGH ACRES UNIT 4,23500.0,23500.0,0.5,,,,Zoned Residential,Residential,False,,21780.0,Single-family,False,0.5–0.75 ac,23500.0,1.078971533516988,False,False,False,False,False,False,False,False
Sold,A11979999,5940 Florida Other,305 LANCELOT AVE,Lehigh Acres,LEHIGH ACRES,21500.0,21500.0,0.2755,12000.0,,RS-1,Zoned Residential,Residential,False,,12000.0,Single-family,False,0.25–0.5 ac,21500.0,1.7916666666666667,False,False,False,False,False,False,False,False
Sold,A11976205,5940 Florida Other,6015 Ruth Ave N,,,41500.0,41500.0,0.4905,21366.0,,,Zoned Residential,Residential,False,,21366.0,Single-family,False,0.25–0.5 ac,41500.0,1.9423382944865675,False,False,False,False,False,False,False,False
Sold,A11976177,5940 Florida Other,6010 Rena Ave N,,,41500.0,41500.0,0.4796,20891.0,1/4 To Less Than 1/2 Acre Lot,,Zoned Residential,Residential,False,Paved Road,20891.0,Single-family,False,0.25–0.5 ac,41500.0,1.9865013642238285,False,False,False,False,False,False,False,False
Sold,F10550940,5940 Florida Other,733 Palmer Street,Twin Lake Estates,TWIN LAKE ESTATES,22000.0,22000.0,0.2748,,,RS-1,Zoned Residential,Unimproved Agri/Recreatn/Moblhome,False,,11970.287999999999,Single-family,False,0.25–0.5 ac,22000.0,1.8378839339538031,False,False,False,False,False,False,False,False
Sold,A11959516,5940 Florida Other,19930 SW N 93rd Lane,Rainbow Springs,RAINBOW SPRINGS,30000.0,30000.0,0.27,,1/4 To Less Than 1/2 Acre Lot,,Zoned Residential,Residential,False,,11761.2,Single-family,False,0.25–0.5 ac,30000.0,2.550760126517702,False,False,False,False,False,False,False,False
Sold,A11955495,5940 Florida Other,702 Denis Ave N,Lehigh Acres,LEHIGH ACRES,25000.0,25000.0,0.31,,,,Zoned Residential,Residential,False,,13503.6,Single-family,False,0.25–0.5 ac,25000.0,1.8513581563434935,False,False,False,False,False,False,False,False
Sold,F10546126,5940 Florida Other,811 Gaylord Ave,Lehigh Acres,LEHIGH ACRES,22000.0,22000.0,0.22,9679.0,Less Than 1/4 Acre Lot,RS-1,Zoned Residential,Residential,False,"Legal Access Road, City/County Maintained",9679.0,Single-family,False,< 0.25 ac,22000.0,2.2729620828597996,False,False,False,False,False,False,False,False
Sold,F10541963,5940 Florida Other,9618 N Sherman Dr,Inverness Highlands South,INVERNESS HIGHLANDS SOUTH,23000.0,23000.0,12632.0,,,,Zoned Residential,Residential,False,,12632.0,Single-family,False,0.25–0.5 ac,23000.0,1.8207726409119696,False,False,False,False,False,False,False,False
Sold,R11146671,5940 Florida Other,Tbd SW 81 Terrace,West Johnson Addit,WEST & JOHNSON ADDIT,15000.0,15000.0,1.4,,1 To Less Than 2 Acre Lot,R-1/R-2,,Unimproved Agri/Recreatn/Moblhome,False,"Paved Road, Public Road",60983.99999999999,Single-family,False,1–2 ac,15000.0,0.24596615505706418,False,False,False,False,False,False,False,False
Sold,A11926280,5940 Florida Other,359 Pembroke St,,,21000.0,21000.0,0.23,,,,Zoned Residential,Residential,False,,10018.800000000001,Single-family,False,< 0.25 ac,21000.0,2.0960594083123727,False,False,False,False,False,False,False,False
Sold,A11923036,5940 Florida Other,324 Leruth Ave,Lehigh Acres,LEHIGH ACRES UNIT,22000.0,22000.0,0.2726,,,,Zoned Residential,Residential,False,,11874.456,Single-family,False,0.25–0.5 ac,22000.0,1.852716452863188,False,False,False,False,False,False,False,False
Sold,A11917372,5940 Florida Other,1915 moore,Lee County Unincorporated,LEE COUNTY UNINCORPORATED,23000.0,23000.0,0.5,,,,Zoned Residential,Residential,False,,21780.0,Single-family,False,0.5–0.75 ac,23000.0,1.0560146923783287,False,False,False,False,False,False,False,False
Sold,A11917348,5940 Florida Other,1917 Moore,Lee County Unincorporated,LEE COUNTY UNINCORPORATED,23000.0,23000.0,0.5,,,,Zoned Residential,Residential,False,,21780.0,Single-family,False,0.5–0.75 ac,23000.0,1.0560146923783287,False,False,False,False,False,False,False,False
Sold,A11890435,5940 Florida Other,1527 Rutledge ave,Highlands Park Ne Area,HIGHLANDS PARK NE AREA,22500.0,22500.0,0.2583,,,,Zoned Residential,Residential,False,,11251.547999999999,Single-family,False,0.25–0.5 ac,22500.0,1.9997248378623103,False,False,False,False,False,False,False,False
Sold,R11127803,5940 Florida Other,630 S Fronda Street,Montura Ranch Unrec,MONTURA RANCH UNREC SEC 34,17000.0,17000.0,1.25,,1 To Less Than 2 Acre Lot,RRF,,Unimproved Agri/Recreatn/Moblhome,False,City/County Maintained,54450.0,Acreage / rural,False,1–2 ac,17000.0,0.3122130394857668,False,False,False,False,False,False,False,False
Sold,R11104965,5940 Florida Other,0 St Road 60,Central Acres,CENTRAL ACRES,25500.0,25500.0,0.41,,1/4 To Less Than 1/2 Acre Lot,Res,,Unimproved Agri/Recreatn/Moblhome,False,County Road,17859.6,Single-family,False,0.25–0.5 ac,25500.0,1.4278035342336897,False,False,False,False,False,False,False,False
Sold,R11089534,5940 Florida Other,757 Alamo St E Street,Lehigh Acres,LEHIGH ACRES UNIT 6,19000.0,19000.0,0.0,,Less Than 1/4 Acre Lot,RS-1,,Unimproved Agri/Recreatn/Moblhome,False,Public Road,,Single-family,False,< 0.25 ac,19000.0,,False,False,False,False,False,False,False,False
Sold,B26007555,6140,0 Unassigned,Poinciana Gardens,POINCIANA GARDENS,24000.0,24000.0,0.2038,,"Less Than 1/4 Acre Lot, Interior Lot, Less Than 1 Acre",RES,,Unimproved Agri/Recreatn/Moblhome,False,,8877.528,Single-family,False,< 0.25 ac,24000.0,2.7034552862012937,False,False,True,False,False,False,False,False
Sold,A11997819,6240 NW Okeechobee County,21068 NW 260th Street,Southern Colonization Comp,SOUTHERN COLONIZATION COMP,25000.0,25000.0,1.25,,1 To Less Than 2 Acre Lot,,Zoned Residential,Residential,False,Other Road,54450.0,Single-family,False,1–2 ac,25000.0,0.4591368227731864,False,False,False,False,False,False,False,False
Sold,A11992801,6240 NW Okeechobee County,19205 NW 276 st,Vikings,VIKINGS,17000.0,17000.0,1.25,,,,Zoned Residential,Residential,False,,54450.0,Single-family,False,1–2 ac,17000.0,0.3122130394857668,False,False,False,False,False,False,False,False
Sold,A11992799,6240 NW Okeechobee County,19210 NW 278 st,Vikings,VIKINGS,18000.0,18000.0,1.25,,,,Zoned Residential,Residential,False,,54450.0,Single-family,False,1–2 ac,18000.0,0.3305785123966942,False,False,False,False,False,False,False,False
Sold,R11168182,6240 NW Okeechobee County,20378 NW 280th Street,Southern Colonization,SOUTHERN COLONIZATION,22000.0,22000.0,1.25,,1 To Less Than 2 Acre Lot,res,,,False,,54450.0,Single-family,False,1–2 ac,22000.0,0.40404040404040403,False,False,False,False,False,False,False,False
Sold,R11125845,6240 NW Okeechobee County,19480 NW 288th Street,Southern Colonization Comp,SOUTHERN COLONIZATION COMP,25000.0,25000.0,1.25,,1 To Less Than 2 Acre Lot,(A) AGRICULTURE,,,False,,54450.0,Acreage / rural,False,1–2 ac,25000.0,0.4591368227731864,False,False,False,False,False,False,False,False
Sold,F10494724,6240 NW Okeechobee County,19264 NW 264th Street,Viking Prairie,VIKING/PRAIRIE,17000.0,17000.0,1.25,54450.0,1 To Less Than 2 Acre Lot,,Zoned Residential,Unimproved Agri/Recreatn/Moblhome,False,,54450.0,Single-family,False,1–2 ac,17000.0,0.3122130394857668,False,False,False,False,False,False,False,False
Sold,R11140294,7070,106 N 19th Street,Floriana Park,FLORIANA PARK,22000.0,22000.0,,,Less Than 1/4 Acre Lot,SFMode,,Single,False,City/County Maintained,,Single-family,False,< 0.25 ac,22000.0,,False,False,False,False,False,False,False,False
Sold,A11994970,5940 Florida Other,2907 17 STREET W,Lehigh Acres,LEHIGH ACRES,22500.0,22500.0,0.23,,,,Zoned Residential,Residential,False,,10018.800000000001,Single-family,False,< 0.25 ac,22500.0,2.245777937477542,False,False,False,False,False,False,False,False
Sold,A12009588,5940 Florida Other,918 Columbus Ave,Lehigh Acres,LEHIGH ACRES UNIT 4 BLK 16,22000.0,22000.0,21784.0,,,,Zoned Residential,Other,False,,21784.0,Single-family,False,0.5–0.75 ac,22000.0,1.0099155343371282,False,False,False,False,False,False,False,False
Sold,R11148296,5940 Florida Other,19985 NW 276th Street,Na,NA,24000.0,24000.0,1.25,,,res/ag,,Single,False,,54450.0,Single-family,False,1–2 ac,24000.0,0.44077134986225897,False,False,False,False,False,False,False,False
Sold,R11146447,5940 Florida Other,10720 Beckenger Avenue,,,23500.0,23500.0,,,1 To Less Than 2 Acre Lot,R,,Unimproved Agri/Recreatn/Moblhome,False,"City/County Maintained, Public Road",,,False,1–2 ac,23500.0,,False,False,False,False,False,False,False,False
Sold,R10707688,5940 Florida Other,4 Heuchera Court,Sugarmill Woods Oak Villa,SUGARMILL WOODS  OAK VILLA,24900.0,24900.0,0.28,,1/4 To Less Than 1/2 Acre Lot,PDR,,Unimproved Agri/Recreatn/Moblhome,False,"County Road, Private Road",12196.800000000001,,False,0.25–0.5 ac,24900.0,2.0415190869736324,False,False,False,False,False,False,False,False
Sold,A11947886,5940 Florida Other,1407 Sheldon Ave,Lehigh Acres,LEHIGH ACRES,21500.0,21500.0,0.049,21736.0,,,Zoned Residential,Residential,False,,21736.0,Single-family,False,0.25–0.5 ac,21500.0,0.9891424365108575,False,False,False,False,False,False,False,False
Sold,A11930054,5940 Florida Other,1504 ACACIA AVE,Land,LAND,22500.0,22500.0,0.5,,,,Zoned Residential,Residential,False,,21780.0,Single-family,False,0.5–0.75 ac,22500.0,1.0330578512396693,False,False,False,False,False,False,False,False
Sold,A11930026,5940 Florida Other,1506 ACACIA,Land,LAND,22500.0,22500.0,0.5,,,,Zoned Residential,Other,False,,21780.0,Single-family,False,0.5–0.75 ac,22500.0,1.0330578512396693,False,False,False,False,False,False,False,False
Sold,A11909225,5940 Florida Other,521 E TRINITY ST,Lehigh Acres,LEHIGH ACRES,21000.0,21000.0,0.25,10846.0,,,Zoned Residential,Residential,False,,10846.0,Single-family,False,< 0.25 ac,21000.0,1.9361976765627882,False,False,False,False,False,False,False,False
Sold,R11167475,5940 Florida Other,10720 Yeager Avenue,Flagler Estates,FLAGLER ESTATES,23000.0,23000.0,,,,Vac Res,,Unimproved Agri/Recreatn/Moblhome,False,,,,False,,23000.0,,False,False,False,False,False,False,False,False
Sold,R11157963,5940 Florida Other,6832 Parkwood Street,Spring Lake Vill,SPRING LAKE VILL 05,24000.0,24000.0,,,,R1,,Single,False,Paved Road,,Single-family,False,,24000.0,,False,False,False,False,False,False,False,False
Sold,A11914667,5940 Florida Other,551 Beach Avenue,Lehigh Acres,LEHIGH ACRES,21000.0,21000.0,0.23,,Less Than 1/4 Acre Lot,Residential,Zoned Residential,Residential,False,"City/County Maintained, Public Road",10018.800000000001,Single-family,False,< 0.25 ac,21000.0,2.0960594083123727,False,False,False,False,False,False,False,False
Sold,A11656386,5940 Florida Other,1715 Cortez,Lee High Acres,LEE HIGH ACRES,23000.0,23000.0,0.5,,1/2 To Less Than 3/4 Acre Lot,,Zoned Residential,Residential,False,Legal Access Road,21780.0,Single-family,False,0.5–0.75 ac,23000.0,1.0560146923783287,False,False,False,False,False,False,False,False
Sold,R11028530,5940 Florida Other,766 Steward Street,Port Malabar,PORT MALABAR UNIT 49,20500.0,20500.0,0.23,,Less Than 1/4 Acre Lot,Residential,,,False,Public Road,10018.800000000001,Single-family,False,< 0.25 ac,20500.0,2.0461532319239826,False,False,False,False,False,False,False,False
Sold,A11531864,5940 Florida Other,5174 Gulfport Ter,Gulf Cove,GULF COVE,17500.0,17500.0,0.25,10000.0,,,Zoned Residential,Residential,False,,10000.0,Single-family,False,< 0.25 ac,17500.0,1.75,False,False,False,False,False,False,False,False
Sold,R11169186,5940 Florida Other,10230 Zigler Avenue,Flagler Estates,FLAGLER ESTATES,23850.0,23850.0,1.14,,1 To Less Than 2 Acre Lot,Vac Res,,Unimproved Agri/Recreatn/Moblhome,False,County Road,49658.399999999994,,False,1–2 ac,23850.0,0.4802812817166885,False,False,False,False,False,False,False,False
Sold,R11169183,5940 Florida Other,4815 Randolph Street,Flagler Estates,FLAGLER ESTATES,23800.0,23800.0,,,,Vac Res,,Unimproved Agri/Recreatn/Moblhome,False,County Road,,,False,,23800.0,,False,False,False,False,False,False,False,False
Sold,R11166254,5940 Florida Other,637 Stanley Ave,Lehigh Acres,LEHIGH ACRES,19000.0,19000.0,0.3,,"1/4 To Less Than 1/2 Acre Lot, Corner Lot, Less Than 1 Acre",RS1,,Unimproved Agri/Recreatn/Moblhome,False,"City/County Maintained, Private Road",13068.0,Single-family,False,0.25–0.5 ac,19000.0,1.4539332721150904,True,False,False,False,False,False,False,False
Sold,R11157850,5940 Florida Other,0 Harlando Avenue,Sun Lk Seb,SUN N LK SEB UNIT 05,21000.0,21000.0,0.2313,,Less Than 1/4 Acre Lot,R1,,Unimproved Agri/Recreatn/Moblhome,False,Paved Road,10075.428,Single-family,False,< 0.25 ac,21000.0,2.0842787026020138,False,False,False,False,False,False,False,False
Sold,F10534424,5940 Florida Other,747 Long Distance Ln,Lehigh Acres,LEHIGH ACRES,22800.0,22800.0,0.23,10001.0,,RS-1,Zoned Residential,Residential,False,,10001.0,Single-family,False,< 0.25 ac,22800.0,2.27977202279772,False,False,False,False,False,False,False,False
Sold,A11968066,5940 Florida Other,710 E almelia,Lehigh Acres,LEHIGH ACRES,23000.0,23000.0,0.28,,,,Zoned Residential,Residential,True,,12196.800000000001,Single-family,False,0.25–0.5 ac,23000.0,1.8857405221041583,False,False,False,False,False,False,False,False
Sold,R11115873,6372 Brevard County (W of Indian River),1338 Magic Street,Port Malabar,PORT MALABAR UNIT 51,18000.0,18000.0,0.38,,1/4 To Less Than 1/2 Acre Lot,res,,Unimproved Agri/Recreatn/Moblhome,False,Public Road,16552.8,Single-family,False,0.25–0.5 ac,18000.0,1.087429317094389,False,False,False,False,False,False,False,False
Sold,R10868734,5940 Florida Other,9198 N Black Oak Way,Crystal Manor,CRYSTAL MANOR UNIT 2,20640.0,20640.0,1.16,,,CLR,,Single,False,"County Road, City/County Maintained",50529.6,,False,1–2 ac,20640.0,0.4084734492258003,False,False,False,False,False,False,False,False
Sold,F10539874,5940 Florida Other,192 Carousel Avenue,Banyan Village,BANYAN VILLAGE,19250.0,19250.0,0.23,10019.0,,RG3,Zoned Residential,Unimproved Agri/Recreatn/Moblhome,False,,10019.0,Single-family,False,< 0.25 ac,19250.0,1.9213494360714642,False,False,False,False,False,False,False,False
Sold,F10539873,5940 Florida Other,190 Carousel Avenue,Banyan Village,BANYAN VILLAGE,19250.0,19250.0,0.23,10019.0,,RG3,Zoned Residential,Unimproved Agri/Recreatn/Moblhome,False,,10019.0,Single-family,False,< 0.25 ac,19250.0,1.9213494360714642,False,False,False,False,False,False,False,False
Sold,F10525764,5940 Florida Other,0 SW 30th Place,Rainbow Park,RAINBOW PARK,20000.0,20000.0,0.23,10018.0,Less Than 1/4 Acre Lot,R1,Zoned Residential,Unimproved Agri/Recreatn/Moblhome,False,,10018.0,Single-family,False,< 0.25 ac,20000.0,1.9964064683569576,False,False,False,False,False,False,False,False
Sold,A12027834,5940 Florida Other,14219 Gables Ave,Cape Coral,CAPE CORAL,15500.0,15500.0,0.23,,,,Zoned Residential,Residential,False,,10018.800000000001,Single-family,False,< 0.25 ac,15500.0,1.5470914680400845,False,False,False,False,False,False,False,False
Sold,A11999618,5940 Florida Other,INVERNESS ST LOT # 3150,Port Charlotte,PORT CHARLOTTE SUB,17000.0,17000.0,929.0,,Less Than 1/4 Acre Lot,,Zoned Residential,Residential,False,City/County Maintained,929.0,Single-family,False,< 0.25 ac,17000.0,18.29924650161464,False,False,False,False,False,False,False,False
Sold,A11970420,5940 Florida Other,829 porter,Twin Lake Estates,TWIN LAKE ESTATES,20000.0,20000.0,0.26,11252.0,,RS-1,Zoned Residential,Residential,True,,11252.0,Single-family,False,0.25–0.5 ac,20000.0,1.7774617845716316,False,False,False,False,False,False,False,False
Sold,R11162164,5940 Florida Other,2400 Mink Road,Avon Park Lakes,AVON PARK LAKES,18000.0,18000.0,0.4592,,1/4 To Less Than 1/2 Acre Lot,R1,,Unimproved Agri/Recreatn/Moblhome,False,,20002.752,Single-family,False,0.25–0.5 ac,18000.0,0.8998761770380396,False,False,False,False,False,False,False,False
Sold,A11884076,5940 Florida Other,1208 Abbot Avenue,Lehigh Acres,LEHIGH ACRES UNIT 3,19500.0,19500.0,0.5001,,Oversized Lot,,Zoned Residential,Residential,False,,21784.356,Single-family,False,0.5–0.75 ac,19500.0,0.8951377768523431,False,False,False,False,True,False,False,False
Sold,A11872318,5940 Florida Other,3010 44TH ST W,Lehigh Acres,LEHIGH ACRES,19000.0,19000.0,0.25,,,,Zoned Residential,Residential,False,,10890.0,Single-family,False,0.25–0.5 ac,19000.0,1.7447199265381084,False,False,False,False,False,False,False,False
Sold,A11872184,5940 Florida Other,3007 48th St W,Lehigh Acres,LEHIGH ACRES,22000.0,22000.0,0.25,,,,Zoned Residential,Residential,False,,10890.0,Single-family,False,0.25–0.5 ac,22000.0,2.0202020202020203,False,False,False,False,False,False,False,False
Sold,A11987443,5940 Florida Other,761 Lehigh Acres,Mirror Lakes,MIRROR LAKES,19000.0,19000.0,0.2801,12202.0,,,Zoned Residential,Residential,False,,12202.0,Single-family,False,0.25–0.5 ac,19000.0,1.5571217833142108,False,False,False,False,False,False,False,False
Sold,A11950594,5940 Florida Other,3317 36th St W,Lehigh Acres,LEHIGH ACRES,19500.0,19500.0,0.25,,,,Zoned Residential,Residential,False,,10890.0,Single-family,False,0.25–0.5 ac,19500.0,1.790633608815427,False,False,False,False,False,False,False,False
Sold,A11950588,5940 Florida Other,3315 36th St W,Lehigh Acres,LEHIGH ACRES,19500.0,19500.0,0.25,,,,Zoned Residential,Residential,False,,10890.0,Single-family,False,0.25–0.5 ac,19500.0,1.790633608815427,False,False,False,False,False,False,False,False
Sold,R11167474,5940 Florida Other,10660 Turpin Avenue,Flagler Estates,FLAGLER ESTATES,20800.0,20800.0,,,,Vac Res,,Unimproved Agri/Recreatn/Moblhome,False,County Road,,,False,,20800.0,,False,False,False,False,False,False,False,False
Sold,A11951221,5940 Florida Other,1050 Countess ave,,,17640.0,17640.0,0.3,,,,Zoned Residential,Residential,False,,13068.0,Single-family,False,0.25–0.5 ac,17640.0,1.3498622589531681,False,False,False,False,False,False,False,False
Sold,A11949674,5940 Florida Other,549 BEACH AVE S,Lehigh Acres,LEHIGH ACRES,18000.0,18000.0,0.25,,1/4 To Less Than 1/2 Acre Lot,,Zoned Residential,Residential,False,,10890.0,Single-family,False,0.25–0.5 ac,18000.0,1.6528925619834711,False,False,False,False,False,False,False,False
Sold,F10551677,5940 Florida Other,1007 E 10th Street,Lehigh Acres,LEHIGH ACRES,21000.0,21000.0,0.25,10890.0,"1/4 To Less Than 1/2 Acre Lot, Less Than 1 Acre",RS-1,Zoned Residential,Unimproved Agri/Recreatn/Moblhome,False,Paved Road,10890.0,Single-family,False,0.25–0.5 ac,21000.0,1.9283746556473829,False,False,False,False,False,False,False,False
Sold,A11656377,5940 Florida Other,8760 N Athens,Citrus Springs,CITRUS SPRINGS,19500.0,19500.0,0.26,,Less Than 1/4 Acre Lot,,Zoned Residential,Residential,False,Paved Road,11325.6,Single-family,False,< 0.25 ac,19500.0,1.721763085399449,False,False,False,False,False,False,False,False
Sold,A11992581,5940 Florida Other,0 Broken Stone St,Ridge Mnr Est Un,RIDGE MNR EST UN 4,16500.0,16500.0,0.8854,,,,Zoned Residential,Residential,True,,38568.024,Single-family,False,0.75–1 ac,16500.0,0.4278155396294091,False,False,False,False,False,False,False,False
Sold,A11970427,5940 Florida Other,141 Flagler ST,Sun Lake Acres,SUN N LAKE ACRES L.P.,18500.0,18500.0,0.63,27442.0,,R1,Zoned Residential,Other,False,,27442.0,Single-family,False,0.5–0.75 ac,18500.0,0.674149114496028,False,False,False,False,False,False,False,False
Sold,R11164764,5940 Florida Other,16581 NW 296th Street,Viking Subdivision,VIKING SUBDIVISION,16000.0,16000.0,1.25,,1 To Less Than 2 Acre Lot,R-1,,Unimproved Agri/Recreatn/Moblhome,False,County Road,54450.0,Single-family,False,1–2 ac,16000.0,0.2938475665748393,False,False,False,False,False,False,False,False
Sold,F10549526,5940 Florida Other,0 SW 17,Rainbow Park Un,RAINBOW PARK UN 08,20000.0,20000.0,0.25,10890.0,,R4,Zoned Residential,Unimproved Agri/Recreatn/Moblhome,False,,10890.0,Single-family,False,0.25–0.5 ac,20000.0,1.8365472910927456,False,False,False,False,False,False,False,False
Sold,A11951553,5940 Florida Other,1906 W Bermuda Rd,Avon Park Lakes,AVON PARK LAKES,19000.0,19000.0,0.2603,11337.0,1/4 To Less Than 1/2 Acre Lot,R1,Zoned Residential,Residential,False,"Legal Access Road, City/County Maintained, Public Road",11337.0,Single-family,False,0.25–0.5 ac,19000.0,1.6759283761136103,False,False,False,False,False,False,False,False
Sold,A11951165,5940 Florida Other,512 Morris Tyler AVE S,Lehigh Acres,LEHIGH ACRES,17500.0,17500.0,0.23,,,,Zoned Residential,Residential,False,,10018.800000000001,Single-family,False,< 0.25 ac,17500.0,1.7467161735936438,False,False,False,False,False,False,False,False
Sold,A11951143,5940 Florida Other,414 WICKHAM AVE S,Lehigh Acres,LEHIGH ACRES,17500.0,17500.0,0.23,,,,Zoned Residential,Residential,False,,10018.800000000001,Single-family,False,< 0.25 ac,17500.0,1.7467161735936438,False,False,False,False,False,False,False,False
Sold,A11950363,5940 Florida Other,1252 EDILE ST E,Lehigh Acres,LEHIGH ACRES,18000.0,18000.0,0.24,,,,Zoned Residential,Residential,False,,10454.4,Single-family,False,< 0.25 ac,18000.0,1.721763085399449,False,False,False,False,False,False,False,False
Sold,A11950359,5940 Florida Other,1216 NIMITZ BLVD,Lehigh Acres,LEHIGH ACRES,17500.0,17500.0,0.23,,,,Zoned Residential,Residential,False,,10018.800000000001,Single-family,False,< 0.25 ac,17500.0,1.7467161735936438,False,False,False,False,False,False,False,False
Sold,A11950352,5940 Florida Other,1044 PORTLAND AVE S,Lehigh Acres,LEHIGH ACRES,18000.0,18000.0,0.23,,,,Zoned Residential,Residential,False,,10018.800000000001,Single-family,False,< 0.25 ac,18000.0,1.7966223499820335,False,False,False,False,False,False,False,False
Sold,A11898246,5940 Florida Other,11451 N clare,Citrus Springs,CITRUS SPRINGS,20000.0,20000.0,0.3,,,,Zoned Residential,Residential,False,,13068.0,Single-family,False,0.25–0.5 ac,20000.0,1.5304560759106214,False,False,False,False,False,False,False,False
Sold,R11158001,6240 NW Okeechobee County,17657 NW 276th Street,Viking,VIKING,18000.0,18000.0,1.25,,1 To Less Than 2 Acre Lot,A,,,False,,54450.0,Acreage / rural,False,1–2 ac,18000.0,0.3305785123966942,False,False,False,False,False,False,False,False
Sold,F10542778,7080,605 N 8th Street,Fee Mays,FEE & MAYS RESUB,20000.0,20000.0,0.08,3425.0,,MEDIUM DEN,Zoned Residential,Unimproved Agri/Recreatn/Moblhome,False,,3425.0,Single-family,False,< 0.25 ac,20000.0,5.839416058394161,False,False,False,False,False,False,False,False
Sold,A12012771,5940 Florida Other,5410 Guidepost Ter,Port Charlotte,PORT CHARLOTTE SEC 53,17500.0,17500.0,0.2296,,,,Zoned Residential,Residential,False,,10001.376,Single-family,False,< 0.25 ac,17500.0,1.7497592331295213,False,False,False,False,False,False,False,False
Sold,A12001746,5940 Florida Other,1335 S Griese Road,Avon Park Est,AVON PARK EST,19900.0,19900.0,1.14,,,,Zoned Residential,Residential,False,,49658.399999999994,Single-family,False,1–2 ac,19900.0,0.40073784092922854,False,False,False,False,False,False,False,False
Sold,A11984680,5940 Florida Other,Lot #8 Jabara Lane,Port Labelle,PORT LABELLE,19900.0,19900.0,0.3,13068.0,,,Zoned Residential,Residential,False,City/County Maintained,13068.0,Single-family,False,0.25–0.5 ac,19900.0,1.5228037955310683,False,False,False,False,False,False,False,False
Sold,A11976879,5940 Florida Other,3413 64th St W,Lehigh Acres,LEHIGH ACRES,18000.0,18000.0,0.25,10890.0,1/4 To Less Than 1/2 Acre Lot,RS-1,Zoned Residential,Residential,False,"City/County Maintained, Paved Road",10890.0,Single-family,False,0.25–0.5 ac,18000.0,1.6528925619834711,False,False,False,False,False,False,False,False
Sold,R11152622,5940 Florida Other,1617 Wells Avenue,Lehigh Acres,LEHIGH ACRES,17500.0,17500.0,0.5,,,RS-1,,Single,False,,21780.0,Single-family,False,0.5–0.75 ac,17500.0,0.8034894398530762,False,False,False,False,False,False,False,False
Sold,A11125737,5940 Florida Other,13500 Walleye Way,Meadows And Villas,MEADOWS AND VILLAS,18000.0,18000.0,0.172,,,,Zoned Residential,Residential,True,,7492.32,Single-family,False,< 0.25 ac,18000.0,2.402460119162022,False,False,False,False,False,False,False,False
Sold,A12033824,5940 Florida Other,2803 E 19th St,,,19500.0,19500.0,0.25,,,,Zoned Residential,Residential,False,,10890.0,Single-family,False,0.25–0.5 ac,19500.0,1.790633608815427,False,False,False,False,False,False,False,False
Sold,A11996788,5940 Florida Other,3604 Hanna Ave N,Lehigh Acres,LEHIGH ACRES UNIT 7,18500.0,18500.0,0.25,,,,Zoned Residential,Residential,False,,10890.0,Single-family,False,0.25–0.5 ac,18500.0,1.6988062442607896,False,False,False,False,False,False,False,False
Sold,A11996756,5940 Florida Other,3706 Flora Ave N,Lehigh Acres,LEHIGH ACRES UNIT 7,18500.0,18500.0,0.25,,,,Zoned Residential,Residential,False,,10890.0,Single-family,False,0.25–0.5 ac,18500.0,1.6988062442607896,False,False,False,False,False,False,False,False
Sold,A11969840,5940 Florida Other,18150 Dillon Ave,Port Charlotte,PORT CHARLOTTE,18500.0,18500.0,0.23,10019.0,Less Than 1/4 Acre Lot,RSF-3.5,Zoned Residential,Residential,False,"Paved Road, Public Road",10019.0,Single-family,False,< 0.25 ac,18500.0,1.8464916658349138,False,False,False,False,False,False,False,False
Sold,F10550279,5940 Florida Other,0 Xeriscape Nursery Road,Cle Central Lake Estates,CLE84 CENTRAL LAKE ESTATES,19500.0,19500.0,1.25,54450.0,1 To Less Than 2 Acre Lot,A/RRX,Zoned Residential,Unimproved Agri/Recreatn/Moblhome,False,,54450.0,Single-family,False,1–2 ac,19500.0,0.3581267217630854,False,False,False,False,False,False,False,False
Sold,F10550271,5940 Florida Other,0 Xeriscape Nursery Road,Cle Central Lake Estates,CLE85 CENTRAL LAKE ESTATES,19500.0,19500.0,1.25,54450.0,1 To Less Than 2 Acre Lot,A/RRX,Zoned Residential,Unimproved Agri/Recreatn/Moblhome,False,,54450.0,Single-family,False,1–2 ac,19500.0,0.3581267217630854,False,False,False,False,False,False,False,False
Sold,F10550264,5940 Florida Other,0 Xeriscape Nursery Road,Cle Central Lake Estates,CLE86 CENTRAL LAKE ESTATES,19500.0,19500.0,1.25,54450.0,1 To Less Than 2 Acre Lot,A/RRX,Zoned Residential,Unimproved Agri/Recreatn/Moblhome,False,,54450.0,Single-family,False,1–2 ac,19500.0,0.3581267217630854,False,False,False,False,False,False,False,False
Sold,F10543870,5940 Florida Other,0 Xeriscape Nursery Road,Cle Central Lake Estates,CLE78 CENTRAL LAKE ESTATES,19500.0,19500.0,1.25,54450.0,1 To Less Than 2 Acre Lot,,Zoned Residential,Unimproved Agri/Recreatn/Moblhome,False,,54450.0,Single-family,False,1–2 ac,19500.0,0.3581267217630854,False,False,False,False,False,False,False,False
Sold,F10542863,5940 Florida Other,0 Calliandra Drive,Indian Lake Estates,INDIAN LAKE ESTATES,18000.0,18000.0,0.55,21780.0,1/2 To Less Than 3/4 Acre Lot,R1,Zoned Residential,Unimproved Agri/Recreatn/Moblhome,False,,21780.0,Single-family,False,0.5–0.75 ac,18000.0,0.8264462809917356,False,False,False,False,False,False,False,False
Sold,A11905744,5940 Florida Other,19171 Ridge Ave,Port Charlotte,PORT CHARLOTTE,16000.0,16000.0,0.23,,,,Zoned Residential,Residential,False,,10018.800000000001,Single-family,False,< 0.25 ac,16000.0,1.5969976444284744,False,False,False,False,False,False,False,False
Sold,F10523649,5940 Florida Other,0 Jackson Street,Central Lake Estates,CENTRAL LAKE ESTATES,19500.0,19500.0,1.48,339761.0,1 To Less Than 2 Acre Lot,,Zoned Residential,Unimproved Agri/Recreatn/Moblhome,False,,339761.0,Single-family,False,1–2 ac,19500.0,0.05739328527994678,False,False,False,False,False,False,False,False
Sold,F10523727,5940 Florida Other,15 Cleat Ct,Rotonda Sands Un,ROTONDA SANDS UN1,15000.0,15000.0,0.172,,,RSF5,Zoned Residential,Residential,False,,7492.32,Single-family,False,< 0.25 ac,15000.0,2.002050099301685,False,False,False,False,False,False,False,False
Sold,F10520135,5940 Florida Other,1801 N Croton Road,Avon Park Lakes,AVON PARK LAKES,18000.0,18000.0,0.27,12000.0,1/4 To Less Than 1/2 Acre Lot,R1,Zoned Residential,Unimproved Agri/Recreatn/Moblhome,False,,12000.0,Single-family,False,0.25–0.5 ac,18000.0,1.5,False,False,False,False,False,False,False,False
Sold,R11153664,7070,Xxx N 37th Street,Sunland Gardens,SUNLAND GARDENS,19500.0,19500.0,0.13,,"Less Than 1/4 Acre Lot, Corner Lot",RS-4,,Unimproved Agri/Recreatn/Moblhome,False,"City/County Maintained, Paved Road, Public Road",5662.8,Single-family,False,< 0.25 ac,19500.0,3.443526170798898,True,False,False,False,False,False,False,False
Sold,R11151980,7070,2302 Canal Terrace,Alamanda Vista Pla,ALAMANDA VISTA REVISED PLA,19500.0,19500.0,0.14,,"Less Than 1/4 Acre Lot, West Of US 1",Medium,,Unimproved Agri/Recreatn/Moblhome,False,"City/County Maintained, Paved Road, Public Road",6098.400000000001,,False,< 0.25 ac,19500.0,3.197560015741834,False,False,False,False,False,False,False,True
Sold,A11816494,5940 Florida Other,1053 Venture St,,,18000.0,18000.0,0.25,,,,Zoned Residential,Residential,False,,10890.0,Single-family,False,0.25–0.5 ac,18000.0,1.6528925619834711,False,False,False,False,False,False,False,False
Sold,A11663948,5940 Florida Other,16 Robert Avenue,Lehigh Acres,LEHIGH ACRES,18000.0,18000.0,0.48,,1/4 To Less Than 1/2 Acre Lot,RS-1,Zoned Residential,Residential,False,,20908.8,Single-family,False,0.25–0.5 ac,18000.0,0.8608815426997245,False,False,False,False,False,False,False,False
Sold,R11007160,5940 Florida Other,924 Lenore Avenue,Interlachen Lakes Estates,INTERLACHEN LAKES ESTATES,19000.0,19000.0,0.22,,"Less Than 1/4 Acre Lot, Less Than 1 Acre",R-2,,Unimproved Agri/Recreatn/Moblhome,False,County Road,9583.2,Single-family,False,< 0.25 ac,19000.0,1.9826362801569413,False,False,False,False,False,False,False,False
Sold,F10391996,5940 Florida Other,SAWYER CIR,Port Charlotte,1784 - PORT CHARLOTTE SUB,15000.0,15000.0,0.24,,,,Zoned Residential,Residential,False,,10454.4,Single-family,False,< 0.25 ac,15000.0,1.4348025711662076,False,False,False,False,False,False,False,False
Sold,A12032375,5940 Florida Other,1060 Halby Ave S,Lehigh Acres,LEHIGH ACRES,17250.0,17250.0,0.24,,,,Zoned Residential,Residential,False,,10454.4,Single-family,False,< 0.25 ac,17250.0,1.6500229568411386,False,False,False,False,False,False,False,False
Sold,A11969841,5940 Florida Other,343 Prineville St,Port Charlotte,PORT CHARLOTTE,18000.0,18000.0,0.23,10019.0,Less Than 1/4 Acre Lot,RSF-3.5,Zoned Residential,Residential,False,"Paved Road, Public Road",10019.0,Single-family,False,< 0.25 ac,18000.0,1.7965864856772134,False,False,False,False,False,False,False,False
Sold,R11143760,5940 Florida Other,8615 N Spikes Way,Citrus Springs,CITRUS SPRINGS UNIT 05,17500.0,17500.0,0.23,,Less Than 1/4 Acre Lot,RUR,,Unimproved Agri/Recreatn/Moblhome,False,County Road,10018.800000000001,,False,< 0.25 ac,17500.0,1.7467161735936438,False,False,False,False,False,False,False,False
Sold,A11750581,5940 Florida Other,628 Eisenhower blvd,Lehigh Acres,LEHIGH ACRES,17500.0,17500.0,0.228,,,,Zoned Residential,Residential,False,,9931.68,Single-family,False,< 0.25 ac,17500.0,1.7620382452918337,False,False,False,False,False,False,False,False
Sold,A11747215,5940 Florida Other,27172 Dubonet Dr,Tropical Gulf Acres,TROPICAL GULF ACRES,18000.0,18000.0,0.26,11326.0,1/4 To Less Than 1/2 Acre Lot,,Zoned Residential,Residential,True,,11326.0,Single-family,False,0.25–0.5 ac,18000.0,1.5892636411795869,False,False,False,False,False,False,False,False
Sold,R10939935,7010,Tba A1a,Surfside Harbor,SURFSIDE HARBOR,10000.0,10000.0,0.344,,"1/4 To Less Than 1/2 Acre Lot, East Of US 1, Less Than 1 Acre",Hutchinson Isla,,Unimproved Agri/Recreatn/Moblhome,False,No Road Access,14984.64,,False,0.25–0.5 ac,10000.0,0.6673500331005616,False,False,False,False,False,False,True,False
Sold,A11959697,5940 Florida Other,722 BLUEBIRD AVE,Lehigh Acres,LEHIGH ACRES,16500.0,16500.0,0.23,,,,Zoned Residential,Residential,False,,10018.800000000001,Single-family,False,< 0.25 ac,16500.0,1.646903820816864,False,False,False,False,False,False,False,False
Sold,A11914274,5940 Florida Other,628 Eisenhower blvd,Lehigh Acres,LEHIGH ACRES,17500.0,17500.0,0.228,,,,Zoned Residential,Residential,False,,9931.68,Single-family,False,< 0.25 ac,17500.0,1.7620382452918337,False,False,False,False,False,False,False,False
Sold,A11985283,5940 Florida Other,"8177 DION STREET,",Port Charlotte,PORT CHARLOTTE SEC 058,17500.0,17500.0,0.23,,,,Zoned Residential,Residential,False,,10018.800000000001,Single-family,False,< 0.25 ac,17500.0,1.7467161735936438,False,False,False,False,False,False,False,False
Sold,A11984167,5940 Florida Other,13507 KEYSTONE BOULEVARD,Port Charlotte,PORT CHARLOTTE SEC 058,17500.0,17500.0,0.23,,,,Zoned Residential,Residential,False,,10018.800000000001,Single-family,False,< 0.25 ac,17500.0,1.7467161735936438,False,False,False,False,False,False,False,False
Sold,F10556578,5940 Florida Other,447 Kali Court,Port Labelle,PORT LABELLE UNIT 10,18000.0,18000.0,0.34,14810.0,,RG3,Zoned Residential,Unimproved Agri/Recreatn/Moblhome,False,,14810.0,Single-family,False,0.25–0.5 ac,18000.0,1.2153950033760972,False,False,False,False,False,False,False,False
Sold,A11936545,5940 Florida Other,#1 Carpenter Ln,North Port,NORTH PORT,16500.0,16500.0,0.23,,"Less Than 1/4 Acre Lot, 1/4 To Less Than 1/2 Acre Lot",,Zoned Residential,Residential,False,,10018.800000000001,Single-family,False,< 0.25 ac,16500.0,1.646903820816864,False,False,False,False,False,False,False,False
Sold,A11933581,5940 Florida Other,8003 ZAMORA AVE,Sun Lake Estates Sebrin,SUN LAKE ESTATES OF SEBRIN,16500.0,16500.0,0.24,,Less Than 1/4 Acre Lot,,Zoned Residential,Residential,False,"Legal Access Road, Paved Road, Public Road",10454.4,Single-family,False,< 0.25 ac,16500.0,1.5782828282828283,False,False,False,False,False,False,False,False
Sold,F10385385,5940 Florida Other,932 Alcalde E,,,18000.0,18000.0,0.28,,1/4 To Less Than 1/2 Acre Lot,Resident,Zoned Residential,Residential,False,,12196.800000000001,Single-family,False,0.25–0.5 ac,18000.0,1.4757969303423848,False,False,False,False,False,False,False,False
Sold,F10556363,5940 Florida Other,2717 Hacienda Drive,Sebring Ranchettes,SEBRING RANCHETTES,12000.0,12000.0,0.916,,,RESIDENTIAL,Zoned Residential,Unimproved Agri/Recreatn/Moblhome,False,,39900.96,Single-family,False,0.75–1 ac,12000.0,0.30074464373789506,False,False,False,False,False,False,False,False
Sold,F10556366,5940 Florida Other,2725 Hacienda Drive,Sebring Ranchettes,SEBRING RANCHETTES,12000.0,12000.0,0.916,,,,Zoned Residential,Unimproved Agri/Recreatn/Moblhome,False,,39900.96,Single-family,False,0.75–1 ac,12000.0,0.30074464373789506,False,False,False,False,False,False,False,False
Sold,R11129348,5940 Florida Other,14829 NW 300th Street,Southern Colonization Co,SOUTHERN COLONIZATION CO,16500.0,16500.0,1.25,,,RES/AG,,Single,False,,54450.0,Single-family,False,1–2 ac,16500.0,0.30303030303030304,False,False,False,False,False,False,False,False
Sold,F10527057,5940 Florida Other,0 Polk City Road,Goldenland Acres,GOLDENLAND ACRES,17500.0,17500.0,1.03,44866.0,,A/RRX,Zoned Residential,Unimproved Agri/Recreatn/Moblhome,False,,44866.0,Single-family,False,1–2 ac,17500.0,0.39005037221949806,False,False,False,False,False,False,False,False
Sold,F10520729,5940 Florida Other,229 Caswell Lane,Sun Lake Estates,SUN N LAKE ESTATES,12500.0,12500.0,0.23,10125.0,,R1,Zoned Residential,Unimproved Agri/Recreatn/Moblhome,False,,10125.0,Single-family,False,< 0.25 ac,12500.0,1.2345679012345678,False,False,False,False,False,False,False,False
Sold,A11994399,5940 Florida Other,1134 HUDSON ST E,Lehigh Acres,LEHIGH ACRES,16000.0,16000.0,0.23,,,,Zoned Residential,Residential,False,,10018.800000000001,Single-family,False,< 0.25 ac,16000.0,1.5969976444284744,False,False,False,False,False,False,False,False
Sold,B26002104,5940 Florida Other,819 Casper Yost Street,Lehigh Acres,LEHIGH ACRES,17000.0,17000.0,0.23,,"Less Than 1/4 Acre Lot, Less Than 1 Acre",RESIDENTIAL,,Unimproved Agri/Recreatn/Moblhome,False,Paved Road,10018.800000000001,Single-family,False,< 0.25 ac,17000.0,1.696809997205254,False,False,False,False,False,False,False,False
Sold,R11166592,5940 Florida Other,23274 Hemenway Ave,Port Charlotte,PORT CHARLOTTE SEC 020,19000.0,19000.0,,,Less Than 1/4 Acre Lot,RSF3.5,,Unimproved Agri/Recreatn/Moblhome,False,City/County Maintained,,Single-family,False,< 0.25 ac,19000.0,,False,False,False,False,False,False,False,False
Sold,A11948584,5940 Florida Other,414 Valleybrook Drive,Port Labelle,PORT LABELLE UNIT 11,15000.0,15000.0,0.23,,,,Zoned Residential,Residential,False,,10018.800000000001,Single-family,False,< 0.25 ac,15000.0,1.4971852916516946,False,False,False,False,False,False,False,False
Sold,R11114316,5940 Florida Other,523 Sussex Lane,Port Labelle,PORT LABELLE UNIT 11,16000.0,16000.0,0.3,,1/4 To Less Than 1/2 Acre Lot,RG3,,Unimproved Agri/Recreatn/Moblhome,False,"Paved Road, Public Road",13068.0,,False,0.25–0.5 ac,16000.0,1.2243648607284972,False,False,False,False,False,False,False,False
Sold,F10540544,5940 Florida Other,10328 S Orange Blossom Boulevard,Orange Blossom Ccc,ORANGE BLOSSOM CCC,15999.0,15999.0,0.23,10000.0,,R1A,Zoned Residential,Unimproved Agri/Recreatn/Moblhome,False,,10000.0,Single-family,False,< 0.25 ac,15999.0,1.5999,False,False,False,False,False,False,False,False
Sold,A11942374,5940 Florida Other,2507 E 13th ST,Lehigh Acres,LEHIGH ACRES,16000.0,16000.0,0.25,,,,Zoned Residential,Residential,False,,10890.0,Single-family,False,0.25–0.5 ac,16000.0,1.4692378328741964,False,False,False,False,False,False,False,False
Sold,A11919183,5940 Florida Other,1405 W 14th St,Lehigh Acres,LEHIGH ACRES,15500.0,15500.0,0.25,,,,Zoned Residential,Residential,False,,10890.0,Single-family,False,0.25–0.5 ac,15500.0,1.423324150596878,False,False,False,False,False,False,False,False
Sold,A11686454,5940 Florida Other,6737 Columbus Blvd,Sun Lake Est Sebring,SUN N LAKE EST OF SEBRING,16900.0,16900.0,0.23,,,,Zoned Residential,Residential,False,,10018.800000000001,Single-family,False,< 0.25 ac,16900.0,1.686828761927576,False,False,False,False,False,False,False,False
Sold,R11073883,5940 Florida Other,Tbd Kitty Avenue Unit#11,Interlachen Lakes Estates,INTERLACHEN LAKES ESTATES,16800.0,16800.0,,,,res,,Single,False,,,Single-family,False,,16800.0,,False,False,False,False,False,False,False,False
Sold,F10523729,5940 Florida Other,13 Hull Ct,Rotonda Sands,ROTONDA SANDS,15000.0,15000.0,0.172,,Less Than 1/4 Acre Lot,RSF5,Zoned Residential,Residential,False,,7492.32,Single-family,False,< 0.25 ac,15000.0,2.002050099301685,False,False,False,False,False,False,False,False
Sold,A12023664,5940 Florida Other,0 WALPOLE ST,Port Charlotte,1548 - PORT CHARLOTTE SUB,16000.0,16000.0,0.24,10784.0,,R1,Zoned Residential,Residential,False,"Legal Access Road, City/County Maintained",10784.0,Single-family,False,< 0.25 ac,16000.0,1.4836795252225519,False,False,False,False,False,False,False,False
Sold,R11167389,6372 Brevard County (W of Indian River),1517 Conistan Street,Port Malabar,PORT MALABAR UNIT 53,10000.0,10000.0,,,Less Than 1/4 Acre Lot,Residential,,Unimproved Agri/Recreatn/Moblhome,False,City/County Maintained,,Single-family,False,< 0.25 ac,10000.0,,False,False,False,False,False,False,False,False
Sold,A11972624,5940 Florida Other,8 Lummus St,Port Charlotte,PORT CHARLOTTE SUB 32,15000.0,15000.0,0.26,,1/4 To Less Than 1/2 Acre Lot,R1 - RESIDENTIAL LOW,Zoned Residential,Residential,False,Paved Road,11325.6,Single-family,False,0.25–0.5 ac,15000.0,1.3244331426149607,False,False,False,False,False,False,False,False
Sold,R11103108,5940 Florida Other,0 Central Boulevard,Central Acres,CENTRAL ACRES,12750.0,12750.0,0.2,,Less Than 1/4 Acre Lot,RESIDENTIAL,,Unimproved Agri/Recreatn/Moblhome,False,County Road,8712.0,Single-family,False,< 0.25 ac,12750.0,1.4634986225895317,False,False,False,False,False,False,False,False
Sold,A12028951,5940 Florida Other,5144 Dewey St,Senring Lakes,SENRING LAKES,15000.0,15000.0,0.25,,Less Than 1/4 Acre Lot,,Zoned Residential,Residential,False,,10890.0,Single-family,False,< 0.25 ac,15000.0,1.3774104683195592,False,False,False,False,False,False,False,False
Sold,A11991537,5940 Florida Other,14279 Moonfish Ct,Rotonda Villas,ROTONDA VILLAS,15000.0,15000.0,0.18,,,,Zoned Residential,Residential,True,,7840.799999999999,Single-family,False,< 0.25 ac,15000.0,1.9130700948882768,False,False,False,False,False,False,False,False
Sold,T20054503,5940 Florida Other,3486 Viking Drive,,,7500.0,7500.0,0.28,,,,,Single,False,,12196.800000000001,,False,0.25–0.5 ac,7500.0,0.6149153876426603,False,False,False,False,False,False,False,False
Sold,A11964144,5940 Florida Other,388 N Macedonia Rd.,Avon Park Lakes,AVON PARK LAKES,14000.0,14000.0,0.28,,1/4 To Less Than 1/2 Acre Lot,,Zoned Residential,Residential,False,,12196.800000000001,Single-family,False,0.25–0.5 ac,14000.0,1.147842056932966,False,False,False,False,False,False,False,False
Sold,T20054233,5940 Florida Other,3492 Viking Drive,,,7500.0,7500.0,0.26,,,Resident,,Single,False,County Road,11325.6,Single-family,False,0.25–0.5 ac,7500.0,0.6622165713074804,False,False,False,False,False,False,False,False
Sold,R11137321,5940 Florida Other,1731 Charleston Street,Sylvan Shores Est,SYLVAN SHORES EST SEC B,12000.0,12000.0,0.2645,,1/4 To Less Than 1/2 Acre Lot,R1,,Unimproved Agri/Recreatn/Moblhome,False,Public Road,11521.62,Single-family,False,0.25–0.5 ac,12000.0,1.0415202028881354,False,False,False,False,False,False,False,False
Sold,T20052768,5940 Florida Other,TBD Viking Drive,,,7500.0,7500.0,0.31,,,Resident,,Other,False,,13503.6,Single-family,False,0.25–0.5 ac,7500.0,0.5554074469030481,False,False,False,False,False,False,False,False
Sold,A11889908,5940 Florida Other,3578 E LOU LANE,Inverness Highlands,INVERNESS HIGHLANDS,14000.0,14000.0,0.46,19916.0,,,Zoned Residential,Residential,False,,19916.0,Single-family,False,0.25–0.5 ac,14000.0,0.7029524000803374,False,False,False,False,False,False,False,False
Sold,F10520308,5940 Florida Other,11968 Ronda Drive,Rotonda Meadows,ROTONDA MEADOWS,15000.0,15000.0,0.34,14810.0,1/4 To Less Than 1/2 Acre Lot,RSF-5,Zoned Residential,Residential,False,Legal Access Road,14810.0,Single-family,False,0.25–0.5 ac,15000.0,1.012829169480081,False,False,False,False,False,False,False,False
Sold,A11290944,5940 Florida Other,14 Aye Ct,Rotonda Sands,ROTONDA SANDS,14000.0,14000.0,0.18,7841.0,Less Than 1/4 Acre Lot,,Zoned Residential,Residential,False,,7841.0,Single-family,False,< 0.25 ac,14000.0,1.7854865450835353,False,False,False,False,False,False,False,False
Sold,A11866266,5940 Florida Other,no street,Highlands Mb,HIGHLANDS MB,9500.0,9500.0,1.25,,,,Zoned Residential,Residential,False,,54450.0,Single-family,False,1–2 ac,9500.0,0.17447199265381083,False,False,False,False,False,False,False,False
Sold,A11985416,5940 Florida Other,102 Buccaneer Street NW,Placid Lakes,PLACID LAKES UNITS 19-25,14000.0,14000.0,0.23,10000.0,Less Than 1/4 Acre Lot,,Zoned Residential,Residential,False,,10000.0,Single-family,False,< 0.25 ac,14000.0,1.4,False,False,False,False,False,False,False,False
Sold,A11985404,5940 Florida Other,101 Boeing St Street NW,Placid Lakes,PLACID LAKES UNITS 19-25,14000.0,14000.0,0.23,10000.0,,,Zoned Residential,Residential,False,,10000.0,Single-family,False,< 0.25 ac,14000.0,1.4,False,False,False,False,False,False,False,False
Sold,A11964569,5940 Florida Other,8377 Mantua Avenue,Sun Lake,SUN N LAKE,14900.0,14900.0,0.23,,,,Zoned Residential,Residential,False,,10018.800000000001,Single-family,False,< 0.25 ac,14900.0,1.4872040563740168,False,False,False,False,False,False,False,False
Sold,R11117926,5990 Global Outside US,107 Pine Avenue,Paradise Lakes,PARADISE LAKES SUB,14600.0,14600.0,0.23,,Less Than 1/4 Acre Lot,RES,,Unimproved Agri/Recreatn/Moblhome,False,,10018.800000000001,Single-family,False,< 0.25 ac,14600.0,1.4572603505409827,False,False,False,False,False,False,False,False
Sold,A11961473,5940 Florida Other,440 GARFIELD AVE NE,Placid Lakes,PLACID LAKES SEC 2,14500.0,14500.0,0.26,11375.0,,,Zoned Residential,Residential,False,,11375.0,Single-family,False,0.25–0.5 ac,14500.0,1.2747252747252746,False,False,False,False,False,False,False,False
Sold,F10520712,5940 Florida Other,1956 W Tanager Road,Avon Park Lakes,AVON PARK LAKES,22000.0,22000.0,0.21,9356.0,,R1,Zoned Residential,Unimproved Agri/Recreatn/Moblhome,False,,9356.0,Single-family,False,< 0.25 ac,22000.0,2.3514322359982898,False,False,False,False,False,False,False,False
Sold,F10520704,5940 Florida Other,2918 W Gaffney Road,Apl Red Hill Farms,APL RED HILL FARMS,14500.0,14500.0,0.23,10200.0,,R1,Zoned Residential,Unimproved Agri/Recreatn/Moblhome,False,,10200.0,Single-family,False,< 0.25 ac,14500.0,1.4215686274509804,False,False,False,False,False,False,False,False
Sold,B26028373,5940 Florida Other,0 Camellia Drive,Indian Lake Estates,INDIAN LAKE ESTATES UNIT 0,12500.0,12500.0,0.53,,"1/2 To Less Than 3/4 Acre Lot, Less Than 1 Acre",RESIDENTIAL,,Unimproved Agri/Recreatn/Moblhome,False,Gravel/Lime Rock Road,23086.800000000003,Single-family,False,0.5–0.75 ac,12500.0,0.54143493251555,False,False,False,False,False,False,False,False
Sold,R11138330,5940 Florida Other,108 Richmond Street,St Johns Riverside Estates,ST JOHNS RIVERSIDE ESTATES,11800.0,11800.0,0.41,,1/4 To Less Than 1/2 Acre Lot,Residential,,,False,,17859.6,Single-family,False,0.25–0.5 ac,11800.0,0.6607090864297073,False,False,False,False,False,False,False,False
Sold,A11851876,5940 Florida Other,0 COLDROCK DR,Ridge Manor Estates,RIDGE MANOR ESTATES,12000.0,12000.0,0.5,,1/4 To Less Than 1/2 Acre Lot,Residential,Zoned Residential,Residential,False,,21780.0,Single-family,False,0.25–0.5 ac,12000.0,0.5509641873278237,False,False,False,False,False,False,False,False
Sold,A11831182,5940 Florida Other,24 Highlands Lake,Highlands Park Se,HIGHLANDS PARK SE,12000.0,12000.0,0.26,,,R1,Zoned Residential,Residential,False,,11325.6,Single-family,False,0.25–0.5 ac,12000.0,1.0595465140919686,False,False,False,False,False,False,False,False
Sold,B26016216,5940 Florida Other,0 Camellia Drive,Indian Lake Estates,INDIAN LAKE ESTATES UNIT 0,12500.0,12500.0,0.53,,"1/2 To Less Than 3/4 Acre Lot, Less Than 1 Acre",RESIDENTIAL,,Unimproved Agri/Recreatn/Moblhome,False,Gravel/Lime Rock Road,23086.800000000003,Single-family,False,0.5–0.75 ac,12500.0,0.54143493251555,False,False,False,False,False,False,False,False
Sold,A11584143,5940 Florida Other,27289 Mandalay Dr,Tropical Gulf Acres,TROPICAL GULF ACRES,13000.0,13000.0,0.17,,,,Zoned Residential,Residential,False,,7405.200000000001,Single-family,False,< 0.25 ac,13000.0,1.7555231458974774,False,False,False,False,False,False,False,False
Sold,R11075656,5940 Florida Other,Tbd Walker Drive,Interlachen Lakes Estates,INTERLACHEN LAKES ESTATES,13800.0,13800.0,0.77,,1/2 To Less Than 3/4 Acre Lot,res,,Unimproved Agri/Recreatn/Moblhome,False,,33541.200000000004,Single-family,False,0.5–0.75 ac,13800.0,0.41143429573181634,False,False,False,False,False,False,False,False
Sold,R11126031,5940 Florida Other,0 NE 1st Terrace,Orange Blossom Ranches,ORANGE BLOSSOM RANCHES,13000.0,13000.0,0.17,,Less Than 1/4 Acre Lot,Res,,Unimproved Agri/Recreatn/Moblhome,False,"County Road, Public Road",7405.200000000001,Single-family,False,< 0.25 ac,13000.0,1.7555231458974774,False,False,False,False,False,False,False,False
Sold,R11119636,5940 Florida Other,Lot 7 Merced Street,Port Charlotte,1570 - PORT CHARLOTTE SUB,13000.0,13000.0,,,1/4 To Less Than 1/2 Acre Lot,R1,,Unimproved Agri/Recreatn/Moblhome,False,"City/County Maintained, Paved Road, Public Road",,Single-family,False,0.25–0.5 ac,13000.0,,False,False,False,False,False,False,False,False
Sold,R11102024,5940 Florida Other,0 Valencia Drive,Indian Lake Estates,INDIAN LAKE ESTATES UNIT 0,12500.0,12500.0,0.5004,,1/2 To Less Than 3/4 Acre Lot,Res.,,Unimproved Agri/Recreatn/Moblhome,False,,21797.424,Single-family,False,0.5–0.75 ac,12500.0,0.5734622586595554,False,False,False,False,False,False,False,False
Sold,R11100426,5940 Florida Other,Tbd Magnolia Lane,Compass Lake Hills,COMPASS LAKE HILLS,13400.0,13400.0,,,1 To Less Than 2 Acre Lot,RES,,Unimproved Agri/Recreatn/Moblhome,False,,,Single-family,False,1–2 ac,13400.0,,False,False,False,False,False,False,False,False
Sold,A11962960,5940 Florida Other,425 Fawnwood,Sunn Lakes,SUNN LAKES,11000.0,11000.0,10565.0,,,,Zoned Residential,Other,False,,10565.0,Single-family,False,< 0.25 ac,11000.0,1.0411736867013726,False,False,False,False,False,False,False,False
Sold,R11158093,5940 Florida Other,000 Tbd,Silver Springs Shores,SILVER SPRINGS SHORES,10000.0,10000.0,,,Less Than 1/4 Acre Lot,Residential,,Unimproved Agri/Recreatn/Moblhome,False,Private Road,,Single-family,False,< 0.25 ac,10000.0,,False,False,False,False,False,False,False,False
Sold,R11158078,5940 Florida Other,000 No Situs,Silver Springs Shores,SILVER SPRINGS SHORES,10000.0,10000.0,0.24,,Less Than 1/4 Acre Lot,Residential,,Unimproved Agri/Recreatn/Moblhome,False,Private Road,10454.4,Single-family,False,< 0.25 ac,10000.0,0.9565350474441384,False,False,False,False,False,False,False,False
Sold,A11934345,5940 Florida Other,0 Guzman Ave,Flagler Estates Ur Subd,FLAGLER ESTATES UR SUBD,12000.0,12000.0,1.25,,,,Zoned Residential,Residential,False,,54450.0,Single-family,False,1–2 ac,12000.0,0.22038567493112948,False,False,False,False,False,False,False,False
Sold,R11120607,5940 Florida Other,Tbd NW 52nd Avenue,Ocala Ridge,OCALA RIDGE UNIT 7,9500.0,9500.0,,,Less Than 1/4 Acre Lot,Single Family,,Unimproved Agri/Recreatn/Moblhome,False,,,,False,< 0.25 ac,9500.0,,False,False,False,False,False,False,False,False
Sold,A11963288,5940 Florida Other,26224 Deer Rd,South Punta Gorda Hgts,SOUTH PUNTA GORDA HGTS,12500.0,12500.0,0.1837,8000.0,Less Than 1/4 Acre Lot,RSF5/RESIDENTIAL-SIN,Boat Dock or Dockominium,Other,False,Other Road,8000.0,Dock,True,< 0.25 ac,12500.0,1.5625,False,False,False,False,False,False,False,False
Sold,R11062573,5940 Florida Other,204 Glasgow Street,Interlachen Lakes Estates,INTERLACHEN LAKES ESTATES,11500.0,11500.0,0.46,,1/4 To Less Than 1/2 Acre Lot,RES,,Unimproved Agri/Recreatn/Moblhome,False,,20037.600000000002,Single-family,False,0.25–0.5 ac,11500.0,0.573921028466483,False,False,False,False,False,False,False,False
Sold,R11090992,5940 Florida Other,178 Millican Road,Rio De St Johns,RIO DE ST JOHNS,12200.0,12200.0,0.26,,1/4 To Less Than 1/2 Acre Lot,RES,,Unimproved Agri/Recreatn/Moblhome,False,,11325.6,Single-family,False,0.25–0.5 ac,12200.0,1.077205622660168,False,False,False,False,False,False,False,False
Sold,F10540538,5940 Florida Other,0 County Rd 54,Rancho Bonito Rb,RANCHO BONITO RB79,12500.0,12500.0,1.25,56192.0,1 To Less Than 2 Acre Lot,RDA,Zoned Residential,Unimproved Agri/Recreatn/Moblhome,False,,56192.0,Single-family,False,1–2 ac,12500.0,0.22245159453302962,False,False,False,False,False,False,False,False
Sold,A11927965,5940 Florida Other,2707 N Seneca Dr,Avon Park Lakes,AVON PARK LAKES,9500.0,9500.0,0.25,,,,Zoned Residential,Residential,False,,10890.0,Single-family,False,0.25–0.5 ac,9500.0,0.8723599632690542,False,False,False,False,False,False,False,False
Sold,F10539214,5940 Florida Other,0 Old Grade Road,Opp Orlando Pines,OPP176 ORLANDO PINES,12500.0,12500.0,1.0,43560.0,1 To Less Than 2 Acre Lot,Corex,Zoned Residential,Unimproved Agri/Recreatn/Moblhome,False,,43560.0,Single-family,False,1–2 ac,12500.0,0.2869605142332415,False,False,False,False,False,False,False,False
Sold,F10522727,5940 Florida Other,0 Akron Street,Lake Lucy Village,LAKE LUCY VILLAGE,12500.0,12500.0,0.22,9583.0,,R2,Zoned Residential,Unimproved Agri/Recreatn/Moblhome,False,,9583.0,Single-family,False,< 0.25 ac,12500.0,1.304393196285088,False,False,False,False,False,False,False,False
Sold,F10521056,5940 Florida Other,127 Sharon Drive,St John Riverside Estat,ST. JOHN’S RIVERSIDE ESTAT,12500.0,12500.0,0.32,13939.0,1/2 To Less Than 3/4 Acre Lot,,Zoned Residential,Unimproved Agri/Recreatn/Moblhome,False,,13939.0,Single-family,False,0.5–0.75 ac,12500.0,0.8967644737786068,False,False,False,False,False,False,False,False
Sold,R11102536,5940 Florida Other,0 State Rd 60,Central Acres,CENTRAL ACRES,12750.0,12750.0,0.21,,Less Than 1/4 Acre Lot,RESIDENTIAL,,Unimproved Agri/Recreatn/Moblhome,False,County Road,9147.6,Single-family,False,< 0.25 ac,12750.0,1.3938082119900301,False,False,False,False,False,False,False,False
Sold,R11109182,5940 Florida Other,Tbd Holly Springs,Compass Lake Hills,COMPASS LAKE HILLS,12300.0,12300.0,1.29,,"1 To Less Than 2 Acre Lot, Corner Lot",RES,,Unimproved Agri/Recreatn/Moblhome,False,,56192.4,Single-family,False,1–2 ac,12300.0,0.21889081085698422,True,False,False,False,False,False,False,False
Sold,A11962864,5940 Florida Other,0 DUNFORD CIR,Paradise Lakes,PARADISE LAKES,12000.0,12000.0,0.92,39900.0,,,Zoned Residential,Residential,False,,39900.0,Single-family,False,0.75–1 ac,12000.0,0.3007518796992481,False,False,False,False,False,False,False,False
Sold,F10540435,5940 Florida Other,1 Sarasota Drive,Indian Lake Estates,INDIAN LAKE ESTATES,10000.0,10000.0,0.5213,,1/2 To Less Than 3/4 Acre Lot,,Zoned Residential,Unimproved Agri/Recreatn/Moblhome,False,,22707.827999999998,Single-family,False,0.5–0.75 ac,10000.0,0.4403767722743012,False,False,False,False,False,False,False,False
Sold,F10538960,5940 Florida Other,1 Key West Drive,Indian Lake Estates,INDIAN LAKE ESTATES,10000.0,10000.0,0.5,21797.0,"1/2 To Less Than 3/4 Acre Lot, Less Than 1 Acre",pud,Zoned Residential,Unimproved Agri/Recreatn/Moblhome,False,Private Road,21797.0,Single-family,False,0.5–0.75 ac,10000.0,0.45877873101803,False,False,False,False,False,False,False,False
Sold,R11108187,5940 Florida Other,2013 Andros Street,Orange Blossom Est,ORANGE BLOSSOM EST UNIT 1,5100.0,5100.0,,,Less Than 1/4 Acre Lot,R1A,,Single,False,City/County Maintained,,Single-family,False,< 0.25 ac,5100.0,,False,False,False,False,False,False,False,False
Sold,A11310492,5940 Florida Other,14294 Moonfish Ct,Rotonda Villas,ROTONDA VILLAS,11500.0,11500.0,0.18,7800.0,Less Than 1/4 Acre Lot,,Zoned Residential,Residential,False,,7800.0,Single-family,False,< 0.25 ac,11500.0,1.4743589743589745,False,False,False,False,False,False,False,False
Sold,T20054128,7070,1211 N 16th CT,,,10500.0,10500.0,0.0592,,,,,Single,False,,2578.752,,False,< 0.25 ac,10500.0,4.071737026282481,False,False,False,False,False,False,False,False
Sold,R11159099,7070,1211 N 16th Court,Highland Park Subdivision,HIGHLAND PARK SUBDIVISION,10500.0,10500.0,0.0592,,"Less Than 1/4 Acre Lot, Less Than 1 Acre, West Of US 1",Medium,,Unimproved Agri/Recreatn/Moblhome,False,City/County Maintained,2578.752,,False,< 0.25 ac,10500.0,4.071737026282481,False,False,False,False,False,False,False,True
Sold,A11631313,5940 Florida Other,NEW PORT RICHEY HELENA ST,Moon Lake Estates,MOON LAKE ESTATES,10000.0,10000.0,0.1945,,,,Zoned Residential,Residential,False,,8472.42,Single-family,False,< 0.25 ac,10000.0,1.1803003156123044,False,False,False,False,False,False,False,False
Sold,R11090997,5940 Florida Other,182 Millican Road,Rio De St Johns,RIO DE ST JOHNS,10900.0,10900.0,0.26,,,RES,,Single,False,,11325.6,Single-family,False,0.25–0.5 ac,10900.0,0.9624214169668714,False,False,False,False,False,False,False,False
Sold,R11090996,5940 Florida Other,180 Millican Road,Rio De St Johns,RIO DE ST JOHNS,12200.0,12200.0,0.26,,1/4 To Less Than 1/2 Acre Lot,RES,,Unimproved Agri/Recreatn/Moblhome,False,,11325.6,Single-family,False,0.25–0.5 ac,12200.0,1.077205622660168,False,False,False,False,False,False,False,False
Sold,A11934269,5940 Florida Other,0 Southwest 2nd Place,Rainbow Park,RAINBOW PARK UNIT 8,10000.0,10000.0,0.26,,,,Zoned Residential,Residential,False,,11325.6,Single-family,False,0.25–0.5 ac,10000.0,0.8829554284099739,False,False,False,False,False,False,False,False
Sold,A11902929,5940 Florida Other,433 CLAREMONT AVE,Placid Lakes,PLACID LAKES,10000.0,10000.0,0.3,,Less Than 1/4 Acre Lot,,Zoned Residential,Other,False,,13068.0,Single-family,False,< 0.25 ac,10000.0,0.7652280379553107,False,False,False,False,False,False,False,False
Sold,F10492651,5940 Florida Other,Lot 5 BLK 341 Blk 341 Palm Beach Drive,Indian Lake Estates,INDIAN LAKE ESTATES,9800.0,9800.0,0.5,21800.0,1/2 To Less Than 3/4 Acre Lot,,Zoned Residential,Unimproved Agri/Recreatn/Moblhome,False,Private Road,21800.0,Single-family,False,0.5–0.75 ac,9800.0,0.44954128440366975,False,False,False,False,False,False,False,False
Sold,R11100189,5940 Florida Other,512 Dogwood Avenue,Paradise Lakes,PARADISE LAKES SUB,9000.0,9000.0,0.23,,Less Than 1/4 Acre Lot,R2,,Single,False,,10018.800000000001,Single-family,False,< 0.25 ac,9000.0,0.8983111749910168,False,False,False,False,False,False,False,False
Sold,B26003913,5940 Florida Other,6280 Bowdoin Avenue,Highridge Estates,HIGHRIDGE ESTATES,8000.0,8000.0,0.34,,"1/4 To Less Than 1/2 Acre Lot, Less Than 1 Acre",00,,Unimproved Agri/Recreatn/Moblhome,False,Gravel/Lime Rock Road,14810.400000000001,,False,0.25–0.5 ac,8000.0,0.5401609679684546,False,False,False,False,False,False,False,False
Sold,A11927088,5940 Florida Other,3517 Green Acre Way,Buchanans Green Acres,BUCHANANS GREEN ACRES,20000.0,20000.0,0.2571,11200.0,,,Zoned Residential,Other,False,,11200.0,Single-family,False,0.25–0.5 ac,20000.0,1.7857142857142858,False,False,False,False,False,False,False,False
Sold,R11137259,5940 Florida Other,234 1st Way,Oak Ridge Park,OAK RIDGE PARK,9000.0,9000.0,0.11,,Less Than 1/4 Acre Lot,Residential,,Unimproved Agri/Recreatn/Moblhome,False,Paved Road,4791.6,Single-family,False,< 0.25 ac,9000.0,1.8782870022539442,False,False,False,False,False,False,False,False
Sold,R11137258,5940 Florida Other,232 1st Way,Oak Ridge Park,OAK RIDGE PARK,9000.0,9000.0,0.11,,Less Than 1/4 Acre Lot,Residential,,Unimproved Agri/Recreatn/Moblhome,False,"Gravel/Lime Rock Road, Paved Road",4791.6,Single-family,False,< 0.25 ac,9000.0,1.8782870022539442,False,False,False,False,False,False,False,False
Sold,A11903682,5940 Florida Other,MOMENCE CT-Alford MOMENCE CT,Compass Lake Hills,COMPASS LAKE HILLS,9000.0,9000.0,1.518,,,,Zoned Residential,Residential,False,,66124.08,Single-family,False,1–2 ac,9000.0,0.1361077537865177,False,False,False,False,False,False,False,False
Sold,R11121869,5940 Florida Other,3362 Rhododendron Road,Leisure Lakes,LEISURE LAKES SEC 17,9400.0,9400.0,,,,R1,,Single,False,Public Road,,Single-family,False,,9400.0,,False,False,False,False,False,False,False,False
Sold,A11703575,5940 Florida Other,0 Red Plum Ln,Oakwood Hills,OAKWOOD HILLS 11,9000.0,9000.0,1.031,,,,Zoned Residential,Residential,True,,44910.35999999999,Single-family,False,1–2 ac,9000.0,0.2003991951968321,False,False,False,False,False,False,False,False
Sold,R11152436,5940 Florida Other,00 Riverside Trail,Hoot Owl,HOOT OWL,7999.0,7999.0,,,Less Than 1/4 Acre Lot,R2,,Unimproved Agri/Recreatn/Moblhome,False,,,Single-family,False,< 0.25 ac,7999.0,,False,False,False,False,False,False,False,False
Sold,R11152425,5940 Florida Other,1256 Kumquat Street,Leisure Lakes,LEISURE LAKES SEC 07,9999.0,9999.0,0.2296,,Less Than 1/4 Acre Lot,R1,,Unimproved Agri/Recreatn/Moblhome,False,,10001.376,Single-family,False,< 0.25 ac,9999.0,0.9997624326892619,False,False,False,False,False,False,False,False
Sold,F10524611,,15893 NW 302nd St,Prairie,THE PRAIRIE,9500.0,9500.0,1.31,65340.0,,,Zoned Residential,Other,False,,65340.0,Single-family,False,1–2 ac,9500.0,0.14539332721150902,False,False,False,False,False,False,False,False
Sold,A11996203,5940 Florida Other,11147 W State Park ST,Crystal Lake,CRYSTAL LAKE,9088.0,9088.0,0.5956,,,,Zoned Residential,Residential,False,,25944.336,Single-family,False,0.5–0.75 ac,9088.0,0.3502884020620146,False,False,False,False,False,False,False,False
Sold,A11954227,5940 Florida Other,unnumbered Ocean Street,Palatka,PALATKA,9000.0,9000.0,7405.0,,,,Zoned Residential,Residential,False,,7405.0,Single-family,False,< 0.25 ac,9000.0,1.2153950033760972,False,False,False,False,False,False,False,False
Sold,A11808171,5940 Florida Other,2221 NW 12th St,Cape Coral,CAPE CORAL,9000.0,9000.0,0.11,5009.0,,Residential,Zoned Residential,Residential,False,,5009.0,Single-family,False,< 0.25 ac,9000.0,1.7967658215212616,False,False,False,False,False,False,False,False
Sold,A11854005,5940 Florida Other,105 Colebrook Ave,Sun Lakes East Side,SUN N LAKES L.P. EAST SIDE,8000.0,8000.0,0.23,10000.0,Less Than 1/4 Acre Lot,R1,Zoned Residential,Residential,False,,10000.0,Single-family,False,< 0.25 ac,8000.0,0.8,False,False,False,False,False,False,False,False
Sold,A11813059,5940 Florida Other,1401 RUTLEDGE AVE,Highlands Park Est,HIGHLANDS PARK EST SEC J,7250.0,7250.0,0.2583,,,,Zoned Residential,Residential,False,,11251.547999999999,Single-family,False,0.25–0.5 ac,7250.0,0.6443557810889666,False,False,False,False,False,False,False,False
Sold,A11813041,5940 Florida Other,1403 RUTLEDGE,Highlands Park Est,HIGHLANDS PARK EST SEC J,7250.0,7250.0,0.2583,,,,Zoned Residential,Residential,False,,11251.547999999999,Single-family,False,0.25–0.5 ac,7250.0,0.6443557810889666,False,False,False,False,False,False,False,False
Sold,R11117928,5990 Global Outside US,0 Hickory Nut Trail Trail,St Johns Riverside Estates,ST JOHNS RIVERSIDE ESTATES,7000.0,7000.0,0.28,,1/4 To Less Than 1/2 Acre Lot,res,,Unimproved Agri/Recreatn/Moblhome,False,,12196.800000000001,Single-family,False,0.25–0.5 ac,7000.0,0.573921028466483,False,False,False,False,False,False,False,False
Sold,A11838986,5940 Florida Other,0 McCALL ST,Interlachen Lakes Estates,INTERLACHEN LAKES ESTATES,7000.0,7000.0,0.31,13397.0,,,Zoned Residential,Residential,False,,13397.0,Single-family,False,0.25–0.5 ac,7000.0,0.5225050384414421,False,False,False,False,False,False,False,False
Sold,R11109223,5940 Florida Other,512 Oakcrest Drive,Interlachen Villas,INTERLACHEN VILLAS,8100.0,8100.0,0.25,,1/4 To Less Than 1/2 Acre Lot,RES,,Unimproved Agri/Recreatn/Moblhome,False,,10890.0,Single-family,False,0.25–0.5 ac,8100.0,0.743801652892562,False,False,False,False,False,False,False,False
Sold,A11894551,5940 Florida Other,0 NE 62ND ST,Oak Ridge Estates,OAK RIDGE ESTATES,7000.0,7000.0,0.23,10019.0,,,Zoned Residential,Residential,False,,10019.0,Single-family,False,< 0.25 ac,7000.0,0.6986725222078052,False,False,False,False,False,False,False,False
Sold,R11108190,5940 Florida Other,499 Devotion Drive,Sun Lk Lp,SUN N LK LP UNIT 17,6500.0,6500.0,,,Less Than 1/4 Acre Lot,R1,,Single,False,City/County Maintained,,Single-family,False,< 0.25 ac,6500.0,,False,False,False,False,False,False,False,False
Sold,A11839033,5940 Florida Other,109 RANDALL DR,St Johns Riverside Estates,ST JOHNS RIVERSIDE ESTATES,8000.0,8000.0,0.23,10019.0,,,Zoned Residential,Residential,False,,10019.0,Single-family,False,< 0.25 ac,8000.0,0.7984828825232059,False,False,False,False,False,False,False,False
Sold,A11838957,5940 Florida Other,0 McCALL ST,Interlachen Lakes Estates,INTERLACHEN LAKES ESTATES,7000.0,7000.0,0.23,10125.0,,R-2,Zoned Residential,Residential,False,,10125.0,Single-family,False,< 0.25 ac,7000.0,0.691358024691358,False,False,False,False,False,False,False,False
Sold,R11103522,5940 Florida Other,3024 Valerie Boulevard,Sebring Ridge,SEBRING RIDGE SEC A,5000.0,5000.0,0.26,,,R1,,Single,False,"City/County Maintained, Paved Road, Public Road",11325.6,Single-family,False,0.25–0.5 ac,5000.0,0.44147771420498694,False,False,False,False,False,False,False,False
Sold,A11881244,5940 Florida Other,117 E M L KING JR BLVD,Unknown,UNKNOWN,7000.0,7000.0,0.24,10411.0,,,Zoned Residential,Residential,False,,10411.0,Single-family,False,< 0.25 ac,7000.0,0.6723657669772356,False,False,False,False,False,False,False,False
Sold,A11922031,31,4 No Address,Flamingo Village,FLAMINGO VILLAGE RESUB,2700.0,2700.0,0.031,1361.0,,¤0100,Zoned Residential,Residential,False,,1361.0,Single-family,False,< 0.25 ac,2700.0,1.9838354151359294,False,False,False,False,False,False,False,False
Sold,A11935849,5940 Florida Other,XXX Broadway Ave,Lehigh,LEHIGH,5000.0,5000.0,0.42,,,,Zoned Residential,Residential,False,,18295.2,Single-family,False,0.25–0.5 ac,5000.0,0.2732957278411824,False,False,False,False,False,False,False,False
Sold,A11888349,5940 Florida Other,Lot 4 NE 156th Ct,Williston Highlands Golf,WILLISTON HIGHLANDS GOLF &,7000.0,7000.0,0.23,10019.0,Less Than 1/4 Acre Lot,Res,Zoned Residential,Residential,False,"Legal Access Road, City/County Maintained, Public Road",10019.0,Single-family,False,< 0.25 ac,7000.0,0.6986725222078052,False,False,False,False,False,False,False,False
Sold,A11888309,5940 Florida Other,Lot 11 NE 155th Ter,Williston Highlands Golf,WILLISTON HIGHLANDS GOLF &,7000.0,7000.0,0.23,10019.0,Less Than 1/4 Acre Lot,Res,Zoned Residential,Residential,False,"Legal Access Road, City/County Maintained, Public Road",10019.0,Single-family,False,< 0.25 ac,7000.0,0.6986725222078052,False,False,False,False,False,False,False,False
Sold,F10515855,5940 Florida Other,118 N Carolina Dr,St Johns Riverside Estate,ST JOHNS RIVERSIDE ESTATE,7000.0,7000.0,0.46,20038.0,,,Zoned Residential,Residential,False,,20038.0,Single-family,False,0.25–0.5 ac,7000.0,0.3493362611039026,False,False,False,False,False,False,False,False
Sold,A11971236,5940 Florida Other,0 KUDER RANCH RD,Devonwood,DEVONWOOD,6000.0,6000.0,1.22,,,,Zoned Residential,Residential,False,,53143.2,Single-family,False,1–2 ac,6000.0,0.11290249740324257,False,False,False,False,False,False,False,False
Sold,F10506177,5940 Florida Other,112 Hickory Circle,Interlachen Lakes Estates,INTERLACHEN LAKES ESTATES,6000.0,6000.0,0.35,,,,Zoned Residential,Unimproved Agri/Recreatn/Moblhome,False,,15245.999999999998,Single-family,False,0.25–0.5 ac,6000.0,0.39354584809130266,False,False,False,False,False,False,False,False
Sold,R11142344,5940 Florida Other,243 Iowa Avenue,Cooper Lake Estates,COOPER LAKE ESTATES,5900.0,5900.0,0.21,,Less Than 1/4 Acre Lot,R-2,,Single,False,,9147.6,Single-family,False,< 0.25 ac,5900.0,0.6449779177051904,False,False,False,False,False,False,False,False
Sold,R11109201,5940 Florida Other,206 Wales Street,Interlachen Lakes Estates,INTERLACHEN LAKES ESTATES,5000.0,5000.0,0.23,,Less Than 1/4 Acre Lot,R-2,,Unimproved Agri/Recreatn/Moblhome,False,,10018.800000000001,Single-family,False,< 0.25 ac,5000.0,0.4990617638838982,False,False,False,False,False,False,False,False
Sold,A11978620,5940 Florida Other,N/A N/A,,,4500.0,4500.0,1.1,,,,Zoned Residential,Residential,False,,47916.00000000001,Single-family,False,1–2 ac,4500.0,0.0939143501126972,False,False,False,False,False,False,False,False
Sold,A11935874,5940 Florida Other,1203 E 4TH ST,Lehigh Acres,LEHIGH ACRES,4900.0,4900.0,0.35,,,,Zoned Residential,Residential,True,,15245.999999999998,Single-family,False,0.25–0.5 ac,4900.0,0.32139577594123053,False,False,False,False,False,False,False,False
Sold,A11922017,59,2 No Address,Aristotle Phase,ARISTOTLE SUB PHASE I,4500.0,4500.0,0.011,479.0,,¤0101,Zoned Residential,Residential,False,,479.0,Single-family,False,< 0.25 ac,4500.0,9.394572025052192,False,False,False,False,False,False,False,False
Sold,F10544353,5940 Florida Other,0 Holopaw Groves Road,Hp Holopaw,HP215 HOLOPAW,4500.0,4500.0,0.15,6534.0,Less Than 1/4 Acre Lot,Rural,Zoned Residential,Unimproved Agri/Recreatn/Moblhome,False,,6534.0,Single-family,False,< 0.25 ac,4500.0,0.6887052341597796,False,False,False,False,False,False,False,False
Sold,A11970045,50,6200 SW 152nd St,Royal Hrb Yacht Cl Marina,ROYAL HRB YACHT CL MARINA,3400.0,3400.0,0.03,,Less Than 1/4 Acre Lot,¤6200,Boat Dock or Dockominium,Other,True,Other Road,1306.8,Dock,True,< 0.25 ac,3400.0,2.6017753290480563,False,False,False,False,False,False,False,False
Sold,A11961139,22,"3575 Mystic Pointe Dr, Slip 45",Mystic Pointe Marina Cond,MYSTIC POINTE MARINA COND,1600.0,1600.0,0.0,,Less Than 1/4 Acre Lot,¤5000,Boat Dock or Dockominium,Dockominium,True,Public Road,,Dock,True,< 0.25 ac,1600.0,,False,False,False,False,False,False,False,False
Sold,R11072349,5100,3232 Casseekey Island Road,Casseekey Isles Dock Cond,CASSEEKEY ISLAND DOCK COND,2000.0,2000.0,0.0021,,1/4 To Less Than 1/2 Acre Lot,,,,True,,91.476,,False,0.25–0.5 ac,2000.0,21.86365822729459,False,False,False,False,False,False,False,False
Sold,A11995558,12,"3575 Mystic Pointe Dr, 118",Mystic Pointe Marina Cond,MYSTIC POINTE MARINA COND,1150.0,1150.0,0.0,,Less Than 1/4 Acre Lot,¤5000,Boat Dock or Dockominium,Dockominium,True,Legal Access Road,,Dock,True,< 0.25 ac,1150.0,,False,False,False,False,False,False,False,False
Sold,R11125745,4180,7432 NE Orchid Bay Terrace,Boca Bay Colony,BOCA BAY COLONY,1200.0,1200.0,0.0021,,1/4 To Less Than 1/2 Acre Lot,,,,True,,91.476,,False,0.25–0.5 ac,1200.0,13.118194936376755,False,False,False,False,False,False,False,False
Sold,A11922009,21,1 No Address,Arch Creeks Estates,ARCH CREEKS ESTATES,100.0,100.0,0.007,300.0,,¤5700,Zoned Residential,Residential,False,,300.0,Single-family,False,< 0.25 ac,100.0,0.3333333333333333,False,False,False,False,False,False,False,False
Sold,A11922024,30,3 No Address,Smith Terrace,SMITH TERRACE,700.0,700.0,0.003,137.0,,¤5700,Zoned Residential,Residential,False,,130.68,Single-family,False,< 0.25 ac,700.0,5.356596265687174,False,False,False,False,False,False,False,False
Sold,R11162067,7040,Tbd Kenwood Road,Lakewood Park,LAKEWOOD PARK UNIT 10,800.0,800.0,0.36,,"1/2 To Less Than 3/4 Acre Lot, Corner Lot",RS-4Co,,Unimproved Agri/Recreatn/Moblhome,False,"County Road, Paved Road, Public Road",15681.599999999999,Single-family,False,0.5–0.75 ac,800.0,0.05101520253035405,True,False,False,False,False,False,False,False
Sold,A11914862,3280,"76 Isle Of Venice Dr, DOCK",Isles Venice Co Op,76 ISLE OF VENICE CO-OP,500.0,500.0,0.0,,East Of US 1,¤RMM-25,Boat Dock or Dockominium,Residential,True,"City/County Maintained, Paved Road",,Dock,True,,500.0,,False,False,False,False,False,False,True,False
Sold,A12003006,32,8425 Crespi Blvd,Biscayne Bch,BISCAYNE BCH SUB,250.0,250.0,1.0,12650.0,Less Than 1/4 Acre Lot,¤3900,Boat Dock or Dockominium,Dockominium,True,Other Road,12650.0,Dock,True,< 0.25 ac,250.0,0.019762845849802372,False,False,False,False,False,False,False,False
Pending,A11987591,42,93 Palm Ave,Palm Isles,PALM ISLAND,23500000.0,,0.0,30000.0,,¤2200,Zoned Residential,Residential,True,,30000.0,Single-family,False,0.5–0.75 ac,23500000.0,783.3333333333334,False,False,False,False,False,False,False,False
Pending,A10760403,32,1255 WEST AV,Miami Beach,MIAMI BEACH,19900000.0,,0.33,17250.0,1/4 To Less Than 1/2 Acre Lot,40/MUL M,Zoned Multifamily,Residential,False,City/County Maintained,17250.0,Multifamily,False,0.25–0.5 ac,19900000.0,1153.623188405797,False,False,False,False,False,False,False,False
Pending,A11961506,3112,1105 Hillsboro Mile,Hillsboro Mile,HILLSBORO MILE,17000000.0,,0.96,,3/4 To Less Than 1 Acre Lot,,Zoned Residential,Residential,True,,41817.6,Single-family,False,0.75–1 ac,17000000.0,406.5273951637588,False,False,False,False,False,False,False,False
Pending,B26003619,5001,240 Tangier Avenue,Tangier Est,TANGIER EST,12500000.0,,0.39,,"1/4 To Less Than 1/2 Acre Lot, Less Than 1 Acre, Oversized Lot",R-B (city),,Unimproved Agri/Recreatn/Moblhome,False,Paved Road,16988.4,,False,0.25–0.5 ac,12500000.0,735.7961903416448,False,False,False,False,True,False,False,False
Pending,A11807918,98 Florida Keys,721 W Ocean Dr,Stevens,STEVENS SUB,9198000.0,,2.0,,4 To Less Than 5 Acre Lot,is,Zoned Residential,Residential,True,,87120.0,Single-family,False,4–5 ac,9198000.0,105.57851239669421,False,False,False,False,False,False,False,False
Pending,B26034052,5940 Florida Other,1331 Ponte Vedra Boulevard,,,7000000.0,,1.48,,"1 To Less Than 2 Acre Lot, East Of US 1, Oversized Lot",Vac Res (0000),,Unimproved Agri/Recreatn/Moblhome,True,"City/County Maintained, Paved Road",64468.799999999996,,False,1–2 ac,7000000.0,108.57965403419949,False,False,False,False,True,False,True,False
Pending,R10962548,6311 Indian River – Beach City,1746 Ocean Drive,Riomar Subdivision,RIOMAR SUBDIVISION PLAT NO,6995000.0,,0.99,,1/2 To Less Than 3/4 Acre Lot,R-1AA,,Unimproved Agri/Recreatn/Moblhome,True,Paved Road,43124.4,Single-family,False,0.5–0.75 ac,6995000.0,162.20515531810298,False,False,False,False,False,False,False,False
Pending,B26048911,3170,2552 Mercedes Drive,Harbor Beach,HARBOR BEACH,5960000.0,,0.3,,"1/4 To Less Than 1/2 Acre Lot, Less Than 1 Acre",RS-4.4,,Unimproved Agri/Recreatn/Moblhome,True,,13068.0,Single-family,False,0.25–0.5 ac,5960000.0,456.07591062136515,False,False,False,False,False,False,False,False
Pending,A11850551,22,10201 E Broadview Dr,Bay Harbor Isles,BAY HARBOR ISLAND,5900000.0,,0.26,11250.0,1/4 To Less Than 1/2 Acre Lot,¤0100,Zoned Residential,Residential,True,,11250.0,Single-family,False,0.25–0.5 ac,5900000.0,524.4444444444445,False,False,False,False,False,False,False,False
Pending,A11996482,3160,1651 N Ft Lauderdale Beach Blvd,Las Olas,LAS OLAS BY THE SEA EXT,5900000.0,,0.35,8925.0,,¤RS-8,Zoned Residential,Residential,True,,8925.0,Single-family,False,< 0.25 ac,5900000.0,661.0644257703082,False,False,False,False,False,False,False,False
Pending,A12042652,41,5110 SW 80th St,Kingsleys,KINGSLEYS SUB,5300000.0,,0.89,38804.0,,¤2300,Zoned Residential,Residential,False,,38804.0,Single-family,False,0.75–1 ac,5300000.0,136.58385733429543,False,False,False,False,False,False,False,False
Pending,A11985831,32,1095 NE 83rd St,Ademar Park Pl,ADEMAR PARK AMD PL,4999900.0,,0.546,23794.0,1/2 To Less Than 3/4 Acre Lot,¤0100,Zoned Residential,Residential,True,Public Road,23794.0,Single-family,False,0.5–0.75 ac,4999900.0,210.1328065898966,False,False,False,False,False,False,False,False
Pending,R11117637,5790,8946 Sea Chase Drive,Palm Beach Farms Co Pl,PALM BEACH FARMS CO PL NO,4999000.0,,10.0,,5 To Less Than 10 Acre Lot,RS,,,True,Private Road,435600.0,Single-family,False,5–10 ac,4999000.0,11.476124885215794,False,False,False,False,False,False,False,False
Pending,B26048910,3280,26 Pelican Drive,Pelican Isles,PELICAN ISLE,4950000.0,,0.3,,"1/4 To Less Than 1/2 Acre Lot, Less Than 1 Acre",RS-4.4,,Unimproved Agri/Recreatn/Moblhome,True,,13068.0,Single-family,False,0.25–0.5 ac,4950000.0,378.7878787878788,False,False,False,False,False,False,False,False
Pending,B26005686,3240,71 Bay Colony Drive,Bay Colony,BAY COLONY,4500000.0,,0.32,,"1/4 To Less Than 1/2 Acre Lot, Less Than 1 Acre",RS-4.4,,Unimproved Agri/Recreatn/Moblhome,True,"Paved Road, Private Road",13939.2,Single-family,False,0.25–0.5 ac,4500000.0,322.8305785123967,False,False,False,False,False,False,False,False
Pending,F10528750,3200,14390 Mustang Trail,Sunshine Ranches,SUNSHINE RANCHES,4449000.0,,4.6899,204296.0,"4 To Less Than 5 Acre Lot, Interior Lot",RR,Zoned Residential,Unimproved Agri/Recreatn/Moblhome,True,Paved Road,204296.0,Single-family,False,4–5 ac,4449000.0,21.777225202647138,False,False,True,False,False,False,False,False
Pending,A11832619,32,2121 Regatta Ave,Sunset Isles,SUNSET ISLANDS - ISLAND N,3999000.0,,0.1653,7200.0,Less Than 1/4 Acre Lot,¤0100,Zoned Residential,Residential,False,,7200.0,Single-family,False,< 0.25 ac,3999000.0,555.4166666666666,False,False,False,False,False,False,False,False
Pending,A12018875,3030,1051 S Southlake Dr,Hollywood Lakes Section,HOLLYWOOD LAKES SECTION,3999000.0,,0.4,17552.0,,¤RS-9,Zoned Residential,Residential,True,,17552.0,Single-family,False,0.25–0.5 ac,3999000.0,227.83728350045578,False,False,False,False,False,False,False,False
Pending,B26026965,5440,333 Murray Road,Lakewood,LAKEWOOD,3995000.0,,0.29,,"1/4 To Less Than 1/2 Acre Lot, Less Than 1 Acre",SF14 (city),,Unimproved Agri/Recreatn/Moblhome,False,Paved Road,12632.4,Single-family,False,0.25–0.5 ac,3995000.0,316.2502770653241,False,False,False,False,False,False,False,False
Pending,A11982658,32,5215 Biscayne Blvd,Bayshore Plaza,BAYSHORE PLAZA UNIT NO 2,3800000.0,,13970.0,13970.0,,¤4801,Zoned Multifamily,Residential,False,,13970.0,Multifamily,False,0.25–0.5 ac,3800000.0,272.0114531138153,False,False,False,False,False,False,False,False
Pending,A11995755,49,6375 SW 125th Ave,,0,3750000.0,,4.32,188179.0,4 To Less Than 5 Acre Lot,¤8900,Zoned Residential,Residential,False,,188179.0,Single-family,False,4–5 ac,3750000.0,19.927834668055414,False,False,False,False,False,False,False,False
Pending,B26017902,5440,260 E Lakewood Road,Lakewood,LAKEWOOD,3750000.0,,0.2796,,"1/4 To Less Than 1/2 Acre Lot, Corner Lot, Less Than 1 Acre",SF14 (city),,Unimproved Agri/Recreatn/Moblhome,False,"City/County Maintained, Paved Road",12179.376,Single-family,False,0.25–0.5 ac,3750000.0,307.89754746055957,True,False,False,False,False,False,False,False
Pending,R11159543,4120,25 Sabal Island Drive,Mccormick Mile,MCCORMICK MILE,3595000.0,,0.3209,,"1/4 To Less Than 1/2 Acre Lot, Less Than 1 Acre",RSF,,Unimproved Agri/Recreatn/Moblhome,True,City/County Maintained,13978.404,Single-family,False,0.25–0.5 ac,3595000.0,257.1824365642887,False,False,False,False,False,False,False,False
Pending,T20044896,6341 Indian River – Southeast County,605 9th Street,,,3200000.0,,10.0,,,Commerci,,Other,False,,435600.0,,False,10+ ac,3200000.0,7.3461891643709825,False,False,False,False,False,False,False,False
Pending,A12005995,32,1051 NE 83rd St,Ademar Park Pl,ADEMAR PARK AMD PL,2950000.0,,0.34,14744.0,1/4 To Less Than 1/2 Acre Lot,¤0100,Zoned Residential,Residential,True,,14744.0,Single-family,False,0.25–0.5 ac,2950000.0,200.08138903960932,False,False,False,False,False,False,False,False
Pending,R11092953,5100,18189 49th Terrace,Loxahatchee River,LOXAHATCHEE RIVER,2900000.0,,0.43,,"1/4 To Less Than 1/2 Acre Lot, West Of US 1",RES,,Unimproved Agri/Recreatn/Moblhome,True,Paved Road,18730.8,Single-family,False,0.25–0.5 ac,2900000.0,154.8252076793303,False,False,False,False,False,False,False,True
Pending,A11995336,41,1630 S Bayshore Dr,Glencoe,GLENCOE A SUB,2500000.0,,0.207,9036.0,Less Than 1/4 Acre Lot,¤0100,Zoned Residential,Residential,False,,9036.0,Single-family,False,< 0.25 ac,2500000.0,276.6710934041611,False,False,False,False,False,False,False,False
Pending,A12014500,32,1101 NE 83rd,Bayshore Estates,BAYSHORE ESTATES,2450000.0,,0.2893,,Less Than 1/4 Acre Lot,0100/SINGLE FAMILY,Zoned Residential,Residential,True,Paved Road,12601.908,Single-family,False,< 0.25 ac,2450000.0,194.41500445805508,False,False,False,False,False,False,False,False
Pending,A12014113,32,1121 NE 83rd st,Bayshore Estates,BAYSHORE ESTATES,2450000.0,,0.2893,,Less Than 1/4 Acre Lot,,Zoned Residential,Residential,True,City/County Maintained,12601.908,Single-family,False,< 0.25 ac,2450000.0,194.41500445805508,False,False,False,False,False,False,False,False
Pending,A12014045,32,1131 NE 83rd,Bayshore Estates,BAYSHORE ESTATES,2450000.0,,0.2893,,,,Zoned Residential,Residential,True,,12601.908,Single-family,False,0.25–0.5 ac,2450000.0,194.41500445805508,False,False,False,False,False,False,False,False
Pending,A11771596,41,2960 Whitehead Street,Mundys,MUNDYS,2400000.0,,0.2204,9600.0,"1/4 To Less Than 1/2 Acre Lot, East Of US 1, Oversized Lot",¤5700,Zoned Duplex,Residential,False,Paved Road,9600.0,Duplex,False,0.25–0.5 ac,2400000.0,250.0,False,False,False,False,True,False,True,False
Pending,A11896675,3880,2045 SW 127th Ave,Flamingo Groves,FLAMINGO GROVES,2250000.0,,4.45,233727.0,4 To Less Than 5 Acre Lot,¤A-1,Zoned Residential,Residential,False,,233727.0,Single-family,False,4–5 ac,2250000.0,9.626615666996111,False,False,False,False,False,False,False,False
Pending,R10896148,5440,6508 Washington Road,Gladeport Trs Thru,GLADEPORT TRS E THRU H,2050000.0,,0.264,,1/4 To Less Than 1/2 Acre Lot,SF7(ci,,Unimproved Agri/Recreatn/Moblhome,False,City/County Maintained,11499.84,Single-family,False,0.25–0.5 ac,2050000.0,178.26334975095307,False,False,False,False,False,False,False,False
Pending,T20051759,6050,36 S Sewalls Point Road,,,2000000.0,,0.974,,,resident,,Single,True,,42427.44,Single-family,False,0.75–1 ac,2000000.0,47.13930418615877,False,False,False,False,False,False,False,False
Pending,A12029300,40,7931 SW 59th Ave,Davis Highlands,DAVIS HIGHLANDS,1950000.0,,0.29,12800.0,1/4 To Less Than 1/2 Acre Lot,¤0800,Zoned Residential,Residential,False,,12800.0,Single-family,False,0.25–0.5 ac,1950000.0,152.34375,False,False,False,False,False,False,False,False
Pending,B26010520,6120,1500 SE Cove Road,Waco Field Place,WACO FIELD PLACE,1950000.0,,2.38,,"2 To Less Than 3 Acre Lot, Corner Lot",RES M A-1 FARMS,,Unimproved Agri/Recreatn/Moblhome,False,"County Road, City/County Maintained, Paved Road, Private Road",103672.79999999999,Single-family,False,2–3 ac,1950000.0,18.80917656318726,True,False,False,False,False,False,False,False
Pending,F10548066,3600,1104 S Rio Vista Boulevard,Rio Vista,RIO VISTA ISLES,1850000.0,,0.18,8014.0,Less Than 1/4 Acre Lot,RS-8,Zoned Residential,Unimproved Agri/Recreatn/Moblhome,True,,8014.0,Single-family,False,< 0.25 ac,1850000.0,230.8460194659346,False,False,False,False,False,False,False,False
Pending,B26036846,4260,498 NE 14th Street,Whisem,WHISEM UNIT B,1650000.0,,0.2273,,"Less Than 1/4 Acre Lot, Less Than 1 Acre",R1D (city),,Unimproved Agri/Recreatn/Moblhome,False,Other Road,9901.188,Single-family,False,< 0.25 ac,1650000.0,166.6466690663787,False,False,False,False,False,False,False,False
Pending,A11974147,28,19401 SW 264th St,,X,1600000.0,,5.0,217800.0,,¤9000,Zoned Residential,Residential,False,,217800.0,Single-family,False,5–10 ac,1600000.0,7.3461891643709825,False,False,False,False,False,False,False,False
Pending,A11885564,31,181 NW 41st St,Buena Vista Heights Addn,BUENA VISTA HEIGHTS ADDN,1500000.0,,0.33,14400.0,,¤4801,Zoned Multifamily,Residential,False,,14400.0,Multifamily,False,0.25–0.5 ac,1500000.0,104.16666666666667,False,False,False,False,False,False,False,False
Pending,A12039764,50,15701 SW 187th Ave,Redland,REDLAND,1500000.0,,5.48,238709.0,,¤8900,Zoned Residential,Residential,False,,238709.0,Single-family,False,5–10 ac,1500000.0,6.2838016161937755,False,False,False,False,False,False,False,False
Pending,T20052196,7110,8605 Indian River Drive,,,1500000.0,,7.66,,,,,Single,True,,333669.60000000003,,False,5–10 ac,1500000.0,4.495464974933287,False,False,False,False,False,False,False,False
Pending,B26046880,5440,325 Franklin Road,Broadmoor,BROADMOOR,1495000.0,,0.2525,,"1/4 To Less Than 1/2 Acre Lot, Less Than 1 Acre",SF7 (city),,Unimproved Agri/Recreatn/Moblhome,False,,10998.9,Single-family,False,0.25–0.5 ac,1495000.0,135.92268317740866,False,False,False,False,False,False,False,False
Pending,R11055858,5520,3530 Aiken Ct Court,Southfields Phase Wellin,SOUTHFIELDS PHASE I WELLIN,1350000.0,,2.74,,"2 To Less Than 3 Acre Lot, Cul-De-Sac Lot",PUD—PLANNED UNI,,Unimproved Agri/Recreatn/Moblhome,False,"Paved Road, Public Road",119354.40000000001,,False,2–3 ac,1350000.0,11.310852385835796,False,True,False,False,False,False,False,False
Pending,A11842355,5940 Florida Other,1432 SILVER LAKE RD,Muse,MUSE,1290000.0,,60.0,2613600.0,,,Zoned Residential,Residential,False,,2613600.0,Single-family,False,10+ ac,1290000.0,0.4935720844811754,False,False,False,False,False,False,False,False
Pending,A12015572,31,5001 NW 1st Ave,Railway Shops Addn Nd Am,RAILWAY SHOPS ADDN 2ND AM,1200000.0,,0.2,8618.0,Less Than 1/4 Acre Lot,¤0104,Zoned Residential,Residential,False,City/County Maintained,8618.0,Single-family,False,< 0.25 ac,1200000.0,139.24344395451382,False,False,False,False,False,False,False,False
Pending,B26032974,5290,5811 Carry Back Road,Steeplechase,STEEPLECHASE,990000.0,,1.0,,"1 To Less Than 2 Acre Lot, Cul-De-Sac Lot",RE (city),,Unimproved Agri/Recreatn/Moblhome,False,Paved Road,43560.0,,False,1–2 ac,990000.0,22.727272727272727,False,True,False,False,False,False,False,False
Pending,A12031761,78,19922 SW 304th Street,,,895000.0,,4.37,190357.0,"4 To Less Than 5 Acre Lot, West Of US 1",¤9000,Zoned Residential,Residential,False,"City/County Maintained, Paved Road, Public Road",190357.0,Single-family,False,4–5 ac,895000.0,4.7016920838214515,False,False,False,False,False,False,False,True
Pending,R11156383,5040,9538 171st Street,Jupiter Farms,JUPITER FARMS,874995.0,,3.09,,"3 To Less Than 4 Acre Lot, Oversized Lot",SA,,,False,"Gravel/Lime Rock Road, Private Road",134600.4,,False,3–4 ac,874995.0,6.500686476414632,False,False,False,False,True,False,False,False
Pending,A11853648,98 Florida Keys,0 Lan Dominica Ln,Breezeswept Beach Ests,BREEZESWEPT BEACH ESTS,789900.0,,0.186,3000.0,,¤is,Zoned Residential,Residential,True,,3000.0,Single-family,False,< 0.25 ac,789900.0,263.3,False,False,False,False,False,False,False,False
Pending,A11989241,58,xxxxx SW 184 st,Redlands,REDLANDS,774999.0,,5.0,205429.0,5 To Less Than 10 Acre Lot,¤8900,Zoned Residential,Residential,True,"Legal Access Road, Public Road",205429.0,Single-family,False,5–10 ac,774999.0,3.7725880961305367,False,False,False,False,False,False,False,False
Pending,R11130576,5200,1320 Tidal Pointe Boulevard,Bluffs Marina,BLUFFS MARINA CONDO,725000.0,,13.3779,,10 Or More Acre Lot,R2 (city),,,True,,582741.324,Single-family,False,10+ ac,725000.0,1.2441197665947574,False,False,False,False,False,False,False,False
Pending,R11071458,6311 Indian River – Beach City,706 Flamevine Lane,Woodhaven Manor,WOODHAVEN MANOR,710000.0,,0.28,,"1/4 To Less Than 1/2 Acre Lot, Corner Lot",Residential,,Unimproved Agri/Recreatn/Moblhome,False,"City/County Maintained, Paved Road, Public Road",12196.800000000001,Single-family,False,0.25–0.5 ac,710000.0,58.21199003017184,True,False,False,False,False,False,False,False
Pending,A11929485,31,158 NW 39th St,Princess Park,PRINCESS PARK,700000.0,,0.11,5000.0,,¤0104,Zoned Residential,Residential,False,,5000.0,Single-family,False,< 0.25 ac,700000.0,140.0,False,False,False,False,False,False,False,False
Pending,B26026502,5600,706 N Palmway B,Lake Worth Town,LAKE WORTH TOWN OF,695000.0,,0.155,,"Less Than 1/4 Acre Lot, East Of US 1, Less Than 1 Acre",SF-R (city),,Unimproved Agri/Recreatn/Moblhome,False,Paved Road,6751.8,Single-family,False,< 0.25 ac,695000.0,102.93551349269823,False,False,False,False,False,False,True,False
Pending,A12035976,31,329 NW 48th St,Buena Vista Heights Exten,BUENA VISTA HEIGHTS EXTEN,679000.0,,0.2,7200.0,,¤0104,Zoned Residential,Residential,False,,7200.0,Single-family,False,< 0.25 ac,679000.0,94.30555555555556,False,False,False,False,False,False,False,False
Pending,R11161868,5590,3852 161st Terrace,Loxahatchee Groves,LOXAHATCHEE GROVES,675000.0,,5.27,,"3 To Less Than 4 Acre Lot, 4 To Less Than 5 Acre Lot, 5 To Less Than 10 Acre Lot",AR5,,,True,"City/County Maintained, Paved Road",229561.19999999998,Acreage / rural,False,3–4 ac,675000.0,2.9403923659573135,False,False,False,False,False,False,False,False
Pending,A12024586,3880,0000 SW 139th Ave,Paradise Farms,PARADISE FARMS,650000.0,,1.0,43560.0,,¤R-1,Zoned Residential,Residential,False,Public Road,43560.0,Single-family,False,1–2 ac,650000.0,14.921946740128558,False,False,False,False,False,False,False,False
Pending,A11927675,31,5575 NE 3rd Ave,Dixie Highway Track,DIXIE HIGHWAY TRACK,595000.0,,0.07,3050.0,,¤5700,Zoned Duplex,Residential,False,,3050.0,Duplex,False,< 0.25 ac,595000.0,195.08196721311475,False,False,False,False,False,False,False,False
Pending,A11752543,31,104 NW 59th St,High School Pk Track,HIGH SCHOOL PK TRACK,550000.0,,7800.0,7800.0,Less Than 1/4 Acre Lot,¤4600,Zoned Residential,Residential,False,,7800.0,Single-family,False,< 0.25 ac,550000.0,70.51282051282051,False,False,False,False,False,False,False,False
Pending,A12006343,5940 Florida Other,5219 SKYLART CT,Cape Coral,CAPE CORAL,540000.0,,0.23,10149.0,1/4 To Less Than 1/2 Acre Lot,,Zoned Residential,Residential,True,City/County Maintained,10149.0,Single-family,False,0.25–0.5 ac,540000.0,53.207212533254506,False,False,False,False,False,False,False,False
Pending,R11147852,5940 Florida Other,7805 21st Street,Indian River Farms Company,INDIAN RIVER FARMS COMPANY,498000.0,,10.0,,5 To Less Than 10 Acre Lot,A-2,,,False,Private Road,435600.0,Acreage / rural,False,5–10 ac,498000.0,1.143250688705234,False,False,False,False,False,False,False,False
Pending,R11157964,6100,3150 SW Briarbrook Way,Fox Grove Aka Meadow Run,FOX GROVE (AKA MEADOW RUN),479900.0,,5.04,,"3 To Less Than 4 Acre Lot, 4 To Less Than 5 Acre Lot, 5 To Less Than 10 Acre Lot, West Of US 1",RES,,Unimproved Agri/Recreatn/Moblhome,True,"Paved Road, Private Road",219542.4,Single-family,False,3–4 ac,479900.0,2.1859103298497238,False,False,False,False,False,False,False,True
Pending,A11937577,5940 Florida Other,6250 Masters Landing,Master Landings,MASTER LANDINGS,475000.0,,16.5,,10 Or More Acre Lot,ag2,Zoned Residential,Other,True,,718740.0,Single-family,False,10+ ac,475000.0,0.6608787600523137,False,False,False,False,False,False,False,False
Pending,A11840081,68,240 ST SW 213 PL,Bonanza Villas Park,BONANZA VILLAS PARK,470000.0,,1.25,55321.0,"1 To Less Than 2 Acre Lot, Corner Lot, West Of US 1",¤8900,Zoned Residential,Residential,False,"Legal Access Road, City/County Maintained, Paved Road",55321.0,Single-family,False,1–2 ac,470000.0,8.495869561287757,True,False,False,False,False,False,False,True
Pending,A12040731,3370,1128 NE 2nd Ave,Progresso,PROGRESSO,425000.0,,0.2325,10129.0,,¤RD-15,Zoned Residential,Residential,False,,10129.0,Single-family,False,< 0.25 ac,425000.0,41.958732352650806,False,False,False,False,False,False,False,False
Pending,R11137855,6352 Sebastian County,5270 94th Lane,Durrance Development,DURRANCE DEVELOPMENT,400000.0,,0.34,,"1/4 To Less Than 1/2 Acre Lot, East Of US 1",RM-6,,Unimproved Agri/Recreatn/Moblhome,True,,14810.400000000001,Multifamily,False,0.25–0.5 ac,400000.0,27.008048398422726,False,False,False,False,False,False,True,False
Pending,B26046823,5730,4401 S Haverhill Road,Unincorporated,UNINCORPORATED,399900.0,,0.91,,"1/2 To Less Than 3/4 Acre Lot, Less Than 1 Acre",AR,,,True,Paved Road,39639.6,Acreage / rural,False,0.5–0.75 ac,399900.0,10.088396452032816,False,False,False,False,False,False,False,False
Pending,A11933069,69,19425 SW 127 CT,Tropico Estates,TROPICO ESTATES,399000.0,,0.36,,1/4 To Less Than 1/2 Acre Lot,¤2100,Zoned Residential,Residential,False,Paved Road,15681.599999999999,Single-family,False,0.25–0.5 ac,399000.0,25.443832262014084,False,False,False,False,False,False,False,False
Pending,R11154586,5420,500 48th Street,North Palm Beach Pl,NORTH PALM BEACH PL 1,395000.0,,0.12,,Less Than 1/4 Acre Lot,SF7-C4—HIST.,,Unimproved Agri/Recreatn/Moblhome,False,City/County Maintained,5227.2,Single-family,False,< 0.25 ac,395000.0,75.56626874808693,False,False,False,False,False,False,False,False
Pending,A11816360,12,3601 NE 207th St #N41,Waterways Marina,WATERWAYS MARINA CONDO,380000.0,,0.0,,Less Than 1/4 Acre Lot,¤8900,Boat Dock or Dockominium,Dockominium,True,Legal Access Road,,Dock,True,< 0.25 ac,380000.0,,False,False,False,False,False,False,False,False
Pending,A12036358,58,21151 SW 160,,0,380000.0,,1.77,77101.0,,¤8900,Zoned Residential,Other,False,,77101.0,Single-family,False,1–2 ac,380000.0,4.928600147858004,False,False,False,False,False,False,False,False
Pending,R11144812,7220,158 SE Rio Angelica,Tesoro,TESORO PLAT NO 4,369000.0,,0.27,,1/4 To Less Than 1/2 Acre Lot,Residential,,Unimproved Agri/Recreatn/Moblhome,True,Private Road,11761.2,Single-family,False,0.25–0.5 ac,369000.0,31.374349556167736,False,False,False,False,False,False,False,False
Pending,B26048425,7220,213 SE Bella Strano,Tesoro,TESORO PLAT NO 2,365000.0,,0.2399,,"Less Than 1/4 Acre Lot, Irregular Lot, Less Than 1 Acre",Residential,,Unimproved Agri/Recreatn/Moblhome,True,,10450.044,Single-family,False,< 0.25 ac,365000.0,34.92808259946082,False,False,False,True,False,False,False,False
Pending,B26047581,5540,15398 Northlake Boulevard,Acreage,ACREAGE,350000.0,,1.87,,1 To Less Than 2 Acre Lot,AR,,Unimproved Agri/Recreatn/Moblhome,False,Paved Road,81457.20000000001,Acreage / rural,False,1–2 ac,350000.0,4.296734972476343,False,False,False,False,False,False,False,False
Pending,A12019700,5940 Florida Other,1589 N Frontier Circle,Labelle,LABELLE,350000.0,,2.53,110207.0,,Single Family,Zoned Residential,Residential,True,Public Road,110207.0,Single-family,False,2–3 ac,350000.0,3.175841824929451,False,False,False,False,False,False,False,False
Pending,A12019692,5940 Florida Other,1589 Frontier Circle,Labelle,LABELLE,350000.0,,2.53,110207.0,1 To Less Than 2 Acre Lot,Single Family,Boat Dock or Dockominium,Residential,True,Public Road,110207.0,Dock,True,1–2 ac,350000.0,3.175841824929451,False,False,False,False,False,False,False,False
Pending,R11157130,5040,17534 42nd Road,Westlake Loxahatchee,WESTLAKE LOXAHATCHEE,298500.0,,1.4,,"1 To Less Than 2 Acre Lot, Corner Lot",vacant,,,False,"County Road, Paved Road, Public Road",60983.99999999999,,False,1–2 ac,298500.0,4.894726485635577,True,False,False,False,False,False,False,False
Pending,R11119517,5590,18056 Orange Grove Boulevard,,,295000.0,,1.18,,1 To Less Than 2 Acre Lot,AR,,Unimproved Agri/Recreatn/Moblhome,False,City/County Maintained,51400.799999999996,Acreage / rural,False,1–2 ac,295000.0,5.73921028466483,False,False,False,False,False,False,False,False
Pending,B26028962,4500,4131 Palo Verde Drive,Cypress Creek,CYPRESS CREEK,289900.0,,0.32,,"1/4 To Less Than 1/2 Acre Lot, Less Than 1 Acre",RS,,Unimproved Agri/Recreatn/Moblhome,True,Paved Road,13939.2,Single-family,False,0.25–0.5 ac,289900.0,20.797463269054177,False,False,False,False,False,False,False,False
Pending,B26019943,,0 NE 142nd Street,Claridge House Associates,CLARIDGE HOUSE ASSOCIATES,284000.0,,0.541,,"1/2 To Less Than 3/4 Acre Lot, Less Than 1 Acre",5700,,Unimproved Agri/Recreatn/Moblhome,False,Paved Road,23565.960000000003,,False,0.5–0.75 ac,284000.0,12.05128074561783,False,False,False,False,False,False,False,False
Pending,T20053872,7500,421 NW Chipshot Lane,,,275000.0,,0.0717,,,,,,True,,3123.252,,False,< 0.25 ac,275000.0,88.04925122916755,False,False,False,False,False,False,False,False
Pending,A11916305,31,1790 NW 53rd St,Floral Park,FLORAL PARK REV PLAT,270000.0,,0.0,5000.0,,¤5700,Zoned Duplex,Residential,False,,5000.0,Duplex,False,< 0.25 ac,270000.0,54.0,False,False,False,False,False,False,False,False
Pending,A12022270,30,1736 NW 42nd St,Allapattah Sch,ALLAPATTAH SCH SUB,265000.0,,0.154,6720.0,Less Than 1/4 Acre Lot,¤5700,Zoned Duplex,Residential,False,,6720.0,Duplex,False,< 0.25 ac,265000.0,39.43452380952381,False,False,False,False,False,False,False,False
Pending,F10548948,5540,Xxxx Xxxx 61st Lane,,,255000.0,,1.16,50530.0,1 To Less Than 2 Acre Lot,AR,Zoned Residential,Unimproved Agri/Recreatn/Moblhome,False,,50530.0,Single-family,False,1–2 ac,255000.0,5.0465070255293885,False,False,False,False,False,False,False,False
Pending,A11910070,98 Florida Keys,100 Morr Ln C5,Manatee Bay Club,MANATEE BAY CLUB,250000.0,,0.0,291379.0,Less Than 1/4 Acre Lot,0,Boat Dock or Dockominium,Dockominium,True,Private Road,291379.0,Dock,True,< 0.25 ac,250000.0,0.8579890795149959,False,False,False,False,False,False,False,False
Pending,A12017029,5940 Florida Other,3725 SE 13th Ave,Cape Coral,CAPE CORAL,239000.0,,0.23,,Less Than 1/4 Acre Lot,,Zoned Residential,Residential,True,"City/County Maintained, Paved Road, Public Road",10018.800000000001,Single-family,False,< 0.25 ac,239000.0,23.855152313650336,False,False,False,False,False,False,False,False
Pending,A12020593,3600,1801 SE 17th St Bay #7,Port Marina,PORT MARINA CONDO,225000.0,,0.0,,East Of US 1,¤B-1,Boat Dock or Dockominium,Dockominium,True,Legal Access Road,,Dock,True,,225000.0,,False,False,False,False,False,False,True,False
Pending,B26014643,5600,628 N K Street,Lake Worth Town,LAKE WORTH TOWN OF,205000.0,,0.16,,"Less Than 1/4 Acre Lot, Less Than 1 Acre",SF-TF-14 (city),,Unimproved Agri/Recreatn/Moblhome,False,City/County Maintained,6969.6,Single-family,False,< 0.25 ac,205000.0,29.413452708907254,False,False,False,False,False,False,False,False
Pending,A11966104,5940 Florida Other,0 S Swinging Trail,Muse,MUSE,199900.0,,5.07,,,,Zoned Residential,Residential,False,,220849.2,Single-family,False,5–10 ac,199900.0,0.9051425135341219,False,False,False,False,False,False,False,False
Pending,R11140324,6060,4975 SE Manatee Cove Road,Manatee Cove,MANATEE COVE,199000.0,,1.1659,,1 To Less Than 2 Acre Lot,Residential,,Unimproved Agri/Recreatn/Moblhome,False,"City/County Maintained, Paved Road, Public Road",50786.604,Single-family,False,1–2 ac,199000.0,3.9183561082367313,False,False,False,False,False,False,False,False
Pending,T20053577,7180,133 SE Via Lago Cervaro,,,195000.0,,0.2937,,,,,Single,False,,12793.572,,False,0.25–0.5 ac,195000.0,15.242029356617525,False,False,False,False,False,False,False,False
Pending,R11009432,5510,2907 Broadway Avenue,Northwood In Pgs,NORTHWOOD ADD IN PB 8 PGS,190000.0,,0.14,,"Less Than 1/4 Acre Lot, Interior Lot, Less Than 1 Acre",BMUD,,Unimproved Agri/Recreatn/Moblhome,False,"City/County Maintained, Paved Road",6098.400000000001,Commercial,False,< 0.25 ac,190000.0,31.15571297389479,False,False,True,False,False,False,False,False
Pending,A11997513,50,17709 SW 102nd Ave,Map Perrine,MAP OF PERRINE,180000.0,,0.07,3200.0,,¤3050,Zoned Duplex,Residential,False,,3200.0,Duplex,False,< 0.25 ac,180000.0,56.25,False,False,False,False,False,False,False,False
Pending,A11954208,31,39 E St,Cobos Fronton,COBOS FRONTON SUB 2,179000.0,,0.8,3700.0,,¤0100,Zoned Residential,Residential,False,,3700.0,Single-family,False,< 0.25 ac,179000.0,48.37837837837838,False,False,False,False,False,False,False,False
Pending,A11991993,32,6770 Indian Creek Dr,Aquasol,AQUASOL CONDO,175000.0,,0.0,,Less Than 1/4 Acre Lot,2018,Boat Dock or Dockominium,Dockominium,True,Private Road,,Dock,True,< 0.25 ac,175000.0,,False,False,False,False,False,False,False,False
Pending,F10463589,3426,0 NW 19th Avenue,Hunters Manor,HUNTERS MANOR 19-27 B,175000.0,,0.25,7300.0,,RM-12,Zoned Residential,Unimproved Agri/Recreatn/Moblhome,False,,7300.0,Single-family,False,< 0.25 ac,175000.0,23.972602739726028,False,False,False,False,False,False,False,False
Pending,F10535146,6240 NW Okeechobee County,21009 NW 288 Street,Southern Colonization,SOUTHERN COLONIZATION,175000.0,,7.53,,,,Zoned Residential,,False,,328006.8,Single-family,False,5–10 ac,175000.0,0.5335255244708341,False,False,False,False,False,False,False,False
Pending,R11148417,5940 Florida Other,13822 Hamlin Avenue,Ladeca Acres Unrec,LADECA ACRES S/D UNREC SEC,170000.0,,5.0,,5 To Less Than 10 Acre Lot,A-2,,Unimproved Agri/Recreatn/Moblhome,False,"County Road, City/County Maintained",217800.0,Acreage / rural,False,5–10 ac,170000.0,0.7805325987144169,False,False,False,False,False,False,False,False
Pending,R11169729,7710,1650 SW Hampshire Lane,Port St Lucie Section,PORT ST LUCIE SECTION 9,170000.0,,0.23,,Less Than 1/4 Acre Lot,RS-2PS,,Unimproved Agri/Recreatn/Moblhome,False,"City/County Maintained, Paved Road, Public Road",10018.800000000001,Single-family,False,< 0.25 ac,170000.0,16.96809997205254,False,False,False,False,False,False,False,False
Pending,R11169737,7710,1658 SW Hampshire Lane,Port St Lucie Section,PORT ST LUCIE SECTION 9,170000.0,,0.23,,Less Than 1/4 Acre Lot,RS-2PS,,Unimproved Agri/Recreatn/Moblhome,False,"City/County Maintained, Paved Road",10018.800000000001,Single-family,False,< 0.25 ac,170000.0,16.96809997205254,False,False,False,False,False,False,False,False
Pending,T20052803,7015,10725 S Ocean Drive Unit#294,,,169900.0,,0.0451,,Interior Lot,,,,False,Paved Road,1964.556,,False,< 0.25 ac,169900.0,86.48264544253256,False,False,True,False,False,False,False,False
Pending,A11900723,5940 Florida Other,0 County Road 335,Bl,BL-B E1/4,166000.0,,5.0,,,000,Zoned Residential,Residential,False,,217800.0,Single-family,False,5–10 ac,166000.0,0.7621671258034894,False,False,False,False,False,False,False,False
Pending,F10532893,3260,11 11 Street,Roosevelt Gardens,ROOSEVELT GARDENS 24-49 B,165500.0,,0.196,8544.0,,RD-10,Zoned Residential,Unimproved Agri/Recreatn/Moblhome,False,,8544.0,Single-family,False,< 0.25 ac,165500.0,19.370318352059925,False,False,False,False,False,False,False,False
Pending,A11976340,7750,464 S Quick Cir,Port St Lucie Section,PORT ST LUCIE SECTION  34,165000.0,,0.23,10000.0,,¤RS-2 PSL,Zoned Residential,Residential,False,,10000.0,Single-family,False,< 0.25 ac,165000.0,16.5,False,False,False,False,False,False,False,False
Pending,A12038645,31,2934 NW 44th St,Roosevelt Park,ROOSEVELT PARK,160000.0,,0.05,2610.0,,¤5700,Zoned Duplex,Residential,False,,2610.0,Duplex,False,< 0.25 ac,160000.0,61.30268199233716,False,False,False,False,False,False,False,False
Pending,T20055187,7750,417 SW Prater Avenue,,,160000.0,,0.2439,,,,,Single,False,,10624.284,,False,< 0.25 ac,160000.0,15.059838385344369,False,False,False,False,False,False,False,False
Pending,R11128054,7220,134 SE Via San Marino,Tesoro,TESORO PLAT NO 4,159900.0,,0.24,,Less Than 1/4 Acre Lot,Residential,,Unimproved Agri/Recreatn/Moblhome,False,Private Road,10454.4,Single-family,False,< 0.25 ac,159900.0,15.294995408631772,False,False,False,False,False,False,False,False
Pending,A12032587,7740,1585 SW Mullinax Ave,Port St Lucie Section,PORT ST LUCIE SECTION 19,159750.0,,0.25,10000.0,Less Than 1/4 Acre Lot,¤RS-2 PSL,Zoned Residential,Residential,False,,10000.0,Single-family,False,< 0.25 ac,159750.0,15.975,False,False,False,False,False,False,False,False
Pending,T20054376,7270,609 SW Curtis Street,,,154900.0,,0.2296,,,,,Single,False,City/County Maintained,10001.376,,False,< 0.25 ac,154900.0,15.487868869243592,False,False,False,False,False,False,False,False
Pending,A11854822,3080,5580 SW 24th St,Carver Ranches,CARVER RANCHES REV PLAT,150000.0,,0.1554,6768.0,Less Than 1/4 Acre Lot,,Zoned Residential,Residential,False,"Paved Road, Public Road",6768.0,Single-family,False,< 0.25 ac,150000.0,22.163120567375888,False,False,False,False,False,False,False,False
Pending,A12020186,3428,n/a NW 5th St,,33-48-42 E 50 OF W 100 OF,150000.0,,5158.0,5158.0,,¤RS-3,Zoned Residential,Residential,False,,5158.0,Single-family,False,< 0.25 ac,150000.0,29.081039162466073,False,False,False,False,False,False,False,False
Pending,B26030423,7370,6864 NW Jorgensen Road,Port St Lucie Section,PORT ST LUCIE SECTION 43,149900.0,,0.23,,"Less Than 1/4 Acre Lot, Less Than 1 Acre",residential,,Unimproved Agri/Recreatn/Moblhome,False,Paved Road,10018.800000000001,Single-family,False,< 0.25 ac,149900.0,14.961871681239268,False,False,False,False,False,False,False,False
Pending,T20056259,7740,1361 SW Edinburgh Drive,,,149000.0,,0.2727,,Corner Lot,,,Single,False,County Road,11878.812,,False,0.25–0.5 ac,149000.0,12.54334187627517,True,False,False,False,False,False,False,False
Pending,R11139540,7040,8503 W Penny Lane,Lakewood Park,LAKEWOOD PARK UNIT 8,129900.0,,0.2238,,"Less Than 1/4 Acre Lot, Corner Lot, West Of US 1",RS-4Co,,Unimproved Agri/Recreatn/Moblhome,False,"County Road, Paved Road",9748.728,Single-family,False,< 0.25 ac,129900.0,13.324815298980544,True,False,False,False,False,False,False,True
Pending,R10933828,7040,8501 N Pennylane,Lakewood Park,LAKEWOOD PARK UNIT 8,129900.0,,,,1/2 To Less Than 3/4 Acre Lot,RS-4Co,,Unimproved Agri/Recreatn/Moblhome,False,City/County Maintained,,Single-family,False,0.5–0.75 ac,129900.0,,False,False,False,False,False,False,False,False
Pending,R11145586,6070,5346 SE Horizon Avenue,Port Salerno,PORT SALERNO,129000.0,,0.1638,,"Less Than 1/4 Acre Lot, Less Than 1 Acre",Residential,,Unimproved Agri/Recreatn/Moblhome,False,County Road,7135.128,Single-family,False,< 0.25 ac,129000.0,18.07956353410899,False,False,False,False,False,False,False,False
Pending,F10478410,5620,407 N H Street,Lake Worth Town,LAKE WORTH TOWN OF,125000.0,,0.0775,,,,Zoned Multifamily,Unimproved Agri/Recreatn/Moblhome,False,,3375.9,Multifamily,False,< 0.25 ac,125000.0,37.02716312686987,False,False,False,False,False,False,False,False
Pending,A11934576,5940 Florida Other,1517 SW 4th Place,,,125000.0,,0.36,15625.0,,,Zoned Residential,Residential,True,,15625.0,Single-family,False,0.25–0.5 ac,125000.0,8.0,False,False,False,False,False,False,False,False
Pending,A11772133,5940 Florida Other,238 SE 6th Ter,Cape Coral,CAPE CORAL,120000.0,,0.23,,Less Than 1/4 Acre Lot,,Zoned Residential,Residential,False,"City/County Maintained, Paved Road, Public Road",10018.800000000001,Single-family,False,< 0.25 ac,120000.0,11.977482333213556,False,False,False,False,False,False,False,False
Pending,R11159831,7720,1685 SW Whipple Avenue,Port Saint Lucie Section,PORT SAINT LUCIE SECTION 1,119000.0,,0.24,,"Less Than 1/4 Acre Lot, Interior Lot, West Of US 1",RS-2PS,,Unimproved Agri/Recreatn/Moblhome,False,"City/County Maintained, Paved Road, Public Road",10454.4,Single-family,False,< 0.25 ac,119000.0,11.382767064585247,False,False,True,False,False,False,False,True
Pending,B26019928,6341 Indian River – Southeast County,3745 8th Lane,Laurels Ph Ii,LAURELS SUB PH II (THE),112000.0,,0.26,,"1/4 To Less Than 1/2 Acre Lot, Cul-De-Sac Lot, Less Than 1 Acre, West Of US 1",RS-6,,Unimproved Agri/Recreatn/Moblhome,False,"County Road, City/County Maintained, Paved Road, Private Road",11325.6,Single-family,False,0.25–0.5 ac,112000.0,9.889100798191707,False,True,False,False,False,False,False,True
Pending,A12005169,6372 Brevard County (W of Indian River),671 683 CABALLERO AVE SE,Port Malibar,PORT MALIBAR UNIT 12,108000.0,,0.46,,,RES,Zoned Residential,Residential,False,,20037.600000000002,Single-family,False,0.25–0.5 ac,108000.0,5.3898670499461,False,False,False,False,False,False,False,False
Pending,B26042568,6210 NE Okeechobee County,13550 NE 18th Avenue,Country Hills Estates,COUNTRY HILLS ESTATES,98000.0,,2.37,,2 To Less Than 3 Acre Lot,A,,Unimproved Agri/Recreatn/Moblhome,False,"County Road, City/County Maintained, Paved Road",103237.20000000001,Acreage / rural,False,2–3 ac,98000.0,0.9492702242989929,False,False,False,False,False,False,False,False
Pending,F10462040,3411,265 NW 1st Avenue,Deerfield Dev Land Co,DEERFIELD DEV & LAND CO S,90000.0,,0.145,6318.0,Less Than 1/4 Acre Lot,RM-10,Zoned Residential,Unimproved Agri/Recreatn/Moblhome,False,,6318.0,Single-family,False,< 0.25 ac,90000.0,14.245014245014245,False,False,False,False,False,False,False,False
Pending,A11823161,5940 Florida Other,Golden Gate St 2nd Ave SE,Golden Gate Estates,GOLDEN GATE ESTATES UNIT,88000.0,,1.14,,,,Zoned Residential,Residential,False,,49658.399999999994,Single-family,False,1–2 ac,88000.0,1.7721070352649302,False,False,False,False,False,False,False,False
Pending,B26007474,6351 Sebastian,139 S Wimbrow Drive,Sebastian Highlands,SEBASTIAN HIGHLANDS UNIT 1,83000.0,,0.26,,"1/4 To Less Than 1/2 Acre Lot, Less Than 1 Acre, West Of US 1",RS-10,,Unimproved Agri/Recreatn/Moblhome,False,Paved Road,11325.6,Single-family,False,0.25–0.5 ac,83000.0,7.328530055802783,False,False,False,False,False,False,False,True
Pending,R11168013,5940 Florida Other,61 Fortress Place,Palm Coast,PALM COAST,80000.0,,0.2296,,"Less Than 1/4 Acre Lot, Interior Lot",RESIDENTIAL,,Unimproved Agri/Recreatn/Moblhome,False,,10001.376,Single-family,False,< 0.25 ac,80000.0,7.99889935144924,False,False,True,False,False,False,False,False
Pending,A11850097,5940 Florida Other,307 Nelson RD N,Cape Coral,CAPE CORAL,80000.0,,0.23,,,,Zoned Residential,Residential,False,"City/County Maintained, Paved Road",10018.800000000001,Single-family,False,< 0.25 ac,80000.0,7.984988222142372,False,False,False,False,False,False,False,False
Pending,T20053406,6372 Brevard County (W of Indian River),1115 Colonial Avenue,,,80000.0,,0.0,,,,,Single,False,,,,False,,80000.0,,False,False,False,False,False,False,False,False
Pending,R11145048,5940 Florida Other,904 NW 12th Avenue,Cape Coral,CAPE CORAL,75000.0,,,,Less Than 1/4 Acre Lot,R1-W,,Unimproved Agri/Recreatn/Moblhome,True,City/County Maintained,,Single-family,False,< 0.25 ac,75000.0,,False,False,False,False,False,False,False,False
Pending,A11928426,5940 Florida Other,1501 NW 24th Ter,Cape Coral,CAPE CORAL,65000.0,,0.23,,,,Zoned Residential,Residential,True,"City/County Maintained, Paved Road",10018.800000000001,Single-family,False,< 0.25 ac,65000.0,6.487802930490677,False,False,False,False,False,False,False,False
Pending,F10537043,5940 Florida Other,4400 24th Avenue,Golden Gates Est,GOLDEN GATES EST.,65000.0,,2.5,,2 To Less Than 3 Acre Lot,,Zoned Residential,Unimproved Agri/Recreatn/Moblhome,False,,108900.0,Single-family,False,2–3 ac,65000.0,0.5968778696051423,False,False,False,False,False,False,False,False
Pending,R11134456,5940 Florida Other,9667 S Lotus Point,Unrec Tracts In,UNREC TRACTS IN 25-20S-17E,64900.0,,2.26,,2 To Less Than 3 Acre Lot,MDR,,Unimproved Agri/Recreatn/Moblhome,False,Paved Road,98445.59999999999,,False,2–3 ac,64900.0,0.65924734066327,False,False,False,False,False,False,False,False
Pending,F10409220,6371 Brevard County (E of Indian River),1218 SE Wyoming Dr Drive,Port Malabar,PORT MALABAR UNIT 17,64000.0,,0.25,,"1/4 To Less Than 1/2 Acre Lot, Less Than 1 Acre",Res,Zoned Residential,Unimproved Agri/Recreatn/Moblhome,False,Paved Road,10890.0,Single-family,False,0.25–0.5 ac,64000.0,5.876951331496786,False,False,False,False,False,False,False,False
Pending,F10528719,6220 SE Okeechobee County,3525 SE 34th Avenue,Taylor Creek Dev,TAYLOR CREEK DEV,57000.0,,0.263,11456.0,1/4 To Less Than 1/2 Acre Lot,,Zoned Residential,Unimproved Agri/Recreatn/Moblhome,True,,11456.0,Single-family,False,0.25–0.5 ac,57000.0,4.975558659217877,False,False,False,False,False,False,False,False
Pending,A11985495,5940 Florida Other,7025 Beaver Cir,Port Labelle,PORT LABELLE,55000.0,,0.71,30928.0,,,Zoned Residential,Residential,False,,30928.0,Single-family,False,0.5–0.75 ac,55000.0,1.7783238489394724,False,False,False,False,False,False,False,False
Pending,B26053646,5940 Florida Other,11381 Fulmar Road,Royal Highlands,ROYAL HIGHLANDS,50000.0,,0.46,,"1/4 To Less Than 1/2 Acre Lot, Corner Lot, Less Than 1 Acre",R-1C,,Unimproved Agri/Recreatn/Moblhome,False,,20037.600000000002,Single-family,False,0.25–0.5 ac,50000.0,2.495308819419491,True,False,False,False,False,False,False,False
Pending,A11807567,5940 Florida Other,1104 NE 40TH ST,,,50000.0,,0.24,10497.0,,,Zoned Residential,Residential,False,,10497.0,Single-family,False,< 0.25 ac,50000.0,4.763265694960465,False,False,False,False,False,False,False,False
Pending,A11713766,5940 Florida Other,524 Camino Real Blvd,Montura Ranch Estates St,MONTURA RANCH ESTATES 1 ST,50000.0,,1.09,,,,Zoned Residential,Residential,False,,47480.4,Single-family,False,1–2 ac,50000.0,1.0530661072779504,False,False,False,False,False,False,False,False
Pending,R11157863,6321 City of Vero Beach,154 21st Street,Vero Beach Highlands,VERO BEACH HIGHLANDS UNIT,49000.0,,0.21,,Less Than 1/4 Acre Lot,RS-6,,Unimproved Agri/Recreatn/Moblhome,False,City/County Maintained,9147.6,Single-family,False,< 0.25 ac,49000.0,5.356596265687174,False,False,False,False,False,False,False,False
Pending,R11157848,6321 City of Vero Beach,124 Highland Drive,Vero Beach Highlands,VERO BEACH HIGHLANDS UNIT,49000.0,,0.23,,Less Than 1/4 Acre Lot,RS-6,,Unimproved Agri/Recreatn/Moblhome,False,City/County Maintained,10018.800000000001,Single-family,False,< 0.25 ac,49000.0,4.890805286062203,False,False,False,False,False,False,False,False
Pending,A11698986,5940 Florida Other,3519 NW 8th Ter,Cape Coral,CAPE CORAL,48000.0,,0.24,,Less Than 1/4 Acre Lot,,Zoned Residential,Residential,False,"City/County Maintained, Paved Road",10454.4,Single-family,False,< 0.25 ac,48000.0,4.591368227731865,False,False,False,False,False,False,False,False
Pending,A11992080,5940 Florida Other,240 S ESTRIBO ST,Montura Ranch Estates,MONTURA RANCH ESTATES,47999.0,,1.25,,1 To Less Than 2 Acre Lot,RRF,Zoned Residential,Residential,False,Other Road,54450.0,Single-family,False,1–2 ac,47999.0,0.881524334251607,False,False,False,False,False,False,False,False
Pending,R11162773,5940 Florida Other,21486 NW 262nd Street,Southern Colonization Comp,SOUTHERN COLONIZATION COMP,47000.0,,1.25,,1 To Less Than 2 Acre Lot,AG,,,False,,54450.0,Acreage / rural,False,1–2 ac,47000.0,0.8631772268135904,False,False,False,False,False,False,False,False
Pending,R11073963,6331 Indian River – Central County,4560 32nd Avenue,Gifford,GIFFORD,45900.0,,0.42,,1/4 To Less Than 1/2 Acre Lot,Residential,,Unimproved Agri/Recreatn/Moblhome,False,Paved Road,18295.2,Single-family,False,0.25–0.5 ac,45900.0,2.508854781582054,False,False,False,False,False,False,False,False
Pending,A11924640,5940 Florida Other,1931 NW 9th Place,,,45000.0,,0.2296,,,,Zoned Residential,Residential,True,,10001.376,Single-family,False,< 0.25 ac,45000.0,4.499380885190198,False,False,False,False,False,False,False,False
Pending,A11772127,5940 Florida Other,2933 NW 8Th Pl,Cape Coral,CAPE CORAL,45000.0,,0.23,,,RD-D,Zoned Residential,Residential,False,,10018.800000000001,Single-family,False,< 0.25 ac,45000.0,4.491555874955084,False,False,False,False,False,False,False,False
Pending,A12008650,5940 Florida Other,13420 Michilin Ave,Tropical Gulf Estates,TROPICAL GULF ESTATES,44999.0,,0.59,,,,Zoned Residential,Residential,False,,25700.399999999998,Single-family,False,0.5–0.75 ac,44999.0,1.750906600675476,False,False,False,False,False,False,False,False
Pending,A12044511,5940 Florida Other,625 N GRANJA ST,Montura Ranch Estates,MONTURA RANCH ESTATES,44900.0,,1.25,,1 To Less Than 2 Acre Lot,RRF,Zoned Residential,Residential,False,Legal Access Road,54450.0,Single-family,False,1–2 ac,44900.0,0.8246097337006428,False,False,False,False,False,False,False,False
Pending,F10549390,5940 Florida Other,4239 E Gator Circle,Cape Coral,CAPE CORAL,42000.0,,0.41,17947.0,,R1-D,Zoned Residential,Unimproved Agri/Recreatn/Moblhome,False,,17947.0,Single-family,False,0.25–0.5 ac,42000.0,2.3402239928678887,False,False,False,False,False,False,False,False
Pending,A12029547,3880,8520 SW 21st Ct,Park City Section Two,PARK CITY SECTION TWO-A,40000.0,,0.0735,3200.0,Less Than 1/4 Acre Lot,¤R-1T,Zoned Residential,Residential,False,Paved Road,3200.0,Single-family,False,< 0.25 ac,40000.0,12.5,False,False,False,False,False,False,False,False
Pending,A11934522,5940 Florida Other,903 NE 32nd Ter,Cape Coral,CAPE CORAL,40000.0,,0.23,,,,Zoned Residential,Residential,True,"City/County Maintained, Paved Road",10018.800000000001,Single-family,False,< 0.25 ac,40000.0,3.992494111071186,False,False,False,False,False,False,False,False
Pending,R11115889,5940 Florida Other,Scissorbill Avenue,Royal Highlands,ROYAL HIGHLANDS UNIT 8,40000.0,,0.4591,,1/4 To Less Than 1/2 Acre Lot,Residential,,Unimproved Agri/Recreatn/Moblhome,False,,19998.396,Single-family,False,0.25–0.5 ac,40000.0,2.0001604128651116,False,False,False,False,False,False,False,False
Pending,R11080501,5940 Florida Other,20320 NW 242nd Street,Southern Colonization,THE SOUTHERN COLONIZATION,40000.0,,1.25,,1 To Less Than 2 Acre Lot,0007,,,True,,54450.0,,False,1–2 ac,40000.0,0.7346189164370982,False,False,False,False,False,False,False,False
Pending,R11153935,7710,5009 SE 43rd Trace,Kings Bay,KINGS BAY,39900.0,,0.16,,Less Than 1/4 Acre Lot,res,,Unimproved Agri/Recreatn/Moblhome,False,Paved Road,6969.6,Single-family,False,< 0.25 ac,39900.0,5.724862258953168,False,False,False,False,False,False,False,False
Pending,A11959569,5940 Florida Other,7665 Monongahela Ave,Florida Frontier,FLORIDA FRONTIER REPLAT,37999.0,,1.13,,1 To Less Than 2 Acre Lot,,Zoned Residential,Residential,False,Paved Road,49222.799999999996,Single-family,False,1–2 ac,37999.0,0.77197965170612,False,False,False,False,False,False,False,False
Pending,A12039127,5940 Florida Other,1700 NW 6th Pl,Cape Coral,CAPE CORAL,37900.0,,0.23,,,,Zoned Residential,Residential,True,,10018.800000000001,Single-family,False,< 0.25 ac,37900.0,3.7828881702399486,False,False,False,False,False,False,False,False
Pending,A11982897,7070,432 N 14 St N St Cswy,Clyde Killer Addition,CLYDE KILLER'S ADDITION,36500.0,,0.1527,7250.0,,¤Medium D,Zoned Residential,Residential,False,,7250.0,Single-family,False,< 0.25 ac,36500.0,5.0344827586206895,False,False,False,False,False,False,False,False
Pending,F10541683,5940 Florida Other,0000 SW 90th Place,Rainbow Spgs Rep,RAINBOW SPGS 04 REP,35000.0,,1.1,47916.0,1 To Less Than 2 Acre Lot,A1,Zoned Residential,Unimproved Agri/Recreatn/Moblhome,False,Public Road,47916.0,Single-family,False,1–2 ac,35000.0,0.7304449453209784,False,False,False,False,False,False,False,False
Pending,A11977722,6240 NW Okeechobee County,19132 NW 288 Street,Okeechobee,OKEECHOBEE,35000.0,,1.5,65430.0,,,Zoned Residential,Residential,False,,65430.0,Single-family,False,1–2 ac,35000.0,0.5349228182790768,False,False,False,False,False,False,False,False
Pending,R11076438,7070,0 Rosarita Avenue,Paradise Park,PARADISE PARK,35000.0,,0.186,,Less Than 1/4 Acre Lot,SFLowD,,Unimproved Agri/Recreatn/Moblhome,True,City/County Maintained,8102.16,Single-family,False,< 0.25 ac,35000.0,4.319835698134819,False,False,False,False,False,False,False,False
Pending,A11824753,5940 Florida Other,3418 5th ST SW,Lehigh Acres,LEHIGH ACRES,34500.0,,0.25,,,,Zoned Residential,Residential,False,,10890.0,Single-family,False,0.25–0.5 ac,34500.0,3.168044077134986,False,False,False,False,False,False,False,False
Pending,R11138121,5940 Florida Other,18677 NW 270th Street,Southern Colonization Co,SOUTHERN COLONIZATION CO,32900.0,,1.25,,1 To Less Than 2 Acre Lot,RES/AG,,Unimproved Agri/Recreatn/Moblhome,False,,54450.0,Single-family,False,1–2 ac,32900.0,0.6042240587695134,False,False,False,False,False,False,False,False
Pending,A12031682,5940 Florida Other,3614 W 3rd St,Lehigh Acres,LEHIGH ACRES,32000.0,,0.25,,,,Zoned Residential,Residential,False,,10890.0,Single-family,False,0.25–0.5 ac,32000.0,2.938475665748393,False,False,False,False,False,False,False,False
Pending,F10489269,5940 Florida Other,2611 W 58 st,Willow Lake,WILLOW LAKE,32000.0,,0.25,,,,Zoned Residential,Residential,False,,10890.0,Single-family,False,0.25–0.5 ac,32000.0,2.938475665748393,False,False,False,False,False,False,False,False
Pending,F10550612,6240 NW Okeechobee County,21335 270th Street,Southern Colonization,SOUTHERN COLONIZATION,31900.0,,1.25,54560.0,1 To Less Than 2 Acre Lot,Res/Ag,Zoned Residential,Unimproved Agri/Recreatn/Moblhome,False,,54560.0,Single-family,False,1–2 ac,31900.0,0.5846774193548387,False,False,False,False,False,False,False,False
Pending,A11942595,5940 Florida Other,1000 W 11 Street,Leehigh,LEEHIGH,30000.0,,0.25,,1/4 To Less Than 1/2 Acre Lot,,Zoned Residential,Residential,False,Paved Road,10890.0,Single-family,False,0.25–0.5 ac,30000.0,2.7548209366391183,False,False,False,False,False,False,False,False
Pending,R11168648,6321 City of Vero Beach,1378 18th Avenue,Oslo Park,OSLO PARK UNIT NO 3,30000.0,,0.11,,Less Than 1/4 Acre Lot,RS-6,,Unimproved Agri/Recreatn/Moblhome,False,Paved Road,4791.6,Single-family,False,< 0.25 ac,30000.0,6.260956674179814,False,False,False,False,False,False,False,False
Pending,R11168143,6321 City of Vero Beach,1280 12th Avenue,Oslo Park,OSLO PARK UNIT 2B,30000.0,,0.11,,Less Than 1/4 Acre Lot,RS-6,,Unimproved Agri/Recreatn/Moblhome,False,Paved Road,4791.6,Single-family,False,< 0.25 ac,30000.0,6.260956674179814,False,False,False,False,False,False,False,False
Pending,F10525441,6210 NE Okeechobee County,3926 NW 38th Ave,Basswood,BASSWOOD,29900.0,,0.355,15463.0,,,Zoned Residential,Residential,False,,15463.0,Single-family,False,0.25–0.5 ac,29900.0,1.9336480631184116,False,False,False,False,False,False,False,False
Pending,T20055758,7070,701 N 19th Street,,,29900.0,,0.1791,,Interior Lot,SF MODER,,Single,False,,7801.5960000000005,Single-family,False,< 0.25 ac,29900.0,3.832549134818055,False,False,True,False,False,False,False,False
Pending,T20055756,7070,814 N 16th Street,,,29900.0,,0.1631,,Corner Lot,MEDIUM D,,Single,False,,7104.6359999999995,,False,< 0.25 ac,29900.0,4.20851962014662,True,False,False,False,False,False,False,False
Pending,A12035331,5940 Florida Other,3016 Redwood LN,Port Labelle,PORT LABELLE,29000.0,,0.23,,,,Zoned Residential,Residential,False,,10018.800000000001,Single-family,False,< 0.25 ac,29000.0,2.8945582305266098,False,False,False,False,False,False,False,False
Pending,R11108967,7070,414 N 21st Street,Floriana Park,FLORIANA PARK,29000.0,,,,Less Than 1/4 Acre Lot,Medium Den,,Unimproved Agri/Recreatn/Moblhome,False,"Paved Road, Public Road",,,False,< 0.25 ac,29000.0,,False,False,False,False,False,False,False,False
Pending,F10465312,6240 NW Okeechobee County,17120 NW 306th Street,Southern Colonization Co,SOUTHERN COLONIZATION CO,28500.0,,1.25,54450.0,,,Zoned Residential,Unimproved Agri/Recreatn/Moblhome,False,,54450.0,Single-family,False,1–2 ac,28500.0,0.5234159779614325,False,False,False,False,False,False,False,False
Pending,A11948612,5940 Florida Other,1706 NE 37th Street,Cape Coral,CAPE CORAL,28000.0,,0.24,,,,Zoned Residential,Residential,True,"City/County Maintained, Paved Road",10454.4,Single-family,False,< 0.25 ac,28000.0,2.6782981328435875,False,False,False,False,False,False,False,False
Pending,R11123020,5940 Florida Other,21018 NW 278th Street,Viking,VIKING,28000.0,,1.25,,1 To Less Than 2 Acre Lot,Vacant resident,,,False,County Road,54450.0,,False,1–2 ac,28000.0,0.5142332415059688,False,False,False,False,False,False,False,False
Pending,A12037499,5940 Florida Other,439 Naples AVE S,Lehigh Acres,LEHIGH ACRES,27000.0,,0.2655,,1/4 To Less Than 1/2 Acre Lot,RS-1,Zoned Residential,Residential,True,"Legal Access Road, City/County Maintained",11565.18,Single-family,False,0.25–0.5 ac,27000.0,2.3345940141009476,False,False,False,False,False,False,False,False
Pending,A12037289,5940 Florida Other,437 Naples AVE S,Lehigh Acres,LEHIGH ACRES,27000.0,,0.2655,,,,Zoned Residential,Other,True,,11565.18,Single-family,False,0.25–0.5 ac,27000.0,2.3345940141009476,False,False,False,False,False,False,False,False
Pending,A11990049,5940 Florida Other,34349 Manuel St,Ridge Mnr Est Un,RIDGE MNR EST UN 4,26000.0,,0.5,,1/2 To Less Than 3/4 Acre Lot,Residential,Zoned Residential,Residential,False,Paved Road,21780.0,Single-family,False,0.5–0.75 ac,26000.0,1.1937557392102847,False,False,False,False,False,False,False,False
Pending,R11066078,5940 Florida Other,2300 42nd Street,Gifford Area West Us,GIFFORD AREA/WEST OF US1 (,25000.0,,0.13,,"Less Than 1/4 Acre Lot, West Of US 1",res,,Unimproved Agri/Recreatn/Moblhome,False,"City/County Maintained, Paved Road, Public Road",5662.8,Single-family,False,< 0.25 ac,25000.0,4.41477714204987,False,False,False,False,False,False,False,True
Pending,R11066070,5940 Florida Other,2290 42nd Street,Gifford Area West Us,GIFFORD AREA/WEST OF US1 (,25000.0,,0.13,,"Less Than 1/4 Acre Lot, West Of US 1",RM-10,,Unimproved Agri/Recreatn/Moblhome,False,"City/County Maintained, Paved Road, Public Road",5662.8,Multifamily,False,< 0.25 ac,25000.0,4.41477714204987,False,False,False,False,False,False,False,True
Pending,A11992781,5940 Florida Other,21216 Quesada Ave,Port Charlotte,PORT CHARLOTTE,24999.0,,0.22,,,,Zoned Residential,Residential,False,,9583.2,Single-family,False,< 0.25 ac,24999.0,2.6086275982970197,False,False,False,False,False,False,False,False
Pending,A11772720,59,355 SW 189,Fla City Manor,FLA CITY MANOR,24500.0,,4678.0,4678.0,,¤2100,Zoned Residential,Other,False,,4678.0,Single-family,False,< 0.25 ac,24500.0,5.237280889268918,False,False,False,False,False,False,False,False
Pending,B26053482,5940 Florida Other,0 Pika  Circle,Compass Lake Hills,COMPASS LAKE HILLS,24500.0,,1.13,,1 To Less Than 2 Acre Lot,Single family R,,Unimproved Agri/Recreatn/Moblhome,False,,49222.799999999996,,False,1–2 ac,24500.0,0.4977368211479234,False,False,False,False,False,False,False,False
Pending,A11731319,5940 Florida Other,18403 JEFFERSON AVE,Port Charlotte,PORT CHARLOTTE,24500.0,,0.23,10018.0,Less Than 1/4 Acre Lot,,Zoned Residential,Residential,False,Paved Road,10018.0,Single-family,False,< 0.25 ac,24500.0,2.4455979237372727,False,False,False,False,False,False,False,False
Pending,R11036443,5940 Florida Other,Xxx Granito Avenue,Port Charlotte,1562 PORT CHARLOTTE SUB 1,23000.0,,,,,RS,,Single,False,Other Road,,Single-family,False,,23000.0,,False,False,False,False,False,False,False,False
Pending,B26047742,6240 NW Okeechobee County,18462 NW 244th Street,Viking Estates,THE VIKING ESTATES,22500.0,,1.25,,1 To Less Than 2 Acre Lot,residential,,Unimproved Agri/Recreatn/Moblhome,False,,54450.0,Single-family,False,1–2 ac,22500.0,0.4132231404958678,False,False,False,False,False,False,False,False
Pending,A12005996,5940 Florida Other,9046 Green Cir,Port Labelle,PORT LABELLE,22000.0,,0.23,,,,Zoned Residential,Residential,False,,10018.800000000001,Single-family,False,< 0.25 ac,22000.0,2.195871761089152,False,False,False,False,False,False,False,False
Pending,F10544085,6311 Indian River – Beach City,2316 96th Court,Vero Tropical Gardens Uni,VERO TROPICAL GARDENS UNI,22000.0,,0.17,7405.0,Less Than 1/4 Acre Lot,A-1,Zoned Residential,Unimproved Agri/Recreatn/Moblhome,False,Public Road,7405.0,Single-family,False,< 0.25 ac,22000.0,2.9709655638082375,False,False,False,False,False,False,False,False
Pending,B26021235,5940 Florida Other,2948 W Beufort Road,Apl Red Hill Farms,APL RED HILL FARMS UNIT A,20000.0,,0.47,,"1/4 To Less Than 1/2 Acre Lot, Interior Lot, Less Than 1 Acre, Oversized Lot",R1,,Unimproved Agri/Recreatn/Moblhome,False,Paved Road,20473.199999999997,Single-family,False,0.25–0.5 ac,20000.0,0.9768868569642265,False,False,True,False,True,False,False,False
Pending,A11951156,5940 Florida Other,467 LONG AVE S,Lehigh Acres,LEHIGH ACRES,20000.0,,0.24,,,,Zoned Residential,Residential,False,,10454.4,Single-family,False,< 0.25 ac,20000.0,1.9130700948882768,False,False,False,False,False,False,False,False
Pending,A11777352,5940 Florida Other,UNDETERMINED NW 2ND STREET,West End,WEST END,20000.0,,0.18,,,,Zoned Residential,Residential,False,,7840.799999999999,Single-family,False,< 0.25 ac,20000.0,2.5507601265177025,False,False,False,False,False,False,False,False
Pending,A11993309,5940 Florida Other,6359 Brookridge St,Port Charlotte,PORT CHARLOTTE SEC 62,19999.0,,0.22,,,,Zoned Residential,Residential,False,,9583.2,Single-family,False,< 0.25 ac,19999.0,2.086881208782035,False,False,False,False,False,False,False,False
Pending,A11992785,5940 Florida Other,1338 Dewitt St,Port Charlotte,PORT CHARLOTTE,19999.0,,0.22,,,,Zoned Residential,Residential,False,,9583.2,Single-family,False,< 0.25 ac,19999.0,2.086881208782035,False,False,False,False,False,False,False,False
Pending,A11976010,5560,609 SW 8th St,Rutledge,RUTLEDGE,19000.0,,0.07,3075.0,,¤R2 (city,Zoned Multifamily,Residential,False,,3075.0,Multifamily,False,< 0.25 ac,19000.0,6.178861788617886,False,False,False,False,False,False,False,False
Pending,A11866739,5940 Florida Other,5265 NERVIA ST,Sun Lk Seb,SUN N LK SEB UNIT 12,19000.0,,0.1691,,,,Zoned Multifamily,Residential,False,,7365.996,Multifamily,False,< 0.25 ac,19000.0,2.579420352658351,False,False,False,False,False,False,False,False
Pending,R11006049,5940 Florida Other,379 Cory Street,Port Charlotte,PORT CHARLOTTE SEC 47,17500.0,,0.2296,,Less Than 1/4 Acre Lot,RSF3.5,,Unimproved Agri/Recreatn/Moblhome,False,Paved Road,10001.376,Single-family,False,< 0.25 ac,17500.0,1.7497592331295213,False,False,False,False,False,False,False,False
Pending,A11992715,5940 Florida Other,13475 Petersburg,Port Charlotte,PORT CHARLOTTE,17499.0,,0.22,,,,Zoned Residential,Residential,False,,9583.2,Single-family,False,< 0.25 ac,17499.0,1.8260080140245427,False,False,False,False,False,False,False,False
Pending,B26040834,5940 Florida Other,723 Bianca Avenue,Lehigh Acres,LEHIGH ACRES UNIT 5,17000.0,,0.2546,,"1/4 To Less Than 1/2 Acre Lot, Corner Lot, Less Than 1 Acre, Oversized Lot",RS-1,,Unimproved Agri/Recreatn/Moblhome,False,"County Road, City/County Maintained, Paved Road",11090.376,Single-family,False,0.25–0.5 ac,17000.0,1.5328605630683756,True,False,False,False,True,False,False,False
Pending,A11852404,5940 Florida Other,4222 E 29th st,Lehigh Acres,LEHIGH ACRES,16900.0,,0.28,,,,Zoned Residential,Residential,False,,12196.800000000001,Single-family,False,0.25–0.5 ac,16900.0,1.3856093401547946,False,False,False,False,False,False,False,False
Pending,A11915111,5940 Florida Other,1146 Della Tobias Ave,Harlem,HARLEM,16500.0,,0.11,,,,Zoned Residential,Residential,False,,4791.6,Single-family,False,< 0.25 ac,16500.0,3.443526170798898,False,False,False,False,False,False,False,False
Pending,A12025634,5940 Florida Other,3203 73rd ST W,Lehigh Acres,LEHIGH ACRES,16000.0,,0.25,10890.0,,,Zoned Residential,Residential,False,,10890.0,Single-family,False,0.25–0.5 ac,16000.0,1.4692378328741964,False,False,False,False,False,False,False,False
Pending,F10550819,6240 NW Okeechobee County,15578 280th Street,Southern Colonization,SOUTHERN COLONIZATION,15000.0,,1.25,54560.0,,,Zoned Residential,Unimproved Agri/Recreatn/Moblhome,False,,54560.0,Single-family,False,1–2 ac,15000.0,0.2749266862170088,False,False,False,False,False,False,False,False
Pending,R11157621,7070,Xxx N 22nd Street,Alamanda Vista,ALAMANDA VISTA S/D,15000.0,,0.08,,"Less Than 1/4 Acre Lot, West Of US 1",Medium Density,,Unimproved Agri/Recreatn/Moblhome,False,"City/County Maintained, Paved Road, Public Road",3484.8,,False,< 0.25 ac,15000.0,4.304407713498622,False,False,False,False,False,False,False,True
Pending,R11159822,5940 Florida Other,14316 Chamberlain Boulevard,Port Charlotte,PORT CHARLOTTE SEC 24,14500.0,,0.2524,,1/4 To Less Than 1/2 Acre Lot,RSF3.5,,Unimproved Agri/Recreatn/Moblhome,False,Paved Road,10994.544,Single-family,False,0.25–0.5 ac,14500.0,1.3188359608183842,False,False,False,False,False,False,False,False
Pending,A11892293,5940 Florida Other,9036-1175-07 0,Silver Springs Shores,SILVER SPRINGS SHORES,14500.0,,0.23,10019.0,,R1/SINGLE FAMILY DWE,Zoned Residential,Residential,False,,10019.0,Single-family,False,< 0.25 ac,14500.0,1.4472502245733108,False,False,False,False,False,False,False,False
Pending,R10989320,5940 Florida Other,0 Hocking Street,Compass Lake Hills,COMPASS LAKE HILLS,13400.0,,1.1867,,1 To Less Than 2 Acre Lot,RES,,Unimproved Agri/Recreatn/Moblhome,False,,51692.652,Single-family,False,1–2 ac,13400.0,0.2592244638561009,False,False,False,False,False,False,False,False
Pending,R11159825,5940 Florida Other,543 Eppinger Drive,Port Charlotte,PORT CHARLOTTE SEC 24,12500.0,,0.2296,,Less Than 1/4 Acre Lot,RSF3.5,,Unimproved Agri/Recreatn/Moblhome,False,Paved Road,10001.376,Single-family,False,< 0.25 ac,12500.0,1.2498280236639439,False,False,False,False,False,False,False,False
Pending,R11122447,5940 Florida Other,6632 N Sand Drive,Citrus Springs,CITRUS SPRINGS UNIT 22,12000.0,,0.2296,,Less Than 1/4 Acre Lot,RUR,,Unimproved Agri/Recreatn/Moblhome,False,County Road,10001.376,,False,< 0.25 ac,12000.0,1.199834902717386,False,False,False,False,False,False,False,False
Pending,R11161005,5940 Florida Other,0 Palm Avenue,Indian Lake Estates,INDIAN LAKE ESTATES UNIT 0,11000.0,,0.5004,,"1/2 To Less Than 3/4 Acre Lot, Less Than 1 Acre",res,,Unimproved Agri/Recreatn/Moblhome,False,Private Road,21797.424,Single-family,False,0.5–0.75 ac,11000.0,0.5046467876204087,False,False,False,False,False,False,False,False
Pending,R11160306,5940 Florida Other,3131 Kennedy Avenue,Leisure Lakes,LEISURE LAKES SEC 10,9999.0,,0.3,,1/4 To Less Than 1/2 Acre Lot,R3,,Unimproved Agri/Recreatn/Moblhome,False,,13068.0,,False,0.25–0.5 ac,9999.0,0.7651515151515151,False,False,False,False,False,False,False,False
Pending,A11922058,41,7 No Address,Pines,THE PINES,9000.0,,0.02,930.0,,¤5700,Zoned Residential,Residential,False,,930.0,Single-family,False,< 0.25 ac,9000.0,9.67741935483871,False,False,False,False,False,False,False,False
Pending,R11127799,5940 Florida Other,422 Thomas Alley,Roberts City Subdivision,"ROBERTS CITY SUBDIVISION,",6999.0,,0.28,,1/4 To Less Than 1/2 Acre Lot,Residential,,Unimproved Agri/Recreatn/Moblhome,False,City/County Maintained,12196.800000000001,Single-family,False,0.25–0.5 ac,6999.0,0.5738390397481306,False,False,False,False,False,False,False,False
Pending,A12043694,5940 Florida Other,0 HWY 60 E,Lake Wales,LAKE WALES,6000.0,,1.25,54337.0,,,Zoned Residential,Residential,False,,54337.0,Single-family,False,1–2 ac,6000.0,0.11042199606161547,False,False,False,False,False,False,False,False
Pending,A12043693,5940 Florida Other,0 Unknown,Ochopee,OCHOPEE,5000.0,,5.0,217800.0,,,Zoned Residential,Residential,False,,217800.0,Single-family,False,5–10 ac,5000.0,0.02295684113865932,False,False,False,False,False,False,False,False
Pending,A12043324,5940 Florida Other,0 Cross Seminole Trail,Ochopee,OCHOPEE,5000.0,,5.0,217800.0,,,Zoned Residential,Residential,False,,217800.0,Single-family,False,5–10 ac,5000.0,0.02295684113865932,False,False,False,False,False,False,False,False
Pending,A11941469,5940 Florida Other,0 Holopaw Groves Rd,Suburban Estates Uni,SUBURBAN ESTATES UNI,5000.0,,1.259,54830.0,,,Zoned Residential,Other,False,,54830.0,Single-family,False,1–2 ac,5000.0,0.09119095385737735,False,False,False,False,False,False,False,False
Pending,A11911569,5940 Florida Other,0000 0000,Silver City,SILVER CITY,3500.0,,0.07,,,,Zoned Residential,Residential,False,,3049.2000000000003,Single-family,False,< 0.25 ac,3500.0,1.147842056932966,False,False,False,False,False,False,False,False
