status,neighborhood,ptype,list_price,sqft,ask_ppsf,pred_ppsf,gap_pct,waterfront,flag
Active,Four Seasons,Condo,499000.0,1982.0,252.0,1083.0,-76.8,True,Underpriced
Active,Four Seasons,Condo,460000.0,1630.0,282.0,1111.0,-74.6,True,Underpriced
Active,Four Seasons,Condo,519000.0,1700.0,305.0,1074.0,-71.6,True,Underpriced
Active,Carver Park,Single Family,319900.0,1408.0,227.0,769.0,-70.5,False,Underpriced
Active,East Point Towers Condomin,Condo,185000.0,1005.0,184.0,518.0,-64.5,True,Underpriced
Active,Club Resort Residences,Condo,250000.0,978.0,256.0,660.0,-61.3,True,Underpriced
Pending,Lauderdale Manors,Single Family,155000.0,1248.0,124.0,316.0,-60.7,False,Underpriced
Active,Four Seasons,Condo,820000.0,1952.0,420.0,1065.0,-60.6,True,Underpriced
Active,Four Seasons,Condo,820000.0,1770.0,463.0,1101.0,-57.9,True,Underpriced
Active,Dorsey Park Third,Single Family,439000.0,1432.0,307.0,718.0,-57.3,False,Underpriced
Pending,Four Seasons,Condo,849000.0,1770.0,480.0,1110.0,-56.8,True,Underpriced
Active,Four Seasons,Condo,895000.0,1770.0,506.0,1135.0,-55.4,True,Underpriced
Pending,Village Harbor Beach Co,Condo,175000.0,900.0,194.0,432.0,-55.0,False,Underpriced
Active,Club Resort Residences,Condo,179000.0,584.0,307.0,679.0,-54.9,True,Underpriced
Active,Club Resort Residences,Condo,265000.0,868.0,305.0,669.0,-54.4,True,Underpriced
Active,Edgewood,Single Family,479000.0,2191.0,219.0,457.0,-52.2,False,Underpriced
Active,Club Resort Residences,Condo,179900.0,533.0,338.0,689.0,-51.0,True,Underpriced
Pending,Harwick House Inc,Condo,150000.0,670.0,224.0,448.0,-50.1,False,Underpriced
Active,Four Seasons,Condo,584900.0,1402.0,417.0,834.0,-50.0,False,Underpriced
Active,North Lauderdale,Single Family,569900.0,1205.0,473.0,942.0,-49.8,False,Underpriced
Active,North Lauderdale,Single Family,569900.0,1196.0,477.0,943.0,-49.5,False,Underpriced
Pending,Lauderdale Manors,Single Family,232000.0,1318.0,176.0,337.0,-47.8,False,Underpriced
Active,Mayfair Arms Co Op Mayfair Arms,Condo,325000.0,1150.0,283.0,534.0,-47.1,True,Underpriced
Active,Lauderdale Homesites Firs,Single Family,350000.0,850.0,412.0,774.0,-46.8,False,Underpriced
Active,Sky Harbour East,Condo,599000.0,2161.0,277.0,514.0,-46.1,True,Underpriced
Pending,Almeda,Single Family,550000.0,2090.0,263.0,486.0,-45.9,False,Underpriced
Active,Embassy Tower Inc,Condo,235000.0,900.0,261.0,479.0,-45.5,False,Underpriced
Active,Majestic Gardens Condomini Majestic Gardens Condomin,Condo,105000.0,760.0,138.0,253.0,-45.4,False,Underpriced
Pending,Lauderdale Tower,Condo,172000.0,730.0,236.0,427.0,-44.8,True,Underpriced
Active,Village Harbor Beach,Condo,165000.0,685.0,241.0,429.0,-43.9,False,Underpriced
Pending,Everglades House,Condo,775000.0,2650.0,292.0,520.0,-43.7,True,Underpriced
Active,Atlantic Towers Co Op,Condo,314900.0,1329.0,237.0,421.0,-43.7,False,Underpriced
Pending,Lauderdale,Single Family,1295000.0,3050.0,425.0,753.0,-43.6,False,Underpriced
Pending,Lauderdale Beach Surf Apts,Condo,249000.0,800.0,311.0,550.0,-43.5,True,Underpriced
Active,Holiday Heights,Single Family,1395000.0,2496.0,559.0,987.0,-43.4,False,Underpriced
Pending,Progresso,Single Family,364000.0,1392.0,261.0,453.0,-42.3,False,Underpriced
Active,Club Resort Residences,Condo,229500.0,584.0,393.0,679.0,-42.2,True,Underpriced
Active,Village Harbor Beach Co,Condo,169900.0,685.0,248.0,429.0,-42.2,False,Underpriced
Active,Tennis Club Ii Courts Cond,Condo,135000.0,968.0,139.0,241.0,-42.1,False,Underpriced
Active,Atlantic Towers Co Op,Condo,299000.0,1293.0,231.0,398.0,-41.9,False,Underpriced
Active,Cliff Lake Villas,Condo,184900.0,800.0,231.0,397.0,-41.8,True,Underpriced
Active,Club Resort Residences,Condo,238500.0,584.0,408.0,695.0,-41.2,True,Underpriced
Active,Coral Brook,Single Family,949000.0,2485.0,382.0,647.0,-41.0,True,Underpriced
Active,Port,Condo,419900.0,1475.0,285.0,483.0,-41.0,False,Underpriced
Active,Lauderdale,Single Family,724999.0,2413.0,300.0,508.0,-40.8,False,Underpriced
Active,Manor Grove Village One,Condo,249900.0,1180.0,212.0,358.0,-40.8,True,Underpriced
Pending,River Highlands Amen,Single Family,250000.0,966.0,259.0,434.0,-40.3,False,Underpriced
Active,Breakwater Towers Co Op,Condo,259500.0,1036.0,250.0,418.0,-40.1,False,Underpriced
Active,Las Olas,Condo,400000.0,1447.0,276.0,461.0,-40.0,False,Underpriced
Active,Sky Harbour East,Condo,670000.0,2161.0,310.0,516.0,-39.9,True,Underpriced
Pending,Park Place,Condo,175000.0,830.0,211.0,351.0,-39.9,False,Underpriced
Active,Sailboat Bend,Single Family,1075000.0,2723.0,395.0,655.0,-39.8,False,Underpriced
Pending,Lakeridge Poinsettiaheight,Single Family,2500000.0,3430.0,729.0,1203.0,-39.4,False,Underpriced
Active,Tudor Manor,Condo,194000.0,740.0,262.0,433.0,-39.4,False,Underpriced
Active,Club Resort Residences,Condo,269000.0,662.0,406.0,670.0,-39.3,True,Underpriced
Active,Atlantic Hotel,Condo,385000.0,990.0,389.0,638.0,-39.0,True,Underpriced
Active,Las Olas,Condo,339000.0,1148.0,295.0,484.0,-38.9,False,Underpriced
Active,Village Harbor Beach,Condo,179999.0,685.0,263.0,429.0,-38.8,False,Underpriced
Active,Cliff Lake Villas Co Op,Condo,135000.0,800.0,169.0,275.0,-38.6,False,Underpriced
Active,Club Resort Residences,Condo,229500.0,533.0,431.0,702.0,-38.6,True,Underpriced
Active,Sky Harbour East,Condo,684900.0,2161.0,317.0,516.0,-38.6,True,Underpriced
Active,Breakwater Towers Co Op,Condo,225000.0,805.0,280.0,455.0,-38.5,False,Underpriced
Active,Las Olas,Condo,320000.0,816.0,392.0,637.0,-38.4,True,Underpriced
Active,Progresso,Single Family,615000.0,2248.0,274.0,443.0,-38.3,False,Underpriced
Active,Quarterdeck Condominium,Condo,254000.0,1008.0,252.0,408.0,-38.2,True,Underpriced
Active,Atlantic Hotel,Condo,385000.0,975.0,395.0,637.0,-38.0,True,Underpriced
Pending,Ft Lauderdale Land Dev,Townhouse,521000.0,2046.0,255.0,409.0,-37.8,False,Underpriced
Active,Everglades Land Sales Co Harbor Vista Townhome,Townhouse,675000.0,1826.0,370.0,589.0,-37.2,False,Underpriced
Active,Verena Park,Single Family,699000.0,2273.0,308.0,490.0,-37.2,False,Underpriced
Active,Village Harbor Beach,Condo,185000.0,685.0,270.0,429.0,-37.1,False,Underpriced
Pending,Victoria Park,Single Family,950000.0,2191.0,434.0,685.0,-36.7,False,Underpriced
Active,Middle River Tower,Condo,239000.0,800.0,299.0,471.0,-36.6,True,Underpriced
Active,Nautical Towers,Condo,399500.0,1473.0,271.0,427.0,-36.6,False,Underpriced
Active,Osceola Park,Single Family,620000.0,1986.0,312.0,492.0,-36.6,False,Underpriced
Pending,Dorsey Park Second,Single Family,259900.0,1272.0,204.0,320.0,-36.2,False,Underpriced
Active,Breakwater Towers Co Op Breakwater Towers,Condo,280000.0,805.0,348.0,545.0,-36.2,True,Underpriced
Active,Manor Grove Village One In,Condo,132000.0,750.0,176.0,275.0,-36.1,False,Underpriced
Active,Atlantic Hotel,Condo,397000.0,975.0,407.0,637.0,-36.1,True,Underpriced
Pending,Runaway Bay,Condo,165000.0,870.0,190.0,295.0,-35.8,False,Underpriced
Active,Progresso,Single Family,499999.0,1904.0,263.0,409.0,-35.8,False,Underpriced
Active,Quarterdeck,Condo,270000.0,1008.0,268.0,416.0,-35.7,True,Underpriced
Active,Club Resort Residences,Condo,449000.0,1028.0,437.0,677.0,-35.5,True,Underpriced
Active,Breakwater Towers Co Op Breakwater Towers,Condo,365000.0,1293.0,282.0,438.0,-35.5,False,Underpriced
Active,Village Harbor Beach,Condo,189900.0,685.0,277.0,429.0,-35.4,False,Underpriced
Pending,Leisure Beach Condominium,Condo,190000.0,647.0,294.0,450.0,-34.8,False,Underpriced
Pending,Valentines,Single Family,699900.0,2107.0,332.0,509.0,-34.8,False,Underpriced
Active,Embassy Tower Ii Inc Cond Embassy Tower,Condo,345000.0,1200.0,288.0,441.0,-34.7,False,Underpriced
Active,Marina Del Mar,Condo,260000.0,975.0,267.0,408.0,-34.7,True,Underpriced
Active,Dorsey Park Th,Single Family,445900.0,1442.0,309.0,473.0,-34.6,True,Underpriced
Active,Waverly Place,Single Family,600000.0,2498.0,240.0,366.0,-34.4,False,Underpriced
Active,Lauderdale Tower,Condo,204900.0,730.0,281.0,427.0,-34.3,True,Underpriced
Active,Dorsey Park Th,Single Family,459900.0,1600.0,287.0,436.0,-34.1,True,Underpriced
Active,Las Olas,Condo,440000.0,1447.0,304.0,461.0,-34.0,False,Underpriced
Active,Drake Tower,Condo,169000.0,850.0,199.0,301.0,-33.9,True,Underpriced
Pending,Osceola Park,Single Family,385000.0,1229.0,313.0,473.0,-33.8,False,Underpriced
Active,Everglades Club,Condo,425000.0,1369.0,310.0,468.0,-33.7,False,Underpriced
Active,Lake Mayan Apts Co Op Lake Mayan Apartments,Condo,240000.0,640.0,375.0,564.0,-33.5,True,Underpriced
Active,Village Sailboat Bend,Townhouse,512888.0,1977.0,259.0,390.0,-33.5,True,Underpriced
Active,Progresso,Single Family,498000.0,1428.0,349.0,522.0,-33.2,False,Underpriced
Active,Club Resort Residence Beach House Hilton,Condo,265000.0,584.0,454.0,679.0,-33.2,True,Underpriced
Active,Club Resort Residence Beach House Hilton,Condo,245000.0,533.0,460.0,687.0,-33.0,True,Underpriced
Active,Manor Grove Village One Manor Grove Village,Condo,139900.0,750.0,187.0,276.0,-32.5,False,Underpriced
Active,Las Olas,Condo,375000.0,1148.0,327.0,484.0,-32.5,False,Underpriced
Active,Tarpon River,Single Family,1025000.0,2340.0,438.0,649.0,-32.5,True,Underpriced
Active,Las Olas,Condo,458000.0,1447.0,317.0,469.0,-32.5,False,Underpriced
Active,Manor Grove Village One In,Condo,139900.0,750.0,187.0,275.0,-32.3,False,Underpriced
Active,Atlantic Towers Co Op,Condo,225000.0,805.0,280.0,413.0,-32.3,False,Underpriced
Active,Sunrise East,Condo,699000.0,1900.0,368.0,543.0,-32.2,True,Underpriced
Active,Wilton Shores East,Condo,159000.0,925.0,172.0,253.0,-32.1,True,Underpriced
Active,Las Olas,Single Family,2774999.0,4036.0,688.0,1012.0,-32.1,False,Underpriced
Active,Village Harbor Beach Co,Condo,200000.0,685.0,292.0,429.0,-32.0,False,Underpriced
Pending,Tropical Gardens,Single Family,1720000.0,3678.0,468.0,686.0,-31.9,True,Underpriced
Active,Edgewater Estates,Single Family,1275000.0,2582.0,494.0,725.0,-31.9,True,Underpriced
Active,Atlantic Towers Co Op,Condo,299000.0,805.0,371.0,543.0,-31.7,True,Underpriced
Active,Gallery One,Condo,109000.0,617.0,177.0,258.0,-31.5,True,Underpriced
Active,Gallery One,Condo,100000.0,554.0,181.0,263.0,-31.3,True,Underpriced
Active,Las Olas,Condo,294000.0,894.0,329.0,479.0,-31.3,False,Underpriced
Active,Horizon House,Condo,169000.0,710.0,238.0,346.0,-31.2,False,Underpriced
Active,Marine Tower,Condo,250000.0,870.0,287.0,416.0,-30.9,True,Underpriced
Pending,Nuriver Landing,Condo,399000.0,1246.0,320.0,462.0,-30.7,True,Underpriced
Pending,Yellowstone Park Amen Pla,Single Family,999768.0,2580.0,388.0,558.0,-30.6,False,Underpriced
Active,Victoria Park,Condo,190000.0,850.0,224.0,322.0,-30.6,False,Underpriced
Active,Ocean Garden,Condo,287495.0,930.0,309.0,446.0,-30.6,False,Underpriced
Active,Wilton Terrace,Condo,95000.0,670.0,142.0,204.0,-30.5,False,Underpriced
Active,Lauderdale Manors,Single Family,599000.0,1800.0,333.0,478.0,-30.4,False,Underpriced
Active,Ocean Sunrise Co Op Ocean Sunrise,Condo,159900.0,650.0,246.0,353.0,-30.3,False,Underpriced
Active,Village Harbor Beach Co,Condo,280000.0,932.0,300.0,431.0,-30.3,False,Underpriced
Active,River Oak,Single Family,1175000.0,2508.0,469.0,671.0,-30.2,False,Underpriced
Pending,Sea Tower,Condo,299000.0,769.0,389.0,557.0,-30.2,True,Underpriced
Active,Club Resort Residences,Condo,588999.0,1308.0,450.0,644.0,-30.1,True,Underpriced
Pending,East Shore,Condo,210000.0,598.0,351.0,501.0,-29.9,False,Underpriced
Active,Beachside Apts Co Op,Condo,249900.0,880.0,284.0,405.0,-29.9,False,Underpriced
Active,Progresso,Single Family,559000.0,2034.0,275.0,391.0,-29.8,False,Underpriced
Active,Plaza,Condo,199999.0,720.0,278.0,396.0,-29.8,True,Underpriced
Active,Village Harbor Beach,Condo,208000.0,685.0,304.0,432.0,-29.8,False,Underpriced
Active,Cliff Lake Villas Co Op,Condo,155000.0,800.0,194.0,275.0,-29.5,False,Underpriced
Active,Victoria Park,Condo,164000.0,690.0,238.0,337.0,-29.4,False,Underpriced
Pending,Berkley South,Condo,289000.0,1328.0,218.0,308.0,-29.3,False,Underpriced
Active,Michelle Ii,Townhouse,805600.0,2120.0,380.0,537.0,-29.2,False,Underpriced
Active,Michelle Ii,Townhouse,805600.0,2120.0,380.0,537.0,-29.2,False,Underpriced
Pending,Drake Tower,Condo,169900.0,790.0,215.0,303.0,-29.1,True,Underpriced
Active,Harbor View Apts,Condo,275000.0,1016.0,271.0,380.0,-28.9,True,Underpriced
Pending,Waverly Las Olas,Condo,399000.0,1321.0,302.0,424.0,-28.8,False,Underpriced
Active,Rio Nuevo,Condo,239000.0,1000.0,239.0,335.0,-28.6,True,Underpriced
Active,Place Des Arts,Condo,1900000.0,4445.0,427.0,598.0,-28.5,True,Underpriced
Active,Watergarden,Condo,374000.0,820.0,456.0,637.0,-28.4,True,Underpriced
Active,Las Olas,Condo,389000.0,1120.0,347.0,485.0,-28.4,False,Underpriced
Active,Manor Grove Village One Wilton Manors,Condo,155000.0,750.0,207.0,288.0,-28.3,False,Underpriced
Active,Nurmi Isles,Single Family,7450000.0,6184.0,1205.0,1680.0,-28.3,True,Underpriced
Active,Breakwater Towers Co Op,Condo,225000.0,750.0,300.0,418.0,-28.2,False,Underpriced
Active,Club Resort Residence Club,Condo,329000.0,906.0,363.0,506.0,-28.2,False,Underpriced
Active,Gallery One,Condo,115000.0,617.0,186.0,260.0,-28.2,True,Underpriced
Active,Port Repose Co Op,Condo,244900.0,580.0,422.0,588.0,-28.1,True,Underpriced
Active,Dorsey Park Third,Single Family,355000.0,918.0,387.0,537.0,-28.0,False,Underpriced
Active,Highland Estates,Townhouse,575000.0,2294.0,251.0,348.0,-28.0,False,Underpriced
Active,Colonial Manor East Apart Colonial Manor East,Condo,199000.0,806.0,247.0,342.0,-27.8,False,Underpriced
Pending,Lauderdale Beach,Single Family,1999999.0,2499.0,800.0,1109.0,-27.8,False,Underpriced
Active,Michelle Ii,Townhouse,863020.0,2242.0,385.0,533.0,-27.8,False,Underpriced
Active,Lauderdale Lot Bl,Single Family,599000.0,2034.0,294.0,407.0,-27.7,False,Underpriced
Active,Dolphin Isles,Single Family,3000000.0,3418.0,878.0,1214.0,-27.7,False,Underpriced
Active,Las Olas,Condo,285500.0,816.0,350.0,484.0,-27.7,False,Underpriced
Active,Lake Park,Single Family,799000.0,1835.0,435.0,602.0,-27.7,True,Underpriced
Active,Progresso,Single Family,405000.0,1331.0,304.0,420.0,-27.5,False,Underpriced
Active,Gallery One By Hilton,Condo,155000.0,554.0,280.0,386.0,-27.5,False,Underpriced
Active,Marina Del Mar Condomini,Condo,187500.0,670.0,280.0,385.0,-27.4,True,Underpriced
Active,Sole Fort Lauderdale Co,Condo,239000.0,960.0,249.0,342.0,-27.3,False,Underpriced
Active,Las Olas,Condo,439000.0,1136.0,386.0,531.0,-27.3,False,Underpriced
Active,Beach Shore Apts Co Op,Condo,230000.0,748.0,307.0,423.0,-27.3,False,Underpriced
Pending,Dorsey Park First,Single Family,479900.0,1600.0,300.0,412.0,-27.2,False,Underpriced
Active,Las Olas,Condo,285000.0,808.0,353.0,484.0,-27.2,False,Underpriced
Active,Leisure Sands,Condo,224500.0,690.0,325.0,447.0,-27.2,False,Underpriced
Active,Rio Vista,Single Family,3400000.0,4150.0,819.0,1126.0,-27.2,False,Underpriced
Active,Gateway Arms,Condo,199900.0,800.0,250.0,343.0,-27.1,False,Underpriced
Pending,Tides Bridgewater,Condo,549000.0,1170.0,469.0,643.0,-27.1,True,Underpriced
Active,Victoria Park,Single Family,2200000.0,3276.0,672.0,919.0,-27.0,False,Underpriced
Active,Ft Lauderdale Land Dev,Townhouse,515000.0,1650.0,312.0,428.0,-27.0,False,Underpriced
Active,Harwick House,Condo,220000.0,670.0,328.0,450.0,-27.0,False,Underpriced
Active,Caravel Condominium,Condo,187000.0,900.0,208.0,284.0,-26.9,False,Underpriced
Active,Tarpon River,Single Family,1425000.0,2556.0,558.0,763.0,-26.9,True,Underpriced
Active,Marina Del Mar,Condo,189000.0,670.0,282.0,385.0,-26.8,True,Underpriced
Active,Lauderdale Tower Condos,Condo,344500.0,1040.0,331.0,452.0,-26.7,True,Underpriced
Active,Breakwater Towers Co Op,Condo,319000.0,1036.0,308.0,420.0,-26.6,False,Underpriced
Active,Marine Tower,Condo,490000.0,1706.0,287.0,391.0,-26.6,True,Underpriced
Active,South Coral Point,Single Family,1595000.0,2851.0,559.0,760.0,-26.4,True,Underpriced
Active,Manor Grove Village One In,Condo,259000.0,1180.0,219.0,298.0,-26.4,False,Underpriced
Active,Croissant Park,Single Family,820000.0,2416.0,339.0,461.0,-26.4,False,Underpriced
Pending,Las Olas,Condo,479900.0,1346.0,357.0,483.0,-26.2,False,Underpriced
Active,Hendricks Heights,Single Family,889000.0,2236.0,398.0,539.0,-26.2,False,Underpriced
Active,Harbor View Apts Harbor View,Condo,289900.0,966.0,300.0,406.0,-26.1,True,Underpriced
Pending,Dorsey Park Second,Single Family,530000.0,1410.0,376.0,509.0,-26.1,False,Underpriced
Active,Marina Del Mar,Condo,294000.0,1070.0,275.0,371.0,-26.0,True,Underpriced
Active,Las Olas,Condo,285000.0,793.0,359.0,486.0,-26.0,False,Underpriced
Pending,River Reach,Condo,199900.0,900.0,222.0,300.0,-25.9,True,Underpriced
Pending,Hillmont Middle River Vis,Single Family,349500.0,1406.0,249.0,335.0,-25.9,False,Underpriced
Active,Ocean Resort Residences,Condo,449000.0,730.0,615.0,829.0,-25.8,True,Underpriced
Active,Club Resort Residence Hilton,Condo,625000.0,1308.0,478.0,644.0,-25.8,True,Underpriced
Active,Manor Grove Village,Condo,169000.0,750.0,225.0,302.0,-25.5,False,Underpriced
Active,Crossroads,Condo,250000.0,960.0,260.0,349.0,-25.4,False,Underpriced
Active,Nuriver Landing,Condo,472000.0,1246.0,379.0,507.0,-25.2,True,Underpriced
Pending,Highland Estates,Townhouse,600000.0,2294.0,262.0,349.0,-25.1,False,Underpriced
Active,Manor Grove Village One In,Condo,155000.0,750.0,207.0,275.0,-25.0,False,Underpriced
Pending,Terraces Isles Cond Terraces Isles,Condo,1190000.0,2600.0,458.0,609.0,-24.9,True,Underpriced
Active,Bayshore Embassy,Condo,324900.0,1000.0,325.0,432.0,-24.8,False,Underpriced
Active,Quarterdeck Condominium,Condo,309000.0,1008.0,307.0,408.0,-24.8,True,Underpriced
Active,Club Resort Residences,Condo,345000.0,906.0,381.0,506.0,-24.8,False,Underpriced
Active,Holmberg Mc Kees,Single Family,3100000.0,3880.0,799.0,1061.0,-24.7,False,Underpriced
Pending,Everglades House,Condo,669900.0,1688.0,397.0,526.0,-24.6,True,Underpriced
Active,Gallery One,Condo,95000.0,470.0,202.0,268.0,-24.5,True,Underpriced
Active,Beach Shore Apts Co Op,Condo,239000.0,748.0,320.0,423.0,-24.5,False,Underpriced
Active,Maya Marca,Condo,645000.0,1609.0,401.0,531.0,-24.5,True,Underpriced
Active,Everglades House,Condo,499000.0,1205.0,414.0,549.0,-24.5,True,Underpriced
Pending,Victoria Highlands,Single Family,1688000.0,3011.0,561.0,742.0,-24.5,False,Underpriced
Active,Berkley South,Condo,309000.0,1328.0,233.0,308.0,-24.4,False,Underpriced
Active,Venezia,Condo,1899000.0,4120.0,461.0,610.0,-24.4,True,Underpriced
Active,Gallery One,Condo,109000.0,548.0,199.0,263.0,-24.4,True,Underpriced
Active,Le Club International Cond,Condo,1250000.0,2630.0,475.0,628.0,-24.4,True,Underpriced
Active,Pine Crest Village Ii,Condo,320000.0,1280.0,250.0,330.0,-24.2,False,Underpriced
Pending,Floral Ridge,Single Family,595000.0,1898.0,313.0,412.0,-23.9,False,Underpriced
Active,Leisure Beach,Condo,328000.0,756.0,434.0,570.0,-23.8,True,Underpriced
Active,Progresso,Single Family,679900.0,1362.0,499.0,655.0,-23.8,False,Underpriced
Active,Ocean Sunrise Co Op Ocean Sunrise,Condo,175000.0,650.0,269.0,353.0,-23.7,False,Underpriced
Active,Lake Ridge,Single Family,1565000.0,2502.0,625.0,819.0,-23.6,False,Underpriced
Active,Lakeland,Single Family,1500000.0,2685.0,559.0,731.0,-23.6,True,Underpriced
Active,Las Olas,Condo,435000.0,1306.0,333.0,435.0,-23.5,False,Underpriced
Active,Point Americas,Condo,1349000.0,3003.0,449.0,588.0,-23.5,True,Underpriced
Active,Berkley South,Condo,239900.0,995.0,241.0,315.0,-23.5,False,Underpriced
Active,Victoria Park,Condo,178000.0,690.0,258.0,337.0,-23.4,False,Underpriced
Active,Shady Banks,Single Family,899000.0,2764.0,325.0,424.0,-23.3,False,Underpriced
Active,Graceland Park,Single Family,2695000.0,3741.0,720.0,940.0,-23.3,False,Underpriced
Active,Tides Bridgeside,Condo,375000.0,750.0,500.0,651.0,-23.2,True,Underpriced
Pending,Victoria Park,Condo,210000.0,850.0,247.0,322.0,-23.2,False,Underpriced
Active,Manor Grove Village Con Manor Grove Village,Condo,209000.0,750.0,279.0,363.0,-23.2,True,Underpriced
Pending,Las Olas,Single Family,2600000.0,3616.0,719.0,935.0,-23.1,False,Underpriced
Active,Victoria Park,Condo,179000.0,690.0,259.0,337.0,-23.0,False,Underpriced
Active,Rivers Bend,Condo,320000.0,1196.0,268.0,347.0,-23.0,False,Underpriced
Active,Lago Mar Place,Condo,299000.0,699.0,428.0,554.0,-22.8,True,Underpriced
Active,Victoria Park,Condo,179500.0,690.0,260.0,337.0,-22.8,False,Underpriced
Active,Himmarshee Park,Single Family,5890000.0,6058.0,972.0,1260.0,-22.8,True,Underpriced
Active,Place Des Arts,Condo,1695000.0,3726.0,455.0,587.0,-22.5,True,Underpriced
Active,Lauderdale Park,Single Family,1149000.0,2228.0,516.0,665.0,-22.5,False,Underpriced
Active,Lauderdale Villas,Single Family,439000.0,1716.0,256.0,330.0,-22.5,False,Underpriced
Active,Progresso,Single Family,497900.0,1300.0,383.0,494.0,-22.5,False,Underpriced
Active,Las Olas,Condo,409000.0,1083.0,378.0,487.0,-22.4,False,Underpriced
Active,River Oaks La Preserve,Single Family,1599000.0,2800.0,571.0,735.0,-22.4,True,Underpriced
Active,Lauderdale Park,Single Family,1825000.0,2576.0,708.0,913.0,-22.4,True,Underpriced
Active,Club Resort Residences,Condo,215000.0,380.0,566.0,729.0,-22.4,True,Underpriced
Active,Village Harbor Beach,Condo,295000.0,875.0,337.0,434.0,-22.3,False,Underpriced
Active,Atlantic Towers,Condo,340000.0,805.0,422.0,543.0,-22.3,True,Underpriced
Active,Riverside Amen,Single Family,2895000.0,4751.0,609.0,784.0,-22.3,True,Underpriced
Pending,Chelsea Residences,Townhouse,655000.0,1850.0,354.0,455.0,-22.1,False,Underpriced
Active,Patio,Condo,135000.0,580.0,233.0,299.0,-22.0,False,Underpriced
Active,River Bend,Condo,312000.0,1100.0,284.0,363.0,-21.9,True,Underpriced
Active,Berkley South,Condo,279500.0,1144.0,244.0,313.0,-21.9,False,Underpriced
Active,Tides Bridgeside Squar Tides Bridgeside,Condo,400000.0,790.0,506.0,648.0,-21.8,True,Underpriced
Active,Watergarden,Condo,449000.0,820.0,548.0,699.0,-21.7,True,Underpriced
Active,Rio Vista,Single Family,2295000.0,3083.0,744.0,950.0,-21.7,True,Underpriced
Active,Watergarden,Condo,409000.0,820.0,499.0,637.0,-21.7,True,Underpriced
Active,Port,Single Family,599000.0,1581.0,379.0,483.0,-21.6,False,Underpriced
Active,Gould Isles,Single Family,6250000.0,6019.0,1038.0,1323.0,-21.5,True,Underpriced
Active,Sea Isles,Single Family,5495000.0,5377.0,1022.0,1300.0,-21.4,True,Underpriced
Active,Progresso,Single Family,415000.0,1258.0,330.0,420.0,-21.4,False,Underpriced
Pending,Sole,Condo,259500.0,960.0,270.0,344.0,-21.3,False,Underpriced
Active,Osceola Park,Single Family,636000.0,1926.0,330.0,418.0,-21.1,False,Underpriced
Active,Las Olas,Condo,1499000.0,2950.0,508.0,644.0,-21.1,True,Underpriced
Pending,Wilton Manors First,Single Family,2275000.0,3755.0,606.0,768.0,-21.1,False,Underpriced
Active,Colee Hammock,Single Family,2999000.0,3937.0,762.0,966.0,-21.1,False,Underpriced
Active,City View City View Townhomes,Townhouse,479999.0,1452.0,331.0,419.0,-21.0,False,Underpriced
Active,Manor Grove Village,Condo,179000.0,750.0,239.0,302.0,-21.0,False,Underpriced
Active,Atlantic Hotel,Condo,499000.0,990.0,504.0,638.0,-21.0,True,Underpriced
Active,Leisure Sands,Condo,275000.0,810.0,340.0,429.0,-20.9,False,Underpriced
Active,Sole Fort Lauderdale Co,Condo,380000.0,1270.0,299.0,378.0,-20.9,False,Underpriced
Active,Vue Association,Condo,749000.0,1382.0,542.0,685.0,-20.9,True,Underpriced
Active,Las Olas,Single Family,4800000.0,5000.0,960.0,1212.0,-20.8,False,Underpriced
Active,Vantage View,Condo,369000.0,1100.0,335.0,423.0,-20.7,False,Underpriced
Active,Lauderdale Beach,Single Family,2695000.0,3400.0,793.0,999.0,-20.6,False,Underpriced
Active,Gallery One,Condo,124900.0,548.0,228.0,287.0,-20.5,True,Underpriced
Active,Gallery One,Condo,100000.0,470.0,213.0,268.0,-20.5,True,Underpriced
Active,Rio Nuevo,Condo,249500.0,1020.0,245.0,307.0,-20.5,True,Underpriced
Active,Victoria Park,Single Family,3400000.0,4694.0,724.0,910.0,-20.4,False,Underpriced
Active,Shore Club,Condo,683000.0,1500.0,455.0,571.0,-20.3,True,Underpriced
Active,Jenada Villas,Single Family,695000.0,2465.0,282.0,354.0,-20.3,False,Underpriced
Pending,Lauderdale Villas,Single Family,299900.0,1252.0,240.0,300.0,-20.2,False,Underpriced
Active,Regency House Co Op,Condo,239000.0,858.0,279.0,348.0,-20.0,False,Underpriced
Active,Sutton Place,Condo,159900.0,580.0,276.0,344.0,-20.0,False,Underpriced
Active,Reserve Edgewood Edge On,Townhouse,580000.0,1921.0,302.0,377.0,-19.9,False,Underpriced
Active,Tradewinds By Sea Con,Condo,498900.0,1350.0,370.0,461.0,-19.8,False,Underpriced
Active,Harbor Haven,Condo,369000.0,795.0,464.0,579.0,-19.8,True,Underpriced
Active,Tennis Club Mc Loughlin Co,Condo,269999.0,1496.0,180.0,225.0,-19.8,False,Underpriced
Pending,Stilwell Isles,Single Family,6475000.0,6162.0,1051.0,1309.0,-19.7,True,Underpriced
Active,Harbor View Apts,Condo,329000.0,977.0,337.0,419.0,-19.7,True,Underpriced
Active,Lake Ridge,Single Family,1299000.0,2976.0,436.0,543.0,-19.7,False,Underpriced
Pending,Jackson Tower,Condo,975000.0,1990.0,490.0,609.0,-19.5,True,Underpriced
Pending,Embassy Tower,Condo,424900.0,1200.0,354.0,439.0,-19.4,False,Underpriced
Active,River Shores,Condo,165000.0,850.0,194.0,241.0,-19.4,False,Underpriced
Active,Southdale,Condo,170000.0,750.0,227.0,281.0,-19.4,False,Underpriced
Active,Edge On Th,Townhouse,490000.0,1539.0,318.0,395.0,-19.4,False,Underpriced
Active,North Lauderdale,Single Family,670000.0,1386.0,483.0,599.0,-19.3,False,Underpriced
Active,Tropical Manors,Single Family,1295000.0,2204.0,588.0,728.0,-19.3,True,Underpriced
Active,Leisure Beach,Condo,234900.0,647.0,363.0,450.0,-19.3,False,Underpriced
Active,Idlewyld,Single Family,5395000.0,4539.0,1189.0,1472.0,-19.2,True,Underpriced
Active,Park Ridge North Apts Cond,Condo,280000.0,1000.0,280.0,346.0,-19.1,False,Underpriced
Active,Plaza,Condo,325000.0,1020.0,319.0,394.0,-19.1,True,Underpriced
Active,River Shores,Condo,147000.0,600.0,245.0,303.0,-19.1,True,Underpriced
Active,Breakwater Towers Co Op,Condo,270000.0,805.0,335.0,414.0,-19.1,False,Underpriced
Active,Park Tower,Condo,749000.0,1700.0,441.0,544.0,-19.0,True,Underpriced
Active,Le Cercle By Beach Co Le Cercle,Condo,290000.0,850.0,341.0,421.0,-19.0,False,Underpriced
Active,River Shores,Condo,149000.0,600.0,248.0,306.0,-18.9,True,Underpriced
Active,Embassy Towers,Condo,429000.0,1200.0,358.0,441.0,-18.9,False,Underpriced
Active,Tides Bridgeside Tides Bridgeside Squar,Condo,750000.0,1510.0,497.0,612.0,-18.8,True,Underpriced
Pending,Rio Nuevo,Condo,249000.0,1000.0,249.0,306.0,-18.6,True,Underpriced
Active,Harbour Heights,Single Family,1275000.0,2529.0,504.0,619.0,-18.6,False,Underpriced
Active,Breakwater Towers Co Op Breakwater Towers,Condo,255000.0,750.0,340.0,418.0,-18.6,False,Underpriced
Pending,Sky Harbour East,Condo,399000.0,900.0,443.0,544.0,-18.5,True,Underpriced
Pending,Village Sailboat Bend,Townhouse,465000.0,1853.0,251.0,308.0,-18.4,False,Underpriced
Active,Gallery One,Condo,124900.0,586.0,213.0,261.0,-18.4,True,Underpriced
Active,Halls,Single Family,3295000.0,3407.0,967.0,1184.0,-18.4,False,Underpriced
Active,Sky Harbour East,Condo,399000.0,900.0,443.0,542.0,-18.3,True,Underpriced
Active,Rio Nuervo,Condo,275000.0,1020.0,270.0,330.0,-18.3,True,Underpriced
Active,Sky Harbour East,Condo,400000.0,900.0,444.0,544.0,-18.3,True,Underpriced
Active,Venice,Single Family,6495000.0,5301.0,1225.0,1499.0,-18.2,True,Underpriced
Active,Tides Bridgeside Square,Condo,430000.0,815.0,528.0,645.0,-18.2,True,Underpriced
Active,Progresso,Single Family,550000.0,1600.0,344.0,420.0,-18.1,False,Underpriced
Active,Village Sailboat Bend Sailboat Bend,Townhouse,455000.0,1679.0,271.0,331.0,-18.1,False,Underpriced
Active,Halls,Single Family,2690000.0,3722.0,723.0,881.0,-18.0,False,Underpriced
Active,Birch Crest Apartments Inc,Condo,399000.0,819.0,487.0,594.0,-18.0,True,Underpriced
Active,Victoria Park,Townhouse,899000.0,2652.0,339.0,413.0,-18.0,False,Underpriced
Active,River Highlands Amen,Single Family,2950000.0,4550.0,648.0,789.0,-17.9,True,Underpriced
Active,Leisure Beach,Condo,239000.0,647.0,369.0,450.0,-17.9,False,Underpriced
Active,Almar Estates,Single Family,719000.0,1916.0,375.0,457.0,-17.8,False,Underpriced
Pending,Manor Grove Village Four,Condo,269000.0,1200.0,224.0,273.0,-17.8,False,Underpriced
Active,River Reach,Condo,339900.0,1250.0,272.0,331.0,-17.8,True,Underpriced
Active,Gallery One,Condo,179000.0,836.0,214.0,261.0,-17.8,True,Underpriced
Active,Bal Harbour,Single Family,2200000.0,3400.0,647.0,787.0,-17.8,True,Underpriced
Active,Pelican Isles,Single Family,6900000.0,6301.0,1095.0,1332.0,-17.8,True,Underpriced
Pending,Rio Vista,Single Family,3395000.0,3622.0,937.0,1139.0,-17.7,False,Underpriced
Active,River Oaks,Single Family,840000.0,2464.0,341.0,414.0,-17.7,False,Underpriced
Active,South New River Isles,Single Family,3749990.0,4311.0,870.0,1058.0,-17.7,True,Underpriced
Active,Harbour Heights,Single Family,3250000.0,4565.0,712.0,866.0,-17.7,False,Underpriced
Active,Breakwater Towers Co Op Breakwater Towers,Condo,425000.0,1293.0,329.0,399.0,-17.6,False,Underpriced
Active,Coral Gardens,Single Family,530000.0,1310.0,405.0,491.0,-17.6,False,Underpriced
Active,River Reach,Condo,214999.0,900.0,239.0,290.0,-17.6,True,Underpriced
Active,Shore Club,Condo,709000.0,1500.0,473.0,573.0,-17.6,True,Underpriced
Active,Las Olas,Condo,315000.0,786.0,401.0,486.0,-17.5,False,Underpriced
Active,Seventeen Fifty Las Olas,Condo,320000.0,625.0,512.0,621.0,-17.5,True,Underpriced
Active,Lauderdale,Single Family,575000.0,1476.0,390.0,471.0,-17.2,False,Underpriced
Active,Tropical Manors,Single Family,799000.0,1464.0,546.0,657.0,-16.9,True,Underpriced
Active,Nuriver Landing,Condo,479000.0,1246.0,384.0,462.0,-16.8,True,Underpriced
Active,Gallery One,Condo,120000.0,548.0,219.0,263.0,-16.8,True,Underpriced
Active,Osceola Park,Single Family,437000.0,1194.0,366.0,439.0,-16.7,False,Underpriced
Active,Stilwell Isles,Single Family,7999999.0,7130.0,1122.0,1348.0,-16.7,True,Underpriced
Active,Club Resort Residences,Condo,579999.0,1028.0,564.0,677.0,-16.6,True,Underpriced
Active,Everglades House,Condo,1150000.0,2650.0,434.0,520.0,-16.5,True,Underpriced
Active,Harbor Beach,Single Family,2679000.0,4203.0,637.0,763.0,-16.5,False,Underpriced
Active,Lauderdale Harbors,Single Family,6999999.0,5424.0,1291.0,1544.0,-16.4,True,Underpriced
Active,Pine Crest Village,Condo,325000.0,960.0,339.0,405.0,-16.4,False,Underpriced
Active,Middle River Estates,Single Family,2000000.0,3669.0,545.0,652.0,-16.3,True,Underpriced
Active,Rio Vista,Single Family,3750000.0,4487.0,836.0,998.0,-16.3,False,Underpriced
Active,Beach Breeze Apts Co Op,Condo,299000.0,882.0,339.0,405.0,-16.3,False,Underpriced
Active,Drake Tower,Condo,245000.0,980.0,250.0,298.0,-16.2,True,Underpriced
Active,Drake Tower,Condo,149900.0,775.0,193.0,231.0,-16.2,False,Underpriced
Active,Southampton,Condo,395000.0,1240.0,319.0,380.0,-16.1,True,Underpriced
Active,Manor Grove Village One In,Condo,269000.0,1180.0,228.0,272.0,-16.1,False,Underpriced
Active,Southampton,Condo,395000.0,1240.0,319.0,380.0,-16.1,True,Underpriced
Active,Drake Tower,Condo,214999.0,850.0,253.0,301.0,-15.9,True,Underpriced
Active,Le Cercle By Beach Con,Condo,272500.0,760.0,359.0,426.0,-15.9,False,Underpriced
Active,South New River Isles,Single Family,3350000.0,3795.0,883.0,1048.0,-15.8,True,Underpriced
Active,Jackson Tower Las Olas Con,Condo,890000.0,1722.0,517.0,614.0,-15.8,True,Underpriced
Active,Isles View,Single Family,579999.0,1632.0,355.0,422.0,-15.8,False,Underpriced
Active,Lauder Gate Isles,Single Family,1999999.0,2762.0,724.0,859.0,-15.7,True,Underpriced
Active,Isles Venice Co Op,Condo,1395000.0,3020.0,462.0,547.0,-15.6,True,Underpriced
Active,Progresso,Single Family,565000.0,1615.0,350.0,414.0,-15.5,False,Underpriced
Pending,Las Olas,Single Family,3575000.0,3556.0,1005.0,1189.0,-15.5,False,Underpriced
Active,Tuskegee Park,Single Family,420000.0,1256.0,334.0,395.0,-15.4,False,Underpriced
Active,Breakwater Towers Co Op,Condo,265000.0,750.0,353.0,418.0,-15.4,False,Underpriced
Active,Hillbrook,Single Family,649000.0,1763.0,368.0,435.0,-15.4,False,Underpriced
Active,Jenada Villas,Single Family,790000.0,2023.0,391.0,462.0,-15.4,True,Underpriced
Active,Embassy Tower Ii,Condo,439900.0,900.0,489.0,577.0,-15.3,True,Underpriced
Pending,None,Townhouse,499000.0,2342.0,213.0,251.0,-15.3,False,Underpriced
Active,Caravel Condominium Apartm,Condo,396000.0,1250.0,317.0,374.0,-15.3,True,Underpriced
Active,Colee Hammock,Single Family,4499000.0,4594.0,979.0,1154.0,-15.2,False,Underpriced
Pending,Coral Isles,Single Family,9399000.0,6349.0,1480.0,1746.0,-15.2,True,Underpriced
Active,Le Cercle By Beach Con,Condo,275000.0,760.0,362.0,426.0,-15.2,False,Underpriced
Active,Stilwell Isles Pa,Single Family,6495000.0,6110.0,1063.0,1253.0,-15.2,True,Underpriced
Active,Seasons,Condo,389900.0,710.0,549.0,647.0,-15.1,True,Underpriced
Pending,Progresso,Single Family,700000.0,2085.0,336.0,395.0,-15.0,False,Underpriced
Active,Lauderdale Manors,Single Family,300000.0,1079.0,278.0,327.0,-15.0,False,Underpriced
Active,Horizon House,Condo,209000.0,710.0,294.0,346.0,-15.0,False,Underpriced
Pending,Tradewinds By Sea Cond,Condo,427000.0,1100.0,388.0,456.0,-14.9,False,Underpriced
Active,Lauderdale,Single Family,839000.0,1782.0,471.0,553.0,-14.9,False,Underpriced
Active,Las Olas,Condo,325000.0,786.0,413.0,486.0,-14.9,False,Underpriced
Active,Horizon House,Condo,270000.0,970.0,278.0,327.0,-14.9,False,Underpriced
Active,Place Des Arts,Condo,1999000.0,4134.0,484.0,568.0,-14.8,True,Underpriced
Active,River Reach,Condo,259000.0,1025.0,253.0,297.0,-14.8,True,Underpriced
Active,Harbour Inlet,Single Family,1899000.0,2875.0,661.0,775.0,-14.8,False,Underpriced
Active,Lauderdale Manors,Single Family,380000.0,1303.0,292.0,342.0,-14.8,False,Underpriced
Active,Watergarden,Condo,445000.0,820.0,543.0,637.0,-14.8,True,Underpriced
Active,Strada,Condo,448000.0,1185.0,378.0,443.0,-14.7,False,Underpriced
Active,Corinthian On Intracoa,Condo,575000.0,1500.0,383.0,449.0,-14.6,True,Underpriced
Active,Victoria Highlands Pla,Single Family,3199000.0,4051.0,790.0,925.0,-14.6,False,Underpriced
Active,Sole Fort Lauderdale Co,Condo,365999.0,1240.0,295.0,346.0,-14.6,False,Underpriced
Active,Victoria Park,Single Family,2795000.0,3521.0,794.0,930.0,-14.6,False,Underpriced
Active,Leisure Beach,Condo,249900.0,647.0,386.0,452.0,-14.5,False,Underpriced
Active,Burton Point,Condo,375000.0,800.0,469.0,548.0,-14.4,True,Underpriced
Active,Lauderdale,Single Family,1499000.0,2440.0,614.0,718.0,-14.4,False,Underpriced
Active,Hillmont Middle River Vis,Single Family,369000.0,1162.0,318.0,371.0,-14.4,False,Underpriced
Active,Rio Vista,Single Family,1500000.0,2408.0,623.0,726.0,-14.2,False,Underpriced
Active,Sky Harbour East,Condo,420000.0,900.0,467.0,544.0,-14.2,True,Underpriced
Active,Lauderdale Beach,Single Family,4900000.0,4620.0,1061.0,1234.0,-14.1,False,Underpriced
Active,Progresso,Single Family,1425000.0,2385.0,597.0,695.0,-14.1,False,Underpriced
Pending,Watergarden,Condo,850000.0,1615.0,526.0,613.0,-14.1,True,Underpriced
Active,Cliff Lake Villas Co Op,Condo,150000.0,600.0,250.0,290.0,-13.9,False,Underpriced
Pending,Reamen Yellowstone Pa,Single Family,724500.0,1984.0,365.0,424.0,-13.9,False,Underpriced
Active,Point Americas,Condo,930000.0,1880.0,495.0,574.0,-13.8,True,Underpriced
Pending,Hillbrook,Single Family,589000.0,1365.0,432.0,500.0,-13.8,False,Underpriced
Active,Tradewinds By Sea Cond,Condo,475000.0,1100.0,432.0,500.0,-13.7,False,Underpriced
Active,Cascade Holly Heights,Condo,277500.0,1032.0,269.0,312.0,-13.7,False,Underpriced
Active,Victoria Park,Single Family,3450000.0,4361.0,791.0,917.0,-13.7,False,Underpriced
Active,Cliff Lake Villas,Condo,189900.0,800.0,237.0,275.0,-13.6,False,Underpriced
Active,East Shore,Condo,259900.0,621.0,419.0,484.0,-13.6,False,Underpriced
Active,Wilton Manors,Single Family,949900.0,1970.0,482.0,558.0,-13.6,False,Underpriced
Active,Victoria Park,Single Family,3395000.0,4104.0,827.0,956.0,-13.5,False,Underpriced
Active,River Landings,Condo,599900.0,1760.0,341.0,394.0,-13.5,True,Underpriced
Active,Rio Nuevo,Condo,265000.0,1000.0,265.0,306.0,-13.4,True,Underpriced
Pending,Sky Harbour East,Condo,424000.0,900.0,471.0,544.0,-13.4,True,Underpriced
Active,Sutton Place,Condo,169999.0,567.0,300.0,345.0,-13.2,False,Underpriced
Active,Pointe Middle River,Townhouse,889000.0,2152.0,413.0,476.0,-13.2,True,Underpriced
Active,Venice,Single Family,2990000.0,3673.0,814.0,938.0,-13.2,True,Underpriced
Active,Las Olas,Single Family,1295000.0,1894.0,684.0,788.0,-13.2,False,Underpriced
Active,Maya Marca,Condo,750000.0,1627.0,461.0,530.0,-13.1,True,Underpriced
Active,Seaside Villas,Townhouse,2499000.0,3928.0,636.0,731.0,-13.0,True,Underpriced
Active,Colee Hammock,Single Family,1450000.0,2176.0,666.0,766.0,-13.0,False,Underpriced
Active,Alhambra Place,Condo,2099000.0,3910.0,537.0,617.0,-12.9,True,Underpriced
Active,Laguna Del Sol,Townhouse,2490000.0,3678.0,677.0,777.0,-12.9,True,Underpriced
Active,Idlewyld,Single Family,4700000.0,4594.0,1023.0,1172.0,-12.7,False,Underpriced
Active,Flagler Heights Bamboo Flats,Townhouse,1095000.0,2842.0,385.0,442.0,-12.7,False,Underpriced
Active,Rio Vista,Single Family,4150000.0,4390.0,945.0,1082.0,-12.6,False,Underpriced
Active,Name,Townhouse,994100.0,2220.0,448.0,512.0,-12.6,False,Underpriced
Active,Tropical Manors,Single Family,779000.0,1810.0,430.0,493.0,-12.6,False,Underpriced
Pending,Shore Club,Condo,749900.0,1500.0,500.0,571.0,-12.5,True,Underpriced
Active,Southport Townhomes,Townhouse,398000.0,1250.0,318.0,364.0,-12.5,False,Underpriced
Active,Paramount,Condo,2375000.0,2419.0,982.0,1119.0,-12.3,True,Underpriced
Active,Jackson Tower Las Olas Con,Condo,900000.0,1722.0,523.0,595.0,-12.2,True,Underpriced
Pending,Lauderdale Homesites,Single Family,410000.0,1256.0,326.0,372.0,-12.2,False,Underpriced
Active,Vantage View,Condo,409000.0,1100.0,372.0,423.0,-12.1,False,Underpriced
Active,Las Olas,Condo,605000.0,1297.0,466.0,531.0,-12.1,False,Underpriced
Active,Caravel Condominium Apartm,Condo,435000.0,1200.0,362.0,413.0,-12.1,True,Underpriced
Active,Watergarden,Condo,349000.0,820.0,426.0,484.0,-12.1,False,Underpriced
Active,Vue,Condo,599000.0,1267.0,473.0,537.0,-12.0,False,Underpriced
Active,Victoria Palms,Condo,195000.0,640.0,305.0,346.0,-11.9,False,Underpriced
Active,Las Olas,Condo,1595000.0,3080.0,518.0,588.0,-11.9,True,Underpriced
Pending,Lauderdale Manors,Single Family,300000.0,984.0,305.0,346.0,-11.9,False,Underpriced
Active,Shady Banks On New River,Single Family,925000.0,2292.0,404.0,458.0,-11.9,False,Underpriced
Active,Jacobs Landing,Single Family,999000.0,2141.0,467.0,529.0,-11.9,False,Underpriced
Active,Sole Fort Lauderdale,Condo,369999.0,1240.0,298.0,338.0,-11.8,False,Underpriced
Pending,Waverly Place,Townhouse,519000.0,1850.0,281.0,318.0,-11.8,False,Underpriced
Active,Riverview Garden Apartmen Riverview Gardens,Condo,410000.0,850.0,482.0,547.0,-11.8,True,Underpriced
Active,Jenada Villas,Single Family,1070000.0,2590.0,413.0,468.0,-11.7,True,Underpriced
Active,Coral Ridge Galt,Townhouse,837000.0,2162.0,387.0,438.0,-11.6,False,Underpriced
Active,Harbourage Place,Condo,1795000.0,3488.0,515.0,582.0,-11.6,True,Underpriced
Active,Leisure Beach,Condo,249900.0,647.0,386.0,437.0,-11.6,False,Underpriced
Pending,Lauderdale Manors,Single Family,439999.0,1584.0,278.0,314.0,-11.5,False,Underpriced
Active,Marine Tower,Condo,449000.0,1706.0,263.0,297.0,-11.5,False,Underpriced
Active,Rio Vista,Single Family,3995000.0,3985.0,1003.0,1131.0,-11.4,False,Underpriced
Active,Village Harbor Beach,Condo,179000.0,685.0,261.0,295.0,-11.4,False,Underpriced
Active,Marine Tower,Condo,439000.0,1230.0,357.0,403.0,-11.4,True,Underpriced
Active,Sunrise East,Condo,849000.0,1575.0,539.0,608.0,-11.4,True,Underpriced
Pending,March Estates,Single Family,625000.0,1531.0,408.0,461.0,-11.4,True,Underpriced
Active,Oceanage,Condo,1050000.0,1273.0,825.0,930.0,-11.3,True,Underpriced
Active,Runaway Bay,Condo,228000.0,870.0,262.0,295.0,-11.2,False,Underpriced
Active,Las Olas,Condo,520000.0,1200.0,433.0,488.0,-11.2,False,Underpriced
Active,South New River Isles,Single Family,2999900.0,3000.0,1000.0,1126.0,-11.2,True,Underpriced
Active,Point Americas,Condo,685000.0,1297.0,528.0,594.0,-11.1,True,Underpriced
Active,Las Olas,Condo,399000.0,1034.0,386.0,434.0,-11.1,False,Underpriced
Active,Essex Tower,Condo,559000.0,1218.0,459.0,516.0,-11.1,True,Underpriced
Active,Tennis Club Outerbridge Co,Condo,235000.0,960.0,245.0,275.0,-11.1,True,Underpriced
Active,Harbor Haven,Condo,374999.0,720.0,521.0,585.0,-11.0,True,Underpriced
Active,Carlton Tower,Condo,465000.0,1202.0,387.0,434.0,-10.9,False,Underpriced
Active,Village East,Condo,325000.0,1054.0,308.0,346.0,-10.9,False,Underpriced
Pending,Village East,Condo,325000.0,1054.0,308.0,346.0,-10.9,False,Underpriced
Active,Riverview Gardens,Condo,579000.0,1240.0,467.0,524.0,-10.9,True,Underpriced
Active,Shady Banks,Single Family,599000.0,1392.0,430.0,482.0,-10.8,False,Underpriced
Active,Horizon House,Condo,299000.0,970.0,308.0,346.0,-10.8,False,Underpriced
Active,Atlantic Hotel,Condo,459000.0,787.0,583.0,652.0,-10.6,True,Underpriced
Active,Tides Bridgeside Square,Condo,319999.0,720.0,444.0,497.0,-10.6,False,Underpriced
Active,Waverly Las Olas,Condo,465500.0,1350.0,345.0,386.0,-10.6,False,Underpriced
Active,Vinik,Single Family,620000.0,1679.0,369.0,413.0,-10.5,False,Underpriced
Active,Coral Isles,Single Family,6895000.0,5973.0,1154.0,1290.0,-10.5,True,Underpriced
Pending,Colee Hammock,Single Family,4749000.0,4594.0,1034.0,1154.0,-10.5,False,Underpriced
Active,Lauderdale Park,Single Family,550000.0,1370.0,401.0,449.0,-10.5,False,Underpriced
Active,Manor Grove Village One,Condo,185000.0,750.0,247.0,275.0,-10.5,False,Underpriced
Active,Lauderdale Manors,Single Family,525000.0,1802.0,291.0,325.0,-10.4,False,Underpriced
Active,Tarpon River,Single Family,1699000.0,2458.0,691.0,770.0,-10.3,False,Underpriced
Active,Osceola Park,Townhouse,839000.0,3089.0,272.0,303.0,-10.3,False,Underpriced
Active,Marine Tower,Condo,500000.0,1896.0,264.0,294.0,-10.2,False,Underpriced
Active,Hillmont Middle River Vis,Single Family,650000.0,1608.0,404.0,450.0,-10.1,True,Underpriced
Active,Point Americas,Condo,800000.0,1513.0,529.0,588.0,-10.1,True,Underpriced
Active,Strada,Condo,610000.0,1579.0,386.0,429.0,-10.0,False,Underpriced
Active,Atlantic Towers Co Op,Condo,299000.0,805.0,371.0,413.0,-10.0,False,Underpriced
Active,Boathouse,Townhouse,1295000.0,2260.0,573.0,636.0,-9.9,True,Underpriced
Pending,Coral Isles,Single Family,10999000.0,6936.0,1586.0,1759.0,-9.9,True,Underpriced
Active,Waverly,Condo,489000.0,1518.0,322.0,357.0,-9.9,False,Underpriced
Pending,Progresso,Single Family,449900.0,1180.0,381.0,423.0,-9.8,False,Underpriced
Active,Versailles,Condo,474999.0,1000.0,475.0,527.0,-9.8,True,Underpriced
Active,Atlantic Towers Co Op Atlantic Towers,Condo,578000.0,1185.0,488.0,540.0,-9.7,True,Underpriced
Active,Middle River Estates,Single Family,1199000.0,1824.0,657.0,728.0,-9.7,True,Underpriced
Active,River Reach,Condo,259900.0,931.0,279.0,309.0,-9.7,True,Underpriced
Active,Leisure Sands,Condo,278500.0,690.0,404.0,447.0,-9.7,False,Underpriced
Pending,Marina Landings,Single Family,1185000.0,2779.0,426.0,472.0,-9.7,False,Underpriced
Pending,Seminole Forest Tango Village,Townhouse,300000.0,1250.0,240.0,265.0,-9.5,False,Underpriced
Active,Coral Ridge,Townhouse,900000.0,2048.0,439.0,485.0,-9.5,False,Underpriced
Active,East Point Towers,Condo,200000.0,1005.0,199.0,220.0,-9.5,True,Underpriced
Active,Progresso,Single Family,380000.0,1015.0,374.0,414.0,-9.5,False,Underpriced
Active,Rio Nuevo,Condo,239900.0,879.0,273.0,301.0,-9.4,True,Underpriced
Pending,River Oaks,Single Family,1340499.0,3058.0,438.0,483.0,-9.3,False,Underpriced
Active,Strada,Condo,575000.0,1464.0,393.0,433.0,-9.3,False,Underpriced
Active,Sea Tower,Condo,389000.0,769.0,506.0,557.0,-9.2,True,Underpriced
Pending,Rio Vista,Single Family,3195000.0,3939.0,811.0,893.0,-9.2,False,Underpriced
Active,Pelican Isles,Single Family,8399000.0,6642.0,1265.0,1389.0,-9.0,True,Underpriced
Active,Jenada Villas,Single Family,425000.0,1205.0,353.0,388.0,-9.0,False,Underpriced
Pending,Waverly Las Olas,Condo,429500.0,1208.0,356.0,391.0,-9.0,False,Underpriced
Active,Middle River Manor,Condo,180000.0,702.0,256.0,281.0,-8.9,False,Underpriced
Pending,Jenada Villas,Single Family,515000.0,1547.0,333.0,365.0,-8.9,False,Underpriced
Active,Tennis Club Wingfield Con Tennis Club,Condo,240000.0,960.0,250.0,274.0,-8.9,True,Underpriced
Active,Harbor View Apts Harbor View,Condo,239900.0,688.0,349.0,383.0,-8.9,True,Underpriced
Active,Lauder Gate,Single Family,1000000.0,1620.0,617.0,677.0,-8.8,True,Underpriced
Active,Southport Townhomes Cond,Townhouse,415000.0,1250.0,332.0,364.0,-8.8,False,Underpriced
Active,Gallery One,Condo,149700.0,639.0,234.0,257.0,-8.8,True,Underpriced
Pending,South Ft Lauderdale,Townhouse,765000.0,2105.0,363.0,398.0,-8.7,False,Underpriced
Active,Highland Estates,Townhouse,849900.0,2785.0,305.0,334.0,-8.7,False,Underpriced
Active,Poinsettia Heights,Single Family,749000.0,1597.0,469.0,513.0,-8.6,False,Underpriced
Active,Coral Ridge,Single Family,6499500.0,6630.0,980.0,1072.0,-8.6,False,Underpriced
Active,Victoria Park,Condo,250000.0,850.0,294.0,322.0,-8.6,False,Underpriced
Active,Marina Landings,Single Family,1199000.0,2779.0,431.0,472.0,-8.6,False,Underpriced
Active,Paramount Ft Lauderdale Paramount,Townhouse,1749000.0,2408.0,726.0,795.0,-8.6,True,Underpriced
Active,Village Sailboat Bend,Townhouse,473700.0,1679.0,282.0,309.0,-8.6,False,Underpriced
Active,Venetian Condominium,Condo,699000.0,1200.0,582.0,638.0,-8.6,True,Underpriced
Active,Rio Nuevo,Condo,229000.0,750.0,305.0,334.0,-8.6,True,Underpriced
Active,Las Olas,Condo,489000.0,1218.0,401.0,439.0,-8.5,False,Underpriced
Pending,Manor Grove Village Three,Condo,239000.0,960.0,249.0,272.0,-8.5,False,Underpriced
Active,Marine Tower,Condo,345000.0,1230.0,280.0,306.0,-8.4,False,Underpriced
Active,Rio Vista,Single Family,3449000.0,3921.0,880.0,960.0,-8.4,False,Underpriced
Active,Pine Crest Village,Condo,396000.0,1200.0,330.0,360.0,-8.3,False,Underpriced
Active,Las Olas,Condo,699000.0,1161.0,602.0,657.0,-8.3,True,Underpriced
Active,Las Olas,Single Family,5800000.0,4644.0,1249.0,1360.0,-8.2,False,Underpriced
Pending,Gallery One,Condo,200000.0,836.0,239.0,261.0,-8.2,True,Underpriced
Active,Wilton Manors,Townhouse,725000.0,2000.0,362.0,395.0,-8.2,False,Underpriced
Active,Lauder Gate,Single Family,997250.0,1565.0,637.0,694.0,-8.2,True,Underpriced
Pending,Lauder Lake,Single Family,797000.0,1362.0,585.0,637.0,-8.1,True,Underpriced
Pending,Manor Grove Village Four,Condo,219900.0,850.0,259.0,281.0,-8.1,False,Underpriced
Pending,Tennis Club Tilden Tennis Club,Condo,195000.0,1056.0,185.0,201.0,-8.1,False,Underpriced
Active,Coral Ridge Galt,Single Family,1299900.0,2163.0,601.0,653.0,-8.0,False,Underpriced
Active,Breakwater Tower,Condo,399000.0,1036.0,385.0,418.0,-7.9,False,Underpriced
Active,Coral Ridge Galt,Single Family,4095000.0,4121.0,994.0,1079.0,-7.9,True,Underpriced
Active,Progresso,Single Family,519900.0,1232.0,422.0,458.0,-7.9,False,Underpriced
Active,Point Americas,Condo,995000.0,1880.0,529.0,574.0,-7.8,True,Underpriced
Active,Leisure Park Victoria Park Tower,Condo,254950.0,850.0,300.0,325.0,-7.8,False,Underpriced
Pending,Everglades Land Sales Co,Townhouse,719000.0,2005.0,359.0,388.0,-7.7,False,Underpriced
Active,Village East,Condo,254000.0,794.0,320.0,346.0,-7.7,False,Underpriced
Active,City View Townhomes City View,Townhouse,575000.0,1408.0,408.0,443.0,-7.7,False,Underpriced
Pending,South New River Isles,Single Family,2700000.0,2662.0,1014.0,1099.0,-7.7,True,Underpriced
Active,Sunrise East,Condo,774000.0,1497.0,517.0,560.0,-7.6,True,Underpriced
Active,Watergarden,Condo,640000.0,1080.0,593.0,641.0,-7.6,True,Underpriced
Active,Middle River Plaza,Townhouse,889900.0,2652.0,336.0,363.0,-7.6,False,Underpriced
Active,Atlantic Hotel,Condo,475000.0,787.0,604.0,652.0,-7.5,True,Underpriced
Active,Lake Mayan Apts Co Op,Condo,379000.0,760.0,499.0,539.0,-7.5,True,Underpriced
Active,Club Resort Residences,Condo,279000.0,584.0,478.0,516.0,-7.5,False,Underpriced
Active,Atlantic Hotel,Condo,475000.0,787.0,604.0,652.0,-7.5,True,Underpriced
Active,Gould Isles,Single Family,10495000.0,6590.0,1593.0,1722.0,-7.5,True,Underpriced
Active,River Manor,Condo,319000.0,1000.0,319.0,344.0,-7.4,True,Underpriced
Active,Pointe Middle River,Townhouse,948500.0,2152.0,441.0,476.0,-7.4,True,Underpriced
Active,Rio Nuevo,Condo,224000.0,800.0,280.0,302.0,-7.3,True,Underpriced
Active,Jenada Isles,Single Family,899000.0,2151.0,418.0,451.0,-7.3,True,Underpriced
Pending,Colee Hammock,Townhouse,1725000.0,3066.0,563.0,606.0,-7.2,False,Underpriced
Active,Marine Tower,Condo,695000.0,1940.0,358.0,386.0,-7.1,True,Underpriced
Active,Horizon House,Condo,295000.0,970.0,304.0,327.0,-7.0,False,Fair
Active,Atlantic Hotel,Condo,425000.0,690.0,616.0,662.0,-7.0,True,Fair
Active,River Oaks,Single Family,1250000.0,2887.0,433.0,466.0,-7.0,False,Underpriced
Active,Berkley South,Condo,380000.0,1328.0,286.0,308.0,-7.0,False,Fair
Active,Watergarden,Condo,829000.0,1469.0,564.0,606.0,-6.9,True,Fair
Active,Park Place,Condo,190000.0,580.0,328.0,352.0,-6.9,False,Fair
Pending,Coral Ridge Galt,Single Family,1750000.0,2995.0,584.0,627.0,-6.9,False,Fair
Pending,Gill Isles,Single Family,1200000.0,2083.0,576.0,619.0,-6.9,True,Fair
Active,Victoria Park,Single Family,935000.0,1667.0,561.0,602.0,-6.8,False,Fair
Active,Holiday Heights,Single Family,479900.0,1062.0,452.0,485.0,-6.8,False,Fair
Pending,Embassy Apts,Condo,209900.0,570.0,368.0,395.0,-6.8,True,Fair
Active,Colee Hammock,Single Family,2899000.0,3592.0,807.0,866.0,-6.8,False,Fair
Active,Hampton East,Condo,349500.0,815.0,429.0,460.0,-6.7,True,Fair
Active,Lauderdale Tower,Condo,364000.0,1040.0,350.0,375.0,-6.6,False,Fair
Active,Coral Ridge Galt,Single Family,3990000.0,4325.0,923.0,987.0,-6.5,False,Fair
Active,Nurmi Isles,Single Family,10200000.0,6303.0,1618.0,1731.0,-6.5,True,Fair
Active,Hillbrook,Single Family,875000.0,1940.0,451.0,482.0,-6.4,False,Fair
Pending,Holmberg Mc Kees,Single Family,3999900.0,3986.0,1003.0,1071.0,-6.3,False,Fair
Active,Watergarden,Condo,649000.0,1080.0,601.0,641.0,-6.3,True,Fair
Pending,Marina Landings,Single Family,1215000.0,2751.0,442.0,471.0,-6.2,False,Fair
Active,Pine Crest Village,Condo,405000.0,1200.0,338.0,360.0,-6.2,False,Fair
Active,Manor Grove Village Two Co,Condo,195000.0,750.0,260.0,276.0,-6.0,False,Fair
Pending,Victoria Isles,Single Family,10250000.0,6935.0,1478.0,1572.0,-6.0,True,Fair
Active,Leisure Beach South,Condo,354900.0,920.0,386.0,411.0,-6.0,False,Fair
Active,Lauderdale Beach,Single Family,2249999.0,2315.0,972.0,1034.0,-6.0,False,Fair
Pending,Marina Landings,Single Family,1249000.0,2831.0,441.0,470.0,-6.0,False,Fair
Pending,River Landings,Condo,539000.0,1786.0,302.0,321.0,-5.9,False,Fair
Pending,Vue,Condo,699000.0,1397.0,500.0,531.0,-5.8,False,Fair
Active,Lauderdale Beach Ext,Single Family,1300000.0,1939.0,670.0,712.0,-5.8,False,Fair
Active,Aria Las Olas,Condo,1949000.0,3246.0,600.0,638.0,-5.8,True,Fair
Active,Waverly Las Olas,Condo,538000.0,1529.0,352.0,373.0,-5.8,False,Fair
Pending,Progresso,Single Family,1700000.0,2623.0,648.0,688.0,-5.8,False,Fair
Active,Rivers Bend,Condo,515000.0,1196.0,431.0,457.0,-5.8,True,Fair
Active,River Oaks,Single Family,1275000.0,2824.0,451.0,479.0,-5.8,False,Fair
Active,Venezia,Condo,1655000.0,2940.0,563.0,597.0,-5.7,True,Fair
Active,Riverview Gardens,Condo,449000.0,850.0,528.0,559.0,-5.5,True,Fair
Pending,Waverly Las Olas,Condo,450000.0,1216.0,370.0,392.0,-5.5,False,Fair
Active,Lauderdale Harbors,Single Family,3295000.0,4061.0,811.0,859.0,-5.5,False,Fair
Active,Village East,Condo,345000.0,1054.0,327.0,346.0,-5.4,False,Fair
Pending,Sunset Manors Amen,Single Family,2850000.0,3000.0,950.0,1004.0,-5.4,False,Fair
Active,Fort Lauderdale Residence,Condo,810000.0,1176.0,689.0,728.0,-5.4,True,Fair
Active,Rio Vista,Single Family,4195000.0,3907.0,1074.0,1134.0,-5.3,False,Fair
Pending,North Bal Harbour,Single Family,3999000.0,3258.0,1227.0,1296.0,-5.3,True,Fair
Pending,Coral Shores,Townhouse,410000.0,1257.0,326.0,344.0,-5.3,False,Fair
Active,Altessa Wilton Manors,Townhouse,1010040.0,2374.0,425.0,449.0,-5.3,False,Fair
Active,South New River Isles,Single Family,1100000.0,1744.0,631.0,665.0,-5.2,True,Fair
Active,Riverside Park,Single Family,628000.0,1821.0,345.0,364.0,-5.2,False,Fair
Pending,Las Olas,Condo,597500.0,1297.0,461.0,485.0,-5.1,False,Fair
Active,Sunrise East,Condo,2295000.0,4600.0,499.0,526.0,-5.1,True,Fair
Active,Everglades Land Sales Co Harbor Vista,Townhouse,679900.0,1826.0,372.0,393.0,-5.1,False,Fair
Active,Cromwell West,Condo,265000.0,704.0,376.0,397.0,-5.1,True,Fair
Active,Holmberg Mc Kees,Townhouse,1450000.0,2920.0,497.0,522.0,-4.9,False,Fair
Pending,Placido Place,Townhouse,529900.0,1541.0,344.0,361.0,-4.8,False,Fair
Active,Tennis Club Tilden Lauderdale Tennis Club,Condo,202000.0,1056.0,191.0,201.0,-4.8,False,Fair
Active,East Point Towers,Condo,239000.0,1138.0,210.0,221.0,-4.8,True,Fair
Active,Sandy Ashley,Single Family,775000.0,1649.0,470.0,493.0,-4.8,False,Fair
Active,River Reach,Condo,257000.0,900.0,286.0,300.0,-4.7,True,Fair
Active,Americas On Park,Condo,999000.0,1820.0,549.0,576.0,-4.7,True,Fair
Active,Village East,Condo,350000.0,1054.0,332.0,348.0,-4.7,False,Fair
Active,River Reach,Condo,259000.0,900.0,288.0,302.0,-4.6,True,Fair
Active,Coral Isles,Single Family,8950000.0,6363.0,1407.0,1474.0,-4.6,True,Fair
Active,Manor Grove Village Three,Condo,249000.0,960.0,259.0,272.0,-4.6,False,Fair
Active,Victoria Park,Single Family,3850000.0,4363.0,882.0,925.0,-4.6,False,Fair
Active,Port,Single Family,685000.0,1749.0,392.0,410.0,-4.5,False,Fair
Active,Victoria Park,Single Family,3449000.0,3888.0,887.0,929.0,-4.5,False,Fair
Active,River Manor,Condo,299900.0,1000.0,300.0,314.0,-4.5,True,Fair
Active,Point Americas,Condo,845000.0,1500.0,563.0,589.0,-4.4,True,Fair
Active,West River Croissant,Single Family,779000.0,1882.0,414.0,433.0,-4.4,False,Fair
Active,Jenada Isles,Single Family,949999.0,1876.0,506.0,530.0,-4.4,True,Fair
Active,Sky Harbour East,Condo,469000.0,900.0,521.0,544.0,-4.2,True,Fair
Active,Progresso,Single Family,450000.0,1110.0,405.0,423.0,-4.1,False,Fair
Active,Atlantic Towers Co Op,Condo,319000.0,805.0,396.0,413.0,-4.0,False,Fair
Active,Victoria Park,Townhouse,625000.0,1658.0,377.0,393.0,-4.0,False,Fair
Pending,Lauderdale Park,Single Family,650000.0,1515.0,429.0,447.0,-3.9,False,Fair
Active,City View Townhomes,Townhouse,599000.0,1408.0,425.0,443.0,-3.9,False,Fair
Active,Village East,Townhouse,335000.0,878.0,382.0,397.0,-3.9,False,Fair
Active,Progresso,Single Family,549000.0,1393.0,394.0,410.0,-3.9,False,Fair
Active,Verena Park,Single Family,625000.0,1224.0,511.0,531.0,-3.8,False,Fair
Active,Devon House,Condo,649999.0,1305.0,498.0,518.0,-3.8,True,Fair
Active,Coral Ridge,Single Family,6500000.0,6147.0,1057.0,1099.0,-3.8,False,Fair
Active,Gould Isles,Single Family,10495000.0,7393.0,1420.0,1474.0,-3.7,True,Fair
Active,Lauderdale Tower,Condo,215000.0,440.0,489.0,507.0,-3.7,True,Fair
Active,Seminole Forest Tango Village,Townhouse,320000.0,1250.0,256.0,265.0,-3.5,False,Fair
Active,Vue,Condo,599000.0,1268.0,472.0,489.0,-3.5,False,Fair
Active,Elizabethan,Condo,169900.0,493.0,345.0,357.0,-3.5,False,Fair
Active,Lauderdale Beach Ext,Townhouse,1495000.0,2264.0,660.0,684.0,-3.4,True,Fair
Active,Las Olas,Condo,399999.0,847.0,472.0,489.0,-3.4,False,Fair
Active,Nuriver Landing,Condo,330000.0,634.0,521.0,538.0,-3.3,True,Fair
Active,Highland Estates Old Florida Village,Townhouse,749900.0,2156.0,348.0,360.0,-3.3,False,Fair
Active,Essex Tower Condos Essex Tower,Condo,559000.0,1218.0,459.0,474.0,-3.2,False,Fair
Active,Strada,Condo,720000.0,1579.0,456.0,471.0,-3.2,False,Fair
Active,North Bal Harbour,Single Family,4100000.0,3258.0,1258.0,1300.0,-3.2,True,Fair
Pending,Esmonda Gardens,Single Family,759000.0,1838.0,413.0,427.0,-3.2,False,Fair
Pending,Beach Way Heights,Single Family,5250000.0,5708.0,920.0,950.0,-3.1,False,Fair
Pending,Hibiscus Gardens,Single Family,389999.0,911.0,428.0,442.0,-3.1,False,Fair
Active,Lake Ridge,Townhouse,649500.0,1679.0,387.0,399.0,-3.1,False,Fair
Active,Lauderdale Harbors,Single Family,4790000.0,5518.0,868.0,895.0,-3.0,False,Fair
Active,Atlantic Hotel,Condo,799000.0,1296.0,617.0,635.0,-3.0,True,Fair
Pending,River Reach,Condo,289000.0,971.0,298.0,307.0,-2.9,True,Fair
Active,Bayshore Towers,Condo,699000.0,1330.0,526.0,541.0,-2.9,True,Fair
Active,Pine Crest Village,Condo,330000.0,980.0,337.0,347.0,-2.9,False,Fair
Active,Coral Point,Single Family,560000.0,1382.0,405.0,417.0,-2.8,False,Fair
Active,Las Olas,Single Family,2750000.0,2856.0,963.0,991.0,-2.8,False,Fair
Pending,Lauderdale Manors,Single Family,370000.0,1112.0,333.0,342.0,-2.8,False,Fair
Active,Fountains On Ocean Bouleva,Condo,619000.0,1290.0,480.0,494.0,-2.8,False,Fair
Active,Coral Ridge,Single Family,4850000.0,4770.0,1017.0,1045.0,-2.7,False,Fair
Pending,Waverly Place,Single Family,1079000.0,1942.0,556.0,571.0,-2.7,False,Fair
Active,Verena Park,Single Family,565000.0,1196.0,472.0,485.0,-2.7,False,Fair
Active,Point Americas,Condo,2795000.0,4902.0,570.0,586.0,-2.7,True,Fair
Active,Breakwater Towers Co Op,Condo,325000.0,805.0,404.0,414.0,-2.6,False,Fair
Active,Tarpon River,Single Family,2600000.0,3430.0,758.0,778.0,-2.6,False,Fair
Active,Tarpon River,Single Family,2600000.0,3430.0,758.0,778.0,-2.6,False,Fair
Active,Macarthur Park,Single Family,2490000.0,2780.0,896.0,919.0,-2.5,False,Fair
Active,Point Americas,Condo,1995000.0,3644.0,547.0,562.0,-2.5,True,Fair
Active,Middle River Manor,Single Family,1700000.0,2768.0,614.0,629.0,-2.4,True,Fair
Pending,Shady Banks On New River,Single Family,525000.0,1226.0,428.0,439.0,-2.4,False,Fair
Active,Silver Engrave,Townhouse,899000.0,2249.0,400.0,409.0,-2.4,False,Fair
Active,Las Olas,Condo,799000.0,1161.0,688.0,705.0,-2.4,True,Fair
Pending,Marina Landings,Single Family,1225000.0,2751.0,445.0,456.0,-2.3,False,Fair
Active,Embassy Tower Inc Embassytower,Condo,515000.0,1200.0,429.0,439.0,-2.3,False,Fair
Pending,Croissant Park,Single Family,549900.0,1234.0,446.0,456.0,-2.2,False,Fair
Pending,Rio Vista,Single Family,4395000.0,3968.0,1108.0,1132.0,-2.1,False,Fair
Active,River Reach,Condo,370000.0,1250.0,296.0,302.0,-2.1,True,Fair
Active,Sole Fort Lauderdale Co,Condo,469000.0,1440.0,326.0,332.0,-2.0,False,Fair
Active,Las Olas,Condo,699000.0,1113.0,628.0,640.0,-1.9,True,Fair
Active,Bal Harbour,Single Family,1750000.0,2066.0,847.0,864.0,-1.9,True,Fair
Active,Cascade Holly Heights Cascades Holly Heights,Condo,185000.0,585.0,316.0,322.0,-1.9,False,Fair
Active,Middle River Manor,Single Family,1210000.0,2023.0,598.0,609.0,-1.8,True,Fair
Active,River Reach,Condo,360000.0,1250.0,288.0,293.0,-1.7,True,Fair
Active,Sailboat Bend,Townhouse,1075000.0,2723.0,395.0,402.0,-1.7,False,Fair
Active,Victoria Place Townhomes,Townhouse,529000.0,1224.0,432.0,439.0,-1.6,False,Fair
Pending,Strada,Condo,489000.0,1151.0,425.0,432.0,-1.6,False,Fair
Pending,Holmberg Mc Kees,Single Family,2595000.0,2776.0,935.0,949.0,-1.5,False,Fair
Active,Port Condominium Residences,Condo,575000.0,1384.0,415.0,422.0,-1.5,True,Fair
Active,Isles Enclave,Townhouse,1584000.0,3500.0,453.0,459.0,-1.4,False,Fair
Active,Progresso,Single Family,719000.0,1742.0,413.0,419.0,-1.4,False,Fair
Active,Strada,Condo,460000.0,1072.0,429.0,435.0,-1.4,False,Fair
Active,Wilton Village,Condo,265000.0,846.0,313.0,318.0,-1.4,False,Fair
Active,Colee Hammock,Townhouse,840000.0,1774.0,474.0,480.0,-1.4,False,Fair
Active,Wilton Place,Condo,178000.0,636.0,280.0,284.0,-1.3,False,Fair
Active,Village East,Condo,359999.0,1054.0,342.0,346.0,-1.3,False,Fair
Active,Babco Park,Single Family,699999.0,1846.0,379.0,384.0,-1.3,False,Fair
Active,Marina Landings,Single Family,1380000.0,2700.0,511.0,518.0,-1.3,False,Fair
Active,Rio Nuevo,Condo,267650.0,879.0,304.0,308.0,-1.2,True,Fair
Active,Corinthian,Condo,665000.0,1500.0,443.0,449.0,-1.2,True,Fair
Active,Marina Landings,Single Family,1280000.0,2738.0,467.0,473.0,-1.2,False,Fair
Active,Sun Manors,Single Family,874950.0,1840.0,476.0,481.0,-1.2,False,Fair
Active,Tropical Manors,Single Family,620000.0,1238.0,501.0,507.0,-1.2,False,Fair
Active,Wilton Manors,Single Family,2100000.0,2862.0,734.0,743.0,-1.2,False,Fair
Pending,Rio Vista,Single Family,1950000.0,2668.0,731.0,740.0,-1.2,False,Fair
Active,Rio Nuevo,Condo,235000.0,1020.0,230.0,233.0,-1.0,False,Fair
Active,Leisure House,Condo,284500.0,640.0,445.0,449.0,-1.0,False,Fair
Pending,Coral Shores,Single Family,692000.0,1552.0,446.0,450.0,-0.9,False,Fair
Active,Auberge Beach Residences,Condo,3700000.0,2661.0,1390.0,1403.0,-0.9,True,Fair
Active,Rio Nuevo,Condo,310000.0,1020.0,304.0,306.0,-0.8,True,Fair
Active,Boulevard Estates Amen,Single Family,699000.0,1762.0,397.0,400.0,-0.8,False,Fair
Active,Coral Ridge,Single Family,6300000.0,6189.0,1018.0,1027.0,-0.8,True,Fair
Active,Tradewinds By Sea Cond,Condo,497900.0,1100.0,453.0,456.0,-0.7,False,Fair
Pending,Lauderdale Manors,Single Family,299000.0,894.0,334.0,337.0,-0.7,False,Fair
Active,Lago Mar Place Co Op,Condo,625000.0,1158.0,540.0,544.0,-0.7,True,Fair
Active,River Reach,Condo,325000.0,1110.0,293.0,295.0,-0.7,True,Fair
Active,La Cascade,Condo,1395000.0,2274.0,613.0,617.0,-0.6,True,Fair
Active,Victoria Park,Condo,272000.0,850.0,320.0,322.0,-0.6,False,Fair
Active,Stilwell Isles,Single Family,9475000.0,7674.0,1235.0,1242.0,-0.6,True,Fair
Pending,Petite,Single Family,1675000.0,2211.0,758.0,762.0,-0.6,False,Fair
Active,Colee Hammock,Single Family,2799999.0,3024.0,926.0,930.0,-0.5,False,Fair
Active,Manor Grove Village Four,Condo,325900.0,1200.0,272.0,273.0,-0.5,False,Fair
Active,Letarte,Single Family,2399000.0,4023.0,596.0,598.0,-0.3,False,Fair
Active,Rio Nuevo,Condo,275000.0,890.0,309.0,310.0,-0.3,True,Fair
Active,Progresso,Single Family,379900.0,925.0,411.0,412.0,-0.3,False,Fair
Pending,Villa Medici,Townhouse,564900.0,2100.0,269.0,270.0,-0.3,False,Fair
Active,Villa Medici,Townhouse,539000.0,1990.0,271.0,271.0,-0.2,False,Fair
Active,Coral Point,Single Family,1395000.0,2450.0,569.0,570.0,-0.2,True,Fair
Active,Aquavue Las Olas,Condo,1800000.0,2849.0,632.0,633.0,-0.2,True,Fair
Active,Manor Grove Village One In,Condo,320000.0,1180.0,271.0,272.0,-0.2,False,Fair
Active,Wilton Station,Townhouse,674900.0,1883.0,358.0,359.0,-0.1,False,Fair
Active,Jenada Villas,Single Family,664000.0,1687.0,394.0,394.0,-0.1,False,Fair
Active,Manor Grove,Condo,204900.0,750.0,273.0,273.0,0.0,False,Fair
Active,Cliff Lake Villas Co Op Cliff Lake Villas,Condo,174900.0,600.0,292.0,291.0,0.1,False,Fair
Active,Progresso,Single Family,399990.0,955.0,419.0,418.0,0.2,False,Fair
Active,East Point Towers,Condo,289000.0,1344.0,215.0,215.0,0.2,True,Fair
Active,Grandeur,Townhouse,1150000.0,2355.0,488.0,487.0,0.2,False,Fair
Active,Corinthian On Intraco Corinthian,Condo,675000.0,1500.0,450.0,449.0,0.3,True,Fair
Active,Sunset Manors Amen,Single Family,899000.0,1775.0,506.0,505.0,0.3,False,Fair
Active,Fort Lauderdale,Condo,780000.0,1176.0,663.0,661.0,0.3,True,Fair
Pending,Lakeway,Single Family,439900.0,1062.0,414.0,413.0,0.3,False,Fair
Active,Coral Ridge Galt,Single Family,1150000.0,1768.0,650.0,649.0,0.3,False,Fair
Active,Cromwell West,Condo,320000.0,814.0,393.0,392.0,0.3,True,Fair
Active,Tides Bridgeside Squar,Condo,359000.0,720.0,499.0,497.0,0.3,False,Fair
Pending,Lauderdale Villas,Single Family,645000.0,1985.0,325.0,324.0,0.4,False,Fair
Active,Isla Bahia,Single Family,17900000.0,11496.0,1557.0,1548.0,0.6,True,Fair
Active,Gallery One Gallery,Condo,139900.0,341.0,410.0,408.0,0.7,False,Fair
Active,Nurmi Isles,Single Family,5990000.0,4632.0,1293.0,1285.0,0.7,True,Fair
Active,Riva Residences,Condo,950000.0,1783.0,533.0,528.0,0.8,True,Fair
Active,Progresso,Single Family,449000.0,965.0,465.0,461.0,0.8,False,Fair
Active,Jenada Villas,Single Family,749000.0,1894.0,395.0,393.0,0.8,False,Fair
Active,Adk,Townhouse,669000.0,2132.0,314.0,311.0,0.9,False,Fair
Active,Foundry Lofts,Condo,550000.0,1363.0,404.0,400.0,0.9,False,Fair
Active,Watergarden,Condo,899000.0,1469.0,612.0,606.0,1.0,True,Fair
Pending,Tuskegee Park,Single Family,399000.0,991.0,403.0,398.0,1.2,False,Fair
Active,Wilton Village,Condo,199900.0,597.0,335.0,331.0,1.2,False,Fair
Active,Lauderdale,Single Family,678000.0,1488.0,456.0,450.0,1.2,False,Fair
Active,Riverside Park,Single Family,679000.0,1454.0,467.0,461.0,1.2,False,Fair
Active,Las Olas,Condo,1499000.0,2380.0,630.0,622.0,1.3,True,Fair
Active,Village East,Condo,370000.0,1054.0,351.0,346.0,1.4,False,Fair
Active,Dixie Park Middle River Village Terr,Townhouse,649946.0,1861.0,349.0,344.0,1.4,False,Fair
Active,Cromwell East,Condo,333999.0,840.0,398.0,392.0,1.4,True,Fair
Active,Lakeway Addition,Single Family,539000.0,1277.0,422.0,416.0,1.5,False,Fair
Active,River Oaks,Single Family,1100000.0,2497.0,441.0,434.0,1.5,False,Fair
Active,Las Olas,Single Family,1199000.0,1609.0,745.0,733.0,1.6,False,Fair
Active,Riverside Park Amen,Single Family,398000.0,878.0,453.0,446.0,1.6,False,Fair
Active,Nuriver Landing,Condo,750000.0,1692.0,443.0,436.0,1.6,True,Fair
Active,Parkside Villas,Condo,625000.0,1629.0,384.0,378.0,1.6,False,Fair
Active,Tropical Manors,Single Family,750000.0,1490.0,503.0,495.0,1.7,False,Fair
Active,Sun Set Manors First,Single Family,859000.0,1747.0,492.0,483.0,1.7,False,Fair
Active,Tides Bridgeside Square,Condo,595000.0,1200.0,496.0,487.0,1.7,False,Fair
Active,Las Olas,Condo,1195000.0,1869.0,639.0,627.0,1.9,True,Fair
Active,Coral Shores,Single Family,900000.0,1829.0,492.0,483.0,1.9,False,Fair
Active,Victoria Highlands Pla,Single Family,1100000.0,1722.0,639.0,627.0,1.9,False,Fair
Active,Palms,Condo,1999000.0,3205.0,624.0,612.0,1.9,True,Fair
Active,Lauderdale Manors,Single Family,450000.0,1352.0,333.0,327.0,1.9,False,Fair
Pending,Coral Shores,Single Family,750000.0,1481.0,506.0,496.0,2.0,False,Fair
Active,Marina Oaks,Condo,239000.0,858.0,279.0,273.0,2.1,False,Fair
Active,Tides Bridgeside Squar Tides,Condo,408000.0,815.0,501.0,490.0,2.1,False,Fair
Pending,South New River Isles,Single Family,1000000.0,1296.0,772.0,755.0,2.1,True,Fair
Active,Fort Lauderdale Residence Fort Lauderdale,Condo,797000.0,1176.0,678.0,663.0,2.1,True,Fair
Active,Pinehurst,Single Family,550000.0,1267.0,434.0,425.0,2.1,False,Fair
Active,Coral Isles,Single Family,6900000.0,5288.0,1305.0,1277.0,2.2,True,Fair
Active,Wilton Estates,Single Family,615000.0,1644.0,374.0,366.0,2.2,False,Fair
Active,Nurmi Isles,Townhouse,3200000.0,4070.0,786.0,769.0,2.2,True,Fair
Active,Village East,Condo,372777.0,1054.0,354.0,346.0,2.2,False,Fair
Active,Essex Tower,Condo,339000.0,841.0,403.0,394.0,2.2,False,Fair
Active,Waverly Las Olas Waverly,Condo,475000.0,1244.0,382.0,374.0,2.2,False,Fair
Pending,Progresso,Single Family,949000.0,2051.0,463.0,452.0,2.3,False,Fair
Active,Pinewood Place,Single Family,2499000.0,3347.0,747.0,730.0,2.3,False,Fair
Active,Gallery One,Condo,169999.0,643.0,264.0,258.0,2.3,True,Fair
Active,Coral Ridge Galt,Single Family,4650000.0,4752.0,979.0,954.0,2.6,False,Fair
Active,Leisure Beach,Condo,299900.0,647.0,464.0,452.0,2.6,False,Fair
Active,Carver Park,Single Family,350000.0,1080.0,324.0,316.0,2.6,False,Fair
Active,Coral Ridge,Single Family,2975000.0,2840.0,1048.0,1021.0,2.6,False,Fair
Active,Lauderdale Gardens,Single Family,415000.0,875.0,474.0,462.0,2.6,False,Fair
Active,Beach Way Heights,Single Family,7200000.0,7325.0,983.0,957.0,2.7,True,Fair
Active,Waverly Las Olas,Condo,485000.0,1208.0,401.0,391.0,2.8,False,Fair
Pending,Venetian Condominium,Condo,959000.0,1500.0,639.0,622.0,2.8,True,Fair
Active,Vue,Condo,449000.0,890.0,504.0,490.0,2.9,False,Fair
Active,Rio Vista,Single Family,5000000.0,4240.0,1179.0,1145.0,3.0,True,Fair
Pending,Symphony,Condo,549000.0,1000.0,549.0,533.0,3.0,True,Fair
Active,Stilwell Isles Pal,Single Family,15950000.0,9416.0,1694.0,1644.0,3.0,True,Fair
Active,Manor Grove Village Two,Condo,219000.0,750.0,292.0,284.0,3.0,False,Fair
Active,Leisure Beach,Condo,300000.0,647.0,464.0,450.0,3.0,False,Fair
Active,Four Seasons,Condo,3500000.0,2069.0,1692.0,1641.0,3.1,True,Fair
Active,Robertson Park,Single Family,764000.0,1494.0,511.0,496.0,3.1,False,Fair
Active,Cypress Cove,Condo,438000.0,1200.0,365.0,354.0,3.1,True,Fair
Active,Marina Del Mar,Condo,419000.0,1070.0,392.0,380.0,3.2,True,Fair
Active,Progresso,Single Family,729000.0,1550.0,470.0,456.0,3.2,False,Fair
Active,Sole Fort Lauderdale,Condo,485000.0,1270.0,382.0,370.0,3.2,False,Fair
Active,Wilton Station,Townhouse,629900.0,1673.0,377.0,365.0,3.2,False,Fair
Active,Lauderdale Tower,Condo,210000.0,440.0,477.0,462.0,3.2,True,Fair
Active,Port,Condo,499000.0,1460.0,342.0,331.0,3.3,False,Fair
Active,Progresso,Single Family,835000.0,1772.0,471.0,456.0,3.3,False,Fair
Active,Victoria Park,Townhouse,1089000.0,2456.0,443.0,429.0,3.3,False,Fair
Active,Bayshore Towers,Condo,743500.0,1330.0,559.0,541.0,3.3,True,Fair
Active,Sunset Manors Amen,Single Family,1450000.0,2347.0,618.0,597.0,3.4,False,Fair
Active,Coral Isles,Single Family,12490000.0,8365.0,1493.0,1444.0,3.4,True,Fair
Active,Victoria Park,Condo,283000.0,850.0,333.0,322.0,3.4,False,Fair
Active,Nuriver Landing,Condo,495000.0,1379.0,359.0,347.0,3.5,False,Fair
Pending,Isles Club,Townhouse,459000.0,1035.0,443.0,429.0,3.5,True,Fair
Active,Palms Tower One,Condo,2995000.0,4795.0,625.0,603.0,3.5,True,Fair
Active,River Reach,Condo,349000.0,1110.0,314.0,304.0,3.6,True,Fair
Active,New Harbor Lofts,Townhouse,675000.0,1762.0,383.0,370.0,3.6,False,Fair
Active,Riviera Isles,Single Family,5250000.0,3664.0,1433.0,1384.0,3.6,True,Fair
Active,Victoria Park,Townhouse,995000.0,2284.0,436.0,420.0,3.7,False,Fair
Active,Rio Vista,Single Family,3750000.0,4003.0,937.0,903.0,3.7,False,Fair
Active,Lincoln Park Sixth,Single Family,429999.0,1232.0,349.0,336.0,3.7,False,Fair
Active,Corinthian,Condo,699000.0,1500.0,466.0,449.0,3.8,True,Fair
Active,Coral Ridge,Single Family,3400000.0,4284.0,794.0,765.0,3.8,False,Fair
Active,Fort Lauderdale Residence Residences,Condo,810000.0,1176.0,689.0,663.0,3.8,True,Fair
Active,Riverbend Condominiums,Condo,230000.0,550.0,418.0,402.0,3.9,True,Fair
Pending,Croissant Park,Single Family,3350000.0,4676.0,716.0,689.0,4.0,False,Fair
Active,Gallery One,Condo,150000.0,548.0,274.0,263.0,4.0,True,Fair
Active,River Shores,Condo,189000.0,600.0,315.0,303.0,4.0,True,Fair
Active,Gardenia Park,Townhouse,597000.0,1844.0,324.0,311.0,4.0,False,Fair
Active,Tarpon River,Townhouse,1775000.0,3578.0,496.0,477.0,4.0,False,Fair
Pending,Victoria Park,Townhouse,675000.0,1658.0,407.0,391.0,4.0,False,Fair
Active,Marina Oaks,Condo,179000.0,632.0,283.0,272.0,4.1,False,Fair
Pending,Dorsey Park First,Single Family,380000.0,1014.0,375.0,360.0,4.1,False,Fair
Active,Edgewater Estates,Single Family,979900.0,1690.0,580.0,557.0,4.1,False,Fair
Active,Manor Grove Village Two Co,Condo,335000.0,1180.0,284.0,273.0,4.1,False,Fair
Active,Village East,Condo,379900.0,1054.0,360.0,346.0,4.2,False,Fair
Active,Hemingway Landings,Condo,1500000.0,2288.0,656.0,629.0,4.2,True,Fair
Active,Villa Escondida,Townhouse,678900.0,1916.0,354.0,340.0,4.3,False,Fair
Pending,Rio Vista,Single Family,2500000.0,2598.0,962.0,923.0,4.3,True,Fair
Active,Wilton Station,Condo,449000.0,1390.0,323.0,310.0,4.3,False,Fair
Active,Lauderdale Manors,Single Family,390000.0,1068.0,365.0,350.0,4.3,False,Fair
Active,Isles Venice Co Op Isles Venice,Condo,884900.0,1542.0,574.0,550.0,4.4,True,Fair
Active,Townhouses Harbor Beach,Townhouse,1299000.0,1904.0,682.0,654.0,4.4,True,Fair
Pending,Wilton Village,Condo,269000.0,806.0,334.0,320.0,4.5,False,Fair
Active,Progresso,Single Family,538000.0,1111.0,484.0,464.0,4.5,False,Fair
Active,Clair Lake,Single Family,810500.0,2440.0,332.0,318.0,4.5,False,Fair
Active,Coral Ridge Galt,Single Family,4395000.0,3500.0,1256.0,1201.0,4.6,True,Fair
Active,Runaway Bay,Condo,327000.0,1040.0,314.0,301.0,4.6,False,Fair
Active,Venetian Condominium Venetian,Condo,855000.0,1500.0,570.0,545.0,4.6,True,Fair
Active,Lauderdale Beach Estates,Townhouse,2200000.0,2562.0,859.0,821.0,4.6,True,Fair
Pending,Hillbrook,Single Family,849900.0,1700.0,500.0,477.0,4.7,False,Fair
Active,Victoria Park,Single Family,1950000.0,2441.0,799.0,763.0,4.7,False,Fair
Active,Lauderdale Beach Ext,Single Family,1425000.0,1917.0,743.0,710.0,4.7,False,Fair
Active,Lincoln Park Third,Single Family,415000.0,1249.0,332.0,317.0,4.7,False,Fair
Active,Las Olas,Condo,799000.0,1650.0,484.0,462.0,4.8,False,Fair
Pending,Edgewater Townhomes,Townhouse,370000.0,1056.0,350.0,334.0,4.8,False,Fair
Active,Artist Colony,Condo,295000.0,850.0,347.0,331.0,4.8,False,Fair
Pending,Coral Ridge Galt,Single Family,999000.0,1478.0,676.0,645.0,4.9,False,Fair
Pending,Vinik,Single Family,650000.0,1444.0,450.0,429.0,4.9,False,Fair
Active,Coral Ridge,Single Family,5350000.0,4714.0,1135.0,1082.0,4.9,False,Fair
Active,Waverly Place,Townhouse,959000.0,2779.0,345.0,329.0,4.9,False,Fair
Active,Progresso,Single Family,575000.0,1333.0,431.0,411.0,5.0,False,Fair
Active,Bayshore Embassy,Condo,319900.0,680.0,470.0,448.0,5.1,False,Fair
Active,Almar Estates,Single Family,724000.0,1679.0,431.0,410.0,5.1,False,Fair
Active,Tides Bridgeside Square,Condo,339000.0,640.0,530.0,504.0,5.1,False,Fair
Active,River Reach,Condo,355000.0,1110.0,320.0,304.0,5.1,True,Fair
Pending,Las Olas,Single Family,3747000.0,3747.0,1000.0,950.0,5.2,False,Fair
Active,Durrs,Single Family,260000.0,709.0,367.0,348.0,5.3,False,Fair
Active,Essex Tower,Condo,489000.0,1218.0,401.0,381.0,5.3,False,Fair
Active,Nuriver Landing,Condo,775000.0,1692.0,458.0,435.0,5.3,True,Fair
Active,Harbor Beach,Single Family,10000000.0,9501.0,1053.0,998.0,5.4,False,Fair
Active,Annies Castle,Condo,225000.0,770.0,292.0,277.0,5.4,False,Fair
Active,Windsor Court Condominium Windsor Court,Condo,225000.0,788.0,286.0,271.0,5.4,False,Fair
Active,Sunrise Tower,Condo,325000.0,955.0,340.0,323.0,5.4,True,Fair
Active,Marine Tower,Condo,749777.0,1896.0,395.0,375.0,5.4,True,Fair
Pending,Wilton Commons Condominium,Condo,174900.0,600.0,292.0,276.0,5.4,False,Fair
Pending,Everglade Land Sales Co,Townhouse,875000.0,2120.0,413.0,391.0,5.5,False,Fair
Active,Manor Grove Village Four,Condo,379000.0,1200.0,316.0,299.0,5.5,False,Fair
Active,Fusion Gardens,Condo,318000.0,1012.0,314.0,298.0,5.6,False,Fair
Active,Coral Brook,Single Family,1275000.0,1810.0,704.0,667.0,5.6,True,Fair
Active,East Point Towers,Condo,425000.0,1920.0,221.0,210.0,5.6,True,Fair
Active,South New River Isles,Single Family,1075000.0,1384.0,777.0,735.0,5.6,True,Fair
Active,Strada,Condo,525000.0,1151.0,456.0,432.0,5.7,False,Fair
Active,Flb Condominium Hotel Ocean Resort,Condo,439000.0,579.0,758.0,717.0,5.7,True,Fair
Active,Coral Ridge,Single Family,5495000.0,4795.0,1146.0,1083.0,5.8,True,Fair
Active,Wilton Village,Condo,209000.0,597.0,350.0,331.0,5.8,False,Fair
Active,Placido Place,Single Family,2440000.0,3037.0,803.0,760.0,5.8,False,Fair
Active,Fort Lauderdale Residences,Condo,849500.0,1214.0,700.0,661.0,5.8,True,Fair
Active,Harbour Heights,Single Family,6950000.0,5565.0,1249.0,1180.0,5.8,True,Fair
Active,Progresso,Single Family,2249999.0,2923.0,770.0,727.0,5.8,False,Fair
Active,Palms Tower One Palms,Condo,1375000.0,2172.0,633.0,598.0,5.8,True,Fair
Active,River Reach,Condo,359000.0,1110.0,323.0,305.0,5.9,True,Fair
Active,Vantage View,Condo,449000.0,1100.0,408.0,385.0,5.9,False,Fair
Active,River Reach,Condo,359000.0,1110.0,323.0,305.0,5.9,True,Fair
Active,Venetian Condominium,Condo,899000.0,1350.0,666.0,629.0,5.9,True,Fair
Active,Middle River Estates,Single Family,2690000.0,3611.0,745.0,703.0,6.0,True,Fair
Active,Croissant Park,Single Family,424900.0,855.0,497.0,469.0,6.0,False,Fair
Active,Riviera Isles,Single Family,6900000.0,3949.0,1747.0,1649.0,6.0,True,Fair
Active,Harbor Beach,Single Family,1999999.0,2540.0,787.0,742.0,6.1,False,Fair
Active,Vinik,Single Family,550000.0,1181.0,466.0,439.0,6.1,False,Fair
Active,East,Townhouse,440000.0,980.0,449.0,423.0,6.1,False,Fair
Active,Beach Way Heights,Single Family,4975000.0,4595.0,1083.0,1020.0,6.1,False,Fair
Active,Corinthian,Condo,715000.0,1500.0,477.0,449.0,6.2,True,Fair
Active,Livermore Estates,Townhouse,1550000.0,2450.0,633.0,595.0,6.2,False,Fair
Active,Progresso,Single Family,550000.0,1231.0,447.0,421.0,6.2,False,Fair
Active,Vinik,Single Family,534900.0,1122.0,477.0,449.0,6.2,False,Fair
Active,Cromwell East,Condo,350000.0,840.0,417.0,392.0,6.3,True,Fair
Active,Meritage,Condo,1495000.0,2253.0,664.0,624.0,6.4,True,Fair
Active,Marina Oaks,Condo,250000.0,858.0,291.0,274.0,6.4,False,Fair
Active,Point Americas,Condo,1150000.0,1880.0,612.0,574.0,6.5,True,Fair
Pending,Rio Vista,Single Family,4795000.0,3981.0,1204.0,1131.0,6.5,False,Fair
Active,Bal Harbour St,Single Family,9700000.0,6629.0,1463.0,1373.0,6.6,True,Fair
Pending,River Manor,Condo,335000.0,1000.0,335.0,314.0,6.7,True,Fair
Active,Shady Banks,Single Family,510000.0,1047.0,487.0,456.0,6.8,False,Fair
Active,Tides Bridgeside Square,Condo,749000.0,1510.0,496.0,465.0,6.8,False,Fair
Active,Victoria Park,Townhouse,1350000.0,2483.0,544.0,509.0,6.8,False,Fair
Active,Harbor House North,Condo,434000.0,696.0,624.0,584.0,6.9,True,Fair
Active,Lauderdale Harbors,Single Family,1285000.0,1726.0,744.0,696.0,6.9,False,Fair
Active,Rio Vista,Single Family,5350000.0,4516.0,1185.0,1107.0,7.0,False,Fair
Active,River Shores,Condo,149000.0,600.0,248.0,232.0,7.1,False,Fair
Active,Lauderdale,Single Family,635000.0,1250.0,508.0,474.0,7.1,False,Fair
Active,Lauderdale Harbors,Single Family,1495000.0,1457.0,1026.0,958.0,7.1,True,Fair
Active,Riverside,Single Family,539000.0,1026.0,525.0,490.0,7.1,False,Fair
Pending,Progresso,Single Family,675000.0,1355.0,498.0,464.0,7.2,False,Fair
Active,Pine Crest Village Ii,Condo,450000.0,1273.0,353.0,330.0,7.2,False,Fair
Active,Lazy Lake,Single Family,4000000.0,3550.0,1127.0,1051.0,7.2,True,Fair
Active,Bayshore Towers,Condo,1000000.0,1705.0,587.0,547.0,7.3,True,Fair
Pending,Isles Venice Co Op Isles Venice,Condo,1599000.0,2984.0,536.0,499.0,7.3,True,Fair
Active,Nuriver Landing,Condo,469000.0,1246.0,376.0,351.0,7.3,False,Fair
Active,Gill Isles,Single Family,1000000.0,1521.0,657.0,613.0,7.3,True,Fair
Active,Paramount,Condo,2099000.0,1751.0,1199.0,1118.0,7.3,True,Fair
Pending,Edge Water Townhomes,Townhouse,379000.0,1060.0,358.0,333.0,7.3,False,Fair
Pending,Near Northwest,Townhouse,420000.0,888.0,473.0,441.0,7.3,False,Fair
Active,Las Olas,Single Family,2699000.0,2909.0,928.0,864.0,7.4,False,Fair
Active,Progresso,Single Family,889000.0,1971.0,451.0,420.0,7.4,False,Fair
Pending,Citrus Isles,Single Family,3300000.0,3250.0,1015.0,946.0,7.4,True,Fair
Active,Essex Tower,Condo,499000.0,1218.0,410.0,381.0,7.4,False,Fair
Pending,Coral Cove,Condo,725000.0,1620.0,448.0,416.0,7.5,True,Fair
Active,Progresso,Single Family,465000.0,1088.0,427.0,398.0,7.5,False,Fair
Active,Strada,Condo,395000.0,826.0,478.0,445.0,7.6,False,Fair
Active,Le Club,Condo,1399000.0,2095.0,668.0,621.0,7.6,True,Fair
Active,Park Court,Condo,309000.0,820.0,377.0,350.0,7.6,False,Fair
Active,Rio Vista,Single Family,4895000.0,4040.0,1212.0,1125.0,7.7,False,Fair
Pending,Almar Estates,Single Family,999000.0,1590.0,628.0,584.0,7.7,True,Fair
Active,Gardenia Park,Townhouse,618000.0,1844.0,335.0,311.0,7.7,False,Fair
Active,Tradewinds By Sea,Condo,540000.0,1100.0,491.0,456.0,7.7,False,Fair
Active,Verena Park,Single Family,599000.0,1026.0,584.0,542.0,7.8,False,Fair
Active,Devonshire,Single Family,560000.0,1394.0,402.0,373.0,7.8,False,Fair
Active,Burton Point,Condo,429000.0,700.0,613.0,568.0,7.9,True,Fair
Active,Vue,Condo,669000.0,1267.0,528.0,489.0,7.9,False,Fair
Pending,Progresso,Townhouse,699000.0,2102.0,333.0,308.0,7.9,False,Fair
Active,Residence,Condo,840000.0,1176.0,714.0,661.0,8.0,True,Fair
Active,Fort Lauderdale Residence Hotel Residences,Condo,939000.0,1329.0,707.0,654.0,8.0,True,Fair
Active,Victoria Park,Condo,555000.0,1700.0,326.0,302.0,8.0,False,Fair
Active,Sevilla Courts,Condo,294999.0,790.0,373.0,346.0,8.0,False,Fair
Active,First To Tuskegee Par,Single Family,379999.0,1036.0,367.0,340.0,8.0,False,Fair
Active,Venice Isles Tower,Condo,585000.0,940.0,622.0,576.0,8.1,True,Fair
Active,Four Seasons,Condo,2600000.0,1458.0,1783.0,1650.0,8.1,True,Fair
Pending,Lauderdale Harbors,Single Family,1750000.0,1916.0,913.0,844.0,8.2,True,Fair
Active,Progresso,Townhouse,490000.0,1372.0,357.0,330.0,8.2,False,Fair
Active,Wisteria Court,Condo,185000.0,587.0,315.0,291.0,8.2,False,Fair
Active,Victoria Park,Townhouse,1350000.0,2854.0,473.0,437.0,8.3,False,Fair
Active,Tudor Manor,Condo,210000.0,740.0,284.0,262.0,8.3,False,Fair
Active,Asoka,Condo,210000.0,721.0,291.0,269.0,8.3,False,Fair
Active,Progresso,Single Family,465000.0,1056.0,440.0,407.0,8.3,False,Fair
Active,Harbordale,Condo,194700.0,600.0,324.0,299.0,8.3,False,Fair
Pending,Bayshore Towers,Condo,835000.0,1436.0,581.0,537.0,8.3,True,Fair
Pending,East Townhomes,Townhouse,539500.0,1204.0,448.0,413.0,8.4,False,Fair
Active,Lauderdale Harbors,Single Family,8995000.0,5950.0,1512.0,1392.0,8.6,True,Fair
Active,Las Olas,Condo,825000.0,1650.0,500.0,461.0,8.6,False,Fair
Active,Leisure Beach,Condo,389900.0,756.0,516.0,475.0,8.6,False,Fair
Active,Wilton Pines Townhomes,Townhouse,471900.0,1292.0,365.0,336.0,8.6,False,Fair
Pending,Middle River Homes,Condo,249900.0,761.0,328.0,302.0,8.7,False,Fair
Active,Lauderdale Gardens,Single Family,559900.0,1122.0,499.0,459.0,8.7,False,Fair
Pending,River Terrace,Townhouse,599000.0,1586.0,378.0,347.0,8.8,False,Fair
Pending,Symphony South Symphony,Condo,675000.0,1224.0,551.0,507.0,8.8,True,Fair
Active,Las Olas,Condo,815000.0,1161.0,702.0,645.0,8.9,True,Fair
Active,Progresso,Single Family,521980.0,1102.0,474.0,435.0,8.9,False,Fair
Active,Watergarden,Condo,1295000.0,1918.0,675.0,619.0,9.0,True,Fair
Active,Lauderdale Manors,Single Family,400000.0,1145.0,349.0,320.0,9.1,False,Fair
Active,Flb Condominium Hotel,Condo,549900.0,731.0,752.0,690.0,9.1,True,Fair
Active,Jenada Isles,Single Family,1125000.0,2712.0,415.0,380.0,9.1,False,Fair
Active,Cliff Lake Villas,Condo,190000.0,600.0,317.0,290.0,9.1,False,Fair
Active,Pinehurst Pl Portio,Single Family,824900.0,1712.0,482.0,441.0,9.2,False,Fair
Active,Altessa Wilton Manors,Townhouse,961990.0,2046.0,470.0,430.0,9.2,False,Fair
Active,Fort Lauderdale Residence Fort Lauderdale Residen,Condo,949999.0,1329.0,715.0,654.0,9.2,True,Fair
Pending,Footbridge Townhouses,Townhouse,439000.0,1212.0,362.0,332.0,9.2,False,Fair
Pending,Isles City Lofts,Condo,459900.0,1386.0,332.0,304.0,9.3,False,Fair
Active,Las Olas,Condo,1790000.0,2191.0,817.0,747.0,9.3,True,Fair
Pending,Dockside Grandeur,Townhouse,1795000.0,2882.0,623.0,569.0,9.4,True,Fair
Active,Meadowbrook,Single Family,649000.0,1559.0,416.0,380.0,9.4,False,Fair
Pending,Vue,Condo,740000.0,1397.0,530.0,484.0,9.4,False,Fair
Pending,Rio Vista,Single Family,990000.0,1317.0,752.0,687.0,9.4,False,Fair
Active,Rivers Bend,Condo,599000.0,1196.0,501.0,457.0,9.5,True,Fair
Active,Victoria Isles,Townhouse,3600000.0,3395.0,1060.0,968.0,9.5,True,Fair
Active,Vinik,Townhouse,799000.0,2323.0,344.0,314.0,9.5,False,Fair
Active,Victoria Isles,Townhouse,3600000.0,3395.0,1060.0,968.0,9.5,True,Fair
Active,Fort Lauderdale Residence Redidences And Hotel,Condo,879000.0,1214.0,724.0,661.0,9.5,True,Fair
Active,Tarpon River,Townhouse,1099000.0,2265.0,485.0,442.0,9.7,False,Fair
Active,Wilton Village,Condo,295000.0,846.0,349.0,318.0,9.7,False,Fair
Active,Tennis Club Ii,Condo,240000.0,1000.0,240.0,219.0,9.8,False,Fair
Active,Club Resort Residence,Condo,259000.0,662.0,391.0,356.0,9.8,True,Fair
Active,Sherwood Forest,Single Family,540000.0,1120.0,482.0,438.0,10.0,False,Overpriced
Active,River Reach,Condo,299000.0,900.0,332.0,302.0,10.0,True,Fair
Active,Las Olas,Condo,1295000.0,1869.0,693.0,629.0,10.1,True,Overpriced
Active,Coral Ridge Galt,Single Family,8300000.0,5628.0,1475.0,1340.0,10.1,True,Overpriced
Active,Sunrise Bay Club Co Op,Condo,499000.0,1030.0,484.0,440.0,10.2,True,Overpriced
Active,Nurmi Isles,Single Family,8999000.0,6446.0,1396.0,1266.0,10.3,True,Overpriced
Active,Progresso,Townhouse,915000.0,2076.0,441.0,400.0,10.3,False,Overpriced
Active,Progresso,Single Family,925000.0,1780.0,520.0,471.0,10.3,False,Overpriced
Pending,Middle River Villas,Condo,219000.0,560.0,391.0,354.0,10.4,False,Overpriced
Active,Lauderdale Beach Ext,Single Family,1345000.0,1735.0,775.0,702.0,10.4,False,Overpriced
Active,Victoria Park,Single Family,3195000.0,3193.0,1001.0,906.0,10.4,False,Overpriced
Active,Colee Hammock,Townhouse,1524900.0,2561.0,595.0,539.0,10.4,False,Overpriced
Active,Por Norfolk Ga,Single Family,670000.0,1250.0,536.0,485.0,10.5,False,Overpriced
Active,Venice,Single Family,3595000.0,3342.0,1076.0,973.0,10.6,True,Overpriced
Active,Marina Oaks,Condo,260000.0,858.0,303.0,274.0,10.6,False,Overpriced
Pending,Venetian,Condo,739000.0,1200.0,616.0,557.0,10.6,True,Overpriced
Active,Las Olas,Condo,1499000.0,2129.0,704.0,637.0,10.6,True,Overpriced
Active,Coral Ridge,Single Family,1300000.0,1711.0,760.0,687.0,10.6,False,Overpriced
Pending,Croissant Park,Townhouse,695000.0,1884.0,369.0,333.0,10.7,False,Overpriced
Active,Idlewyld,Single Family,2250000.0,2344.0,960.0,867.0,10.7,False,Overpriced
Active,Bayshore Towers,Condo,615000.0,1036.0,594.0,536.0,10.7,True,Overpriced
Active,Colee Hammock,Single Family,1395000.0,1787.0,781.0,704.0,10.8,False,Overpriced
Active,Dorsey Park First,Single Family,425000.0,1118.0,380.0,343.0,10.9,False,Overpriced
Active,Fountains On Ocean Bouleva,Condo,995000.0,1820.0,547.0,493.0,10.9,False,Overpriced
Active,Marina Oaks,Condo,260000.0,858.0,303.0,273.0,11.0,False,Overpriced
Pending,Coral Ridge Galt,Single Family,9975000.0,6750.0,1478.0,1331.0,11.0,True,Overpriced
Active,Marina Oaks,Condo,260000.0,858.0,303.0,273.0,11.0,False,Overpriced
Pending,Rio Vista,Single Family,1330000.0,1891.0,703.0,633.0,11.1,False,Overpriced
Active,East Point Towers,Condo,219000.0,896.0,244.0,220.0,11.1,True,Overpriced
Active,Palms Tower One,Condo,1095000.0,1604.0,683.0,614.0,11.1,True,Overpriced
Active,Symphony North Symphony,Condo,665000.0,1180.0,564.0,507.0,11.1,True,Overpriced
Active,Tradewinds By Sea Con,Condo,560000.0,1100.0,509.0,458.0,11.3,False,Overpriced
Active,Ft Laud Surf Club Co Op Fort Lauderdale Surf Club,Condo,474000.0,770.0,616.0,553.0,11.3,True,Overpriced
Active,Wilton Estates,Single Family,895000.0,1507.0,594.0,534.0,11.3,False,Overpriced
Active,Isles House East,Condo,350000.0,560.0,625.0,562.0,11.3,True,Overpriced
Active,Dorsey Park Third,Single Family,375000.0,1034.0,363.0,325.0,11.4,False,Overpriced
Pending,Avenue Lofts Four,Condo,699000.0,1609.0,434.0,390.0,11.4,False,Overpriced
Active,Croissant Park,Single Family,649000.0,1134.0,572.0,514.0,11.4,False,Overpriced
Active,Progresso,Townhouse,950000.0,2680.0,354.0,318.0,11.5,False,Overpriced
Active,Four Seasons,Condo,3500000.0,1948.0,1797.0,1610.0,11.6,True,Overpriced
Active,Altessa Wilton Manors,Townhouse,939490.0,1940.0,484.0,433.0,11.8,False,Overpriced
Pending,Oceanage,Condo,999000.0,1264.0,790.0,707.0,11.8,False,Overpriced
Active,Beach Way Heights,Single Family,1795000.0,2571.0,698.0,625.0,11.8,False,Overpriced
Active,Tropical Manors,Single Family,940000.0,1514.0,621.0,555.0,11.8,False,Overpriced
Active,Village East,Condo,335420.0,878.0,382.0,341.0,11.9,False,Overpriced
Active,Harbour Heights,Single Family,5995000.0,4964.0,1208.0,1079.0,11.9,False,Overpriced
Active,Sevilla Courts,Condo,320000.0,832.0,385.0,344.0,11.9,False,Overpriced
Active,Progresso,Single Family,599000.0,1278.0,469.0,419.0,11.9,False,Overpriced
Active,Victoria Park,Single Family,4395000.0,4042.0,1087.0,972.0,11.9,True,Overpriced
Pending,Avenue Lofts,Condo,800000.0,1863.0,429.0,383.0,12.0,False,Overpriced
Active,Beverly Heights Na,Townhouse,1950000.0,2509.0,777.0,694.0,12.1,False,Overpriced
Active,Waverly Las Olas,Condo,549000.0,1259.0,436.0,389.0,12.1,False,Overpriced
Active,Lake Ridge,Townhouse,1175000.0,2074.0,567.0,506.0,12.1,False,Overpriced
Active,Lauderdale Tower,Condo,349900.0,730.0,479.0,427.0,12.2,True,Overpriced
Active,Capri Courts,Condo,189000.0,476.0,397.0,354.0,12.2,False,Overpriced
Pending,Coral Shores,Single Family,1095000.0,2038.0,537.0,479.0,12.2,False,Overpriced
Active,Spring Tide Apts Co Op Spring Tide,Condo,495000.0,795.0,623.0,555.0,12.2,True,Overpriced
Active,Jenada Isles,Single Family,790000.0,2010.0,393.0,350.0,12.3,False,Overpriced
Active,Altessa Wilton Manors,Townhouse,812340.0,1738.0,467.0,416.0,12.3,False,Overpriced
Active,Lauderdale,Townhouse,1099000.0,2265.0,485.0,432.0,12.3,False,Overpriced
Active,Progresso,Single Family,649000.0,1272.0,510.0,453.0,12.5,False,Overpriced
Active,Max Swartz,Single Family,785000.0,1320.0,595.0,528.0,12.6,False,Overpriced
Active,Shore Club,Condo,965000.0,1500.0,643.0,571.0,12.6,True,Overpriced
Active,Park Ridge East Apts Cond Park Ridge East,Condo,420000.0,1079.0,389.0,345.0,12.7,False,Overpriced
Active,Elizabethan,Condo,299800.0,751.0,399.0,354.0,12.8,False,Overpriced
Active,River Reach,Condo,424999.0,1250.0,340.0,301.0,12.8,True,Overpriced
Active,Atlantic Towers Co Op,Condo,580000.0,1293.0,449.0,398.0,12.8,False,Overpriced
Active,Esplanade On New River,Condo,515000.0,1215.0,424.0,376.0,12.9,True,Overpriced
Active,Galleria Lofts,Condo,820000.0,1938.0,423.0,375.0,12.9,False,Overpriced
Pending,Coral Point,Single Family,1199950.0,1785.0,672.0,595.0,12.9,True,Overpriced
Pending,River Reach,Condo,344900.0,1025.0,336.0,298.0,13.0,True,Overpriced
Active,Manor Grove Village Two Co,Condo,399000.0,1180.0,338.0,299.0,13.0,False,Overpriced
Active,Tennis Club Lenglen,Condo,239900.0,1056.0,227.0,201.0,13.1,False,Overpriced
Active,Altessa Wilton Manors,Townhouse,815890.0,1738.0,469.0,415.0,13.1,False,Overpriced
Active,Point Americas Point America,Condo,925000.0,1513.0,611.0,540.0,13.1,True,Overpriced
Active,Harbor Beach,Single Family,6150000.0,5917.0,1039.0,918.0,13.2,False,Overpriced
Active,Pine Crest Village Vi,Condo,365000.0,960.0,380.0,336.0,13.2,False,Overpriced
Active,Harbour Heights,Single Family,1749999.0,2169.0,807.0,712.0,13.2,False,Overpriced
Active,Coral Ridge,Single Family,7100000.0,5015.0,1416.0,1249.0,13.3,True,Overpriced
Active,Avenue Lofts,Condo,899000.0,2098.0,429.0,378.0,13.3,False,Overpriced
Active,Victoria Park,Townhouse,1595000.0,2445.0,652.0,576.0,13.3,False,Overpriced
Active,Curva Del Rio,Single Family,1799000.0,2338.0,769.0,678.0,13.5,True,Overpriced
Active,Las Olas,Condo,849900.0,1161.0,732.0,645.0,13.5,True,Overpriced
Active,Progresso,Single Family,2625000.0,3438.0,764.0,673.0,13.5,False,Overpriced
Active,Lauderdale Park,Single Family,955000.0,1752.0,545.0,480.0,13.5,False,Overpriced
Active,Leisure Sands,Condo,395000.0,810.0,488.0,429.0,13.6,False,Overpriced
Active,Babco Heights,Single Family,825000.0,1944.0,424.0,374.0,13.6,False,Overpriced
Pending,Lauderdale,Single Family,645000.0,1200.0,538.0,473.0,13.6,False,Overpriced
Pending,Coral Ridge Galt,Single Family,3599000.0,3200.0,1125.0,990.0,13.6,False,Overpriced
Active,River Reach,Condo,385000.0,1110.0,347.0,305.0,13.6,True,Overpriced
Active,Sevilla Courts,Condo,300000.0,760.0,395.0,347.0,13.7,False,Overpriced
Active,Jenada Villas,Single Family,995000.0,2212.0,450.0,396.0,13.7,False,Overpriced
Active,Atlantic Towers Co Op,Condo,585000.0,1293.0,452.0,398.0,13.8,False,Overpriced
Active,Burton Point,Condo,499000.0,800.0,624.0,548.0,13.9,True,Overpriced
Active,Watergarden,Condo,869000.0,1204.0,722.0,634.0,13.9,True,Overpriced
Active,Tides Bridgeside Squar Tides Bridgeside,Condo,799000.0,1510.0,529.0,465.0,13.9,False,Overpriced
Active,Atlantic Hotel,Condo,460000.0,600.0,767.0,673.0,14.0,True,Overpriced
Active,Pine Crest Village,Condo,404000.0,960.0,421.0,369.0,14.1,False,Overpriced
Active,Harbor Haven,Condo,399000.0,795.0,502.0,440.0,14.1,False,Overpriced
Active,Bayshore Embassy,Condo,389000.0,740.0,526.0,461.0,14.1,False,Overpriced
Active,Birch Crest Apartments Inc,Condo,689000.0,1411.0,488.0,428.0,14.1,False,Overpriced
Active,Gallery One,Condo,248700.0,836.0,297.0,261.0,14.2,True,Overpriced
Active,Seawanna,Townhouse,670000.0,1912.0,350.0,307.0,14.2,False,Overpriced
Pending,Holiday Heights,Townhouse,1299999.0,2400.0,542.0,474.0,14.2,False,Overpriced
Active,Flb Condominium Hotel,Condo,455000.0,579.0,786.0,687.0,14.3,True,Overpriced
Active,Sole Fort Lauderdale,Condo,299000.0,760.0,393.0,344.0,14.3,False,Overpriced
Active,Petite,Single Family,1140000.0,1851.0,616.0,538.0,14.5,False,Overpriced
Active,Altessa Wilton Manors,Townhouse,1043390.0,2179.0,479.0,418.0,14.5,False,Overpriced
Active,Petite,Single Family,1299900.0,2030.0,640.0,559.0,14.5,False,Overpriced
Active,Progresso,Single Family,534900.0,1108.0,483.0,421.0,14.6,False,Overpriced
Active,Coral Isles,Single Family,16750000.0,7877.0,2126.0,1856.0,14.6,True,Overpriced
Active,Coral Ridge,Townhouse,2200000.0,3403.0,646.0,564.0,14.7,False,Overpriced
Active,Woods,Condo,165000.0,685.0,241.0,210.0,14.7,False,Overpriced
Active,Lincoln Park Third,Single Family,390000.0,1059.0,368.0,321.0,14.8,False,Overpriced
Active,Versailles Co Op,Condo,899000.0,1448.0,621.0,541.0,14.8,True,Overpriced
Pending,Villa Valentina,Townhouse,885000.0,2262.0,391.0,340.0,14.9,False,Overpriced
Active,Babco Park,Single Family,950000.0,2100.0,452.0,393.0,15.0,False,Overpriced
Active,Le Club International Cond,Condo,1825000.0,2450.0,745.0,647.0,15.1,True,Overpriced
Active,Gallery One,Condo,189300.0,636.0,298.0,259.0,15.1,True,Overpriced
Active,Ocean Resort Residences,Condo,1500000.0,1590.0,943.0,819.0,15.2,True,Overpriced
Pending,Village Wilton Manors,Townhouse,847000.0,1700.0,498.0,432.0,15.3,False,Overpriced
Active,Venice Isles Tower,Condo,539000.0,800.0,674.0,584.0,15.3,True,Overpriced
Active,Coral Ridge Galt,Single Family,1499000.0,2169.0,691.0,599.0,15.3,False,Overpriced
Active,Watergarden,Condo,880000.0,1204.0,731.0,634.0,15.4,True,Overpriced
Active,Hibiscus House,Condo,225000.0,544.0,414.0,358.0,15.4,False,Overpriced
Active,Ocean Sunrise Co Op,Condo,265000.0,650.0,408.0,353.0,15.5,False,Overpriced
Active,Progresso,Townhouse,995000.0,2732.0,364.0,315.0,15.5,False,Overpriced
Pending,Coral Isles Las Olas Isl,Single Family,5475000.0,4119.0,1329.0,1150.0,15.5,True,Overpriced
Active,Gallery One,Condo,179000.0,554.0,323.0,280.0,15.5,True,Overpriced
Active,Sea Tower Apts Co Op,Condo,495000.0,769.0,644.0,557.0,15.5,True,Overpriced
Active,Wilton Station,Townhouse,729900.0,1738.0,420.0,363.0,15.6,False,Overpriced
Active,Hemingway Landings,Condo,1499000.0,2120.0,707.0,611.0,15.7,True,Overpriced
Pending,Progresso,Townhouse,599900.0,1640.0,366.0,316.0,15.8,False,Overpriced
Active,Esmonda Gardens,Townhouse,1777000.0,4200.0,423.0,365.0,15.8,False,Overpriced
Active,Lincoln Park Corr,Single Family,250000.0,630.0,397.0,343.0,15.8,False,Overpriced
Active,Progresso,Single Family,595000.0,1250.0,476.0,411.0,15.9,False,Overpriced
Active,Victoria Park,Condo,284000.0,720.0,394.0,340.0,16.0,False,Overpriced
Active,Rio Vista,Single Family,1899000.0,2321.0,818.0,705.0,16.0,False,Overpriced
Active,Progresso,Single Family,585000.0,1194.0,490.0,422.0,16.1,False,Overpriced
Active,Plaza,Condo,355000.0,1020.0,348.0,299.0,16.3,False,Overpriced
Active,Progresso,Single Family,469000.0,918.0,511.0,439.0,16.3,False,Overpriced
Active,Vue,Condo,950000.0,1268.0,749.0,644.0,16.3,True,Overpriced
Active,Mrs Elva Truax,Townhouse,635000.0,1740.0,365.0,313.0,16.4,False,Overpriced
Active,Selene Oceanfront Residen,Condo,3099000.0,2395.0,1294.0,1111.0,16.5,True,Overpriced
Pending,Venetian,Condo,949000.0,1500.0,633.0,543.0,16.5,True,Overpriced
Active,Yellowstone Park Amen Pla,Single Family,635000.0,1268.0,501.0,430.0,16.5,False,Overpriced
Active,Tennis Club Johnston Cond Tennis Club Johnston,Condo,235000.0,960.0,245.0,210.0,16.6,False,Overpriced
Active,Seasons,Condo,990000.0,1450.0,683.0,586.0,16.6,True,Overpriced
Active,Progresso,Single Family,1025000.0,2107.0,486.0,417.0,16.6,False,Overpriced
Active,Gill Isles,Single Family,1050000.0,1462.0,718.0,615.0,16.7,True,Overpriced
Active,Reserve Edgewood,Townhouse,480000.0,1377.0,349.0,299.0,16.7,False,Overpriced
Active,Wave On Bayshore,Condo,1090000.0,1664.0,655.0,561.0,16.7,False,Overpriced
Active,Stilwell Isles,Single Family,15950000.0,9252.0,1724.0,1476.0,16.8,True,Overpriced
Active,Riverside Park Amen,Single Family,450000.0,872.0,516.0,442.0,16.8,False,Overpriced
Active,Altessa Wilton Manors,Townhouse,804790.0,1605.0,501.0,429.0,16.8,False,Overpriced
Active,Thirty North Ocean,Condo,1595000.0,2306.0,692.0,592.0,16.9,False,Overpriced
Pending,Coral Ridge,Single Family,1650000.0,2124.0,777.0,665.0,16.9,False,Overpriced
Active,Barretts,Single Family,625000.0,1242.0,503.0,431.0,16.9,False,Overpriced
Active,Middle River Terrace,Single Family,947000.0,1776.0,533.0,456.0,16.9,False,Overpriced
Active,Thirty North Ocrsn,Condo,1495000.0,2140.0,699.0,597.0,17.0,False,Overpriced
Active,Marine Tower,Condo,665000.0,1940.0,343.0,293.0,17.0,False,Overpriced
Active,South Middle River,Single Family,490000.0,1274.0,385.0,328.0,17.1,False,Overpriced
Active,Point Americas,Condo,785000.0,1109.0,708.0,605.0,17.1,True,Overpriced
Active,La Cascade,Townhouse,2100000.0,2526.0,831.0,709.0,17.2,True,Overpriced
Active,Wilton Estates,Single Family,725000.0,1697.0,427.0,365.0,17.2,False,Overpriced
Active,Tarpon River,Townhouse,695000.0,1631.0,426.0,363.0,17.3,False,Overpriced
Pending,Coral Ridge Galt,Single Family,1650000.0,2122.0,778.0,663.0,17.3,False,Overpriced
Active,Harbor Beach,Single Family,3995000.0,3781.0,1057.0,901.0,17.3,False,Overpriced
Active,Th Terrace Condominium,Condo,179900.0,433.0,415.0,354.0,17.4,False,Overpriced
Active,Oceanage,Condo,1049000.0,1264.0,830.0,707.0,17.4,False,Overpriced
Active,Berkley South,Condo,420000.0,1144.0,367.0,313.0,17.4,False,Overpriced
Active,Tarpon River,Townhouse,995000.0,2378.0,418.0,356.0,17.4,False,Overpriced
Active,Banyan Grove,Single Family,619000.0,1236.0,501.0,426.0,17.4,False,Overpriced
Active,Wilton Pines Townhomes,Townhouse,465000.0,1163.0,400.0,340.0,17.5,False,Overpriced
Active,Livermore Estates,Townhouse,1865000.0,3387.0,551.0,469.0,17.5,False,Overpriced
Active,Altessa Wilton Manors,Townhouse,819965.0,1666.0,492.0,418.0,17.6,False,Overpriced
Active,East Point Towers,Condo,345000.0,1344.0,257.0,218.0,17.6,True,Overpriced
Active,Vantage View,Condo,499000.0,1100.0,454.0,385.0,17.7,False,Overpriced
Active,River Shores,Condo,215500.0,600.0,359.0,305.0,17.7,True,Overpriced
Active,Las Olas,Condo,690000.0,1200.0,575.0,488.0,17.8,False,Overpriced
Active,Symphony North Symphony,Condo,349000.0,776.0,450.0,382.0,17.8,True,Overpriced
Active,Victorian,Condo,225000.0,568.0,396.0,336.0,17.9,False,Overpriced
Pending,Stilwell Isles Pal,Single Family,4750000.0,4251.0,1117.0,948.0,17.9,True,Overpriced
Active,Riverside Amen,Single Family,2200000.0,2834.0,776.0,658.0,18.0,False,Overpriced
Pending,Stranahans,Townhouse,2200000.0,3276.0,672.0,569.0,18.0,False,Overpriced
Pending,Stranahans,Townhouse,2200000.0,3276.0,672.0,569.0,18.0,False,Overpriced
Pending,Stranahans,Townhouse,2200000.0,3276.0,672.0,569.0,18.0,False,Overpriced
Active,Poinsettia Heights,Single Family,2599000.0,2897.0,897.0,760.0,18.1,False,Overpriced
Active,Manor Grove Village Two Co,Condo,244900.0,750.0,327.0,276.0,18.1,False,Overpriced
Pending,Selene Oceanfront Residen,Condo,3999000.0,3112.0,1285.0,1087.0,18.2,True,Overpriced
Active,Cromwell West,Condo,250000.0,704.0,355.0,300.0,18.2,False,Overpriced
Active,Lauderdale,Single Family,575000.0,990.0,581.0,491.0,18.3,False,Overpriced
Active,Altessa Wilton Manors,Townhouse,811940.0,1596.0,509.0,430.0,18.4,False,Overpriced
Active,Babco Park,Single Family,779000.0,1674.0,465.0,393.0,18.4,False,Overpriced
Pending,Croissant Park,Single Family,449900.0,864.0,521.0,440.0,18.4,False,Overpriced
Pending,Bal Harbour,Single Family,2599000.0,2357.0,1103.0,931.0,18.5,True,Overpriced
Active,Gould Isles,Single Family,8995000.0,6138.0,1465.0,1236.0,18.5,True,Overpriced
Active,River Reach,Condo,435000.0,1250.0,348.0,293.0,18.7,True,Overpriced
Active,Sapphire,Condo,750000.0,1274.0,589.0,496.0,18.7,False,Overpriced
Pending,Watergarden,Condo,1175000.0,1615.0,728.0,613.0,18.7,True,Overpriced
Active,Cromwell East,Condo,340000.0,724.0,470.0,395.0,18.8,True,Overpriced
Active,Galleria Villages,Townhouse,975000.0,2036.0,479.0,403.0,18.8,False,Overpriced
Active,Edge On Th,Townhouse,489000.0,1377.0,355.0,299.0,18.9,False,Overpriced
Active,Flagler Village,Condo,355000.0,826.0,430.0,361.0,18.9,False,Overpriced
Active,Palms Tower One Palms,Condo,1545000.0,2172.0,711.0,598.0,18.9,True,Overpriced
Active,Corinthian On Intracoa,Condo,879000.0,1500.0,586.0,492.0,19.0,True,Overpriced
Active,Las Olas,Condo,888001.0,1161.0,765.0,642.0,19.1,True,Overpriced
Pending,River Reach,Condo,275000.0,1025.0,268.0,225.0,19.1,False,Overpriced
Active,La Rive,Condo,1290000.0,1733.0,744.0,625.0,19.2,True,Overpriced
Active,Breakwater Towers,Condo,270000.0,805.0,335.0,281.0,19.2,False,Overpriced
Active,North Ridge,Single Family,2225000.0,2434.0,914.0,766.0,19.3,False,Overpriced
Active,Lauderdale Park,Single Family,987000.0,1703.0,580.0,485.0,19.5,False,Overpriced
Active,Aqualuna Las Olas Aqualuna,Condo,1799000.0,2590.0,695.0,581.0,19.5,True,Overpriced
Active,Coral Ridge Galt,Single Family,3495000.0,3583.0,975.0,816.0,19.6,True,Overpriced
Active,Las Olas,Condo,749999.0,1297.0,578.0,484.0,19.6,False,Overpriced
Active,Point Americas,Condo,1295000.0,1879.0,689.0,576.0,19.6,True,Overpriced
Active,Oasis Nurmi Isles Co Op,Condo,729000.0,1140.0,639.0,534.0,19.6,True,Overpriced
Pending,Village Wilton Manors,Townhouse,799000.0,1580.0,506.0,423.0,19.6,False,Overpriced
Active,Venice Isles Tower,Condo,559000.0,800.0,699.0,584.0,19.6,True,Overpriced
Active,Las Olas,Condo,1399000.0,1905.0,734.0,614.0,19.6,True,Overpriced
Pending,Everglade Land Sales Co,Single Family,549000.0,900.0,610.0,510.0,19.7,False,Overpriced
Active,Progresso,Single Family,550000.0,1080.0,509.0,425.0,19.7,False,Overpriced
Active,Progresso,Townhouse,1095000.0,2932.0,373.0,312.0,19.8,False,Overpriced
Active,Fountains On Ocean,Condo,649000.0,1510.0,430.0,359.0,19.8,False,Overpriced
Active,Progresso,Single Family,429500.0,858.0,501.0,417.0,19.9,False,Overpriced
Active,Phase Iii Townhome,Townhouse,450000.0,936.0,481.0,401.0,20.0,False,Overpriced
Active,Vantage View,Condo,550000.0,1200.0,458.0,382.0,20.1,False,Overpriced
Active,Rio Vista,Single Family,2495000.0,2111.0,1182.0,984.0,20.1,True,Overpriced
Active,North Bal Harbour,Single Family,7775000.0,6273.0,1239.0,1031.0,20.2,True,Overpriced
Active,Manor Grove Village Three,Townhouse,365000.0,960.0,380.0,316.0,20.2,False,Overpriced
Active,Almar Estates,Single Family,699900.0,1260.0,555.0,462.0,20.2,False,Overpriced
Active,River Shores,Condo,220000.0,600.0,367.0,305.0,20.2,True,Overpriced
Pending,Beach Way Heights,Single Family,3250000.0,2758.0,1178.0,980.0,20.2,False,Overpriced
Active,Cranwell House,Condo,375000.0,550.0,682.0,567.0,20.3,True,Overpriced
Pending,Victoria Park,Townhouse,1650000.0,2623.0,629.0,522.0,20.4,False,Overpriced
Active,Coral Ridge,Single Family,11995000.0,6718.0,1786.0,1483.0,20.4,True,Overpriced
Pending,Harbor Beach,Single Family,1699000.0,1846.0,920.0,764.0,20.5,False,Overpriced
Active,Fort Lauderdale Residence Fort Lauderdale Residen,Condo,939999.0,1176.0,799.0,663.0,20.5,True,Overpriced
Active,Progresso,Townhouse,599999.0,1629.0,368.0,305.0,20.6,False,Overpriced
Active,Las Olas,Condo,499000.0,847.0,589.0,489.0,20.6,False,Overpriced
Pending,Lauderdale Villas,Single Family,549000.0,1404.0,391.0,324.0,20.7,False,Overpriced
Active,La Cascade,Condo,1695000.0,2273.0,746.0,617.0,20.8,True,Overpriced
Active,Corinthian On Intraco Corinthian,Condo,874000.0,1620.0,540.0,446.0,20.9,True,Overpriced
Active,Club Resort Residences,Condo,2100000.0,2740.0,766.0,634.0,20.9,True,Overpriced
Active,Progresso,Single Family,615000.0,1099.0,560.0,463.0,21.0,False,Overpriced
Active,Embassy Tower Ii Inc,Condo,639900.0,1200.0,533.0,441.0,21.0,False,Overpriced
Active,River Reach,Condo,329000.0,900.0,366.0,302.0,21.1,True,Overpriced
Active,Tropical Manors,Single Family,895000.0,1344.0,666.0,549.0,21.2,False,Overpriced
Active,Progresso,Single Family,929000.0,1498.0,620.0,512.0,21.2,False,Overpriced
Active,Tennis Club Davis,Condo,365000.0,1496.0,244.0,201.0,21.2,False,Overpriced
Pending,Lauderdale Manors,Single Family,339900.0,825.0,412.0,340.0,21.3,False,Overpriced
Active,River Reach,Condo,399900.0,1110.0,360.0,297.0,21.3,True,Overpriced
Active,Avenue Lofts,Condo,489900.0,1022.0,479.0,395.0,21.3,False,Overpriced
Active,Coral Point,Single Family,2150000.0,2824.0,761.0,628.0,21.3,True,Overpriced
Active,Gulfstream Las Ol,Condo,249999.0,459.0,545.0,449.0,21.4,False,Overpriced
Active,Corinthian On Intracoa,Condo,875000.0,1620.0,540.0,445.0,21.4,True,Overpriced
Active,Lake Ridge,Single Family,899000.0,1380.0,651.0,536.0,21.6,False,Overpriced
Active,Watergarden,Condo,759000.0,1178.0,644.0,529.0,21.7,False,Overpriced
Pending,Stranahans,Townhouse,999000.0,2045.0,489.0,401.0,21.7,False,Overpriced
Active,East,Townhouse,504990.0,980.0,515.0,423.0,21.8,False,Overpriced
Active,Sherwood Forest,Single Family,829000.0,1453.0,571.0,468.0,21.8,False,Overpriced
Active,Coral Shores,Single Family,2100000.0,2580.0,814.0,668.0,21.9,True,Overpriced
Pending,Sunrise Tower,Condo,339000.0,850.0,399.0,327.0,21.9,True,Overpriced
Pending,Terraces,Condo,1750000.0,1775.0,986.0,807.0,22.1,True,Overpriced
Active,Ft Lauderdale Yacht,Condo,475000.0,601.0,790.0,647.0,22.1,True,Overpriced
Active,Gardenia Park,Townhouse,650000.0,1844.0,352.0,288.0,22.2,False,Overpriced
Active,Regency Park Townhomes,Townhouse,1869000.0,2823.0,662.0,542.0,22.2,False,Overpriced
Pending,Village Sailboat Bend,Condo,279900.0,856.0,327.0,267.0,22.3,False,Overpriced
Active,Panama Club,Condo,498999.0,730.0,684.0,559.0,22.4,True,Overpriced
Pending,Coral Ridge Galt,Single Family,1235000.0,1545.0,799.0,653.0,22.4,False,Overpriced
Active,Lake Shore,Condo,975000.0,1610.0,606.0,495.0,22.4,True,Overpriced
Pending,Beach Way Heights,Single Family,2395000.0,3004.0,797.0,652.0,22.4,False,Overpriced
Active,Poinsettia Heights,Single Family,2350000.0,2542.0,924.0,754.0,22.6,False,Overpriced
Active,Point Americas,Condo,1325000.0,1880.0,705.0,574.0,22.8,True,Overpriced
Active,Lake Ridge,Single Family,869000.0,1376.0,632.0,514.0,22.9,False,Overpriced
Active,Capri Venice,Single Family,5790000.0,3298.0,1756.0,1429.0,22.9,True,Overpriced
Active,Point Americas Ii,Condo,818000.0,1200.0,682.0,555.0,22.9,True,Overpriced
Active,Altessa Wilton Manors,Townhouse,790390.0,1485.0,532.0,433.0,22.9,False,Overpriced
Active,Beach Way Heights,Single Family,15495000.0,9655.0,1605.0,1306.0,22.9,True,Overpriced
Pending,Avenue Lofts One,Condo,469000.0,967.0,485.0,395.0,22.9,False,Overpriced
Active,Victoria Park,Townhouse,1875000.0,2901.0,646.0,525.0,23.0,False,Overpriced
Active,Middle River Terrace,Single Family,599000.0,1168.0,513.0,417.0,23.0,False,Overpriced
Pending,Jenada Isles,Single Family,1000000.0,2226.0,449.0,365.0,23.1,False,Overpriced
Active,Reserve Edgewood,Townhouse,559000.0,1539.0,363.0,295.0,23.2,False,Overpriced
Active,Breakwater Towers,Condo,279000.0,805.0,347.0,281.0,23.2,False,Overpriced
Active,Coral Ridge Galt,Single Family,1349000.0,1709.0,789.0,641.0,23.2,False,Overpriced
Pending,Fort Lauderdale Lake Ridge,Townhouse,1400000.0,2594.0,540.0,438.0,23.3,False,Overpriced
Active,Point Americas,Condo,1795000.0,2524.0,711.0,577.0,23.3,True,Overpriced
Pending,Victoria Park,Single Family,1380000.0,1888.0,731.0,593.0,23.3,False,Overpriced
Active,River Reach,Condo,375000.0,1025.0,366.0,297.0,23.3,True,Overpriced
Active,River Oaks,Single Family,699000.0,1566.0,446.0,362.0,23.4,False,Overpriced
Active,Four Seasons,Condo,4495000.0,2237.0,2009.0,1627.0,23.5,True,Overpriced
Pending,Las Olas,Condo,1249000.0,1630.0,766.0,620.0,23.5,True,Overpriced
Active,Vantage View,Condo,535000.0,1100.0,486.0,394.0,23.5,False,Overpriced
Active,March Estates Amen,Single Family,695000.0,1621.0,429.0,346.0,23.8,False,Overpriced
Active,Corinthian On Intraco Corinthian,Condo,895000.0,1620.0,552.0,446.0,23.8,True,Overpriced
Active,Wilton Manors,Single Family,1299000.0,1596.0,814.0,657.0,23.8,False,Overpriced
Active,Venice,Single Family,9200000.0,6545.0,1406.0,1132.0,24.1,True,Overpriced
Active,Progresso,Single Family,759000.0,1347.0,563.0,454.0,24.2,False,Overpriced
Active,Point Americas Phase Ii,Condo,1595000.0,2170.0,735.0,591.0,24.4,True,Overpriced
Active,Las Olas,Condo,1629000.0,2110.0,772.0,621.0,24.4,True,Overpriced
Active,Lauderdale Manors,Single Family,459000.0,958.0,479.0,385.0,24.5,False,Overpriced
Active,Boulevard Estates Amen,Single Family,580000.0,1313.0,442.0,355.0,24.5,False,Overpriced
Active,River Reach,Condo,239900.0,784.0,306.0,245.0,24.7,False,Overpriced
Pending,Rio Vista,Single Family,8950000.0,4935.0,1814.0,1453.0,24.8,True,Overpriced
Active,Nurmi Isles,Single Family,12388000.0,6479.0,1912.0,1531.0,24.9,True,Overpriced
Pending,Everglade Land Sales Co None,Townhouse,1525000.0,2619.0,582.0,466.0,25.0,False,Overpriced
Pending,River Oaks,Single Family,699000.0,1550.0,451.0,361.0,25.0,False,Overpriced
Active,Jackson Tower Las Olas Con,Condo,975000.0,1722.0,566.0,452.0,25.2,False,Overpriced
Active,Birch Park Finger Estates,Single Family,9495000.0,4619.0,2056.0,1641.0,25.2,True,Overpriced
Active,Fort Lauderdale Residence Fort Lauderdale Res,Condo,1090000.0,1329.0,820.0,654.0,25.3,True,Overpriced
Active,Cromwell West,Condo,265000.0,704.0,376.0,300.0,25.3,False,Overpriced
Active,Pine Crest Village Ii,Condo,269500.0,625.0,431.0,344.0,25.3,False,Overpriced
Active,Progresso,Townhouse,434900.0,1056.0,412.0,328.0,25.4,False,Overpriced
Active,River Reach,Condo,339900.0,900.0,378.0,301.0,25.5,True,Overpriced
Active,Aria Las Olas Aria,Condo,1745000.0,2394.0,729.0,581.0,25.5,True,Overpriced
Active,Seven Corners Townhomes,Townhouse,1699000.0,3228.0,526.0,419.0,25.6,False,Overpriced
Pending,Lauderdale Manors,Single Family,429000.0,984.0,436.0,347.0,25.6,False,Overpriced
Active,River Reach,Condo,339000.0,900.0,377.0,300.0,25.7,True,Overpriced
Active,Esplanade On New Rive,Condo,710000.0,1546.0,459.0,365.0,25.7,True,Overpriced
Active,Tides Bridgeside,Condo,349000.0,750.0,465.0,370.0,25.8,True,Overpriced
Active,Essex Tower,Condo,749000.0,1610.0,465.0,369.0,25.9,False,Overpriced
Active,Victoria Park,Townhouse,1725000.0,2623.0,658.0,522.0,25.9,False,Overpriced
Pending,Townhouses Shores Wilton Manors,Condo,549000.0,1250.0,439.0,349.0,26.0,True,Overpriced
Active,Sole Fort Lauderdale Co,Condo,299995.0,667.0,450.0,357.0,26.0,False,Overpriced
Active,Corinthian On Intracoa,Condo,849000.0,1500.0,566.0,449.0,26.1,True,Overpriced
Pending,Vantage View,Condo,535000.0,1100.0,486.0,385.0,26.2,False,Overpriced
Active,Symphony North Symphony,Condo,1199000.0,1911.0,627.0,497.0,26.3,True,Overpriced
Active,Lincoln Park First,Single Family,278990.0,625.0,446.0,353.0,26.3,False,Overpriced
Active,Coral Ridge Galt,Single Family,5599999.0,4255.0,1316.0,1041.0,26.4,True,Overpriced
Active,Jackson Tower Las Olas Con,Condo,1125000.0,1934.0,582.0,460.0,26.4,False,Overpriced
Active,Sapphire Fort Lauderdale,Condo,799000.0,1274.0,627.0,496.0,26.4,False,Overpriced
Pending,Villas Mallory Square,Townhouse,925000.0,1944.0,476.0,376.0,26.5,False,Overpriced
Active,Progresso,Single Family,2899000.0,3500.0,828.0,655.0,26.5,False,Overpriced
Active,Rio Vista,Single Family,3750000.0,2545.0,1473.0,1165.0,26.5,True,Overpriced
Active,Four Seasons,Condo,4595000.0,2230.0,2061.0,1628.0,26.6,True,Overpriced
Active,Wilton Commons Condominium,Condo,210000.0,600.0,350.0,276.0,26.6,False,Overpriced
Active,Selene Oceanfront Residen,Condo,4299000.0,3122.0,1377.0,1087.0,26.7,True,Overpriced
Active,Four Seasons,Condo,2700000.0,1308.0,2064.0,1628.0,26.8,True,Overpriced
Pending,Ocean Lane Villas,Condo,650000.0,940.0,691.0,545.0,26.8,True,Overpriced
Active,Harbordale,Condo,245000.0,670.0,366.0,288.0,26.8,False,Overpriced
Active,Ocean Boulevard Park,Single Family,1080000.0,2257.0,479.0,377.0,26.9,False,Overpriced
Active,Lauderdale Manors,Single Family,350000.0,810.0,432.0,340.0,26.9,False,Overpriced
Pending,Wilton Station,Condo,699900.0,1883.0,372.0,293.0,26.9,False,Overpriced
Active,Rio Nuevo,Condo,295000.0,1000.0,295.0,233.0,26.9,False,Overpriced
Active,Riviera,Single Family,12950000.0,6189.0,2092.0,1647.0,27.1,True,Overpriced
Active,Sherwood Forest,Single Family,750000.0,1318.0,569.0,447.0,27.2,False,Overpriced
Active,South New River Isles,Single Family,2950000.0,2489.0,1185.0,931.0,27.3,True,Overpriced
Active,Lauderdale Beach,Single Family,5995000.0,4283.0,1400.0,1098.0,27.4,False,Overpriced
Active,Babco Heights,Single Family,765000.0,1248.0,613.0,481.0,27.4,False,Overpriced
Active,Regency Park Townhomes,Townhouse,1948000.0,2823.0,690.0,542.0,27.4,False,Overpriced
Active,Marina Oaks,Condo,220000.0,632.0,348.0,273.0,27.5,False,Overpriced
Active,Marina Oaks,Condo,220000.0,632.0,348.0,273.0,27.5,False,Overpriced
Active,Progresso,Single Family,2345000.0,2568.0,913.0,716.0,27.5,False,Overpriced
Active,Oceanage,Condo,1500000.0,1264.0,1187.0,931.0,27.5,True,Overpriced
Active,Jenada Villas,Single Family,769000.0,1520.0,506.0,396.0,27.7,False,Overpriced
Active,Point Americas,Condo,1400000.0,1912.0,732.0,573.0,27.8,True,Overpriced
Active,East Point Towers,Condo,375000.0,1344.0,279.0,218.0,27.8,True,Overpriced
Pending,Vantage View,Condo,599000.0,1200.0,499.0,390.0,28.0,False,Overpriced
Active,Galleria Villages,Townhouse,1050000.0,2036.0,516.0,403.0,28.0,False,Overpriced
Active,Progresso,Townhouse,995000.0,1988.0,501.0,391.0,28.0,False,Overpriced
Pending,Livermore Estates Coral Ridge Villas,Townhouse,1750000.0,2557.0,684.0,534.0,28.2,False,Overpriced
Active,Tennis Club Davis,Condo,395000.0,1496.0,264.0,206.0,28.3,False,Overpriced
Active,River Reach,Condo,264900.0,900.0,294.0,229.0,28.4,False,Overpriced
Active,Sapphire Fort Lauderdale,Condo,1195000.0,1888.0,633.0,493.0,28.4,False,Overpriced
Active,Waverly Place,Townhouse,1049000.0,2560.0,410.0,319.0,28.4,False,Overpriced
Active,Lauderdale Manors,Single Family,385000.0,912.0,422.0,329.0,28.4,False,Overpriced
Pending,Pinewood Place,Single Family,749000.0,1400.0,535.0,416.0,28.5,False,Overpriced
Active,Vantage View,Condo,545000.0,1100.0,495.0,385.0,28.6,False,Overpriced
Active,Riverside Park,Single Family,524888.0,1000.0,525.0,407.0,28.8,False,Overpriced
Active,Riverside Amen,Single Family,5950000.0,5600.0,1062.0,825.0,28.8,True,Overpriced
Active,Fort Lauderdale Residenc Residences Fort Lauderd,Condo,1098000.0,1283.0,856.0,664.0,28.9,True,Overpriced
Active,Vue,Condo,799900.0,1268.0,631.0,489.0,28.9,False,Overpriced
Active,Coral Shores,Single Family,1999000.0,2307.0,866.0,672.0,28.9,True,Overpriced
Active,Coral Ridge Galt,Single Family,2690000.0,2309.0,1165.0,903.0,29.0,True,Overpriced
Active,Lauderdale Park,Single Family,1000000.0,1587.0,630.0,488.0,29.0,False,Overpriced
Active,Las Olas,Single Family,2400000.0,2208.0,1087.0,842.0,29.0,False,Overpriced
Active,Poinsettia Heights,Single Family,1250000.0,2000.0,625.0,484.0,29.1,False,Overpriced
Active,Selene Oceanfront Residen,Condo,2395000.0,1707.0,1403.0,1087.0,29.1,True,Overpriced
Active,Dua Lake Ridge West,Townhouse,1395000.0,2351.0,593.0,460.0,29.1,False,Overpriced
Active,Coral Ridge Galt,Single Family,10500000.0,6274.0,1674.0,1292.0,29.5,True,Overpriced
Active,Palms Tower One,Condo,1690000.0,2172.0,778.0,601.0,29.6,True,Overpriced
Active,Sailboat Bend,Single Family,899000.0,1611.0,558.0,431.0,29.6,False,Overpriced
Active,Lago Mar North Lodge Cond Lago Mar North Lodge,Condo,1075000.0,1444.0,744.0,574.0,29.6,True,Overpriced
Active,Lazy Lake,Single Family,4500000.0,4857.0,926.0,714.0,29.7,True,Overpriced
Active,Babco Manors,Single Family,849000.0,1248.0,680.0,524.0,29.7,False,Overpriced
Active,Progresso,Single Family,499000.0,945.0,528.0,407.0,29.8,False,Overpriced
Active,Poinsettia Heights,Single Family,850000.0,1318.0,645.0,497.0,29.8,False,Overpriced
Pending,Lauderdale Pines,Townhouse,1269000.0,2527.0,502.0,387.0,29.8,False,Overpriced
Active,Placido Place,Single Family,759000.0,1080.0,703.0,541.0,29.9,False,Overpriced
Active,Las Olas Isles,Single Family,4395000.0,4125.0,1065.0,820.0,29.9,True,Overpriced
Active,Holiday Isles Yacht Club Co,Condo,520000.0,712.0,730.0,562.0,29.9,True,Overpriced
Active,Lauderdale Harbors Section,Single Family,8650000.0,5781.0,1496.0,1150.0,30.1,True,Overpriced
Active,Artist Colony,Condo,264900.0,616.0,430.0,331.0,30.1,False,Overpriced
Active,Artist Colony,Condo,264900.0,616.0,430.0,331.0,30.1,False,Overpriced
Active,Venetian,Condo,869000.0,1200.0,724.0,557.0,30.1,True,Overpriced
Active,Las Olas,Condo,1295000.0,2110.0,614.0,472.0,30.1,False,Overpriced
Active,Progresso,Townhouse,885000.0,2262.0,391.0,300.0,30.3,False,Overpriced
Active,Lauderdale,Townhouse,1595000.0,2560.0,623.0,478.0,30.4,False,Overpriced
Active,Sunrise Intracoastal,Single Family,3500000.0,3920.0,893.0,684.0,30.5,False,Overpriced
Active,Riverside Amen,Townhouse,895000.0,2073.0,432.0,331.0,30.6,False,Overpriced
Pending,Coral Ridge Galt,Single Family,1875000.0,1708.0,1098.0,841.0,30.6,True,Overpriced
Active,Petite,Single Family,680000.0,1022.0,665.0,509.0,30.7,False,Overpriced
Active,Fort Lauderdale Residence Fort Lauderdale Residen,Condo,1020000.0,1176.0,867.0,663.0,30.7,True,Overpriced
Active,Victoria Park,Townhouse,2200000.0,3276.0,672.0,513.0,30.8,False,Overpriced
Active,Breakwater,Single Family,1695000.0,1769.0,958.0,732.0,30.9,False,Overpriced
Active,Sole Fort Lauderdale Co,Condo,349900.0,760.0,460.0,352.0,30.9,False,Overpriced
Active,Allenwood,Townhouse,1729000.0,2775.0,623.0,475.0,31.1,False,Overpriced
Active,Allenwood,Townhouse,1729000.0,2775.0,623.0,475.0,31.1,False,Overpriced
Active,Sapphire Fort Lauderdale Sapphire,Condo,940000.0,1468.0,640.0,488.0,31.2,False,Overpriced
Active,Progresso,Single Family,819000.0,1532.0,535.0,407.0,31.2,False,Overpriced
Active,Lauderdale Villas,Single Family,549000.0,1350.0,407.0,310.0,31.2,False,Overpriced
Active,Reserve Edgewood,Townhouse,540000.0,1377.0,392.0,299.0,31.3,False,Overpriced
Active,Lincoln Park First,Single Family,278990.0,600.0,465.0,354.0,31.4,False,Overpriced
Active,Lauderdale Manors,Single Family,424900.0,929.0,457.0,348.0,31.4,False,Overpriced
Active,River Reach,Condo,360000.0,900.0,400.0,304.0,31.5,True,Overpriced
Active,Tennis Club Outerbridge,Condo,245000.0,960.0,255.0,194.0,31.6,False,Overpriced
Active,Portside Yacht Club,Townhouse,1669000.0,2813.0,593.0,451.0,31.6,True,Overpriced
Active,Lafayette Arms Co Op,Condo,609000.0,931.0,654.0,497.0,31.7,True,Overpriced
Pending,Victoria Park,Townhouse,2245000.0,3227.0,696.0,528.0,31.7,False,Overpriced
Active,River Reach,Condo,199900.0,650.0,308.0,233.0,31.7,False,Overpriced
Active,Nola Lofts Condominium,Condo,369900.0,804.0,460.0,349.0,31.7,False,Overpriced
Active,Windsor Court Condominium Windsor Court,Condo,209999.0,788.0,266.0,202.0,31.8,False,Overpriced
Active,Babco Park,Single Family,589000.0,1248.0,472.0,358.0,31.8,False,Overpriced
Active,Las Olas,Condo,1750000.0,2141.0,817.0,620.0,31.9,True,Overpriced
Pending,Sea Isles,Single Family,4490000.0,3124.0,1437.0,1090.0,31.9,True,Overpriced
Active,Atlantic Hotel,Condo,425000.0,465.0,914.0,692.0,32.0,True,Overpriced
Active,Grove,Condo,245000.0,616.0,398.0,301.0,32.0,False,Overpriced
Active,Beach Way Heights,Single Family,3999999.0,4670.0,857.0,649.0,32.0,False,Overpriced
Active,Watergarden,Condo,1175000.0,1469.0,800.0,606.0,32.0,True,Overpriced
Active,Essex Tower,Condo,769000.0,1610.0,478.0,361.0,32.1,False,Overpriced
Active,Woods Condominium,Condo,190000.0,685.0,277.0,210.0,32.1,False,Overpriced
Active,Lauderdale Villas,Single Family,485000.0,1224.0,396.0,300.0,32.1,False,Overpriced
Active,Hendricks,Condo,1699000.0,2100.0,809.0,612.0,32.1,True,Overpriced
Active,Leisure Beach,Condo,385000.0,647.0,595.0,450.0,32.2,False,Overpriced
Active,Coral Brook,Single Family,1699000.0,1832.0,927.0,702.0,32.2,True,Overpriced
Active,Lauderdale,Single Family,654900.0,1032.0,635.0,480.0,32.3,False,Overpriced
Pending,Coral Ridge,Single Family,4475000.0,3425.0,1307.0,988.0,32.3,True,Overpriced
Active,Lauderdale Tower,Condo,313500.0,730.0,429.0,324.0,32.4,False,Overpriced
Active,Las Olas,Condo,1295000.0,1522.0,851.0,642.0,32.5,True,Overpriced
Active,Victoria Park,Single Family,1699000.0,2126.0,799.0,603.0,32.5,False,Overpriced
Active,Las Olas,Condo,1475000.0,1867.0,790.0,596.0,32.6,False,Overpriced
Active,Point Americas Phase Ii,Condo,1549000.0,2170.0,714.0,538.0,32.6,True,Overpriced
Active,Progresso,Townhouse,1299999.0,2316.0,561.0,423.0,32.7,False,Overpriced
Active,East Point Towers,Condo,299000.0,1005.0,298.0,224.0,32.9,True,Overpriced
Active,River Shores Rivers Shore,Condo,220000.0,600.0,367.0,276.0,33.0,False,Overpriced
Active,Lauder Gate Isles,Single Family,3499000.0,3150.0,1111.0,835.0,33.1,True,Overpriced
Active,Cascade Holly Heights Cascades,Condo,285000.0,745.0,383.0,287.0,33.2,False,Overpriced
Active,Townhouses Harbor Beach,Condo,1349000.0,1790.0,754.0,566.0,33.2,True,Overpriced
Active,Gallery One,Condo,155000.0,586.0,265.0,198.0,33.3,False,Overpriced
Active,Bamboo Flats,Townhouse,1095000.0,2000.0,548.0,410.0,33.4,False,Overpriced
Active,Victoria Park,Single Family,1119000.0,1628.0,687.0,515.0,33.5,False,Overpriced
Active,Essex Tower,Condo,619900.0,1218.0,509.0,381.0,33.5,False,Overpriced
Active,Las Olas,Condo,1350000.0,1630.0,828.0,620.0,33.5,True,Overpriced
Active,Las Olas,Condo,1975000.0,2380.0,830.0,622.0,33.5,True,Overpriced
Active,Coral Ridge,Single Family,2395000.0,2613.0,917.0,686.0,33.6,False,Overpriced
Active,Riva Residences,Condo,1195000.0,1738.0,688.0,514.0,33.7,True,Overpriced
Active,Beach Way Heights,Single Family,5500000.0,4711.0,1167.0,872.0,33.8,True,Overpriced
Active,Lake Ridge,Single Family,614000.0,927.0,662.0,495.0,33.8,False,Overpriced
Active,Wilton Estates,Single Family,699000.0,1356.0,515.0,385.0,33.8,False,Overpriced
Active,Club Resort Residence,Condo,600000.0,1308.0,459.0,343.0,33.9,True,Overpriced
Active,Rio Vista,Single Family,2295000.0,2518.0,911.0,680.0,34.1,False,Overpriced
Active,Four Seasons,Condo,4650000.0,2189.0,2124.0,1583.0,34.2,True,Overpriced
Active,Selene Oceanfront,Condo,1799000.0,1680.0,1071.0,798.0,34.3,True,Overpriced
Active,East Point Towers,Condo,264900.0,896.0,296.0,220.0,34.4,True,Overpriced
Active,Vue,Condo,833900.0,1268.0,658.0,489.0,34.4,False,Overpriced
Active,Riverside,Single Family,659000.0,1000.0,659.0,490.0,34.5,False,Overpriced
Pending,South New River Isles,Single Family,1175000.0,1360.0,864.0,642.0,34.6,True,Overpriced
Active,Grove,Condo,225000.0,607.0,371.0,275.0,34.7,False,Overpriced
Active,South New River Isles,Single Family,995000.0,1122.0,887.0,658.0,34.7,True,Overpriced
Active,White Egret,Condo,439000.0,1103.0,398.0,296.0,34.7,False,Overpriced
Active,Gallery One,Condo,140000.0,379.0,369.0,274.0,34.7,True,Overpriced
Active,Reflections Las Olas,Townhouse,2299999.0,2420.0,950.0,705.0,34.8,True,Overpriced
Active,Progresso,Single Family,609000.0,1067.0,571.0,423.0,34.9,False,Overpriced
Active,Victoria Park,Single Family,1100000.0,1428.0,770.0,570.0,35.0,False,Overpriced
Active,Tiffany House,Condo,1200000.0,1631.0,736.0,544.0,35.1,False,Overpriced
Active,Pine Crest Village Ii,Condo,290900.0,625.0,465.0,344.0,35.2,False,Overpriced
Active,Boulevard Estates Amen,Single Family,775000.0,1169.0,663.0,490.0,35.2,True,Overpriced
Active,Fort Lauderdale Residences,Condo,1250000.0,1283.0,974.0,721.0,35.2,True,Overpriced
Active,Rio Vista,Single Family,2375000.0,2320.0,1024.0,757.0,35.3,False,Overpriced
Pending,Grove Wilton Manor,Condo,229000.0,614.0,373.0,276.0,35.3,False,Overpriced
Active,Grove Wilton Manors Con,Condo,229900.0,616.0,373.0,276.0,35.4,False,Overpriced
Active,Palms,Condo,2095000.0,2623.0,799.0,590.0,35.4,True,Overpriced
Active,Las Olas Isles,Single Family,9500000.0,8206.0,1158.0,855.0,35.4,True,Overpriced
Active,Venice,Single Family,3100000.0,2440.0,1270.0,938.0,35.5,True,Overpriced
Active,Four Seasons,Condo,3895000.0,1597.0,2439.0,1800.0,35.5,True,Overpriced
Active,Coral Ridge,Single Family,9799000.0,4991.0,1963.0,1448.0,35.6,True,Overpriced
Active,March Estates Amen,Single Family,919900.0,1325.0,694.0,512.0,35.6,True,Overpriced
Active,Almar Estates,Single Family,749999.0,1214.0,618.0,456.0,35.6,False,Overpriced
Active,East Point Towers,Condo,360000.0,1211.0,297.0,219.0,35.7,True,Overpriced
Active,Progresso,Townhouse,1174000.0,2231.0,526.0,388.0,35.7,False,Overpriced
Active,Four Seasons,Condo,4500000.0,2083.0,2160.0,1592.0,35.7,True,Overpriced
Active,La Rive,Condo,2850000.0,3417.0,834.0,614.0,35.8,True,Overpriced
Active,Tropical Manors,Single Family,843000.0,1074.0,785.0,578.0,35.8,False,Overpriced
Active,Point Americas Ii Point Americas,Condo,950000.0,1258.0,755.0,556.0,35.9,True,Overpriced
Active,River Reach,Condo,369000.0,900.0,410.0,302.0,35.9,True,Overpriced
Active,Lauderdale Park,Single Family,600000.0,992.0,605.0,445.0,36.0,False,Overpriced
Active,Lauderdale Villas,Single Family,459900.0,1116.0,412.0,303.0,36.0,False,Overpriced
Active,East Point Towers,Condo,399500.0,1344.0,297.0,218.0,36.2,True,Overpriced
Active,River Reach,Condo,279000.0,900.0,310.0,228.0,36.2,False,Overpriced
Active,Middle River Manor,Single Family,2950000.0,2371.0,1244.0,913.0,36.2,True,Overpriced
Active,Sapphire Fort Lauderdale,Condo,995000.0,1500.0,663.0,487.0,36.2,False,Overpriced
Active,Point America Point Americas,Condo,1595000.0,2170.0,735.0,538.0,36.5,True,Overpriced
Active,Pinehurst Pl Porti,Single Family,850000.0,1343.0,633.0,464.0,36.5,False,Overpriced
Active,Lauderdale Manors,Single Family,399900.0,814.0,491.0,360.0,36.5,False,Overpriced
Pending,Progresso,Townhouse,1475000.0,2814.0,524.0,383.0,36.9,False,Overpriced
Active,Riverside Park,Single Family,649000.0,1066.0,609.0,444.0,37.2,False,Overpriced
Active,Boulevard Estates Amen,Single Family,749000.0,1414.0,530.0,386.0,37.2,False,Overpriced
Active,Flb Condominium Hotel Elliott,Condo,615900.0,641.0,961.0,700.0,37.2,True,Overpriced
Active,Club Resort Residence,Condo,615000.0,1308.0,470.0,343.0,37.3,True,Overpriced
Active,Coral Ridge Galt,Single Family,7250000.0,5003.0,1449.0,1054.0,37.5,True,Overpriced
Active,Rio Villas Coral Ridge,Condo,1085000.0,1618.0,671.0,487.0,37.7,True,Overpriced
Pending,Ocean Resort,Condo,449000.0,451.0,996.0,723.0,37.8,True,Overpriced
Active,Croissant Park,Single Family,619000.0,1067.0,580.0,420.0,38.0,False,Overpriced
Active,Village Sailboat Bend,Condo,285000.0,762.0,374.0,271.0,38.0,False,Overpriced
Pending,Shore Club,Condo,899000.0,1500.0,599.0,434.0,38.1,False,Overpriced
Active,South New River Isles,Single Family,1149000.0,1080.0,1064.0,770.0,38.1,True,Overpriced
Active,Flb Condominium Hotel Ocean Resort Residences,Condo,1019000.0,1113.0,916.0,663.0,38.1,True,Overpriced
Active,Victoria Park,Single Family,4995000.0,5086.0,982.0,711.0,38.1,True,Overpriced
Pending,Middle River Park,Townhouse,775000.0,1339.0,579.0,419.0,38.3,False,Overpriced
Active,Harbour Heights,Single Family,1575000.0,1658.0,950.0,687.0,38.4,False,Overpriced
Active,Idlewyld,Single Family,3495000.0,2453.0,1425.0,1029.0,38.4,True,Overpriced
Pending,Pinewood Place,Single Family,595000.0,998.0,596.0,431.0,38.4,False,Overpriced
Pending,Progresso,Townhouse,1495000.0,2814.0,531.0,383.0,38.7,False,Overpriced
Active,Carlton Tower,Condo,724999.0,1202.0,603.0,434.0,38.8,False,Overpriced
Active,Holiday Isles Yacht Club Co,Condo,439000.0,563.0,780.0,561.0,38.9,True,Overpriced
Pending,Point Americas Ii Point Americas,Condo,975000.0,1258.0,775.0,558.0,39.0,True,Overpriced
Active,Boulevard Estates Amen,Single Family,999000.0,1583.0,631.0,454.0,39.1,True,Overpriced
Active,Bossert Isles,Single Family,2200000.0,2500.0,880.0,633.0,39.1,True,Overpriced
Active,Nurmi Isles,Single Family,6600000.0,4279.0,1542.0,1109.0,39.1,True,Overpriced
Active,Marina Bay,Condo,2995000.0,2918.0,1026.0,738.0,39.2,True,Overpriced
Pending,Las Olas,Condo,1549000.0,1867.0,830.0,596.0,39.3,False,Overpriced
Active,Isles Venice Marina Bay,Condo,2999000.0,2918.0,1028.0,738.0,39.3,True,Overpriced
Active,Fort Lauderdale Residence,Condo,849000.0,1176.0,722.0,518.0,39.3,True,Overpriced
Active,Poinsettia Landings,Condo,279000.0,725.0,385.0,276.0,39.3,False,Overpriced
Pending,Carver Park,Single Family,349999.0,750.0,467.0,335.0,39.3,False,Overpriced
Active,Jackson Tower Las Olas Con,Condo,1695000.0,1998.0,848.0,608.0,39.4,True,Overpriced
Pending,Almeda,Single Family,2899000.0,3100.0,935.0,671.0,39.4,True,Overpriced
Pending,Highland Estates,Townhouse,990000.0,1944.0,509.0,365.0,39.5,False,Overpriced
Active,Reserve Edgewood,Townhouse,575000.0,1377.0,418.0,299.0,39.8,False,Overpriced
Active,Riverview South,Condo,255000.0,620.0,411.0,294.0,39.9,False,Overpriced
Active,Progresso,Single Family,587000.0,1063.0,552.0,394.0,40.0,False,Overpriced
Active,Progresso,Townhouse,1449000.0,3386.0,428.0,306.0,40.1,False,Overpriced
Active,Coral Ridge Galt,Single Family,2099999.0,2330.0,901.0,643.0,40.3,False,Overpriced
Active,Isles House East,Condo,619000.0,840.0,737.0,525.0,40.4,True,Overpriced
Pending,Las Olas,Condo,1250000.0,1869.0,669.0,477.0,40.4,False,Overpriced
Active,Victoria Park,Single Family,1750000.0,1903.0,920.0,654.0,40.6,False,Overpriced
Active,Lauderdale Manors,Single Family,349900.0,720.0,486.0,345.0,40.8,False,Overpriced
Pending,Illini,Condo,1695000.0,2150.0,788.0,559.0,41.0,True,Overpriced
Pending,Port Condominium,Condo,725000.0,1565.0,463.0,328.0,41.1,False,Overpriced
Active,Middle River Manor,Single Family,1499000.0,1776.0,844.0,598.0,41.1,True,Overpriced
Pending,Nola Lofts Condominium,Condo,374900.0,755.0,497.0,352.0,41.1,False,Overpriced
Active,Harbour Heights,Single Family,2400000.0,2705.0,887.0,628.0,41.2,False,Overpriced
Active,River Shores,Condo,195000.0,600.0,325.0,230.0,41.2,False,Overpriced
Active,East Point Towers,Condo,415000.0,1344.0,309.0,218.0,41.4,True,Overpriced
Active,Grove Wilton Manors Con,Condo,239900.0,614.0,391.0,276.0,41.7,False,Overpriced
Active,Riva Condominium,Condo,929900.0,1617.0,575.0,406.0,41.7,False,Overpriced
Active,Barcelona Isles,Single Family,2795000.0,2372.0,1178.0,831.0,41.8,False,Overpriced
Active,Lauderdale Manors,Single Family,374999.0,768.0,488.0,344.0,42.1,False,Overpriced
Active,Mrs Elva Truax,Single Family,789000.0,1174.0,672.0,473.0,42.1,False,Overpriced
Active,Sapphire Fort Lauderdale,Condo,1325000.0,1888.0,702.0,493.0,42.4,False,Overpriced
Active,Lauderdale Park,Single Family,664000.0,1000.0,664.0,466.0,42.4,False,Overpriced
Active,Thirty North Ocean Cond,Condo,1995000.0,2373.0,841.0,590.0,42.5,False,Overpriced
Active,Coral Ridge Galt,Single Family,13500000.0,7500.0,1800.0,1262.0,42.7,True,Overpriced
Active,Gallery One,Condo,220000.0,591.0,372.0,261.0,42.7,True,Overpriced
Active,Jackson Tower Las Olas Con,Condo,1299000.0,1958.0,663.0,463.0,43.2,False,Overpriced
Active,Lumiere,Condo,2999900.0,2794.0,1074.0,749.0,43.4,True,Overpriced
Active,Fort Lauderdale Yacht,Condo,498900.0,721.0,692.0,482.0,43.6,False,Overpriced
Active,Coral Ridge Galt,Single Family,3397000.0,2722.0,1248.0,869.0,43.6,True,Overpriced
Active,Selene,Condo,2775000.0,2395.0,1159.0,807.0,43.6,True,Overpriced
Active,Rio Vista,Single Family,12495000.0,7171.0,1742.0,1212.0,43.7,True,Overpriced
Active,Progresso,Townhouse,1190000.0,2215.0,537.0,374.0,43.8,False,Overpriced
Active,Croissant Park,Townhouse,1190000.0,2016.0,590.0,410.0,43.9,False,Overpriced
Active,Tiffany House,Condo,1250000.0,1286.0,972.0,675.0,43.9,True,Overpriced
Active,Mickels Nd To Wilton,Single Family,2249000.0,2630.0,855.0,593.0,44.2,False,Overpriced
Active,River Reach,Condo,399000.0,1250.0,319.0,221.0,44.4,False,Overpriced
Active,Progresso,Single Family,849000.0,1284.0,661.0,458.0,44.5,False,Overpriced
Active,Tarpon River,Townhouse,749000.0,1396.0,537.0,371.0,44.5,False,Overpriced
Active,Wilton Manors Belle Isles,Townhouse,989000.0,1880.0,526.0,364.0,44.5,False,Overpriced
Active,Lumiere,Condo,6499500.0,5914.0,1099.0,759.0,44.8,True,Overpriced
Pending,Isles City Lofts,Condo,609950.0,1386.0,440.0,304.0,44.9,False,Overpriced
Active,River Reach,Condo,335000.0,1025.0,327.0,225.0,45.0,False,Overpriced
Active,Harbourage Place,Condo,2950000.0,3488.0,846.0,582.0,45.3,True,Overpriced
Active,La Coquina Co Op,Condo,849000.0,1080.0,786.0,540.0,45.5,True,Overpriced
Active,East Point Towers,Condo,350000.0,1491.0,235.0,161.0,45.7,False,Overpriced
Pending,South New River Isles,Single Family,1195000.0,1080.0,1106.0,759.0,45.8,True,Overpriced
Active,Rio Vista,Single Family,1950000.0,2087.0,934.0,639.0,46.3,False,Overpriced
Active,Sky Harbour East,Condo,420000.0,900.0,467.0,319.0,46.5,True,Overpriced
Active,Victoria Park,Single Family,1150000.0,1219.0,943.0,640.0,47.5,False,Overpriced
Active,Fort Lauderdale Yacht Ft Laud Yacht Beach Club,Condo,895000.0,946.0,946.0,641.0,47.6,True,Overpriced
Active,Lucille Isles,Single Family,29900000.0,10400.0,2875.0,1946.0,47.7,True,Overpriced
Active,Selene Oceanfront Residen,Condo,4999000.0,3112.0,1606.0,1087.0,47.8,True,Overpriced
Active,Wilton Estates,Single Family,685000.0,1267.0,541.0,366.0,47.9,False,Overpriced
Active,Isla Bahia,Single Family,18950000.0,7988.0,2372.0,1604.0,47.9,True,Overpriced
Active,Selene Oceanfront,Condo,2799000.0,2395.0,1169.0,789.0,48.0,True,Overpriced
Active,Palms Tower One,Condo,2285000.0,2623.0,871.0,588.0,48.2,True,Overpriced
Active,Progresso,Single Family,741000.0,1116.0,664.0,448.0,48.3,False,Overpriced
Active,Venice,Single Family,12995000.0,6036.0,2153.0,1450.0,48.5,True,Overpriced
Active,Atlantic Hotel,Condo,599999.0,600.0,1000.0,673.0,48.7,True,Overpriced
Active,Coral Shores,Single Family,1400000.0,1920.0,729.0,489.0,49.2,False,Overpriced
Active,Progresso,Single Family,1100000.0,1784.0,617.0,413.0,49.3,False,Overpriced
Active,Thirty North Ocean Con Thirty Ocean,Condo,1900000.0,2119.0,897.0,600.0,49.5,False,Overpriced
Active,Progresso,Townhouse,1295000.0,2228.0,581.0,388.0,49.9,False,Overpriced
Active,Coral Ridge,Single Family,12495000.0,6139.0,2035.0,1358.0,49.9,True,Overpriced
Active,Progresso,Townhouse,1399000.0,2483.0,563.0,374.0,50.5,False,Overpriced
Pending,Harbourage Place,Condo,2795000.0,3368.0,830.0,551.0,50.7,True,Overpriced
Active,Progresso,Single Family,650000.0,1080.0,602.0,399.0,50.7,False,Overpriced
Pending,Nuriver Landing,Condo,429000.0,801.0,536.0,355.0,50.8,False,Overpriced
Active,Fort Lauderdale Yacht Ft Lauderdale Yacht Beach,Condo,575000.0,685.0,839.0,557.0,50.8,True,Overpriced
Active,Tiffany House,Condo,655000.0,841.0,779.0,516.0,50.8,False,Overpriced
Active,Aquamar Las Olas,Condo,2679999.0,2531.0,1059.0,702.0,50.9,True,Overpriced
Active,Everglade Land Sales Co,Single Family,1000000.0,1379.0,725.0,481.0,50.9,False,Overpriced
Active,Victoria Park,Single Family,1389000.0,1792.0,775.0,512.0,51.4,False,Overpriced
Active,Victoria Park,Single Family,740000.0,943.0,785.0,518.0,51.4,False,Overpriced
Active,Las Olas,Condo,1649000.0,1867.0,883.0,583.0,51.5,False,Overpriced
Active,Lucille Isles,Single Family,8950000.0,5299.0,1689.0,1112.0,51.9,True,Overpriced
Active,Poinsettia Heights,Single Family,2375000.0,2804.0,847.0,557.0,52.1,False,Overpriced
Active,Point Americas,Condo,1595000.0,1813.0,880.0,577.0,52.6,True,Overpriced
Active,Flb Condominium Resid Elliott,Condo,501900.0,445.0,1128.0,739.0,52.6,True,Overpriced
Active,Lauderdale Manors,Single Family,450000.0,768.0,586.0,384.0,52.7,False,Overpriced
Active,Shore Club,Condo,995000.0,1500.0,663.0,434.0,52.8,False,Overpriced
Active,Leisure Beach,Condo,499900.0,756.0,661.0,433.0,52.8,False,Overpriced
Pending,Paramount Ft Lauderdale,Condo,3195000.0,3202.0,998.0,652.0,52.9,True,Overpriced
Active,Lumiere,Condo,3220000.0,2811.0,1145.0,748.0,53.0,True,Overpriced
Active,Selene,Condo,2195000.0,1707.0,1286.0,841.0,53.0,True,Overpriced
Active,Gill Isles,Single Family,1495000.0,1532.0,976.0,636.0,53.5,True,Overpriced
Active,Rio Vista,Single Family,1849000.0,1787.0,1035.0,674.0,53.6,False,Overpriced
Active,Lumiere,Condo,3350000.0,2925.0,1145.0,745.0,53.7,True,Overpriced
Active,Sunrise Key,Single Family,5395000.0,3388.0,1592.0,1036.0,53.8,True,Overpriced
Active,Breakwater Towers,Condo,349000.0,805.0,434.0,281.0,54.0,False,Overpriced
Active,Four Seasons,Condo,3400000.0,1794.0,1895.0,1230.0,54.1,False,Overpriced
Active,Adagio Fort Lauderdale Bea,Condo,3250000.0,2759.0,1178.0,763.0,54.3,True,Overpriced
Active,Las Olas,Condo,5800000.0,8329.0,696.0,451.0,54.4,False,Overpriced
Pending,Almar Estates,Single Family,875000.0,1272.0,688.0,445.0,54.5,False,Overpriced
Active,Four Seasons,Condo,5350000.0,2184.0,2450.0,1583.0,54.7,True,Overpriced
Active,Flb Condominium Resid Conrad Fort Lauderdale,Condo,515000.0,641.0,803.0,518.0,55.1,True,Overpriced
Active,Point Americas,Condo,1625000.0,1813.0,896.0,577.0,55.5,True,Overpriced
Active,Las Olas,Condo,2299000.0,2378.0,967.0,622.0,55.5,True,Overpriced
Active,Selene,Condo,3699000.0,2901.0,1275.0,820.0,55.5,True,Overpriced
Active,Point Americas,Condo,1795000.0,2011.0,893.0,574.0,55.6,True,Overpriced
Active,Waverly Place,Single Family,765000.0,1231.0,621.0,399.0,55.7,False,Overpriced
Active,River Shores,Condo,214990.0,600.0,358.0,230.0,55.7,False,Overpriced
Active,Vantage View,Condo,660000.0,1100.0,600.0,385.0,55.7,False,Overpriced
Active,Vue,Condo,1295000.0,1686.0,768.0,492.0,56.0,False,Overpriced
Active,Rio Vista,Single Family,20995000.0,8600.0,2441.0,1563.0,56.2,True,Overpriced
Active,La Cascade,Condo,2249000.0,2395.0,939.0,600.0,56.5,True,Overpriced
Active,La Casa Del Rio Vista Cond,Townhouse,1159000.0,1597.0,726.0,463.0,56.8,True,Overpriced
Active,Flb Condominium Resid Elliott,Condo,612900.0,567.0,1081.0,689.0,56.9,True,Overpriced
Active,Progresso,Condo,754000.0,1624.0,464.0,296.0,57.1,False,Overpriced
Active,Las Olas,Condo,3299000.0,3626.0,910.0,579.0,57.2,False,Overpriced
Active,Four Seasons,Condo,4000000.0,2034.0,1967.0,1249.0,57.4,False,Overpriced
Active,Leisure Beach,Condo,679000.0,756.0,898.0,570.0,57.7,True,Overpriced
Active,Progresso,Townhouse,929000.0,1550.0,599.0,380.0,57.7,False,Overpriced
Active,Aquablu,Condo,2595000.0,3200.0,811.0,514.0,57.8,True,Overpriced
Active,Marine Tower,Condo,899000.0,1940.0,463.0,293.0,58.1,False,Overpriced
Active,Harbors Edge,Condo,1899000.0,2372.0,801.0,506.0,58.2,True,Overpriced
Active,Harbor Beach,Single Family,1895000.0,1584.0,1196.0,753.0,58.8,False,Overpriced
Pending,Jenada Isles,Single Family,1350000.0,2155.0,626.0,394.0,58.8,False,Overpriced
Active,Four Seasons,Condo,6750000.0,2634.0,2563.0,1610.0,59.2,True,Overpriced
Active,Nurmi Isles,Condo,3700201.0,2939.0,1259.0,791.0,59.2,True,Overpriced
Active,Nurmi Isles,Condo,3726640.0,2960.0,1259.0,790.0,59.3,True,Overpriced
Active,Lauderdale Beach,Single Family,4500000.0,3084.0,1459.0,915.0,59.4,False,Overpriced
Active,Progresso,Condo,754000.0,1597.0,472.0,296.0,59.5,False,Overpriced
Active,Progresso,Condo,754000.0,1597.0,472.0,296.0,59.5,False,Overpriced
Active,Progresso,Condo,754000.0,1597.0,472.0,296.0,59.5,False,Overpriced
Active,Progresso,Condo,754000.0,1597.0,472.0,296.0,59.5,False,Overpriced
Active,Progresso,Condo,754000.0,1597.0,472.0,296.0,59.5,False,Overpriced
Active,Progresso,Condo,754000.0,1597.0,472.0,296.0,59.5,False,Overpriced
Active,Progresso,Condo,754000.0,1597.0,472.0,296.0,59.5,False,Overpriced
Active,Progresso,Condo,754000.0,1597.0,472.0,296.0,59.5,False,Overpriced
Active,Progresso,Condo,754000.0,1597.0,472.0,296.0,59.5,False,Overpriced
Active,Four Seasons,Condo,14995000.0,5766.0,2601.0,1631.0,59.5,True,Overpriced
Pending,Sea Tower Apts Co Op,Condo,519900.0,769.0,676.0,423.0,59.7,False,Overpriced
Active,Tiffany House,Condo,1050000.0,1285.0,817.0,511.0,59.8,False,Overpriced
Active,Progresso,Condo,767000.0,1624.0,472.0,296.0,59.8,False,Overpriced
Active,Poinsettia Heights,Single Family,2425000.0,2715.0,893.0,559.0,59.8,False,Overpriced
Active,Progresso,Condo,767000.0,1624.0,472.0,296.0,59.8,False,Overpriced
Active,Progresso,Condo,767000.0,1624.0,472.0,296.0,59.8,False,Overpriced
Pending,Vela Vista,Condo,2395000.0,3522.0,680.0,425.0,59.8,True,Overpriced
Active,Point Americas Phase Point Americas,Condo,1699000.0,2011.0,845.0,529.0,59.8,True,Overpriced
Active,Progresso,Condo,767000.0,1624.0,472.0,296.0,59.8,False,Overpriced
Active,Progresso,Condo,767000.0,1624.0,472.0,296.0,59.8,False,Overpriced
Active,Progresso,Condo,767000.0,1624.0,472.0,296.0,59.8,False,Overpriced
Active,Riva Condominium,Condo,899000.0,1404.0,640.0,400.0,59.9,False,Overpriced
Active,Ft Lauderdale Residence,Condo,599999.0,733.0,819.0,512.0,59.9,False,Overpriced
Active,Lumiere,Condo,3510000.0,2941.0,1193.0,745.0,60.3,True,Overpriced
Pending,Isla Bahia,Single Family,9900000.0,5287.0,1873.0,1168.0,60.4,True,Overpriced
Pending,Holmberg Mc Kees,Single Family,3900000.0,2019.0,1932.0,1202.0,60.7,False,Overpriced
Active,Aria,Condo,1995000.0,2104.0,948.0,589.0,60.9,True,Overpriced
Active,Leisure Beach,Condo,619000.0,647.0,957.0,593.0,61.5,True,Overpriced
Active,Lago Mar North Lodge,Condo,1464999.0,1444.0,1015.0,628.0,61.5,True,Overpriced
Active,Aquablu,Condo,2699000.0,3258.0,828.0,513.0,61.6,True,Overpriced
Active,Isla Bahia,Single Family,24900000.0,9135.0,2726.0,1687.0,61.6,True,Overpriced
Active,Tiffany House,Condo,1100000.0,1293.0,851.0,527.0,61.6,False,Overpriced
Active,Hemingway Landings,Condo,1499000.0,2106.0,712.0,440.0,61.7,True,Overpriced
Active,Middle River Manor,Single Family,1400000.0,1404.0,997.0,616.0,61.8,True,Overpriced
Active,Coral Ridge,Single Family,3900000.0,3142.0,1241.0,767.0,61.9,False,Overpriced
Active,Berkley South,Condo,580000.0,1144.0,507.0,313.0,62.1,False,Overpriced
Active,Park Tower,Condo,1499900.0,1700.0,882.0,544.0,62.2,True,Overpriced
Active,Progresso,Condo,767000.0,1597.0,480.0,296.0,62.2,False,Overpriced
Active,Selene Oceanfront Residen,Condo,5399000.0,3240.0,1666.0,1027.0,62.2,True,Overpriced
Active,River Reach,Condo,375000.0,1025.0,366.0,225.0,62.3,False,Overpriced
Active,Gallery One,Condo,260000.0,617.0,421.0,260.0,62.3,True,Overpriced
Active,Flb Condominium Resid Conrad,Condo,499000.0,579.0,862.0,531.0,62.4,True,Overpriced
Active,Tiffany House,Condo,695000.0,826.0,841.0,518.0,62.6,False,Overpriced
Active,Lumiere,Condo,3430000.0,2811.0,1220.0,748.0,63.0,True,Overpriced
Active,Stranahans,Single Family,1120000.0,1118.0,1002.0,615.0,63.0,False,Overpriced
Pending,Harbor Beach,Single Family,6800000.0,3750.0,1813.0,1111.0,63.2,True,Overpriced
Active,Selene Oceanfront,Condo,2999000.0,2395.0,1252.0,766.0,63.5,True,Overpriced
Active,Rio South Townhomes,Townhouse,1229000.0,2202.0,558.0,341.0,63.5,False,Overpriced
Active,Nurmi Isles,Condo,3800127.0,2939.0,1293.0,791.0,63.5,True,Overpriced
Active,Coral Point,Single Family,1749000.0,1685.0,1038.0,632.0,64.3,True,Overpriced
Active,Babco Heights,Single Family,895000.0,1404.0,637.0,388.0,64.4,False,Overpriced
Active,Progresso,Townhouse,1475000.0,2772.0,532.0,323.0,64.5,False,Overpriced
Active,Point Americas,Condo,1349000.0,1880.0,718.0,436.0,64.5,False,Overpriced
Active,Nurmi Isles,Condo,3827280.0,2939.0,1302.0,791.0,64.7,True,Overpriced
Active,Progresso,Condo,724000.0,1532.0,473.0,286.0,65.0,False,Overpriced
Active,Progresso,Condo,724000.0,1532.0,473.0,286.0,65.0,False,Overpriced
Active,Progresso,Condo,724000.0,1532.0,473.0,286.0,65.0,False,Overpriced
Active,Progresso,Condo,724000.0,1532.0,473.0,286.0,65.0,False,Overpriced
Active,Progresso,Condo,724000.0,1532.0,473.0,286.0,65.0,False,Overpriced
Active,Progresso,Condo,736000.0,1557.0,473.0,286.0,65.4,False,Overpriced
Active,Middle River Manor,Single Family,1650000.0,1619.0,1019.0,615.0,65.7,True,Overpriced
Active,Point Americas,Condo,3500000.0,3644.0,960.0,579.0,65.9,True,Overpriced
Active,Riviera,Single Family,9900000.0,3775.0,2623.0,1581.0,65.9,True,Overpriced
Active,Flb Condominium Resid Conrad Fort Lauderdale,Condo,499000.0,579.0,862.0,520.0,65.9,True,Overpriced
Active,Villas Sunrise Bay Cond,Condo,3195000.0,4020.0,795.0,478.0,66.1,True,Overpriced
Active,Las Olas,Condo,1945000.0,1905.0,1021.0,614.0,66.3,True,Overpriced
Active,River Shores,Condo,230000.0,600.0,383.0,230.0,66.5,False,Overpriced
Active,Harbors Edge,Condo,2000000.0,2372.0,843.0,506.0,66.6,True,Overpriced
Active,Las Olas,Condo,1400000.0,1404.0,997.0,597.0,67.0,False,Overpriced
Active,Tiffany House,Condo,1100000.0,1285.0,856.0,511.0,67.4,False,Overpriced
Active,Progresso,Condo,735000.0,1532.0,480.0,286.0,67.5,False,Overpriced
Active,Las Olas,Condo,2999900.0,2950.0,1017.0,607.0,67.6,True,Overpriced
Active,Rio South Townhomes,Townhouse,1269000.0,2219.0,572.0,341.0,67.7,False,Overpriced
Pending,Progresso,Townhouse,1550000.0,2434.0,637.0,379.0,68.0,False,Overpriced
Active,Tiffany House,Condo,1100000.0,1284.0,857.0,510.0,68.1,False,Overpriced
Active,Progresso,Single Family,2499999.0,2844.0,879.0,522.0,68.3,False,Overpriced
Active,Devonshire,Single Family,485000.0,695.0,698.0,412.0,69.3,False,Overpriced
Active,Coral Shores,Single Family,1260000.0,1495.0,843.0,498.0,69.4,False,Overpriced
Active,Nurmi Isles,Condo,3944138.0,2939.0,1342.0,791.0,69.7,True,Overpriced
Active,Nurmi Isles,Condo,3972320.0,2960.0,1342.0,790.0,69.8,True,Overpriced
Active,Southdale,Condo,192000.0,600.0,320.0,188.0,70.0,False,Overpriced
Active,Berkley South,Condo,695000.0,1328.0,523.0,308.0,70.1,False,Overpriced
Active,Lumiere,Condo,3740000.0,2941.0,1272.0,745.0,70.8,True,Overpriced
Active,Idlewyld,Single Family,11900000.0,5995.0,1985.0,1160.0,71.2,True,Overpriced
Active,River Reach,Condo,325000.0,850.0,382.0,223.0,71.2,False,Overpriced
Active,Aquamar Las Olas,Condo,2695000.0,2531.0,1065.0,621.0,71.5,True,Overpriced
Active,Illini,Condo,799000.0,860.0,929.0,541.0,71.6,True,Overpriced
Active,Gould Isles,Single Family,3750000.0,2178.0,1722.0,1002.0,71.9,True,Overpriced
Pending,Selene Oceanfront,Condo,1500000.0,1416.0,1059.0,615.0,72.3,False,Overpriced
Active,New Utopia,Single Family,980000.0,1310.0,748.0,434.0,72.4,False,Overpriced
Pending,Adagio Fort Lauderdale Bea,Condo,3195000.0,2795.0,1143.0,662.0,72.7,True,Overpriced
Pending,Selene Oceanfront,Condo,1997500.0,1890.0,1057.0,611.0,72.9,False,Overpriced
Active,Point Americas,Condo,2200000.0,2170.0,1014.0,586.0,73.0,True,Overpriced
Active,Tiffany House,Condo,740000.0,826.0,896.0,518.0,73.1,False,Overpriced
Pending,Point Americas Phase Ii,Condo,1795000.0,1765.0,1017.0,587.0,73.3,True,Overpriced
Active,Progresso,Single Family,750000.0,1031.0,727.0,419.0,73.7,False,Overpriced
Active,Aquamar Las Olas,Condo,3495000.0,3308.0,1057.0,607.0,74.0,True,Overpriced
Active,Las Olas,Condo,3900000.0,3896.0,1001.0,574.0,74.4,False,Overpriced
Active,Riva Residences,Condo,2100000.0,2251.0,933.0,535.0,74.5,True,Overpriced
Active,Selene Oceanfront Res Selene,Condo,2000000.0,1420.0,1408.0,806.0,74.7,True,Overpriced
Active,Selene,Condo,1999000.0,1416.0,1412.0,807.0,75.0,True,Overpriced
Active,One Residences,Condo,5695000.0,4456.0,1278.0,730.0,75.0,True,Overpriced
Active,Las Olas,Condo,2599999.0,2380.0,1092.0,622.0,75.7,True,Overpriced
Active,Coral Ridge,Single Family,2590000.0,2166.0,1196.0,677.0,76.6,False,Overpriced
Active,Las Olas,Single Family,2650000.0,1896.0,1398.0,791.0,76.8,False,Overpriced
Active,Del Lago Isles,Single Family,24900000.0,10428.0,2388.0,1340.0,78.2,True,Overpriced
Active,Coral Ridge,Single Family,15995000.0,6567.0,2436.0,1367.0,78.2,True,Overpriced
Active,Selene Oceanfront,Condo,3350000.0,2315.0,1447.0,810.0,78.7,True,Overpriced
Active,Rio South Townhomes,Townhouse,1289000.0,2098.0,614.0,343.0,79.0,False,Overpriced
Active,Portofino On Intracoas,Condo,1699000.0,1580.0,1075.0,598.0,79.9,True,Overpriced
Active,Flb Condominium Hotel Elliott,Condo,599000.0,451.0,1328.0,738.0,80.0,True,Overpriced
Active,Las Olas,Condo,1599000.0,1905.0,839.0,466.0,80.0,False,Overpriced
Active,Ft Laud Surf Club Co Op,Condo,585000.0,770.0,760.0,420.0,80.7,False,Overpriced
Active,South New River Isles,Single Family,2550000.0,1847.0,1381.0,764.0,80.8,True,Overpriced
Active,Harbour Heights,Single Family,2425000.0,1805.0,1343.0,741.0,81.3,False,Overpriced
Active,Las Olas,Condo,3975000.0,3700.0,1074.0,592.0,81.4,True,Overpriced
Active,Harbor Beach,Single Family,35900000.0,14000.0,2564.0,1412.0,81.6,True,Overpriced
Active,Fort Lauderdale Residence Fort Lauderdale Residen,Condo,659000.0,724.0,910.0,499.0,82.4,True,Overpriced
Active,Tiffany House,Condo,780000.0,826.0,944.0,518.0,82.5,False,Overpriced
Active,Harbourage Place,Condo,4495000.0,4043.0,1112.0,608.0,82.9,True,Overpriced
Active,Las Olas,Condo,4750000.0,4320.0,1100.0,601.0,83.0,True,Overpriced
Active,Progresso,Townhouse,1325000.0,2239.0,592.0,323.0,83.3,False,Overpriced
Active,Aquablu,Condo,1975000.0,2136.0,925.0,504.0,83.4,True,Overpriced
Active,Sunrise,Single Family,21900000.0,9138.0,2397.0,1296.0,84.9,True,Overpriced
Pending,Progresso,Single Family,1995000.0,2380.0,838.0,453.0,85.0,False,Overpriced
Active,Colonial Manor West Apart,Condo,399999.0,1209.0,331.0,179.0,85.1,False,Overpriced
Active,Sage Intracoastal,Condo,3715185.0,3191.0,1164.0,628.0,85.5,True,Overpriced
Active,Selene Oceanfront Residenc,Condo,4599000.0,3240.0,1419.0,763.0,86.1,True,Overpriced
Active,Del Lago Isles,Single Family,24950000.0,8343.0,2991.0,1605.0,86.3,True,Overpriced
Active,Selene Oceanfront Residenc Selene Oceanfront,Condo,4499900.0,3122.0,1441.0,772.0,86.6,True,Overpriced
Active,Portside Yacht Club,Condo,1595000.0,2226.0,717.0,383.0,87.0,True,Overpriced
Active,Las Olas,Condo,2880000.0,2658.0,1084.0,577.0,87.8,False,Overpriced
Active,Oceanage,Condo,1695000.0,1273.0,1332.0,706.0,88.5,False,Overpriced
Pending,Selene Oceanfront,Condo,2599000.0,1680.0,1547.0,815.0,89.8,True,Overpriced
Active,Ocean Lane Villas Co Op,Condo,975000.0,940.0,1037.0,545.0,90.3,True,Overpriced
Active,Watergarden,Condo,1695000.0,1469.0,1154.0,606.0,90.4,True,Overpriced
Active,Las Olas,Condo,1695000.0,1905.0,890.0,466.0,90.8,False,Overpriced
Active,La Casa Del Rio,Condo,945000.0,1208.0,782.0,409.0,91.1,True,Overpriced
Active,Flb Condominium Resid Ocean Resort Residences,Condo,1395000.0,1061.0,1315.0,687.0,91.4,True,Overpriced
Active,Progresso,Single Family,845000.0,1034.0,817.0,426.0,91.8,False,Overpriced
Active,North Lauderdale,Single Family,850000.0,1470.0,578.0,301.0,91.9,False,Overpriced
Active,Coral Ridge Galt,Single Family,5450000.0,2690.0,2026.0,1048.0,93.3,True,Overpriced
Active,Flb Condominium Resid Elliott,Condo,1434900.0,1113.0,1289.0,663.0,94.4,True,Overpriced
Active,Illini Association,Condo,1350000.0,1290.0,1047.0,537.0,94.9,True,Overpriced
Active,Portside Yacht Club,Townhouse,1999999.0,2203.0,908.0,466.0,94.9,True,Overpriced
Active,Heron House,Condo,379900.0,695.0,547.0,278.0,96.5,False,Overpriced
Pending,Rio Vista,Single Family,19770000.0,7030.0,2812.0,1430.0,96.6,True,Overpriced
Active,Lago Mar North Lodge,Condo,1680000.0,1498.0,1121.0,570.0,96.7,True,Overpriced
Active,Fort Lauderdale Residence Ft Lauderdale Residence,Condo,1200000.0,1214.0,988.0,502.0,96.8,False,Overpriced
Active,Harbor Beach,Single Family,20000000.0,8923.0,2241.0,1138.0,96.9,True,Overpriced
Active,Fort Lauderdale Beac Auberge Beach Residences,Condo,2790000.0,2071.0,1347.0,682.0,97.4,True,Overpriced
Active,Sea Isles,Single Family,28000000.0,10345.0,2707.0,1367.0,97.9,True,Overpriced
Active,Illini,Condo,2199000.0,2150.0,1023.0,515.0,98.5,True,Overpriced
Active,Sixth&Rio,Condo,799000.0,742.0,1077.0,542.0,98.5,True,Overpriced
Active,Adagio On Bay,Condo,2940000.0,2870.0,1024.0,515.0,99.0,True,Overpriced
Active,Riva Condominium,Condo,2395000.0,2251.0,1064.0,535.0,99.0,True,Overpriced
Active,Selene,Condo,2300000.0,1416.0,1624.0,807.0,101.4,True,Overpriced
Active,Riva Residences,Condo,2500000.0,2407.0,1039.0,515.0,101.7,True,Overpriced
Pending,Paramount Ft Lauderdale Paramount Fort Lauderdale,Condo,4375000.0,3214.0,1361.0,672.0,102.5,True,Overpriced
Active,Del Lago Isles,Single Family,29995000.0,8725.0,3438.0,1690.0,103.5,True,Overpriced
Active,Las Olas,Single Family,35000000.0,10000.0,3500.0,1719.0,103.6,True,Overpriced
Active,Venetian Condominium,Condo,4499000.0,3425.0,1314.0,643.0,104.2,True,Overpriced
Active,Castillo Grand Hotel Resi Ritz Carlton,Condo,1150000.0,832.0,1382.0,675.0,104.8,True,Overpriced
Active,Sunrise,Single Family,33000000.0,11133.0,2964.0,1439.0,106.0,True,Overpriced
Active,Las Olas,Condo,2950000.0,3150.0,937.0,454.0,106.1,False,Overpriced
Active,Las Olas Isles,Single Family,3295000.0,2450.0,1345.0,650.0,106.9,True,Overpriced
Active,Ritz Carlton,Condo,1150000.0,818.0,1406.0,676.0,107.9,True,Overpriced
Active,Sunrise,Single Family,55000000.0,15079.0,3647.0,1752.0,108.1,True,Overpriced
Active,Coconut Grove Residences,Condo,3895000.0,3200.0,1217.0,584.0,108.4,True,Overpriced
Active,Riverside Amen,Single Family,734000.0,832.0,882.0,420.0,110.2,False,Overpriced
Pending,Nurmi Isles,Condo,4100000.0,2960.0,1385.0,659.0,110.3,False,Overpriced
Active,Sea Isles,Single Family,9250000.0,4078.0,2268.0,1071.0,111.7,True,Overpriced
Active,Las Olas,Single Family,2795000.0,1772.0,1577.0,744.0,112.1,False,Overpriced
Active,Rio Vista,Single Family,7775000.0,3544.0,2194.0,1029.0,113.2,True,Overpriced
Active,Paramount Ft Lauderdale,Condo,4500000.0,3204.0,1404.0,652.0,115.3,True,Overpriced
Pending,Nurmi Isles,Condo,4200000.0,2960.0,1419.0,659.0,115.4,False,Overpriced
Pending,Terraces,Condo,2595000.0,2027.0,1280.0,593.0,115.8,False,Overpriced
Active,Ritz Carlton,Condo,5400000.0,3784.0,1427.0,657.0,117.3,True,Overpriced
Active,Coconut Grove Residences,Condo,3600000.0,2654.0,1356.0,620.0,118.9,True,Overpriced
Active,Waterside,Condo,1148540.0,1118.0,1027.0,462.0,122.2,True,Overpriced
Active,Auberge Beach,Condo,3900000.0,2792.0,1397.0,624.0,124.0,True,Overpriced
Active,Rio Vista,Single Family,1590000.0,1098.0,1448.0,646.0,124.1,False,Overpriced
Active,Auberge Beach,Condo,5445000.0,3422.0,1591.0,705.0,125.6,True,Overpriced
Active,Flb Condominium Resid Elliott,Condo,1574900.0,1034.0,1523.0,669.0,127.8,True,Overpriced
Active,Idlewyld,Single Family,19950000.0,7666.0,2602.0,1136.0,129.0,True,Overpriced
Active,Marine Tower,Condo,975000.0,1397.0,698.0,302.0,131.3,False,Overpriced
Active,Viceroy Fort Lauderdale Viceroy,Condo,760000.0,755.0,1007.0,433.0,132.5,False,Overpriced
Active,Harbour Heights,Single Family,8900000.0,3494.0,2547.0,1090.0,133.6,True,Overpriced
Active,Riva,Condo,4995000.0,4267.0,1171.0,497.0,135.4,True,Overpriced
Active,Ritz Carlton,Condo,10495000.0,7031.0,1493.0,631.0,136.6,True,Overpriced
Active,Nuriver Landing Comm Cond Nuriver Landing,Condo,1700000.0,1361.0,1249.0,528.0,136.7,True,Overpriced
Active,Sixth Rio,Condo,1445000.0,1133.0,1275.0,537.0,137.5,True,Overpriced
Active,Lauderdale Beach,Single Family,14400000.0,3672.0,3922.0,1644.0,138.5,True,Overpriced
Active,Riverside Park,Single Family,13995000.0,6658.0,2102.0,881.0,138.5,True,Overpriced
Active,Sunrise,Condo,2975000.0,2792.0,1066.0,446.0,138.9,True,Overpriced
Active,Selene,Condo,9999000.0,5435.0,1840.0,770.0,139.0,True,Overpriced
Active,Coral Isles,Single Family,44995000.0,10160.0,4429.0,1852.0,139.2,True,Overpriced
Active,Sea Isles,Single Family,14995000.0,4667.0,3213.0,1329.0,141.8,True,Overpriced
Active,Castillo Grand Residences,Condo,2350000.0,2003.0,1173.0,482.0,143.3,False,Overpriced
Active,Riva Condominium Riva,Condo,4897000.0,3832.0,1278.0,523.0,144.4,True,Overpriced
Active,Viceroy Fort Lauderdale,Condo,950000.0,912.0,1042.0,424.0,145.8,False,Overpriced
Active,Pier Sixty Six,Condo,5300000.0,2878.0,1842.0,748.0,146.4,True,Overpriced
Active,Ombelle Fort Lauderdale,Condo,586254.0,676.0,867.0,350.0,148.0,False,Overpriced
Active,Bungalow East,Condo,3029000.0,2829.0,1071.0,431.0,148.2,False,Overpriced
Active,Selene Oceanfront Residenc Selene Oceanfront Residen,Condo,4448000.0,3240.0,1373.0,550.0,149.5,False,Overpriced
Active,Selene Oceanfront Residenc,Condo,9999000.0,5183.0,1929.0,768.0,151.2,True,Overpriced
Active,Waterside,Condo,1359920.0,1173.0,1159.0,460.0,152.1,True,Overpriced
Active,Sunrise Intracoastal,Single Family,41900000.0,11838.0,3539.0,1403.0,152.3,True,Overpriced
Active,Sixth&Rio,Condo,2300000.0,1759.0,1308.0,515.0,153.9,True,Overpriced
Active,Progresso,Townhouse,2100000.0,3111.0,675.0,264.0,155.3,False,Overpriced
Active,Paramount Ft Lauderdale Co,Condo,3150000.0,2420.0,1302.0,508.0,156.4,False,Overpriced
Active,Sage Intracoastal,Condo,5188355.0,3216.0,1613.0,627.0,157.2,True,Overpriced
Active,Waterside,Condo,1336800.0,1120.0,1194.0,462.0,158.2,True,Overpriced
Pending,Ombelle Fort Lauderdale,Condo,487515.0,579.0,842.0,324.0,159.6,False,Overpriced
Active,Victoria Park,Single Family,3225000.0,1155.0,2792.0,1075.0,159.8,False,Overpriced
Active,Waterside,Condo,1674500.0,1450.0,1155.0,439.0,162.9,True,Overpriced
Active,Azul,Condo,5350000.0,2718.0,1968.0,749.0,162.9,True,Overpriced
Active,Ritz Carlton Ftl,Condo,4339000.0,2940.0,1476.0,561.0,163.2,True,Overpriced
Active,Lauderdale Harbours,Condo,3560000.0,3555.0,1001.0,377.0,165.6,True,Overpriced
Active,Habor Villa,Condo,3399000.0,1645.0,2066.0,773.0,167.3,True,Overpriced
Active,Viceroy Fort Lauderdale,Condo,1020000.0,1229.0,830.0,309.0,168.2,False,Overpriced
Active,Venice,Single Family,39999999.0,9995.0,4002.0,1488.0,169.0,True,Overpriced
Active,Ombelle Fort Lauderdale,Condo,511361.0,587.0,871.0,324.0,169.0,False,Overpriced
Active,Four Seasons Four Seasons Residences,Condo,2750000.0,1721.0,1598.0,593.0,169.4,False,Overpriced
Pending,Ombelle Fort Lauderdale,Condo,485598.0,547.0,888.0,326.0,171.9,False,Overpriced
Active,Auberge Residence And Spa,Condo,6399000.0,3301.0,1939.0,708.0,173.7,True,Overpriced
Pending,Ombelle Fort Lauderdale,Condo,1314072.0,1527.0,861.0,314.0,174.4,False,Overpriced
Pending,Ombelle Fort Lauderdale,Condo,647257.0,745.0,869.0,315.0,175.6,False,Overpriced
Active,Castillo Grand Residences Ritz Carlton Fort Lauder,Condo,2650000.0,1971.0,1344.0,486.0,176.4,False,Overpriced
Active,Sixth&Rio,Condo,3200000.0,2296.0,1394.0,504.0,176.6,True,Overpriced
Pending,Ombelle Fort Lauderdale,Condo,501522.0,553.0,907.0,326.0,178.1,False,Overpriced
Active,View Pointe,Condo,2730000.0,1760.0,1551.0,555.0,179.5,True,Overpriced
Active,Viceroy Fort Lauderdale,Condo,975000.0,810.0,1204.0,429.0,180.3,False,Overpriced
Pending,Ombelle Fort Lauderdale,Condo,507731.0,553.0,918.0,326.0,181.6,False,Overpriced
Active,Ritz Carlton,Condo,6995000.0,4056.0,1725.0,609.0,183.3,True,Overpriced
Active,Ritz Carlton Ftl,Condo,3000000.0,1860.0,1613.0,569.0,183.6,True,Overpriced
Active,Las Olas,Condo,11295000.0,5695.0,1983.0,697.0,184.7,True,Overpriced
Pending,Ombelle Fort Lauderdale,Condo,671595.0,745.0,901.0,315.0,186.0,False,Overpriced
Active,Viceroy Fort Lauderdale,Condo,1430000.0,1162.0,1231.0,428.0,187.4,False,Overpriced
Active,Ritz Carlton Residences Rc Fort Lauderdale,Condo,3832000.0,2400.0,1597.0,552.0,189.0,True,Overpriced
Active,Ombelle Fort Lauderdale,Condo,967032.0,1056.0,916.0,315.0,190.9,False,Overpriced
Pending,Ombelle Fort Lauderdale,Condo,461021.0,477.0,967.0,332.0,191.5,False,Overpriced
Active,Ombelle Fort Lauderdale,Condo,693941.0,750.0,925.0,315.0,193.7,False,Overpriced
Active,View Pointe,Condo,2300000.0,1376.0,1672.0,566.0,195.3,True,Overpriced
Active,Harbor Beach,Condo,4999999.0,2205.0,2268.0,737.0,207.6,True,Overpriced
Pending,Ombelle Fort Lauderdale,Condo,1230022.0,1305.0,943.0,301.0,213.5,False,Overpriced
Active,View Pointe,Condo,5890000.0,3383.0,1741.0,552.0,215.6,True,Overpriced
Pending,Viceroy Fort Lauderdale,Condo,745000.0,732.0,1018.0,316.0,222.2,False,Overpriced
Active,Fort Lauderdale Beac Auberge Beach,Condo,9500000.0,4365.0,2176.0,671.0,224.2,True,Overpriced
Active,Fort Lauderdale Beac Auberge Beach,Condo,8150000.0,3767.0,2164.0,663.0,226.6,True,Overpriced
Active,Fort Lauderdale Beach Auberge Beach Residences,Condo,9995000.0,4498.0,2222.0,671.0,231.0,True,Overpriced
Pending,Azul Condominium,Condo,7950000.0,2878.0,2762.0,816.0,238.4,True,Overpriced
Active,Las Olas,Condo,10990000.0,5281.0,2081.0,612.0,240.2,False,Overpriced
Pending,Viceroy Fort Lauderdale,Condo,1290000.0,1224.0,1054.0,310.0,240.5,False,Overpriced
Active,Auberge Beach,Condo,13850000.0,5822.0,2379.0,695.0,242.0,True,Overpriced
Pending,Viceroy Fort Lauderdale,Condo,795000.0,732.0,1086.0,316.0,243.8,False,Overpriced
Pending,Victoria Highlands,Single Family,4900000.0,1808.0,2710.0,769.0,252.5,True,Overpriced
Active,Harbor Beach,Single Family,27500000.0,6250.0,4400.0,1220.0,260.5,True,Overpriced
Active,Ombelle Fort Lauderdale,Condo,2453717.0,2081.0,1179.0,324.0,263.8,False,Overpriced
Active,Ombelle Fort Lauderdale,Condo,1815447.0,1605.0,1131.0,309.0,265.7,False,Overpriced
Active,Auberge,Condo,10995000.0,4498.0,2444.0,649.0,276.4,True,Overpriced
Pending,Viceroy Fort Lauderdale,Condo,1500000.0,1268.0,1183.0,308.0,283.7,False,Overpriced
Active,Aqua Vista,Single Family,12900000.0,3192.0,4041.0,1046.0,286.2,True,Overpriced
Active,Viceroy Fort Lauderdale Viceroy,Condo,4410000.0,2585.0,1706.0,435.0,292.3,False,Overpriced
Active,Viceroy Fort Lauderdale Viceroy,Condo,4200000.0,2540.0,1654.0,420.0,294.1,False,Overpriced
Pending,Viceroy Fort Lauderdale,Condo,1560000.0,1268.0,1230.0,308.0,299.0,False,Overpriced
Active,Pier Sixty Six,Condo,16000000.0,5349.0,2991.0,748.0,299.8,True,Overpriced
