status,address,neighborhood,geo_type,ptype,sqft,beds,waterfront,list_price,ask_ppsf,should_be_ppsf,should_be_price,diff_price,gap_pct,comps,verdict
Active,801 Seabreeze Blvd Unit#PH2406,St Regis Residences,Barrier island / beach,Condo,4982.0,4,True,22000000.0,4416.0,547.0,2725000.0,19275000.0,707.3,0,Insufficient comps
Active,505 NE 2nd Street Unit#34A,Viceroy Fort Lauderdale,Downtown high-rise,Condo,1069.0,3,False,3675000.0,3438.0,469.0,501000.0,3174000.0,633.0,0,Insufficient comps
Active,505 NE 2nd Street Unit#29B,Viceroy Fort Lauderdale,Downtown high-rise,Condo,1069.0,4,False,3780000.0,3536.0,490.0,524000.0,3256000.0,621.6,0,Insufficient comps
Active,801 Seabreeze Boulevard Unit#Ph 2302,St Regis Residences,Barrier island / beach,Condo,5777.0,5,True,20500000.0,3549.0,513.0,2964000.0,17536000.0,591.8,0,Insufficient comps
Active,801 Seabreeze Boulevard Unit#R 1604,St Regis Residences,Barrier island / beach,Condo,1561.0,2,False,3400000.0,2178.0,428.0,668000.0,2732000.0,408.9,0,Insufficient comps
Active,505 NE 2nd Street Unit#43C,Viceroy Fort Lauderdale,Downtown high-rise,Condo,1069.0,2,False,2205000.0,2063.0,449.0,480000.0,1725000.0,359.5,0,Insufficient comps
Active,100 NE 5th St,North Lauderdale,Mainland inland,Single Family,672.0,2,False,1000000.0,1488.0,330.0,222000.0,778000.0,350.9,1,Insufficient comps
Active,314 SW 12th Street,Croissant Park,Mainland inland,Single Family,1384.0,2,False,2500000.0,1806.0,416.0,576000.0,1924000.0,334.1,30,Overpriced
Active,801 Seabreeze Boulevard Unit#R 1501,St Regis Residences,Barrier island / beach,Condo,2278.0,3,True,5504582.0,2416.0,562.0,1280000.0,4225000.0,329.9,0,Insufficient comps
Active,801 Seabreeze Boulevard Unit#601,St Regis Residences,Barrier island / beach,Condo,3550.0,4,True,8375350.0,2359.0,555.0,1970000.0,6405000.0,325.0,0,Insufficient comps
Active,701 N Fort Lauderdale Beach Boulevard Unit#A1,Paramount Ft Lauderdale Co,Barrier island / beach,Condo,5525.0,4,False,12995000.0,2352.0,557.0,3077000.0,9918000.0,322.3,1,Insufficient comps
Active,801 Seabreeze Boulevard Unit#R 1509,St Regis Residences,Barrier island / beach,Condo,1343.0,1,True,3088900.0,2300.0,550.0,739000.0,2350000.0,318.2,0,Insufficient comps
Active,801 Seabreeze Boulevard Unit#1802,St Regis Residences,Barrier island / beach,Condo,2611.0,3,True,5770625.0,2210.0,552.0,1441000.0,4330000.0,300.4,0,Insufficient comps
Active,2221 SE 17th St Unit#PH3,Pier Sixty Six,Intracoastal / canal waterfront,Condo,5349.0,5,True,16000000.0,2991.0,753.0,4028000.0,11972000.0,297.2,1,Insufficient comps
Active,505 NE 2nd Street Unit#43A,Viceroy Fort Lauderdale Viceroy,Downtown high-rise,Condo,2540.0,3,False,4200000.0,1654.0,421.0,1069000.0,3131000.0,292.9,0,Insufficient comps
Active,505 NE 2nd Street Unit#38B,Viceroy Fort Lauderdale Viceroy,Downtown high-rise,Condo,2585.0,4,False,4410000.0,1706.0,439.0,1135000.0,3275000.0,288.6,0,Insufficient comps
Active,2617 Aqua Vista Boulevard,Aqua Vista,Intracoastal / canal waterfront,Single Family,3192.0,4,True,12900000.0,4041.0,1045.0,3336000.0,9564000.0,286.7,0,Insufficient comps
Active,534 HENDRICKS ISLE Unit#401,View Pointe,Intracoastal / canal waterfront,Condo,1760.0,4,True,5519500.0,3136.0,829.0,1459000.0,4060000.0,278.3,0,Insufficient comps
Active,2200 N Ocean Boulevard Unit#S1604/1605,Auberge,Barrier island / beach,Condo,4498.0,4,True,10995000.0,2444.0,648.0,2915000.0,8080000.0,277.2,2,Insufficient comps
Active,300 NE 3rd Avenue Unit#2703s,Ombelle Fort Lauderdale,Downtown high-rise,Condo,1605.0,2,False,1815447.0,1131.0,309.0,496000.0,1319000.0,266.0,0,Insufficient comps
Active,300 NE 3rd Avenue Unit#2809s,Ombelle Fort Lauderdale,Downtown high-rise,Condo,2081.0,4,False,2453717.0,1179.0,326.0,678000.0,1776000.0,261.7,0,Insufficient comps
Active,2500 Mercedes Dr,Harbor Beach,Barrier island / beach,Single Family,6250.0,7,True,27500000.0,4400.0,1233.0,7706000.0,19794000.0,256.9,30,Overpriced
Pending,700 NE 20th Avenue,Victoria Highlands,Intracoastal / canal waterfront,Single Family,1808.0,3,True,4900000.0,2710.0,768.0,1389000.0,3511000.0,252.9,9,Overpriced
Active,511 SE 5th Ave Unit#11,Nu River Landing,Intracoastal / canal waterfront,Condo,1233.0,0,True,1700000.0,1379.0,398.0,491000.0,1209000.0,246.5,9,Overpriced
Active,2200 N Ocean Boulevard Unit#N1701/N1801,Auberge Beach,Barrier island / beach,Condo,5822.0,5,True,13850000.0,2379.0,698.0,4064000.0,9786000.0,240.8,1,Insufficient comps
Pending,2241 SE 17th Street Unit#Ph2,Azul Condominium,Intracoastal / canal waterfront,Condo,2878.0,3,True,7950000.0,2762.0,817.0,2351000.0,5599000.0,238.1,0,Insufficient comps
Active,100 E Las Olas Boulevard Unit#4603,Las Olas,Downtown high-rise,Condo,5281.0,5,False,10990000.0,2081.0,617.0,3258000.0,7732000.0,237.3,140,Overpriced
Active,2200 N Ocean Blvd Unit#S1704/05,Fort Lauderdale Beach Auberge Beach Residences,Barrier island / beach,Condo,4498.0,4,True,9995000.0,2222.0,671.0,3018000.0,6977000.0,231.1,0,Insufficient comps
Active,2200 N Ocean Blvd Unit#N605,Fort Lauderdale Beac Auberge Beach,Barrier island / beach,Condo,3767.0,4,True,8150000.0,2164.0,663.0,2498000.0,5652000.0,226.4,1,Insufficient comps
Active,2200 N Ocean Blvd Unit#S2301,Fort Lauderdale Beac Auberge Beach,Barrier island / beach,Condo,4365.0,4,True,9500000.0,2176.0,672.0,2933000.0,6567000.0,223.8,1,Insufficient comps
Pending,300 NE 3rd Avenue Unit#3307s,Ombelle Fort Lauderdale,Downtown high-rise,Condo,1305.0,3,False,1230022.0,943.0,301.0,393000.0,837000.0,213.3,0,Insufficient comps
Active,2321 SE 17th Street Unit#401,Harbor Beach,Barrier island / beach,Condo,2205.0,3,True,4999999.0,2268.0,741.0,1634000.0,3366000.0,206.1,0,Insufficient comps
Active,505 NE 2nd Street Unit#15A,Viceroy Fort Lauderdale,Downtown high-rise,Condo,1649.0,3,False,2105000.0,1277.0,430.0,709000.0,1396000.0,197.0,0,Insufficient comps
Active,300 NE 3rd Avenue Unit#606n,Ombelle Fort Lauderdale,Downtown high-rise,Condo,750.0,1,False,693941.0,925.0,315.0,236000.0,458000.0,193.7,0,Insufficient comps
Active,551 Bayshore Drive Unit#901C,Ritz Carlton Residences Rc Fort Lauderdale,Barrier island / beach,Condo,2400.0,2,True,3832000.0,1597.0,549.0,1318000.0,2514000.0,190.9,0,Insufficient comps
Active,300 NE 3rd Avenue Unit#1211s,Ombelle Fort Lauderdale,Downtown high-rise,Condo,1056.0,2,False,967032.0,916.0,315.0,333000.0,634000.0,190.8,0,Insufficient comps
Pending,300 NE 3rd Avenue Unit#1106S,Ombelle Fort Lauderdale,Downtown high-rise,Condo,477.0,1,False,461021.0,967.0,333.0,159000.0,302000.0,190.4,0,Insufficient comps
Pending,505 NE 2nd Street Unit#17C,Viceroy Fort Lauderdale,Downtown high-rise,Condo,1268.0,2,False,1560000.0,1230.0,426.0,540000.0,1020000.0,188.7,0,Insufficient comps
Active,101 S Fort Lauderdale Beach Boulevard Unit#2905,Las Olas,Barrier island / beach,Condo,5695.0,3,True,11295000.0,1983.0,692.0,3941000.0,7354000.0,186.6,140,Overpriced
Active,505 NE 2nd Street Unit#34F,Viceroy Fort Lauderdale,Downtown high-rise,Condo,1162.0,2,False,1430000.0,1231.0,430.0,500000.0,930000.0,186.3,0,Insufficient comps
Pending,300 NE 3rd Avenue Unit#1608S,Ombelle Fort Lauderdale,Downtown high-rise,Condo,745.0,1,False,671595.0,901.0,315.0,235000.0,437000.0,186.0,0,Insufficient comps
Active,1 N Fort Lauderdale Beach Boulevard Unit#Lp 2302,Ritz Carlton,Barrier island / beach,Condo,4056.0,3,True,6995000.0,1725.0,605.0,2454000.0,4541000.0,185.1,5,Overpriced
Active,551 Bayshore Drive Unit#Villa 8,Ritz Carlton Ftl,Barrier island / beach,Condo,1860.0,2,True,3000000.0,1613.0,567.0,1055000.0,1945000.0,184.5,0,Insufficient comps
Pending,300 NE 3rd Avenue Unit#1207S,Ombelle Fort Lauderdale,Downtown high-rise,Condo,553.0,1,False,507731.0,918.0,327.0,181000.0,327000.0,180.7,0,Insufficient comps
Active,505 NE 2nd Street Unit#25H,Viceroy Fort Lauderdale,Downtown high-rise,Condo,810.0,1,False,975000.0,1204.0,431.0,349000.0,626000.0,179.4,0,Insufficient comps
Active,1 N Fort Lauderdale Beach Blvd Unit#1806,Castillo Grand Residences Ritz Carlton Fort Lauder,Barrier island / beach,Condo,1971.0,2,False,2650000.0,1344.0,484.0,954000.0,1696000.0,177.7,0,Insufficient comps
Pending,505 NE 2nd Street Unit#14C,Viceroy Fort Lauderdale,Downtown high-rise,Condo,1268.0,2,False,1500000.0,1183.0,426.0,540000.0,960000.0,177.7,0,Insufficient comps
Pending,300 NE 3rd Avenue Unit#1107S,Ombelle Fort Lauderdale,Downtown high-rise,Condo,553.0,1,False,501522.0,907.0,327.0,181000.0,321000.0,177.4,0,Insufficient comps
Pending,300 NE 3rd Avenue Unit#1208S,Ombelle Fort Lauderdale,Downtown high-rise,Condo,745.0,1,False,647257.0,869.0,315.0,235000.0,412000.0,175.9,0,Insufficient comps
Active,501 SE 6th Avenue Unit#403,Sixth&Rio,Intracoastal / canal waterfront,Condo,2296.0,4,True,3200000.0,1394.0,506.0,1162000.0,2038000.0,175.5,0,Insufficient comps
Pending,300 NE 3rd Avenue Unit#2803S,Ombelle Fort Lauderdale,Downtown high-rise,Condo,1527.0,3,False,1314072.0,861.0,314.0,479000.0,835000.0,174.2,0,Insufficient comps
Active,2200 N Ocean Blvd Unit#S1701,Auberge Residence And Spa,Barrier island / beach,Condo,3301.0,3,True,6399000.0,1939.0,709.0,2340000.0,4059000.0,173.5,0,Insufficient comps
Pending,300 NE 3rd Avenue Unit#405s,Ombelle Fort Lauderdale,Downtown high-rise,Condo,547.0,1,False,485598.0,888.0,328.0,179000.0,307000.0,170.7,0,Insufficient comps
Active,525 N Fort Lauderdale Beach Blvd Unit#1509,Four Seasons Four Seasons Residences,Barrier island / beach,Condo,1721.0,2,False,2750000.0,1598.0,594.0,1022000.0,1728000.0,169.0,0,Insufficient comps
Active,300 NE 3rd Avenue Unit#301n,Ombelle Fort Lauderdale,Downtown high-rise,Condo,587.0,1,False,511361.0,871.0,325.0,191000.0,320000.0,168.0,0,Insufficient comps
Active,1545 SE 15th Unit#301,Lauderdale Harbours,Finger-isle waterfront,Condo,3555.0,3,True,3560000.0,1001.0,374.0,1330000.0,2230000.0,167.6,0,Insufficient comps
Active,516 Mola Avenue,Venice,Finger-isle waterfront,Single Family,9995.0,6,True,39999999.0,4002.0,1496.0,14953000.0,25047000.0,167.5,12,Overpriced
Active,2311 SE 17th Street Unit#202,Habor Villa,Barrier island / beach,Condo,1645.0,3,True,3399000.0,2066.0,782.0,1286000.0,2113000.0,164.2,0,Insufficient comps
Active,551 Bayshore Drive Unit#507D,Ritz Carlton Ftl,Barrier island / beach,Condo,2940.0,3,True,4339000.0,1476.0,559.0,1643000.0,2696000.0,164.0,0,Insufficient comps
Active,2241 SE 17 Street Unit#704,Azul,Intracoastal / canal waterfront,Condo,2718.0,3,True,5350000.0,1968.0,751.0,2041000.0,3309000.0,162.1,0,Insufficient comps
Active,3000 E Oakland Park Boulevard Unit#601,Waterside,Intracoastal / canal waterfront,Condo,1450.0,3,True,1674500.0,1155.0,441.0,639000.0,1036000.0,161.9,0,Insufficient comps
Pending,300 NE 3rd Avenue Unit#301S,Ombelle Fort Lauderdale,Downtown high-rise,Condo,579.0,1,False,487515.0,842.0,325.0,188000.0,300000.0,159.1,0,Insufficient comps
Active,3000 E Oakland Park Boulevard Unit#1405,Waterside,Intracoastal / canal waterfront,Condo,1120.0,2,True,1336800.0,1194.0,464.0,520000.0,817000.0,157.3,0,Insufficient comps
Active,701 N Fort Lauderdale Beach Boulevard Unit#406,Paramount Ft Lauderdale Co,Barrier island / beach,Condo,2420.0,3,False,3150000.0,1302.0,507.0,1227000.0,1923000.0,156.8,1,Insufficient comps
Active,900 Intracoastal Drive Unit#2401,Sage Intracoastal,Intracoastal / canal waterfront,Condo,3216.0,4,True,5188355.0,1613.0,633.0,2036000.0,3152000.0,154.8,0,Insufficient comps
Active,707 NE 7th Ave,Progresso,Mainland inland,Townhouse,3111.0,4,False,2100000.0,675.0,265.0,824000.0,1276000.0,154.7,42,Overpriced
Active,428 NE 17th Ave,Victoria Park,Mainland inland,Single Family,1155.0,5,False,3225000.0,2792.0,1100.0,1270000.0,1955000.0,153.8,83,Overpriced
Active,501 SE 6th Avenue Unit#TH1,Sixth&Rio,Intracoastal / canal waterfront,Condo,1759.0,3,True,2300000.0,1308.0,516.0,908000.0,1392000.0,153.5,0,Insufficient comps
Active,151 N Seabreeze Boulevard Unit#Ph2601-e,Selene Oceanfront Residenc,Barrier island / beach,Condo,5183.0,3,True,9999000.0,1929.0,767.0,3975000.0,6024000.0,151.5,0,Insufficient comps
Active,3000 E Oakland Park Boulevard Unit#1103,Waterside,Intracoastal / canal waterfront,Condo,1173.0,2,True,1359920.0,1159.0,461.0,541000.0,819000.0,151.4,0,Insufficient comps
Active,733 Middle River Drive,Sunrise Intracoastal,Intracoastal / canal waterfront,Single Family,11838.0,6,True,41900000.0,3539.0,1423.0,16845000.0,25055000.0,148.7,6,Overpriced
Pending,505 NE 2nd Street Unit#25E,Viceroy Fort Lauderdale,Downtown high-rise,Condo,732.0,1,False,795000.0,1086.0,437.0,320000.0,475000.0,148.5,0,Insufficient comps
Active,153  N Seabreeze Boulevard Unit#902,Selene Oceanfront Residenc Selene Oceanfront Residen,Barrier island / beach,Condo,3240.0,4,False,4448000.0,1373.0,553.0,1792000.0,2656000.0,148.3,1,Insufficient comps
Active,530 Birch Road Unit#601,Bungalow East,Barrier island / beach,Condo,2829.0,4,False,3029000.0,1071.0,432.0,1222000.0,1807000.0,147.9,0,Insufficient comps
Active,300 NE 3rd Avenue Unit#303n,Ombelle Fort Lauderdale,Downtown high-rise,Condo,676.0,1,False,586254.0,867.0,350.0,237000.0,349000.0,147.7,0,Insufficient comps
Pending,505 NE 2nd Street Unit#21G,Viceroy Fort Lauderdale,Downtown high-rise,Condo,1224.0,2,False,1290000.0,1054.0,428.0,524000.0,766000.0,146.3,0,Insufficient comps
Active,505 NE 2nd Street Unit#15B,Viceroy Fort Lauderdale,Downtown high-rise,Condo,912.0,1,False,950000.0,1042.0,425.0,388000.0,562000.0,145.2,0,Insufficient comps
Active,2241 SE 17th Street Unit#601,Pier Sixty Six,Barrier island / beach,Condo,2878.0,3,True,5300000.0,1842.0,752.0,2164000.0,3136000.0,144.9,1,Insufficient comps
Active,1 N Fort Lauderdale Beach Boulevard Unit#1807,Castillo Grand Residences,Barrier island / beach,Condo,2003.0,2,False,2350000.0,1173.0,480.0,961000.0,1389000.0,144.4,0,Insufficient comps
Active,1180 N Federal Hwy Unit#PH-1602,Riva Condominium Riva,Intracoastal / canal waterfront,Condo,3832.0,4,True,4897000.0,1278.0,524.0,2008000.0,2889000.0,143.9,0,Insufficient comps
Active,2533 Aqua Vista Boulevard,Sea Isles,Finger-isle waterfront,Single Family,4667.0,4,True,14995000.0,3213.0,1331.0,6212000.0,8783000.0,141.4,4,Insufficient comps
Active,1 N Fort Lauderdale Beach Blvd Unit#2102,Ritz Carlton,Barrier island / beach,Condo,7031.0,4,True,10495000.0,1493.0,628.0,4415000.0,6080000.0,137.7,5,Overpriced
Active,625 San Marco Drive,Coral Isles,Finger-isle waterfront,Single Family,10160.0,6,True,44995000.0,4429.0,1866.0,18959000.0,26036000.0,137.4,15,Overpriced
Active,153 N Seabreeze Boulevard Unit#Ph 2601-s,Selene,Barrier island / beach,Condo,5435.0,4,True,9999000.0,1840.0,775.0,4212000.0,5787000.0,137.4,5,Overpriced
Active,1180 N Federal Highway Unit#Ph-1606,Riva,Intracoastal / canal waterfront,Condo,4267.0,3,True,4995000.0,1171.0,495.0,2112000.0,2883000.0,136.6,3,Insufficient comps
Active,501 SE 6th Avenue Unit#611,Sixth Rio,Intracoastal / canal waterfront,Condo,1133.0,2,True,1445000.0,1275.0,539.0,611000.0,834000.0,136.5,0,Insufficient comps
Active,700 SW 12th Ave,Riverside Park,Intracoastal / canal waterfront,Single Family,6658.0,6,True,13995000.0,2102.0,890.0,5926000.0,8069000.0,136.2,11,Overpriced
Active,3036 N Atlantic Blvd,Lauderdale Beach,Barrier island / beach,Single Family,3672.0,5,True,14400000.0,3922.0,1668.0,6125000.0,8275000.0,135.1,12,Overpriced
Active,2200 Inlet Drive,Harbour Heights,Finger-isle waterfront,Single Family,3494.0,4,True,8900000.0,2547.0,1093.0,3819000.0,5081000.0,133.0,14,Overpriced
Pending,505 NE 2nd Street Unit#14D,Viceroy Fort Lauderdale,Downtown high-rise,Condo,732.0,1,False,745000.0,1018.0,437.0,320000.0,425000.0,133.0,0,Insufficient comps
Active,"511 SE 5 Ave Unit#8,9,11",Nuriver Landing Comm Cond Nuriver Landing,Intracoastal / canal waterfront,Condo,1361.0,9,True,1700000.0,1249.0,538.0,732000.0,968000.0,132.2,0,Insufficient comps
Active,2500 E Las Olas Boulevard Unit#1901,Marine Tower,Mainland inland,Condo,1397.0,2,False,975000.0,698.0,301.0,420000.0,555000.0,131.9,12,Overpriced
Active,505 NE 2nd Street Unit#17K,Viceroy Fort Lauderdale Viceroy,Downtown high-rise,Condo,755.0,1,False,760000.0,1007.0,435.0,328000.0,432000.0,131.5,0,Insufficient comps
Active,534 HENDRICKS ISLE Unit#PH,View Pointe,Intracoastal / canal waterfront,Condo,3383.0,4,True,5890000.0,1741.0,763.0,2581000.0,3309000.0,128.2,0,Insufficient comps
Active,815 Idlewyld Drive,Idlewyld,Finger-isle waterfront,Single Family,7666.0,5,True,19950000.0,2602.0,1140.0,8739000.0,11211000.0,128.2,16,Overpriced
Active,1700 NE 18th St,Progresso,Mainland inland,Single Family,1323.0,5,False,2255000.0,1704.0,749.0,991000.0,1264000.0,127.5,199,Overpriced
Active,551 N Fort Lauderdale Beach Blvd Unit#R201,Flb Condominium Resid Elliott,Barrier island / beach,Condo,1034.0,2,True,1574900.0,1523.0,671.0,694000.0,881000.0,127.0,1,Insufficient comps
Pending,87 Isle Of Venice Drive Unit#Ph 502s,Nurmi Isles,Mainland inland,Condo,2960.0,4,False,4200000.0,1419.0,625.0,1850000.0,2350000.0,127.0,0,Insufficient comps
Active,2200 N Ocean Boulevard Unit#N501,Auberge Beach,Barrier island / beach,Condo,3422.0,3,True,5445000.0,1591.0,706.0,2416000.0,3029000.0,125.4,1,Insufficient comps
Active,2200 N Ocean Boulevard Unit#S706,Auberge Beach,Barrier island / beach,Condo,2792.0,3,True,3900000.0,1397.0,621.0,1734000.0,2166000.0,125.0,1,Insufficient comps
Pending,87 Isle Of Venice Drive Unit#Ph 501n,Nurmi Isles,Mainland inland,Condo,2960.0,4,False,4100000.0,1385.0,625.0,1850000.0,2250000.0,121.6,0,Insufficient comps
Active,3000 E Oakland Park Boulevard Unit#1409,Waterside,Intracoastal / canal waterfront,Condo,1118.0,2,True,1148540.0,1027.0,464.0,519000.0,630000.0,121.3,0,Insufficient comps
Active,1200 Holiday Drive Unit#602,Coconut Grove Residences,Barrier island / beach,Condo,2654.0,3,True,3600000.0,1356.0,621.0,1648000.0,1952000.0,118.4,1,Insufficient comps
Active,1 N Fort Lauderdale Beach Boulevard Unit#1801 / 1808,Ritz Carlton,Barrier island / beach,Condo,3784.0,4,True,5400000.0,1427.0,658.0,2490000.0,2910000.0,116.9,5,Overpriced
Pending,527 Orton Avenue Unit#903C,Terraces,Barrier island / beach,Condo,2027.0,3,False,2595000.0,1280.0,596.0,1208000.0,1387000.0,114.8,0,Insufficient comps
Active,701 N Fort Lauderdale Beach Boulevard Unit#902,Paramount Ft Lauderdale,Barrier island / beach,Condo,3204.0,4,True,4500000.0,1404.0,656.0,2102000.0,2398000.0,114.0,0,Insufficient comps
Active,1605 SE 9th Street,Rio Vista,Finger-isle waterfront,Single Family,3544.0,4,True,7775000.0,2194.0,1026.0,3636000.0,4139000.0,113.8,89,Overpriced
Active,534 HENDRICKS ISLE Unit#302,View Pointe,Intracoastal / canal waterfront,Condo,1376.0,2,True,2300000.0,1672.0,783.0,1077000.0,1223000.0,113.5,0,Insufficient comps
Active,2701 Aqua Vista Boulevard,Sea Isles,Finger-isle waterfront,Single Family,4078.0,4,True,9250000.0,2268.0,1072.0,4372000.0,4878000.0,111.6,4,Insufficient comps
Active,1200 Holiday Drive Unit#1003,Coconut Grove Residences,Barrier island / beach,Condo,3200.0,2,True,3895000.0,1217.0,580.0,1856000.0,2039000.0,109.8,1,Insufficient comps
Active,3305 NE 16th Court,Las Olas,Mainland inland,Single Family,1772.0,5,False,2795000.0,1577.0,753.0,1334000.0,1461000.0,109.4,19,Overpriced
Active,325 Coconut Isle Drive,Las Olas Isles,Finger-isle waterfront,Single Family,2450.0,3,True,3295000.0,1345.0,643.0,1575000.0,1720000.0,109.2,10,Overpriced
Active,1 N Fort Lauderdale Beach Boulevard Unit#1709,Ritz Carlton,Barrier island / beach,Condo,818.0,1,True,1150000.0,1406.0,677.0,554000.0,596000.0,107.7,5,Overpriced
Active,615 SW 14th Avenue Unit#1-2,Riverside Amen,Mainland inland,Single Family,832.0,4,False,734000.0,882.0,425.0,354000.0,380000.0,107.5,8,Overpriced
Active,350 SE 2nd Street Unit#GPH10,Las Olas,Mainland inland,Condo,3150.0,3,False,2950000.0,937.0,452.0,1424000.0,1526000.0,107.3,140,Overpriced
Active,1 N Fort Lauderdale Beach Blvd Unit#1605,Castillo Grand Hotel Resi Ritz Carlton,Barrier island / beach,Condo,832.0,1,True,1150000.0,1382.0,676.0,562000.0,588000.0,104.4,0,Insufficient comps
Active,1 Las Olas Circle Unit#1501,Venetian Condominium,Barrier island / beach,Condo,3425.0,3,True,4499000.0,1314.0,643.0,2202000.0,2297000.0,104.4,14,Overpriced
Active,513 Middle River Drive,Sunrise,Intracoastal / canal waterfront,Single Family,15079.0,6,True,55000000.0,3647.0,1794.0,27052000.0,27948000.0,103.3,6,Overpriced
Active,534 HENDRICKS ISLE Unit#301,View Pointe,Intracoastal / canal waterfront,Condo,1760.0,3,True,2730000.0,1551.0,768.0,1352000.0,1378000.0,102.0,0,Insufficient comps
Active,725 Middle River Dr,Sunrise,Intracoastal / canal waterfront,Single Family,11133.0,7,True,33000000.0,2964.0,1467.0,16332000.0,16668000.0,102.0,6,Overpriced
Pending,701 N Fort Lauderdale Beach Blvd Unit#501,Paramount Ft Lauderdale Paramount Fort Lauderdale,Barrier island / beach,Condo,3214.0,4,True,4375000.0,1361.0,674.0,2166000.0,2209000.0,101.9,0,Insufficient comps
Active,1180 N Federal Hwy Unit#1501,Riva Residences,Intracoastal / canal waterfront,Condo,2407.0,3,True,2500000.0,1039.0,515.0,1240000.0,1260000.0,101.7,4,Insufficient comps
Active,2560 Del Lago Dr,Del Lago Isles,Finger-isle waterfront,Single Family,8725.0,6,True,29995000.0,3438.0,1717.0,14981000.0,15014000.0,100.2,0,Insufficient comps
Active,153 N Seabreeze Unit#2503-S,Selene,Barrier island / beach,Condo,1416.0,2,True,2300000.0,1624.0,811.0,1148000.0,1152000.0,100.2,5,Overpriced
Active,525 Isle Of Capri Drive,Las Olas,Intracoastal / canal waterfront,Single Family,10000.0,7,True,35000000.0,3500.0,1748.0,17480000.0,17520000.0,100.2,19,Overpriced
Active,1110 Seminole Drive Unit#201,Adagio On Bay,Intracoastal / canal waterfront,Condo,2870.0,3,True,2940000.0,1024.0,514.0,1475000.0,1465000.0,99.2,1,Insufficient comps
Active,501 SE 6th Avenue Unit#314,Sixth&Rio,Intracoastal / canal waterfront,Condo,742.0,1,True,799000.0,1077.0,544.0,404000.0,395000.0,98.0,0,Insufficient comps
Active,2716 Aqua Vista Boulevard,Sea Isles,Finger-isle waterfront,Single Family,10345.0,5,True,28000000.0,2707.0,1369.0,14162000.0,13838000.0,97.7,4,Insufficient comps
Active,545 S FORT LAUDERDALE BEACH Boulevard Unit#1703/1704,Illini,Barrier island / beach,Condo,2150.0,4,True,2199000.0,1023.0,518.0,1114000.0,1085000.0,97.5,1,Insufficient comps
Active,2200 N Ocean Blvd Unit#N206,Fort Lauderdale Beac Auberge Beach Residences,Barrier island / beach,Condo,2071.0,3,True,2790000.0,1347.0,684.0,1417000.0,1373000.0,96.9,1,Insufficient comps
Active,614 NE 28th Street Unit#106,Heron House,Mainland inland,Condo,695.0,2,False,379900.0,547.0,278.0,193000.0,187000.0,96.8,0,Insufficient comps
Active,3101 Bayshore Dr Unit#608,Fort Lauderdale Residence Ft Lauderdale Residence,Barrier island / beach,Condo,1214.0,2,False,1200000.0,988.0,502.0,609000.0,591000.0,96.8,0,Insufficient comps
Active,1710 S Ocean Lane Unit#202,Lago Mar North Lodge,Barrier island / beach,Condo,1498.0,2,True,1680000.0,1121.0,571.0,855000.0,825000.0,96.3,1,Insufficient comps
Active,5 Isla Bahia Drive,Harbor Beach,Barrier island / beach,Single Family,8923.0,7,True,20000000.0,2241.0,1147.0,10235000.0,9765000.0,95.4,30,Overpriced
Active,505 NE 2nd Street Unit#4A,Viceroy Fort Lauderdale,Downtown high-rise,Condo,1229.0,2,False,1020000.0,830.0,427.0,525000.0,495000.0,94.4,0,Insufficient comps
Pending,1721 SE 11th Street,Rio Vista,Finger-isle waterfront,Single Family,7030.0,8,True,19770000.0,2812.0,1447.0,10172000.0,9598000.0,94.3,89,Overpriced
Active,545 S Fort Lauderdale Beach Boulevard Unit#1702,Illini Association,Barrier island / beach,Condo,1290.0,2,True,1350000.0,1047.0,539.0,695000.0,655000.0,94.2,0,Insufficient comps
Active,2815 NE 26th Pl,Coral Ridge Galt,Barrier island / beach,Single Family,2690.0,3,True,5450000.0,2026.0,1044.0,2808000.0,2642000.0,94.1,88,Overpriced
Active,19 Port Side Dr Unit#19C,Portside Yacht Club,Intracoastal / canal waterfront,Townhouse,2203.0,4,True,1999999.0,908.0,468.0,1031000.0,969000.0,94.0,3,Insufficient comps
Active,551 N Fort Lauderdale Beach Blvd Unit#R2205,Flb Condominium Resid Elliott,Barrier island / beach,Condo,1113.0,2,True,1434900.0,1289.0,665.0,740000.0,695000.0,93.8,1,Insufficient comps
Active,104 NE 5th St,North Lauderdale,Mainland inland,Single Family,1470.0,2,False,850000.0,578.0,299.0,440000.0,410000.0,93.3,1,Insufficient comps
Active,101 S Fort Lauderdale Beach Boulevard Unit#1706,Las Olas,Barrier island / beach,Condo,1905.0,2,False,1695000.0,890.0,464.0,884000.0,811000.0,91.8,140,Overpriced
Active,1524 SE 12th Street Unit#5,La Casa Del Rio,Intracoastal / canal waterfront,Condo,1208.0,2,True,945000.0,782.0,409.0,494000.0,451000.0,91.2,0,Insufficient comps
Active,551 N Fort Lauderdale Beach Blvd Unit#R204,Flb Condominium Resid Ocean Resort Residences,Barrier island / beach,Condo,1061.0,2,True,1395000.0,1315.0,690.0,732000.0,663000.0,90.6,0,Insufficient comps
Active,1205 NE 17th Ter,Progresso,Mainland inland,Single Family,1034.0,3,False,845000.0,817.0,429.0,444000.0,401000.0,90.4,199,Overpriced
Active,347 N New River Drive Unit#Ph 6,Watergarden,Intracoastal / canal waterfront,Condo,1469.0,3,True,1695000.0,1154.0,607.0,892000.0,803000.0,90.1,46,Overpriced
Active,1680 S Ocean Ln Unit#251,Oceanage,Barrier island / beach,Condo,1273.0,2,False,1695000.0,1332.0,705.0,897000.0,798000.0,88.9,17,Overpriced
Pending,151 N Seabreeze Boulevard Unit#2503-e,Selene Oceanfront,Barrier island / beach,Condo,1680.0,2,True,2599000.0,1547.0,819.0,1376000.0,1223000.0,88.9,2,Insufficient comps
Active,1922 S Ocean Lane Unit#10,Ocean Lane Villas Co Op,Barrier island / beach,Condo,940.0,2,True,975000.0,1037.0,549.0,516000.0,459000.0,88.9,0,Insufficient comps
Active,15 Port Side Dr Unit#15C,Portside Yacht Club,Intracoastal / canal waterfront,Condo,2226.0,2,True,1595000.0,717.0,380.0,846000.0,749000.0,88.7,2,Insufficient comps
Active,100 E Las Olas Blvd Unit#4203,Las Olas,Downtown high-rise,Condo,2658.0,3,False,2880000.0,1084.0,579.0,1539000.0,1341000.0,87.2,140,Overpriced
Active,151 N Seabreeze Boulevard Unit#1601-East,Selene Oceanfront Residenc Selene Oceanfront,Barrier island / beach,Condo,3122.0,4,True,4499900.0,1441.0,777.0,2426000.0,2074000.0,85.5,0,Insufficient comps
Active,153 N Seabreeze Blvd Unit#1602,Selene Oceanfront Residenc,Barrier island / beach,Condo,3240.0,3,True,4599000.0,1419.0,767.0,2485000.0,2114000.0,85.0,0,Insufficient comps
Pending,1720 NE 17th Avenue,Progresso,Mainland inland,Single Family,2380.0,3,False,1995000.0,838.0,453.0,1078000.0,917000.0,85.0,199,Overpriced
Active,920 Intracoastal Drive Unit#1402,Aquablu,Intracoastal / canal waterfront,Condo,2136.0,2,True,1975000.0,925.0,502.0,1072000.0,903000.0,84.3,7,Overpriced
Active,101 S Fort Lauderdale Beach Blvd Unit#2601,Las Olas,Barrier island / beach,Condo,4320.0,3,True,4750000.0,1100.0,597.0,2579000.0,2171000.0,84.3,140,Overpriced
Active,2000 SW 18th Ave,Osceola Park,Mainland inland,Single Family,1468.0,4,False,1950000.0,1328.0,721.0,1058000.0,892000.0,84.2,3,Insufficient comps
Active,900 Intracoastal Drive Unit#602,Sage Intracoastal,Intracoastal / canal waterfront,Condo,3191.0,4,True,3715185.0,1164.0,633.0,2020000.0,1695000.0,83.9,0,Insufficient comps
Active,2501 Del Lago Drive,Del Lago Isles,Finger-isle waterfront,Single Family,8343.0,6,True,24950000.0,2991.0,1627.0,13574000.0,11376000.0,83.8,0,Insufficient comps
Active,671 Middle River Drive,Sunrise,Intracoastal / canal waterfront,Single Family,9138.0,5,True,21900000.0,2397.0,1307.0,11943000.0,9957000.0,83.4,6,Overpriced
Active,925 NE 6th Street,Progresso,Mainland inland,Townhouse,2239.0,3,False,1325000.0,592.0,323.0,723000.0,602000.0,83.3,42,Overpriced
Active,3055 Harbor Dr Unit#2102,Harbourage Place,Finger-isle waterfront,Condo,4043.0,3,True,4495000.0,1112.0,608.0,2458000.0,2037000.0,82.9,0,Insufficient comps
Active,401 N Birch Road Unit#714,Tiffany House,Barrier island / beach,Condo,826.0,1,False,780000.0,944.0,517.0,427000.0,353000.0,82.6,4,Insufficient comps
Active,3101 Bayshore Dr Unit#803,Fort Lauderdale Residence Fort Lauderdale Residen,Barrier island / beach,Condo,724.0,1,True,659000.0,910.0,499.0,361000.0,298000.0,82.4,1,Insufficient comps
Active,2424 NE 9th St Unit#207,Colonial Manor West Apart,Mainland inland,Condo,1209.0,2,False,399999.0,331.0,182.0,220000.0,180000.0,81.9,0,Insufficient comps
Active,411 N New River Drive Unit#PH 39A,Las Olas,Intracoastal / canal waterfront,Condo,3700.0,4,True,3975000.0,1074.0,591.0,2187000.0,1788000.0,81.7,140,Overpriced
Active,2009 Admirals Way,Harbour Heights,Mainland inland,Single Family,1805.0,3,False,2425000.0,1343.0,742.0,1339000.0,1086000.0,81.0,14,Overpriced
Active,425 Bayshore Drive Unit#15,Ft Laud Surf Club Co Op,Barrier island / beach,Condo,770.0,1,False,585000.0,760.0,420.0,323000.0,262000.0,81.0,0,Insufficient comps
Active,1321 Mandarin Isle,South New River Isles,Finger-isle waterfront,Single Family,1847.0,3,True,2550000.0,1381.0,764.0,1411000.0,1139000.0,80.8,26,Overpriced
Active,101 S Fort Lauderdale Beach Boulevard Unit#1107,Las Olas,Barrier island / beach,Condo,1905.0,2,False,1599000.0,839.0,464.0,884000.0,715000.0,80.8,140,Overpriced
Active,77 S Birch Road Unit#7D,Portofino On Intracoas,Barrier island / beach,Condo,1580.0,2,True,1699000.0,1075.0,597.0,943000.0,756000.0,80.1,0,Insufficient comps
Active,1 Isla Bahia Drive,Harbor Beach,Barrier island / beach,Single Family,14000.0,6,True,35900000.0,2564.0,1425.0,19950000.0,15950000.0,79.9,30,Overpriced
Active,551 N Fort Lauderdale Beach Blvd Unit#H1715,Flb Condominium Hotel Elliott,Barrier island / beach,Condo,451.0,0,True,599000.0,1328.0,741.0,334000.0,265000.0,79.2,0,Insufficient comps
Active,918 SE 12th Street Unit#918,Rio South Townhomes,Mainland inland,Townhouse,2098.0,3,False,1289000.0,614.0,343.0,720000.0,569000.0,79.0,0,Insufficient comps
Active,1918 Intracoastal Drive,Coral Ridge,Intracoastal / canal waterfront,Single Family,6567.0,5,True,15995000.0,2436.0,1363.0,8951000.0,7044000.0,78.7,62,Overpriced
Active,87 Isle Of Venice Drive Unit#401n,Nurmi Isles,Finger-isle waterfront,Condo,2939.0,4,True,3944138.0,1342.0,752.0,2210000.0,1734000.0,78.5,0,Insufficient comps
Active,87 Isle Of Venice Drive Unit#402s,Nurmi Isles,Finger-isle waterfront,Condo,2960.0,4,True,3972320.0,1342.0,752.0,2226000.0,1746000.0,78.5,0,Insufficient comps
Active,153 N Seabreeze Unit#1901-s,Selene Oceanfront,Barrier island / beach,Condo,2315.0,2,True,3350000.0,1447.0,812.0,1880000.0,1470000.0,78.2,2,Insufficient comps
Active,2711 NE 19th Street,Coral Ridge,Mainland inland,Single Family,2166.0,4,False,2590000.0,1196.0,672.0,1456000.0,1134000.0,78.0,62,Overpriced
Active,3321 NE 16th Court,Las Olas,Mainland inland,Single Family,1896.0,3,False,2650000.0,1398.0,790.0,1498000.0,1152000.0,77.0,19,Overpriced
Active,2430 Del Lago Drive,Del Lago Isles,Finger-isle waterfront,Single Family,10428.0,7,True,24900000.0,2388.0,1356.0,14140000.0,10760000.0,76.1,0,Insufficient comps
Active,101 S Fort Lauderdale Beach Boulevard Unit#1104,Las Olas,Barrier island / beach,Condo,2380.0,3,True,2599999.0,1092.0,621.0,1478000.0,1122000.0,75.8,140,Overpriced
Active,124 Hendricks Isle Unit#Ph401,One Residences,Intracoastal / canal waterfront,Condo,4456.0,4,True,5695000.0,1278.0,732.0,3262000.0,2433000.0,74.6,1,Insufficient comps
Active,21 Isle Of Venice Drive Unit#301,Aquamar Las Olas,Intracoastal / canal waterfront,Condo,3308.0,4,True,3495000.0,1057.0,606.0,2005000.0,1490000.0,74.4,0,Insufficient comps
Active,153 N Seabreeze Boulevard Unit#1803,Selene,Barrier island / beach,Condo,1416.0,2,True,1999000.0,1412.0,811.0,1148000.0,851000.0,74.1,5,Overpriced
Active,1180 N Federal Hwy Unit#1002,Riva Residences,Intracoastal / canal waterfront,Condo,2251.0,3,True,2100000.0,933.0,536.0,1207000.0,893000.0,74.1,4,Insufficient comps
Active,100 E Las Olas Boulevard Unit#4301,Las Olas,Mainland inland,Condo,3896.0,4,False,3900000.0,1001.0,576.0,2244000.0,1656000.0,73.8,140,Overpriced
Active,153 N Seabreeze Unit#403,Selene Oceanfront Res Selene,Barrier island / beach,Condo,1420.0,2,True,2000000.0,1408.0,811.0,1152000.0,848000.0,73.6,0,Insufficient comps
Active,900 Intracoastal Drive Unit#Apt 701,Sunrise,Intracoastal / canal waterfront,Condo,2792.0,3,True,2975000.0,1066.0,614.0,1714000.0,1261000.0,73.6,0,Insufficient comps
Pending,2200 S Ocean Lane Unit#909,Point Americas Phase Ii,Barrier island / beach,Condo,1765.0,2,True,1795000.0,1017.0,586.0,1034000.0,761000.0,73.5,2,Insufficient comps
Active,2200 S Ocean Ln Unit#2205,Point Americas,Barrier island / beach,Condo,2170.0,2,True,2200000.0,1014.0,585.0,1269000.0,931000.0,73.3,28,Overpriced
Active,401 N Birch Road Unit#413,Tiffany House,Barrier island / beach,Condo,826.0,1,False,740000.0,896.0,517.0,427000.0,313000.0,73.3,4,Insufficient comps
Active,1025 NE 17th Way,Progresso,Mainland inland,Single Family,1031.0,2,False,750000.0,727.0,420.0,433000.0,317000.0,73.1,199,Overpriced
Active,1642 NE 19th Street,Poinsettia Heights,Mainland inland,Single Family,2715.0,4,False,2425000.0,893.0,516.0,1401000.0,1024000.0,73.1,39,Overpriced
Active,87 Isle Of Venice Drive Unit#302s,Nurmi Isles,Finger-isle waterfront,Condo,2939.0,4,True,3827280.0,1302.0,752.0,2210000.0,1617000.0,73.1,0,Insufficient comps
Pending,435 Bayshore Drive Unit#602,Adagio Fort Lauderdale Bea,Barrier island / beach,Condo,2795.0,3,True,3195000.0,1143.0,661.0,1847000.0,1348000.0,72.9,0,Insufficient comps
Pending,153 N Seabreeze Boulevard Unit#Unit 1105s,Selene Oceanfront,Barrier island / beach,Condo,1890.0,2,False,1997500.0,1057.0,612.0,1157000.0,840000.0,72.7,2,Insufficient comps
Active,2311 Delmar Pl,Gould Isles,Intracoastal / canal waterfront,Single Family,2178.0,3,True,3750000.0,1722.0,999.0,2176000.0,1574000.0,72.4,4,Insufficient comps
Active,41 Isle Of Venice Drive Unit#402,Aquamar Las Olas,Intracoastal / canal waterfront,Condo,2531.0,3,True,2695000.0,1065.0,619.0,1567000.0,1128000.0,72.1,0,Insufficient comps
Active,701 SW 9th Ave,New Utopia,Mainland inland,Single Family,1310.0,3,False,980000.0,748.0,435.0,570000.0,410000.0,72.0,0,Insufficient comps
Active,87 Isle Of Venice Drive Unit#301n,Nurmi Isles,Finger-isle waterfront,Condo,2939.0,4,True,3800127.0,1293.0,752.0,2210000.0,1590000.0,71.9,0,Insufficient comps
Pending,153 N Seabreeze Boulevard Unit#1403-S,Selene Oceanfront,Barrier island / beach,Condo,1416.0,2,False,1500000.0,1059.0,618.0,875000.0,625000.0,71.4,2,Insufficient comps
Active,545 S Fort Lauderdale Beach Boulevard Unit#1701,Illini,Barrier island / beach,Condo,860.0,1,True,799000.0,929.0,542.0,466000.0,333000.0,71.4,1,Insufficient comps
Active,615 Idlewyld Drive,Idlewyld,Finger-isle waterfront,Single Family,5995.0,5,True,11900000.0,1985.0,1163.0,6972000.0,4928000.0,70.7,16,Overpriced
Active,500 Hendricks Isle Unit#4N,Lumiere,Intracoastal / canal waterfront,Condo,2941.0,3,True,3740000.0,1272.0,746.0,2194000.0,1546000.0,70.5,0,Insufficient comps
Active,900 River Reach Drive Unit#518,River Reach,Mainland inland,Condo,850.0,2,False,325000.0,382.0,224.0,190000.0,135000.0,70.5,54,Overpriced
Active,3015 N Ocean Boulevard Unit#19F,Berkley South,Barrier island / beach,Condo,1328.0,2,False,695000.0,523.0,307.0,408000.0,287000.0,70.4,21,Overpriced
Active,2041 NE 30th Street,Coral Shores,Mainland inland,Single Family,1495.0,3,False,1260000.0,843.0,497.0,743000.0,517000.0,69.6,20,Overpriced
Active,1237 SW 28th St,Devonshire,Mainland inland,Single Family,695.0,2,False,485000.0,698.0,414.0,288000.0,197000.0,68.6,6,Overpriced
Active,401 N Birch Rd Unit#505,Tiffany House,Barrier island / beach,Condo,1284.0,2,False,1100000.0,857.0,509.0,654000.0,446000.0,68.4,4,Insufficient comps
Active,912 SE 12th Street Unit#912,Rio South Townhomes,Mainland inland,Townhouse,2219.0,3,False,1269000.0,572.0,340.0,754000.0,515000.0,68.2,0,Insufficient comps
Active,101 S Fort Lauderdale Beach Boulevard Unit#1501,Las Olas,Barrier island / beach,Condo,2950.0,3,True,2999900.0,1017.0,605.0,1785000.0,1215000.0,68.1,140,Overpriced
Active,113 NE 6 Unit#1111,Progresso,Mainland inland,Condo,1532.0,2,False,735000.0,480.0,286.0,438000.0,297000.0,67.8,1,Insufficient comps
Active,401 N Birch Road Unit#703,Tiffany House,Barrier island / beach,Condo,1285.0,2,False,1100000.0,856.0,511.0,657000.0,443000.0,67.5,4,Insufficient comps
Active,87 Isle Of Venice Drive Unit#202s,Nurmi Isles,Finger-isle waterfront,Condo,2960.0,4,True,3726640.0,1259.0,752.0,2226000.0,1501000.0,67.4,0,Insufficient comps
Active,87 Isle Of Venice Drive Unit#201n,Nurmi Isles,Finger-isle waterfront,Condo,2939.0,4,True,3700201.0,1259.0,752.0,2210000.0,1490000.0,67.4,0,Insufficient comps
Active,101 S Fort Lauderdale Beach Boulevard Unit#1806,Las Olas,Barrier island / beach,Condo,1905.0,2,True,1945000.0,1021.0,611.0,1164000.0,781000.0,67.1,140,Overpriced
Active,1507 SE 15th Street Unit#302,Harbors Edge,Intracoastal / canal waterfront,Condo,2372.0,3,True,2000000.0,843.0,506.0,1200000.0,800000.0,66.6,0,Insufficient comps
Active,3040 NE 16th Avenue Unit#A405,River Shores,Mainland inland,Condo,600.0,1,False,230000.0,383.0,230.0,138000.0,92000.0,66.5,15,Overpriced
Pending,1135 NE 11th Ave,Progresso,Mainland inland,Townhouse,2434.0,4,False,1550000.0,637.0,383.0,932000.0,618000.0,66.3,42,Overpriced
Active,100 E Las Olas Boulevard Unit#2802,Las Olas,Mainland inland,Condo,1404.0,2,False,1400000.0,997.0,600.0,842000.0,558000.0,66.2,140,Overpriced
Active,2125 NE 17th Ter,Middle River Manor,Intracoastal / canal waterfront,Single Family,1619.0,3,True,1650000.0,1019.0,614.0,994000.0,656000.0,66.0,18,Overpriced
Active,1050 Seminole Drive Unit#Phb,Villas Sunrise Bay Cond,Intracoastal / canal waterfront,Condo,4020.0,4,True,3195000.0,795.0,479.0,1926000.0,1269000.0,66.0,0,Insufficient comps
Active,551 N Fort Lauderdale Beach Blvd Unit#R1810,Flb Condominium Resid Conrad Fort Lauderdale,Barrier island / beach,Condo,579.0,0,True,499000.0,862.0,520.0,301000.0,198000.0,65.8,0,Insufficient comps
Active,2200 S OCEAN LN Unit#3009-10,Point Americas,Barrier island / beach,Condo,3644.0,4,True,3500000.0,960.0,580.0,2114000.0,1386000.0,65.5,28,Overpriced
Active,113 NE 6 Unit#1107,Progresso,Mainland inland,Condo,1532.0,2,False,724000.0,473.0,286.0,438000.0,286000.0,65.4,1,Insufficient comps
Active,113 NE 6 Unit#1109,Progresso,Mainland inland,Condo,1532.0,2,False,724000.0,473.0,286.0,438000.0,286000.0,65.4,1,Insufficient comps
Active,113 NE 6 Unit#1101,Progresso,Mainland inland,Condo,1557.0,2,False,736000.0,473.0,286.0,445000.0,291000.0,65.4,1,Insufficient comps
Active,113 NE 6 Unit#4619,Progresso,Mainland inland,Condo,1532.0,2,False,724000.0,473.0,286.0,438000.0,286000.0,65.4,1,Insufficient comps
Active,113 NE 6 Unit#1103,Progresso,Mainland inland,Condo,1532.0,2,False,724000.0,473.0,286.0,438000.0,286000.0,65.4,1,Insufficient comps
Active,113 NE 6 Unit#1105,Progresso,Mainland inland,Condo,1532.0,2,False,724000.0,473.0,286.0,438000.0,286000.0,65.4,1,Insufficient comps
Active,2100 S Ocean Lane Unit#1608,Point Americas,Barrier island / beach,Condo,1880.0,2,False,1349000.0,718.0,435.0,818000.0,531000.0,65.1,28,Overpriced
Active,1708 NE 16th Avenue,Poinsettia Heights,Mainland inland,Single Family,2804.0,4,False,2375000.0,847.0,514.0,1441000.0,934000.0,64.8,39,Overpriced
Active,816 Riviera Isle Drive,Riviera,Intracoastal / canal waterfront,Single Family,3775.0,4,True,9900000.0,2623.0,1593.0,6014000.0,3886000.0,64.7,8,Overpriced
Active,1110 NW 7th Avenue,Progresso,Mainland inland,Single Family,2844.0,7,False,2499999.0,879.0,534.0,1519000.0,981000.0,64.6,199,Overpriced
Active,332 NW 26th Court,Babco Heights,Mainland inland,Single Family,1404.0,3,False,895000.0,637.0,388.0,545000.0,350000.0,64.2,5,Overpriced
Active,2100 NE 24th St,Coral Point,Intracoastal / canal waterfront,Single Family,1685.0,3,True,1749000.0,1038.0,634.0,1068000.0,681000.0,63.7,15,Overpriced
Active,922 SE 12th Street Unit#922,Rio South Townhomes,Mainland inland,Townhouse,2202.0,3,False,1229000.0,558.0,341.0,751000.0,478000.0,63.6,0,Insufficient comps
Active,804 NE 7th Street,Progresso,Mainland inland,Townhouse,2772.0,4,False,1475000.0,532.0,326.0,904000.0,571000.0,63.2,42,Overpriced
Pending,2540 Mercedes Drive,Harbor Beach,Barrier island / beach,Single Family,3750.0,4,True,6800000.0,1813.0,1113.0,4174000.0,2626000.0,62.9,30,Overpriced
Active,500 Hendricks Isle Unit#4S,Lumiere,Intracoastal / canal waterfront,Condo,2811.0,3,True,3430000.0,1220.0,750.0,2108000.0,1322000.0,62.7,0,Insufficient comps
Active,1151 N Fort Lauderdale Beach Boulevard Unit#14D,Park Tower,Barrier island / beach,Condo,1700.0,2,True,1499900.0,882.0,542.0,921000.0,579000.0,62.7,2,Insufficient comps
Active,401 N Birch Road Unit#614,Tiffany House,Barrier island / beach,Condo,826.0,1,False,695000.0,841.0,517.0,427000.0,268000.0,62.7,4,Insufficient comps
Active,2670 E Sunrise Blvd Unit#623,Gallery One,Intracoastal / canal waterfront,Condo,617.0,1,True,260000.0,421.0,259.0,160000.0,100000.0,62.5,29,Overpriced
Active,1313 NE 3rd St,Stranahans,Mainland inland,Single Family,1118.0,3,False,1120000.0,1002.0,617.0,690000.0,430000.0,62.4,9,Overpriced
Active,551 N Fort Lauderdale Beach Blvd Unit#R2210,Flb Condominium Resid Conrad,Barrier island / beach,Condo,579.0,0,True,499000.0,862.0,531.0,307000.0,192000.0,62.3,0,Insufficient comps
Active,1414 SE 12th Street Unit#3c,Hemingway Landings,Intracoastal / canal waterfront,Condo,2106.0,3,True,1499000.0,712.0,439.0,925000.0,574000.0,62.2,1,Insufficient comps
Active,153 N Seabreeze Boulevard Unit#1001,Selene Oceanfront,Barrier island / beach,Condo,2395.0,3,True,2999000.0,1252.0,772.0,1849000.0,1150000.0,62.2,2,Insufficient comps
Active,516 Hendricks Isle Unit#4B,Aria,Intracoastal / canal waterfront,Condo,2104.0,2,True,1995000.0,948.0,585.0,1231000.0,764000.0,62.1,1,Insufficient comps
Active,153 N Seabreeze Boulevard Unit#2202-S,Selene Oceanfront Residen,Barrier island / beach,Condo,3240.0,4,True,5399000.0,1666.0,1028.0,3331000.0,2068000.0,62.1,10,Overpriced
Active,3015 N Ocean Blvd Unit#19H,Berkley South,Barrier island / beach,Condo,1144.0,2,False,580000.0,507.0,313.0,358000.0,222000.0,62.0,21,Overpriced
Active,1000 River Reach Drive Unit#505,River Reach,Mainland inland,Condo,1025.0,2,False,375000.0,366.0,226.0,232000.0,143000.0,61.9,54,Overpriced
Active,920 Intracoastal Drive Unit#503,Aquablu,Intracoastal / canal waterfront,Condo,3258.0,3,True,2699000.0,828.0,512.0,1668000.0,1031000.0,61.7,7,Overpriced
Active,2417 NE 18th Ave,Middle River Manor,Intracoastal / canal waterfront,Single Family,1404.0,3,True,1400000.0,997.0,617.0,866000.0,534000.0,61.6,18,Overpriced
Active,401 N Birch Rd Unit#415,Tiffany House,Barrier island / beach,Condo,1293.0,2,False,1100000.0,851.0,527.0,681000.0,419000.0,61.5,4,Insufficient comps
Active,1710 S Ocean Lane Unit#201,Lago Mar North Lodge,Barrier island / beach,Condo,1444.0,2,True,1464999.0,1015.0,629.0,908000.0,557000.0,61.4,1,Insufficient comps
Pending,1532 SE 12th Street Unit#302,Vela Vista,Intracoastal / canal waterfront,Condo,3522.0,3,True,2395000.0,680.0,422.0,1486000.0,909000.0,61.1,4,Insufficient comps
Active,113 NE 6 Unit#2123,Progresso,Mainland inland,Condo,1597.0,3,False,767000.0,480.0,298.0,476000.0,291000.0,61.1,1,Insufficient comps
Active,200 S Birch Road Unit#1205,Leisure Beach,Barrier island / beach,Condo,647.0,1,True,619000.0,957.0,594.0,384000.0,235000.0,61.1,5,Overpriced
Active,2200 S Ocean Ln Unit#2204,Point Americas Phase Point Americas,Barrier island / beach,Condo,2011.0,2,True,1699000.0,845.0,528.0,1062000.0,637000.0,60.0,1,Insufficient comps
Active,3101 Bayshore Drive Unit#501,Ft Lauderdale Residence,Barrier island / beach,Condo,733.0,1,False,599999.0,819.0,512.0,375000.0,225000.0,60.0,2,Insufficient comps
Active,1180 N FEDERAL Highway Unit#809,Riva Condominium,Mainland inland,Condo,1404.0,2,False,899000.0,640.0,400.0,562000.0,337000.0,60.0,1,Insufficient comps
Active,500 Hendricks Isle Unit#3n,Lumiere,Intracoastal / canal waterfront,Condo,2941.0,3,True,3510000.0,1193.0,746.0,2194000.0,1316000.0,59.9,0,Insufficient comps
Active,401 N Birch Road Unit#504,Tiffany House,Barrier island / beach,Condo,1285.0,2,False,1050000.0,817.0,511.0,657000.0,393000.0,59.9,4,Insufficient comps
Pending,2840 N Ocean Boulevard Unit#903,Sea Tower Apts Co Op,Barrier island / beach,Condo,769.0,1,False,519900.0,676.0,423.0,325000.0,195000.0,59.8,0,Insufficient comps
Active,525 N Fort Lauderdale Beach Boulevard Unit#2201,Four Seasons,Barrier island / beach,Condo,5766.0,4,True,14995000.0,2601.0,1631.0,9404000.0,5591000.0,59.5,17,Overpriced
Active,2701 N Atlantic Blvd,Lauderdale Beach,Barrier island / beach,Single Family,3084.0,4,False,4500000.0,1459.0,917.0,2828000.0,1672000.0,59.1,12,Overpriced
Active,525 N Fort Lauderdale Beach Boulevard Unit#1801,Four Seasons,Barrier island / beach,Condo,2634.0,3,True,6750000.0,2563.0,1612.0,4246000.0,2504000.0,59.0,17,Overpriced
Active,23 Isla Bahia Dr,Isla Bahia,Finger-isle waterfront,Single Family,9135.0,6,True,24900000.0,2726.0,1714.0,15657000.0,9243000.0,59.0,3,Insufficient comps
Active,113 NE 6 Unit#3615,Progresso,Mainland inland,Condo,1624.0,3,False,767000.0,472.0,297.0,482000.0,285000.0,58.9,1,Insufficient comps
Active,113 NE 6 Unit#2115,Progresso,Mainland inland,Condo,1624.0,3,False,767000.0,472.0,297.0,482000.0,285000.0,58.9,1,Insufficient comps
Active,113 NE 6 Unit#2125,Progresso,Mainland inland,Condo,1624.0,3,False,767000.0,472.0,297.0,482000.0,285000.0,58.9,1,Insufficient comps
Active,113 NE 6 Unit#4617,Progresso,Mainland inland,Condo,1624.0,3,False,767000.0,472.0,297.0,482000.0,285000.0,58.9,1,Insufficient comps
Active,113 NE 6 Unit#3605,Progresso,Mainland inland,Condo,1624.0,3,False,767000.0,472.0,297.0,482000.0,285000.0,58.9,1,Insufficient comps
Active,113 NE 6 Unit#4627,Progresso,Mainland inland,Condo,1624.0,3,False,767000.0,472.0,297.0,482000.0,285000.0,58.9,1,Insufficient comps
Active,1635 Seabreeze Boulevard,Harbor Beach,Barrier island / beach,Single Family,1584.0,3,False,1895000.0,1196.0,753.0,1193000.0,702000.0,58.8,30,Overpriced
Active,113 NE 6 Unit#3607,Progresso,Mainland inland,Condo,1597.0,3,False,754000.0,472.0,298.0,476000.0,278000.0,58.4,1,Insufficient comps
Active,113 NE 6 Unit#2119,Progresso,Mainland inland,Condo,1597.0,3,False,754000.0,472.0,298.0,476000.0,278000.0,58.4,1,Insufficient comps
Active,113 NE 6 Unit#46225,Progresso,Mainland inland,Condo,1597.0,3,False,754000.0,472.0,298.0,476000.0,278000.0,58.4,1,Insufficient comps
Active,113 NE 6 Unit#3611,Progresso,Mainland inland,Condo,1597.0,3,False,754000.0,472.0,298.0,476000.0,278000.0,58.4,1,Insufficient comps
Active,113 NE 6 Unit#3613,Progresso,Mainland inland,Condo,1597.0,3,False,754000.0,472.0,298.0,476000.0,278000.0,58.4,1,Insufficient comps
Active,113 NE 6 Unit#2121,Progresso,Mainland inland,Condo,1597.0,3,False,754000.0,472.0,298.0,476000.0,278000.0,58.4,1,Insufficient comps
Active,113 NE 6 Unit#4623,Progresso,Mainland inland,Condo,1597.0,3,False,754000.0,472.0,298.0,476000.0,278000.0,58.4,1,Insufficient comps
Active,113 NE 6 Unit#3609,Progresso,Mainland inland,Condo,1597.0,3,False,754000.0,472.0,298.0,476000.0,278000.0,58.4,1,Insufficient comps
Active,113 NE 6 Unit#4621,Progresso,Mainland inland,Condo,1597.0,3,False,754000.0,472.0,298.0,476000.0,278000.0,58.4,1,Insufficient comps
Active,1507 SE 15th Street Unit#202,Harbors Edge,Intracoastal / canal waterfront,Condo,2372.0,3,True,1899000.0,801.0,506.0,1200000.0,699000.0,58.3,0,Insufficient comps
Active,920 Intracoastal Drive Unit#801,Aquablu,Intracoastal / canal waterfront,Condo,3200.0,3,True,2595000.0,811.0,513.0,1642000.0,953000.0,58.1,7,Overpriced
Pending,2812 NW 12th Avenue,Jenada Isles,Mainland inland,Single Family,2155.0,4,False,1350000.0,626.0,396.0,853000.0,497000.0,58.1,6,Overpriced
Active,2500 E Las Olas Boulevard Unit#1509,Marine Tower,Mainland inland,Condo,1940.0,3,False,899000.0,463.0,293.0,568000.0,331000.0,58.0,12,Overpriced
Active,525 N Fort Lauderdale Beach Boulevard Unit#602,Four Seasons,Barrier island / beach,Condo,2034.0,2,False,4000000.0,1967.0,1247.0,2536000.0,1464000.0,57.7,17,Overpriced
Active,1524 SE 12th Street Unit#6,La Casa Del Rio Vista Cond,Intracoastal / canal waterfront,Townhouse,1597.0,2,True,1159000.0,726.0,462.0,738000.0,421000.0,57.1,0,Insufficient comps
Active,200 S Birch Road Unit#901,Leisure Beach,Barrier island / beach,Condo,756.0,2,True,679000.0,898.0,572.0,432000.0,247000.0,57.0,5,Overpriced
Active,615 Bayshore Drive Unit#402,La Cascade,Barrier island / beach,Condo,2395.0,3,True,2249000.0,939.0,598.0,1432000.0,817000.0,57.0,4,Insufficient comps
Pending,417 NE 10th Ave,Holmberg Mc Kees,Mainland inland,Single Family,2019.0,5,False,3900000.0,1932.0,1231.0,2485000.0,1415000.0,56.9,10,Overpriced
Active,100 E Las Olas Boulevard Unit#4001,Las Olas,Downtown high-rise,Condo,3626.0,4,False,3299000.0,910.0,582.0,2110000.0,1189000.0,56.4,140,Overpriced
Active,551 N Fort Lauderdale Beach Blvd Unit#R1909,Flb Condominium Resid Elliott,Barrier island / beach,Condo,567.0,1,True,612900.0,1081.0,692.0,392000.0,221000.0,56.2,1,Insufficient comps
Active,113 NE 6 Unit#2117,Progresso,Mainland inland,Condo,1624.0,3,False,754000.0,464.0,297.0,482000.0,272000.0,56.2,1,Insufficient comps
Active,1118 NE 10th Ave,Progresso,Mainland inland,Townhouse,1550.0,3,False,929000.0,599.0,384.0,595000.0,334000.0,56.0,42,Overpriced
Active,2001 N Ocean Boulevard Unit#Apt 1201,Vue,Barrier island / beach,Condo,1686.0,3,False,1295000.0,768.0,493.0,831000.0,464000.0,55.8,6,Overpriced
Active,2200 S Ocean Ln Unit#2804,Point Americas,Barrier island / beach,Condo,2011.0,2,True,1795000.0,893.0,573.0,1152000.0,643000.0,55.8,28,Overpriced
Active,2841 N Ocean Boulevard Unit#1806,Vantage View,Barrier island / beach,Condo,1100.0,2,False,660000.0,600.0,385.0,424000.0,236000.0,55.8,14,Overpriced
Active,101 S Fort Lauderdale Beach Boulevard Unit#1404,Las Olas,Barrier island / beach,Condo,2378.0,3,True,2299000.0,967.0,621.0,1477000.0,822000.0,55.7,140,Overpriced
Active,2100 S Ocean Ln Unit#412,Point Americas,Barrier island / beach,Condo,1813.0,2,True,1625000.0,896.0,576.0,1044000.0,581000.0,55.6,28,Overpriced
Active,1713 SW 5th St,Gill Isles,Finger-isle waterfront,Single Family,1532.0,4,True,1495000.0,976.0,629.0,964000.0,531000.0,55.2,14,Overpriced
Active,525 N Fort Lauderdale Beach Boulevard Unit#901,Four Seasons,Barrier island / beach,Condo,2184.0,2,True,5350000.0,2450.0,1579.0,3449000.0,1901000.0,55.2,17,Overpriced
Active,333 Las Olas Way Unit#4206,Las Olas,Downtown high-rise,Condo,8329.0,5,False,5800000.0,696.0,449.0,3740000.0,2060000.0,55.0,140,Overpriced
Active,1205 SW 4th Street,Waverly Place,Mainland inland,Single Family,1231.0,3,False,765000.0,621.0,401.0,494000.0,271000.0,54.9,7,Overpriced
Active,151 N Seabreeze Boulevard Unit#E1504,Selene,Barrier island / beach,Condo,2901.0,3,True,3699000.0,1275.0,825.0,2393000.0,1306000.0,54.5,5,Overpriced
Active,1900 S Ocean Drive Unit#905,Breakwater Towers,Barrier island / beach,Condo,805.0,1,False,349000.0,434.0,281.0,226000.0,123000.0,54.4,11,Overpriced
Active,1822 SE 9th Street,Rio Vista,Intracoastal / canal waterfront,Single Family,8600.0,7,True,20995000.0,2441.0,1581.0,13597000.0,7398000.0,54.4,89,Overpriced
Active,551 N Fort Lauderdale Beach Blvd Unit#R2201,Flb Condominium Resid Conrad Fort Lauderdale,Barrier island / beach,Condo,641.0,1,True,515000.0,803.0,520.0,333000.0,182000.0,54.4,0,Insufficient comps
Active,525 N Fort Lauderdale Beach Boulevard Unit#1605,Four Seasons,Barrier island / beach,Condo,1794.0,2,False,3400000.0,1895.0,1228.0,2203000.0,1197000.0,54.3,17,Overpriced
Pending,132 Almar Dr,Almar Estates,Mainland inland,Single Family,1272.0,3,False,875000.0,688.0,446.0,567000.0,308000.0,54.3,10,Overpriced
Active,633 4th Key Drive,Sunrise Key,Finger-isle waterfront,Single Family,3388.0,4,True,5395000.0,1592.0,1033.0,3500000.0,1895000.0,54.1,4,Insufficient comps
Active,435 Bayshore Drive Unit#302,Adagio Fort Lauderdale Bea,Barrier island / beach,Condo,2759.0,3,True,3250000.0,1178.0,766.0,2113000.0,1137000.0,53.8,0,Insufficient comps
Active,500 Hendricks Isle Unit#2N,Lumiere,Intracoastal / canal waterfront,Condo,2925.0,3,True,3350000.0,1145.0,746.0,2182000.0,1168000.0,53.5,0,Insufficient comps
Active,1901 N Ocean Boulevard Unit#16a,Shore Club,Barrier island / beach,Condo,1500.0,2,False,995000.0,663.0,433.0,650000.0,345000.0,53.1,9,Overpriced
Active,2100 S Ocean Lane Unit#1712,Point Americas,Barrier island / beach,Condo,1813.0,2,True,1595000.0,880.0,576.0,1044000.0,551000.0,52.8,28,Overpriced
Active,500 Hendricks Isle Unit#3S,Lumiere,Intracoastal / canal waterfront,Condo,2811.0,3,True,3220000.0,1145.0,750.0,2108000.0,1112000.0,52.7,0,Insufficient comps
Active,200 S Birch Road Unit#408,Leisure Beach,Barrier island / beach,Condo,756.0,2,False,499900.0,661.0,434.0,328000.0,172000.0,52.3,5,Overpriced
Active,1013 NW 12th St,Lauderdale Manors,Mainland inland,Single Family,768.0,2,False,450000.0,586.0,385.0,296000.0,154000.0,52.2,102,Overpriced
Active,153 N Seabreeze Boulevard Unit#504-s,Selene,Barrier island / beach,Condo,1707.0,2,True,2195000.0,1286.0,845.0,1442000.0,753000.0,52.2,5,Overpriced
Pending,701 N Fort Lauderdale Beach Boulevard Unit#302,Paramount Ft Lauderdale,Barrier island / beach,Condo,3202.0,4,True,3195000.0,998.0,656.0,2101000.0,1094000.0,52.1,0,Insufficient comps
Active,904 SE 12th Street,Everglade Land Sales Co,Mainland inland,Single Family,1379.0,2,False,1000000.0,725.0,477.0,658000.0,342000.0,52.0,4,Insufficient comps
Active,551 N Fort Lauderdale Beach Blvd Unit#R1904,Flb Condominium Resid Elliott,Barrier island / beach,Condo,445.0,0,True,501900.0,1128.0,743.0,331000.0,171000.0,51.8,1,Insufficient comps
Pending,3055 Harbor Drive Unit#1603,Harbourage Place,Finger-isle waterfront,Condo,3368.0,3,True,2795000.0,830.0,548.0,1846000.0,949000.0,51.5,0,Insufficient comps
Active,713 NE 17th Road,Victoria Park,Mainland inland,Single Family,943.0,2,False,740000.0,785.0,518.0,488000.0,252000.0,51.5,83,Overpriced
Active,535 N Victoria Park Road,Victoria Park,Mainland inland,Single Family,1792.0,3,False,1389000.0,775.0,512.0,918000.0,471000.0,51.4,83,Overpriced
Active,2561 Lucille Dr,Lucille Isles,Intracoastal / canal waterfront,Single Family,5299.0,5,True,8950000.0,1689.0,1116.0,5914000.0,3036000.0,51.3,1,Insufficient comps
Active,41 Isle Of Venice Drive Unit#Ph 502,Aquamar Las Olas,Intracoastal / canal waterfront,Condo,2531.0,3,True,2679999.0,1059.0,700.0,1772000.0,908000.0,51.3,0,Insufficient comps
Pending,511 SE 5 Avenue Unit#2523,Nuriver Landing,Downtown high-rise,Condo,801.0,1,False,429000.0,536.0,355.0,284000.0,145000.0,51.0,34,Overpriced
Active,401 N Birch Road Unit#916,Tiffany House,Barrier island / beach,Condo,841.0,1,False,655000.0,779.0,516.0,434000.0,221000.0,51.0,4,Insufficient comps
Active,100 E Las Olas Boulevard Unit#3804,Las Olas,Mainland inland,Condo,1867.0,3,False,1649000.0,883.0,586.0,1094000.0,555000.0,50.7,140,Overpriced
Active,341 N Birch Rd Unit#315,Fort Lauderdale Yacht Ft Lauderdale Yacht Beach,Barrier island / beach,Condo,685.0,1,True,575000.0,839.0,558.0,382000.0,193000.0,50.4,0,Insufficient comps
Active,1900 Intracoastal Drive,Coral Ridge,Intracoastal / canal waterfront,Single Family,6139.0,5,True,12495000.0,2035.0,1355.0,8318000.0,4177000.0,50.2,62,Overpriced
Active,1636 NE 15th Ave,Progresso,Mainland inland,Single Family,1080.0,3,False,650000.0,602.0,401.0,433000.0,217000.0,50.1,199,Overpriced
Active,3000 NE 21st Terrace,Coral Shores,Mainland inland,Single Family,1920.0,3,False,1400000.0,729.0,487.0,935000.0,465000.0,49.7,20,Overpriced
Active,2100 N Ocean Blvd Unit#11B,Palms Tower One,Barrier island / beach,Condo,2623.0,3,True,2285000.0,871.0,585.0,1534000.0,751000.0,48.9,1,Insufficient comps
Active,909 NE 16th Ave,Progresso,Mainland inland,Townhouse,2483.0,4,False,1399000.0,563.0,378.0,939000.0,460000.0,48.9,42,Overpriced
Active,3040 N Ocean Blvd Unit#N101,Thirty North Ocean Con Thirty Ocean,Barrier island / beach,Condo,2119.0,3,False,1900000.0,897.0,603.0,1278000.0,622000.0,48.8,0,Insufficient comps
Active,640 NE 8TH Avenue,Progresso,Mainland inland,Single Family,1784.0,4,False,1100000.0,617.0,416.0,742000.0,358000.0,48.3,199,Overpriced
Active,1736 NE 17th St,Progresso,Mainland inland,Single Family,1116.0,2,False,741000.0,664.0,448.0,500000.0,241000.0,48.2,199,Overpriced
Active,601 N Ft Lauderdale Beach Blvd Unit#903,Atlantic Hotel,Barrier island / beach,Condo,600.0,1,True,599999.0,1000.0,675.0,405000.0,195000.0,48.1,5,Overpriced
Active,704 SE 8th Street,Rio Vista,Mainland inland,Single Family,2087.0,3,False,1950000.0,934.0,632.0,1319000.0,631000.0,47.8,89,Overpriced
Active,408 NW 29th Street,Wilton Estates,Mainland inland,Single Family,1267.0,3,False,685000.0,541.0,366.0,464000.0,221000.0,47.8,7,Overpriced
Active,700 NE 14th Ave Unit#311,Progresso,Mainland inland,Townhouse,2228.0,4,False,1295000.0,581.0,393.0,876000.0,419000.0,47.8,42,Overpriced
Active,151 N Seabreeze Blv Unit#E-2501,Selene Oceanfront Residen,Barrier island / beach,Condo,3112.0,3,True,4999000.0,1606.0,1087.0,3383000.0,1616000.0,47.7,10,Overpriced
Active,636 NE 17th Ter,Victoria Park,Mainland inland,Single Family,1219.0,2,False,1150000.0,943.0,639.0,779000.0,371000.0,47.6,83,Overpriced
Active,400 Mola Avenue,Venice,Finger-isle waterfront,Single Family,6036.0,6,True,12995000.0,2153.0,1461.0,8819000.0,4176000.0,47.4,12,Overpriced
Active,163 Nurmi Drive,Nurmi Isles,Finger-isle waterfront,Single Family,4279.0,4,True,6600000.0,1542.0,1046.0,4476000.0,2124000.0,47.4,16,Overpriced
Active,2100 S Ocean Dr Unit#10E,Sky Harbour East,Finger-isle waterfront,Condo,900.0,1,True,420000.0,467.0,317.0,285000.0,135000.0,47.3,9,Overpriced
Active,153 N Seabreeze Boulevard Unit#1101 S,Selene Oceanfront,Barrier island / beach,Condo,2395.0,3,True,2799000.0,1169.0,794.0,1902000.0,897000.0,47.2,2,Insufficient comps
Active,341 N Birch Rd Unit#209,Fort Lauderdale Yacht Ft Laud Yacht Beach Club,Barrier island / beach,Condo,946.0,2,True,895000.0,946.0,644.0,609000.0,286000.0,46.9,0,Insufficient comps
Active,1170 N Federal Highway Unit#411,East Point Towers,Mainland inland,Condo,1491.0,2,False,350000.0,235.0,161.0,240000.0,110000.0,46.0,25,Overpriced
Pending,2301 Wilton Drive Unit#R305,Isles City Lofts,Mainland inland,Condo,1386.0,2,False,609950.0,440.0,302.0,419000.0,191000.0,45.7,5,Overpriced
Active,3055 Harbor Dr Unit#1202,Harbourage Place,Finger-isle waterfront,Condo,3488.0,3,True,2950000.0,846.0,581.0,2027000.0,923000.0,45.6,0,Insufficient comps
Active,70 Isla Bahia Drive,Isla Bahia,Finger-isle waterfront,Single Family,7988.0,7,True,18950000.0,2372.0,1634.0,13052000.0,5898000.0,45.2,3,Insufficient comps
Pending,1108 Tangelo Isle,South New River Isles,Finger-isle waterfront,Single Family,1080.0,3,True,1195000.0,1106.0,762.0,823000.0,372000.0,45.1,26,Overpriced
Active,1956 S Ocean Lane Unit##3,La Coquina Co Op,Barrier island / beach,Condo,1080.0,2,True,849000.0,786.0,543.0,586000.0,263000.0,44.8,0,Insufficient comps
Active,900 RIVER REACH Drive Unit#104,River Reach,Mainland inland,Condo,1025.0,2,False,335000.0,327.0,226.0,232000.0,103000.0,44.7,54,Overpriced
Active,500 Hendricks Isle Unit#PH,Lumiere,Intracoastal / canal waterfront,Condo,5914.0,4,True,6499500.0,1099.0,760.0,4495000.0,2004000.0,44.6,0,Insufficient comps
Active,1719 SE 10th Street,Rio Vista,Finger-isle waterfront,Single Family,7171.0,5,True,12495000.0,1742.0,1206.0,8648000.0,3847000.0,44.4,89,Overpriced
Active,1350 River Reach Drive Unit#115,River Reach,Mainland inland,Condo,1250.0,2,False,399000.0,319.0,221.0,276000.0,123000.0,44.3,54,Overpriced
Active,2299 NE 9th Avenue Unit#2299,Wilton Manors Belle Isles,Mainland inland,Townhouse,1880.0,3,False,989000.0,526.0,365.0,686000.0,303000.0,44.1,1,Insufficient comps
Active,1400 W Lake Dr,Lucille Isles,Intracoastal / canal waterfront,Single Family,10400.0,7,True,29900000.0,2875.0,1998.0,20779000.0,9121000.0,43.9,1,Insufficient comps
Active,2832 NE 26th St,Coral Ridge Galt,Barrier island / beach,Single Family,2722.0,3,True,3397000.0,1248.0,867.0,2360000.0,1037000.0,43.9,88,Overpriced
Active,401 N Birch Rd Unit#502,Tiffany House,Barrier island / beach,Condo,1286.0,2,True,1250000.0,972.0,676.0,869000.0,381000.0,43.8,4,Insufficient comps
Active,1736 NE 18th Street,Progresso,Mainland inland,Single Family,1284.0,3,False,849000.0,661.0,460.0,591000.0,258000.0,43.7,199,Overpriced
Active,341 N Birch Road Unit#Unit 206,Fort Lauderdale Yacht,Barrier island / beach,Condo,721.0,1,False,498900.0,692.0,482.0,348000.0,151000.0,43.6,0,Insufficient comps
Active,100 S Birch Road Unit#906,Jackson Tower Las Olas Con,Barrier island / beach,Condo,1958.0,3,False,1299000.0,663.0,462.0,905000.0,394000.0,43.5,1,Insufficient comps
Active,153 N Seabreeze Blvd Unit#401,Selene,Barrier island / beach,Condo,2395.0,2,True,2775000.0,1159.0,809.0,1938000.0,837000.0,43.3,5,Overpriced
Active,500 Hendricks Isle Unit#2S,Lumiere,Intracoastal / canal waterfront,Condo,2794.0,3,True,2999900.0,1074.0,751.0,2098000.0,902000.0,43.0,0,Insufficient comps
Active,700 NE 14th Avenue Unit#312,Progresso,Mainland inland,Townhouse,2215.0,3,False,1190000.0,537.0,376.0,833000.0,357000.0,42.8,42,Overpriced
Active,809 SW 10th Ter,Croissant Park,Mainland inland,Townhouse,2016.0,3,False,1190000.0,590.0,414.0,835000.0,355000.0,42.5,4,Insufficient comps
Active,2670 E Sunrise Boulevard Unit#1105,Gallery One,Intracoastal / canal waterfront,Condo,591.0,1,True,220000.0,372.0,261.0,154000.0,66000.0,42.5,29,Overpriced
Active,2821 N Ocean Boulevard Unit#503s,Sapphire Fort Lauderdale,Barrier island / beach,Condo,1888.0,3,False,1325000.0,702.0,493.0,931000.0,394000.0,42.4,8,Overpriced
Active,2893 NE 27th Street,Coral Ridge Galt,Barrier island / beach,Single Family,7500.0,5,True,13500000.0,1800.0,1266.0,9495000.0,4005000.0,42.2,88,Overpriced
Active,3030 N Ocean Boulevard Unit#S101,Thirty North Ocean Cond,Barrier island / beach,Condo,2373.0,3,False,1995000.0,841.0,592.0,1405000.0,590000.0,42.1,0,Insufficient comps
Pending,1819 SE 17th St Unit#1008,Port Condominium,Mainland inland,Condo,1565.0,2,False,725000.0,463.0,326.0,510000.0,215000.0,42.0,1,Insufficient comps
Active,400 NW 24th St,Mickels Nd To Wilton,Mainland inland,Single Family,2630.0,5,False,2249000.0,855.0,602.0,1583000.0,666000.0,42.0,6,Overpriced
Active,617 SW 5th Ave,Mrs Elva Truax,Mainland inland,Single Family,1174.0,2,False,789000.0,672.0,474.0,556000.0,233000.0,41.8,0,Insufficient comps
Active,326 Seven Isles Drive,Barcelona Isles,Mainland inland,Single Family,2372.0,4,False,2795000.0,1178.0,831.0,1971000.0,824000.0,41.8,3,Insufficient comps
Active,2417 SE 19th Place,Harbour Heights,Mainland inland,Single Family,2705.0,3,False,2400000.0,887.0,626.0,1693000.0,707000.0,41.7,14,Overpriced
Active,2660 NE 8th Avenue Unit#106,Grove Wilton Manors Con,Mainland inland,Condo,614.0,2,False,239900.0,391.0,276.0,169000.0,71000.0,41.7,0,Insufficient comps
Active,1180 N Federal Highway Unit#707,Riva Condominium,Mainland inland,Condo,1617.0,2,False,929900.0,575.0,406.0,657000.0,273000.0,41.6,1,Insufficient comps
Active,820 NE 17th Street,Lauderdale Park,Mainland inland,Single Family,1000.0,3,False,664000.0,664.0,469.0,469000.0,195000.0,41.6,21,Overpriced
Active,2417 NE 19th Avenue,Middle River Manor,Intracoastal / canal waterfront,Single Family,1776.0,3,True,1499000.0,844.0,597.0,1060000.0,439000.0,41.4,18,Overpriced
Active,1200 NW 19TH Avenue,Lauderdale Manors,Mainland inland,Single Family,768.0,2,False,374999.0,488.0,345.0,265000.0,110000.0,41.4,102,Overpriced
Active,3040 NE 16th Avenue Unit#A210,River Shores,Mainland inland,Condo,600.0,1,False,195000.0,325.0,230.0,138000.0,57000.0,41.3,15,Overpriced
Pending,313 NE 2nd Street Unit#602,Nola Lofts Condominium,Downtown high-rise,Condo,755.0,1,False,374900.0,497.0,352.0,266000.0,109000.0,41.2,0,Insufficient comps
Active,1160 N Federal Highway Unit#221,East Point Towers,Intracoastal / canal waterfront,Condo,1344.0,2,True,415000.0,309.0,219.0,294000.0,121000.0,41.1,25,Overpriced
Pending,333 Las Olas Way Unit#2906,Las Olas,Downtown high-rise,Condo,1869.0,2,False,1250000.0,669.0,475.0,888000.0,362000.0,40.8,140,Overpriced
Active,942 NW 12th Street,Lauderdale Manors,Mainland inland,Single Family,720.0,2,False,349900.0,486.0,346.0,249000.0,101000.0,40.5,102,Overpriced
Active,2701 NE 30th St,Coral Ridge Galt,Barrier island / beach,Single Family,2330.0,4,False,2099999.0,901.0,642.0,1496000.0,604000.0,40.3,88,Overpriced
Active,606 NE 14th Ave,Progresso,Mainland inland,Townhouse,3386.0,3,False,1449000.0,428.0,305.0,1033000.0,416000.0,40.3,42,Overpriced
Pending,545 S Fort Lauderdale Beach Unit#701-702,Illini,Barrier island / beach,Condo,2150.0,3,True,1695000.0,788.0,562.0,1208000.0,487000.0,40.2,1,Insufficient comps
Active,40 Isle Of Venice Drive Unit#9,Isles House East,Intracoastal / canal waterfront,Condo,840.0,2,True,619000.0,737.0,526.0,442000.0,177000.0,40.1,1,Insufficient comps
Pending,829 Coconut Drive,Almeda,Intracoastal / canal waterfront,Single Family,3100.0,3,True,2899000.0,935.0,668.0,2071000.0,828000.0,40.0,2,Insufficient comps
Pending,2636 NE 9th Avenue Unit#6,Highland Estates,Mainland inland,Townhouse,1944.0,3,False,990000.0,509.0,364.0,708000.0,282000.0,39.8,1,Insufficient comps
Active,601 SE 5th Court Unit#108,Riverview South,Mainland inland,Condo,620.0,2,False,255000.0,411.0,294.0,182000.0,73000.0,39.8,3,Insufficient comps
Active,2820 SW 17th Avenue,Reserve Edgewood,Mainland inland,Townhouse,1377.0,3,False,575000.0,418.0,299.0,412000.0,163000.0,39.8,2,Insufficient comps
Active,100 S Birch Road Unit#1701a,Jackson Tower Las Olas Con,Barrier island / beach,Condo,1998.0,3,True,1695000.0,848.0,608.0,1215000.0,480000.0,39.5,1,Insufficient comps
Active,1460 NE 18th Street Unit#104,Poinsettia Landings,Mainland inland,Condo,725.0,2,False,279000.0,385.0,276.0,200000.0,79000.0,39.5,2,Insufficient comps
Active,3101 Bayshore Dr Unit#1205,Fort Lauderdale Residence,Intracoastal / canal waterfront,Condo,1176.0,2,True,849000.0,722.0,518.0,609000.0,240000.0,39.4,2,Insufficient comps
Active,1340 NW 4th Ave,Progresso,Mainland inland,Single Family,1063.0,3,False,587000.0,552.0,396.0,421000.0,166000.0,39.4,199,Overpriced
Active,160 Isle Of Venice Dr Unit#PH2,Isles Venice Marina Bay,Finger-isle waterfront,Condo,2918.0,3,True,2999000.0,1028.0,739.0,2156000.0,843000.0,39.1,0,Insufficient comps
Pending,733 NW 15th Ter,Carver Park,Mainland inland,Single Family,750.0,2,False,349999.0,467.0,336.0,252000.0,98000.0,39.0,7,Overpriced
Active,3000 E Sunrise Blvd Unit#14C,Carlton Tower,Barrier island / beach,Condo,1202.0,2,False,724999.0,603.0,434.0,522000.0,203000.0,38.9,7,Overpriced
Active,160 Isle Of Venice Drive Unit#302,Marina Bay,Intracoastal / canal waterfront,Condo,2918.0,3,True,2995000.0,1026.0,739.0,2156000.0,839000.0,38.8,1,Insufficient comps
Pending,100 E Las Olas Boulevard Unit#3004,Las Olas,Mainland inland,Condo,1867.0,2,False,1549000.0,830.0,598.0,1116000.0,433000.0,38.8,140,Overpriced
Active,325 Poinciana Drive,Idlewyld,Finger-isle waterfront,Single Family,2453.0,3,True,3495000.0,1425.0,1028.0,2522000.0,973000.0,38.6,16,Overpriced
Active,1617 SW 17th Ave,Bossert Isles,Finger-isle waterfront,Single Family,2500.0,5,True,2200000.0,880.0,635.0,1588000.0,612000.0,38.6,0,Insufficient comps
Pending,2200 S Ocean Ln Unit#2103,Point Americas Ii Point Americas,Barrier island / beach,Condo,1258.0,2,True,975000.0,775.0,560.0,704000.0,271000.0,38.4,0,Insufficient comps
Active,400 NW 30th Ct,Boulevard Estates Amen,Intracoastal / canal waterfront,Single Family,1583.0,4,True,999000.0,631.0,456.0,722000.0,277000.0,38.4,2,Insufficient comps
Active,741 Bayshore Drive Unit#32n,Holiday Isles Yacht Club Co,Finger-isle waterfront,Condo,563.0,1,True,439000.0,780.0,564.0,318000.0,121000.0,38.3,1,Insufficient comps
Pending,1901 N Ocean Boulevard Unit#9e,Shore Club,Barrier island / beach,Condo,1500.0,2,False,899000.0,599.0,433.0,650000.0,249000.0,38.3,9,Overpriced
Pending,617 SW 9TH Street,Pinewood Place,Mainland inland,Single Family,998.0,2,False,595000.0,596.0,431.0,430000.0,165000.0,38.3,0,Insufficient comps
Pending,1618 NE 5th Street,Middle River Park,Mainland inland,Townhouse,1339.0,2,False,775000.0,579.0,419.0,561000.0,214000.0,38.2,0,Insufficient comps
Active,417 SW 13th Ter Unit#417,Village Sailboat Bend,Mainland inland,Condo,762.0,1,False,285000.0,374.0,271.0,207000.0,78000.0,38.0,16,Overpriced
Active,2308 SE 18 St,Harbour Heights,Mainland inland,Single Family,1658.0,3,False,1575000.0,950.0,689.0,1142000.0,433000.0,37.9,14,Overpriced
Active,1301 Mandarin Isle,South New River Isles,Finger-isle waterfront,Single Family,1080.0,2,True,1149000.0,1064.0,772.0,834000.0,315000.0,37.8,26,Overpriced
Active,1904 SE 1st Avenue,Croissant Park,Mainland inland,Single Family,1067.0,2,False,619000.0,580.0,421.0,449000.0,170000.0,37.8,30,Overpriced
Active,2720 NE 15th Street Unit#303,Rio Villas Coral Ridge,Intracoastal / canal waterfront,Condo,1618.0,2,True,1085000.0,671.0,487.0,788000.0,297000.0,37.8,1,Insufficient comps
Active,551 N Fort Lauderdale Beach Blvd Unit#H1705,Flb Condominium Hotel Ocean Resort Residences,Barrier island / beach,Condo,1113.0,2,True,1019000.0,916.0,665.0,740000.0,279000.0,37.7,2,Insufficient comps
Active,506 Victoria Terrace,Victoria Park,Intracoastal / canal waterfront,Single Family,5086.0,7,True,4995000.0,982.0,714.0,3631000.0,1364000.0,37.5,83,Overpriced
Active,505 N Fort Lauderdale Bch Boulevard Unit#1702,Club Resort Residence,Barrier island / beach,Condo,1308.0,2,True,615000.0,470.0,342.0,447000.0,168000.0,37.4,22,Overpriced
Active,2870 NE 24th Place,Coral Ridge Galt,Barrier island / beach,Single Family,5003.0,5,True,7250000.0,1449.0,1055.0,5278000.0,1972000.0,37.3,88,Overpriced
Pending,1122 NE 10th Ave Unit#A,Progresso,Mainland inland,Townhouse,2814.0,4,False,1495000.0,531.0,387.0,1089000.0,406000.0,37.2,42,Overpriced
Pending,551 N Fort Lauderdale Beach Boulevard Unit#H1115,Ocean Resort,Barrier island / beach,Condo,451.0,0,True,449000.0,996.0,726.0,327000.0,122000.0,37.2,2,Insufficient comps
Active,657 NW 30th Court,Boulevard Estates Amen,Mainland inland,Single Family,1414.0,3,False,749000.0,530.0,387.0,547000.0,202000.0,37.0,2,Insufficient comps
Active,1813 SW 10th Court,Riverside Park,Mainland inland,Single Family,1066.0,3,False,649000.0,609.0,445.0,474000.0,175000.0,36.9,11,Overpriced
Active,2200 S Ocean Ln Unit#1405,Point America Point Americas,Barrier island / beach,Condo,2170.0,2,True,1595000.0,735.0,537.0,1165000.0,430000.0,36.9,0,Insufficient comps
Active,2821 N Ocean Blvd Unit#508S,Sapphire Fort Lauderdale,Barrier island / beach,Condo,1500.0,2,False,995000.0,663.0,485.0,728000.0,267000.0,36.7,8,Overpriced
Active,551 N Fort Lauderdale Beach Blvd Unit#H1401,Flb Condominium Hotel Elliott,Barrier island / beach,Condo,641.0,1,True,615900.0,961.0,703.0,451000.0,165000.0,36.7,0,Insufficient comps
Active,1350 River Reach Dr Unit#314,River Reach,Mainland inland,Condo,900.0,1,False,279000.0,310.0,227.0,204000.0,75000.0,36.6,54,Overpriced
Active,708 SW 19th St,Pinehurst Pl Porti,Mainland inland,Single Family,1343.0,3,False,850000.0,633.0,464.0,623000.0,227000.0,36.4,0,Insufficient comps
Active,715 Bayshore Drive Unit#902,La Rive,Barrier island / beach,Condo,3417.0,3,True,2850000.0,834.0,612.0,2091000.0,759000.0,36.3,5,Overpriced
Active,901 NE 16th Pl,Lauderdale Park,Mainland inland,Single Family,992.0,2,False,600000.0,605.0,444.0,440000.0,160000.0,36.3,21,Overpriced
Active,449 Bontona Avenue,Venice,Finger-isle waterfront,Single Family,2440.0,3,True,3100000.0,1270.0,933.0,2277000.0,823000.0,36.1,12,Overpriced
Active,2110 N Ocean Blvd Unit#21B,Palms,Barrier island / beach,Condo,2623.0,3,True,2095000.0,799.0,587.0,1540000.0,555000.0,36.1,6,Overpriced
Active,525 N Fort Lauderdale Beach Boulevard Unit#1903,Four Seasons,Barrier island / beach,Condo,2083.0,2,True,4500000.0,2160.0,1588.0,3308000.0,1192000.0,36.0,17,Overpriced
Active,424 NE 28th Dr,Tropical Manors,Mainland inland,Single Family,1074.0,2,False,843000.0,785.0,578.0,621000.0,222000.0,35.8,17,Overpriced
Active,1301 River Reach Drive Unit#201,River Reach,Intracoastal / canal waterfront,Condo,900.0,1,True,369000.0,410.0,302.0,272000.0,97000.0,35.8,54,Overpriced
Active,720 Isle Of Palms Drive,Las Olas Isles,Finger-isle waterfront,Single Family,8206.0,6,True,9500000.0,1158.0,854.0,7008000.0,2492000.0,35.6,10,Overpriced
Active,1160 N Federal Highway Unit#1022,East Point Towers,Intracoastal / canal waterfront,Condo,1344.0,2,True,399500.0,297.0,219.0,294000.0,106000.0,35.6,25,Overpriced
Active,1032 SE 13th Terrace,Rio Vista,Mainland inland,Single Family,2320.0,4,False,2375000.0,1024.0,755.0,1752000.0,623000.0,35.6,89,Overpriced
Active,1160 N Federal Highway Unit#1118,East Point Towers,Intracoastal / canal waterfront,Condo,1211.0,1,True,360000.0,297.0,219.0,265000.0,95000.0,35.6,25,Overpriced
Active,1657 Lauderdale Manor Drive,Lauderdale Manors,Mainland inland,Single Family,814.0,2,False,399900.0,491.0,362.0,295000.0,105000.0,35.6,102,Overpriced
Active,141 NE 30th St,Almar Estates,Mainland inland,Single Family,1214.0,3,False,749999.0,618.0,456.0,554000.0,196000.0,35.5,10,Overpriced
Active,1218 NW 15th St,Lauderdale Villas,Mainland inland,Single Family,1116.0,3,False,459900.0,412.0,304.0,339000.0,121000.0,35.5,20,Overpriced
Pending,1122 NE 10th Ave Unit#B,Progresso,Mainland inland,Townhouse,2814.0,4,False,1475000.0,524.0,387.0,1089000.0,386000.0,35.4,42,Overpriced
Active,525 N Fort Lauderdale Beach Boulevard Unit#1505,Four Seasons,Barrier island / beach,Condo,1597.0,2,True,3895000.0,2439.0,1801.0,2876000.0,1019000.0,35.4,17,Overpriced
Active,2010 Intracoastal Dr,Coral Ridge,Intracoastal / canal waterfront,Single Family,4991.0,5,True,9799000.0,1963.0,1451.0,7242000.0,2557000.0,35.3,62,Overpriced
Active,2200 S Ocean Ln Unit#2903,Point Americas Ii Point Americas,Barrier island / beach,Condo,1258.0,2,True,950000.0,755.0,558.0,702000.0,248000.0,35.3,0,Insufficient comps
Active,150 NE 15th Ave Unit#235,Pine Crest Village Ii,Mainland inland,Condo,625.0,1,False,290900.0,465.0,344.0,215000.0,76000.0,35.2,0,Insufficient comps
Active,2660 NE 8th Avenue Unit#302,Grove Wilton Manors Con,Mainland inland,Condo,616.0,2,False,229900.0,373.0,276.0,170000.0,60000.0,35.1,0,Insufficient comps
Pending,2660 NE 8th Avenue Unit#307,Grove Wilton Manor,Mainland inland,Condo,614.0,2,False,229000.0,373.0,276.0,169000.0,60000.0,35.1,6,Overpriced
Active,3101 Bayshore Drive Unit#2105,Fort Lauderdale Residences,Barrier island / beach,Condo,1283.0,2,True,1250000.0,974.0,721.0,925000.0,325000.0,35.1,1,Insufficient comps
Pending,1325 Guava Isle,South New River Isles,Finger-isle waterfront,Single Family,1360.0,2,True,1175000.0,864.0,640.0,870000.0,305000.0,35.0,26,Overpriced
Active,513 NW 30th St,March Estates Amen,Intracoastal / canal waterfront,Single Family,1325.0,3,True,919900.0,694.0,514.0,681000.0,239000.0,35.0,4,Insufficient comps
Active,1001 SE 10th Street,Rio Vista,Mainland inland,Single Family,2518.0,4,False,2295000.0,911.0,675.0,1700000.0,595000.0,35.0,89,Overpriced
Active,401 N Birch Road Unit#Th3,Tiffany House,Barrier island / beach,Condo,1631.0,2,False,1200000.0,736.0,545.0,889000.0,311000.0,35.0,4,Insufficient comps
Active,648 NW 30th Court,Boulevard Estates Amen,Intracoastal / canal waterfront,Single Family,1169.0,2,True,775000.0,663.0,492.0,575000.0,200000.0,34.8,2,Insufficient comps
Active,628 SW 14th Terrace,Riverside,Mainland inland,Single Family,1000.0,2,False,659000.0,659.0,489.0,489000.0,170000.0,34.8,10,Overpriced
Active,2011 N Ocean Boulevard Unit#1406N,Vue,Barrier island / beach,Condo,1268.0,2,False,833900.0,658.0,489.0,620000.0,214000.0,34.6,6,Overpriced
Active,19 Hendricks Isle,Reflections Las Olas,Intracoastal / canal waterfront,Townhouse,2420.0,3,True,2299999.0,950.0,706.0,1709000.0,591000.0,34.6,1,Insufficient comps
Active,1160 N Federal Highway Unit#215,East Point Towers,Intracoastal / canal waterfront,Condo,896.0,1,True,264900.0,296.0,220.0,197000.0,68000.0,34.5,25,Overpriced
Active,525 N Fort Lauderdale Beach Boulevard Unit#1101,Four Seasons,Barrier island / beach,Condo,2189.0,2,True,4650000.0,2124.0,1579.0,3456000.0,1194000.0,34.5,17,Overpriced
Active,2200 NE 33rd Avenue Unit#11G,White Egret,Barrier island / beach,Condo,1103.0,2,False,439000.0,398.0,296.0,326000.0,113000.0,34.5,14,Overpriced
Active,648 NE 16th Terrace,Victoria Park,Mainland inland,Single Family,1428.0,3,False,1100000.0,770.0,573.0,818000.0,282000.0,34.4,83,Overpriced
Active,2660 NE 8th Avenue Unit#Unit 219,Grove,Mainland inland,Condo,607.0,2,False,225000.0,371.0,276.0,168000.0,57000.0,34.4,3,Insufficient comps
Active,505 N Fort Lauderdale Beach Blvd Unit#2201,Club Resort Residence,Barrier island / beach,Condo,1308.0,2,True,600000.0,459.0,342.0,447000.0,153000.0,34.2,22,Overpriced
Active,1180 N Federal Highway Unit#1203,Riva Residences,Intracoastal / canal waterfront,Condo,1738.0,2,True,1195000.0,688.0,513.0,892000.0,303000.0,34.1,4,Insufficient comps
Active,1236 NE 13th Avenue,Progresso,Mainland inland,Single Family,1067.0,3,False,609000.0,571.0,426.0,455000.0,154000.0,34.0,199,Overpriced
Active,2670 E Sunrise Blvd Unit#315,Gallery One,Mainland inland,Condo,586.0,1,False,155000.0,265.0,198.0,116000.0,39000.0,33.8,29,Overpriced
Active,700 NE 14th Avenue Unit#208,Progresso,Mainland inland,Townhouse,2231.0,4,False,1174000.0,526.0,393.0,877000.0,297000.0,33.8,42,Overpriced
Active,411 N New River Dr Drive Unit#3605,Las Olas,Intracoastal / canal waterfront,Condo,1630.0,2,True,1350000.0,828.0,619.0,1009000.0,341000.0,33.8,140,Overpriced
Active,2670 E Sunrise Boulevard Unit#826,Gallery One,Intracoastal / canal waterfront,Condo,379.0,1,True,140000.0,369.0,276.0,105000.0,35000.0,33.7,29,Overpriced
Active,101 S Fort Lauderdale Beach Boulevard Unit#1502,Las Olas,Barrier island / beach,Condo,2380.0,3,True,1975000.0,830.0,621.0,1478000.0,497000.0,33.7,140,Overpriced
Active,2824 NW 6th Avenue,Wilton Estates,Mainland inland,Single Family,1356.0,3,False,699000.0,515.0,386.0,523000.0,176000.0,33.4,7,Overpriced
Active,1423 Holly Heights Dr Unit#11,Cascade Holly Heights Cascades,Mainland inland,Condo,745.0,2,False,285000.0,383.0,287.0,214000.0,71000.0,33.4,0,Insufficient comps
Active,1617 NE 3rd Ct,Victoria Park,Mainland inland,Single Family,1628.0,3,False,1119000.0,687.0,515.0,838000.0,281000.0,33.4,83,Overpriced
Active,151 N Seabreeze Boulevard Unit#903,Selene Oceanfront,Barrier island / beach,Condo,1680.0,3,True,1799000.0,1071.0,804.0,1351000.0,448000.0,33.2,2,Insufficient comps
Active,1800 S Ocean Drive Unit#404,Townhouses Harbor Beach,Barrier island / beach,Condo,1790.0,2,True,1349000.0,754.0,566.0,1013000.0,336000.0,33.2,0,Insufficient comps
Active,340 Sunset Drive Unit#505,Essex Tower,Mainland inland,Condo,1218.0,2,False,619900.0,509.0,382.0,465000.0,155000.0,33.2,16,Overpriced
Pending,1425 Middle River Drive,Coral Ridge,Intracoastal / canal waterfront,Single Family,3425.0,4,True,4475000.0,1307.0,982.0,3363000.0,1112000.0,33.1,62,Overpriced
Active,733 NE 4th Avenue Unit#733,Bamboo Flats,Downtown high-rise,Townhouse,2000.0,3,False,1095000.0,548.0,412.0,824000.0,271000.0,33.0,3,Insufficient comps
Active,3040 NE 16th Ave Unit#216,River Shores Rivers Shore,Mainland inland,Condo,600.0,1,False,220000.0,367.0,276.0,166000.0,54000.0,33.0,0,Insufficient comps
Active,2200 S Ocean Lane Unit#205,Point Americas Phase Ii,Barrier island / beach,Condo,2170.0,2,True,1549000.0,714.0,537.0,1165000.0,384000.0,33.0,2,Insufficient comps
Active,1160 N Federal Highway Unit#517,East Point Towers,Intracoastal / canal waterfront,Condo,1005.0,1,True,299000.0,298.0,224.0,225000.0,74000.0,33.0,25,Overpriced
Active,2130 NE 15th St,Lauder Gate Isles,Finger-isle waterfront,Single Family,3150.0,4,True,3499000.0,1111.0,836.0,2633000.0,866000.0,32.9,4,Insufficient comps
Active,1349 Middle River Dr,Beach Way Heights,Barrier island / beach,Single Family,4711.0,5,True,5500000.0,1167.0,878.0,4136000.0,1364000.0,32.9,8,Overpriced
Active,333 Las Olas Way Unit#1207,Las Olas,Intracoastal / canal waterfront,Condo,1522.0,2,True,1295000.0,851.0,642.0,977000.0,318000.0,32.6,140,Overpriced
Active,2900 NE 30th St Unit#F2,Lauderdale Tower,Mainland inland,Condo,730.0,1,False,313500.0,429.0,324.0,237000.0,76000.0,32.4,12,Overpriced
Active,333 Las Olas Way Unit#2409,Las Olas,Intracoastal / canal waterfront,Condo,2141.0,2,True,1750000.0,817.0,617.0,1321000.0,429000.0,32.4,140,Overpriced
Active,900 River Reach Drive Unit#517,River Reach,Mainland inland,Condo,650.0,0,False,199900.0,308.0,233.0,151000.0,49000.0,32.2,54,Overpriced
Active,45 Hendricks Isle Unit#403,Hendricks,Finger-isle waterfront,Condo,2100.0,3,True,1699000.0,809.0,612.0,1285000.0,414000.0,32.2,1,Insufficient comps
Active,100 E Las Olas Boulevard Unit#2404,Las Olas,Downtown high-rise,Condo,1867.0,2,False,1475000.0,790.0,598.0,1116000.0,359000.0,32.1,140,Overpriced
Active,1508 NE 30th Court,Coral Brook,Intracoastal / canal waterfront,Single Family,1832.0,3,True,1699000.0,927.0,702.0,1286000.0,413000.0,32.1,2,Insufficient comps
Active,340 Sunset Dr Unit#1810,Essex Tower,Mainland inland,Condo,1610.0,3,False,769000.0,478.0,362.0,583000.0,186000.0,32.0,16,Overpriced
Active,316 SW 21 Street,Lauderdale,Mainland inland,Single Family,1032.0,3,False,654900.0,635.0,481.0,496000.0,159000.0,32.0,41,Overpriced
Pending,2525 Barcelona Drive,Sea Isles,Finger-isle waterfront,Single Family,3124.0,4,True,4490000.0,1437.0,1089.0,3402000.0,1088000.0,32.0,4,Insufficient comps
Active,1901 N Andrews Ave Unit#100,Woods Condominium,Mainland inland,Condo,685.0,1,False,190000.0,277.0,210.0,144000.0,46000.0,31.9,2,Insufficient comps
Active,200 S Birch Road Unit#906,Leisure Beach,Barrier island / beach,Condo,647.0,1,False,385000.0,595.0,451.0,292000.0,93000.0,31.9,5,Overpriced
Active,729 NE 17th Terrace,Victoria Park,Mainland inland,Single Family,2126.0,4,False,1699000.0,799.0,606.0,1288000.0,411000.0,31.8,83,Overpriced
Active,8 Portside Drive Unit#8a,Portside Yacht Club,Intracoastal / canal waterfront,Townhouse,2813.0,3,True,1669000.0,593.0,450.0,1266000.0,403000.0,31.8,3,Insufficient comps
Active,347 N New River Dr E Unit#1904,Watergarden,Intracoastal / canal waterfront,Condo,1469.0,3,True,1175000.0,800.0,607.0,892000.0,283000.0,31.8,46,Overpriced
Active,2660 NE 8th Avenue Unit#211,Grove,Mainland inland,Condo,616.0,2,False,245000.0,398.0,302.0,186000.0,59000.0,31.8,3,Insufficient comps
Active,313 NE 2nd Street Unit#901,Nola Lofts Condominium,Downtown high-rise,Condo,804.0,1,False,369900.0,460.0,349.0,281000.0,89000.0,31.8,0,Insufficient comps
Active,1123 NE 12th Avenue Unit#A,Progresso,Mainland inland,Townhouse,2316.0,3,False,1299999.0,561.0,426.0,987000.0,313000.0,31.7,42,Overpriced
Active,630 Tennis Club Dr Unit#107,Tennis Club Outerbridge,Mainland inland,Condo,960.0,2,False,245000.0,255.0,194.0,186000.0,59000.0,31.4,1,Insufficient comps
Active,2831 N Ocean Blvd Unit#207N,Sapphire Fort Lauderdale Sapphire,Barrier island / beach,Condo,1468.0,2,False,940000.0,640.0,487.0,715000.0,225000.0,31.4,2,Insufficient comps
Active,1125 NE 10th Ave,Lake Ridge,Mainland inland,Single Family,927.0,2,False,614000.0,662.0,504.0,467000.0,147000.0,31.3,14,Overpriced
Active,24 Fiesta Way,Nurmi Isles,Finger-isle waterfront,Single Family,6479.0,6,True,12388000.0,1912.0,1457.0,9440000.0,2948000.0,31.2,16,Overpriced
Active,2513 NW 8th Avenue,Babco Park,Mainland inland,Single Family,1248.0,3,False,589000.0,472.0,360.0,449000.0,140000.0,31.1,8,Overpriced
Active,2866 NE 30th Street Unit#9,Lafayette Arms Co Op,Intracoastal / canal waterfront,Condo,931.0,2,True,609000.0,654.0,499.0,465000.0,144000.0,31.1,0,Insufficient comps
Active,601 N Ft Lauderdale Bch Boulevard Unit#1116,Atlantic Hotel,Barrier island / beach,Condo,465.0,1,True,425000.0,914.0,697.0,324000.0,101000.0,31.1,5,Overpriced
Active,533 NE 3rd Avenue Unit#512,Sole Fort Lauderdale Co,Downtown high-rise,Condo,760.0,1,False,349900.0,460.0,351.0,267000.0,83000.0,31.1,2,Insufficient comps
Active,1608 SW 28th St,Reserve Edgewood,Mainland inland,Townhouse,1377.0,3,False,540000.0,392.0,299.0,412000.0,128000.0,31.1,2,Insufficient comps
Active,3050 NE 5th Ter Unit#13,Windsor Court Condominium Windsor Court,Mainland inland,Condo,788.0,2,False,209999.0,266.0,203.0,160000.0,50000.0,31.0,0,Insufficient comps
Active,2421 NE 12th Street,Beach Way Heights,Barrier island / beach,Single Family,4670.0,6,False,3999999.0,857.0,654.0,3054000.0,946000.0,31.0,8,Overpriced
Active,712 NW 17th Avenue,Lincoln Park First,Mainland inland,Single Family,600.0,2,False,278990.0,465.0,355.0,213000.0,66000.0,31.0,4,Insufficient comps
Active,2611 SE 21 Street,Breakwater,Mainland inland,Single Family,1769.0,2,False,1695000.0,958.0,732.0,1295000.0,400000.0,30.9,5,Overpriced
Active,607 Intracoastal Drive,Sunrise Intracoastal,Mainland inland,Single Family,3920.0,4,False,3500000.0,893.0,682.0,2673000.0,827000.0,30.9,6,Overpriced
Active,1436 NW 19th Street,Lauderdale Villas,Mainland inland,Single Family,1350.0,4,False,549000.0,407.0,311.0,420000.0,129000.0,30.9,20,Overpriced
Pending,2800 NE 29th Street,Coral Ridge Galt,Barrier island / beach,Single Family,1708.0,3,True,1875000.0,1098.0,839.0,1433000.0,442000.0,30.9,88,Overpriced
Active,80 NE 26th Street,Petite,Mainland inland,Single Family,1022.0,2,False,680000.0,665.0,508.0,519000.0,161000.0,30.9,8,Overpriced
Active,1525 NE 15TH Avenue,Allenwood,Mainland inland,Townhouse,2775.0,3,False,1729000.0,623.0,476.0,1321000.0,408000.0,30.9,0,Insufficient comps
Active,1527 NE 15TH Avenue,Allenwood,Mainland inland,Townhouse,2775.0,3,False,1729000.0,623.0,476.0,1321000.0,408000.0,30.9,0,Insufficient comps
Active,411 N New River Dr Drive Unit#1703,Las Olas,Downtown high-rise,Condo,2110.0,2,False,1295000.0,614.0,469.0,990000.0,305000.0,30.9,140,Overpriced
Active,1401 NE 17th Way,Progresso,Mainland inland,Single Family,1532.0,3,False,819000.0,535.0,409.0,627000.0,192000.0,30.8,199,Overpriced
Pending,1621 E Broward Boulevard,Victoria Park,Mainland inland,Townhouse,3227.0,4,False,2245000.0,696.0,532.0,1717000.0,528000.0,30.8,52,Overpriced
Active,1301 River Reach Drive Unit#306,River Reach,Intracoastal / canal waterfront,Condo,900.0,2,True,360000.0,400.0,306.0,275000.0,85000.0,30.7,54,Overpriced
Active,717 Solar Isle Drive,Las Olas Isles,Finger-isle waterfront,Single Family,4125.0,4,True,4395000.0,1065.0,815.0,3362000.0,1033000.0,30.7,10,Overpriced
Active,629 SW 12th Avenue,Riverside Amen,Mainland inland,Townhouse,2073.0,3,False,895000.0,432.0,331.0,686000.0,209000.0,30.5,0,Insufficient comps
Active,3101 Bayshore Dr Unit#805,Fort Lauderdale Residence Fort Lauderdale Residen,Barrier island / beach,Condo,1176.0,2,True,1020000.0,867.0,665.0,782000.0,238000.0,30.4,1,Insufficient comps
Active,2249 Lazy Lane,Lazy Lake,Intracoastal / canal waterfront,Single Family,4857.0,3,True,4500000.0,926.0,710.0,3448000.0,1052000.0,30.4,2,Insufficient comps
Active,203 SW 10th Street,Lauderdale,Mainland inland,Townhouse,2560.0,3,False,1595000.0,623.0,478.0,1224000.0,371000.0,30.3,6,Overpriced
Active,1115 NE 14th Ave,Progresso,Mainland inland,Townhouse,2262.0,3,False,885000.0,391.0,300.0,679000.0,206000.0,30.3,42,Overpriced
Active,1015 B NE 3rd Street,Victoria Park,Mainland inland,Townhouse,3276.0,4,False,2200000.0,672.0,516.0,1690000.0,510000.0,30.2,52,Overpriced
Active,1308 NW 13th Ct,Lauderdale Manors,Mainland inland,Single Family,929.0,3,False,424900.0,457.0,351.0,326000.0,99000.0,30.2,102,Overpriced
Active,805 NE 17th Avenue Unit#4,Artist Colony,Mainland inland,Condo,616.0,1,False,264900.0,430.0,331.0,204000.0,61000.0,29.9,0,Insufficient comps
Active,201 NE 16th Ct,Placido Place,Mainland inland,Single Family,1080.0,2,False,759000.0,703.0,541.0,584000.0,175000.0,29.9,4,Insufficient comps
Active,2100 N Ocean Blvd Unit#12D,Palms Tower One,Barrier island / beach,Condo,2172.0,3,True,1690000.0,778.0,599.0,1301000.0,389000.0,29.9,1,Insufficient comps
Active,805 NE 17th Avenue Unit#3,Artist Colony,Mainland inland,Condo,616.0,1,False,264900.0,430.0,331.0,204000.0,61000.0,29.9,0,Insufficient comps
Active,741 Bayshore Drive Unit#2s,Holiday Isles Yacht Club Co,Finger-isle waterfront,Condo,712.0,1,True,520000.0,730.0,563.0,401000.0,119000.0,29.7,1,Insufficient comps
Active,1900 NE 16th Terrace,Poinsettia Heights,Mainland inland,Single Family,2000.0,3,False,1250000.0,625.0,482.0,964000.0,286000.0,29.7,39,Overpriced
Active,31 NE 27th Dr,Babco Manors,Mainland inland,Single Family,1248.0,3,False,849000.0,680.0,525.0,655000.0,194000.0,29.5,3,Insufficient comps
Active,1 Las Olas Circle Unit#1211,Venetian,Barrier island / beach,Condo,1200.0,2,True,869000.0,724.0,559.0,671000.0,198000.0,29.5,3,Insufficient comps
Active,1522 NE 17th Terrace,Poinsettia Heights,Mainland inland,Single Family,1318.0,4,False,850000.0,645.0,498.0,656000.0,194000.0,29.5,39,Overpriced
Active,1710 S Ocean Ln Unit#404,Lago Mar North Lodge Cond Lago Mar North Lodge,Barrier island / beach,Condo,1444.0,2,True,1075000.0,744.0,575.0,830000.0,245000.0,29.4,0,Insufficient comps
Active,153 N Seabreeze Boulevard Unit#2404-s,Selene Oceanfront Residen,Barrier island / beach,Condo,1707.0,2,True,2395000.0,1403.0,1087.0,1856000.0,539000.0,29.1,10,Overpriced
Active,1300 NW 7th Ter,Progresso,Mainland inland,Single Family,945.0,3,False,499000.0,528.0,409.0,387000.0,112000.0,29.1,199,Overpriced
Active,2011 N Ocean Blvd Unit#1106,Vue,Barrier island / beach,Condo,1268.0,2,False,799900.0,631.0,489.0,620000.0,180000.0,29.0,6,Overpriced
Pending,608 SW 16th Ct,Lauderdale Pines,Mainland inland,Townhouse,2527.0,4,False,1269000.0,502.0,389.0,983000.0,286000.0,29.0,0,Insufficient comps
Active,3101 BAYSHORE DR Unit#2306,Fort Lauderdale Residenc Residences Fort Lauderd,Barrier island / beach,Condo,1283.0,2,True,1098000.0,856.0,664.0,852000.0,246000.0,28.9,0,Insufficient comps
Active,3319 NE 18TH Street,Las Olas,Mainland inland,Single Family,2208.0,3,False,2400000.0,1087.0,843.0,1861000.0,539000.0,28.9,19,Overpriced
Active,2848 NE 26th Pl,Coral Ridge Galt,Barrier island / beach,Single Family,6274.0,5,True,10500000.0,1674.0,1299.0,8150000.0,2350000.0,28.9,88,Overpriced
Active,670 Tennis Club Drive Unit#312,Tennis Club Davis,Mainland inland,Condo,1496.0,2,False,395000.0,264.0,205.0,307000.0,88000.0,28.8,2,Insufficient comps
Pending,500 SW 8th Street,Pinewood Place,Mainland inland,Single Family,1400.0,2,False,749000.0,535.0,416.0,582000.0,167000.0,28.6,0,Insufficient comps
Active,2841 N Ocean Boulevard Unit#1503,Vantage View,Barrier island / beach,Condo,1100.0,2,False,545000.0,495.0,385.0,424000.0,121000.0,28.6,14,Overpriced
Pending,2841 N Ocean Boulevard Unit#2010,Vantage View,Barrier island / beach,Condo,1200.0,1,False,599000.0,499.0,388.0,466000.0,133000.0,28.6,14,Overpriced
Active,1607 SE 14th Street,Lauderdale Harbors Section,Intracoastal / canal waterfront,Single Family,5781.0,6,True,8650000.0,1496.0,1164.0,6729000.0,1921000.0,28.5,0,Insufficient comps
Active,915 W Las Olas Boulevard Unit#915,Waverly Place,Mainland inland,Townhouse,2560.0,3,False,1049000.0,410.0,319.0,817000.0,232000.0,28.5,1,Insufficient comps
Active,2801 Coral Shores Dr,Coral Shores,Intracoastal / canal waterfront,Single Family,2307.0,4,True,1999000.0,866.0,674.0,1555000.0,444000.0,28.5,20,Overpriced
Active,1301 River Reach Drive Unit#514,River Reach,Mainland inland,Condo,900.0,1,False,264900.0,294.0,229.0,206000.0,59000.0,28.4,54,Overpriced
Active,1321 NE 14th Avenue Unit#1321,Dua Lake Ridge West,Mainland inland,Townhouse,2351.0,4,False,1395000.0,593.0,462.0,1086000.0,309000.0,28.4,0,Insufficient comps
Active,1101 SW 19th Avenue,Riverside Park,Mainland inland,Single Family,1000.0,3,False,524888.0,525.0,409.0,409000.0,116000.0,28.4,11,Overpriced
Active,2831 N Ocean Boulevard Unit#303n,Sapphire Fort Lauderdale,Barrier island / beach,Condo,1888.0,3,False,1195000.0,633.0,493.0,931000.0,264000.0,28.4,8,Overpriced
Active,312 SW 12th Avenue,Sailboat Bend,Mainland inland,Single Family,1611.0,5,False,899000.0,558.0,435.0,701000.0,198000.0,28.3,5,Overpriced
Active,1304 SW 9th Street,Riverside Amen,Intracoastal / canal waterfront,Single Family,5600.0,5,True,5950000.0,1062.0,829.0,4642000.0,1308000.0,28.1,8,Overpriced
Active,813 NE 17th St,Lauderdale Park,Mainland inland,Single Family,1587.0,5,False,1000000.0,630.0,492.0,781000.0,219000.0,28.0,21,Overpriced
Active,2500 Bayview Dr,Coral Ridge Galt,Barrier island / beach,Single Family,2309.0,5,True,2690000.0,1165.0,910.0,2101000.0,589000.0,28.0,88,Overpriced
Active,2100 S Ocean Lane Unit#1411,Point Americas,Barrier island / beach,Condo,1912.0,2,True,1400000.0,732.0,572.0,1094000.0,306000.0,28.0,28,Overpriced
Active,1712 NW 15th Ter,Lauderdale Manors,Mainland inland,Single Family,912.0,3,False,385000.0,422.0,330.0,301000.0,84000.0,27.9,102,Overpriced
Active,729 NW 29th Court,Jenada Villas,Mainland inland,Single Family,1520.0,3,False,769000.0,506.0,396.0,602000.0,167000.0,27.8,22,Overpriced
Active,2401 N Atlantic Boulevard,Lauderdale Beach,Barrier island / beach,Single Family,4283.0,4,False,5995000.0,1400.0,1096.0,4694000.0,1301000.0,27.7,12,Overpriced
Active,1676 S Ocean Lane Unit#253,Oceanage,Barrier island / beach,Condo,1264.0,2,True,1500000.0,1187.0,931.0,1177000.0,323000.0,27.5,17,Overpriced
Active,2550 SW 18th Terrace Unit#2005,Marina Oaks,Mainland inland,Condo,632.0,1,False,220000.0,348.0,273.0,173000.0,47000.0,27.5,14,Overpriced
Active,2550 SW 18th Terrace Unit#2111,Marina Oaks,Mainland inland,Condo,632.0,1,False,220000.0,348.0,273.0,173000.0,47000.0,27.5,14,Overpriced
Active,1160 N Federal Highway Unit#522,East Point Towers,Intracoastal / canal waterfront,Condo,1344.0,2,True,375000.0,279.0,219.0,294000.0,81000.0,27.4,25,Overpriced
Active,100 S Birch Road Unit#1004,Jackson Tower Las Olas Con,Barrier island / beach,Condo,1934.0,2,False,1125000.0,582.0,457.0,884000.0,241000.0,27.4,1,Insufficient comps
Active,1801 NE 13th St Unit#1829,Galleria Villages,Mainland inland,Townhouse,2036.0,3,False,1050000.0,516.0,405.0,825000.0,225000.0,27.4,1,Insufficient comps
Active,1321 Tangelo Isle,South New River Isles,Finger-isle waterfront,Single Family,2489.0,3,True,2950000.0,1185.0,930.0,2315000.0,635000.0,27.4,26,Overpriced
Active,317 NW 27th St,Babco Heights,Mainland inland,Single Family,1248.0,3,False,765000.0,613.0,482.0,602000.0,163000.0,27.2,5,Overpriced
Active,1000 SE 15th St Unit#205,Harbordale,Mainland inland,Condo,670.0,2,False,245000.0,366.0,288.0,193000.0,52000.0,27.1,6,Overpriced
Pending,2617 NE 14th Avenue Unit#304,Wilton Station,Mainland inland,Condo,1883.0,3,False,699900.0,372.0,293.0,552000.0,148000.0,27.0,37,Overpriced
Pending,2431 NE 18th St,Livermore Estates Coral Ridge Villas,Mainland inland,Townhouse,2557.0,4,False,1750000.0,684.0,539.0,1378000.0,372000.0,26.9,0,Insufficient comps
Active,2809 NE 24th Pl,Coral Ridge Galt,Barrier island / beach,Single Family,4255.0,4,True,5599999.0,1316.0,1037.0,4412000.0,1188000.0,26.9,88,Overpriced
Pending,2628 NE 9th Avenue Unit#2,Villas Mallory Square,Mainland inland,Townhouse,1944.0,3,False,925000.0,476.0,375.0,729000.0,196000.0,26.9,1,Insufficient comps
Active,525 N Fort Lauderdale Beach Blvd Unit#702,Four Seasons,Barrier island / beach,Condo,2230.0,2,True,4595000.0,2061.0,1625.0,3624000.0,971000.0,26.8,17,Overpriced
Active,1056 N Victoria Park Rd,Progresso,Mainland inland,Townhouse,1988.0,3,False,995000.0,501.0,395.0,785000.0,210000.0,26.8,42,Overpriced
Active,151 N Seabreeze Boulevard Unit#1101-e,Selene Oceanfront Residen,Barrier island / beach,Condo,3122.0,3,True,4299000.0,1377.0,1086.0,3390000.0,909000.0,26.8,10,Overpriced
Active,1201 NW 10th Pl,Lauderdale Manors,Mainland inland,Single Family,810.0,2,False,350000.0,432.0,341.0,276000.0,74000.0,26.7,102,Overpriced
Active,1713 SW 10th Ct,Sherwood Forest,Mainland inland,Single Family,1318.0,3,False,750000.0,569.0,449.0,592000.0,158000.0,26.7,4,Insufficient comps
Active,1630 SE 11th Street,Rio Vista,Finger-isle waterfront,Single Family,2545.0,4,True,3750000.0,1473.0,1163.0,2960000.0,790000.0,26.7,89,Overpriced
Active,610 W Las Olas Blvd Unit#2014N,Symphony North Symphony,Intracoastal / canal waterfront,Condo,1911.0,2,True,1199000.0,627.0,495.0,946000.0,253000.0,26.7,3,Insufficient comps
Active,516 Hendricks Isle Unit#2C,Aria Las Olas Aria,Intracoastal / canal waterfront,Condo,2394.0,2,True,1745000.0,729.0,576.0,1379000.0,366000.0,26.6,0,Insufficient comps
Active,900 SW 12th St Unit#108,Rio Nuevo,Mainland inland,Condo,1000.0,2,False,295000.0,295.0,233.0,233000.0,62000.0,26.6,11,Overpriced
Active,525 N Fort Lauderdale Beach Boulevard Unit#1607,Four Seasons,Barrier island / beach,Condo,1308.0,2,True,2700000.0,2064.0,1632.0,2135000.0,565000.0,26.5,17,Overpriced
Active,2741 NE 8th Avenue Unit#14,Wilton Commons Condominium,Mainland inland,Condo,600.0,2,False,210000.0,350.0,277.0,166000.0,44000.0,26.4,0,Insufficient comps
Active,2831 N Ocean Boulevard Unit#1006N,Sapphire Fort Lauderdale,Barrier island / beach,Condo,1274.0,2,False,799000.0,627.0,496.0,632000.0,167000.0,26.4,8,Overpriced
Active,809 NE 16th Unit#15,Regency Park Townhomes,Mainland inland,Townhouse,2823.0,4,False,1948000.0,690.0,546.0,1541000.0,407000.0,26.4,0,Insufficient comps
Active,340 Sunset Dr Unit#1210,Essex Tower,Mainland inland,Condo,1610.0,2,False,749000.0,465.0,368.0,592000.0,157000.0,26.4,16,Overpriced
Pending,2841 N Ocean Boulevard Unit#1102,Vantage View,Barrier island / beach,Condo,1100.0,2,False,535000.0,486.0,385.0,424000.0,111000.0,26.2,14,Overpriced
Active,533 NE 3rd Avenue Unit#148,Sole Fort Lauderdale Co,Downtown high-rise,Condo,667.0,1,False,299995.0,450.0,357.0,238000.0,62000.0,26.1,2,Insufficient comps
Active,645 NE 17th Way Unit#645,Seven Corners Townhomes,Mainland inland,Townhouse,3228.0,3,False,1699000.0,526.0,417.0,1346000.0,353000.0,26.1,0,Insufficient comps
Active,936 Intracoastal Drive Unit#22F,Corinthian On Intracoa,Intracoastal / canal waterfront,Condo,1500.0,2,True,849000.0,566.0,449.0,674000.0,175000.0,26.1,0,Insufficient comps
Active,3020 NE 32nd Avenue Unit#905,Tides Bridgeside,Intracoastal / canal waterfront,Condo,750.0,1,True,349000.0,465.0,369.0,277000.0,72000.0,26.0,9,Overpriced
Active,1602 NW 7th Place,Lincoln Park First,Mainland inland,Single Family,625.0,2,False,278990.0,446.0,354.0,221000.0,58000.0,26.0,4,Insufficient comps
Pending,1922 S Ocean Lane Unit#20,Ocean Lane Villas,Barrier island / beach,Condo,940.0,2,True,650000.0,691.0,549.0,516000.0,134000.0,25.9,1,Insufficient comps
Active,1523 NE 17th Way,Progresso,Mainland inland,Single Family,2568.0,4,False,2345000.0,913.0,725.0,1862000.0,483000.0,25.9,199,Overpriced
Active,1731 SE 15TH Street Unit#505,Cromwell West,Mainland inland,Condo,704.0,1,False,265000.0,376.0,299.0,210000.0,55000.0,25.8,4,Insufficient comps
Active,401 SW 4th Avenue Unit#1706,Esplanade On New Rive,Intracoastal / canal waterfront,Condo,1546.0,2,True,710000.0,459.0,365.0,564000.0,146000.0,25.8,1,Insufficient comps
Active,1350 RIVER REACH Drive Unit#106,River Reach,Intracoastal / canal waterfront,Condo,900.0,1,True,339000.0,377.0,300.0,270000.0,69000.0,25.7,54,Overpriced
Active,100 S Birch Road Unit#1703f,Jackson Tower Las Olas Con,Barrier island / beach,Condo,1722.0,2,False,975000.0,566.0,451.0,777000.0,198000.0,25.5,1,Insufficient comps
Active,3101 Bayshore Dr Unit#1102,Fort Lauderdale Residence Fort Lauderdale Res,Barrier island / beach,Condo,1329.0,2,True,1090000.0,820.0,654.0,869000.0,221000.0,25.4,0,Insufficient comps
Active,150 NE 15th Ave Unit#144,Pine Crest Village Ii,Mainland inland,Condo,625.0,1,False,269500.0,431.0,344.0,215000.0,54000.0,25.3,0,Insufficient comps
Active,801 NE 16th Ave,Progresso,Mainland inland,Single Family,3500.0,5,False,2899000.0,828.0,661.0,2314000.0,585000.0,25.3,199,Overpriced
Active,646 Flamingo Drive,Riviera,Intracoastal / canal waterfront,Single Family,6189.0,6,True,12950000.0,2092.0,1669.0,10329000.0,2621000.0,25.3,8,Overpriced
Active,900 River Reach Drive Unit#425,River Reach,Intracoastal / canal waterfront,Condo,900.0,2,True,339900.0,378.0,302.0,272000.0,68000.0,25.2,54,Overpriced
Active,2540 NE 22nd Terrace,North Bal Harbour,Finger-isle waterfront,Single Family,6273.0,5,True,7775000.0,1239.0,991.0,6217000.0,1558000.0,25.0,5,Overpriced
Pending,1032 NW 11th Pl,Lauderdale Manors,Mainland inland,Single Family,984.0,3,False,429000.0,436.0,349.0,343000.0,86000.0,24.9,102,Overpriced
Active,900 RIVER REACH Drive Unit#510,River Reach,Mainland inland,Condo,784.0,1,False,239900.0,306.0,245.0,192000.0,48000.0,24.9,54,Overpriced
Pending,1015 SW 20th Street,River Oaks,Mainland inland,Single Family,1550.0,3,False,699000.0,451.0,361.0,560000.0,139000.0,24.9,19,Overpriced
Active,2200 S Ocean Lane Unit#2805,Point Americas Phase Ii,Barrier island / beach,Condo,2170.0,2,True,1595000.0,735.0,589.0,1278000.0,317000.0,24.8,2,Insufficient comps
Active,411 N New River Dr E Unit#3703,Las Olas,Intracoastal / canal waterfront,Condo,2110.0,2,True,1629000.0,772.0,619.0,1306000.0,323000.0,24.7,140,Overpriced
Active,440 Mola Ave,Venice,Finger-isle waterfront,Single Family,6545.0,6,True,9200000.0,1406.0,1129.0,7389000.0,1811000.0,24.5,12,Overpriced
Active,615 NW 10th Ter Unit#1,Progresso,Mainland inland,Townhouse,1056.0,3,False,434900.0,412.0,331.0,350000.0,85000.0,24.5,42,Overpriced
Pending,1528 SE 11th Street,Rio Vista,Intracoastal / canal waterfront,Single Family,4935.0,5,True,8950000.0,1814.0,1457.0,7190000.0,1760000.0,24.5,89,Overpriced
Pending,910 SE 13th St,Everglade Land Sales Co None,Mainland inland,Townhouse,2619.0,4,False,1525000.0,582.0,468.0,1226000.0,299000.0,24.4,1,Insufficient comps
Active,3056 NE 14th Ave,Ocean Boulevard Park,Barrier island / beach,Single Family,2257.0,3,False,1080000.0,479.0,385.0,869000.0,211000.0,24.4,1,Insufficient comps
Active,501 NW 30th Court,Boulevard Estates Amen,Mainland inland,Single Family,1313.0,3,False,580000.0,442.0,356.0,467000.0,113000.0,24.2,2,Insufficient comps
Active,12 NE 26th St,Wilton Manors,Mainland inland,Single Family,1596.0,3,False,1299000.0,814.0,656.0,1047000.0,252000.0,24.1,21,Overpriced
Active,1813 N Fort Lauderdale Beach Boulevard,Birch Park Finger Estates,Barrier island / beach,Single Family,4619.0,5,True,9495000.0,2056.0,1659.0,7663000.0,1832000.0,23.9,0,Insufficient comps
Active,1809 NW 13th Court,Lauderdale Manors,Mainland inland,Single Family,958.0,3,False,459000.0,479.0,387.0,371000.0,88000.0,23.8,102,Overpriced
Active,936 Intracoastal Dr Unit#9H,Corinthian On Intraco Corinthian,Intracoastal / canal waterfront,Condo,1620.0,2,True,895000.0,552.0,446.0,723000.0,172000.0,23.8,3,Insufficient comps
Active,1631 N Andrews Square,Progresso,Mainland inland,Single Family,1347.0,3,False,759000.0,563.0,455.0,613000.0,146000.0,23.7,199,Overpriced
Active,2841 N Ocean Boulevard Unit#2008,Vantage View,Barrier island / beach,Condo,1100.0,1,False,535000.0,486.0,393.0,432000.0,103000.0,23.7,14,Overpriced
Pending,411 N New River Drive Unit#3402,Las Olas,Intracoastal / canal waterfront,Condo,1630.0,2,True,1249000.0,766.0,619.0,1009000.0,240000.0,23.7,140,Overpriced
Active,601 NW 29th Street,March Estates Amen,Mainland inland,Single Family,1621.0,3,False,695000.0,429.0,347.0,562000.0,133000.0,23.6,4,Insufficient comps
Active,525 N Fort Lauderdale Beach Blvd Unit#802,Four Seasons,Barrier island / beach,Condo,2237.0,2,True,4495000.0,2009.0,1625.0,3635000.0,860000.0,23.6,17,Overpriced
Active,1020 SW 18th Court,River Oaks,Mainland inland,Single Family,1566.0,3,False,699000.0,446.0,361.0,565000.0,134000.0,23.5,19,Overpriced
Pending,648 NE 17th Avenue,Victoria Park,Mainland inland,Single Family,1888.0,3,False,1380000.0,731.0,592.0,1118000.0,262000.0,23.5,83,Overpriced
Active,1900 S Ocean Drive Unit#810,Breakwater Towers,Barrier island / beach,Condo,805.0,1,False,279000.0,347.0,281.0,226000.0,53000.0,23.5,11,Overpriced
Active,2615 NE 26th Street,Coral Ridge Galt,Barrier island / beach,Single Family,1709.0,3,False,1349000.0,789.0,639.0,1092000.0,257000.0,23.5,88,Overpriced
Active,900 River Reach Dr Unit#404,River Reach,Intracoastal / canal waterfront,Condo,1025.0,2,True,375000.0,366.0,297.0,304000.0,71000.0,23.2,54,Overpriced
Pending,425 N Andrews Avenue Unit#206,Avenue Lofts One,Downtown high-rise,Condo,967.0,1,False,469000.0,485.0,394.0,381000.0,88000.0,23.1,0,Insufficient comps
Active,2821 SW 17th Ave,Reserve Edgewood,Mainland inland,Townhouse,1539.0,3,False,559000.0,363.0,295.0,454000.0,105000.0,23.1,2,Insufficient comps
Active,2100 S Ocean Ln Unit#506,Point Americas,Barrier island / beach,Condo,2524.0,3,True,1795000.0,711.0,578.0,1459000.0,336000.0,23.0,28,Overpriced
Pending,1312 NE 16th ter,Fort Lauderdale Lake Ridge,Mainland inland,Townhouse,2594.0,3,False,1400000.0,540.0,439.0,1139000.0,261000.0,23.0,0,Insufficient comps
Pending,1108 NW 29th Court,Jenada Isles,Mainland inland,Single Family,2226.0,4,False,1000000.0,449.0,365.0,812000.0,188000.0,23.0,6,Overpriced
Pending,2549 NE 27th Avenue,Coral Ridge Galt,Barrier island / beach,Single Family,1545.0,2,False,1235000.0,799.0,650.0,1004000.0,231000.0,22.9,88,Overpriced
Active,325 Sunset Drive Unit#A,Lake Shore,Intracoastal / canal waterfront,Condo,1610.0,2,True,975000.0,606.0,493.0,794000.0,181000.0,22.9,1,Insufficient comps
Active,2100 S Ocean Lane Unit#2508,Point Americas,Barrier island / beach,Condo,1880.0,2,True,1325000.0,705.0,574.0,1079000.0,246000.0,22.8,28,Overpriced
Pending,1333 SW 4th Court,Village Sailboat Bend,Mainland inland,Condo,856.0,1,False,279900.0,327.0,267.0,229000.0,51000.0,22.5,16,Overpriced
Active,334 Isle Of Capri Drive,Capri Venice,Finger-isle waterfront,Single Family,3298.0,4,True,5790000.0,1756.0,1434.0,4729000.0,1061000.0,22.5,0,Insufficient comps
Active,561 Bayshore Drive Unit#7,Panama Club,Barrier island / beach,Condo,730.0,1,True,498999.0,684.0,559.0,408000.0,91000.0,22.4,1,Insufficient comps
Active,2200 S Ocean Lane Unit#2607,Point Americas Ii,Barrier island / beach,Condo,1200.0,2,True,818000.0,682.0,557.0,668000.0,150000.0,22.4,5,Overpriced
Active,1628 NE 7th Ave,Middle River Terrace,Mainland inland,Single Family,1168.0,4,False,599000.0,513.0,419.0,489000.0,110000.0,22.4,13,Overpriced
Active,2124 Coral Shores Drive,Coral Shores,Intracoastal / canal waterfront,Single Family,2580.0,3,True,2100000.0,814.0,666.0,1718000.0,382000.0,22.2,20,Overpriced
Pending,2309 NE 12th Court,Beach Way Heights,Barrier island / beach,Single Family,3004.0,4,False,2395000.0,797.0,653.0,1962000.0,433000.0,22.1,8,Overpriced
Active,2542 NE 16 Ave,Altessa Wilton Manors,Mainland inland,Townhouse,1485.0,3,False,790390.0,532.0,436.0,647000.0,143000.0,22.0,0,Insufficient comps
Active,104 NE 16th Ter,Victoria Park,Mainland inland,Townhouse,2901.0,4,False,1875000.0,646.0,530.0,1538000.0,337000.0,21.9,52,Overpriced
Active,1533 NE 16th Avenue,Poinsettia Heights,Mainland inland,Single Family,2542.0,4,False,2350000.0,924.0,758.0,1927000.0,423000.0,21.9,39,Overpriced
Pending,302 NE 11th Avenue,Stranahans,Mainland inland,Townhouse,2045.0,3,False,999000.0,489.0,401.0,820000.0,179000.0,21.9,0,Insufficient comps
Active,387 NW 17th St,Gardenia Park,Mainland inland,Townhouse,1844.0,3,False,650000.0,352.0,289.0,533000.0,117000.0,21.8,6,Overpriced
Active,347 N New River Dr Drive Unit#1202,Watergarden,Downtown high-rise,Condo,1178.0,2,False,759000.0,644.0,529.0,623000.0,136000.0,21.7,46,Overpriced
Pending,527 Orton Avenue Unit#302B,Terraces,Barrier island / beach,Condo,1775.0,2,True,1750000.0,986.0,811.0,1440000.0,310000.0,21.6,0,Insufficient comps
Active,435 N Andrews Avenue Unit#304,Avenue Lofts,Downtown high-rise,Condo,1022.0,1,False,489900.0,479.0,394.0,403000.0,87000.0,21.6,8,Overpriced
Pending,888 Intracoastal Dr Unit#2B,Sunrise Tower,Intracoastal / canal waterfront,Condo,850.0,1,True,339000.0,399.0,328.0,279000.0,60000.0,21.6,15,Overpriced
Active,2108 NE 24th St,Coral Point,Intracoastal / canal waterfront,Single Family,2824.0,3,True,2150000.0,761.0,626.0,1768000.0,382000.0,21.6,15,Overpriced
Active,936 Intracoastal Drive Unit#12h,Corinthian On Intracoa,Intracoastal / canal waterfront,Condo,1620.0,2,True,875000.0,540.0,444.0,719000.0,156000.0,21.6,0,Insufficient comps
Active,615 Bayshore Drive Unit#603,La Cascade,Barrier island / beach,Condo,2273.0,2,True,1695000.0,746.0,614.0,1396000.0,299000.0,21.5,4,Insufficient comps
Active,341 N Birch Road Unit#204,Ft Lauderdale Yacht,Barrier island / beach,Condo,601.0,1,True,475000.0,790.0,650.0,391000.0,84000.0,21.5,0,Insufficient comps
Active,1516 NE 12th Street,Lake Ridge,Mainland inland,Single Family,1376.0,2,False,869000.0,632.0,521.0,717000.0,152000.0,21.3,14,Overpriced
Active,575 NE 7th Avenue Unit#4b,East,Mainland inland,Townhouse,980.0,2,False,504990.0,515.0,425.0,416000.0,89000.0,21.2,0,Insufficient comps
Active,809 NE 16th Avenue Unit#20,Regency Park Townhomes,Mainland inland,Townhouse,2823.0,4,False,1869000.0,662.0,546.0,1541000.0,328000.0,21.2,0,Insufficient comps
Active,1301 River Reach Dr Unit#106,River Reach,Intracoastal / canal waterfront,Condo,900.0,1,True,329000.0,366.0,302.0,272000.0,57000.0,21.2,54,Overpriced
Active,424 NE 27th Dr,Tropical Manors,Mainland inland,Single Family,1344.0,3,False,895000.0,666.0,550.0,739000.0,156000.0,21.1,17,Overpriced
Active,936 Intracoastal Dr Unit#15H,Corinthian On Intraco Corinthian,Intracoastal / canal waterfront,Condo,1620.0,2,True,874000.0,540.0,446.0,723000.0,151000.0,21.1,3,Insufficient comps
Active,2715 N Ocean Boulevard Unit#Ph D,Embassy Tower Ii Inc,Barrier island / beach,Condo,1200.0,2,False,639900.0,533.0,440.0,528000.0,112000.0,21.1,0,Insufficient comps
Active,505 N Fort Lauderdale Beach Boulevard Unit#2500,Club Resort Residences,Barrier island / beach,Condo,2740.0,3,True,2100000.0,766.0,633.0,1734000.0,366000.0,21.0,0,Insufficient comps
Active,1301 River Reach Drive Unit#110,River Reach,Intracoastal / canal waterfront,Condo,1110.0,2,True,399900.0,360.0,298.0,331000.0,69000.0,20.8,54,Overpriced
Active,670 Tennis Club  Drive Unit#303,Tennis Club Davis,Mainland inland,Condo,1496.0,3,False,365000.0,244.0,202.0,302000.0,63000.0,20.8,2,Insufficient comps
Pending,1437 NW 10th Place,Lauderdale Manors,Mainland inland,Single Family,825.0,2,False,339900.0,412.0,341.0,281000.0,59000.0,20.8,102,Overpriced
Active,924 SE 2nd Street Unit#32,Gulfstream Las Ol,Mainland inland,Condo,459.0,1,False,249999.0,545.0,451.0,207000.0,43000.0,20.8,0,Insufficient comps
Pending,1118 NW 16th St,Lauderdale Villas,Mainland inland,Single Family,1404.0,3,False,549000.0,391.0,324.0,455000.0,94000.0,20.7,20,Overpriced
Active,350 SE 2nd Street Unit#2280,Las Olas,Mainland inland,Condo,847.0,1,False,499000.0,589.0,488.0,413000.0,86000.0,20.7,140,Overpriced
Pending,2711 Mayan Dr,Harbor Beach,Barrier island / beach,Single Family,1846.0,3,False,1699000.0,920.0,762.0,1407000.0,292000.0,20.7,30,Overpriced
Active,1708 SE 11th Street,Rio Vista,Finger-isle waterfront,Single Family,2111.0,3,True,2495000.0,1182.0,980.0,2069000.0,426000.0,20.6,89,Overpriced
Active,641 Flamingo Dr,Riviera,Intracoastal / canal waterfront,Single Family,5535.0,6,True,11990000.0,2166.0,1797.0,9946000.0,2044000.0,20.5,8,Overpriced
Active,30 Isle Of Venice Dr Unit#403,Aqualuna Las Olas Aqualuna,Intracoastal / canal waterfront,Condo,2590.0,3,True,1799000.0,695.0,577.0,1494000.0,305000.0,20.5,1,Insufficient comps
Active,1328 N Andrews Ave,Progresso,Mainland inland,Single Family,1099.0,3,False,615000.0,560.0,465.0,511000.0,104000.0,20.4,199,Overpriced
Active,138 NE 29th Street,Almar Estates,Mainland inland,Single Family,1260.0,2,False,699900.0,555.0,461.0,581000.0,119000.0,20.4,10,Overpriced
Active,2501 N Ocean Blvd Unit#452,Fountains On Ocean,Barrier island / beach,Condo,1510.0,2,False,649000.0,430.0,357.0,539000.0,110000.0,20.4,5,Overpriced
Active,2970 NE 16th Ave Unit#413,River Shores,Intracoastal / canal waterfront,Condo,600.0,1,True,220000.0,367.0,305.0,183000.0,37000.0,20.3,15,Overpriced
Active,835 NE 17th Way,Progresso,Mainland inland,Townhouse,1629.0,2,False,599999.0,368.0,306.0,498000.0,102000.0,20.3,42,Overpriced
Active,2841 N Ocean Boulevard Unit#1801,Vantage View,Barrier island / beach,Condo,1200.0,2,False,550000.0,458.0,381.0,457000.0,93000.0,20.2,14,Overpriced
Active,3101 Bayshore Dr Unit#1504,Fort Lauderdale Residence Fort Lauderdale Residen,Barrier island / beach,Condo,1176.0,2,True,939999.0,799.0,665.0,782000.0,158000.0,20.2,1,Insufficient comps
Active,101 S Fort Lauderdale Beach Boulevard Unit#907,Las Olas,Barrier island / beach,Condo,1905.0,2,True,1399000.0,734.0,611.0,1164000.0,235000.0,20.1,140,Overpriced
Active,705 NE 1st Street Unit#2,Phase Iii Townhome,Mainland inland,Townhouse,936.0,2,False,450000.0,481.0,401.0,375000.0,75000.0,20.0,0,Insufficient comps
Pending,906 NE 17TH TER,Victoria Park,Mainland inland,Townhouse,2623.0,3,False,1650000.0,629.0,524.0,1374000.0,276000.0,20.0,52,Overpriced
Active,54 Isle Of Venice Drive Unit#3,Cranwell House,Intracoastal / canal waterfront,Condo,550.0,1,True,375000.0,682.0,569.0,313000.0,62000.0,19.9,0,Insufficient comps
Active,47 NE 20th Court Unit#1H,Manor Grove Village Three,Mainland inland,Townhouse,960.0,2,False,365000.0,380.0,317.0,304000.0,61000.0,19.9,1,Insufficient comps
Active,1210 NE 11th Avenue,Progresso,Mainland inland,Townhouse,2932.0,3,False,1095000.0,373.0,311.0,912000.0,183000.0,19.9,42,Overpriced
Active,917 NE 18th Street,Lauderdale Park,Mainland inland,Single Family,1703.0,3,False,987000.0,580.0,484.0,824000.0,163000.0,19.8,21,Overpriced
Active,1529 Middle River Drive,Coral Ridge,Intracoastal / canal waterfront,Single Family,6718.0,6,True,11995000.0,1786.0,1491.0,10017000.0,1978000.0,19.8,62,Overpriced
Pending,1341 SE 10th Avenue,Everglade Land Sales Co,Mainland inland,Single Family,900.0,2,False,549000.0,610.0,509.0,458000.0,91000.0,19.8,4,Insufficient comps
Active,1043 N Victoria Park Road Unit#1-2,Progresso,Mainland inland,Single Family,1498.0,4,False,929000.0,620.0,518.0,776000.0,153000.0,19.7,199,Overpriced
Active,350 SE 2ND Street Unit#2630,Las Olas,Mainland inland,Condo,1297.0,2,False,749999.0,578.0,483.0,626000.0,124000.0,19.7,140,Overpriced
Active,2100 S Ocean Lane Unit#1202,Point Americas,Barrier island / beach,Condo,1879.0,2,True,1295000.0,689.0,576.0,1082000.0,213000.0,19.6,28,Overpriced
Active,1320 N Andrews Ave,Progresso,Mainland inland,Single Family,858.0,2,False,429500.0,501.0,419.0,360000.0,70000.0,19.6,199,Overpriced
Active,1239 Middle River Dr,Beach Way Heights,Barrier island / beach,Single Family,9655.0,10,True,15495000.0,1605.0,1344.0,12976000.0,2519000.0,19.4,8,Overpriced
Active,180 Isle Of Venice Drive Unit#119,Oasis Nurmi Isles Co Op,Finger-isle waterfront,Condo,1140.0,2,True,729000.0,639.0,535.0,610000.0,119000.0,19.4,2,Insufficient comps
Active,1212 NE 17th Ter,Lake Ridge,Mainland inland,Single Family,1380.0,3,False,899000.0,651.0,546.0,753000.0,146000.0,19.2,14,Overpriced
Active,1900 S Ocean Drive Unit#910,Breakwater Towers,Barrier island / beach,Condo,805.0,1,False,270000.0,335.0,281.0,226000.0,44000.0,19.2,11,Overpriced
Pending,2500 NE 14th Street,Beach Way Heights,Barrier island / beach,Single Family,2758.0,4,False,3250000.0,1178.0,989.0,2728000.0,522000.0,19.1,8,Overpriced
Active,315 NE 3rd Avenue Unit#1509,Flagler Village,Downtown high-rise,Condo,826.0,1,False,355000.0,430.0,361.0,298000.0,57000.0,19.1,0,Insufficient comps
Active,155 Isle Of Venice Drive Unit#603,Venice Isles Tower,Finger-isle waterfront,Condo,800.0,2,True,559000.0,699.0,587.0,470000.0,89000.0,19.1,6,Overpriced
Pending,347 N New River Drive Unit#1401,Watergarden,Intracoastal / canal waterfront,Condo,1615.0,2,True,1175000.0,728.0,611.0,987000.0,188000.0,19.1,46,Overpriced
Active,936 Intracoastal Drive Unit#22C,Corinthian On Intracoa,Intracoastal / canal waterfront,Condo,1500.0,2,True,879000.0,586.0,492.0,738000.0,141000.0,19.1,0,Insufficient comps
Active,2100 N Ocean Blvd Unit#18D,Palms Tower One Palms,Barrier island / beach,Condo,2172.0,3,True,1545000.0,711.0,597.0,1297000.0,248000.0,19.1,1,Insufficient comps
Pending,625 NE 22nd Drive,Village Wilton Manors,Mainland inland,Townhouse,1580.0,3,False,799000.0,506.0,425.0,672000.0,127000.0,19.1,6,Overpriced
Active,1781 NE 18th Street,North Ridge,Mainland inland,Single Family,2434.0,3,False,2225000.0,914.0,768.0,1869000.0,356000.0,19.0,9,Overpriced
Active,2878 NE 26th Street,Coral Ridge Galt,Barrier island / beach,Single Family,3583.0,6,True,3495000.0,975.0,819.0,2934000.0,561000.0,19.0,88,Overpriced
Active,715 Bayshore Dr Unit#705,La Rive,Barrier island / beach,Condo,1733.0,3,True,1290000.0,744.0,625.0,1083000.0,207000.0,19.0,5,Overpriced
Active,1777 SE 15th Street Unit#404,Cromwell East,Intracoastal / canal waterfront,Condo,724.0,1,True,340000.0,470.0,395.0,286000.0,54000.0,19.0,5,Overpriced
Active,1732 NE 15TH Avenue,Progresso,Mainland inland,Single Family,1080.0,3,False,550000.0,509.0,428.0,462000.0,88000.0,18.9,199,Overpriced
Active,333 Las Olas Way Unit#2401,Las Olas,Intracoastal / canal waterfront,Condo,1161.0,2,True,888001.0,765.0,644.0,748000.0,140000.0,18.8,140,Overpriced
Active,1301 River Reach Drive Unit#304,River Reach,Intracoastal / canal waterfront,Condo,1250.0,2,True,435000.0,348.0,293.0,366000.0,69000.0,18.8,54,Overpriced
Active,2821 N Ocean Boulevard Unit#902s,Sapphire,Barrier island / beach,Condo,1274.0,2,False,750000.0,589.0,496.0,632000.0,118000.0,18.8,5,Overpriced
Active,1704 SW 4th Court,Gill Isles,Finger-isle waterfront,Single Family,1462.0,3,True,1050000.0,718.0,605.0,885000.0,165000.0,18.7,14,Overpriced
Active,1609 SW 28th St,Edge On Th,Mainland inland,Townhouse,1377.0,3,False,489000.0,355.0,299.0,412000.0,77000.0,18.7,3,Insufficient comps
Active,1731 SE 15th Street Unit#206,Cromwell West,Mainland inland,Condo,704.0,1,False,250000.0,355.0,299.0,210000.0,40000.0,18.7,4,Insufficient comps
Pending,900 River Reach Drive Unit#312,River Reach,Mainland inland,Condo,1025.0,2,False,275000.0,268.0,226.0,232000.0,43000.0,18.6,54,Overpriced
Active,136 NE 19th Court Unit#112f,Manor Grove Village Two Co,Mainland inland,Condo,750.0,1,False,244900.0,327.0,276.0,207000.0,38000.0,18.5,1,Insufficient comps
Pending,2800 NE 21st Court,Coral Ridge,Mainland inland,Single Family,2124.0,3,False,1650000.0,777.0,656.0,1393000.0,257000.0,18.4,62,Overpriced
Active,1624 Middle River,Coral Ridge,Mainland inland,Single Family,3142.0,4,False,3900000.0,1241.0,1048.0,3293000.0,607000.0,18.4,62,Overpriced
Active,245 SW 20th Street,Lauderdale,Mainland inland,Single Family,990.0,2,False,575000.0,581.0,491.0,486000.0,89000.0,18.3,41,Overpriced
Active,2507 NW 8th Avenue,Babco Park,Mainland inland,Single Family,1674.0,3,False,779000.0,465.0,393.0,658000.0,121000.0,18.3,8,Overpriced
Active,1801 NE 13th St Unit#1821,Galleria Villages,Mainland inland,Townhouse,2036.0,3,False,975000.0,479.0,405.0,825000.0,150000.0,18.3,1,Insufficient comps
Pending,151 N Seabreeze Blv Unit#E-701,Selene Oceanfront Residen,Barrier island / beach,Condo,3112.0,3,True,3999000.0,1285.0,1087.0,3383000.0,616000.0,18.2,10,Overpriced
Active,807 SW 7th Avenue,Tarpon River,Mainland inland,Townhouse,2378.0,3,False,995000.0,418.0,354.0,842000.0,153000.0,18.1,16,Overpriced
Pending,312 SW 22nd Street,Croissant Park,Mainland inland,Single Family,864.0,2,False,449900.0,521.0,441.0,381000.0,69000.0,18.1,30,Overpriced
Active,1700 NE 19th Street,Poinsettia Heights,Mainland inland,Single Family,2897.0,3,False,2599000.0,897.0,760.0,2202000.0,397000.0,18.0,39,Overpriced
Active,2841 N Ocean Boulevard Unit#1809,Vantage View,Barrier island / beach,Condo,1100.0,2,False,499000.0,454.0,385.0,424000.0,75000.0,17.9,14,Overpriced
Active,401 NE 16th Ave Unit#2,Victorian,Mainland inland,Condo,568.0,1,False,225000.0,396.0,336.0,191000.0,34000.0,17.9,3,Insufficient comps
Active,2562 NE 16 Ave,Altessa Wilton Manors,Mainland inland,Townhouse,1596.0,3,False,811940.0,509.0,432.0,689000.0,123000.0,17.8,0,Insufficient comps
Active,350 SE 2nd Street Unit#2860,Las Olas,Mainland inland,Condo,1200.0,2,False,690000.0,575.0,488.0,586000.0,104000.0,17.8,140,Overpriced
Active,610 W Las Olas Blvd Unit#312N,Symphony North Symphony,Intracoastal / canal waterfront,Condo,776.0,1,True,349000.0,450.0,382.0,296000.0,53000.0,17.8,3,Insufficient comps
Active,2317 Delmar Place,Gould Isles,Intracoastal / canal waterfront,Single Family,6138.0,7,True,8995000.0,1465.0,1245.0,7642000.0,1353000.0,17.7,4,Insufficient comps
Active,2970 NE 16th Ave Unit#208,River Shores,Intracoastal / canal waterfront,Condo,600.0,1,True,215500.0,359.0,305.0,183000.0,32000.0,17.7,15,Overpriced
Active,615 Bayshore Drive Unit#103,La Cascade,Intracoastal / canal waterfront,Townhouse,2526.0,2,True,2100000.0,831.0,706.0,1783000.0,317000.0,17.7,1,Insufficient comps
Active,725 SW 4th Avenue,Tarpon River,Mainland inland,Townhouse,1631.0,2,False,695000.0,426.0,362.0,590000.0,105000.0,17.7,16,Overpriced
Pending,449 Isle Of Palms Drive,Stilwell Isles Pal,Finger-isle waterfront,Single Family,4251.0,5,True,4750000.0,1117.0,949.0,4034000.0,716000.0,17.7,0,Insufficient comps
Active,1698 S Ocean Ln Unit#171,Oceanage,Barrier island / beach,Condo,1264.0,2,False,1049000.0,830.0,706.0,892000.0,157000.0,17.6,17,Overpriced
Pending,1003 A NE 3rd Street,Stranahans,Mainland inland,Townhouse,3276.0,4,False,2200000.0,672.0,572.0,1874000.0,326000.0,17.5,0,Insufficient comps
Pending,1009 A NE 3rd Street,Stranahans,Mainland inland,Townhouse,3276.0,4,False,2200000.0,672.0,572.0,1874000.0,326000.0,17.5,0,Insufficient comps
Pending,1731 NE 23rd Avenue,Bal Harbour,Finger-isle waterfront,Single Family,2357.0,4,True,2599000.0,1103.0,939.0,2213000.0,386000.0,17.5,6,Overpriced
Pending,1015 A NE 3rd Street,Stranahans,Mainland inland,Townhouse,3276.0,4,False,2200000.0,672.0,572.0,1874000.0,326000.0,17.5,0,Insufficient comps
Active,1160 N Federal Hwy Unit#822,East Point Towers,Intracoastal / canal waterfront,Condo,1344.0,2,True,345000.0,257.0,219.0,294000.0,51000.0,17.4,25,Overpriced
Active,3015 N Ocean Boulevard Unit#17b,Berkley South,Barrier island / beach,Condo,1144.0,2,False,420000.0,367.0,313.0,358000.0,62000.0,17.3,21,Overpriced
Active,1014 SW 20th St,Banyan Grove,Mainland inland,Single Family,1236.0,3,False,619000.0,501.0,427.0,528000.0,91000.0,17.3,1,Insufficient comps
Pending,2889 NE 26th Street,Coral Ridge Galt,Barrier island / beach,Single Family,2122.0,4,False,1650000.0,778.0,663.0,1407000.0,243000.0,17.3,88,Overpriced
Active,2127 NE 11th Avenue,Wilton Pines Townhomes,Mainland inland,Townhouse,1163.0,2,False,465000.0,400.0,341.0,397000.0,68000.0,17.3,2,Insufficient comps
Active,1518 E Lake Drive,Harbor Beach,Barrier island / beach,Single Family,3781.0,4,False,3995000.0,1057.0,901.0,3407000.0,588000.0,17.3,30,Overpriced
Active,1808 Coral Ridge Dr,Livermore Estates,Mainland inland,Townhouse,3387.0,4,False,1865000.0,551.0,470.0,1592000.0,273000.0,17.2,1,Insufficient comps
Active,2500 E Las Olas Boulevard Unit#409,Marine Tower,Mainland inland,Condo,1940.0,3,False,665000.0,343.0,293.0,568000.0,97000.0,17.1,12,Overpriced
Active,2100 S Ocean Ln Unit#1704,Point Americas,Barrier island / beach,Condo,1109.0,1,True,785000.0,708.0,605.0,671000.0,114000.0,17.0,28,Overpriced
Active,1823 SW 29th St,Barretts,Mainland inland,Single Family,1242.0,3,False,625000.0,503.0,430.0,534000.0,91000.0,17.0,0,Insufficient comps
Active,1630 NW 4th Avenue,South Middle River,Mainland inland,Single Family,1274.0,3,False,490000.0,385.0,329.0,419000.0,71000.0,17.0,3,Insufficient comps
Active,924 NE 17th Ter Unit#1,Th Terrace Condominium,Mainland inland,Condo,433.0,1,False,179900.0,415.0,355.0,154000.0,26000.0,16.9,0,Insufficient comps
Active,209 N Fort Lauderdale Beach Blvd Unit#6B,Seasons,Barrier island / beach,Condo,1450.0,2,True,990000.0,683.0,585.0,848000.0,142000.0,16.8,5,Overpriced
Active,2716 NW 3rd Ave,Wilton Estates,Mainland inland,Single Family,1697.0,3,False,725000.0,427.0,366.0,621000.0,104000.0,16.7,7,Overpriced
Active,153 N Seabreeze Boulevard Unit#901-s,Selene Oceanfront Residen,Barrier island / beach,Condo,2395.0,2,True,3099000.0,1294.0,1109.0,2656000.0,443000.0,16.7,10,Overpriced
Active,1606 SW 28th Court,Reserve Edgewood,Mainland inland,Townhouse,1377.0,3,False,480000.0,349.0,299.0,412000.0,68000.0,16.7,2,Insufficient comps
Active,660 Tennis Club Dr Unit#101,Tennis Club Johnston Cond Tennis Club Johnston,Mainland inland,Condo,960.0,2,False,235000.0,245.0,210.0,202000.0,33000.0,16.7,0,Insufficient comps
Active,2550 Manor Way,Altessa Wilton Manors,Mainland inland,Townhouse,1666.0,4,False,819965.0,492.0,422.0,703000.0,117000.0,16.6,0,Insufficient comps
Active,3030 N Ocean Boulevard Unit#S104,Thirty North Ocrsn,Barrier island / beach,Condo,2140.0,3,False,1495000.0,699.0,600.0,1284000.0,211000.0,16.5,0,Insufficient comps
Active,1621 SW 11th Ct,Riverside Park Amen,Mainland inland,Single Family,872.0,2,False,450000.0,516.0,443.0,386000.0,64000.0,16.5,0,Insufficient comps
Active,3030 N Ocean Boulevard Unit#S106,Thirty North Ocean,Barrier island / beach,Condo,2306.0,3,False,1595000.0,692.0,594.0,1370000.0,225000.0,16.5,1,Insufficient comps
Active,1020 SE 11th Street,Rio Vista,Mainland inland,Single Family,2321.0,4,False,1899000.0,818.0,702.0,1629000.0,270000.0,16.5,89,Overpriced
Active,1600 SE 15th St Unit#601,Plaza,Mainland inland,Condo,1020.0,2,False,355000.0,348.0,299.0,305000.0,50000.0,16.4,2,Insufficient comps
Pending,1 Las Olas Circle Unit#610,Venetian,Barrier island / beach,Condo,1500.0,2,True,949000.0,633.0,544.0,816000.0,133000.0,16.4,3,Insufficient comps
Active,1412 NE 15th Avenue,Progresso,Mainland inland,Single Family,2107.0,3,False,1025000.0,486.0,418.0,881000.0,144000.0,16.3,199,Overpriced
Active,612 Bayshore Drive Unit#301,Wave On Bayshore,Barrier island / beach,Condo,1664.0,3,False,1090000.0,655.0,563.0,937000.0,153000.0,16.3,3,Insufficient comps
Active,1414 SE 12th St Unit#1B,Hemingway Landings,Intracoastal / canal waterfront,Condo,2120.0,2,True,1499000.0,707.0,608.0,1289000.0,210000.0,16.3,1,Insufficient comps
Active,612 SW 6th St,Mrs Elva Truax,Mainland inland,Townhouse,1740.0,3,False,635000.0,365.0,314.0,546000.0,89000.0,16.2,0,Insufficient comps
Active,1008 SW 18th Ct,Yellowstone Park Amen Pla,Mainland inland,Single Family,1268.0,3,False,635000.0,501.0,431.0,547000.0,88000.0,16.2,7,Overpriced
Active,615 NE 12th Avenue Unit#312,Victoria Park,Mainland inland,Condo,720.0,1,False,284000.0,394.0,339.0,244000.0,40000.0,16.2,11,Overpriced
Active,2011 N Ocean Boulevard Unit#1606,Vue,Barrier island / beach,Condo,1268.0,2,True,950000.0,749.0,645.0,818000.0,132000.0,16.1,6,Overpriced
Active,156 Fiesta Way,Nurmi Isles,Finger-isle waterfront,Single Family,6446.0,7,True,8999000.0,1396.0,1202.0,7748000.0,1251000.0,16.1,16,Overpriced
Active,1649 NE 8th Ave,Middle River Terrace,Mainland inland,Single Family,1776.0,5,False,947000.0,533.0,459.0,815000.0,132000.0,16.1,13,Overpriced
Active,1534 NE 26 Street,Altessa Wilton Manors,Mainland inland,Townhouse,1605.0,3,False,804790.0,501.0,432.0,693000.0,112000.0,16.0,0,Insufficient comps
Active,843 SW 14th Court Unit#843,Esmonda Gardens,Mainland inland,Townhouse,4200.0,4,False,1777000.0,423.0,365.0,1533000.0,244000.0,15.9,0,Insufficient comps
Pending,645 NW 2nd Avenue,Progresso,Downtown high-rise,Townhouse,1640.0,2,False,599900.0,366.0,316.0,518000.0,82000.0,15.8,42,Overpriced
Active,1521 NE 26th Ave Unit#B,Coral Ridge,Mainland inland,Townhouse,3403.0,3,False,2200000.0,646.0,559.0,1902000.0,298000.0,15.6,9,Overpriced
Active,1112 NE 17th Way,Progresso,Mainland inland,Townhouse,2732.0,3,False,995000.0,364.0,315.0,861000.0,134000.0,15.6,42,Overpriced
Active,2409 Bayview Dr,Coral Ridge Galt,Barrier island / beach,Single Family,2169.0,3,False,1499000.0,691.0,598.0,1297000.0,202000.0,15.6,88,Overpriced
Active,2670 E Sunrise Boulevard Unit#1201,Gallery One,Intracoastal / canal waterfront,Condo,636.0,1,True,189300.0,298.0,258.0,164000.0,25000.0,15.5,29,Overpriced
Active,2845 NE 9th Street Unit#Ph5,Le Club International Cond,Barrier island / beach,Condo,2450.0,2,True,1825000.0,745.0,645.0,1580000.0,245000.0,15.5,0,Insufficient comps
Active,2670 E Sunrise Boulevard Unit#320,Gallery One,Intracoastal / canal waterfront,Condo,554.0,1,True,179000.0,323.0,280.0,155000.0,24000.0,15.4,29,Overpriced
Active,1430 NW 7th St,Lincoln Park Corr,Mainland inland,Single Family,630.0,2,False,250000.0,397.0,344.0,217000.0,33000.0,15.4,2,Insufficient comps
Active,2840 N Ocean Boulevard Unit#507,Sea Tower Apts Co Op,Barrier island / beach,Condo,769.0,1,True,495000.0,644.0,558.0,429000.0,66000.0,15.4,0,Insufficient comps
Active,2609 NE 14th Avenue Unit#105,Wilton Station,Mainland inland,Townhouse,1738.0,2,False,729900.0,420.0,364.0,633000.0,97000.0,15.4,12,Overpriced
Active,650 Royal Plaza Dr,Stilwell Isles,Finger-isle waterfront,Single Family,9252.0,7,True,15950000.0,1724.0,1494.0,13822000.0,2128000.0,15.4,8,Overpriced
Active,347 N New River Drive Unit#610,Watergarden,Intracoastal / canal waterfront,Condo,1204.0,2,True,880000.0,731.0,634.0,763000.0,117000.0,15.3,46,Overpriced
Active,600 NE 7TH Avenue Unit#14,Hibiscus House,Mainland inland,Condo,544.0,1,False,225000.0,414.0,359.0,195000.0,30000.0,15.3,0,Insufficient comps
Pending,1121 NE 14th Ave,Villa Valentina,Mainland inland,Townhouse,2262.0,3,False,885000.0,391.0,339.0,767000.0,118000.0,15.3,0,Insufficient comps
Active,1130 NW 7th Avenue,Progresso,Mainland inland,Single Family,1194.0,3,False,585000.0,490.0,425.0,507000.0,78000.0,15.3,199,Overpriced
Pending,425 Coral Way,Coral Isles Las Olas Isl,Finger-isle waterfront,Single Family,4119.0,5,True,5475000.0,1329.0,1154.0,4753000.0,722000.0,15.2,0,Insufficient comps
Active,1243 NW 3rd Ave,Progresso,Mainland inland,Single Family,1250.0,4,False,595000.0,476.0,414.0,518000.0,77000.0,15.0,199,Overpriced
Active,551 N Fort Lauderdale Beach Boulevard Unit#R1902,Ocean Resort Residences,Barrier island / beach,Condo,1590.0,3,True,1500000.0,943.0,820.0,1304000.0,196000.0,15.0,10,Overpriced
Active,2501 NW 8th Avenue,Babco Park,Mainland inland,Single Family,2100.0,3,False,950000.0,452.0,393.0,825000.0,125000.0,15.0,8,Overpriced
Active,215 N Birch Road Unit#A2,Versailles Co Op,Barrier island / beach,Condo,1448.0,2,True,899000.0,621.0,540.0,782000.0,117000.0,15.0,0,Insufficient comps
Active,2400 NE 9th Street Unit#402,Ocean Sunrise Co Op,Barrier island / beach,Condo,650.0,2,False,265000.0,408.0,355.0,231000.0,34000.0,14.9,2,Insufficient comps
Active,21 NE 25th Street,Petite,Mainland inland,Single Family,2030.0,3,False,1299900.0,640.0,557.0,1131000.0,169000.0,14.9,8,Overpriced
Active,155 Isle Of Venice Drive Unit#404,Venice Isles Tower,Finger-isle waterfront,Condo,800.0,2,True,539000.0,674.0,587.0,470000.0,69000.0,14.8,6,Overpriced
Active,1901 N Andrews Avenue Unit#206,Woods,Mainland inland,Condo,685.0,1,False,165000.0,241.0,210.0,144000.0,21000.0,14.8,3,Insufficient comps
Active,100 NE 22nd Street,Petite,Mainland inland,Single Family,1851.0,3,False,1140000.0,616.0,538.0,996000.0,144000.0,14.5,8,Overpriced
Pending,615 NE 22nd Drive,Village Wilton Manors,Mainland inland,Townhouse,1700.0,3,False,847000.0,498.0,435.0,740000.0,107000.0,14.5,6,Overpriced
Active,95 N Birch Road Unit#606,Harbor Haven,Barrier island / beach,Condo,795.0,1,False,399000.0,502.0,439.0,349000.0,50000.0,14.4,4,Insufficient comps
Active,336 N Birch Road Unit#5h,Birch Crest Apartments Inc,Barrier island / beach,Condo,1411.0,2,False,689000.0,488.0,427.0,602000.0,87000.0,14.3,0,Insufficient comps
Active,533 NE 3rd Avenue Unit#541,Sole Fort Lauderdale,Downtown high-rise,Condo,760.0,1,False,299000.0,393.0,344.0,261000.0,38000.0,14.2,15,Overpriced
Active,445 N Andrews Avenue Unit#403,Avenue Lofts,Downtown high-rise,Condo,2098.0,2,False,899000.0,429.0,376.0,789000.0,110000.0,14.1,8,Overpriced
Active,603 SW 7th Avenue Unit#11,Seawanna,Mainland inland,Townhouse,1912.0,3,False,670000.0,350.0,307.0,587000.0,83000.0,14.0,2,Insufficient comps
Active,3020 NE 32nd Ave Unit#1401,Tides Bridgeside Squar Tides Bridgeside,Barrier island / beach,Condo,1510.0,3,False,799000.0,529.0,464.0,701000.0,98000.0,14.0,2,Insufficient comps
Active,347 N New River Drive Unit#1603,Watergarden,Intracoastal / canal waterfront,Condo,1204.0,2,True,869000.0,722.0,634.0,763000.0,106000.0,13.9,46,Overpriced
Active,1528 NE 1st Avenue,Progresso,Mainland inland,Single Family,1108.0,3,False,534900.0,483.0,424.0,470000.0,65000.0,13.9,199,Overpriced
Active,551 N Fort Lauderdale Beach Blvd Unit#H1007,Flb Condominium Hotel,Barrier island / beach,Condo,579.0,1,True,455000.0,786.0,690.0,400000.0,55000.0,13.9,0,Insufficient comps
Active,2670 E Sunrise Boulevard Unit#1109,Gallery One,Intracoastal / canal waterfront,Condo,836.0,2,True,248700.0,297.0,261.0,218000.0,31000.0,13.8,29,Overpriced
Active,1515 E Broward Boulevard Unit#305,Pine Crest Village,Mainland inland,Condo,960.0,2,False,404000.0,421.0,370.0,355000.0,49000.0,13.8,10,Overpriced
Active,2580 Manor Way,Altessa Wilton Manors,Mainland inland,Townhouse,2179.0,4,False,1043390.0,479.0,421.0,917000.0,126000.0,13.8,0,Insufficient comps
Active,2625 NW 3rd Avenue,Babco Heights,Mainland inland,Single Family,1944.0,3,False,825000.0,424.0,373.0,725000.0,100000.0,13.7,5,Overpriced
Pending,1314 NE 13th Avenue Unit#A-b,Holiday Heights,Mainland inland,Townhouse,2400.0,4,False,1299999.0,542.0,477.0,1145000.0,155000.0,13.6,0,Insufficient comps
Active,550 Bayshore Drive Unit#314,Bayshore Embassy,Barrier island / beach,Condo,740.0,2,False,389000.0,526.0,463.0,343000.0,46000.0,13.6,1,Insufficient comps
Active,601 N Ft Lauderdale Bch Boulevard Unit#905,Atlantic Hotel,Barrier island / beach,Condo,600.0,1,True,460000.0,767.0,675.0,405000.0,55000.0,13.6,5,Overpriced
Active,535 Hendricks Isle Unit#209,Burton Point,Intracoastal / canal waterfront,Condo,800.0,2,True,499000.0,624.0,550.0,440000.0,59000.0,13.5,5,Overpriced
Active,720 Orton Avenue Unit#505,Leisure Sands,Barrier island / beach,Condo,810.0,2,False,395000.0,488.0,430.0,348000.0,47000.0,13.5,3,Insufficient comps
Pending,228 SW 22nd St,Lauderdale,Mainland inland,Single Family,1200.0,3,False,645000.0,538.0,474.0,569000.0,76000.0,13.5,41,Overpriced
Active,515 Lido Drive,Coral Isles,Finger-isle waterfront,Single Family,7877.0,6,True,16750000.0,2126.0,1873.0,14754000.0,1996000.0,13.5,15,Overpriced
Active,1034 NE 18th Ave Unit#205,Galleria Lofts,Mainland inland,Condo,1938.0,3,False,820000.0,423.0,373.0,723000.0,97000.0,13.4,2,Insufficient comps
Active,119 NE 19th Court Unit#118g,Manor Grove Village Two Co,Mainland inland,Condo,1180.0,2,False,399000.0,338.0,298.0,352000.0,47000.0,13.4,1,Insufficient comps
Active,1101 River Reach Drive Unit#415,River Reach,Intracoastal / canal waterfront,Condo,1110.0,2,True,385000.0,347.0,306.0,340000.0,45000.0,13.4,54,Overpriced
Active,1920 S Ocean Drive Unit#611,Atlantic Towers Co Op,Barrier island / beach,Condo,1293.0,3,False,585000.0,452.0,399.0,516000.0,69000.0,13.3,1,Insufficient comps
Active,333 Las Olas Way Unit#1608,Las Olas,Intracoastal / canal waterfront,Condo,1161.0,2,True,849900.0,732.0,646.0,750000.0,100000.0,13.3,140,Overpriced
Active,2718 NE 17th Street,Coral Ridge,Intracoastal / canal waterfront,Single Family,5015.0,6,True,7100000.0,1416.0,1251.0,6274000.0,826000.0,13.2,62,Overpriced
Pending,2725 NE 28th Street,Coral Ridge Galt,Barrier island / beach,Single Family,3200.0,4,False,3599000.0,1125.0,994.0,3181000.0,418000.0,13.2,88,Overpriced
Active,1212 E Lake Drive,Harbor Beach,Barrier island / beach,Single Family,5917.0,5,False,6150000.0,1039.0,918.0,5432000.0,718000.0,13.2,30,Overpriced
Active,744 NE 14th Avenue Unit#21,Sevilla Courts,Mainland inland,Condo,760.0,2,False,300000.0,395.0,349.0,265000.0,35000.0,13.2,3,Insufficient comps
Active,1515 E Broward Boulevard Unit#323,Pine Crest Village Vi,Mainland inland,Condo,960.0,2,False,365000.0,380.0,336.0,323000.0,42000.0,13.1,0,Insufficient comps
Active,1935 SE 25th Avenue,Harbour Heights,Mainland inland,Single Family,2169.0,4,False,1749999.0,807.0,714.0,1549000.0,201000.0,13.0,14,Overpriced
Active,1101 River Reach Drive Unit#502,River Reach,Intracoastal / canal waterfront,Condo,1250.0,2,True,424999.0,340.0,301.0,376000.0,49000.0,13.0,54,Overpriced
Active,650 Tennis Club Drive Unit#305,Tennis Club Lenglen,Mainland inland,Condo,1056.0,2,False,239900.0,227.0,201.0,212000.0,28000.0,12.9,0,Insufficient comps
Pending,2164 NE 25th Street,Coral Point,Intracoastal / canal waterfront,Single Family,1785.0,3,True,1199950.0,672.0,595.0,1062000.0,138000.0,12.9,15,Overpriced
Active,1331 NE 16th Ter,Progresso,Mainland inland,Single Family,3438.0,4,False,2625000.0,764.0,677.0,2328000.0,297000.0,12.9,199,Overpriced
Active,656 NW 21st Street,Curva Del Rio,Intracoastal / canal waterfront,Single Family,2338.0,3,True,1799000.0,769.0,682.0,1595000.0,204000.0,12.8,2,Insufficient comps
Active,401 SW 4th Avenue Unit#402,Esplanade On New River,Intracoastal / canal waterfront,Condo,1215.0,2,True,515000.0,424.0,376.0,457000.0,58000.0,12.8,1,Insufficient comps
Active,1905 N Ocean Blvd Unit#PHA,Shore Club,Barrier island / beach,Condo,1500.0,2,True,965000.0,643.0,570.0,855000.0,110000.0,12.8,9,Overpriced
Active,919 NE 17th Terrace Unit#A,Victoria Park,Mainland inland,Townhouse,2445.0,3,False,1595000.0,652.0,578.0,1413000.0,182000.0,12.8,52,Overpriced
Active,2901 NW 10th Ave,Jenada Isles,Mainland inland,Single Family,2010.0,3,False,790000.0,393.0,349.0,701000.0,89000.0,12.6,6,Overpriced
Pending,445 N Andrews Avenue Unit#404,Avenue Lofts,Downtown high-rise,Condo,1863.0,2,False,800000.0,429.0,381.0,710000.0,90000.0,12.6,8,Overpriced
Pending,2043 NE 29th Street,Coral Shores,Mainland inland,Single Family,2038.0,3,False,1095000.0,537.0,477.0,972000.0,123000.0,12.6,20,Overpriced
Active,2401 NE 17th Terrace,Max Swartz,Mainland inland,Single Family,1320.0,3,False,785000.0,595.0,529.0,698000.0,87000.0,12.5,2,Insufficient comps
Active,1920 S Ocean Drive Unit#1611,Atlantic Towers Co Op,Barrier island / beach,Condo,1293.0,3,False,580000.0,449.0,399.0,516000.0,64000.0,12.5,1,Insufficient comps
Active,2107 SE 10th Ave Unit#809,Village East,Mainland inland,Condo,878.0,1,False,335420.0,382.0,340.0,299000.0,36000.0,12.4,21,Overpriced
Pending,1000 River Reach Drive Unit#512,River Reach,Intracoastal / canal waterfront,Condo,1025.0,2,True,344900.0,336.0,299.0,306000.0,39000.0,12.4,54,Overpriced
Active,2340 NE 9th St Unit#210,Park Ridge East Apts Cond Park Ridge East,Mainland inland,Condo,1079.0,2,False,420000.0,389.0,346.0,373000.0,47000.0,12.4,1,Insufficient comps
Active,510 NE 17th Avenue Unit#103,Elizabethan,Mainland inland,Condo,751.0,2,False,299800.0,399.0,355.0,267000.0,33000.0,12.4,0,Insufficient comps
Active,1900 Bayview Drive,Coral Ridge,Mainland inland,Single Family,1711.0,2,False,1300000.0,760.0,677.0,1158000.0,142000.0,12.3,62,Overpriced
Active,345 N Fort Lauderdale Beach Blvd Unit#202,Spring Tide Apts Co Op Spring Tide,Barrier island / beach,Condo,795.0,1,True,495000.0,623.0,555.0,441000.0,54000.0,12.3,1,Insufficient comps
Active,2500 Manor Way,Altessa Wilton Manors,Mainland inland,Townhouse,1738.0,4,False,815890.0,469.0,418.0,726000.0,90000.0,12.2,0,Insufficient comps
Active,2900 NE 30th Street Unit#Apt 8j,Lauderdale Tower,Intracoastal / canal waterfront,Condo,730.0,1,True,349900.0,479.0,427.0,312000.0,38000.0,12.2,12,Overpriced
Active,1432 NE 2ND Avenue,Progresso,Mainland inland,Single Family,1272.0,3,False,649000.0,510.0,455.0,579000.0,70000.0,12.1,199,Overpriced
Active,100 N Federal Highway,Waverly Las Olas,Mainland inland,Condo,1259.0,2,False,549000.0,436.0,389.0,490000.0,59000.0,12.1,23,Overpriced
Pending,1004 SE 11th Street,Rio Vista,Mainland inland,Single Family,1891.0,3,False,1330000.0,703.0,628.0,1188000.0,142000.0,11.9,89,Overpriced
Pending,1578 S Ocean Ln Unit#214,Oceanage,Barrier island / beach,Condo,1264.0,2,False,999000.0,790.0,706.0,892000.0,107000.0,11.9,17,Overpriced
Active,416 NE 29th St,Tropical Manors,Mainland inland,Single Family,1514.0,3,False,940000.0,621.0,555.0,840000.0,100000.0,11.9,17,Overpriced
Active,839 NW 13th Ave,Lincoln Park Third,Mainland inland,Single Family,1059.0,3,False,390000.0,368.0,329.0,348000.0,42000.0,11.9,2,Insufficient comps
Active,632 NW 28th Ct,Wilton Estates,Mainland inland,Single Family,1507.0,3,False,895000.0,594.0,531.0,800000.0,95000.0,11.9,7,Overpriced
Active,525 N Fort Lauderdale Beach Blvd Unit#1705,Four Seasons,Barrier island / beach,Condo,1948.0,2,True,3500000.0,1797.0,1608.0,3132000.0,368000.0,11.8,17,Overpriced
Active,660 NE 11th Ave Unit#102,Capri Courts,Mainland inland,Condo,476.0,1,False,189000.0,397.0,355.0,169000.0,20000.0,11.8,0,Insufficient comps
Active,400 NW 18th Avenue,Dorsey Park Third,Mainland inland,Single Family,1034.0,3,False,375000.0,363.0,325.0,336000.0,39000.0,11.7,3,Insufficient comps
Active,744 NE 14th Avenue Unit#4,Sevilla Courts,Mainland inland,Condo,832.0,2,False,320000.0,385.0,345.0,287000.0,33000.0,11.6,3,Insufficient comps
Pending,444 NW 1st Avenue Unit#602,Avenue Lofts Four,Downtown high-rise,Condo,1609.0,2,False,699000.0,434.0,389.0,626000.0,73000.0,11.6,0,Insufficient comps
Active,2317 NE 12th Street,Beach Way Heights,Barrier island / beach,Single Family,2571.0,4,False,1795000.0,698.0,626.0,1609000.0,186000.0,11.5,8,Overpriced
Active,509 SW 11th Street,Lauderdale,Mainland inland,Townhouse,2265.0,4,False,1099000.0,485.0,435.0,985000.0,114000.0,11.5,6,Overpriced
Active,450 Victoria Terrace,Victoria Park,Intracoastal / canal waterfront,Single Family,4042.0,5,True,4395000.0,1087.0,975.0,3941000.0,454000.0,11.5,83,Overpriced
Active,405 Bontona Ave,Venice,Finger-isle waterfront,Single Family,3342.0,4,True,3595000.0,1076.0,965.0,3225000.0,370000.0,11.5,12,Overpriced
Active,1029 NE 9th Avenue,Progresso,Mainland inland,Single Family,1278.0,3,False,599000.0,469.0,421.0,538000.0,61000.0,11.4,199,Overpriced
Active,2100 N Ocean Blvd Unit#6C,Palms Tower One,Barrier island / beach,Condo,1604.0,2,True,1095000.0,683.0,613.0,983000.0,112000.0,11.4,1,Insufficient comps
Active,2552 NE 16 Ave,Altessa Wilton Manors,Mainland inland,Townhouse,1940.0,3,False,939490.0,484.0,435.0,844000.0,95000.0,11.3,0,Insufficient comps
Active,425 Bayshore Dr Unit#d-3,Ft Laud Surf Club Co Op Fort Lauderdale Surf Club,Barrier island / beach,Condo,770.0,1,True,474000.0,616.0,554.0,427000.0,47000.0,11.2,0,Insufficient comps
Active,610 W Las Olas Blvd Unit#117N,Symphony North Symphony,Intracoastal / canal waterfront,Condo,1180.0,2,True,665000.0,564.0,507.0,598000.0,67000.0,11.2,3,Insufficient comps
Active,2410 Manor Way,Altessa Wilton Manors,Mainland inland,Townhouse,1738.0,4,False,812340.0,467.0,420.0,730000.0,82000.0,11.2,0,Insufficient comps
Active,2029 N Ocean Blvd Unit#404,Tradewinds By Sea Con,Barrier island / beach,Condo,1100.0,2,False,560000.0,509.0,458.0,504000.0,56000.0,11.1,0,Insufficient comps
Active,2445 SW 18th Terrace Unit#703,Marina Oaks,Mainland inland,Condo,858.0,2,False,260000.0,303.0,273.0,234000.0,26000.0,11.0,14,Overpriced
Active,2445 SW 18th Terrace Unit#922,Marina Oaks,Mainland inland,Condo,858.0,2,False,260000.0,303.0,273.0,234000.0,26000.0,11.0,14,Overpriced
Active,511 Bayshore Drive Unit#910,Bayshore Towers,Barrier island / beach,Condo,1036.0,1,True,615000.0,594.0,535.0,554000.0,61000.0,11.0,11,Overpriced
Active,1031 NE 13th Ave,Progresso,Mainland inland,Townhouse,2680.0,4,False,950000.0,354.0,319.0,855000.0,95000.0,11.0,42,Overpriced
Active,2409 N OCEAN Boulevard Unit#626,Fountains On Ocean Bouleva,Barrier island / beach,Condo,1820.0,3,False,995000.0,547.0,493.0,897000.0,98000.0,11.0,1,Insufficient comps
Active,2000 Harbourview Drive,Harbour Heights,Mainland inland,Single Family,4964.0,5,False,5995000.0,1208.0,1088.0,5401000.0,594000.0,11.0,14,Overpriced
Active,359 Poinciana Drive,Idlewyld,Mainland inland,Single Family,2344.0,3,False,2250000.0,960.0,866.0,2030000.0,220000.0,10.9,16,Overpriced
Active,1160 N Federal Hwy Unit#815,East Point Towers,Intracoastal / canal waterfront,Condo,896.0,1,True,219000.0,244.0,220.0,197000.0,22000.0,10.9,25,Overpriced
Active,333 Las Olas Way Unit#2505,Las Olas,Intracoastal / canal waterfront,Condo,2129.0,2,True,1499000.0,704.0,635.0,1352000.0,147000.0,10.9,140,Overpriced
Active,17 SE 12th Avenue,Beverly Heights Na,Mainland inland,Townhouse,2509.0,4,False,1950000.0,777.0,701.0,1759000.0,191000.0,10.8,0,Insufficient comps
Active,40 Isle Of Venice Drive Unit#3,Isles House East,Intracoastal / canal waterfront,Condo,560.0,1,True,350000.0,625.0,564.0,316000.0,34000.0,10.8,1,Insufficient comps
Active,1523 SE 2nd Court,Colee Hammock,Mainland inland,Single Family,1787.0,3,False,1395000.0,781.0,705.0,1260000.0,135000.0,10.8,19,Overpriced
Active,2550 SW 18th Terrace Unit#2102,Marina Oaks,Mainland inland,Condo,858.0,2,False,260000.0,303.0,274.0,235000.0,25000.0,10.6,14,Overpriced
Active,915 SE 2nd Court,Colee Hammock,Mainland inland,Townhouse,2561.0,3,False,1524900.0,595.0,538.0,1378000.0,147000.0,10.6,9,Overpriced
Pending,341 SW 16th Court,Croissant Park,Mainland inland,Townhouse,1884.0,3,False,695000.0,369.0,334.0,629000.0,66000.0,10.5,4,Insufficient comps
Active,636 NE 16th Court,Por Norfolk Ga,Mainland inland,Single Family,1250.0,2,False,670000.0,536.0,485.0,606000.0,64000.0,10.5,2,Insufficient comps
Active,333 Las Olas Way Unit#3006,Las Olas,Intracoastal / canal waterfront,Condo,1869.0,2,True,1295000.0,693.0,628.0,1174000.0,121000.0,10.4,140,Overpriced
Pending,1 Las Olas Circle Unit#905,Venetian,Barrier island / beach,Condo,1200.0,2,True,739000.0,616.0,559.0,671000.0,68000.0,10.2,3,Insufficient comps
Active,512 NW 15th Terrace,Dorsey Park First,Mainland inland,Single Family,1118.0,4,False,425000.0,380.0,345.0,386000.0,39000.0,10.1,2,Insufficient comps
Pending,2301 Wilton Dr Unit#R207,Isles City Lofts,Mainland inland,Condo,1386.0,2,False,459900.0,332.0,302.0,419000.0,41000.0,9.9,5,Fairly priced
Active,1644 NE 4th Court,Victoria Park,Mainland inland,Single Family,3193.0,4,False,3195000.0,1001.0,911.0,2909000.0,286000.0,9.9,83,Fairly priced
Pending,2839 NE 26th Place,Coral Ridge Galt,Barrier island / beach,Single Family,6750.0,6,True,9975000.0,1478.0,1345.0,9079000.0,896000.0,9.9,88,Fairly priced
Pending,815 SE 7th Street,Rio Vista,Mainland inland,Single Family,1317.0,3,False,990000.0,752.0,684.0,901000.0,89000.0,9.9,89,Fairly priced
Pending,815 Middle River Drive Unit#Unit 215,Middle River Villas,Mainland inland,Condo,560.0,1,False,219000.0,391.0,356.0,199000.0,20000.0,9.8,8,Fairly priced
Active,2607 NE 8th Avenue Unit#34,Wilton Village,Mainland inland,Condo,846.0,2,False,295000.0,349.0,318.0,269000.0,26000.0,9.7,11,Fairly priced
Pending,2001 N Ocean Boulevard Unit#702s,Vue,Barrier island / beach,Condo,1397.0,2,False,740000.0,530.0,483.0,675000.0,65000.0,9.7,6,Fairly priced
Active,1315 NE 5th Ter,Progresso,Mainland inland,Single Family,1780.0,4,False,925000.0,520.0,474.0,844000.0,81000.0,9.7,199,Fairly priced
Active,825 Sw 12th  Street,Vinik,Mainland inland,Townhouse,2323.0,3,False,799000.0,344.0,314.0,729000.0,70000.0,9.6,2,Insufficient comps
Active,701 NW 19th Street Unit#401,Tennis Club Ii,Mainland inland,Condo,1000.0,2,False,240000.0,240.0,219.0,219000.0,21000.0,9.6,4,Insufficient comps
Active,1000 River Reach Dr Unit#516,River Reach,Intracoastal / canal waterfront,Condo,900.0,2,True,299000.0,332.0,303.0,273000.0,26000.0,9.6,54,Fairly priced
Active,2727 Yacht Club Boulevard Unit#1b,Sunrise Bay Club Co Op,Intracoastal / canal waterfront,Condo,1030.0,2,True,499000.0,484.0,442.0,455000.0,44000.0,9.5,5,Fairly priced
Active,1052 N Victoria Park Road,Lake Ridge,Mainland inland,Townhouse,2074.0,3,False,1175000.0,567.0,518.0,1074000.0,101000.0,9.5,8,Fairly priced
Active,505 N Ft Lauderdale Bch Boulevard Unit#1914,Club Resort Residence,Barrier island / beach,Condo,662.0,1,True,259000.0,391.0,357.0,236000.0,23000.0,9.5,22,Fairly priced
Active,347 N New River Drive Unit#Ph 4,Watergarden,Intracoastal / canal waterfront,Condo,1918.0,2,True,1295000.0,675.0,617.0,1183000.0,112000.0,9.4,46,Fairly priced
Active,1839 Middle River Drive Unit#303,Rivers Bend,Intracoastal / canal waterfront,Condo,1196.0,2,True,599000.0,501.0,458.0,548000.0,51000.0,9.4,0,Insufficient comps
Active,3101 Bayshore Dr Unit#1708,Fort Lauderdale Residence Redidences And Hotel,Barrier island / beach,Condo,1214.0,2,True,879000.0,724.0,662.0,804000.0,75000.0,9.4,0,Insufficient comps
Active,1055 SE 15th Street Unit#14c,Cliff Lake Villas,Mainland inland,Condo,600.0,1,False,190000.0,317.0,290.0,174000.0,16000.0,9.3,3,Insufficient comps
Active,3101 Bayshore Dr Unit#1802,Fort Lauderdale Residence Fort Lauderdale Residen,Barrier island / beach,Condo,1329.0,2,True,949999.0,715.0,654.0,869000.0,81000.0,9.3,1,Insufficient comps
Active,606 SW 19th Street,Pinehurst Pl Portio,Mainland inland,Single Family,1712.0,4,False,824900.0,482.0,441.0,755000.0,70000.0,9.3,0,Insufficient comps
Active,2836 NW 11th Avenue,Jenada Isles,Mainland inland,Single Family,2712.0,4,False,1125000.0,415.0,380.0,1031000.0,94000.0,9.2,6,Fairly priced
Active,100 E Las Olas Blvd Unit#3201,Las Olas,Intracoastal / canal waterfront,Condo,2191.0,2,True,1790000.0,817.0,748.0,1639000.0,151000.0,9.2,140,Fairly priced
Active,408 NW 21st St,Meadowbrook,Mainland inland,Single Family,1559.0,3,False,649000.0,416.0,381.0,594000.0,55000.0,9.2,5,Fairly priced
Active,1625 SW 5th Ct,Gill Isles,Finger-isle waterfront,Single Family,1521.0,3,True,1000000.0,657.0,602.0,916000.0,84000.0,9.1,14,Fairly priced
Active,507 SW 11th Street,Tarpon River,Mainland inland,Townhouse,2265.0,4,False,1099000.0,485.0,445.0,1008000.0,91000.0,9.0,16,Fairly priced
Active,1616 SW 9th Street,Sherwood Forest,Mainland inland,Single Family,1120.0,4,False,540000.0,482.0,442.0,495000.0,45000.0,9.0,4,Insufficient comps
Active,601 NE 14th Place,Lauderdale Gardens,Mainland inland,Single Family,1122.0,2,False,559900.0,499.0,458.0,514000.0,46000.0,9.0,3,Insufficient comps
Pending,842 NE 20th Drive Unit#842,Footbridge Townhouses,Mainland inland,Townhouse,1212.0,2,False,439000.0,362.0,332.0,402000.0,37000.0,9.0,1,Insufficient comps
Active,170 Isle Of Venice Drive,Nurmi Isles,Finger-isle waterfront,Townhouse,4070.0,3,True,3200000.0,786.0,722.0,2939000.0,261000.0,8.9,1,Insufficient comps
Pending,1368 Bayview Drive,Dockside Grandeur,Intracoastal / canal waterfront,Townhouse,2882.0,4,True,1795000.0,623.0,572.0,1649000.0,146000.0,8.9,0,Insufficient comps
Pending,3020 NE 5th Terrace,River Terrace,Mainland inland,Townhouse,1586.0,3,False,599000.0,378.0,347.0,550000.0,49000.0,8.9,0,Insufficient comps
Active,2540 Manor Way,Altessa Wilton Manors,Mainland inland,Townhouse,2046.0,3,False,961990.0,470.0,432.0,884000.0,78000.0,8.8,0,Insufficient comps
Active,551 N Fort Lauderdale Beach Boulevard Unit#H1603,Flb Condominium Hotel,Barrier island / beach,Condo,731.0,1,True,549900.0,752.0,692.0,506000.0,44000.0,8.7,0,Insufficient comps
Pending,600 W Las Olas Blvd Unit#1605S,Symphony South Symphony,Intracoastal / canal waterfront,Condo,1224.0,2,True,675000.0,551.0,507.0,621000.0,54000.0,8.7,2,Insufficient comps
Active,2863 NE 27th Street,Coral Ridge Galt,Barrier island / beach,Single Family,5628.0,6,True,8300000.0,1475.0,1357.0,7637000.0,663000.0,8.7,88,Fairly priced
Pending,1300 Cordova Road,Lauderdale Harbors,Intracoastal / canal waterfront,Single Family,1916.0,2,True,1750000.0,913.0,840.0,1609000.0,141000.0,8.7,26,Fairly priced
Active,1004 NW 12th Street,Lauderdale Manors,Mainland inland,Single Family,1145.0,3,False,400000.0,349.0,321.0,368000.0,32000.0,8.7,102,Fairly priced
Active,333 Las Olas Way Unit#1508,Las Olas,Intracoastal / canal waterfront,Condo,1161.0,2,True,815000.0,702.0,646.0,750000.0,65000.0,8.7,140,Fairly priced
Active,321 Hendricks Isle,Victoria Isles,Finger-isle waterfront,Townhouse,3395.0,4,True,3600000.0,1060.0,975.0,3310000.0,290000.0,8.7,0,Insufficient comps
Active,350 SE 2nd Street Unit#1870,Las Olas,Mainland inland,Condo,1650.0,3,False,825000.0,500.0,460.0,759000.0,66000.0,8.7,140,Fairly priced
Active,323 Hendricks Isle,Victoria Isles,Finger-isle waterfront,Townhouse,3395.0,4,True,3600000.0,1060.0,975.0,3310000.0,290000.0,8.7,0,Insufficient comps
Active,2130 NE 9th Avenue,Wilton Pines Townhomes,Mainland inland,Townhouse,1292.0,2,False,471900.0,365.0,336.0,434000.0,38000.0,8.6,2,Insufficient comps
Active,200 S Birch Road Unit#208,Leisure Beach,Barrier island / beach,Condo,756.0,2,False,389900.0,516.0,475.0,359000.0,31000.0,8.6,5,Fairly priced
Active,315 NE 15th Avenue,Victoria Park,Mainland inland,Townhouse,2854.0,3,False,1350000.0,473.0,436.0,1244000.0,106000.0,8.5,52,Fairly priced
Active,1001 SE 16th Street Unit#7,Harbordale,Mainland inland,Condo,600.0,1,False,194700.0,324.0,299.0,179000.0,16000.0,8.4,6,Fairly priced
Pending,511 Bayshore Drive Unit#501,Bayshore Towers,Barrier island / beach,Condo,1436.0,2,True,835000.0,581.0,536.0,770000.0,65000.0,8.4,11,Fairly priced
Pending,76 Isle Of Venice Dr Unit#H,Isles Venice Co Op Isles Venice,Finger-isle waterfront,Condo,2984.0,3,True,1599000.0,536.0,495.0,1477000.0,122000.0,8.3,0,Insufficient comps
Active,525 N Fort Lauderdale Beach Blvd Unit#1707,Four Seasons,Barrier island / beach,Condo,1458.0,1,True,2600000.0,1783.0,1646.0,2400000.0,200000.0,8.3,17,Fairly priced
Pending,2965 NE 8th Terrace Unit#101,Middle River Homes,Mainland inland,Condo,761.0,2,False,249900.0,328.0,303.0,231000.0,19000.0,8.3,6,Fairly priced
Active,1330 Holly Heights Drive Unit#2,Asoka,Mainland inland,Condo,721.0,2,False,210000.0,291.0,269.0,194000.0,16000.0,8.2,2,Insufficient comps
Active,1142 NW 2nd Ave,Progresso,Mainland inland,Single Family,1102.0,3,False,521980.0,474.0,438.0,483000.0,39000.0,8.2,199,Fairly priced
Pending,555 NE 7th Avenue Unit#5a,East Townhomes,Mainland inland,Townhouse,1204.0,2,False,539500.0,448.0,414.0,498000.0,42000.0,8.2,2,Insufficient comps
Active,1470 N Dixie Highway Unit#43,Wisteria Court,Mainland inland,Condo,587.0,1,False,185000.0,315.0,291.0,171000.0,14000.0,8.2,4,Insufficient comps
Active,1730 SE 13th Street,Lauderdale Harbors,Intracoastal / canal waterfront,Single Family,5950.0,5,True,8995000.0,1512.0,1399.0,8324000.0,671000.0,8.1,26,Fairly priced
Active,3101 Bayshore Dr Unit#1402,Fort Lauderdale Residence Hotel Residences,Barrier island / beach,Condo,1329.0,2,True,939000.0,707.0,654.0,869000.0,70000.0,8.1,0,Insufficient comps
Active,2845 NE 9th Street Unit#601,Le Club,Barrier island / beach,Condo,2095.0,2,True,1399000.0,668.0,618.0,1295000.0,104000.0,8.1,1,Insufficient comps
Active,2621 SW 12th Ter,Devonshire,Mainland inland,Single Family,1394.0,3,False,560000.0,402.0,372.0,519000.0,41000.0,8.1,6,Fairly priced
Pending,1127 N Victoria Park Road,Progresso,Mainland inland,Townhouse,2102.0,2,False,699000.0,333.0,308.0,647000.0,52000.0,8.1,42,Fairly priced
Active,1125 NE 16th Pl Unit#201,Tudor Manor,Mainland inland,Condo,740.0,2,False,210000.0,284.0,263.0,195000.0,15000.0,8.0,2,Insufficient comps
Active,2011 N Ocean Boulevard Unit#504,Vue,Barrier island / beach,Condo,1267.0,2,False,669000.0,528.0,489.0,620000.0,49000.0,8.0,6,Fairly priced
Active,3101 Bayshore Unit#1007,Residence,Barrier island / beach,Condo,1176.0,2,True,840000.0,714.0,662.0,779000.0,61000.0,7.9,3,Insufficient comps
Active,900 NE 18th Avenue Unit#1406-1407,Victoria Park,Mainland inland,Condo,1700.0,4,False,555000.0,326.0,302.0,513000.0,42000.0,7.9,11,Fairly priced
Active,436 NW 15th Ave,First To Tuskegee Par,Mainland inland,Single Family,1036.0,3,False,379999.0,367.0,340.0,352000.0,28000.0,7.9,7,Fairly priced
Active,1140 NW 4th Ave,Progresso,Mainland inland,Single Family,1056.0,2,False,465000.0,440.0,408.0,431000.0,34000.0,7.8,199,Fairly priced
Active,155 Isle Of Venice Dr Unit#602,Venice Isles Tower,Finger-isle waterfront,Condo,940.0,2,True,585000.0,622.0,577.0,542000.0,43000.0,7.8,6,Fairly priced
Pending,164 NE 30th St,Almar Estates,Intracoastal / canal waterfront,Single Family,1590.0,3,True,999000.0,628.0,583.0,927000.0,72000.0,7.7,10,Fairly priced
Pending,1124 Seminole Drive Unit#1 C&D,Coral Cove,Intracoastal / canal waterfront,Condo,1620.0,2,True,725000.0,448.0,416.0,674000.0,51000.0,7.7,5,Fairly priced
Active,2029 N Ocean Boulevard Unit#303,Tradewinds By Sea,Barrier island / beach,Condo,1100.0,2,False,540000.0,491.0,456.0,502000.0,38000.0,7.7,3,Insufficient comps
Pending,1845 NE 15th Avenue,Edge Water Townhomes,Mainland inland,Townhouse,1060.0,2,False,379000.0,358.0,333.0,353000.0,26000.0,7.5,0,Insufficient comps
Active,744 NE 14th Avenue Unit#12,Sevilla Courts,Mainland inland,Condo,790.0,2,False,294999.0,373.0,347.0,274000.0,21000.0,7.5,3,Insufficient comps
Active,535 Hendricks Isle Unit#302,Burton Point,Intracoastal / canal waterfront,Condo,700.0,1,True,429000.0,613.0,570.0,399000.0,30000.0,7.5,5,Fairly priced
Active,1035 NW 2nd Ave,Progresso,Mainland inland,Townhouse,1372.0,3,False,490000.0,357.0,332.0,456000.0,34000.0,7.5,42,Fairly priced
Active,3305 NE 15th St,Las Olas,Mainland inland,Single Family,2909.0,3,False,2699000.0,928.0,864.0,2513000.0,186000.0,7.4,19,Fairly priced
Active,1401 NE 14th Ct,Verena Park,Mainland inland,Single Family,1026.0,3,False,599000.0,584.0,544.0,558000.0,41000.0,7.4,1,Insufficient comps
Active,611 NE 14th Ave Unit#206,Park Court,Mainland inland,Condo,820.0,2,False,309000.0,377.0,351.0,288000.0,21000.0,7.4,2,Insufficient comps
Active,1032 SW 15th Ter,Riverside,Mainland inland,Single Family,1026.0,2,False,539000.0,525.0,489.0,502000.0,37000.0,7.4,10,Fairly priced
Active,315 NE 3rd Ave Unit#2009,Strada,Downtown high-rise,Condo,826.0,1,False,395000.0,478.0,445.0,368000.0,27000.0,7.4,11,Fairly priced
Active,151 NE 16th Avenue Unit#278,Pine Crest Village Ii,Mainland inland,Condo,1273.0,2,False,450000.0,353.0,329.0,419000.0,31000.0,7.3,0,Insufficient comps
Active,1318 SE 12TH Way,Lauderdale Harbors,Intracoastal / canal waterfront,Single Family,1457.0,2,True,1495000.0,1026.0,956.0,1393000.0,102000.0,7.3,26,Fairly priced
Active,701 N Fort Lauderdale Beach Boulevard Unit#1103,Paramount,Barrier island / beach,Condo,1751.0,2,True,2099000.0,1199.0,1117.0,1956000.0,143000.0,7.3,9,Fairly priced
Active,1550 Ponce De Leon Drive,Rio Vista,Mainland inland,Single Family,4040.0,5,False,4895000.0,1212.0,1130.0,4565000.0,330000.0,7.3,89,Fairly priced
Active,340 Sunset Drive Unit#1508,Essex Tower,Mainland inland,Condo,1218.0,2,False,499000.0,410.0,382.0,465000.0,34000.0,7.3,16,Fairly priced
Active,1321 CORDOVA Road,Lauderdale Harbors,Mainland inland,Single Family,1726.0,3,False,1285000.0,744.0,694.0,1198000.0,87000.0,7.2,26,Fairly priced
Active,511 Bayshore Drive Unit#707,Bayshore Towers,Barrier island / beach,Condo,1705.0,3,True,1000000.0,587.0,548.0,934000.0,66000.0,7.1,11,Fairly priced
Active,511 SE 5th Ave Unit#1408,Nuriver Landing,Downtown high-rise,Condo,1246.0,2,False,469000.0,376.0,351.0,437000.0,32000.0,7.1,34,Fairly priced
Active,527 NW 17th Street,Gardenia Park,Mainland inland,Townhouse,1844.0,3,False,618000.0,335.0,313.0,577000.0,41000.0,7.0,6,Fairly priced
Active,1127 NW 2nd Ave,Progresso,Mainland inland,Single Family,1088.0,3,False,465000.0,427.0,399.0,434000.0,31000.0,7.0,199,Fairly priced
Active,2856 NE 25th Street,Coral Ridge,Intracoastal / canal waterfront,Single Family,4795.0,4,True,5495000.0,1146.0,1071.0,5135000.0,360000.0,7.0,62,Fairly priced
Pending,1637 N Victoria Park Road,Progresso,Mainland inland,Single Family,1355.0,3,False,675000.0,498.0,466.0,631000.0,44000.0,6.9,199,Fairly priced
Active,1039 N Victoria Park Road Unit#1-3,Progresso,Mainland inland,Single Family,1971.0,4,False,889000.0,451.0,422.0,832000.0,57000.0,6.9,199,Fairly priced
Active,3020 NE 32nd Avenue Unit#Ph1,Tides Bridgeside Square,Barrier island / beach,Condo,1510.0,3,False,749000.0,496.0,464.0,701000.0,48000.0,6.9,0,Insufficient comps
Active,516 SW 17th Street,Lauderdale,Mainland inland,Single Family,1250.0,3,False,635000.0,508.0,475.0,594000.0,41000.0,6.9,41,Fairly priced
Active,3000 NE 16th Ave Unit#405,River Shores,Downtown high-rise,Condo,600.0,1,False,149000.0,248.0,232.0,139000.0,10000.0,6.9,15,Fairly priced
Pending,308 City View Drive,Near Northwest,Downtown high-rise,Townhouse,888.0,2,False,420000.0,473.0,443.0,393000.0,27000.0,6.8,0,Insufficient comps
Active,1032 SE 12th Way,Rio Vista,Mainland inland,Single Family,4516.0,5,False,5350000.0,1185.0,1110.0,5013000.0,337000.0,6.8,89,Fairly priced
Pending,3004 NE 5th Terrace Unit#Apt 210c,River Manor,Intracoastal / canal waterfront,Condo,1000.0,2,True,335000.0,335.0,314.0,314000.0,21000.0,6.7,27,Fairly priced
Active,101 N Birch Road Unit#102,Harbor House North,Barrier island / beach,Condo,696.0,1,True,434000.0,624.0,585.0,407000.0,27000.0,6.7,0,Insufficient comps
Active,2100 S Ocean Ln Unit#2308,Point Americas,Barrier island / beach,Condo,1880.0,2,True,1150000.0,612.0,574.0,1079000.0,71000.0,6.6,28,Fairly priced
Active,1141 SW 8th Ter,Vinik,Mainland inland,Single Family,1122.0,2,False,534900.0,477.0,448.0,503000.0,32000.0,6.5,4,Insufficient comps
Active,20 NE 24th Street,Lazy Lake,Intracoastal / canal waterfront,Single Family,3550.0,4,True,4000000.0,1127.0,1059.0,3759000.0,241000.0,6.4,2,Insufficient comps
Active,1777 SE 15th St Unit#407,Cromwell East,Intracoastal / canal waterfront,Condo,840.0,2,True,350000.0,417.0,392.0,329000.0,21000.0,6.4,5,Fairly priced
Active,48 Hendricks Isle Unit#2 A-a,Meritage,Intracoastal / canal waterfront,Condo,2253.0,3,True,1495000.0,664.0,624.0,1406000.0,89000.0,6.4,2,Insufficient comps
Active,936 Intracoastal Drive Unit#12c,Corinthian,Intracoastal / canal waterfront,Condo,1500.0,2,True,715000.0,477.0,449.0,674000.0,41000.0,6.2,8,Fairly priced
Active,907 NE 16th Avenue,Victoria Park,Mainland inland,Townhouse,2483.0,4,False,1350000.0,544.0,512.0,1271000.0,79000.0,6.2,52,Fairly priced
Active,2550 SW 18th Terrace Unit#2103,Marina Oaks,Mainland inland,Condo,858.0,2,False,250000.0,291.0,274.0,235000.0,15000.0,6.2,14,Fairly priced
Active,168 Fiesta Way,Nurmi Isles,Finger-isle waterfront,Single Family,4632.0,5,True,5990000.0,1293.0,1218.0,5642000.0,348000.0,6.2,16,Fairly priced
Active,1508 SW 20th Ave,Shady Banks,Mainland inland,Single Family,1047.0,3,False,510000.0,487.0,459.0,481000.0,29000.0,6.1,18,Fairly priced
Active,1627 Seabreeze Boulevard,Harbor Beach,Barrier island / beach,Single Family,2540.0,4,False,1999999.0,787.0,742.0,1885000.0,115000.0,6.1,30,Fairly priced
Pending,1212 Avocado Isle,Citrus Isles,Finger-isle waterfront,Single Family,3250.0,5,True,3300000.0,1015.0,957.0,3110000.0,190000.0,6.1,8,Fairly priced
Active,2100 N Ocean Blvd Unit#20D,Palms Tower One Palms,Barrier island / beach,Condo,2172.0,3,True,1375000.0,633.0,597.0,1297000.0,78000.0,6.0,1,Insufficient comps
Pending,1037 SE 12th Way,Rio Vista,Mainland inland,Single Family,3981.0,5,False,4795000.0,1204.0,1136.0,4522000.0,273000.0,6.0,89,Fairly priced
Active,2841 N Ocean Boulevard Unit#602,Vantage View,Barrier island / beach,Condo,1100.0,2,False,449000.0,408.0,385.0,424000.0,25000.0,6.0,14,Fairly priced
Active,1675 Coral Gardens Dr,Middle River Estates,Intracoastal / canal waterfront,Single Family,3611.0,5,True,2690000.0,745.0,704.0,2542000.0,148000.0,5.8,23,Fairly priced
Active,2514 NE 21ST Street Unit#A,Livermore Estates,Mainland inland,Townhouse,2450.0,3,False,1550000.0,633.0,599.0,1468000.0,82000.0,5.7,1,Insufficient comps
Active,853 SW 12th St,Vinik,Mainland inland,Single Family,1181.0,3,False,550000.0,466.0,441.0,521000.0,29000.0,5.7,4,Insufficient comps
Active,1220 NE 1ST Avenue,Progresso,Mainland inland,Single Family,1231.0,3,False,550000.0,447.0,423.0,521000.0,29000.0,5.7,199,Fairly priced
Active,2200 NE 32nd Avenue,Lauderdale Beach Ext,Barrier island / beach,Single Family,1735.0,3,False,1345000.0,775.0,733.0,1272000.0,73000.0,5.7,10,Fairly priced
Active,3101 Bayshore Drive Unit#1508,Fort Lauderdale Residences,Barrier island / beach,Condo,1214.0,2,True,849500.0,700.0,662.0,804000.0,46000.0,5.7,1,Insufficient comps
Active,1930 NE 2ND Avenue Unit#216L,Manor Grove Village Four,Mainland inland,Condo,1200.0,2,False,379000.0,316.0,299.0,359000.0,20000.0,5.7,17,Fairly priced
Active,1629 NE 1st Avenue,Placido Place,Mainland inland,Single Family,3037.0,3,False,2440000.0,803.0,760.0,2308000.0,132000.0,5.7,4,Insufficient comps
Active,2607 NE 8th Avenue Unit##25,Wilton Village,Mainland inland,Condo,597.0,1,False,209000.0,350.0,331.0,198000.0,11000.0,5.7,11,Fairly priced
Active,1160 N Federal Hwy Unit#213,East Point Towers,Intracoastal / canal waterfront,Condo,1920.0,2,True,425000.0,221.0,209.0,401000.0,24000.0,5.7,25,Fairly priced
Active,315 NE 3rd Avenue Unit#2108,Strada,Downtown high-rise,Condo,1151.0,2,False,525000.0,456.0,432.0,497000.0,28000.0,5.6,11,Fairly priced
Pending,811 SE 12th Ct,Everglade Land Sales Co,Mainland inland,Townhouse,2120.0,3,False,875000.0,413.0,391.0,829000.0,46000.0,5.6,0,Insufficient comps
Active,905 Mandarin Isle,South New River Isles,Finger-isle waterfront,Single Family,1384.0,3,True,1075000.0,777.0,736.0,1019000.0,56000.0,5.6,26,Fairly priced
Active,1101 River Reach Drive Unit#205,River Reach,Intracoastal / canal waterfront,Condo,1110.0,2,True,359000.0,323.0,306.0,340000.0,19000.0,5.6,54,Fairly priced
Active,1101 River Reach Drive Unit#311,River Reach,Intracoastal / canal waterfront,Condo,1110.0,2,True,359000.0,323.0,306.0,340000.0,19000.0,5.6,54,Fairly priced
Active,551 N Fort Lauderdale Beach Blvd Unit#H1212,Flb Condominium Hotel Ocean Resort,Barrier island / beach,Condo,579.0,0,True,439000.0,758.0,718.0,416000.0,23000.0,5.6,0,Insufficient comps
Active,563 NE 7th Avenue,East,Mainland inland,Townhouse,980.0,2,False,440000.0,449.0,425.0,416000.0,24000.0,5.6,0,Insufficient comps
Active,3050 NE 5th Ter Unit#8,Windsor Court Condominium Windsor Court,Mainland inland,Condo,788.0,2,False,225000.0,286.0,271.0,214000.0,11000.0,5.5,0,Insufficient comps
Pending,2741 NE 8th Avenue Unit#15,Wilton Commons Condominium,Mainland inland,Condo,600.0,2,False,174900.0,292.0,277.0,166000.0,9000.0,5.4,0,Insufficient comps
Active,905 NE 28th Street Unit#206,Annies Castle,Mainland inland,Condo,770.0,2,False,225000.0,292.0,277.0,213000.0,12000.0,5.4,1,Insufficient comps
Active,888 Intracoastal Drive Unit#14F,Sunrise Tower,Intracoastal / canal waterfront,Condo,955.0,1,True,325000.0,340.0,323.0,308000.0,17000.0,5.3,15,Fairly priced
Active,2500 E Las Olas Boulevard Unit#1006,Marine Tower,Intracoastal / canal waterfront,Condo,1896.0,3,True,749777.0,395.0,375.0,711000.0,39000.0,5.3,12,Fairly priced
Active,511 SE 5 Avenue Unit#1217,Nuriver Landing,Intracoastal / canal waterfront,Condo,1692.0,3,True,775000.0,458.0,435.0,736000.0,39000.0,5.3,34,Fairly priced
Active,315 SW 19th St,Croissant Park,Mainland inland,Single Family,855.0,2,False,424900.0,497.0,472.0,404000.0,21000.0,5.3,30,Fairly priced
Active,2231 NE 15th Court,Bal Harbour St,Finger-isle waterfront,Single Family,6629.0,5,True,9700000.0,1463.0,1390.0,9214000.0,486000.0,5.3,2,Insufficient comps
Active,3057 NE 16th Avenue,Coral Brook,Intracoastal / canal waterfront,Single Family,1810.0,4,True,1275000.0,704.0,669.0,1211000.0,64000.0,5.2,2,Insufficient comps
Active,729 NW 17th Avenue,Durrs,Mainland inland,Single Family,709.0,2,False,260000.0,367.0,349.0,247000.0,13000.0,5.2,1,Insufficient comps
Active,3020 NE 32nd Avenue Unit#807,Tides Bridgeside Square,Barrier island / beach,Condo,640.0,1,False,339000.0,530.0,505.0,323000.0,16000.0,5.0,0,Insufficient comps
Active,620 Solar Isle Dr,Riviera Isles,Finger-isle waterfront,Single Family,3949.0,4,True,6900000.0,1747.0,1664.0,6571000.0,329000.0,5.0,2,Insufficient comps
Pending,2456 Middle River Drive,Coral Ridge Galt,Barrier island / beach,Single Family,1478.0,3,False,999000.0,676.0,644.0,952000.0,47000.0,5.0,88,Fairly priced
Active,2609 NE 27th Way,Coral Ridge,Mainland inland,Single Family,4714.0,5,False,5350000.0,1135.0,1081.0,5096000.0,254000.0,5.0,62,Fairly priced
Active,340 Sunset Drive Unit#1803,Essex Tower,Mainland inland,Condo,1218.0,2,False,489000.0,401.0,382.0,465000.0,24000.0,5.0,16,Fairly priced
Active,1965 SE 21st Avenue,Harbour Heights,Finger-isle waterfront,Single Family,5565.0,6,True,6950000.0,1249.0,1191.0,6628000.0,322000.0,4.9,14,Fairly priced
Active,1101 Waverly Road,Waverly Place,Mainland inland,Townhouse,2779.0,3,False,959000.0,345.0,329.0,914000.0,45000.0,4.9,1,Insufficient comps
Active,550 Bayshore Drive Unit#102,Bayshore Embassy,Barrier island / beach,Condo,680.0,1,False,319900.0,470.0,448.0,305000.0,15000.0,4.9,1,Insufficient comps
Active,14 NE 29th Street,Almar Estates,Mainland inland,Single Family,1679.0,3,False,724000.0,431.0,411.0,690000.0,34000.0,4.9,10,Fairly priced
Active,1201 River Reach Drive Unit#202,River Reach,Intracoastal / canal waterfront,Condo,1110.0,2,True,355000.0,320.0,305.0,339000.0,16000.0,4.9,54,Fairly priced
Pending,1827 NE 15th Avenue Unit#1827,Edgewater Townhomes,Mainland inland,Townhouse,1056.0,2,False,370000.0,350.0,334.0,353000.0,17000.0,4.8,5,Fairly priced
Active,350 SE 2nd St Unit#870,Las Olas,Mainland inland,Condo,1650.0,3,False,799000.0,484.0,462.0,762000.0,37000.0,4.8,140,Fairly priced
Active,2406 NE 13th Court,Beach Way Heights,Barrier island / beach,Single Family,4595.0,5,False,4975000.0,1083.0,1033.0,4747000.0,228000.0,4.8,8,Fairly priced
Active,2832 NE 24th Ct,Coral Ridge Galt,Barrier island / beach,Single Family,3500.0,3,True,4395000.0,1256.0,1198.0,4193000.0,202000.0,4.8,88,Fairly priced
Pending,1749 SE 9th Street,Rio Vista,Finger-isle waterfront,Single Family,2598.0,4,True,2500000.0,962.0,918.0,2385000.0,115000.0,4.8,89,Fairly priced
Pending,841 SW 11th Ct,Vinik,Mainland inland,Single Family,1444.0,3,False,650000.0,450.0,430.0,621000.0,29000.0,4.7,4,Insufficient comps
Active,76 Isle Of Venice Dr Unit#C,Isles Venice Co Op Isles Venice,Finger-isle waterfront,Condo,1542.0,2,True,884900.0,574.0,548.0,845000.0,40000.0,4.7,0,Insufficient comps
Pending,2607 NE 8th Avenue Unit##58,Wilton Village,Mainland inland,Condo,806.0,2,False,269000.0,334.0,319.0,257000.0,12000.0,4.7,11,Fairly priced
Active,1625 SE 10th Ave Unit#101,Runaway Bay,Mainland inland,Condo,1040.0,2,False,327000.0,314.0,300.0,312000.0,15000.0,4.7,9,Fairly priced
Active,1200 NE 2nd Street,Victoria Park,Mainland inland,Single Family,2441.0,4,False,1950000.0,799.0,764.0,1865000.0,85000.0,4.6,83,Fairly priced
Active,2719 NE 19th Street,Coral Ridge,Mainland inland,Single Family,4284.0,5,False,3400000.0,794.0,759.0,3252000.0,148000.0,4.6,62,Fairly priced
Pending,2224 NW 6th Terrace,Hillbrook,Mainland inland,Single Family,1700.0,3,False,849900.0,500.0,478.0,813000.0,37000.0,4.6,12,Fairly priced
Pending,3321 NE 16th Pl,Las Olas,Mainland inland,Single Family,3747.0,5,False,3747000.0,1000.0,956.0,3582000.0,165000.0,4.6,19,Fairly priced
Active,1413 NE 17th Way,Progresso,Mainland inland,Single Family,2923.0,4,False,2249999.0,770.0,736.0,2151000.0,99000.0,4.6,199,Fairly priced
Active,1 Las Olas Circle Unit#306,Venetian Condominium Venetian,Barrier island / beach,Condo,1500.0,2,True,855000.0,570.0,545.0,818000.0,37000.0,4.6,0,Insufficient comps
Active,2601 NE 32nd Avenue,Lauderdale Beach Estates,Barrier island / beach,Townhouse,2562.0,3,True,2200000.0,859.0,822.0,2106000.0,94000.0,4.5,0,Insufficient comps
Active,809 NE 17th Ave Unit#4,Artist Colony,Mainland inland,Condo,850.0,2,False,295000.0,347.0,332.0,282000.0,13000.0,4.5,0,Insufficient comps
Active,1036 SE 12th Way,Rio Vista,Mainland inland,Single Family,4003.0,4,False,3750000.0,937.0,897.0,3591000.0,159000.0,4.5,89,Fairly priced
Active,3024 NE 5th Terrace Unit#10,Villa Escondida,Mainland inland,Townhouse,1916.0,3,False,678900.0,354.0,339.0,650000.0,29000.0,4.4,1,Insufficient comps
Active,1920 NE 1st Terrace Unit#118h,Manor Grove Village Two Co,Mainland inland,Condo,1180.0,2,False,335000.0,284.0,272.0,321000.0,14000.0,4.4,1,Insufficient comps
Active,1500 SE 12th St Unit#1A,Hemingway Landings,Intracoastal / canal waterfront,Condo,2288.0,3,True,1500000.0,656.0,629.0,1439000.0,61000.0,4.3,1,Insufficient comps
Active,2300 NE 16th Avenue,Edgewater Estates,Mainland inland,Single Family,1690.0,3,False,979900.0,580.0,556.0,940000.0,40000.0,4.3,14,Fairly priced
Active,2670 E Sunrise Blvd Unit#521,Gallery One,Intracoastal / canal waterfront,Condo,548.0,1,True,150000.0,274.0,263.0,144000.0,6000.0,4.2,29,Fairly priced
Active,2625 NE 14th Ave Unit#406,Wilton Station,Mainland inland,Condo,1390.0,2,False,449000.0,323.0,310.0,431000.0,18000.0,4.2,37,Fairly priced
Active,1800 S Ocean Drive Unit#109,Townhouses Harbor Beach,Barrier island / beach,Townhouse,1904.0,2,True,1299000.0,682.0,655.0,1247000.0,52000.0,4.1,1,Insufficient comps
Active,817 NW 17th St,Progresso,Mainland inland,Single Family,1333.0,4,False,575000.0,431.0,414.0,552000.0,23000.0,4.1,199,Fairly priced
Active,542 NE 17th Ave,Victoria Park,Mainland inland,Townhouse,2284.0,3,False,995000.0,436.0,419.0,957000.0,38000.0,4.1,52,Fairly priced
Active,105 NE 28th Ct,Sunset Manors Amen,Mainland inland,Single Family,2347.0,3,False,1450000.0,618.0,594.0,1394000.0,56000.0,4.0,5,Fairly priced
Active,2125 SE 10th Avenue Unit#1008,Village East,Mainland inland,Condo,1054.0,2,False,379900.0,360.0,346.0,365000.0,15000.0,4.0,21,Fairly priced
Active,1819 SE 17th Street Unit#802,Port,Mainland inland,Condo,1460.0,2,False,499000.0,342.0,329.0,480000.0,19000.0,4.0,2,Insufficient comps
Active,2445 SW 18th Terrace Unit#205,Marina Oaks,Mainland inland,Condo,632.0,1,False,179000.0,283.0,272.0,172000.0,7000.0,4.0,14,Fairly priced
Active,3040 NE 16th Avenue Unit#402,River Shores,Intracoastal / canal waterfront,Condo,600.0,1,True,189000.0,315.0,303.0,182000.0,7000.0,4.0,15,Fairly priced
Active,1625 NW 2nd Avenue,Progresso,Mainland inland,Single Family,1111.0,3,False,538000.0,484.0,466.0,518000.0,20000.0,3.9,199,Fairly priced
Pending,525 NW 15th Ter,Dorsey Park First,Mainland inland,Single Family,1014.0,3,False,380000.0,375.0,361.0,366000.0,14000.0,3.9,2,Insufficient comps
Active,936 Intracoastal Drive Unit#11c,Corinthian,Intracoastal / canal waterfront,Condo,1500.0,2,True,699000.0,466.0,449.0,674000.0,25000.0,3.8,8,Fairly priced
Active,2100 N Ocean Boulevard Unit#16e,Palms Tower One,Barrier island / beach,Condo,4795.0,4,True,2995000.0,625.0,602.0,2887000.0,108000.0,3.8,1,Insufficient comps
Active,703 SE 16th Court,New Harbor Lofts,Mainland inland,Townhouse,1762.0,3,False,675000.0,383.0,369.0,650000.0,25000.0,3.8,1,Insufficient comps
Active,511 SE 5th Ave Unit#1214,Nuriver Landing,Downtown high-rise,Condo,1379.0,2,False,495000.0,359.0,346.0,477000.0,18000.0,3.8,34,Fairly priced
Pending,1401 NE 9th Street Unit#13,Victoria Park,Mainland inland,Townhouse,1658.0,3,False,675000.0,407.0,392.0,650000.0,25000.0,3.8,52,Fairly priced
Active,1313 Seabreeze Boulevard,Harbor Beach,Barrier island / beach,Single Family,9501.0,9,False,10000000.0,1053.0,1014.0,9634000.0,366000.0,3.8,30,Fairly priced
Active,1804 NW 18th Ct,Lauderdale Manors,Mainland inland,Single Family,1068.0,3,False,390000.0,365.0,352.0,376000.0,14000.0,3.7,102,Fairly priced
Active,1435 SE 15th St Unit#103,Riverbend Condominiums,Intracoastal / canal waterfront,Condo,550.0,1,True,230000.0,418.0,403.0,222000.0,8000.0,3.7,0,Insufficient comps
Active,1301 River Reach Drive Unit#202,River Reach,Intracoastal / canal waterfront,Condo,1110.0,1,True,349000.0,314.0,303.0,336000.0,13000.0,3.6,54,Fairly priced
Active,3101 Bayshore Dr Unit#1704,Fort Lauderdale Residence Residences,Barrier island / beach,Condo,1176.0,2,True,810000.0,689.0,665.0,782000.0,28000.0,3.6,5,Fairly priced
Active,1701 SE 10th St,Rio Vista,Finger-isle waterfront,Single Family,4240.0,4,True,5000000.0,1179.0,1138.0,4825000.0,175000.0,3.6,89,Fairly priced
Active,435 NW 17th Street,Gardenia Park,Mainland inland,Townhouse,1844.0,3,False,597000.0,324.0,313.0,577000.0,20000.0,3.5,6,Fairly priced
Active,1510 SE 15th Street Unit#310,Marina Del Mar,Intracoastal / canal waterfront,Condo,1070.0,2,True,419000.0,392.0,379.0,406000.0,13000.0,3.4,5,Fairly priced
Active,653 Cypress Lane Unit#21b,Cypress Cove,Intracoastal / canal waterfront,Condo,1200.0,2,True,438000.0,365.0,353.0,424000.0,14000.0,3.4,0,Insufficient comps
Active,900 NE 18th Avenue Unit#1406,Victoria Park,Mainland inland,Condo,850.0,2,False,283000.0,333.0,322.0,274000.0,9000.0,3.4,11,Fairly priced
Active,732 NE 15th Avenue,Victoria Park,Mainland inland,Townhouse,2456.0,3,False,1089000.0,443.0,429.0,1054000.0,35000.0,3.3,52,Fairly priced
Pending,1501 SE 15th St Unit#3-2,Isles Club,Intracoastal / canal waterfront,Townhouse,1035.0,2,True,459000.0,443.0,429.0,444000.0,15000.0,3.3,1,Insufficient comps
Active,511 Bayshore Drive Unit#904,Bayshore Towers,Barrier island / beach,Condo,1330.0,2,True,743500.0,559.0,541.0,720000.0,24000.0,3.3,11,Fairly priced
Active,119 NE 19th Court Unit#215 G,Manor Grove Village Two,Mainland inland,Condo,750.0,1,False,219000.0,292.0,283.0,212000.0,7000.0,3.2,12,Fairly priced
Active,533 NE 3rd Avenue Unit#339,Sole Fort Lauderdale,Downtown high-rise,Condo,1270.0,2,False,485000.0,382.0,370.0,470000.0,15000.0,3.2,15,Fairly priced
Active,1777 NE 17th Street,Progresso,Mainland inland,Single Family,1772.0,3,False,835000.0,471.0,457.0,810000.0,25000.0,3.1,199,Fairly priced
Active,2001 N Ocean Boulevard Unit#603,Vue,Barrier island / beach,Condo,890.0,1,False,449000.0,504.0,489.0,435000.0,14000.0,3.1,6,Fairly priced
Active,525 N Fort Lauderdale Beach Boulevard Unit#1204,Four Seasons,Barrier island / beach,Condo,2069.0,2,True,3500000.0,1692.0,1641.0,3395000.0,105000.0,3.1,17,Fairly priced
Active,2609 NE 14th Avenue Unit#114,Wilton Station,Mainland inland,Townhouse,1673.0,2,False,629900.0,377.0,366.0,612000.0,18000.0,3.0,12,Fairly priced
Active,204 SW 19th Ave,Robertson Park,Mainland inland,Single Family,1494.0,3,False,764000.0,511.0,496.0,741000.0,23000.0,3.0,3,Insufficient comps
Pending,1 Las Olas Circle Unit#404,Venetian Condominium,Barrier island / beach,Condo,1500.0,2,True,959000.0,639.0,621.0,932000.0,27000.0,2.9,14,Fairly priced
Active,200 S Birch Rd Unit#1212,Leisure Beach,Barrier island / beach,Condo,647.0,1,False,300000.0,464.0,451.0,292000.0,8000.0,2.9,5,Fairly priced
Active,320 SW 11 Unit#320,Tarpon River,Mainland inland,Townhouse,3578.0,5,False,1775000.0,496.0,482.0,1725000.0,50000.0,2.9,16,Fairly priced
Active,1716 Middle River Drive,Coral Ridge,Mainland inland,Single Family,2840.0,4,False,2975000.0,1048.0,1018.0,2891000.0,84000.0,2.9,62,Fairly priced
Active,1606 NE 15th Avenue Unit#1606,Progresso,Mainland inland,Single Family,1550.0,3,False,729000.0,470.0,457.0,708000.0,21000.0,2.8,199,Fairly priced
Active,2900 NE 30th Street Unit#B-2,Lauderdale Tower,Intracoastal / canal waterfront,Condo,440.0,0,True,210000.0,477.0,464.0,204000.0,6000.0,2.8,12,Fairly priced
Active,701 Flamingo Drive,Riviera Isles,Finger-isle waterfront,Single Family,3664.0,5,True,5250000.0,1433.0,1394.0,5108000.0,142000.0,2.8,2,Insufficient comps
Pending,719 SW 11th Street,Croissant Park,Mainland inland,Single Family,4676.0,6,False,3350000.0,716.0,697.0,3259000.0,91000.0,2.7,30,Fairly priced
Active,200 S Birch Rd Unit#1111,Leisure Beach,Barrier island / beach,Condo,647.0,1,False,299900.0,464.0,452.0,292000.0,8000.0,2.7,5,Fairly priced
Active,511 San Marco Dr,Coral Isles,Finger-isle waterfront,Single Family,5288.0,5,True,6900000.0,1305.0,1271.0,6721000.0,179000.0,2.7,15,Fairly priced
Pending,600 W Las Olas Boulevard Unit#1601S,Symphony,Intracoastal / canal waterfront,Condo,1000.0,2,True,549000.0,549.0,535.0,535000.0,14000.0,2.6,16,Fairly priced
Active,110 N Federal Highway Unit#1113,Waverly Las Olas,Mainland inland,Condo,1208.0,2,False,485000.0,401.0,391.0,472000.0,13000.0,2.6,23,Fairly priced
Active,3020 NE 32nd Ave Unit#716,Tides Bridgeside Squar Tides,Barrier island / beach,Condo,815.0,1,False,408000.0,501.0,489.0,399000.0,9000.0,2.5,1,Insufficient comps
Active,723 NW 15th Way,Carver Park,Mainland inland,Single Family,1080.0,4,False,350000.0,324.0,316.0,341000.0,9000.0,2.5,7,Fairly priced
Active,100 N Federal Hwy Unit#1222,Waverly Las Olas Waverly,Mainland inland,Condo,1244.0,2,False,475000.0,382.0,373.0,464000.0,11000.0,2.4,1,Insufficient comps
Active,2670 E Sunrise Blvd Unit#1132,Gallery One,Intracoastal / canal waterfront,Condo,643.0,1,True,169999.0,264.0,258.0,166000.0,4000.0,2.3,29,Fairly priced
Active,2110 N Ocean Boulevard Unit#7b,Palms,Barrier island / beach,Condo,3205.0,3,True,1999000.0,624.0,610.0,1955000.0,44000.0,2.3,6,Fairly priced
Active,2119 SE 10th Avenue Unit#901,Village East,Mainland inland,Condo,1054.0,2,False,372777.0,354.0,346.0,365000.0,8000.0,2.3,21,Fairly priced
Active,604 NE 14th Place,Lauderdale Gardens,Mainland inland,Single Family,875.0,3,False,415000.0,474.0,464.0,406000.0,9000.0,2.2,3,Insufficient comps
Active,809 NW 12th Ave,Lincoln Park Third,Mainland inland,Single Family,1249.0,3,False,415000.0,332.0,325.0,406000.0,9000.0,2.2,2,Insufficient comps
Active,2625 NE 29th Court,Coral Ridge Galt,Barrier island / beach,Single Family,4752.0,5,False,4650000.0,979.0,958.0,4552000.0,98000.0,2.2,88,Fairly priced
Active,2725 NE 21st Ave,Coral Shores,Mainland inland,Single Family,1829.0,3,False,900000.0,492.0,482.0,882000.0,18000.0,2.1,20,Fairly priced
Active,333 Las Olas Way Unit#2506,Las Olas,Intracoastal / canal waterfront,Condo,1869.0,2,True,1195000.0,639.0,626.0,1170000.0,25000.0,2.1,140,Fairly priced
Active,1505 SW 23RD Street,River Oaks,Mainland inland,Single Family,2497.0,3,False,1100000.0,441.0,432.0,1079000.0,21000.0,2.1,19,Fairly priced
Active,340 Sunset Dr Unit#407,Essex Tower,Mainland inland,Condo,841.0,1,False,339000.0,403.0,395.0,332000.0,7000.0,2.0,16,Fairly priced
Pending,1426 NE 17th Avenue,Progresso,Mainland inland,Single Family,2051.0,4,False,949000.0,463.0,454.0,931000.0,18000.0,2.0,199,Fairly priced
Active,3101 Bayshore Dr Unit#704,Fort Lauderdale Residence Fort Lauderdale,Barrier island / beach,Condo,1176.0,2,True,797000.0,678.0,665.0,782000.0,15000.0,2.0,4,Insufficient comps
Pending,2936 Coral Shores Dr,Coral Shores,Mainland inland,Single Family,1481.0,3,False,750000.0,506.0,496.0,735000.0,15000.0,2.0,20,Fairly priced
Active,841 SW 18th Court,Pinehurst,Mainland inland,Single Family,1267.0,3,False,550000.0,434.0,426.0,540000.0,10000.0,1.9,3,Insufficient comps
Active,620 NE 9th Avenue Unit#6,Parkside Villas,Mainland inland,Condo,1629.0,3,False,625000.0,384.0,377.0,614000.0,11000.0,1.9,0,Insufficient comps
Active,316 NW 29th St,Wilton Estates,Mainland inland,Single Family,1644.0,3,False,615000.0,374.0,367.0,603000.0,12000.0,1.9,7,Fairly priced
Active,3020 NE 32ND Avenue Unit#606,Tides Bridgeside Square,Barrier island / beach,Condo,1200.0,2,False,595000.0,496.0,487.0,584000.0,11000.0,1.8,0,Insufficient comps
Pending,904 Citrus Isle,South New River Isles,Finger-isle waterfront,Single Family,1296.0,3,True,1000000.0,772.0,758.0,982000.0,18000.0,1.8,26,Fairly priced
Active,807 SW 26th Ct,Lakeway Addition,Mainland inland,Single Family,1277.0,3,False,539000.0,422.0,415.0,530000.0,9000.0,1.7,1,Insufficient comps
Active,14 NE 26th Court,Sun Set Manors First,Mainland inland,Single Family,1747.0,3,False,859000.0,492.0,484.0,846000.0,13000.0,1.7,6,Fairly priced
Active,501 NE 28th Street,Tropical Manors,Mainland inland,Single Family,1490.0,3,False,750000.0,503.0,495.0,738000.0,12000.0,1.6,17,Fairly priced
Active,604 SW 7th St,Pinewood Place,Mainland inland,Single Family,3347.0,4,False,2499000.0,747.0,735.0,2460000.0,39000.0,1.6,0,Insufficient comps
Active,511 SE 5th Ave Unit#1705,Nuriver Landing,Intracoastal / canal waterfront,Condo,1692.0,3,True,750000.0,443.0,436.0,738000.0,12000.0,1.6,34,Fairly priced
Active,1313 NW 13TH Court,Lauderdale Manors,Mainland inland,Single Family,1352.0,4,False,450000.0,333.0,328.0,443000.0,7000.0,1.5,102,Fairly priced
Active,1777 SE 15th St Unit#217,Cromwell East,Intracoastal / canal waterfront,Condo,840.0,2,True,333999.0,398.0,392.0,329000.0,5000.0,1.5,5,Fairly priced
Active,840 NE 14th Pl,Dixie Park Middle River Village Terr,Mainland inland,Townhouse,1861.0,3,False,649946.0,349.0,344.0,640000.0,10000.0,1.5,0,Insufficient comps
Active,2039 SE 10th Ave Unit#517,Village East,Mainland inland,Condo,1054.0,2,False,370000.0,351.0,346.0,365000.0,5000.0,1.4,21,Fairly priced
Active,101 S Fort Lauderdale Beach Boulevard Unit#702,Las Olas,Barrier island / beach,Condo,2380.0,3,True,1499000.0,630.0,621.0,1478000.0,21000.0,1.4,140,Fairly priced
Active,1820 SW 11th Ct,Riverside Park Amen,Mainland inland,Single Family,878.0,2,False,398000.0,453.0,447.0,392000.0,6000.0,1.3,0,Insufficient comps
Active,3000 NE 8th Terrace Unit#B4,Adk,Mainland inland,Townhouse,2132.0,3,False,669000.0,314.0,310.0,661000.0,8000.0,1.3,0,Insufficient comps
Active,2607 NE 8th Avenue Unit#29,Wilton Village,Mainland inland,Condo,597.0,1,False,199900.0,335.0,331.0,198000.0,2000.0,1.2,11,Fairly priced
Active,310 SW 10th St,Lauderdale,Mainland inland,Single Family,1488.0,4,False,678000.0,456.0,451.0,671000.0,7000.0,1.1,41,Fairly priced
Active,1508 NE 6th Street,Las Olas,Mainland inland,Single Family,1609.0,4,False,1199000.0,745.0,737.0,1186000.0,13000.0,1.1,19,Fairly priced
Active,441 Isle Of Palms Drive,Stilwell Isles Pal,Finger-isle waterfront,Single Family,9416.0,8,True,15950000.0,1694.0,1676.0,15781000.0,169000.0,1.1,0,Insufficient comps
Active,411 NW 1st Avenue Unit#404,Foundry Lofts,Downtown high-rise,Condo,1363.0,2,False,550000.0,404.0,400.0,545000.0,5000.0,1.0,6,Fairly priced
Active,1319 Seminole Dr,Beach Way Heights,Barrier island / beach,Single Family,7325.0,7,True,7200000.0,983.0,973.0,7127000.0,73000.0,1.0,8,Fairly priced
Active,700 NE 17th Way,Victoria Highlands Pla,Mainland inland,Single Family,1722.0,5,False,1100000.0,639.0,633.0,1090000.0,10000.0,0.9,1,Insufficient comps
Active,1180 N Federal Hwy Unit#605,Riva Residences,Intracoastal / canal waterfront,Condo,1783.0,2,True,950000.0,533.0,528.0,941000.0,9000.0,0.9,4,Insufficient comps
Active,347 N New River Drive Unit#1509,Watergarden,Intracoastal / canal waterfront,Condo,1469.0,3,True,899000.0,612.0,607.0,892000.0,7000.0,0.8,46,Fairly priced
Pending,1021 NW 5th Court,Tuskegee Park,Mainland inland,Single Family,991.0,3,False,399000.0,403.0,400.0,396000.0,3000.0,0.8,0,Insufficient comps
Active,1605 NW 7th Ter,Progresso,Mainland inland,Single Family,965.0,2,False,449000.0,465.0,462.0,446000.0,3000.0,0.6,199,Fairly priced
Active,2936 NW 9th Terrace,Jenada Villas,Mainland inland,Single Family,1894.0,3,False,749000.0,395.0,393.0,744000.0,5000.0,0.5,22,Fairly priced
Active,633 NE 20th Street,Letarte,Mainland inland,Single Family,4023.0,3,False,2399000.0,596.0,593.0,2386000.0,13000.0,0.5,2,Insufficient comps
Pending,1517 NW 12th Avenue,Lauderdale Villas,Mainland inland,Single Family,1985.0,4,False,645000.0,325.0,324.0,643000.0,2000.0,0.3,20,Fairly priced
Active,1125 SE 14th Pl Unit#21C,Cliff Lake Villas Co Op Cliff Lake Villas,Mainland inland,Condo,600.0,1,False,174900.0,292.0,291.0,175000.0,-0.0,0.3,0,Insufficient comps
Active,1731 SE 15th St Unit#315,Cromwell West,Intracoastal / canal waterfront,Condo,814.0,2,True,320000.0,393.0,392.0,319000.0,1000.0,0.3,4,Insufficient comps
Active,818 NW 28th Court,Jenada Villas,Mainland inland,Single Family,1687.0,3,False,664000.0,394.0,393.0,663000.0,1000.0,0.3,22,Fairly priced
Active,3101 N Bayshore Drive Unit#604,Fort Lauderdale,Barrier island / beach,Condo,1176.0,2,True,780000.0,663.0,662.0,779000.0,1000.0,0.2,1,Insufficient comps
Active,1916 NE 24th Street,Coral Point,Intracoastal / canal waterfront,Single Family,2450.0,3,True,1395000.0,569.0,568.0,1392000.0,3000.0,0.2,15,Fairly priced
Pending,820 SW 26th St,Lakeway,Mainland inland,Single Family,1062.0,3,False,439900.0,414.0,413.0,439000.0,1000.0,0.2,4,Insufficient comps
Active,936 Intracoastal Dr Unit#4F,Corinthian On Intraco Corinthian,Intracoastal / canal waterfront,Condo,1500.0,2,True,675000.0,450.0,449.0,674000.0,1000.0,0.2,3,Insufficient comps
Active,3036 NE 19 Street,Lauderdale Beach Ext,Barrier island / beach,Single Family,1917.0,3,False,1425000.0,743.0,742.0,1422000.0,3000.0,0.1,10,Fairly priced
Active,1317 NW 7th Terrace,Progresso,Mainland inland,Single Family,955.0,2,False,399990.0,419.0,419.0,400000.0,-0.0,0.0,199,Fairly priced
Active,119 NE 19th Court Unit#203g,Manor Grove,Mainland inland,Condo,750.0,1,False,204900.0,273.0,273.0,205000.0,-0.0,0.0,7,Fairly priced
Active,2740 NE 17th Street,Coral Ridge,Intracoastal / canal waterfront,Single Family,6189.0,5,True,6300000.0,1018.0,1018.0,6300000.0,0.0,0.0,62,Fairly priced
Active,1170 N Federal Highway Unit#309,East Point Towers,Intracoastal / canal waterfront,Condo,1344.0,2,True,289000.0,215.0,215.0,289000.0,0.0,0.0,25,Fairly priced
Active,9 NE 19th Court Unit#212c,Manor Grove Village One In,Mainland inland,Condo,1180.0,2,False,320000.0,271.0,271.0,320000.0,0.0,0.0,0,Insufficient comps
Active,133 Isle Of Venice Drive Unit#201,Aquavue Las Olas,Intracoastal / canal waterfront,Condo,2849.0,3,True,1800000.0,632.0,632.0,1801000.0,-1000.0,0.0,0,Insufficient comps
Active,1200 SW 12th Street Unit#305,Rio Nuevo,Intracoastal / canal waterfront,Condo,890.0,1,True,275000.0,309.0,309.0,275000.0,0.0,0.0,11,Fairly priced
Active,615 Bayshore Drive Unit#301,La Cascade,Barrier island / beach,Condo,2274.0,2,True,1395000.0,613.0,614.0,1396000.0,-1000.0,-0.2,4,Insufficient comps
Active,1404 SE 2nd Court,Colee Hammock,Mainland inland,Single Family,3024.0,4,False,2799999.0,926.0,928.0,2806000.0,-6000.0,-0.2,19,Fairly priced
Active,1437 SW 23rd Court,Marina Landings,Mainland inland,Single Family,2738.0,4,False,1280000.0,467.0,468.0,1281000.0,-1000.0,-0.2,25,Fairly priced
Active,2617 NE 14th Avenue Unit#109,Wilton Station,Mainland inland,Townhouse,1883.0,2,False,674900.0,358.0,359.0,676000.0,-1000.0,-0.3,12,Fairly priced
Active,51 Isla Bahia Dr,Isla Bahia,Finger-isle waterfront,Single Family,11496.0,6,True,17900000.0,1557.0,1563.0,17968000.0,-68000.0,-0.4,3,Insufficient comps
Active,1362 Bayview Drive,Grandeur,Mainland inland,Townhouse,2355.0,4,False,1150000.0,488.0,490.0,1154000.0,-4000.0,-0.4,2,Insufficient comps
Active,1940 NE 2nd Avenue Unit#106j,Manor Grove Village Four,Mainland inland,Condo,1200.0,2,False,325900.0,272.0,273.0,328000.0,-2000.0,-0.4,17,Fairly priced
Pending,1033 NE 17th Way Unit#1204,Villa Medici,Mainland inland,Townhouse,2100.0,3,False,564900.0,269.0,270.0,567000.0,-2000.0,-0.4,9,Fairly priced
Active,1033 NE 17th Way Unit#905,Villa Medici,Mainland inland,Townhouse,1990.0,3,False,539000.0,271.0,272.0,541000.0,-2000.0,-0.4,9,Fairly priced
Active,525 NE 27th Street,Sunset Manors Amen,Mainland inland,Single Family,1775.0,5,False,899000.0,506.0,508.0,902000.0,-3000.0,-0.4,5,Fairly priced
Active,2670 E Sunrise Blvd Unit#311,Gallery One Gallery,Mainland inland,Condo,341.0,1,False,139900.0,410.0,412.0,140000.0,-0.0,-0.5,0,Insufficient comps
Active,900 NE 18th Avenue Unit#1407,Victoria Park,Mainland inland,Condo,850.0,2,False,272000.0,320.0,322.0,274000.0,-2000.0,-0.6,11,Fairly priced
Active,2029 N Ocean Boulevard Unit#208,Tradewinds By Sea Cond,Barrier island / beach,Condo,1100.0,2,False,497900.0,453.0,456.0,502000.0,-4000.0,-0.7,0,Insufficient comps
Active,1819 SE 17th St Unit#501,Port Condominium Residences,Intracoastal / canal waterfront,Condo,1384.0,1,True,575000.0,415.0,418.0,579000.0,-4000.0,-0.7,0,Insufficient comps
Pending,1109 SE 11th Court,Rio Vista,Mainland inland,Single Family,2668.0,4,False,1950000.0,731.0,737.0,1966000.0,-16000.0,-0.8,89,Fairly priced
Active,812 NW 26th Street,Babco Park,Mainland inland,Single Family,1846.0,2,False,699999.0,379.0,382.0,705000.0,-5000.0,-0.8,8,Fairly priced
Pending,2001 NE 30th Street,Coral Shores,Mainland inland,Single Family,1552.0,3,False,692000.0,446.0,450.0,698000.0,-6000.0,-0.9,20,Fairly priced
Active,2200 N Ocean Boulevard Unit#S-906,Auberge Beach Residences,Barrier island / beach,Condo,2661.0,3,True,3700000.0,1390.0,1403.0,3733000.0,-33000.0,-0.9,10,Fairly priced
Pending,1406 NW 11th Street,Lauderdale Manors,Mainland inland,Single Family,894.0,2,False,299000.0,334.0,337.0,301000.0,-2000.0,-0.9,102,Fairly priced
Active,617 NW 30th Ct,Boulevard Estates Amen,Mainland inland,Single Family,1762.0,3,False,699000.0,397.0,401.0,707000.0,-8000.0,-1.0,2,Insufficient comps
Active,1708 NW 8th Avenue,Progresso,Mainland inland,Single Family,925.0,3,False,379900.0,411.0,415.0,384000.0,-4000.0,-1.0,199,Fairly priced
Active,1100 SW 12th St Unit#300,Rio Nuevo,Intracoastal / canal waterfront,Condo,1020.0,2,True,310000.0,304.0,307.0,313000.0,-3000.0,-1.0,11,Fairly priced
Active,1350 River Reach Drive Unit#111,River Reach,Intracoastal / canal waterfront,Condo,1110.0,2,True,325000.0,293.0,296.0,329000.0,-4000.0,-1.0,54,Fairly priced
Active,900 NE 26 Street Unit#15,Wilton Place,Mainland inland,Condo,636.0,1,False,178000.0,280.0,283.0,180000.0,-2000.0,-1.1,3,Insufficient comps
Active,3000 Riomar Street Unit#210,Leisure House,Barrier island / beach,Condo,640.0,1,False,284500.0,445.0,450.0,288000.0,-4000.0,-1.1,1,Insufficient comps
Active,300 Royal Plaza Dr,Stilwell Isles,Finger-isle waterfront,Single Family,7674.0,7,True,9475000.0,1235.0,1249.0,9585000.0,-110000.0,-1.1,8,Fairly priced
Active,1750 S Ocean Lane Unit#219,Lago Mar Place Co Op,Barrier island / beach,Condo,1158.0,2,True,625000.0,540.0,546.0,632000.0,-7000.0,-1.1,0,Insufficient comps
Pending,1453 SW 23rd Court,Marina Landings,Mainland inland,Single Family,2751.0,4,False,1225000.0,445.0,450.0,1238000.0,-13000.0,-1.1,25,Fairly priced
Active,218 NE 15th Avenue Unit#218,Isles Enclave,Mainland inland,Townhouse,3500.0,4,False,1584000.0,453.0,458.0,1603000.0,-19000.0,-1.1,2,Insufficient comps
Active,2131 SE 10th Avenue Unit#1117,Village East,Mainland inland,Condo,1054.0,2,False,359999.0,342.0,346.0,365000.0,-5000.0,-1.2,21,Fairly priced
Active,101 SE 15th Avenue Unit#E,Colee Hammock,Mainland inland,Townhouse,1774.0,3,False,840000.0,474.0,480.0,852000.0,-12000.0,-1.2,9,Fairly priced
Active,936 Intracoastal Drive Unit#21D,Corinthian,Intracoastal / canal waterfront,Condo,1500.0,2,True,665000.0,443.0,449.0,674000.0,-9000.0,-1.3,8,Fairly priced
Pending,41 NE 24th St,Petite,Mainland inland,Single Family,2211.0,4,False,1675000.0,758.0,768.0,1698000.0,-23000.0,-1.3,8,Fairly priced
Active,1100 SW 12th Street Unit#108,Rio Nuevo,Mainland inland,Condo,1020.0,2,False,235000.0,230.0,233.0,238000.0,-3000.0,-1.3,11,Fairly priced
Active,1000 SW 12th St Unit#203,Rio Nuevo,Intracoastal / canal waterfront,Condo,879.0,1,True,267650.0,304.0,308.0,271000.0,-3000.0,-1.3,11,Fairly priced
Active,2627 NE 10th Avenue,Sun Manors,Mainland inland,Single Family,1840.0,4,False,874950.0,476.0,483.0,889000.0,-14000.0,-1.4,0,Insufficient comps
Active,516 NE 28th Dr,Tropical Manors,Mainland inland,Single Family,1238.0,3,False,620000.0,501.0,508.0,629000.0,-9000.0,-1.4,17,Fairly priced
Active,2607 NE 8th Avenue Unit#33,Wilton Village,Mainland inland,Condo,846.0,2,False,265000.0,313.0,318.0,269000.0,-4000.0,-1.6,11,Fairly priced
Active,315 NE 3rd Ave Unit#1805,Strada,Downtown high-rise,Condo,1072.0,2,False,460000.0,429.0,436.0,467000.0,-7000.0,-1.6,11,Fairly priced
Active,2424 NE 18th Ave,Middle River Manor,Intracoastal / canal waterfront,Single Family,2023.0,3,True,1210000.0,598.0,608.0,1230000.0,-20000.0,-1.6,18,Fairly priced
Pending,315 NE 3rd Avenue Unit#1808,Strada,Downtown high-rise,Condo,1151.0,2,False,489000.0,425.0,432.0,497000.0,-8000.0,-1.6,11,Fairly priced
Active,333 Las Olas Way Unit#304,Las Olas,Intracoastal / canal waterfront,Condo,1113.0,1,True,699000.0,628.0,639.0,711000.0,-12000.0,-1.7,140,Fairly priced
Active,2502 NE 6th Avenue,Wilton Manors,Mainland inland,Single Family,2862.0,5,False,2100000.0,734.0,747.0,2138000.0,-38000.0,-1.7,21,Fairly priced
Active,1301 River Reach Drive Unit#515,River Reach,Intracoastal / canal waterfront,Condo,1250.0,2,True,360000.0,288.0,293.0,366000.0,-6000.0,-1.7,54,Fairly priced
Active,533 NE 3rd Avenue Unit#227,Sole Fort Lauderdale Co,Downtown high-rise,Condo,1440.0,3,False,469000.0,326.0,332.0,478000.0,-9000.0,-1.8,2,Insufficient comps
Active,1423 Holly Heights Dr Unit#17,Cascade Holly Heights Cascades Holly Heights,Mainland inland,Condo,585.0,1,False,185000.0,316.0,322.0,188000.0,-3000.0,-1.9,0,Insufficient comps
Active,1735 NE 23rd Avenue,Bal Harbour,Finger-isle waterfront,Single Family,2066.0,3,True,1750000.0,847.0,864.0,1785000.0,-35000.0,-2.0,6,Fairly priced
Active,821 SW 1st Street,Sailboat Bend,Mainland inland,Townhouse,2723.0,3,False,1075000.0,395.0,403.0,1097000.0,-22000.0,-2.0,3,Insufficient comps
Active,1645 NE 16th Avenue,Progresso,Mainland inland,Single Family,1742.0,4,False,719000.0,413.0,422.0,735000.0,-16000.0,-2.1,199,Fairly priced
Active,1101 River Reach Dr Unit#418,River Reach,Intracoastal / canal waterfront,Condo,1250.0,2,True,370000.0,296.0,303.0,379000.0,-9000.0,-2.3,54,Fairly priced
Pending,539 NE 10th Avenue,Holmberg Mc Kees,Mainland inland,Single Family,2776.0,4,False,2595000.0,935.0,957.0,2657000.0,-62000.0,-2.3,10,Fairly priced
Active,2701 N Ocean Boulevard Unit#14B,Embassy Tower Inc Embassytower,Barrier island / beach,Condo,1200.0,2,False,515000.0,429.0,439.0,527000.0,-12000.0,-2.3,0,Insufficient comps
Active,601 N Ft Lauderdale Bch Boulevard Unit#1008,Atlantic Hotel,Barrier island / beach,Condo,1296.0,1,True,799000.0,617.0,633.0,820000.0,-21000.0,-2.5,5,Fairly priced
Active,333 Las Olas Way Unit#2308,Las Olas,Intracoastal / canal waterfront,Condo,1161.0,2,True,799000.0,688.0,706.0,820000.0,-21000.0,-2.5,140,Fairly priced
Pending,1316 N Rio Vista Boulevard,Rio Vista,Mainland inland,Single Family,3968.0,5,False,4395000.0,1108.0,1136.0,4508000.0,-113000.0,-2.5,89,Fairly priced
Active,2216 NE 18th Ave,Middle River Manor,Intracoastal / canal waterfront,Single Family,2768.0,4,True,1700000.0,614.0,630.0,1744000.0,-44000.0,-2.5,18,Fairly priced
Active,111 Fiesta Way,Nurmi Isles,Finger-isle waterfront,Single Family,6303.0,6,True,10200000.0,1618.0,1659.0,10457000.0,-257000.0,-2.5,16,Fairly priced
Active,2737 NE 18th Street,Coral Ridge,Mainland inland,Single Family,4770.0,5,False,4850000.0,1017.0,1043.0,4975000.0,-125000.0,-2.5,62,Fairly priced
Pending,1201 River Reach Dr Unit#102,River Reach,Intracoastal / canal waterfront,Condo,971.0,1,True,289000.0,298.0,306.0,297000.0,-8000.0,-2.6,54,Fairly priced
Active,1501 E Broward Boulevard Unit#810,Pine Crest Village,Mainland inland,Condo,980.0,2,False,330000.0,337.0,346.0,339000.0,-9000.0,-2.6,10,Fairly priced
Active,2509 N Ocean Boulevard Unit#676,Fountains On Ocean Bouleva,Barrier island / beach,Condo,1290.0,2,False,619000.0,480.0,493.0,636000.0,-17000.0,-2.6,1,Insufficient comps
Pending,1455 SW 16th Terrace,Shady Banks On New River,Mainland inland,Single Family,1226.0,3,False,525000.0,428.0,440.0,539000.0,-14000.0,-2.7,3,Insufficient comps
Active,2200 S OCEAN LN Unit#1501-2,Point Americas,Barrier island / beach,Condo,3644.0,4,True,1995000.0,547.0,562.0,2048000.0,-53000.0,-2.7,28,Fairly priced
Active,1900 S Ocean Drive Unit#1504,Breakwater Towers Co Op,Barrier island / beach,Condo,805.0,1,False,325000.0,404.0,415.0,334000.0,-9000.0,-2.7,3,Insufficient comps
Active,624 SW 8th Avenue,Tarpon River,Mainland inland,Single Family,3430.0,4,False,2600000.0,758.0,780.0,2675000.0,-75000.0,-2.8,12,Fairly priced
Active,511 Bayshore Drive Unit#405,Bayshore Towers,Barrier island / beach,Condo,1330.0,2,True,699000.0,526.0,541.0,720000.0,-21000.0,-2.8,11,Fairly priced
Active,421 SW 11th Street,Tarpon River,Mainland inland,Single Family,3430.0,4,False,2600000.0,758.0,780.0,2675000.0,-75000.0,-2.8,12,Fairly priced
Active,1642 NE 8th Street,Macarthur Park,Mainland inland,Single Family,2780.0,4,False,2490000.0,896.0,923.0,2566000.0,-76000.0,-2.9,3,Insufficient comps
Pending,1403 SW 27th Court,Hibiscus Gardens,Mainland inland,Single Family,911.0,2,False,389999.0,428.0,441.0,402000.0,-12000.0,-2.9,1,Insufficient comps
Active,1124 NE 2nd Avenue Unit#1124,Silver Engrave,Mainland inland,Townhouse,2249.0,4,False,899000.0,400.0,412.0,927000.0,-28000.0,-2.9,0,Insufficient comps
Pending,1009 Tequesta Street,Waverly Place,Mainland inland,Single Family,1942.0,3,False,1079000.0,556.0,573.0,1113000.0,-34000.0,-3.0,7,Fairly priced
Active,315 NE 3rd Avenue Unit#1206,Strada,Downtown high-rise,Condo,1579.0,2,False,720000.0,456.0,470.0,742000.0,-22000.0,-3.0,11,Fairly priced
Active,340 Sunset Drive Unit#1808,Essex Tower Condos Essex Tower,Mainland inland,Condo,1218.0,2,False,559000.0,459.0,473.0,576000.0,-17000.0,-3.0,0,Insufficient comps
Active,1908 NE 26th Street,Coral Point,Mainland inland,Single Family,1382.0,3,False,560000.0,405.0,418.0,578000.0,-18000.0,-3.1,15,Fairly priced
Active,1412 NE 14th Place,Verena Park,Mainland inland,Single Family,1196.0,3,False,565000.0,472.0,487.0,582000.0,-17000.0,-3.1,1,Insufficient comps
Active,3315 NE 17th Street,Las Olas,Mainland inland,Single Family,2856.0,4,False,2750000.0,963.0,994.0,2839000.0,-89000.0,-3.1,19,Fairly priced
Pending,812 SW 14th Court,Esmonda Gardens,Mainland inland,Single Family,1838.0,3,False,759000.0,413.0,426.0,783000.0,-24000.0,-3.1,1,Insufficient comps
Active,511 SE 5th Avenue Unit#1118,Nuriver Landing,Intracoastal / canal waterfront,Condo,634.0,0,True,330000.0,521.0,538.0,341000.0,-11000.0,-3.2,34,Fairly priced
Pending,1131 NW 18th Avenue,Lauderdale Manors,Mainland inland,Single Family,1112.0,3,False,370000.0,333.0,344.0,383000.0,-13000.0,-3.2,102,Fairly priced
Active,350 SE 2nd St Unit#980,Las Olas,Mainland inland,Condo,847.0,1,False,399999.0,472.0,488.0,413000.0,-13000.0,-3.3,140,Fairly priced
Active,2726 Old Florida Trail,Highland Estates Old Florida Village,Mainland inland,Townhouse,2156.0,3,False,749900.0,348.0,360.0,776000.0,-26000.0,-3.3,0,Insufficient comps
Pending,317 SW 19th Street,Croissant Park,Mainland inland,Single Family,1234.0,4,False,549900.0,446.0,461.0,569000.0,-19000.0,-3.3,30,Fairly priced
Active,1316 NW 3rd St,Seminole Forest Tango Village,Mainland inland,Townhouse,1250.0,2,False,320000.0,256.0,265.0,331000.0,-11000.0,-3.4,0,Insufficient comps
Active,1329-2 SE 13th Terrace,Lauderdale Harbors,Mainland inland,Single Family,5518.0,6,False,4790000.0,868.0,899.0,4961000.0,-171000.0,-3.4,26,Fairly priced
Active,2011 N Ocean Boulevard Unit#206,Vue,Barrier island / beach,Condo,1268.0,2,False,599000.0,472.0,489.0,620000.0,-21000.0,-3.5,6,Fairly priced
Active,510 NE 17th Avenue Unit#105,Elizabethan,Mainland inland,Condo,493.0,1,False,169900.0,345.0,358.0,176000.0,-6000.0,-3.6,0,Insufficient comps
Active,2200 S Ocean Ln Unit#1501-1503,Point Americas,Barrier island / beach,Condo,4902.0,6,True,2795000.0,570.0,592.0,2902000.0,-107000.0,-3.7,28,Fairly priced
Active,2900 NE 30 Street Unit#C5,Lauderdale Tower,Intracoastal / canal waterfront,Condo,440.0,0,True,215000.0,489.0,508.0,224000.0,-9000.0,-3.7,12,Fairly priced
Pending,818 NE 18th Street,Lauderdale Park,Mainland inland,Single Family,1515.0,3,False,650000.0,429.0,446.0,676000.0,-26000.0,-3.8,21,Fairly priced
Active,2107 SE 10th Ave Unit#833,Village East,Mainland inland,Townhouse,878.0,1,False,335000.0,382.0,397.0,349000.0,-14000.0,-3.8,5,Fairly priced
Active,2751 NE 15th Street Unit#103,Devon House,Intracoastal / canal waterfront,Condo,1305.0,2,True,649999.0,498.0,518.0,676000.0,-26000.0,-3.9,0,Insufficient comps
Active,1401 NE 14th Street,Verena Park,Mainland inland,Single Family,1224.0,3,False,625000.0,511.0,532.0,651000.0,-26000.0,-3.9,1,Insufficient comps
Pending,2401 NE 13th Street,Beach Way Heights,Barrier island / beach,Single Family,5708.0,5,False,5250000.0,920.0,957.0,5463000.0,-213000.0,-3.9,8,Fairly priced
Active,1401 NE 9th St Unit#26,Victoria Park,Mainland inland,Townhouse,1658.0,3,False,625000.0,377.0,393.0,652000.0,-27000.0,-4.1,52,Fairly priced
Active,1920 S Ocean Drive Unit#503,Atlantic Towers Co Op,Barrier island / beach,Condo,805.0,1,False,319000.0,396.0,413.0,332000.0,-13000.0,-4.1,1,Insufficient comps
Active,820 SW 18th Court,Port,Mainland inland,Single Family,1749.0,3,False,685000.0,392.0,409.0,715000.0,-30000.0,-4.2,0,Insufficient comps
Active,2800 E Sunrise Blvd Unit#PHG,Sunrise East,Barrier island / beach,Condo,4600.0,3,True,2295000.0,499.0,521.0,2397000.0,-102000.0,-4.2,9,Fairly priced
Active,2225 NE 19th St,North Bal Harbour,Finger-isle waterfront,Single Family,3258.0,4,True,4100000.0,1258.0,1314.0,4281000.0,-181000.0,-4.3,5,Fairly priced
Active,237 City View Drive Unit#237,City View Townhomes,Downtown high-rise,Townhouse,1408.0,3,False,599000.0,425.0,444.0,625000.0,-26000.0,-4.3,6,Fairly priced
Active,2437 Delmar Place,Gould Isles,Intracoastal / canal waterfront,Single Family,7393.0,5,True,10495000.0,1420.0,1484.0,10971000.0,-476000.0,-4.3,4,Insufficient comps
Active,2100 S Ocean Drive Unit#11-L,Sky Harbour East,Finger-isle waterfront,Condo,900.0,1,True,469000.0,521.0,545.0,490000.0,-21000.0,-4.4,9,Fairly priced
Active,777 NE Bayshore Drive Unit#705,Americas On Park,Barrier island / beach,Condo,1820.0,2,True,999000.0,549.0,575.0,1046000.0,-47000.0,-4.5,3,Insufficient comps
Active,2035 Intracoastal Drive,Coral Ridge,Mainland inland,Single Family,6147.0,7,False,6500000.0,1057.0,1107.0,6805000.0,-305000.0,-4.5,62,Fairly priced
Active,1447 SW 6th Avenue,Sandy Ashley,Mainland inland,Single Family,1649.0,2,False,775000.0,470.0,492.0,811000.0,-36000.0,-4.5,1,Insufficient comps
Active,3004 NE 5th Terrace Unit#216-c,River Manor,Intracoastal / canal waterfront,Condo,1000.0,2,True,299900.0,300.0,314.0,314000.0,-14000.0,-4.5,27,Fairly priced
Active,700 DAVIE  BOULEVARD,West River Croissant,Mainland inland,Single Family,1882.0,4,False,779000.0,414.0,434.0,817000.0,-38000.0,-4.6,1,Insufficient comps
Active,1301 River Reach Drive Unit#507,River Reach,Intracoastal / canal waterfront,Condo,900.0,1,True,259000.0,288.0,302.0,272000.0,-13000.0,-4.6,54,Fairly priced
Active,1234 NW 7th Avenue,Progresso,Mainland inland,Single Family,1393.0,4,False,549000.0,394.0,413.0,575000.0,-26000.0,-4.6,199,Fairly priced
Active,2100 S Ocean Lane Unit#703,Point Americas,Barrier island / beach,Condo,1500.0,2,True,845000.0,563.0,590.0,885000.0,-40000.0,-4.6,28,Fairly priced
Pending,200 NE 17th Court Unit#Unit 801,Placido Place,Mainland inland,Townhouse,1541.0,3,False,529900.0,344.0,361.0,556000.0,-26000.0,-4.7,1,Insufficient comps
Active,1350 River Reach Drive Unit#401,River Reach,Intracoastal / canal waterfront,Condo,900.0,1,True,257000.0,286.0,300.0,270000.0,-13000.0,-4.7,54,Fairly priced
Active,2832 NW 10th Ave,Jenada Isles,Finger-isle waterfront,Single Family,1876.0,3,True,949999.0,506.0,531.0,996000.0,-46000.0,-4.7,6,Fairly priced
Active,1222 NE 18th Avenue Unit#1,Lake Ridge,Mainland inland,Townhouse,1679.0,3,False,649500.0,387.0,406.0,682000.0,-32000.0,-4.7,8,Fairly priced
Active,1004 Mandarin Isle,South New River Isles,Finger-isle waterfront,Single Family,1744.0,2,True,1100000.0,631.0,663.0,1156000.0,-56000.0,-4.8,26,Fairly priced
Active,67 NE 20th Court Unit#6h,Manor Grove Village Three,Mainland inland,Condo,960.0,2,False,249000.0,259.0,272.0,261000.0,-12000.0,-4.8,2,Insufficient comps
Active,1520 N Andrews Ave,Progresso,Mainland inland,Single Family,1110.0,3,False,450000.0,405.0,426.0,473000.0,-23000.0,-4.9,199,Fairly priced
Active,2131 SE 10th Avenue Unit#1120,Village East,Downtown high-rise,Condo,1054.0,2,False,350000.0,332.0,349.0,368000.0,-18000.0,-4.9,21,Fairly priced
Active,1765 NE 6th Court,Victoria Park,Mainland inland,Single Family,3888.0,4,False,3449000.0,887.0,933.0,3628000.0,-179000.0,-4.9,83,Fairly priced
Pending,350 SE 2nd Street Unit#730,Las Olas,Mainland inland,Condo,1297.0,2,False,597500.0,461.0,485.0,629000.0,-32000.0,-4.9,140,Fairly priced
Active,1160 N Federal Hwy Unit#1018,East Point Towers,Intracoastal / canal waterfront,Condo,1138.0,1,True,239000.0,210.0,221.0,251000.0,-12000.0,-5.0,25,Fairly priced
Active,620 Tennis Club Drive Unit#105,Tennis Club Tilden Lauderdale Tennis Club,Mainland inland,Condo,1056.0,2,False,202000.0,191.0,201.0,212000.0,-10000.0,-5.0,0,Insufficient comps
Pending,1434 SW 23rd Street,Marina Landings,Mainland inland,Single Family,2831.0,4,False,1249000.0,441.0,464.0,1314000.0,-65000.0,-5.0,25,Fairly priced
Pending,1704 SW 5th Ct,Gill Isles,Finger-isle waterfront,Single Family,2083.0,3,True,1200000.0,576.0,606.0,1262000.0,-62000.0,-5.0,14,Fairly priced
Active,1329 SE 13th Terrace,Lauderdale Harbors,Mainland inland,Single Family,4061.0,4,False,3295000.0,811.0,855.0,3472000.0,-177000.0,-5.1,26,Fairly priced
Active,520 San Marco Drive,Coral Isles,Finger-isle waterfront,Single Family,6363.0,6,True,8950000.0,1407.0,1482.0,9430000.0,-480000.0,-5.1,15,Fairly priced
Active,1731 SE 15th St Unit#511,Cromwell West,Intracoastal / canal waterfront,Condo,704.0,1,True,265000.0,376.0,396.0,279000.0,-14000.0,-5.1,4,Insufficient comps
Active,1813 SW 10th St,Riverside Park,Mainland inland,Single Family,1821.0,4,False,628000.0,345.0,364.0,663000.0,-35000.0,-5.2,11,Fairly priced
Active,1629 NE 6th Street,Victoria Park,Mainland inland,Single Family,4363.0,5,False,3850000.0,882.0,931.0,4062000.0,-212000.0,-5.3,83,Fairly priced
Active,630 SE 15th St Unit#5,Everglades Land Sales Co Harbor Vista,Mainland inland,Townhouse,1826.0,3,False,679900.0,372.0,393.0,718000.0,-38000.0,-5.3,0,Insufficient comps
Pending,1741 NE 4th Avenue Unit#F5,River Landings,Mainland inland,Condo,1786.0,3,False,539000.0,302.0,319.0,570000.0,-31000.0,-5.3,1,Insufficient comps
Active,430 NE 7th Avenue Unit#430,Holmberg Mc Kees,Mainland inland,Townhouse,2920.0,4,False,1450000.0,497.0,525.0,1533000.0,-83000.0,-5.3,1,Insufficient comps
Active,111 SE 8th Avenue Unit#Ph-1701,Venezia,Intracoastal / canal waterfront,Condo,2940.0,3,True,1655000.0,563.0,595.0,1749000.0,-94000.0,-5.4,0,Insufficient comps
Active,3101 Bayshore Drive,Fort Lauderdale Residence,Barrier island / beach,Condo,1176.0,2,True,810000.0,689.0,729.0,857000.0,-47000.0,-5.5,2,Insufficient comps
Active,2033 SE 10th Ave Unit#614,Village East,Mainland inland,Condo,1054.0,2,False,345000.0,327.0,346.0,365000.0,-20000.0,-5.5,21,Fairly priced
Pending,3014 NE 21st Ter,Coral Shores,Mainland inland,Townhouse,1257.0,2,False,410000.0,326.0,345.0,434000.0,-24000.0,-5.5,1,Insufficient comps
Active,1016 SE 8th Street,Rio Vista,Mainland inland,Single Family,3907.0,5,False,4195000.0,1074.0,1138.0,4446000.0,-251000.0,-5.6,89,Fairly priced
Pending,110 N Federal Hwy Unit#718,Waverly Las Olas,Mainland inland,Condo,1216.0,2,False,450000.0,370.0,392.0,477000.0,-27000.0,-5.6,23,Fairly priced
Pending,2011 N Ocean Boulevard Unit#902,Vue,Barrier island / beach,Condo,1397.0,2,False,699000.0,500.0,530.0,740000.0,-41000.0,-5.7,6,Fairly priced
Active,1000 SE 4th Street Unit#219,Riverview Gardens,Intracoastal / canal waterfront,Condo,850.0,1,True,449000.0,528.0,560.0,476000.0,-27000.0,-5.7,1,Insufficient comps
Active,119 NE 19th Court Unit#209g,Manor Grove Village Two Co,Mainland inland,Condo,750.0,1,False,195000.0,260.0,276.0,207000.0,-12000.0,-5.8,1,Insufficient comps
Active,1501 E Broward Boulevard Unit#805,Pine Crest Village,Mainland inland,Condo,1200.0,2,False,405000.0,338.0,359.0,431000.0,-26000.0,-5.8,10,Fairly priced
Active,1421 SW 20th Court,River Oaks,Mainland inland,Single Family,2824.0,4,False,1275000.0,451.0,479.0,1353000.0,-78000.0,-5.8,19,Fairly priced
Active,1839 Middle River Drive Unit#302,Rivers Bend,Intracoastal / canal waterfront,Condo,1196.0,2,True,515000.0,431.0,458.0,548000.0,-33000.0,-5.9,0,Insufficient comps
Active,100 N Federal Hwy Unit#643,Waverly Las Olas,Mainland inland,Condo,1529.0,3,False,538000.0,352.0,374.0,572000.0,-34000.0,-5.9,23,Fairly priced
Active,2572 NE 16 Avenue,Altessa Wilton Manors,Mainland inland,Townhouse,2374.0,3,False,1010040.0,425.0,452.0,1073000.0,-63000.0,-6.0,0,Insufficient comps
Active,3025 Center Avenue,Lauderdale Beach,Barrier island / beach,Single Family,2315.0,3,False,2249999.0,972.0,1035.0,2396000.0,-146000.0,-6.1,12,Fairly priced
Pending,2221 NE 19th Street,North Bal Harbour,Finger-isle waterfront,Single Family,3258.0,4,True,3999000.0,1227.0,1309.0,4265000.0,-266000.0,-6.3,5,Fairly priced
Active,2900 Banyan St Unit#408,Leisure Beach South,Barrier island / beach,Condo,920.0,2,False,354900.0,386.0,412.0,379000.0,-24000.0,-6.3,1,Insufficient comps
Pending,201 NE 27th Dr,Sunset Manors Amen,Mainland inland,Single Family,3000.0,4,False,2850000.0,950.0,1014.0,3042000.0,-192000.0,-6.3,5,Fairly priced
Pending,2525 NE 21st Court,Coral Ridge Galt,Barrier island / beach,Single Family,2995.0,3,False,1750000.0,584.0,623.0,1866000.0,-116000.0,-6.3,88,Fairly priced
Pending,904 NE 17th Ter,Progresso,Mainland inland,Single Family,2623.0,3,False,1700000.0,648.0,692.0,1815000.0,-115000.0,-6.4,199,Fairly priced
Active,600 NW 22nd Court,Hillbrook,Mainland inland,Single Family,1940.0,3,False,875000.0,451.0,482.0,935000.0,-60000.0,-6.4,12,Fairly priced
Active,347 N New River Drive Unit#1808,Watergarden,Intracoastal / canal waterfront,Condo,1080.0,2,True,649000.0,601.0,643.0,694000.0,-45000.0,-6.5,46,Fairly priced
Active,2613 Center Ave,Lauderdale Beach,Barrier island / beach,Single Family,3039.0,5,False,4500000.0,1481.0,1586.0,4820000.0,-320000.0,-6.6,12,Fairly priced
Active,2900 NE 30th Street Unit#G8,Lauderdale Tower,Mainland inland,Condo,1040.0,2,False,364000.0,350.0,375.0,390000.0,-26000.0,-6.7,12,Fairly priced
Active,1327 SW 21st Ct,River Oaks,Mainland inland,Single Family,2887.0,4,False,1250000.0,433.0,464.0,1340000.0,-90000.0,-6.7,19,Fairly priced
Active,1742 NE 7th Street,Victoria Park,Mainland inland,Single Family,1667.0,3,False,935000.0,561.0,601.0,1002000.0,-67000.0,-6.7,83,Fairly priced
Active,609 NE 13th Ave Unit#302,Park Place,Mainland inland,Condo,580.0,1,False,190000.0,328.0,352.0,204000.0,-14000.0,-6.8,1,Insufficient comps
Active,3015 N Ocean Boulevard Unit#15a,Berkley South,Barrier island / beach,Condo,1328.0,2,False,380000.0,286.0,307.0,408000.0,-28000.0,-6.8,21,Fairly priced
Active,1400 NE 24th Street Unit#1400,Middle River Plaza,Mainland inland,Townhouse,2652.0,3,False,889900.0,336.0,361.0,957000.0,-67000.0,-6.9,0,Insufficient comps
Active,827 SE 2nd Ct,Colee Hammock,Mainland inland,Single Family,3592.0,4,False,2899000.0,807.0,867.0,3114000.0,-215000.0,-6.9,19,Fairly priced
Active,2555 NE 11th Street Unit#902,Horizon House,Mainland inland,Condo,970.0,2,False,295000.0,304.0,327.0,317000.0,-22000.0,-7.0,7,Fairly priced
Pending,119 N Gordon Road,Victoria Isles,Finger-isle waterfront,Single Family,6935.0,6,True,10250000.0,1478.0,1589.0,11020000.0,-770000.0,-7.0,1,Insufficient comps
Active,347 N New River Dr Drive Unit#1004,Watergarden,Intracoastal / canal waterfront,Condo,1469.0,3,True,829000.0,564.0,607.0,892000.0,-63000.0,-7.1,46,Fairly priced
Active,2500 Middle River Dr,Coral Ridge Galt,Barrier island / beach,Single Family,4325.0,5,False,3990000.0,923.0,994.0,4299000.0,-309000.0,-7.1,88,Fairly priced
Pending,1475 SE 15th Street Unit##314,Embassy Apts,Intracoastal / canal waterfront,Condo,570.0,1,True,209900.0,368.0,396.0,226000.0,-16000.0,-7.1,0,Insufficient comps
Active,1213 NE 13th St,Holiday Heights,Mainland inland,Single Family,1062.0,3,False,479900.0,452.0,487.0,517000.0,-37000.0,-7.2,0,Insufficient comps
Pending,508 NE 9th Avenue,Holmberg Mc Kees,Mainland inland,Single Family,3986.0,4,False,3999900.0,1003.0,1081.0,4309000.0,-309000.0,-7.2,10,Fairly priced
Active,601 N Ft Lauderdale Beach Blvd Unit#611,Atlantic Hotel,Barrier island / beach,Condo,690.0,1,True,425000.0,616.0,664.0,458000.0,-33000.0,-7.2,5,Fairly priced
Active,900 SW 12th Street Unit#100,Rio Nuevo,Intracoastal / canal waterfront,Condo,800.0,1,True,224000.0,280.0,302.0,242000.0,-18000.0,-7.3,11,Fairly priced
Active,2856 NW 10th Ave,Jenada Isles,Finger-isle waterfront,Single Family,2151.0,3,True,899000.0,418.0,451.0,970000.0,-71000.0,-7.3,6,Fairly priced
Active,2500 E Las Olas Boulevard Unit#609,Marine Tower,Intracoastal / canal waterfront,Condo,1940.0,3,True,695000.0,358.0,386.0,749000.0,-54000.0,-7.3,12,Fairly priced
Active,1308 Bayview Drive Unit#1c,Hampton East,Intracoastal / canal waterfront,Condo,815.0,2,True,349500.0,429.0,463.0,377000.0,-28000.0,-7.3,2,Insufficient comps
Active,2900 NE 12th Terrace Unit#25,Pointe Middle River,Intracoastal / canal waterfront,Townhouse,2152.0,3,True,948500.0,441.0,476.0,1024000.0,-76000.0,-7.4,4,Insufficient comps
Active,2015 SE 10th Ave Unit#130,Village East,Downtown high-rise,Condo,794.0,1,False,254000.0,320.0,346.0,275000.0,-21000.0,-7.5,21,Fairly priced
Active,2800 E Sunrise Blvd Unit#17E,Sunrise East,Barrier island / beach,Condo,1497.0,2,True,774000.0,517.0,559.0,837000.0,-63000.0,-7.5,9,Fairly priced
Active,3004 NE 5th Terrace Unit#206-c,River Manor,Intracoastal / canal waterfront,Condo,1000.0,2,True,319000.0,319.0,345.0,345000.0,-26000.0,-7.5,27,Fairly priced
Active,601 N Ft Lauderdale Bch Boulevard Unit#915,Atlantic Hotel,Barrier island / beach,Condo,787.0,1,True,475000.0,604.0,653.0,514000.0,-39000.0,-7.5,5,Fairly priced
Pending,721 SE 12th Ct Unit#4,Everglades Land Sales Co,Mainland inland,Townhouse,2005.0,3,False,719000.0,359.0,388.0,778000.0,-59000.0,-7.5,0,Insufficient comps
Active,601 N Ft Lauderdale Bch Boulevard Unit#1111,Atlantic Hotel,Barrier island / beach,Condo,787.0,1,True,475000.0,604.0,653.0,514000.0,-39000.0,-7.5,5,Fairly priced
Active,505 N Fort Lauderdale Beach Boulevard Unit#2509,Club Resort Residences,Barrier island / beach,Condo,584.0,1,False,279000.0,478.0,518.0,303000.0,-24000.0,-7.7,0,Insufficient comps
Active,2501 NE 26th Terrace,Coral Ridge Galt,Barrier island / beach,Single Family,2163.0,3,False,1299900.0,601.0,651.0,1408000.0,-108000.0,-7.7,88,Fairly priced
Active,1449 SW 23rd Court,Marina Landings,Mainland inland,Single Family,2779.0,4,False,1199000.0,431.0,467.0,1298000.0,-99000.0,-7.7,25,Fairly priced
Active,347 N New River Dr E Unit#2205,Watergarden,Intracoastal / canal waterfront,Condo,1080.0,2,True,640000.0,593.0,643.0,694000.0,-54000.0,-7.8,46,Fairly priced
Active,2100 S Ocean Ln Unit#805,Point Americas,Barrier island / beach,Condo,1880.0,2,True,995000.0,529.0,574.0,1079000.0,-84000.0,-7.8,28,Fairly priced
Active,2415 Middle River Drive,Coral Ridge Galt,Barrier island / beach,Single Family,4121.0,4,True,4095000.0,994.0,1078.0,4442000.0,-347000.0,-7.8,88,Fairly priced
Pending,1940 NE 2nd Avenue Unit#101j,Manor Grove Village Four,Mainland inland,Condo,850.0,1,False,219900.0,259.0,281.0,239000.0,-19000.0,-7.8,17,Fairly priced
Pending,1516 SE 1st St,Colee Hammock,Downtown high-rise,Townhouse,3066.0,5,False,1725000.0,563.0,611.0,1873000.0,-148000.0,-7.9,9,Fairly priced
Pending,1625 NE 20th Avenue,Lauder Lake,Intracoastal / canal waterfront,Single Family,1362.0,2,True,797000.0,585.0,636.0,866000.0,-69000.0,-8.0,0,Insufficient comps
Pending,620 Tennis Club Dr Unit#306,Tennis Club Tilden Tennis Club,Mainland inland,Condo,1056.0,2,False,195000.0,185.0,201.0,212000.0,-17000.0,-8.0,0,Insufficient comps
Active,1850 S Ocean Drive Unit#111,Lake Mayan Apts Co Op,Barrier island / beach,Condo,760.0,2,True,379000.0,499.0,543.0,413000.0,-34000.0,-8.1,2,Insufficient comps
Active,1501 E Broward Boulevard Unit#705,Pine Crest Village,Mainland inland,Condo,1200.0,2,False,396000.0,330.0,359.0,431000.0,-35000.0,-8.1,10,Fairly priced
Active,3121 NE 26th Street,Lauderdale Beach Ext,Barrier island / beach,Townhouse,2264.0,3,True,1495000.0,660.0,718.0,1626000.0,-131000.0,-8.1,1,Insufficient comps
Active,237 City View Dr Unit#237,City View Townhomes City View,Downtown high-rise,Townhouse,1408.0,3,False,575000.0,408.0,444.0,625000.0,-50000.0,-8.1,0,Insufficient comps
Active,1623 NE 20th Street,Poinsettia Heights,Mainland inland,Single Family,1597.0,2,False,749000.0,469.0,511.0,816000.0,-67000.0,-8.2,39,Fairly priced
Active,333 Las Olas Way Unit#1208,Las Olas,Intracoastal / canal waterfront,Condo,1161.0,1,True,699000.0,602.0,656.0,762000.0,-63000.0,-8.2,140,Fairly priced
Active,918 SE 8th Street,Rio Vista,Mainland inland,Single Family,3921.0,5,False,3449000.0,880.0,959.0,3760000.0,-311000.0,-8.2,89,Fairly priced
Active,1924 NE 18th Street,Lauder Gate,Intracoastal / canal waterfront,Single Family,1565.0,3,True,997250.0,637.0,694.0,1086000.0,-89000.0,-8.2,0,Insufficient comps
Active,1600 NW 2nd Avenue,Progresso,Mainland inland,Single Family,1232.0,3,False,519900.0,422.0,460.0,567000.0,-47000.0,-8.3,199,Fairly priced
Active,1900 S Ocean Drive Unit#1002,Breakwater Tower,Barrier island / beach,Condo,1036.0,2,False,399000.0,385.0,420.0,435000.0,-36000.0,-8.3,0,Insufficient comps
Active,2627 NE 14th Street,Coral Ridge,Mainland inland,Single Family,6630.0,5,False,6499500.0,980.0,1069.0,7087000.0,-588000.0,-8.3,62,Fairly priced
Pending,2670 E Sunrise Boulevard Unit#509,Gallery One,Intracoastal / canal waterfront,Condo,836.0,2,True,200000.0,239.0,261.0,218000.0,-18000.0,-8.4,29,Fairly priced
Pending,1201 Guava Isle,South New River Isles,Finger-isle waterfront,Single Family,2662.0,4,True,2700000.0,1014.0,1107.0,2947000.0,-247000.0,-8.4,26,Fairly priced
Active,2500 E Las Olas Boulevard Unit#404,Marine Tower,Mainland inland,Condo,1230.0,2,False,345000.0,280.0,306.0,376000.0,-31000.0,-8.5,12,Fairly priced
Pending,16 NE 20th Court Unit#B8,Manor Grove Village Three,Mainland inland,Condo,960.0,2,False,239000.0,249.0,272.0,261000.0,-22000.0,-8.5,2,Insufficient comps
Active,1535 SE 15th St Unit#304,Harbor View Apts Harbor View,Intracoastal / canal waterfront,Condo,688.0,1,True,239900.0,349.0,382.0,263000.0,-23000.0,-8.6,0,Insufficient comps
Active,2508 Delmar Place,Gould Isles,Intracoastal / canal waterfront,Single Family,6590.0,5,True,10495000.0,1593.0,1742.0,11480000.0,-985000.0,-8.6,4,Insufficient comps
Active,2670 E Sunrise Boulevard Unit#524,Gallery One,Intracoastal / canal waterfront,Condo,639.0,1,True,149700.0,234.0,256.0,164000.0,-14000.0,-8.6,29,Fairly priced
Active,2700 NE 8th Avenue,Highland Estates,Mainland inland,Townhouse,2785.0,4,False,849900.0,305.0,334.0,930000.0,-80000.0,-8.7,1,Insufficient comps
Active,1345 SW 4th Court,Village Sailboat Bend,Mainland inland,Townhouse,1679.0,2,False,473700.0,282.0,309.0,519000.0,-45000.0,-8.7,7,Fairly priced
Active,1212 SE 2nd Ct Unit#301,Las Olas,Mainland inland,Condo,1218.0,2,False,489000.0,401.0,439.0,535000.0,-46000.0,-8.7,140,Fairly priced
Active,900 NE 18th Ave Unit#505,Victoria Park,Mainland inland,Condo,850.0,2,False,250000.0,294.0,322.0,274000.0,-24000.0,-8.7,11,Fairly priced
Active,900 SW 12th Street Unit#202,Rio Nuevo,Intracoastal / canal waterfront,Condo,750.0,1,True,229000.0,305.0,334.0,250000.0,-21000.0,-8.7,11,Fairly priced
Active,2265 NE 9th Avenue,Wilton Manors,Mainland inland,Townhouse,2000.0,4,False,725000.0,362.0,397.0,794000.0,-69000.0,-8.8,2,Insufficient comps
Pending,1441 SW 23rd Court,Marina Landings,Mainland inland,Single Family,2779.0,4,False,1185000.0,426.0,467.0,1298000.0,-113000.0,-8.8,25,Fairly priced
Pending,2732 NW 9th Terrace,Jenada Villas,Mainland inland,Single Family,1547.0,3,False,515000.0,333.0,365.0,565000.0,-50000.0,-8.8,22,Fairly priced
Active,1415 Miami Road Unit#B,Southport Townhomes Cond,Mainland inland,Townhouse,1250.0,2,False,415000.0,332.0,364.0,455000.0,-40000.0,-8.8,0,Insufficient comps
Active,2610 NE 11th Court,Coral Ridge,Mainland inland,Townhouse,2048.0,3,False,900000.0,439.0,482.0,987000.0,-87000.0,-8.9,9,Fairly priced
Active,1717 NE 20th Avenue,Lauder Gate,Intracoastal / canal waterfront,Single Family,1620.0,3,True,1000000.0,617.0,677.0,1097000.0,-97000.0,-8.9,0,Insufficient comps
Pending,804 N Rio Vista Boulevard,Rio Vista,Mainland inland,Single Family,3939.0,5,False,3195000.0,811.0,891.0,3510000.0,-315000.0,-9.0,89,Fairly priced
Active,315 NE 3rd Ave Unit#2103,Strada,Downtown high-rise,Condo,1464.0,2,False,575000.0,393.0,432.0,632000.0,-57000.0,-9.0,11,Fairly priced
Active,701 N Fort Lauderdale Beach Blvd Unit#TH3,Paramount Ft Lauderdale Paramount,Intracoastal / canal waterfront,Townhouse,2408.0,2,True,1749000.0,726.0,798.0,1922000.0,-173000.0,-9.0,0,Insufficient comps
Pending,110 N Federal Highway Unit#815,Waverly Las Olas,Mainland inland,Condo,1208.0,2,False,429500.0,356.0,391.0,472000.0,-42000.0,-9.0,23,Fairly priced
Pending,1328 SW 21st Court,River Oaks,Mainland inland,Single Family,3058.0,4,False,1340499.0,438.0,482.0,1474000.0,-134000.0,-9.1,19,Fairly priced
Active,811 NE 14th Place Unit#6,Middle River Manor,Mainland inland,Condo,702.0,2,False,180000.0,256.0,282.0,198000.0,-18000.0,-9.2,0,Insufficient comps
Active,2840 N Ocean Boulevard Unit#308,Sea Tower,Barrier island / beach,Condo,769.0,1,True,389000.0,506.0,558.0,429000.0,-40000.0,-9.3,4,Insufficient comps
Active,2917 NW 9th Ave,Jenada Villas,Mainland inland,Single Family,1205.0,3,False,425000.0,353.0,389.0,469000.0,-44000.0,-9.3,22,Fairly priced
Pending,1408 SW 4th Ave,South Ft Lauderdale,Mainland inland,Townhouse,2105.0,3,False,765000.0,363.0,400.0,842000.0,-77000.0,-9.3,0,Insufficient comps
Pending,1403 NW 2nd St,Seminole Forest Tango Village,Mainland inland,Townhouse,1250.0,2,False,300000.0,240.0,265.0,331000.0,-31000.0,-9.4,0,Insufficient comps
Active,610 Tennis Club Dr Unit#104,Tennis Club Wingfield Con Tennis Club,Intracoastal / canal waterfront,Condo,960.0,2,True,240000.0,250.0,276.0,265000.0,-25000.0,-9.4,0,Insufficient comps
Active,3318 NE 16th Pl,Las Olas,Mainland inland,Single Family,4644.0,5,False,5800000.0,1249.0,1380.0,6409000.0,-609000.0,-9.5,19,Fairly priced
Active,1170 N Federal Highway Unit#305,East Point Towers,Intracoastal / canal waterfront,Condo,1005.0,1,True,200000.0,199.0,220.0,221000.0,-21000.0,-9.5,25,Fairly priced
Active,424 Hendricks Isle Unit#6,Boathouse,Intracoastal / canal waterfront,Townhouse,2260.0,2,True,1295000.0,573.0,633.0,1431000.0,-136000.0,-9.5,0,Insufficient comps
Active,39 Pelican Drive,Pelican Isles,Finger-isle waterfront,Single Family,6642.0,6,True,8399000.0,1265.0,1400.0,9299000.0,-900000.0,-9.6,3,Insufficient comps
Active,720 Orton Avenue Unit#402,Leisure Sands,Barrier island / beach,Condo,690.0,1,False,278500.0,404.0,447.0,308000.0,-30000.0,-9.6,3,Insufficient comps
Active,1000 SW 12th St Unit#201,Rio Nuevo,Intracoastal / canal waterfront,Condo,879.0,2,True,239900.0,273.0,302.0,265000.0,-25000.0,-9.6,11,Fairly priced
Active,1101 River Reach Drive Unit#212,River Reach,Intracoastal / canal waterfront,Condo,931.0,1,True,259900.0,279.0,309.0,288000.0,-28000.0,-9.7,54,Fairly priced
Active,100 N Federal Highway Unit#642,Waverly,Mainland inland,Condo,1518.0,3,False,489000.0,322.0,357.0,542000.0,-53000.0,-9.8,3,Insufficient comps
Active,315 NE 3rd Avenue Unit#1506,Strada,Downtown high-rise,Condo,1579.0,2,False,610000.0,386.0,428.0,676000.0,-66000.0,-9.8,11,Fairly priced
Active,540 Lido Dr,Coral Isles,Finger-isle waterfront,Single Family,5973.0,4,True,6895000.0,1154.0,1280.0,7645000.0,-750000.0,-9.8,15,Fairly priced
Active,3100 NE 21st Street,Lauderdale Beach Ext,Barrier island / beach,Single Family,1939.0,3,False,1300000.0,670.0,743.0,1441000.0,-141000.0,-9.8,10,Fairly priced
Active,215 N Birch Road Unit#4c,Versailles,Barrier island / beach,Condo,1000.0,1,True,474999.0,475.0,527.0,527000.0,-52000.0,-9.9,1,Insufficient comps
Active,2500 E Las Olas Boulevard Unit#1806,Marine Tower,Mainland inland,Condo,1896.0,3,False,500000.0,264.0,293.0,556000.0,-56000.0,-9.9,12,Fairly priced
Active,1241 NW 6th Ave,Progresso,Mainland inland,Single Family,1015.0,2,False,380000.0,374.0,415.0,421000.0,-41000.0,-9.9,199,Fairly priced
Pending,340 San Marco Dr,Coral Isles,Finger-isle waterfront,Single Family,6936.0,5,True,10999000.0,1586.0,1765.0,12242000.0,-1243000.0,-10.1,15,Underpriced
Active,1920 S Ocean Dr Unit#701,Atlantic Towers Co Op Atlantic Towers,Barrier island / beach,Condo,1185.0,2,True,578000.0,488.0,543.0,643000.0,-65000.0,-10.1,1,Insufficient comps
Active,1920 S Ocean Drive Unit#1504,Atlantic Towers Co Op,Barrier island / beach,Condo,805.0,1,False,299000.0,371.0,413.0,332000.0,-33000.0,-10.2,1,Insufficient comps
Active,1721 SW 23rd Street Unit#1721,Osceola Park,Mainland inland,Townhouse,3089.0,5,False,839000.0,272.0,303.0,936000.0,-97000.0,-10.2,0,Insufficient comps
Active,9 NE 19th Court Unit#211C,Manor Grove Village One,Mainland inland,Condo,750.0,1,False,185000.0,247.0,275.0,206000.0,-21000.0,-10.2,5,Underpriced
Active,2024 NW 10th Ave,Hillmont Middle River Vis,Intracoastal / canal waterfront,Single Family,1608.0,3,True,650000.0,404.0,450.0,724000.0,-74000.0,-10.2,3,Insufficient comps
Active,2757 NE 14th Avenue,Middle River Estates,Intracoastal / canal waterfront,Single Family,1824.0,4,True,1199000.0,657.0,732.0,1335000.0,-136000.0,-10.2,23,Underpriced
Active,2100 S Ocean Lane Unit#2509ph,Point Americas,Barrier island / beach,Condo,1513.0,2,True,800000.0,529.0,589.0,891000.0,-91000.0,-10.2,28,Underpriced
Active,705 SW 8th Terrace,Tarpon River,Mainland inland,Single Family,2458.0,3,False,1699000.0,691.0,770.0,1893000.0,-194000.0,-10.3,12,Underpriced
Pending,1115 NW 7th Ave,Progresso,Mainland inland,Single Family,1180.0,3,False,449900.0,381.0,425.0,502000.0,-52000.0,-10.4,199,Underpriced
Active,918 NW 13th Ct,Lauderdale Manors,Mainland inland,Single Family,1802.0,3,False,525000.0,291.0,325.0,586000.0,-61000.0,-10.5,102,Underpriced
Active,110 N Federal Hwy Unit#705,Waverly Las Olas,Mainland inland,Condo,1350.0,2,False,465500.0,345.0,386.0,521000.0,-56000.0,-10.6,23,Underpriced
Active,3020 NE 32nd Avenue Unit#623,Tides Bridgeside Square,Barrier island / beach,Condo,720.0,1,False,319999.0,444.0,497.0,358000.0,-38000.0,-10.7,0,Insufficient comps
Active,1805 N Dixie Hwy,Lauderdale Park,Mainland inland,Single Family,1370.0,3,False,550000.0,401.0,449.0,615000.0,-65000.0,-10.7,21,Underpriced
Active,601 N Ft Lauderdale Bch Boulevard Unit#1015,Atlantic Hotel,Barrier island / beach,Condo,787.0,1,True,459000.0,583.0,653.0,514000.0,-55000.0,-10.7,5,Underpriced
Active,3000 E Sunrise Blvd Unit#3G,Carlton Tower,Barrier island / beach,Condo,1202.0,2,False,465000.0,387.0,434.0,522000.0,-57000.0,-10.8,7,Underpriced
Active,1255 SW 15th Avenue,Shady Banks,Mainland inland,Single Family,1392.0,2,False,599000.0,430.0,482.0,671000.0,-72000.0,-10.8,18,Underpriced
Active,1625 SE 10th Avenue Unit#Unit 905,Runaway Bay,Mainland inland,Condo,870.0,1,False,228000.0,262.0,294.0,256000.0,-28000.0,-10.9,9,Underpriced
Active,1000 SE 4th Street Unit#117 & 118,Riverview Gardens,Intracoastal / canal waterfront,Condo,1240.0,2,True,579000.0,467.0,524.0,650000.0,-71000.0,-10.9,1,Insufficient comps
Active,817 SW 12th St,Vinik,Mainland inland,Single Family,1679.0,4,False,620000.0,369.0,414.0,695000.0,-75000.0,-10.9,4,Insufficient comps
Active,2009 SE 10th Ave Unit#302,Village East,Mainland inland,Condo,1054.0,2,False,325000.0,308.0,346.0,365000.0,-40000.0,-11.0,21,Underpriced
Pending,2009 SE 10th Avenue Unit#309,Village East,Mainland inland,Condo,1054.0,2,False,325000.0,308.0,346.0,365000.0,-40000.0,-11.0,21,Underpriced
Active,2555 NE 11th Street Unit#609,Horizon House,Mainland inland,Condo,970.0,2,False,299000.0,308.0,346.0,336000.0,-37000.0,-11.0,7,Underpriced
Active,2100 S Ocean Ln Unit#701,Point Americas,Barrier island / beach,Condo,1297.0,1,True,685000.0,528.0,593.0,769000.0,-84000.0,-11.0,28,Underpriced
Active,95 N Birch Road Unit#605,Harbor Haven,Barrier island / beach,Condo,720.0,1,True,374999.0,521.0,586.0,422000.0,-47000.0,-11.1,4,Insufficient comps
Active,1212 SE 2nd Court Unit#303,Las Olas,Mainland inland,Condo,1034.0,2,False,399000.0,386.0,434.0,449000.0,-50000.0,-11.1,140,Underpriced
Pending,1609 SE 4th Street,Colee Hammock,Mainland inland,Single Family,4594.0,5,False,4749000.0,1034.0,1163.0,5343000.0,-594000.0,-11.1,19,Underpriced
Active,340 Sunset Drive Unit#1506,Essex Tower,Intracoastal / canal waterfront,Condo,1218.0,2,True,559000.0,459.0,517.0,630000.0,-71000.0,-11.2,16,Underpriced
Active,2800 E Sunrise Boulevard Unit#4c,Sunrise East,Barrier island / beach,Condo,1575.0,2,True,849000.0,539.0,607.0,956000.0,-107000.0,-11.2,9,Underpriced
Active,2424 SE 17th Street Unit#305B,Village Harbor Beach,Barrier island / beach,Condo,685.0,1,False,179000.0,261.0,294.0,201000.0,-22000.0,-11.2,5,Underpriced
Active,2706 NE 30th Pl Unit#2706,Coral Ridge Galt,Barrier island / beach,Townhouse,2162.0,3,False,837000.0,387.0,436.0,943000.0,-106000.0,-11.2,1,Insufficient comps
Active,630 Tennis Club Drive Unit#Apt 204,Tennis Club Outerbridge Co,Intracoastal / canal waterfront,Condo,960.0,2,True,235000.0,245.0,276.0,265000.0,-30000.0,-11.2,1,Insufficient comps
Active,1620 S Ocean Ln Unit#236,Oceanage,Barrier island / beach,Condo,1273.0,2,True,1050000.0,825.0,930.0,1184000.0,-134000.0,-11.3,17,Underpriced
Active,350 SE 2nd Street Unit#860,Las Olas,Mainland inland,Condo,1200.0,2,False,520000.0,433.0,488.0,586000.0,-66000.0,-11.3,140,Underpriced
Active,2500 E Las Olas Boulevard Unit#403,Marine Tower,Intracoastal / canal waterfront,Condo,1230.0,2,True,439000.0,357.0,403.0,496000.0,-57000.0,-11.4,12,Underpriced
Active,2500 E Las Olas Boulevard Unit#308,Marine Tower,Mainland inland,Condo,1706.0,3,False,449000.0,263.0,297.0,507000.0,-58000.0,-11.4,12,Underpriced
Active,3055 Harbor Drive Unit#1402,Harbourage Place,Finger-isle waterfront,Condo,3488.0,3,True,1795000.0,515.0,581.0,2027000.0,-232000.0,-11.4,0,Insufficient comps
Active,101 S Fort Lauderdale Beach Blvd Unit#308,Las Olas,Barrier island / beach,Condo,3080.0,3,True,1595000.0,518.0,585.0,1802000.0,-207000.0,-11.5,140,Underpriced
Pending,1220 W Las Olas Boulevard Unit#1220,Waverly Place,Mainland inland,Townhouse,1850.0,2,False,519000.0,281.0,318.0,588000.0,-69000.0,-11.6,1,Insufficient comps
Active,2105 SW 12th Terrace,Jacobs Landing,Mainland inland,Single Family,2141.0,4,False,999000.0,467.0,529.0,1133000.0,-134000.0,-11.7,0,Insufficient comps
Active,1125 SE 9th Street,Rio Vista,Mainland inland,Single Family,3985.0,5,False,3995000.0,1003.0,1136.0,4527000.0,-532000.0,-11.7,89,Underpriced
Pending,633 NW 30th Street,March Estates,Intracoastal / canal waterfront,Single Family,1531.0,3,True,625000.0,408.0,462.0,707000.0,-82000.0,-11.7,6,Underpriced
Active,2841 N Ocean Boulevard Unit#802,Vantage View,Barrier island / beach,Condo,1100.0,2,False,409000.0,372.0,422.0,464000.0,-55000.0,-11.8,14,Underpriced
Active,215 NE 16th Avenue Unit#203,Victoria Palms,Mainland inland,Condo,640.0,1,False,195000.0,305.0,346.0,221000.0,-26000.0,-11.8,1,Insufficient comps
Active,1516 SW 15th Terrace,Shady Banks On New River,Mainland inland,Single Family,2292.0,4,False,925000.0,404.0,458.0,1050000.0,-125000.0,-11.8,3,Insufficient comps
Active,2001 N Ocean Boulevard Unit#304,Vue,Barrier island / beach,Condo,1267.0,2,False,599000.0,473.0,536.0,679000.0,-80000.0,-11.8,6,Underpriced
Active,347 N NEW RIVER Drive Unit#406,Watergarden,Downtown high-rise,Condo,820.0,1,False,349000.0,426.0,483.0,396000.0,-47000.0,-11.8,46,Underpriced
Active,533 NE 3rd Ave Unit#503,Sole Fort Lauderdale,Downtown high-rise,Condo,1240.0,2,False,369999.0,298.0,338.0,419000.0,-49000.0,-11.8,15,Underpriced
Active,1700 SE 15th Street Unit#309,Caravel Condominium Apartm,Intracoastal / canal waterfront,Condo,1200.0,2,True,435000.0,362.0,411.0,493000.0,-58000.0,-11.9,1,Insufficient comps
Pending,924 NW 11th Court,Lauderdale Manors,Mainland inland,Single Family,1584.0,5,False,439999.0,278.0,316.0,501000.0,-61000.0,-12.0,102,Underpriced
Active,350 SE 2nd Street Unit#1030,Las Olas,Mainland inland,Condo,1297.0,2,False,605000.0,466.0,530.0,687000.0,-82000.0,-12.1,140,Underpriced
Active,100 S Birch Road Unit#1403f,Jackson Tower Las Olas Con,Barrier island / beach,Condo,1722.0,2,True,900000.0,523.0,595.0,1025000.0,-125000.0,-12.1,1,Insufficient comps
Active,200 S Birch Road Unit#305,Leisure Beach,Barrier island / beach,Condo,647.0,1,False,249900.0,386.0,439.0,284000.0,-34000.0,-12.1,5,Underpriced
Active,1000 SE 4th St Unit#225,Riverview Garden Apartmen Riverview Gardens,Intracoastal / canal waterfront,Condo,850.0,2,True,410000.0,482.0,549.0,467000.0,-57000.0,-12.2,0,Insufficient comps
Active,1308 Avocado Isle,South New River Isles,Finger-isle waterfront,Single Family,3000.0,5,True,2999900.0,1000.0,1140.0,3420000.0,-420000.0,-12.3,26,Underpriced
Pending,1905 N Ocean Blvd Unit#4F,Shore Club,Barrier island / beach,Condo,1500.0,2,True,749900.0,500.0,570.0,855000.0,-105000.0,-12.3,9,Underpriced
Pending,1225 NW 10th Place,Lauderdale Manors,Mainland inland,Single Family,984.0,3,False,300000.0,305.0,348.0,342000.0,-42000.0,-12.4,102,Underpriced
Active,701 N Fort Lauderdale Beach Boulevard Unit#805,Paramount,Barrier island / beach,Condo,2419.0,3,True,2375000.0,982.0,1121.0,2712000.0,-337000.0,-12.4,9,Underpriced
Active,2733 NE 6th Avenue,Tropical Manors,Mainland inland,Single Family,1810.0,3,False,779000.0,430.0,492.0,891000.0,-112000.0,-12.6,17,Underpriced
Pending,1722 NW 8th Ct,Lauderdale Homesites,Mainland inland,Single Family,1256.0,4,False,410000.0,326.0,373.0,468000.0,-58000.0,-12.6,2,Insufficient comps
Active,700 SE 14th St Unit#G,Southport Townhomes,Mainland inland,Townhouse,1250.0,2,False,398000.0,318.0,364.0,455000.0,-57000.0,-12.6,1,Insufficient comps
Active,801 SE 11th Ct,Rio Vista,Mainland inland,Single Family,4390.0,5,False,4150000.0,945.0,1083.0,4754000.0,-604000.0,-12.7,89,Underpriced
Active,1514 SW 4th Avenue Unit#1514,Name,Mainland inland,Townhouse,2220.0,3,False,994100.0,448.0,514.0,1141000.0,-147000.0,-12.8,0,Insufficient comps
Active,69 Isle Of Venice Drive,Seaside Villas,Intracoastal / canal waterfront,Townhouse,3928.0,3,True,2499000.0,636.0,730.0,2867000.0,-368000.0,-12.9,0,Insufficient comps
Active,59 Hendricks Isle,Laguna Del Sol,Finger-isle waterfront,Townhouse,3678.0,4,True,2490000.0,677.0,778.0,2861000.0,-371000.0,-13.0,0,Insufficient comps
Active,209 N Birch Road Unit#1002,Alhambra Place,Barrier island / beach,Condo,3910.0,3,True,2099000.0,537.0,617.0,2412000.0,-313000.0,-13.0,0,Insufficient comps
Active,1413 NE 4th Court,Las Olas,Mainland inland,Single Family,1894.0,2,False,1295000.0,684.0,786.0,1489000.0,-194000.0,-13.0,19,Underpriced
Active,1777 NE 4th Avenue Unit#B3,River Landings,Intracoastal / canal waterfront,Condo,1760.0,2,True,599900.0,341.0,392.0,690000.0,-90000.0,-13.0,1,Insufficient comps
Active,325 Bontona Ave,Venice,Finger-isle waterfront,Single Family,3673.0,5,True,2990000.0,814.0,936.0,3438000.0,-448000.0,-13.0,12,Underpriced
Active,710 NE 3rd Ave,Flagler Heights Bamboo Flats,Mainland inland,Townhouse,2842.0,4,False,1095000.0,385.0,443.0,1259000.0,-164000.0,-13.1,0,Insufficient comps
Active,2900 NE 12th Ter Unit#14,Pointe Middle River,Intracoastal / canal waterfront,Townhouse,2152.0,3,True,889000.0,413.0,476.0,1024000.0,-135000.0,-13.2,4,Insufficient comps
Active,3000 Holiday Drive Unit#1103,Maya Marca,Barrier island / beach,Condo,1627.0,2,True,750000.0,461.0,531.0,864000.0,-114000.0,-13.2,5,Underpriced
Active,2611 Clematis Place,Idlewyld,Mainland inland,Single Family,4594.0,5,False,4700000.0,1023.0,1180.0,5421000.0,-721000.0,-13.3,16,Underpriced
Active,1035 SE 15th Street Unit#10B,Cliff Lake Villas,Mainland inland,Condo,800.0,2,False,189900.0,237.0,274.0,219000.0,-29000.0,-13.5,3,Insufficient comps
Active,2624 NE 30th Pl Unit#101B,Sutton Place,Mainland inland,Condo,567.0,1,False,169999.0,300.0,347.0,197000.0,-27000.0,-13.5,1,Insufficient comps
Active,2029 N Ocean Boulevard Unit#505,Tradewinds By Sea Cond,Barrier island / beach,Condo,1100.0,2,False,475000.0,432.0,500.0,550000.0,-75000.0,-13.6,0,Insufficient comps
Pending,2100 S Ocean Drive Unit#15E,Sky Harbour East,Finger-isle waterfront,Condo,900.0,1,True,424000.0,471.0,545.0,490000.0,-66000.0,-13.6,9,Underpriced
Active,805 SE 10th Street,Rio Vista,Mainland inland,Single Family,2408.0,3,False,1500000.0,623.0,721.0,1736000.0,-236000.0,-13.6,89,Underpriced
Active,900 SW 12th St Unit#110,Rio Nuevo,Intracoastal / canal waterfront,Condo,1000.0,2,True,265000.0,265.0,307.0,307000.0,-42000.0,-13.7,11,Underpriced
Active,1216 SE 1st Street,Colee Hammock,Mainland inland,Single Family,2176.0,5,False,1450000.0,666.0,773.0,1682000.0,-232000.0,-13.8,19,Underpriced
Active,1423 Holly Heights Dr Unit#15,Cascade Holly Heights,Mainland inland,Condo,1032.0,3,False,277500.0,269.0,312.0,322000.0,-44000.0,-13.8,4,Insufficient comps
Active,3000 N Ocean Blvd Unit#407,East Shore,Barrier island / beach,Condo,621.0,1,False,259900.0,419.0,486.0,302000.0,-42000.0,-13.8,1,Insufficient comps
Active,1115 SE 14th Place Unit#19c,Cliff Lake Villas Co Op,Mainland inland,Condo,600.0,1,False,150000.0,250.0,290.0,174000.0,-24000.0,-13.8,0,Insufficient comps
Active,234 NE 21st Court,Wilton Manors,Mainland inland,Single Family,1970.0,4,False,949900.0,482.0,559.0,1101000.0,-151000.0,-13.8,21,Underpriced
Active,2100 S Ocean Ln Unit#808,Point Americas,Barrier island / beach,Condo,1880.0,2,True,930000.0,495.0,574.0,1079000.0,-149000.0,-13.8,28,Underpriced
Pending,2217 NW 4th Avenue,Hillbrook,Mainland inland,Single Family,1365.0,2,False,589000.0,432.0,501.0,684000.0,-95000.0,-13.8,12,Underpriced
Pending,347 N New River Drive Unit#301,Watergarden,Intracoastal / canal waterfront,Condo,1615.0,2,True,850000.0,526.0,611.0,987000.0,-137000.0,-13.9,46,Underpriced
Pending,1004 SW 19th Street,Reamen Yellowstone Pa,Mainland inland,Single Family,1984.0,4,False,724500.0,365.0,424.0,841000.0,-116000.0,-13.9,0,Insufficient comps
Active,433 NE 11th Ave,Victoria Park,Mainland inland,Single Family,4361.0,4,False,3450000.0,791.0,920.0,4012000.0,-562000.0,-14.0,83,Underpriced
Active,2100 S Ocean Drive Unit#9L,Sky Harbour East,Finger-isle waterfront,Condo,900.0,1,True,420000.0,467.0,545.0,490000.0,-70000.0,-14.3,9,Underpriced
Active,301 Hendricks Isle Unit#10,Place Des Arts,Intracoastal / canal waterfront,Condo,4134.0,4,True,1999000.0,484.0,565.0,2336000.0,-337000.0,-14.3,1,Insufficient comps
Active,728 NE 17th Terrace,Victoria Park,Mainland inland,Single Family,4104.0,5,False,3395000.0,827.0,965.0,3960000.0,-565000.0,-14.3,83,Underpriced
Active,533 NE 3rd Avenue Unit#204,Sole Fort Lauderdale Co,Downtown high-rise,Condo,1240.0,2,False,365999.0,295.0,345.0,428000.0,-62000.0,-14.5,2,Insufficient comps
Active,200 S Birch Rd Unit#512,Leisure Beach,Barrier island / beach,Condo,647.0,1,False,249900.0,386.0,452.0,292000.0,-42000.0,-14.6,5,Underpriced
Active,936 Intracoastal Drive Unit#16e,Corinthian On Intracoa,Intracoastal / canal waterfront,Condo,1500.0,2,True,575000.0,383.0,449.0,674000.0,-99000.0,-14.7,0,Insufficient comps
Pending,1503 NE 18th Avenue,Progresso,Mainland inland,Single Family,2085.0,3,False,700000.0,336.0,394.0,821000.0,-121000.0,-14.7,199,Underpriced
Active,535 Hendricks Isle Apt Unit#306,Burton Point,Intracoastal / canal waterfront,Condo,800.0,2,True,375000.0,469.0,550.0,440000.0,-65000.0,-14.7,5,Underpriced
Active,76 Isle Of Venice Drive Unit#G,Isles Venice Co Op,Finger-isle waterfront,Condo,3020.0,3,True,1395000.0,462.0,542.0,1637000.0,-242000.0,-14.8,0,Insufficient comps
Active,347 N New River Dr E Unit#2206,Watergarden,Intracoastal / canal waterfront,Condo,820.0,1,True,445000.0,543.0,637.0,522000.0,-77000.0,-14.8,46,Underpriced
Active,1000 River Reach Drive Unit#212,River Reach,Intracoastal / canal waterfront,Condo,1025.0,2,True,259000.0,253.0,297.0,304000.0,-45000.0,-14.8,54,Underpriced
Pending,2029 N Ocean Boulevard Unit#209,Tradewinds By Sea Cond,Barrier island / beach,Condo,1100.0,2,False,427000.0,388.0,456.0,502000.0,-75000.0,-14.9,0,Insufficient comps
Active,2112 Manatee Drive,Harbour Inlet,Mainland inland,Single Family,2875.0,4,False,1899000.0,661.0,777.0,2234000.0,-335000.0,-14.9,0,Insufficient comps
Active,315 NE 3rd Avenue Unit#1201,Strada,Downtown high-rise,Condo,1185.0,2,False,448000.0,378.0,444.0,526000.0,-78000.0,-14.9,11,Underpriced
Active,1749 NW 18th Street,Lauderdale Manors,Mainland inland,Single Family,1303.0,3,False,380000.0,292.0,343.0,447000.0,-67000.0,-14.9,102,Underpriced
Active,719 N Victoria Park Road,Victoria Highlands Pla,Mainland inland,Single Family,4051.0,4,False,3199000.0,790.0,928.0,3759000.0,-560000.0,-14.9,1,Insufficient comps
Active,1700 SE 15th Street Unit#306,Caravel Condominium Apartm,Intracoastal / canal waterfront,Condo,1250.0,2,True,396000.0,317.0,373.0,466000.0,-70000.0,-15.0,1,Insufficient comps
Active,2012 SW 4th Avenue,Lauderdale,Mainland inland,Single Family,1782.0,4,False,839000.0,471.0,554.0,987000.0,-148000.0,-15.0,41,Underpriced
Active,520 SE 5th Avenue Unit#3704,Las Olas,Downtown high-rise,Condo,786.0,1,False,325000.0,413.0,486.0,382000.0,-57000.0,-15.0,140,Underpriced
Active,2005 NW 11th Ave,Hillmont Middle River Vis,Mainland inland,Single Family,1162.0,4,False,369000.0,318.0,374.0,435000.0,-66000.0,-15.0,3,Insufficient comps
Active,2555 NE 11th Street Unit#302,Horizon House,Mainland inland,Condo,970.0,2,False,270000.0,278.0,327.0,317000.0,-47000.0,-15.0,7,Underpriced
Active,704 Isle Of Palms Drive,Stilwell Isles Pa,Finger-isle waterfront,Single Family,6110.0,4,True,6495000.0,1063.0,1251.0,7644000.0,-1149000.0,-15.0,1,Insufficient comps
Active,308 SW 14th Ct,Lauderdale,Mainland inland,Single Family,2440.0,4,False,1499000.0,614.0,723.0,1764000.0,-265000.0,-15.1,41,Underpriced
Active,2715 N Ocean Boulevard Unit#17f,Embassy Tower Ii,Barrier island / beach,Condo,900.0,1,True,439900.0,489.0,576.0,518000.0,-78000.0,-15.1,5,Underpriced
Pending,1216 NW 2nd Avenue,,Mainland inland,Townhouse,2342.0,3,False,499000.0,213.0,251.0,588000.0,-89000.0,-15.1,0,Insufficient comps
Active,1225 NE 4th Street,Victoria Park,Mainland inland,Single Family,3521.0,4,False,2795000.0,794.0,935.0,3292000.0,-497000.0,-15.1,83,Underpriced
Active,3017 N Atlantic Boulevard,Lauderdale Beach,Barrier island / beach,Single Family,4620.0,6,False,4900000.0,1061.0,1249.0,5770000.0,-870000.0,-15.1,12,Underpriced
Active,3250 NE 28th Street Unit#404,Le Cercle By Beach Con,Barrier island / beach,Condo,760.0,2,False,275000.0,362.0,427.0,325000.0,-50000.0,-15.2,0,Insufficient comps
Active,924 NW 14 Court,Lauderdale Manors,Mainland inland,Single Family,1079.0,3,False,300000.0,278.0,328.0,354000.0,-54000.0,-15.2,102,Underpriced
Active,2901 NW 9th Ter,Jenada Villas,Intracoastal / canal waterfront,Single Family,2023.0,3,True,790000.0,391.0,461.0,933000.0,-143000.0,-15.2,22,Underpriced
Active,2212 NE 17th Place,Bal Harbour,Finger-isle waterfront,Single Family,3400.0,0,True,2200000.0,647.0,763.0,2594000.0,-394000.0,-15.2,6,Underpriced
Active,2555 NE 11th Street Unit#806,Horizon House,Mainland inland,Condo,710.0,1,False,209000.0,294.0,347.0,246000.0,-37000.0,-15.3,7,Underpriced
Active,2417 NW 7th Avenue,Hillbrook,Mainland inland,Single Family,1763.0,3,False,649000.0,368.0,435.0,767000.0,-118000.0,-15.4,12,Underpriced
Active,1136 NW 5th Court,Tuskegee Park,Mainland inland,Single Family,1256.0,3,False,420000.0,334.0,395.0,496000.0,-76000.0,-15.4,0,Insufficient comps
Active,209 N Fort Lauderdale Beach Blvd Unit#7F,Seasons,Barrier island / beach,Condo,710.0,1,True,389900.0,549.0,650.0,462000.0,-72000.0,-15.5,5,Underpriced
Active,100 S Birch Road Unit#1003f,Jackson Tower Las Olas Con,Barrier island / beach,Condo,1722.0,2,True,890000.0,517.0,612.0,1054000.0,-164000.0,-15.5,1,Insufficient comps
Active,1420 NW 5th Avenue,Progresso,Mainland inland,Single Family,1615.0,2,False,565000.0,350.0,414.0,669000.0,-104000.0,-15.5,199,Underpriced
Pending,400 Coral Way,Coral Isles,Finger-isle waterfront,Single Family,6349.0,5,True,9399000.0,1480.0,1754.0,11136000.0,-1737000.0,-15.6,15,Underpriced
Active,1900 S Ocean Drive Unit#1006,Breakwater Towers Co Op,Barrier island / beach,Condo,750.0,1,False,265000.0,353.0,419.0,314000.0,-49000.0,-15.8,3,Insufficient comps
Active,1625 SE 1st Street,Colee Hammock,Mainland inland,Single Family,4594.0,5,False,4499000.0,979.0,1163.0,5343000.0,-844000.0,-15.8,19,Underpriced
Active,1617 SE 15th St Unit#303,Southampton,Intracoastal / canal waterfront,Condo,1240.0,2,True,395000.0,319.0,379.0,470000.0,-75000.0,-15.8,0,Insufficient comps
Active,1617 SE 15th St Unit#605,Southampton,Intracoastal / canal waterfront,Condo,1240.0,2,True,395000.0,319.0,379.0,470000.0,-75000.0,-15.8,0,Insufficient comps
Active,1308 SW 9th Avenue,Isles View,Mainland inland,Single Family,1632.0,3,False,579999.0,355.0,422.0,689000.0,-109000.0,-15.9,3,Insufficient comps
Active,9 NE 19th Court Unit#C112,Manor Grove Village One In,Mainland inland,Condo,1180.0,2,False,269000.0,228.0,271.0,320000.0,-51000.0,-15.9,0,Insufficient comps
Active,3250 NE 28th Street Unit#Unit 302,Le Cercle By Beach Con,Barrier island / beach,Condo,760.0,2,False,272500.0,359.0,427.0,325000.0,-52000.0,-15.9,0,Insufficient comps
Active,1800 N Andrews Avenue Unit#4B,Drake Tower,Intracoastal / canal waterfront,Condo,850.0,1,True,214999.0,253.0,301.0,256000.0,-41000.0,-15.9,13,Underpriced
Pending,3304 NE 14th Court,Las Olas,Mainland inland,Single Family,3556.0,4,False,3575000.0,1005.0,1196.0,4253000.0,-678000.0,-16.0,19,Underpriced
Active,1201 Mandarin Isle,South New River Isles,Finger-isle waterfront,Single Family,3795.0,4,True,3350000.0,883.0,1052.0,3992000.0,-642000.0,-16.1,26,Underpriced
Active,1117 SE 9th St,Rio Vista,Mainland inland,Single Family,4487.0,6,False,3750000.0,836.0,999.0,4483000.0,-733000.0,-16.3,89,Underpriced
Active,1515 E Broward Boulevard Unit#426,Pine Crest Village,Mainland inland,Condo,960.0,2,False,325000.0,339.0,405.0,389000.0,-64000.0,-16.3,10,Underpriced
Active,625 Orton Avenue Unit#18,Beach Breeze Apts Co Op,Barrier island / beach,Condo,882.0,2,False,299000.0,339.0,405.0,357000.0,-58000.0,-16.3,0,Insufficient comps
Active,2046 NE 15th St,Lauder Gate Isles,Finger-isle waterfront,Single Family,2762.0,5,True,1999999.0,724.0,866.0,2392000.0,-392000.0,-16.4,4,Insufficient comps
Active,1800 N Andrews Avenue Unit#2f,Drake Tower,Intracoastal / canal waterfront,Condo,980.0,2,True,245000.0,250.0,299.0,293000.0,-48000.0,-16.4,13,Underpriced
Active,1800 N Andrews Ave Unit#2E,Drake Tower,Mainland inland,Condo,775.0,1,False,149900.0,193.0,231.0,179000.0,-29000.0,-16.5,13,Underpriced
Active,2000 S Ocean Drive Unit#810,Everglades House,Barrier island / beach,Condo,2650.0,3,True,1150000.0,434.0,520.0,1378000.0,-228000.0,-16.5,7,Underpriced
Active,1839 SW 23rd Street,Osceola Park,Mainland inland,Single Family,1194.0,2,False,437000.0,366.0,439.0,524000.0,-87000.0,-16.6,3,Insufficient comps
Active,505 N Fort Lauderdale Beach Boulevard Unit#2018,Club Resort Residences,Barrier island / beach,Condo,1028.0,1,True,579999.0,564.0,677.0,696000.0,-116000.0,-16.7,0,Insufficient comps
Active,2670 E Sunrise Boulevard Unit#318,Gallery One,Intracoastal / canal waterfront,Condo,548.0,1,True,120000.0,219.0,263.0,144000.0,-24000.0,-16.7,29,Underpriced
Active,1809 Coral Gardens Dr,Middle River Estates,Intracoastal / canal waterfront,Single Family,3669.0,7,True,2000000.0,545.0,656.0,2407000.0,-407000.0,-16.9,23,Underpriced
Active,511 SE 5th Avenue Unit#912,Nuriver Landing,Intracoastal / canal waterfront,Condo,1246.0,2,True,479000.0,384.0,462.0,576000.0,-97000.0,-16.9,34,Underpriced
Active,320 SW 21st Street,Lauderdale,Mainland inland,Single Family,1476.0,3,False,575000.0,390.0,470.0,694000.0,-119000.0,-17.0,41,Underpriced
Active,509 NE 29th St,Tropical Manors,Intracoastal / canal waterfront,Single Family,1464.0,3,True,799000.0,546.0,659.0,965000.0,-166000.0,-17.1,17,Underpriced
Active,1500 SE 14th Street,Lauderdale Harbors,Intracoastal / canal waterfront,Single Family,5424.0,5,True,6999999.0,1291.0,1561.0,8467000.0,-1467000.0,-17.3,26,Underpriced
Active,1905 N Ocean Blvd Unit#8E,Shore Club,Barrier island / beach,Condo,1500.0,2,True,709000.0,473.0,572.0,858000.0,-149000.0,-17.3,9,Underpriced
Active,1000 River Reach Drive Unit#406,River Reach,Intracoastal / canal waterfront,Condo,900.0,1,True,214999.0,239.0,289.0,260000.0,-45000.0,-17.3,54,Underpriced
Active,1940 Harbourview Drive,Harbor Beach,Barrier island / beach,Single Family,4203.0,7,False,2679000.0,637.0,770.0,3236000.0,-557000.0,-17.3,30,Underpriced
Active,709 Isle Of Palms Dr,Stilwell Isles,Finger-isle waterfront,Single Family,7130.0,6,True,7999999.0,1122.0,1359.0,9690000.0,-1690000.0,-17.4,8,Underpriced
Active,1500 SW 20th Street,River Oaks,Mainland inland,Single Family,2464.0,4,False,840000.0,341.0,413.0,1018000.0,-178000.0,-17.4,19,Underpriced
Active,2024 NE 26th Drive,Coral Gardens,Mainland inland,Single Family,1310.0,2,False,530000.0,405.0,491.0,643000.0,-113000.0,-17.5,15,Underpriced
Active,520 SE 5th Avenue Unit#3404,Las Olas,Downtown high-rise,Condo,786.0,1,False,315000.0,401.0,486.0,382000.0,-67000.0,-17.5,140,Underpriced
Active,1750 E Las Olas Boulevard Unit#502,Seventeen Fifty Las Olas,Intracoastal / canal waterfront,Condo,625.0,1,True,320000.0,512.0,622.0,389000.0,-69000.0,-17.7,2,Insufficient comps
Active,512 NE 12th Avenue,Halls,Mainland inland,Single Family,3722.0,5,False,2690000.0,723.0,880.0,3275000.0,-585000.0,-17.8,12,Underpriced
Active,1101 River Reach Drive Unit#308,River Reach,Intracoastal / canal waterfront,Condo,1250.0,2,True,339900.0,272.0,331.0,414000.0,-74000.0,-17.8,54,Underpriced
Pending,351 NE 19th Place Unit#217k,Manor Grove Village Four,Mainland inland,Condo,1200.0,2,False,269000.0,224.0,273.0,328000.0,-59000.0,-17.9,17,Underpriced
Active,1900 S Ocean Dr Unit#312,Breakwater Towers Co Op Breakwater Towers,Barrier island / beach,Condo,1293.0,3,False,425000.0,329.0,401.0,518000.0,-93000.0,-18.0,4,Insufficient comps
Active,2670 E Sunrise Blvd Unit#309,Gallery One,Intracoastal / canal waterfront,Condo,836.0,2,True,179000.0,214.0,261.0,218000.0,-39000.0,-18.0,29,Underpriced
Active,1958 Harbourview Drive,Harbour Heights,Mainland inland,Single Family,4565.0,5,False,3250000.0,712.0,868.0,3962000.0,-712000.0,-18.0,14,Underpriced
Active,1617 NE 2nd Court,Victoria Park,Mainland inland,Townhouse,2652.0,4,False,899000.0,339.0,414.0,1098000.0,-199000.0,-18.1,52,Underpriced
Active,3020 NE 32nd Avenue Unit#616,Tides Bridgeside Square,Barrier island / beach,Condo,815.0,1,True,430000.0,528.0,645.0,526000.0,-96000.0,-18.1,0,Insufficient comps
Active,1308 SW 3rd Ct,Village Sailboat Bend Sailboat Bend,Mainland inland,Townhouse,1679.0,2,False,455000.0,271.0,331.0,556000.0,-101000.0,-18.1,0,Insufficient comps
Pending,1407 SE 9 Street,Rio Vista,Mainland inland,Single Family,3622.0,5,False,3395000.0,937.0,1145.0,4147000.0,-752000.0,-18.2,89,Underpriced
Active,1100 SW 12th Street Unit#109,Rio Nuervo,Intracoastal / canal waterfront,Condo,1020.0,2,True,275000.0,270.0,330.0,337000.0,-62000.0,-18.2,0,Insufficient comps
Active,200 S Birch Rd Unit#211,Leisure Beach,Barrier island / beach,Condo,647.0,1,False,239000.0,369.0,451.0,292000.0,-53000.0,-18.2,5,Underpriced
Active,336 N Birch Road Unit#6d,Birch Crest Apartments Inc,Barrier island / beach,Condo,819.0,1,True,399000.0,487.0,595.0,487000.0,-88000.0,-18.2,0,Insufficient comps
Active,1624 NW 9th Avenue,Progresso,Mainland inland,Single Family,1600.0,3,False,550000.0,344.0,421.0,674000.0,-124000.0,-18.3,199,Underpriced
Active,2670 E SUNRISE Boulevard Unit#915,Gallery One,Intracoastal / canal waterfront,Condo,586.0,1,True,124900.0,213.0,261.0,153000.0,-28000.0,-18.4,29,Underpriced
Active,2100 S OCEAN DR Unit#10B,Sky Harbour East,Finger-isle waterfront,Condo,900.0,1,True,399000.0,443.0,543.0,489000.0,-90000.0,-18.4,9,Underpriced
Active,2100 S Ocean Dr Unit#5B,Sky Harbour East,Finger-isle waterfront,Condo,900.0,1,True,400000.0,444.0,545.0,490000.0,-90000.0,-18.5,9,Underpriced
Active,1817 SE 25 Avenue,Harbour Heights,Mainland inland,Single Family,2529.0,4,False,1275000.0,504.0,619.0,1565000.0,-290000.0,-18.6,14,Underpriced
Active,2715 N Ocean Boulevard Unit#7d,Embassy Towers,Barrier island / beach,Condo,1200.0,2,False,429000.0,358.0,440.0,528000.0,-99000.0,-18.6,2,Insufficient comps
Active,1115 NW 1st Ave,Progresso,Mainland inland,Single Family,1323.0,2,False,429000.0,324.0,398.0,527000.0,-98000.0,-18.6,199,Underpriced
Active,1151 N Fort Lauderdale Beach Boulevard Unit#3c,Park Tower,Barrier island / beach,Condo,1700.0,2,True,749000.0,441.0,542.0,921000.0,-172000.0,-18.6,2,Insufficient comps
Pending,2100 S Ocean Drive Unit#4j,Sky Harbour East,Finger-isle waterfront,Condo,900.0,1,True,399000.0,443.0,545.0,490000.0,-91000.0,-18.7,9,Underpriced
Active,445 NE 11th Avenue,Halls,Mainland inland,Single Family,3407.0,4,False,3295000.0,967.0,1190.0,4054000.0,-759000.0,-18.7,12,Underpriced
Pending,1317 SW 4th Street,Village Sailboat Bend,Mainland inland,Townhouse,1853.0,3,False,465000.0,251.0,309.0,573000.0,-108000.0,-18.8,7,Underpriced
Active,424 Coconut Isle Drive,Venice,Finger-isle waterfront,Single Family,5301.0,5,True,6495000.0,1225.0,1508.0,7994000.0,-1499000.0,-18.8,12,Underpriced
Active,3020 NE 32nd Ave Unit#925,Tides Bridgeside Tides Bridgeside Squar,Barrier island / beach,Condo,1510.0,3,True,750000.0,497.0,612.0,924000.0,-174000.0,-18.8,0,Insufficient comps
Active,3024 NE 2nd Terrace,Almar Estates,Mainland inland,Single Family,1916.0,6,False,719000.0,375.0,462.0,885000.0,-166000.0,-18.8,10,Underpriced
Active,7 Pelican Drive,Pelican Isles,Finger-isle waterfront,Single Family,6301.0,7,True,6900000.0,1095.0,1350.0,8506000.0,-1606000.0,-18.9,3,Insufficient comps
Pending,900 SW 12th St Unit#305,Rio Nuevo,Intracoastal / canal waterfront,Condo,1000.0,2,True,249000.0,249.0,307.0,307000.0,-58000.0,-18.9,11,Underpriced
Active,1900 S Ocean Dr Unit#1406,Breakwater Towers Co Op Breakwater Towers,Barrier island / beach,Condo,750.0,1,False,255000.0,340.0,419.0,314000.0,-59000.0,-18.9,4,Insufficient comps
Active,3250 NE 28th St Unit#212,Le Cercle By Beach Co Le Cercle,Barrier island / beach,Condo,850.0,2,False,290000.0,341.0,421.0,358000.0,-68000.0,-19.0,0,Insufficient comps
Active,3040 NE 16th Avenue Unit#303 A,River Shores,Intracoastal / canal waterfront,Condo,600.0,1,True,149000.0,248.0,306.0,184000.0,-35000.0,-19.0,15,Underpriced
Active,1600 SE 15th Street Unit#305,Plaza,Intracoastal / canal waterfront,Condo,1020.0,2,True,325000.0,319.0,394.0,402000.0,-77000.0,-19.0,2,Insufficient comps
Active,3040 NE 16th Ave Unit#310,River Shores,Intracoastal / canal waterfront,Condo,600.0,1,True,147000.0,245.0,303.0,182000.0,-35000.0,-19.1,15,Underpriced
Active,1524 Argyle Dr,River Highlands Amen,Intracoastal / canal waterfront,Single Family,4550.0,7,True,2950000.0,648.0,802.0,3649000.0,-699000.0,-19.2,1,Insufficient comps
Active,349 NE 29th Street,Tropical Manors,Intracoastal / canal waterfront,Single Family,2204.0,3,True,1295000.0,588.0,728.0,1605000.0,-310000.0,-19.2,17,Underpriced
Active,3020 NE 16th Avenue Unit#102,River Shores,Mainland inland,Condo,850.0,2,False,165000.0,194.0,240.0,204000.0,-39000.0,-19.2,15,Underpriced
Active,1900 S OCEAN Drive Unit#710,Breakwater Towers Co Op,Barrier island / beach,Condo,805.0,1,False,270000.0,335.0,415.0,334000.0,-64000.0,-19.3,3,Insufficient comps
Active,2701 Middle River Drive Unit#11,Park Ridge North Apts Cond,Mainland inland,Condo,1000.0,2,False,280000.0,280.0,347.0,347000.0,-67000.0,-19.3,1,Insufficient comps
Pending,2701 N Ocean Boulevard Unit#7A,Embassy Tower,Barrier island / beach,Condo,1200.0,2,False,424900.0,354.0,439.0,527000.0,-102000.0,-19.4,7,Underpriced
Active,609 Poinciana Drive,Idlewyld,Finger-isle waterfront,Single Family,4539.0,4,True,5395000.0,1189.0,1476.0,6700000.0,-1305000.0,-19.4,16,Underpriced
Pending,100 S Birch Road Unit#1102C,Jackson Tower,Barrier island / beach,Condo,1990.0,3,True,975000.0,490.0,608.0,1210000.0,-235000.0,-19.4,5,Underpriced
Active,440-436 NW 7th Terrace,North Lauderdale,Mainland inland,Single Family,1386.0,3,False,670000.0,483.0,600.0,832000.0,-162000.0,-19.5,1,Insufficient comps
Active,200 S Birch Rd Unit#206,Leisure Beach,Barrier island / beach,Condo,647.0,1,False,234900.0,363.0,451.0,292000.0,-57000.0,-19.5,5,Underpriced
Active,2029 N Ocean Blvd Unit#106,Tradewinds By Sea Con,Barrier island / beach,Condo,1350.0,2,False,498900.0,370.0,460.0,621000.0,-122000.0,-19.6,0,Insufficient comps
Active,640 Tennis Club Drive Unit#103,Tennis Club Mc Loughlin Co,Mainland inland,Condo,1496.0,2,False,269999.0,180.0,224.0,335000.0,-65000.0,-19.6,0,Insufficient comps
Active,95 N Birch Road Unit#304,Harbor Haven,Barrier island / beach,Condo,795.0,1,True,369000.0,464.0,579.0,460000.0,-91000.0,-19.9,4,Insufficient comps
Pending,1124 NW 19th Street,Lauderdale Villas,Mainland inland,Single Family,1252.0,3,False,299900.0,240.0,300.0,376000.0,-76000.0,-20.0,20,Underpriced
Active,1901 N Ocean Blvd Unit#4D,Shore Club,Barrier island / beach,Condo,1500.0,2,True,683000.0,455.0,570.0,855000.0,-172000.0,-20.2,9,Underpriced
Active,2716 NE 30th Pl Unit#103C,Sutton Place,Mainland inland,Condo,580.0,1,False,159900.0,276.0,346.0,201000.0,-41000.0,-20.2,1,Insufficient comps
Pending,441 Royal Plaza Drive,Stilwell Isles,Finger-isle waterfront,Single Family,6162.0,6,True,6475000.0,1051.0,1318.0,8122000.0,-1647000.0,-20.3,8,Underpriced
Active,2670 E Sunrise Boulevard Unit#703,Gallery One,Intracoastal / canal waterfront,Condo,548.0,1,True,124900.0,228.0,286.0,157000.0,-32000.0,-20.3,29,Underpriced
Active,524 SW 19th Way,Edge On Th,Mainland inland,Townhouse,1539.0,3,False,490000.0,318.0,399.0,614000.0,-124000.0,-20.3,3,Insufficient comps
Active,2924 NW 8th Avenue,Jenada Villas,Mainland inland,Single Family,2465.0,4,False,695000.0,282.0,354.0,873000.0,-178000.0,-20.3,22,Underpriced
Active,2829 NE 30th Street Unit#302,Regency House Co Op,Mainland inland,Condo,858.0,2,False,239000.0,279.0,350.0,300000.0,-61000.0,-20.3,0,Insufficient comps
Active,2670 E Sunrise Blvd Unit#302,Gallery One,Intracoastal / canal waterfront,Condo,470.0,1,True,100000.0,213.0,268.0,126000.0,-26000.0,-20.5,29,Underpriced
Active,1200 SW 12th Street Unit#201,Rio Nuevo,Intracoastal / canal waterfront,Condo,1020.0,2,True,249500.0,245.0,308.0,314000.0,-64000.0,-20.5,11,Underpriced
Active,1526 SW 29th St,Reserve Edgewood Edge On,Mainland inland,Townhouse,1921.0,4,False,580000.0,302.0,380.0,730000.0,-150000.0,-20.5,0,Insufficient comps
Active,607 NE 17th Avenue,Victoria Park,Mainland inland,Single Family,4694.0,4,False,3400000.0,724.0,911.0,4276000.0,-876000.0,-20.5,83,Underpriced
Active,9 NE 19th Court Unit#214c,Manor Grove Village,Mainland inland,Condo,750.0,1,False,179000.0,239.0,301.0,226000.0,-47000.0,-20.6,7,Underpriced
Active,2841 N Ocean Boulevard Unit#603,Vantage View,Barrier island / beach,Condo,1100.0,2,False,369000.0,335.0,422.0,464000.0,-95000.0,-20.6,14,Underpriced
Active,533 NE 3rd Avenue Unit#131,Sole Fort Lauderdale Co,Downtown high-rise,Condo,1270.0,2,False,380000.0,299.0,377.0,479000.0,-99000.0,-20.7,2,Insufficient comps
Active,601 N Fort Lauderdale Beach Blvd Unit#712,Atlantic Hotel,Barrier island / beach,Condo,990.0,1,True,499000.0,504.0,636.0,630000.0,-131000.0,-20.8,5,Underpriced
Active,720 Orton Avenue Unit#206,Leisure Sands,Barrier island / beach,Condo,810.0,2,False,275000.0,340.0,430.0,348000.0,-73000.0,-20.9,3,Insufficient comps
Active,2301 N Atlantic Boulevard,Lauderdale Beach,Barrier island / beach,Single Family,3400.0,4,False,2695000.0,793.0,1002.0,3407000.0,-712000.0,-20.9,12,Underpriced
Active,2001 N Ocean Boulevard Unit#605,Vue Association,Barrier island / beach,Condo,1382.0,3,True,749000.0,542.0,686.0,948000.0,-199000.0,-21.0,0,Insufficient comps
Pending,533 NE 3rd Avenue Unit#321,Sole,Downtown high-rise,Condo,960.0,1,False,259500.0,270.0,342.0,328000.0,-68000.0,-21.1,5,Underpriced
Active,101 S Fort Lauderdale Beach Boulevard Unit#705,Las Olas,Barrier island / beach,Condo,2950.0,3,True,1499000.0,508.0,644.0,1900000.0,-401000.0,-21.1,140,Underpriced
Active,1245 NE 17TH Way,Lake Ridge,Mainland inland,Single Family,2976.0,4,False,1299000.0,436.0,553.0,1646000.0,-347000.0,-21.2,14,Underpriced
Active,341 City View Dr,City View City View Townhomes,Downtown high-rise,Townhouse,1452.0,3,False,479999.0,331.0,420.0,610000.0,-130000.0,-21.2,0,Insufficient comps
Active,821 SE 2nd Ct,Colee Hammock,Mainland inland,Single Family,3937.0,4,False,2999000.0,762.0,967.0,3807000.0,-808000.0,-21.2,19,Underpriced
Pending,2015 NE 4th Ave,Wilton Manors First,Mainland inland,Single Family,3755.0,4,False,2275000.0,606.0,770.0,2891000.0,-616000.0,-21.3,2,Insufficient comps
Active,1823 SW 22nd St,Osceola Park,Mainland inland,Single Family,1926.0,4,False,636000.0,330.0,420.0,809000.0,-173000.0,-21.4,3,Insufficient comps
Active,3325 NE 18th,Las Olas,Mainland inland,Single Family,5000.0,5,False,4800000.0,960.0,1222.0,6110000.0,-1310000.0,-21.4,19,Underpriced
Active,538 NW 17th Ave,Dorsey Park Second,Mainland inland,Single Family,1410.0,3,False,565000.0,401.0,511.0,721000.0,-156000.0,-21.5,2,Insufficient comps
Active,347 N New River Drive Unit#2707,Watergarden,Intracoastal / canal waterfront,Condo,820.0,1,True,449000.0,548.0,698.0,572000.0,-123000.0,-21.5,46,Underpriced
Active,532 NW 17th Ave,Dorsey Park Second,Mainland inland,Single Family,1410.0,3,False,565000.0,401.0,511.0,721000.0,-156000.0,-21.5,2,Insufficient comps
Active,1343 Ponce De Leon Drive,Rio Vista,Finger-isle waterfront,Single Family,3083.0,5,True,2295000.0,744.0,949.0,2926000.0,-631000.0,-21.6,89,Underpriced
Active,2406 Barcelona Drive,Sea Isles,Finger-isle waterfront,Single Family,5377.0,5,True,5495000.0,1022.0,1306.0,7022000.0,-1527000.0,-21.7,4,Insufficient comps
Active,1836 SW 9th Ave,Port,Mainland inland,Single Family,1581.0,3,False,599000.0,379.0,484.0,765000.0,-166000.0,-21.7,0,Insufficient comps
Active,347 N New River Drive Unit#1506,Watergarden,Intracoastal / canal waterfront,Condo,820.0,1,True,409000.0,499.0,637.0,522000.0,-113000.0,-21.7,46,Underpriced
Active,1100 NW 7th Ave,Progresso,Mainland inland,Single Family,1258.0,3,False,415000.0,330.0,422.0,531000.0,-116000.0,-21.8,199,Underpriced
Active,1012 SE 15th Street Unit#102,Patio,Mainland inland,Condo,580.0,1,False,135000.0,233.0,298.0,173000.0,-38000.0,-21.8,0,Insufficient comps
Active,2601 Delmar Pl,Gould Isles,Intracoastal / canal waterfront,Single Family,6019.0,5,True,6250000.0,1038.0,1328.0,7993000.0,-1743000.0,-21.8,4,Insufficient comps
Active,3010 NE 16th Avenue Unit#502,River Bend,Intracoastal / canal waterfront,Condo,1100.0,2,True,312000.0,284.0,363.0,399000.0,-87000.0,-21.8,1,Insufficient comps
Active,3020 NE 32nd Ave Unit#614,Tides Bridgeside Squar Tides Bridgeside,Barrier island / beach,Condo,790.0,1,True,400000.0,506.0,648.0,512000.0,-112000.0,-21.9,2,Insufficient comps
Active,3015 N Ocean Blvd Unit#3J,Berkley South,Barrier island / beach,Condo,1144.0,2,False,279500.0,244.0,313.0,358000.0,-78000.0,-22.0,21,Underpriced
Active,301 Hendricks Isle Unit#6,Place Des Arts,Intracoastal / canal waterfront,Condo,3726.0,3,True,1695000.0,455.0,584.0,2176000.0,-481000.0,-22.1,1,Insufficient comps
Active,2021 SW 14th Terrace,River Oaks La Preserve,Intracoastal / canal waterfront,Single Family,2800.0,4,True,1599000.0,571.0,736.0,2061000.0,-462000.0,-22.4,0,Insufficient comps
Active,1115 SW 5th Pl,Riverside Amen,Intracoastal / canal waterfront,Single Family,4751.0,4,True,2895000.0,609.0,785.0,3730000.0,-835000.0,-22.4,8,Underpriced
Pending,400 SE 22nd Street Unit#1,Chelsea Residences,Downtown high-rise,Townhouse,1850.0,3,False,655000.0,354.0,457.0,845000.0,-190000.0,-22.5,0,Insufficient comps
Active,520 SE 5th Avenue Unit#2404,Las Olas,Downtown high-rise,Condo,1083.0,2,False,409000.0,378.0,488.0,529000.0,-120000.0,-22.5,140,Underpriced
Active,1133 NE 18th Court,Lauderdale Park,Intracoastal / canal waterfront,Single Family,2576.0,3,True,1825000.0,708.0,914.0,2354000.0,-529000.0,-22.5,21,Underpriced
Active,1920 S Ocean Drive Unit#1508,Atlantic Towers,Barrier island / beach,Condo,805.0,1,True,340000.0,422.0,545.0,439000.0,-99000.0,-22.6,6,Underpriced
Pending,3325 NE 14th Court,Las Olas,Mainland inland,Single Family,3616.0,3,False,2600000.0,719.0,930.0,3363000.0,-763000.0,-22.7,19,Underpriced
Active,1100 NW 19th Street,Lauderdale Villas,Mainland inland,Single Family,1716.0,4,False,439000.0,256.0,331.0,568000.0,-129000.0,-22.7,20,Underpriced
Active,310 SE 11th Ave,Himmarshee Park,Intracoastal / canal waterfront,Single Family,6058.0,5,True,5890000.0,972.0,1259.0,7627000.0,-1737000.0,-22.8,1,Insufficient comps
Active,900 NE 18th Avenue Unit#602,Victoria Park,Mainland inland,Condo,690.0,1,False,179500.0,260.0,337.0,233000.0,-54000.0,-22.8,11,Underpriced
Active,2424 SE 17th Cswy Unit#312B,Village Harbor Beach,Barrier island / beach,Condo,875.0,2,False,295000.0,337.0,437.0,382000.0,-87000.0,-22.9,5,Underpriced
Active,1529 NW 1st Ave,Progresso,Mainland inland,Single Family,1300.0,3,False,497900.0,383.0,497.0,646000.0,-148000.0,-22.9,199,Underpriced
Active,505 N Fort Lauderdale Beach Boulevard Unit#2314,Club Resort Residences,Barrier island / beach,Condo,380.0,0,True,215000.0,566.0,734.0,279000.0,-64000.0,-22.9,0,Insufficient comps
Active,124 NE 19th Ct Unit#114B,Manor Grove Village Con Manor Grove Village,Intracoastal / canal waterfront,Condo,750.0,1,True,209000.0,279.0,362.0,272000.0,-63000.0,-22.9,0,Insufficient comps
Active,1839 Middle River Drive Unit#105,Rivers Bend,Mainland inland,Condo,1196.0,2,False,320000.0,268.0,348.0,416000.0,-96000.0,-23.0,0,Insufficient comps
Active,913 NE 15th Street,Lauderdale Park,Mainland inland,Single Family,2228.0,4,False,1149000.0,516.0,670.0,1493000.0,-344000.0,-23.0,21,Underpriced
Active,900 NE 18th Avenue Unit#1004,Victoria Park,Mainland inland,Condo,690.0,1,False,179000.0,259.0,337.0,233000.0,-54000.0,-23.1,11,Underpriced
Active,1750 S Ocean Lane Unit#205,Lago Mar Place,Barrier island / beach,Condo,699.0,1,True,299000.0,428.0,557.0,389000.0,-90000.0,-23.2,4,Insufficient comps
Active,3020 NE 32nd Avenue Unit#805,Tides Bridgeside,Barrier island / beach,Condo,750.0,1,True,375000.0,500.0,652.0,489000.0,-114000.0,-23.3,9,Underpriced
Pending,900 NE 18th Avenue Unit#408,Victoria Park,Mainland inland,Condo,850.0,2,False,210000.0,247.0,322.0,274000.0,-64000.0,-23.3,11,Underpriced
Active,1212 SE 2nd Court Unit#201,Las Olas,Mainland inland,Condo,1306.0,2,False,435000.0,333.0,435.0,568000.0,-133000.0,-23.4,140,Underpriced
Active,900 NE 18th Ave Unit#1103,Victoria Park,Mainland inland,Condo,690.0,1,False,178000.0,258.0,337.0,233000.0,-55000.0,-23.4,11,Underpriced
Active,1515 SW 13th Court,Shady Banks,Mainland inland,Single Family,2764.0,5,False,899000.0,325.0,425.0,1175000.0,-276000.0,-23.5,18,Underpriced
Active,3015 N Ocean Boulevard Unit#3d,Berkley South,Barrier island / beach,Condo,995.0,1,False,239900.0,241.0,315.0,313000.0,-73000.0,-23.5,21,Underpriced
Active,618 NE 15th Avenue,Graceland Park,Mainland inland,Single Family,3741.0,4,False,2695000.0,720.0,944.0,3532000.0,-837000.0,-23.7,2,Insufficient comps
Pending,1213 SW 21st Street,Floral Ridge,Mainland inland,Single Family,1898.0,3,False,595000.0,313.0,411.0,780000.0,-185000.0,-23.8,2,Insufficient comps
Active,2100 S Ocean Lane Unit#101-102,Point Americas,Barrier island / beach,Condo,3003.0,4,True,1349000.0,449.0,590.0,1772000.0,-423000.0,-23.9,28,Underpriced
Active,150 NE 15th Ave Unit#140,Pine Crest Village Ii,Mainland inland,Condo,1280.0,2,False,320000.0,250.0,329.0,421000.0,-101000.0,-24.0,0,Insufficient comps
Active,111 SE 8th Avenue Unit#1501,Venezia,Intracoastal / canal waterfront,Condo,4120.0,3,True,1899000.0,461.0,607.0,2501000.0,-602000.0,-24.1,0,Insufficient comps
Active,200 S Birch Road Unit#701,Leisure Beach,Barrier island / beach,Condo,756.0,2,True,328000.0,434.0,572.0,432000.0,-104000.0,-24.1,5,Underpriced
Active,3015 N Ocean Blvd Unit#6A,Berkley South,Mainland inland,Condo,1328.0,2,False,309000.0,233.0,307.0,408000.0,-99000.0,-24.1,21,Underpriced
Active,2400 NE 9th St Unit#603,Ocean Sunrise Co Op Ocean Sunrise,Barrier island / beach,Condo,650.0,2,False,175000.0,269.0,355.0,231000.0,-56000.0,-24.2,0,Insufficient comps
Active,2670 E Sunrise Blvd Unit#1117,Gallery One,Intracoastal / canal waterfront,Condo,548.0,1,True,109000.0,199.0,263.0,144000.0,-35000.0,-24.3,29,Underpriced
Active,700 Bayshore Drive Unit#13,Beach Shore Apts Co Op,Barrier island / beach,Condo,748.0,1,False,239000.0,320.0,423.0,316000.0,-77000.0,-24.3,2,Insufficient comps
Active,2845 NE 9th Street Unit#906,Le Club International Cond,Barrier island / beach,Condo,2630.0,3,True,1250000.0,475.0,628.0,1652000.0,-402000.0,-24.4,0,Insufficient comps
Active,3000 Holiday Drive Unit#1505,Maya Marca,Barrier island / beach,Condo,1609.0,2,True,645000.0,401.0,531.0,854000.0,-209000.0,-24.5,5,Underpriced
Pending,2000 S Ocean Drive Unit#706,Everglades House,Barrier island / beach,Condo,1688.0,2,True,669900.0,397.0,526.0,888000.0,-218000.0,-24.5,7,Underpriced
Active,505 N Fort Lauderdale Beach Boulevard Unit#605,Club Resort Residences,Barrier island / beach,Condo,906.0,1,False,345000.0,381.0,505.0,458000.0,-113000.0,-24.6,0,Insufficient comps
Active,2670 E Sunrise Boulevard Unit#1202,Gallery One,Intracoastal / canal waterfront,Condo,470.0,1,True,95000.0,202.0,268.0,126000.0,-31000.0,-24.6,29,Underpriced
Active,1950 N Andrews Avenue Unit#210d,Manor Grove Village One In,Mainland inland,Condo,750.0,1,False,155000.0,207.0,275.0,206000.0,-51000.0,-24.7,0,Insufficient comps
Pending,110 Hendricks Isle Unit#13,Terraces Isles Cond Terraces Isles,Finger-isle waterfront,Condo,2600.0,3,True,1190000.0,458.0,608.0,1581000.0,-391000.0,-24.7,1,Insufficient comps
Active,1028 NW 8th Ave,Progresso,Mainland inland,Single Family,1362.0,3,False,679900.0,499.0,664.0,904000.0,-224000.0,-24.8,199,Underpriced
Active,1531 SE 15th Unit#6,Quarterdeck Condominium,Intracoastal / canal waterfront,Condo,1008.0,2,True,309000.0,307.0,408.0,411000.0,-102000.0,-24.8,0,Insufficient comps
Active,550 Bayshore Drive Unit#104,Bayshore Embassy,Barrier island / beach,Condo,1000.0,2,False,324900.0,325.0,432.0,432000.0,-107000.0,-24.8,1,Insufficient comps
Active,2000 S Ocean Dr Unit#309,Everglades House,Barrier island / beach,Condo,1205.0,2,True,499000.0,414.0,551.0,664000.0,-165000.0,-24.9,7,Underpriced
Pending,2725 NE 8 Avenue Unit#113,Highland Estates,Mainland inland,Townhouse,2294.0,3,False,600000.0,262.0,349.0,801000.0,-201000.0,-24.9,1,Insufficient comps
Active,511 SE 5 Avenue Unit#1409,Nuriver Landing,Intracoastal / canal waterfront,Condo,1246.0,2,True,472000.0,379.0,507.0,632000.0,-160000.0,-25.2,34,Underpriced
Active,12 NE 19th Court Unit#118a,Manor Grove Village,Mainland inland,Condo,750.0,1,False,169000.0,225.0,301.0,226000.0,-57000.0,-25.2,7,Underpriced
Active,1234 NE 17th Ter,Lake Ridge,Mainland inland,Single Family,2502.0,3,False,1565000.0,625.0,837.0,2094000.0,-529000.0,-25.3,14,Underpriced
Active,91 Fiesta Way,Nurmi Isles,Finger-isle waterfront,Single Family,6184.0,7,True,7450000.0,1205.0,1615.0,9987000.0,-2537000.0,-25.4,16,Underpriced
Active,917 NE 16th Avenue Unit#7,Crossroads,Mainland inland,Condo,960.0,2,False,250000.0,260.0,349.0,335000.0,-85000.0,-25.5,2,Insufficient comps
Active,549 NE 10th Avenue,Holmberg Mc Kees,Mainland inland,Single Family,3880.0,5,False,3100000.0,799.0,1076.0,4175000.0,-1075000.0,-25.7,10,Underpriced
Active,551 N Fort Lauderdale Beach Boulevard Unit#H803,Ocean Resort Residences,Barrier island / beach,Condo,730.0,1,True,449000.0,615.0,828.0,604000.0,-155000.0,-25.7,10,Underpriced
Pending,2021 NW 10th Ave,Hillmont Middle River Vis,Mainland inland,Single Family,1406.0,3,False,349500.0,249.0,335.0,471000.0,-122000.0,-25.7,3,Insufficient comps
Active,505 N Fort Lauderdale Beach Blvd Unit#2501,Club Resort Residence Hilton,Barrier island / beach,Condo,1308.0,2,True,625000.0,478.0,644.0,842000.0,-217000.0,-25.8,1,Insufficient comps
Active,520 SE 5th Ave Unit#3403,Las Olas,Downtown high-rise,Condo,793.0,1,False,285000.0,359.0,485.0,385000.0,-100000.0,-26.0,140,Underpriced
Pending,1350 River Reach Drive Unit#101,River Reach,Intracoastal / canal waterfront,Condo,900.0,1,True,199900.0,222.0,300.0,270000.0,-70000.0,-26.0,54,Underpriced
Pending,350 SE 2nd Street Unit#850,Las Olas,Mainland inland,Condo,1346.0,2,False,479900.0,357.0,483.0,650000.0,-170000.0,-26.1,140,Underpriced
Active,1535 SE 15th St Unit#208,Harbor View Apts Harbor View,Intracoastal / canal waterfront,Condo,966.0,2,True,289900.0,300.0,406.0,392000.0,-102000.0,-26.1,0,Insufficient comps
Active,1510 SE 15th St Unit#210,Marina Del Mar,Intracoastal / canal waterfront,Condo,1070.0,3,True,294000.0,275.0,372.0,398000.0,-104000.0,-26.1,5,Underpriced
Active,1700 SE 15th Street Unit#308,Caravel Condominium,Mainland inland,Condo,900.0,1,False,187000.0,208.0,282.0,254000.0,-67000.0,-26.2,1,Insufficient comps
Active,1317 SE 2nd Avenue,Croissant Park,Mainland inland,Single Family,2416.0,3,False,820000.0,339.0,460.0,1111000.0,-291000.0,-26.3,30,Underpriced
Active,1514 Davie Boulevard,Hendricks Heights,Mainland inland,Single Family,2236.0,4,False,889000.0,398.0,540.0,1207000.0,-318000.0,-26.3,4,Insufficient comps
Active,9 NE 19th Court Unit#C216,Manor Grove Village One In,Mainland inland,Condo,1180.0,2,False,259000.0,219.0,297.0,350000.0,-91000.0,-26.3,0,Insufficient comps
Active,2056 NE 21st Court,South Coral Point,Intracoastal / canal waterfront,Single Family,2851.0,3,True,1595000.0,559.0,759.0,2164000.0,-569000.0,-26.4,2,Insufficient comps
Pending,533 NW 16th Avenue,Dorsey Park Second,Mainland inland,Single Family,1410.0,3,False,530000.0,376.0,511.0,721000.0,-191000.0,-26.4,2,Insufficient comps
Active,1900 S Ocean Drive Unit#1702,Breakwater Towers Co Op,Barrier island / beach,Condo,1036.0,2,False,319000.0,308.0,421.0,436000.0,-117000.0,-26.8,3,Insufficient comps
Active,2500 E Las Olas Blvd Unit#408,Marine Tower,Intracoastal / canal waterfront,Condo,1706.0,3,True,490000.0,287.0,392.0,669000.0,-179000.0,-26.8,12,Underpriced
Active,216 SE 10th Street,Tarpon River,Intracoastal / canal waterfront,Single Family,2556.0,4,True,1425000.0,558.0,762.0,1948000.0,-523000.0,-26.8,12,Underpriced
Active,1500 SE 15th Street Unit#219,Marina Del Mar,Intracoastal / canal waterfront,Condo,670.0,1,True,189000.0,282.0,385.0,258000.0,-69000.0,-26.8,5,Underpriced
Active,533 NE 3rd Avenue Unit#237,Sole Fort Lauderdale Co,Downtown high-rise,Condo,960.0,1,False,239000.0,249.0,341.0,327000.0,-88000.0,-27.0,2,Insufficient comps
Active,520 SE 5th Ave Unit#3305,Las Olas,Downtown high-rise,Condo,808.0,1,False,285000.0,353.0,484.0,391000.0,-106000.0,-27.1,140,Underpriced
Active,625 Antioch Avenue Unit#104,Harwick House,Barrier island / beach,Condo,670.0,1,False,220000.0,328.0,450.0,302000.0,-82000.0,-27.1,0,Insufficient comps
Active,804 SW 4th Avenue,Ft Lauderdale Land Dev,Mainland inland,Townhouse,1650.0,3,False,515000.0,312.0,428.0,706000.0,-191000.0,-27.1,0,Insufficient comps
Active,2900 NE 30th Street Unit#G-1,Lauderdale Tower Condos,Intracoastal / canal waterfront,Condo,1040.0,2,True,344500.0,331.0,454.0,472000.0,-128000.0,-27.1,0,Insufficient comps
Pending,3020 NE 32nd Avenue Unit#Ph11,Tides Bridgewater,Barrier island / beach,Condo,1170.0,2,True,549000.0,469.0,644.0,753000.0,-204000.0,-27.2,0,Insufficient comps
Active,520 SE 5th Avenue Unit#2406,Las Olas,Downtown high-rise,Condo,1136.0,2,False,439000.0,386.0,531.0,603000.0,-164000.0,-27.3,140,Underpriced
Active,1510 SE 15th Street Unit#302,Marina Del Mar Condomini,Intracoastal / canal waterfront,Condo,670.0,1,True,187500.0,280.0,385.0,258000.0,-70000.0,-27.3,0,Insufficient comps
Active,1900 NE 8th Ct Unit#105,Gateway Arms,Mainland inland,Condo,800.0,2,False,199900.0,250.0,344.0,275000.0,-75000.0,-27.3,5,Underpriced
Active,720 Orton Avenue Unit#704,Leisure Sands,Barrier island / beach,Condo,690.0,1,False,224500.0,325.0,447.0,308000.0,-84000.0,-27.3,3,Insufficient comps
Active,1009 B NE 3rd Street,Victoria Park,Mainland inland,Single Family,3276.0,4,False,2200000.0,672.0,924.0,3027000.0,-827000.0,-27.3,83,Underpriced
Active,700 Bayshore Drive Unit#21,Beach Shore Apts Co Op,Barrier island / beach,Condo,748.0,1,False,230000.0,307.0,423.0,316000.0,-86000.0,-27.4,2,Insufficient comps
Pending,448 NW 15th Way,Dorsey Park First,Mainland inland,Single Family,1600.0,4,False,479900.0,300.0,414.0,662000.0,-182000.0,-27.5,2,Insufficient comps
Active,720 SE 7th St,Rio Vista,Mainland inland,Single Family,4150.0,5,False,3400000.0,819.0,1130.0,4690000.0,-1290000.0,-27.5,89,Underpriced
Active,512 SW 15th Street,Lauderdale Lot Bl,Mainland inland,Single Family,2034.0,3,False,599000.0,294.0,406.0,826000.0,-227000.0,-27.6,0,Insufficient comps
Active,520 SE 5th Ave Unit#1307,Las Olas,Downtown high-rise,Condo,816.0,1,False,285500.0,350.0,484.0,395000.0,-110000.0,-27.7,140,Underpriced
Active,1106 NE 18th Avenue,Lake Park,Intracoastal / canal waterfront,Single Family,1835.0,3,True,799000.0,435.0,602.0,1105000.0,-306000.0,-27.7,0,Insufficient comps
Active,2670 E Sunrise Boulevard Unit#1119,Gallery One By Hilton,Mainland inland,Condo,554.0,1,False,155000.0,280.0,388.0,215000.0,-60000.0,-27.8,0,Insufficient comps
Active,2500 NE 9th St Unit#111,Colonial Manor East Apart Colonial Manor East,Mainland inland,Condo,806.0,1,False,199000.0,247.0,342.0,276000.0,-77000.0,-27.8,0,Insufficient comps
Active,2725 NE 8th Avenue Unit#104,Highland Estates,Mainland inland,Townhouse,2294.0,3,False,575000.0,251.0,348.0,798000.0,-223000.0,-27.9,1,Insufficient comps
Active,9 NE 19th Ct Unit#208C,Manor Grove Village One Wilton Manors,Mainland inland,Condo,750.0,1,False,155000.0,207.0,287.0,215000.0,-60000.0,-27.9,0,Insufficient comps
Active,1408 NW 9th Ave,Progresso,Mainland inland,Single Family,1331.0,3,False,405000.0,304.0,422.0,562000.0,-157000.0,-28.0,199,Underpriced
Active,3209 NE 26th Street,Dolphin Isles,Mainland inland,Single Family,3418.0,4,False,3000000.0,878.0,1220.0,4170000.0,-1170000.0,-28.0,2,Insufficient comps
Active,505 N Fort Lauderdale Beach Blvd Unit#2205,Club Resort Residence Club,Barrier island / beach,Condo,906.0,1,False,329000.0,363.0,505.0,458000.0,-129000.0,-28.1,0,Insufficient comps
Active,405 NW 18th Avenue,Dorsey Park Third,Mainland inland,Single Family,918.0,2,False,355000.0,387.0,538.0,494000.0,-139000.0,-28.1,3,Insufficient comps
Active,2670 E Sunrise Boulevard Unit#323,Gallery One,Intracoastal / canal waterfront,Condo,617.0,1,True,115000.0,186.0,259.0,160000.0,-45000.0,-28.2,29,Underpriced
Active,1900 S Ocean Drive Unit#1706,Breakwater Towers Co Op,Barrier island / beach,Condo,750.0,1,False,225000.0,300.0,419.0,314000.0,-89000.0,-28.4,3,Insufficient comps
Pending,2724 N Ocean Boulevard,Lauderdale Beach,Barrier island / beach,Single Family,2499.0,4,False,1999999.0,800.0,1117.0,2791000.0,-791000.0,-28.4,12,Underpriced
Active,301 Hendricks Isle Unit#7,Place Des Arts,Intracoastal / canal waterfront,Condo,4445.0,4,True,1900000.0,427.0,596.0,2649000.0,-749000.0,-28.4,1,Insufficient comps
Active,347 N New River Drive Unit#606,Watergarden,Intracoastal / canal waterfront,Condo,820.0,1,True,374000.0,456.0,637.0,522000.0,-148000.0,-28.4,46,Underpriced
Active,1428 SW 4th Avenue Unit#1428,Michelle Ii,Mainland inland,Townhouse,2242.0,4,False,863020.0,385.0,538.0,1206000.0,-343000.0,-28.4,0,Insufficient comps
Active,1601 SE 15 Unit#1B,Port Repose Co Op,Barrier island / beach,Condo,580.0,1,True,244900.0,422.0,590.0,342000.0,-97000.0,-28.5,0,Insufficient comps
Active,520 SE 5th Avenue Unit#3209,Las Olas,Downtown high-rise,Condo,1120.0,2,False,389000.0,347.0,486.0,544000.0,-155000.0,-28.6,140,Underpriced
Active,1535 SE 15th Street Unit#206,Harbor View Apts,Intracoastal / canal waterfront,Condo,1016.0,2,True,275000.0,271.0,380.0,386000.0,-111000.0,-28.7,2,Insufficient comps
Active,900 SW 12th Street Unit#206,Rio Nuevo,Intracoastal / canal waterfront,Condo,1000.0,2,True,239000.0,239.0,335.0,335000.0,-96000.0,-28.7,11,Underpriced
Pending,100 N Federal Highway Unit#1409,Waverly Las Olas,Mainland inland,Condo,1321.0,2,False,399000.0,302.0,424.0,560000.0,-161000.0,-28.8,23,Underpriced
Pending,3015 N Ocean Blvd Unit#4L,Berkley South,Barrier island / beach,Condo,1328.0,2,False,289000.0,218.0,307.0,408000.0,-119000.0,-29.0,21,Underpriced
Pending,1800 N Andrews Avenue Unit#7j,Drake Tower,Intracoastal / canal waterfront,Condo,790.0,1,True,169900.0,215.0,303.0,239000.0,-69000.0,-29.0,13,Underpriced
Active,1005 SE 15th Street Unit#5d,Cliff Lake Villas Co Op,Mainland inland,Condo,800.0,2,False,155000.0,194.0,274.0,219000.0,-64000.0,-29.2,0,Insufficient comps
Active,900 NE 18th Avenue Unit#304,Victoria Park,Mainland inland,Condo,690.0,1,False,164000.0,238.0,337.0,233000.0,-69000.0,-29.4,11,Underpriced
Active,1600 SE 15th St Unit#607,Plaza,Intracoastal / canal waterfront,Condo,720.0,1,True,199999.0,278.0,395.0,284000.0,-84000.0,-29.6,2,Insufficient comps
Active,1609 NW 7th Ter,Progresso,Mainland inland,Single Family,2034.0,4,False,559000.0,275.0,392.0,797000.0,-238000.0,-29.8,199,Underpriced
Active,1434 SW 4th Avenue Unit#1434,Michelle Ii,Mainland inland,Townhouse,2120.0,4,False,805600.0,380.0,542.0,1149000.0,-343000.0,-29.9,0,Insufficient comps
Active,1430 SW 4th Avenue Unit#1430,Michelle Ii,Mainland inland,Townhouse,2120.0,4,False,805600.0,380.0,542.0,1149000.0,-343000.0,-29.9,0,Insufficient comps
Active,624 Antioch Avenue Unit#6,Beachside Apts Co Op,Barrier island / beach,Condo,880.0,2,False,249900.0,284.0,405.0,356000.0,-106000.0,-29.9,0,Insufficient comps
Active,2424 SE 17th St Unit#B307,Village Harbor Beach,Barrier island / beach,Condo,685.0,1,False,208000.0,304.0,434.0,297000.0,-89000.0,-30.0,5,Underpriced
Active,505 N Fort Lauderdale Beach Boulevard Unit#2101,Club Resort Residences,Barrier island / beach,Condo,1308.0,2,True,588999.0,450.0,644.0,842000.0,-253000.0,-30.1,0,Insufficient comps
Pending,2840 N Ocean Boulevard Unit#403,Sea Tower,Barrier island / beach,Condo,769.0,1,True,299000.0,389.0,558.0,429000.0,-130000.0,-30.3,4,Insufficient comps
Active,1125 NW 30th Ct Unit#10,Wilton Terrace,Mainland inland,Condo,670.0,1,False,95000.0,142.0,204.0,137000.0,-42000.0,-30.4,2,Insufficient comps
Active,900 NE 18th Avenue Unit#409,Victoria Park,Mainland inland,Condo,850.0,2,False,190000.0,224.0,322.0,274000.0,-84000.0,-30.4,11,Underpriced
Pending,3000 N Ocean Blvd Unit#303,East Shore,Barrier island / beach,Condo,598.0,1,False,210000.0,351.0,504.0,301000.0,-91000.0,-30.4,1,Insufficient comps
Active,1709 SW 23rd St,River Oak,Mainland inland,Single Family,2508.0,4,False,1175000.0,469.0,674.0,1690000.0,-515000.0,-30.4,0,Insufficient comps
Pending,1812 SW 10th Ave,Yellowstone Park Amen Pla,Mainland inland,Single Family,2580.0,4,False,999768.0,388.0,558.0,1440000.0,-440000.0,-30.5,7,Underpriced
Active,1705 NW 15th Street,Lauderdale Manors,Mainland inland,Single Family,1800.0,3,False,599000.0,333.0,480.0,864000.0,-265000.0,-30.6,102,Underpriced
Pending,511 SE 5th Ave Unit#611,Nuriver Landing,Intracoastal / canal waterfront,Condo,1246.0,2,True,399000.0,320.0,462.0,576000.0,-177000.0,-30.7,34,Underpriced
Active,2400 NE 9th St Unit#201,Ocean Sunrise Co Op Ocean Sunrise,Barrier island / beach,Condo,650.0,2,False,159900.0,246.0,355.0,231000.0,-71000.0,-30.7,0,Insufficient comps
Active,2420 SE 17th Street Unit#401c,Village Harbor Beach Co,Barrier island / beach,Condo,932.0,2,False,280000.0,300.0,433.0,404000.0,-124000.0,-30.7,0,Insufficient comps
Active,2400 NE 33rd Avenue Unit#211,Ocean Garden,Barrier island / beach,Condo,930.0,2,False,287495.0,309.0,447.0,416000.0,-129000.0,-30.9,1,Insufficient comps
Active,2500 E Las Olas Boulevard Unit#1505,Marine Tower,Intracoastal / canal waterfront,Condo,870.0,1,True,250000.0,287.0,416.0,362000.0,-112000.0,-31.0,12,Underpriced
Active,2670 E Sunrise Blvd Unit#523,Gallery One,Intracoastal / canal waterfront,Condo,617.0,1,True,109000.0,177.0,257.0,159000.0,-50000.0,-31.1,29,Underpriced
Active,2670 E Sunrise Boulevard Unit#319,Gallery One,Intracoastal / canal waterfront,Condo,554.0,1,True,100000.0,181.0,263.0,146000.0,-46000.0,-31.2,29,Underpriced
Active,520 SE 5th Ave Unit#2501,Las Olas,Downtown high-rise,Condo,894.0,1,False,294000.0,329.0,478.0,427000.0,-133000.0,-31.2,140,Underpriced
Active,2555 NE 11th Street Unit#104,Horizon House,Mainland inland,Condo,710.0,1,False,169000.0,238.0,347.0,246000.0,-77000.0,-31.4,7,Underpriced
Pending,629 Kensington Place,Tropical Gardens,Intracoastal / canal waterfront,Single Family,3678.0,4,True,1720000.0,468.0,684.0,2516000.0,-796000.0,-31.6,2,Insufficient comps
Active,1500 NE 24th Street,Edgewater Estates,Intracoastal / canal waterfront,Single Family,2582.0,3,True,1275000.0,494.0,723.0,1867000.0,-592000.0,-31.7,14,Underpriced
Active,2800 E Sunrise Blvd Unit#7F,Sunrise East,Barrier island / beach,Condo,1900.0,2,True,699000.0,368.0,540.0,1026000.0,-327000.0,-31.9,9,Underpriced
Active,1920 S Ocean Drive Unit#1009,Atlantic Towers Co Op,Barrier island / beach,Condo,805.0,1,True,299000.0,371.0,545.0,439000.0,-140000.0,-31.9,1,Insufficient comps
Active,1950 N Andrews Avenue Unit#103d,Manor Grove Village One In,Mainland inland,Condo,750.0,1,False,139900.0,187.0,275.0,206000.0,-66000.0,-32.0,0,Insufficient comps
Active,800 SW 8th Ter,Tarpon River,Intracoastal / canal waterfront,Single Family,2340.0,3,True,1025000.0,438.0,645.0,1509000.0,-484000.0,-32.1,12,Underpriced
Active,9 NE 19th Ct Unit#104C,Manor Grove Village One Manor Grove Village,Mainland inland,Condo,750.0,1,False,139900.0,187.0,276.0,207000.0,-67000.0,-32.2,0,Insufficient comps
Active,500 NE 14th Avenue,Las Olas,Mainland inland,Single Family,4036.0,5,False,2774999.0,688.0,1015.0,4097000.0,-1322000.0,-32.2,19,Underpriced
Active,1920 S Ocean Drive Unit#408,Atlantic Towers Co Op,Barrier island / beach,Condo,805.0,1,False,225000.0,280.0,413.0,332000.0,-107000.0,-32.2,1,Insufficient comps
Active,1150 NW 30th Court Unit#203,Wilton Shores East,Intracoastal / canal waterfront,Condo,925.0,2,True,159000.0,172.0,254.0,235000.0,-76000.0,-32.3,3,Insufficient comps
Active,2424 SE 17th Street Unit#208b,Village Harbor Beach Co,Barrier island / beach,Condo,685.0,1,False,200000.0,292.0,431.0,295000.0,-95000.0,-32.3,0,Insufficient comps
Active,520 SE 5th Ave Unit#2303,Las Olas,Mainland inland,Condo,1447.0,3,False,458000.0,317.0,469.0,679000.0,-221000.0,-32.4,140,Underpriced
Active,520 SE 5th Avenue Unit#1202,Las Olas,Downtown high-rise,Condo,1148.0,2,False,375000.0,327.0,484.0,556000.0,-181000.0,-32.4,140,Underpriced
Active,1900 S Ocean Dr Unit#508,Breakwater Towers Co Op Breakwater Towers,Barrier island / beach,Condo,805.0,1,False,225000.0,280.0,416.0,335000.0,-110000.0,-32.7,4,Insufficient comps
Active,505 N Fort Lauderdale Beach Blvd Unit#2412,Club Resort Residence Beach House Hilton,Barrier island / beach,Condo,533.0,1,True,245000.0,460.0,690.0,368000.0,-123000.0,-33.3,0,Insufficient comps
Active,933 NW 2nd Ave,Progresso,Mainland inland,Single Family,1428.0,3,False,498000.0,349.0,524.0,748000.0,-250000.0,-33.4,199,Underpriced
Active,505 N Fort Lauderdale Beach Blvd Unit#2103,Club Resort Residence Beach House Hilton,Barrier island / beach,Condo,584.0,1,True,265000.0,454.0,682.0,398000.0,-133000.0,-33.4,0,Insufficient comps
Active,2300 NE 33rd Avenue Unit#502,Everglades Club,Barrier island / beach,Condo,1369.0,2,False,425000.0,310.0,468.0,641000.0,-216000.0,-33.8,5,Underpriced
Active,1332 SW 2nd Ct,Village Sailboat Bend,Intracoastal / canal waterfront,Townhouse,1977.0,3,True,512888.0,259.0,391.0,773000.0,-260000.0,-33.8,7,Underpriced
Active,1800 N Andrews Avenue Unit#Ph-b,Drake Tower,Intracoastal / canal waterfront,Condo,850.0,1,True,169000.0,199.0,301.0,256000.0,-87000.0,-33.9,13,Underpriced
Active,1850 S Ocean Dr Unit#305,Lake Mayan Apts Co Op Lake Mayan Apartments,Barrier island / beach,Condo,640.0,1,True,240000.0,375.0,567.0,363000.0,-123000.0,-33.9,0,Insufficient comps
Pending,1730 SW 21st St,Osceola Park,Mainland inland,Single Family,1229.0,3,False,385000.0,313.0,474.0,583000.0,-198000.0,-34.0,3,Insufficient comps
Active,1800 NW 3rd Ct,Dorsey Park Th,Intracoastal / canal waterfront,Single Family,1600.0,3,True,459900.0,287.0,435.0,696000.0,-236000.0,-34.0,5,Underpriced
Active,520 SE 5th Ave Unit#2211,Las Olas,Downtown high-rise,Condo,1447.0,3,False,440000.0,304.0,461.0,667000.0,-227000.0,-34.1,140,Underpriced
Active,2900 NE 30th Street Unit#A4,Lauderdale Tower,Barrier island / beach,Condo,730.0,1,True,204900.0,281.0,427.0,312000.0,-107000.0,-34.2,12,Underpriced
Active,2715 N Ocean Blvd Unit#2E,Embassy Tower Ii Inc Cond Embassy Tower,Barrier island / beach,Condo,1200.0,2,False,345000.0,288.0,440.0,528000.0,-183000.0,-34.5,0,Insufficient comps
Active,1510 SE 15th Street Unit#308,Marina Del Mar,Intracoastal / canal waterfront,Condo,975.0,2,True,260000.0,267.0,408.0,398000.0,-138000.0,-34.6,5,Underpriced
Active,1808 NW 3rd Ct,Dorsey Park Th,Intracoastal / canal waterfront,Single Family,1442.0,3,True,445900.0,309.0,473.0,682000.0,-236000.0,-34.7,5,Underpriced
Pending,200 S Birch Road Unit#612,Leisure Beach Condominium,Barrier island / beach,Condo,647.0,1,False,190000.0,294.0,451.0,292000.0,-102000.0,-34.8,0,Insufficient comps
Active,901 W Las Olas Boulevard,Waverly Place,Mainland inland,Single Family,2498.0,6,False,600000.0,240.0,369.0,922000.0,-322000.0,-35.0,7,Underpriced
Pending,1625 SE 10th Avenue Unit#405,Runaway Bay,Mainland inland,Condo,870.0,1,False,165000.0,190.0,294.0,256000.0,-91000.0,-35.4,9,Underpriced
Active,505 N Fort Lauderdale Beach Boulevard Unit#818,Club Resort Residences,Barrier island / beach,Condo,1028.0,1,True,449000.0,437.0,677.0,696000.0,-247000.0,-35.5,0,Insufficient comps
Active,2426 SE 17th Cswy Unit#109A,Village Harbor Beach,Barrier island / beach,Condo,685.0,1,False,189900.0,277.0,431.0,295000.0,-105000.0,-35.7,5,Underpriced
Active,1900 S Ocean Drive Unit#812,Breakwater Towers Co Op Breakwater Towers,Barrier island / beach,Condo,1293.0,3,False,365000.0,282.0,439.0,568000.0,-203000.0,-35.8,4,Insufficient comps
Active,601 N Ft Lauderdale Bch Boulevard Unit#1213,Atlantic Hotel,Barrier island / beach,Condo,975.0,1,True,397000.0,407.0,635.0,619000.0,-222000.0,-35.9,5,Underpriced
Active,1950 N Andrews Avenue Unit#102d,Manor Grove Village One In,Mainland inland,Condo,750.0,1,False,132000.0,176.0,275.0,206000.0,-74000.0,-36.0,0,Insufficient comps
Pending,511 NW 17th Avenue,Dorsey Park Second,Mainland inland,Single Family,1272.0,3,False,259900.0,204.0,319.0,406000.0,-146000.0,-36.1,2,Insufficient comps
Active,1900 S Ocean Dr Unit#1704,Breakwater Towers Co Op Breakwater Towers,Barrier island / beach,Condo,805.0,1,True,280000.0,348.0,547.0,440000.0,-160000.0,-36.4,4,Insufficient comps
Active,720 Bayshore Dr Unit#301,Nautical Towers,Barrier island / beach,Condo,1473.0,2,False,399500.0,271.0,426.0,627000.0,-228000.0,-36.4,5,Underpriced
Active,1816 SW 21st Street,Osceola Park,Mainland inland,Single Family,1986.0,4,False,620000.0,312.0,492.0,977000.0,-357000.0,-36.6,3,Insufficient comps
Active,1406 NE 15th Street,Verena Park,Mainland inland,Single Family,2273.0,3,False,699000.0,308.0,487.0,1107000.0,-408000.0,-36.8,1,Insufficient comps
Active,1881 Middle River Dr Unit#704,Middle River Tower,Intracoastal / canal waterfront,Condo,800.0,1,True,239000.0,299.0,473.0,378000.0,-139000.0,-36.8,1,Insufficient comps
Active,630 SE 15th St Unit#3,Everglades Land Sales Co Harbor Vista Townhome,Mainland inland,Townhouse,1826.0,3,False,675000.0,370.0,586.0,1070000.0,-395000.0,-36.9,0,Insufficient comps
Pending,205 NE 16th Ter,Victoria Park,Mainland inland,Single Family,2191.0,4,False,950000.0,434.0,688.0,1507000.0,-557000.0,-36.9,83,Underpriced
Active,2426 SE 17th Cswy Unit#209A,Village Harbor Beach,Barrier island / beach,Condo,685.0,1,False,185000.0,270.0,431.0,295000.0,-110000.0,-37.4,5,Underpriced
Pending,812 SW 4th Avenue Unit#8,Ft Lauderdale Land Dev,Mainland inland,Townhouse,2046.0,3,False,521000.0,255.0,408.0,835000.0,-314000.0,-37.5,0,Insufficient comps
Active,601 N Ft Lauderdale Bch Boulevard Unit#1113,Atlantic Hotel,Barrier island / beach,Condo,975.0,1,True,385000.0,395.0,635.0,619000.0,-234000.0,-37.8,5,Underpriced
Active,1531 SE 15th Street Unit#7,Quarterdeck Condominium,Intracoastal / canal waterfront,Condo,1008.0,2,True,254000.0,252.0,408.0,411000.0,-157000.0,-38.2,0,Insufficient comps
Active,1520 NW 3rd Ave,Progresso,Mainland inland,Single Family,2248.0,4,False,615000.0,274.0,444.0,998000.0,-383000.0,-38.3,199,Underpriced
Active,1045 SE 15th Street Unit#13d,Cliff Lake Villas Co Op,Mainland inland,Condo,800.0,2,False,135000.0,169.0,274.0,219000.0,-84000.0,-38.3,0,Insufficient comps
Active,1900 S Ocean Drive Unit#503,Breakwater Towers Co Op,Barrier island / beach,Condo,805.0,1,False,225000.0,280.0,455.0,366000.0,-141000.0,-38.5,3,Insufficient comps
Active,2100 S Ocean Dr Unit#3CD,Sky Harbour East,Finger-isle waterfront,Condo,2161.0,3,True,684900.0,317.0,517.0,1117000.0,-432000.0,-38.7,9,Underpriced
Active,601 N Fort Lauderdale Beach Blvd Unit#713,Atlantic Hotel,Barrier island / beach,Condo,990.0,1,True,385000.0,389.0,636.0,630000.0,-245000.0,-38.8,5,Underpriced
Active,505 N Fort Lauderdale Beach Boulevard Unit#915,Club Resort Residences,Barrier island / beach,Condo,533.0,0,True,229500.0,431.0,704.0,375000.0,-146000.0,-38.8,0,Insufficient comps
Active,2426 SE 17th Cswy Unit#303A,Village Harbor Beach,Barrier island / beach,Condo,685.0,1,False,179999.0,263.0,431.0,295000.0,-115000.0,-39.0,5,Underpriced
Active,520 SE 5th Avenue Unit#2202,Las Olas,Downtown high-rise,Condo,1148.0,2,False,339000.0,295.0,484.0,556000.0,-217000.0,-39.0,140,Underpriced
Active,505 N Fort Lauderdale Beach Boulevard Unit#2214,Club Resort Residences,Barrier island / beach,Condo,662.0,1,True,269000.0,406.0,672.0,445000.0,-176000.0,-39.6,0,Insufficient comps
Active,1125 NE 16th Pl Unit#208,Tudor Manor,Mainland inland,Condo,740.0,2,False,194000.0,262.0,434.0,321000.0,-127000.0,-39.6,2,Insufficient comps
Pending,1325 NE 16th Ter,Lakeridge Poinsettiaheight,Mainland inland,Single Family,3430.0,4,False,2500000.0,729.0,1210.0,4150000.0,-1650000.0,-39.8,0,Insufficient comps
Active,819 SW 1st Street,Sailboat Bend,Mainland inland,Single Family,2723.0,3,False,1075000.0,395.0,658.0,1792000.0,-717000.0,-40.0,5,Underpriced
Active,2100 S Ocean Drive Unit#7-cd,Sky Harbour East,Finger-isle waterfront,Condo,2161.0,3,True,670000.0,310.0,517.0,1117000.0,-447000.0,-40.0,9,Underpriced
Active,520 SE 5 Avenue Unit#1203,Las Olas,Downtown high-rise,Condo,1447.0,3,False,400000.0,276.0,461.0,667000.0,-267000.0,-40.1,140,Underpriced
Pending,609 NE 13th Ave Unit#301,Park Place,Mainland inland,Condo,830.0,2,False,175000.0,211.0,352.0,292000.0,-117000.0,-40.1,1,Insufficient comps
Pending,1409 SW 1st Street,River Highlands Amen,Mainland inland,Single Family,966.0,2,False,250000.0,259.0,434.0,419000.0,-169000.0,-40.3,1,Insufficient comps
Active,1900 S Ocean Drive Unit#702,Breakwater Towers Co Op,Barrier island / beach,Condo,1036.0,2,False,259500.0,250.0,420.0,435000.0,-176000.0,-40.5,3,Insufficient comps
Active,2212 SE 4th Avenue,Lauderdale,Mainland inland,Single Family,2413.0,3,False,724999.0,300.0,505.0,1219000.0,-494000.0,-40.6,41,Underpriced
Active,12 NE 19th Court Unit#204A,Manor Grove Village One,Intracoastal / canal waterfront,Condo,1180.0,2,True,249900.0,212.0,357.0,421000.0,-171000.0,-40.6,5,Underpriced
Active,3044 NE 15th Terrace,Coral Brook,Intracoastal / canal waterfront,Single Family,2485.0,3,True,949000.0,382.0,644.0,1600000.0,-651000.0,-40.7,2,Insufficient comps
Active,1819 SE 17th St Unit#603,Port,Barrier island / beach,Condo,1475.0,2,False,419900.0,285.0,483.0,712000.0,-292000.0,-41.0,2,Insufficient comps
Active,505 N Fort Lauderdale Beach Boulevard Unit#1403,Club Resort Residences,Barrier island / beach,Condo,584.0,0,True,238500.0,408.0,696.0,406000.0,-168000.0,-41.4,0,Insufficient comps
Active,1015 SE 15th Street Unit#6d,Cliff Lake Villas,Intracoastal / canal waterfront,Condo,800.0,2,True,184900.0,231.0,396.0,317000.0,-132000.0,-41.7,3,Insufficient comps
Active,1920 S Ocean Drive Unit#511,Atlantic Towers Co Op,Barrier island / beach,Condo,1293.0,3,False,299000.0,231.0,399.0,516000.0,-217000.0,-42.1,1,Insufficient comps
Active,701 NW 19th Street Unit#500,Tennis Club Ii Courts Cond,Mainland inland,Condo,968.0,2,False,135000.0,139.0,241.0,233000.0,-98000.0,-42.3,0,Insufficient comps
Active,505 N Fort Lauderdale Beach Boulevard Unit#1103,Club Resort Residences,Barrier island / beach,Condo,584.0,1,True,229500.0,393.0,682.0,398000.0,-168000.0,-42.4,0,Insufficient comps
Active,2426 SE 17th Street Unit#307a,Village Harbor Beach Co,Barrier island / beach,Condo,685.0,1,False,169900.0,248.0,431.0,295000.0,-125000.0,-42.5,0,Insufficient comps
Pending,1220 NW 7th Terrace,Progresso,Mainland inland,Single Family,1392.0,3,False,364000.0,261.0,455.0,633000.0,-269000.0,-42.6,199,Underpriced
Pending,2815 NE 33rd Avenue Unit#106,Lauderdale Beach Surf Apts,Barrier island / beach,Condo,800.0,2,True,249000.0,311.0,552.0,442000.0,-193000.0,-43.7,0,Insufficient comps
Active,1319 NE 13th Ave,Holiday Heights,Mainland inland,Single Family,2496.0,3,False,1395000.0,559.0,993.0,2479000.0,-1084000.0,-43.7,0,Insufficient comps
Pending,2000 S Ocean Drive Unit#510,Everglades House,Barrier island / beach,Condo,2650.0,3,True,775000.0,292.0,520.0,1378000.0,-603000.0,-43.8,7,Underpriced
Active,2424 SE 17th Cswy Unit#111B,Village Harbor Beach,Barrier island / beach,Condo,685.0,1,False,165000.0,241.0,431.0,295000.0,-130000.0,-44.1,5,Underpriced
Active,1920 S Ocean Drive Unit#306,Atlantic Towers Co Op,Barrier island / beach,Condo,1329.0,3,False,314900.0,237.0,424.0,563000.0,-248000.0,-44.1,1,Insufficient comps
Pending,417 SW 15th St,Lauderdale,Mainland inland,Single Family,3050.0,7,False,1295000.0,425.0,764.0,2330000.0,-1035000.0,-44.4,41,Underpriced
Pending,2900 NE 30th Street Unit#5a,Lauderdale Tower,Intracoastal / canal waterfront,Condo,730.0,1,True,172000.0,236.0,427.0,312000.0,-140000.0,-44.7,12,Underpriced
Active,4047 NW 16 Unit#403,Majestic Gardens Condomini Majestic Gardens Condomin,Mainland inland,Condo,760.0,1,False,105000.0,138.0,252.0,192000.0,-87000.0,-45.2,0,Insufficient comps
Active,2701 N Ocean Boulevard Unit#2f,Embassy Tower Inc,Barrier island / beach,Condo,900.0,1,False,235000.0,261.0,477.0,429000.0,-194000.0,-45.3,1,Insufficient comps
Pending,810 SW 10th Terrace,Almeda,Mainland inland,Single Family,2090.0,4,False,550000.0,263.0,488.0,1020000.0,-470000.0,-46.1,2,Insufficient comps
Active,2100 S Ocean Dr Unit#5CD,Sky Harbour East,Finger-isle waterfront,Condo,2161.0,3,True,599000.0,277.0,515.0,1113000.0,-514000.0,-46.2,9,Underpriced
Active,1790 E Las Olas Blvd Unit#11,Mayfair Arms Co Op Mayfair Arms,Intracoastal / canal waterfront,Condo,1150.0,2,True,325000.0,283.0,534.0,614000.0,-289000.0,-47.0,0,Insufficient comps
Active,1809 NW 8th Pl,Lauderdale Homesites Firs,Mainland inland,Single Family,850.0,2,False,350000.0,412.0,779.0,662000.0,-312000.0,-47.1,2,Insufficient comps
Pending,1001 NW 13th Ct,Lauderdale Manors,Mainland inland,Single Family,1318.0,3,False,232000.0,176.0,338.0,445000.0,-213000.0,-47.9,102,Underpriced
Active,333 Sunset Drive Unit#404,Four Seasons,Mainland inland,Condo,1402.0,2,False,584900.0,417.0,828.0,1161000.0,-576000.0,-49.6,17,Underpriced
Active,507 NW 8th Ave  #2,North Lauderdale,Mainland inland,Single Family,1196.0,3,False,569900.0,477.0,955.0,1142000.0,-572000.0,-50.1,1,Insufficient comps
Pending,625 Antioch Avenue Unit#110,Harwick House Inc,Barrier island / beach,Condo,670.0,1,False,150000.0,224.0,449.0,301000.0,-151000.0,-50.1,0,Insufficient comps
Active,507 NW 8th Ave #1,North Lauderdale,Mainland inland,Single Family,1205.0,3,False,569900.0,473.0,954.0,1150000.0,-580000.0,-50.4,1,Insufficient comps
Active,505 N Fort Lauderdale Beach Boulevard Unit##1708,Club Resort Residences,Barrier island / beach,Condo,533.0,1,True,179900.0,338.0,693.0,369000.0,-189000.0,-51.2,0,Insufficient comps
Active,2929 SW 18th terrace,Edgewood,Mainland inland,Single Family,2191.0,3,False,479000.0,219.0,455.0,997000.0,-518000.0,-51.9,1,Insufficient comps
Active,505 N Fort Lauderdale Beach Boulevard Unit#713,Club Resort Residences,Barrier island / beach,Condo,868.0,1,True,265000.0,305.0,670.0,582000.0,-317000.0,-54.5,0,Insufficient comps
Active,505 N Fort Lauderdale Beach Boulevard Unit#1207,Club Resort Residences,Barrier island / beach,Condo,584.0,1,True,179000.0,307.0,682.0,398000.0,-219000.0,-55.0,0,Insufficient comps
Active,333 Sunset Drive Unit#708,Four Seasons,Intracoastal / canal waterfront,Condo,1770.0,2,True,895000.0,506.0,1129.0,1998000.0,-1103000.0,-55.2,17,Underpriced
Pending,2420 SE 17th Street Unit#207c,Village Harbor Beach Co,Barrier island / beach,Condo,900.0,2,False,175000.0,194.0,435.0,392000.0,-217000.0,-55.4,0,Insufficient comps
Active,518 NW 13th Ave,First To Tuskegee Par,Mainland inland,Single Family,752.0,3,False,289000.0,384.0,862.0,648000.0,-359000.0,-55.5,7,Underpriced
Pending,333 Sunset Drive Unit#208,Four Seasons,Intracoastal / canal waterfront,Condo,1770.0,3,True,849000.0,480.0,1107.0,1959000.0,-1110000.0,-56.6,17,Underpriced
Active,404 NW 18th Ave,Dorsey Park Third,Mainland inland,Single Family,1432.0,3,False,439000.0,307.0,718.0,1028000.0,-589000.0,-57.2,3,Insufficient comps
Active,333 Sunset Drive Unit#Apt 1008,Four Seasons,Intracoastal / canal waterfront,Condo,1770.0,2,True,820000.0,463.0,1094.0,1936000.0,-1116000.0,-57.7,17,Underpriced
Active,333 Sunset Drive Unit#908,Four Seasons,Intracoastal / canal waterfront,Condo,1952.0,3,True,820000.0,420.0,1060.0,2069000.0,-1249000.0,-60.4,17,Underpriced
Pending,1708 NW 15th St,Lauderdale Manors,Mainland inland,Single Family,1248.0,3,False,155000.0,124.0,316.0,394000.0,-239000.0,-60.8,102,Underpriced
Active,505 N Fort Lauderdale Beach Boulevard Unit##221,Club Resort Residences,Barrier island / beach,Condo,978.0,1,True,250000.0,256.0,660.0,645000.0,-395000.0,-61.2,0,Insufficient comps
Active,1160 N Federal Highway Unit#1017,East Point Towers Condomin,Intracoastal / canal waterfront,Condo,1005.0,1,True,185000.0,184.0,518.0,521000.0,-336000.0,-64.5,0,Insufficient comps
Active,723 NW 15th Ter,Carver Park,Mainland inland,Single Family,1408.0,3,False,319900.0,227.0,763.0,1074000.0,-754000.0,-70.2,7,Underpriced
Active,333 Sunset Drive Unit#105,Four Seasons,Intracoastal / canal waterfront,Condo,1700.0,2,True,519000.0,305.0,1065.0,1810000.0,-1291000.0,-71.4,17,Underpriced
Active,333 Sunset Drive Unit#503,Four Seasons,Intracoastal / canal waterfront,Condo,1630.0,2,True,460000.0,282.0,1105.0,1801000.0,-1341000.0,-74.5,17,Underpriced
Active,333 Sunset Dr Unit#502,Four Seasons,Intracoastal / canal waterfront,Condo,1982.0,2,True,499000.0,252.0,1074.0,2129000.0,-1630000.0,-76.5,17,Underpriced
