status,band,address,neighborhood,ptype,sqft,asked,ask_ppsf,supported_ppsf,over_pct,suggested_list,reduce_by,pitch
Expired,$10M+,1700 Brickell Dr,Colee Hammock,Single Family,12284,30000000,2442.0,1591.0,53.5,19544000,10456000,"Listed 53% over supported value — comparable Colee Hammock homes sell near $686/sqft. Suggested list $19,544,000."
Cancelled,$10M+,725 Poinciana Drive,Idlewyld,Single Family,9000,21990000,2443.0,1642.0,48.8,14778000,7212000,"Listed 49% over supported value — comparable Idlewyld homes sell near $813/sqft. Suggested list $14,778,000."
Cancelled,$10M+,2880 NE 28th St,Coral Ridge Galt,Single Family,8315,17900000,2153.0,1391.0,54.8,11566000,6334000,"Listed 55% over supported value — comparable Coral Ridge Galt homes sell near $701/sqft. Suggested list $11,566,000."
Expired,$10M+,2549 Mercedes Dr,Harbor Beach,Single Family,6812,15000000,2202.0,1595.0,38.1,10865000,4135000,"Listed 38% over supported value — comparable Harbor Beach homes sell near $921/sqft. Suggested list $10,865,000."
Expired,$10M+,409 Isle Of Capri Dr,Las Olas,Single Family,5788,14999999,2592.0,1697.0,52.7,9822000,5178000,"Listed 53% over supported value — comparable Las Olas homes sell near $627/sqft. Suggested list $9,822,000."
Expired,$10M+,1957 SE 21 Ave,Harbour Heights,Single Family,6632,13500000,2036.0,1515.0,34.4,10047000,3453000,"Listed 34% over supported value — comparable Harbour Heights homes sell near $701/sqft. Suggested list $10,047,000."
Expired,$10M+,24 Fiesta Way,Nurmi Isles,Single Family,6479,13500000,2084.0,1457.0,43.0,9440000,4060000,"Listed 43% over supported value — comparable Nurmi Isles homes sell near $1,071/sqft. Suggested list $9,440,000."
TempOff,$10M+,310 Coral Way,Coral Isles,Single Family,6200,12900000,2081.0,1524.0,36.5,9449000,3451000,"Listed 37% over supported value — comparable Coral Isles homes sell near $1,275/sqft. Suggested list $9,449,000."
Expired,$10M+,1900 Intracoastal Drive,Coral Ridge,Single Family,6139,12500000,2036.0,1355.0,50.3,8318000,4182000,"Listed 50% over supported value — comparable Coral Ridge homes sell near $793/sqft. Suggested list $8,318,000."
Expired,$10M+,1957 SE 21 Ave,Harbour Heights,Single Family,6632,12465000,1880.0,1515.0,24.1,10047000,2418000,"Listed 24% over supported value — comparable Harbour Heights homes sell near $701/sqft. Suggested list $10,047,000."
Cancelled,$10M+,2733 NE 16th St,Coral Ridge,Single Family,7545,12000000,1590.0,1377.0,15.5,10389000,1611000,"Listed 15% over supported value — comparable Coral Ridge homes sell near $793/sqft. Suggested list $10,389,000."
Cancelled,$10M+,24 Fiesta Way,Nurmi Isles,Single Family,6479,11975000,1848.0,1541.0,19.9,9984000,1991000,"Listed 20% over supported value — comparable Nurmi Isles homes sell near $1,071/sqft. Suggested list $9,984,000."
Cancelled,$10M+,1739 SE 11th St,Rio Vista,Single Family,8424,11500000,1365.0,1170.0,16.7,9856000,1644000,"Listed 17% over supported value — comparable Rio Vista homes sell near $800/sqft. Suggested list $9,856,000."
Expired,$10M+,525 N Ft Lauderdale Beach Blvd Unit#1902,Four Seasons,Condo,4516,10995000,2435.0,1719.0,41.7,7763000,3232000,"Listed 42% over supported value — comparable Four Seasons homes sell near $1,784/sqft. Suggested list $7,763,000."
Expired,$10M+,2010 Intracoastal Dr,Coral Ridge,Single Family,5323,10950000,2057.0,1412.0,45.7,7516000,3434000,"Listed 46% over supported value — comparable Coral Ridge homes sell near $793/sqft. Suggested list $7,516,000."
Cancelled,$10M+,510 Coral Way,Coral Isles,Single Family,5625,10700000,1902.0,1277.0,48.9,7183000,3517000,"Listed 49% over supported value — comparable Coral Isles homes sell near $1,275/sqft. Suggested list $7,183,000."
Cancelled,$10M+,400 Mola Ave,Venice,Single Family,6036,10000000,1657.0,1371.0,20.9,8275000,1725000,"Listed 21% over supported value — comparable Venice homes sell near $1,123/sqft. Suggested list $8,275,000."
Cancelled,$10M+,1813 N Fort Lauderdale Beach Blvd,Las Olas,Single Family,5049,10000000,1981.0,1627.0,21.8,8215000,1785000,"Listed 22% over supported value — comparable Las Olas homes sell near $627/sqft. Suggested list $8,215,000."
Expired,$5M–$10M,1730 SE 13th St,Lauderdale Harbors,Single Family,5950,9995000,1680.0,1399.0,20.1,8324000,1671000,"Listed 20% over supported value — comparable Lauderdale Harbors homes sell near $860/sqft. Suggested list $8,324,000."
Expired,$5M–$10M,2010 Intracoastal Dr,Coral Ridge,Single Family,5323,9950000,1869.0,1412.0,32.4,7516000,2434000,"Listed 32% over supported value — comparable Coral Ridge homes sell near $793/sqft. Suggested list $7,516,000."
Cancelled,$5M–$10M,2010 Intracoastal Dr,Coral Ridge,Single Family,5332,9950000,1866.0,1439.0,29.7,7673000,2277000,"Listed 30% over supported value — comparable Coral Ridge homes sell near $793/sqft. Suggested list $7,673,000."
Cancelled,$5M–$10M,520 San Marco Dr,Coral Isles,Single Family,4995,9900000,1982.0,1522.0,30.2,7602000,2298000,"Listed 30% over supported value — comparable Coral Isles homes sell near $1,275/sqft. Suggested list $7,602,000."
Cancelled,$5M–$10M,2870 NE 24th Place,Coral Ridge Galt,Single Family,5003,8000000,1599.0,1055.0,51.6,5278000,2722000,"Listed 52% over supported value — comparable Coral Ridge Galt homes sell near $701/sqft. Suggested list $5,278,000."
Cancelled,$5M–$10M,1236 E Lake Dr,Harbor Beach,Single Family,6366,7990000,1255.0,1129.0,11.2,7187000,803000,"Listed 11% over supported value — comparable Harbor Beach homes sell near $921/sqft. Suggested list $7,187,000."
Expired,$5M–$10M,1626 E Lake Dr,Harbor Beach,Single Family,5541,7950000,1435.0,1235.0,16.2,6843000,1107000,"Listed 16% over supported value — comparable Harbor Beach homes sell near $921/sqft. Suggested list $6,843,000."
Expired,$5M–$10M,76 Royal Palm Dr,Nurmi Isles,Single Family,5925,7900000,1333.0,1198.0,11.3,7098000,802000,"Listed 11% over supported value — comparable Nurmi Isles homes sell near $1,071/sqft. Suggested list $7,098,000."
Cancelled,$5M–$10M,2000 Harbourview Dr,Harbour Heights,Single Family,4964,6995000,1409.0,1105.0,27.5,5485000,1510000,"Listed 28% over supported value — comparable Harbour Heights homes sell near $701/sqft. Suggested list $5,485,000."
Cancelled,$5M–$10M,525 N Fort Lauderdale Beach Blvd Unit#1801,Four Seasons,Condo,2634,6750000,2563.0,1612.0,59.0,4246000,2504000,"Listed 59% over supported value — comparable Four Seasons homes sell near $1,784/sqft. Suggested list $4,246,000."
Expired,$5M–$10M,525 N Fort Lauderdale Beach Boulevard Unit#1802,Four Seasons,Condo,2909,6500000,2234.0,1762.0,26.8,5126000,1374000,"Listed 27% over supported value — comparable Four Seasons homes sell near $1,784/sqft. Suggested list $5,126,000."
Expired,$5M–$10M,2000 Harbourview Dr,Harbour Heights,Single Family,4964,6500000,1309.0,1109.0,18.0,5505000,995000,"Listed 18% over supported value — comparable Harbour Heights homes sell near $701/sqft. Suggested list $5,505,000."
Cancelled,$5M–$10M,168 Fiesta Way,Nurmi Isles,Single Family,4632,6390000,1380.0,1179.0,17.0,5461000,929000,"Listed 17% over supported value — comparable Nurmi Isles homes sell near $1,071/sqft. Suggested list $5,461,000."
Cancelled,$5M–$10M,168 Fiesta Way,Nurmi Isles,Single Family,4632,6290000,1358.0,1218.0,11.5,5642000,648000,"Listed 11% over supported value — comparable Nurmi Isles homes sell near $1,071/sqft. Suggested list $5,642,000."
Expired,$5M–$10M,168 Fiesta Way,Nurmi Isles,Single Family,4632,6290000,1358.0,1196.0,13.5,5540000,750000,"Listed 14% over supported value — comparable Nurmi Isles homes sell near $1,071/sqft. Suggested list $5,540,000."
Expired,$5M–$10M,168 Fiesta Way,Nurmi Isles,Single Family,4632,6290000,1358.0,1218.0,11.5,5642000,648000,"Listed 11% over supported value — comparable Nurmi Isles homes sell near $1,071/sqft. Suggested list $5,642,000."
Expired,$5M–$10M,2110 Intracoastal Dr,Coral Ridge,Single Family,4908,6250000,1273.0,978.0,30.2,4800000,1450000,"Listed 30% over supported value — comparable Coral Ridge homes sell near $793/sqft. Suggested list $4,800,000."
Cancelled,$5M–$10M,2210 Intracoastal Drive,Coral Ridge,Single Family,4082,5900000,1445.0,1303.0,10.9,5319000,581000,"Listed 11% over supported value — comparable Coral Ridge homes sell near $793/sqft. Suggested list $5,319,000."
Expired,$5M–$10M,1628 Haskins Ave,Harbor Beach,Single Family,4026,5750000,1428.0,1177.0,21.3,4739000,1011000,"Listed 21% over supported value — comparable Harbor Beach homes sell near $921/sqft. Suggested list $4,739,000."
Expired,$5M–$10M,450 Victoria Ter,Victoria Park,Single Family,4043,5750000,1422.0,975.0,45.8,3942000,1808000,"Listed 46% over supported value — comparable Victoria Park homes sell near $590/sqft. Suggested list $3,942,000."
Cancelled,$5M–$10M,3306 NE 16th St,Las Olas,Single Family,3019,5725000,1896.0,1316.0,44.1,3973000,1752000,"Listed 44% over supported value — comparable Las Olas homes sell near $627/sqft. Suggested list $3,973,000."
Cancelled,$5M–$10M,3320 NE 17th St,Las Olas,Single Family,3019,5499000,1821.0,1333.0,36.6,4024000,1475000,"Listed 37% over supported value — comparable Las Olas homes sell near $627/sqft. Suggested list $4,024,000."
Cancelled,$5M–$10M,1628 Haskins Avenue,Harbor Beach,Single Family,4100,5490000,1339.0,1174.0,14.1,4813000,677000,"Listed 14% over supported value — comparable Harbor Beach homes sell near $921/sqft. Suggested list $4,813,000."
Cancelled,$5M–$10M,2886 NE 25th St,Coral Ridge Galt,Single Family,4022,5390000,1340.0,971.0,38.0,3905000,1485000,"Listed 38% over supported value — comparable Coral Ridge Galt homes sell near $701/sqft. Suggested list $3,905,000."
Expired,$3M–$5M,525 N Fort Lauderdale Beach Blvd Unit#1101,Four Seasons,Condo,2184,4999999,2289.0,1579.0,45.0,3449000,1551000,"Listed 45% over supported value — comparable Four Seasons homes sell near $1,784/sqft. Suggested list $3,449,000."
Expired,$3M–$5M,1425 Middle River Drive,Coral Ridge,Single Family,3355,4995000,1489.0,966.0,54.1,3241000,1754000,"Listed 54% over supported value — comparable Coral Ridge homes sell near $793/sqft. Suggested list $3,241,000."
Cancelled,$3M–$5M,3310 NE 16th St,Las Olas,Single Family,3019,4950000,1640.0,1321.0,24.1,3988000,962000,"Listed 24% over supported value — comparable Las Olas homes sell near $627/sqft. Suggested list $3,988,000."
Cancelled,$3M–$5M,1833 SE 7th St,Rio Vista,Single Family,3739,4950000,1324.0,1089.0,21.6,4072000,878000,"Listed 22% over supported value — comparable Rio Vista homes sell near $800/sqft. Suggested list $4,072,000."
Cancelled,$3M–$5M,3318 NE 17th Street,Las Olas,Single Family,3641,4900000,1346.0,1092.0,23.3,3976000,924000,"Listed 23% over supported value — comparable Las Olas homes sell near $627/sqft. Suggested list $3,976,000."
Cancelled,$3M–$5M,1550 Ponce De Leon Dr,Rio Vista,Single Family,4040,4895000,1212.0,1095.0,10.7,4424000,471000,"Listed 11% over supported value — comparable Rio Vista homes sell near $800/sqft. Suggested list $4,424,000."
Cancelled,$3M–$5M,1550 Ponce De Leon Dr,Rio Vista,Single Family,4040,4895000,1212.0,1095.0,10.7,4424000,471000,"Listed 11% over supported value — comparable Rio Vista homes sell near $800/sqft. Suggested list $4,424,000."
Expired,$3M–$5M,3310 NE 16th St,Las Olas,Single Family,3019,4850000,1606.0,1321.0,21.6,3988000,862000,"Listed 22% over supported value — comparable Las Olas homes sell near $627/sqft. Suggested list $3,988,000."
Expired,$3M–$5M,2701 N Atlantic Blvd,Lauderdale Beach,Single Family,3084,4500000,1459.0,917.0,59.1,2828000,1672000,"Listed 59% over supported value — comparable Lauderdale Beach homes sell near $1,015/sqft. Suggested list $2,828,000."
Cancelled,$3M–$5M,2625 NE 29th Ct,Coral Ridge Galt,Single Family,4752,4500000,947.0,772.0,22.7,3669000,831000,"Listed 23% over supported value — comparable Coral Ridge Galt homes sell near $701/sqft. Suggested list $3,669,000."
Cancelled,$3M–$5M,1115 SW 5th Pl,Riverside,Single Family,4438,4500000,1014.0,863.0,17.5,3830000,670000,"Listed 17% over supported value — comparable Riverside homes sell near $515/sqft. Suggested list $3,830,000."
Expired,$3M–$5M,525 N Ft Lauderdale Beach Blvd Unit#602,Four Seasons,Condo,2291,4500000,1964.0,1620.0,21.2,3711000,789000,"Listed 21% over supported value — comparable Four Seasons homes sell near $1,784/sqft. Suggested list $3,711,000."
Expired,$3M–$5M,525 N Ft Lauderdale Beach Unit#1804,Four Seasons,Condo,2242,4500000,2007.0,1574.0,27.5,3529000,971000,"Listed 28% over supported value — comparable Four Seasons homes sell near $1,784/sqft. Suggested list $3,529,000."
Expired,$3M–$5M,525 Fort Lauderdale Beach Blvd Unit#802,Four Seasons,Condo,2237,4495000,2009.0,1625.0,23.6,3635000,860000,"Listed 24% over supported value — comparable Four Seasons homes sell near $1,784/sqft. Suggested list $3,635,000."
Expired,$3M–$5M,525 Fort Lauderdale Beach Blvd Unit#802,Four Seasons,Condo,2237,4495000,2009.0,1625.0,23.6,3635000,860000,"Listed 24% over supported value — comparable Four Seasons homes sell near $1,784/sqft. Suggested list $3,635,000."
Cancelled,$3M–$5M,2512 Barbara Dr,Harbor Beach,Single Family,5000,4495000,899.0,608.0,47.9,3040000,1455000,"Listed 48% over supported value — comparable Harbor Beach homes sell near $921/sqft. Suggested list $3,040,000."
Cancelled,$3M–$5M,801 SE 11th Ct,Rio Vista,Single Family,3323,4495000,1353.0,1118.0,21.0,3715000,780000,"Listed 21% over supported value — comparable Rio Vista homes sell near $800/sqft. Suggested list $3,715,000."
Expired,$3M–$5M,3321 NE 16th Pl,Las Olas,Single Family,3747,4425000,1181.0,917.0,28.8,3436000,989000,"Listed 29% over supported value — comparable Las Olas homes sell near $627/sqft. Suggested list $3,436,000."
Cancelled,$3M–$5M,2875 NE 25th Court,Coral Ridge Galt,Single Family,3910,4399000,1125.0,940.0,19.7,3675000,724000,"Listed 20% over supported value — comparable Coral Ridge Galt homes sell near $701/sqft. Suggested list $3,675,000."
Cancelled,$3M–$5M,2875 NE 25 Court,Coral Ridge Galt,Single Family,3910,4399000,1125.0,940.0,19.7,3675000,724000,"Listed 20% over supported value — comparable Coral Ridge Galt homes sell near $701/sqft. Suggested list $3,675,000."
Cancelled,$3M–$5M,405 Bontona Avenue,Venice,Single Family,3342,4350000,1302.0,965.0,34.9,3225000,1125000,"Listed 35% over supported value — comparable Venice homes sell near $1,123/sqft. Suggested list $3,225,000."
Expired,$3M–$5M,1020 SE 13th Ter,Rio Vista,Single Family,4075,4299999,1055.0,951.0,10.9,3875000,425000,"Listed 11% over supported value — comparable Rio Vista homes sell near $800/sqft. Suggested list $3,875,000."
Expired,$3M–$5M,3321 16th Pl,Las Olas,Single Family,3747,4250000,1134.0,917.0,23.7,3436000,814000,"Listed 24% over supported value — comparable Las Olas homes sell near $627/sqft. Suggested list $3,436,000."
Cancelled,$3M–$5M,349 Idlewyld Dr,Idlewyld,Single Family,3077,4250000,1381.0,1166.0,18.4,3588000,662000,"Listed 18% over supported value — comparable Idlewyld homes sell near $813/sqft. Suggested list $3,588,000."
Expired,$3M–$5M,2877 NE 29th St,Coral Ridge Galt,Single Family,3079,4200000,1364.0,864.0,57.9,2660000,1540000,"Listed 58% over supported value — comparable Coral Ridge Galt homes sell near $701/sqft. Suggested list $2,660,000."
Cancelled,$3M–$5M,2877 NE 29th St,Coral Ridge Galt,Single Family,3079,4200000,1364.0,864.0,57.9,2660000,1540000,"Listed 58% over supported value — comparable Coral Ridge Galt homes sell near $701/sqft. Suggested list $2,660,000."
Cancelled,$3M–$5M,335 Coral Way,Coral Isles,Single Family,2683,4195000,1564.0,1027.0,52.3,2755000,1440000,"Listed 52% over supported value — comparable Coral Isles homes sell near $1,275/sqft. Suggested list $2,755,000."
Cancelled,$3M–$5M,525 N Fort Lauderdale Beach Blvd Unit#1505,Four Seasons,Condo,1597,4100000,2567.0,1642.0,56.3,2622000,1478000,"Listed 56% over supported value — comparable Four Seasons homes sell near $1,784/sqft. Suggested list $2,622,000."
Cancelled,$3M–$5M,1205 Avocado Isle,South New River Isles,Single Family,4311,3995000,927.0,737.0,25.8,3177000,818000,"Listed 26% over supported value — comparable South New River Isles homes sell near $715/sqft. Suggested list $3,177,000."
Cancelled,$3M–$5M,11 Sylvan Ln,Harbor Beach,Single Family,3056,3990000,1306.0,967.0,35.1,2955000,1035000,"Listed 35% over supported value — comparable Harbor Beach homes sell near $921/sqft. Suggested list $2,955,000."
Cancelled,$3M–$5M,1817 Harbourview Dr,Harbour Heights,Single Family,3050,3950000,1295.0,957.0,35.3,2919000,1031000,"Listed 35% over supported value — comparable Harbour Heights homes sell near $701/sqft. Suggested list $2,919,000."
Cancelled,$3M–$5M,79 Fiesta Way,Nurmi Isles,Single Family,2740,3900000,1423.0,974.0,46.1,2669000,1231000,"Listed 46% over supported value — comparable Nurmi Isles homes sell near $1,071/sqft. Suggested list $2,669,000."
Cancelled,$3M–$5M,2878 NE 26th Street,Coral Ridge Galt,Single Family,3142,3900000,1241.0,849.0,46.2,2668000,1232000,"Listed 46% over supported value — comparable Coral Ridge Galt homes sell near $701/sqft. Suggested list $2,668,000."
Expired,$3M–$5M,2878 NE 26th Street,Coral Ridge Galt,Single Family,3583,3900000,1088.0,835.0,30.3,2992000,908000,"Listed 30% over supported value — comparable Coral Ridge Galt homes sell near $701/sqft. Suggested list $2,992,000."
Cancelled,$3M–$5M,1621 Seabreeze Blvd,Harbor Beach,Single Family,3123,3875000,1241.0,889.0,39.6,2776000,1099000,"Listed 40% over supported value — comparable Harbor Beach homes sell near $921/sqft. Suggested list $2,776,000."
Expired,$3M–$5M,3321 NE 16th Pl,Las Olas,Single Family,3747,3850000,1027.0,920.0,11.6,3447000,403000,"Listed 12% over supported value — comparable Las Olas homes sell near $627/sqft. Suggested list $3,447,000."
Cancelled,$3M–$5M,525 N Fort Lauderdale Beach Blvd Unit#1204,Four Seasons,Condo,2069,3845000,1858.0,1641.0,13.2,3395000,450000,"Listed 13% over supported value — comparable Four Seasons homes sell near $1,784/sqft. Suggested list $3,395,000."
Cancelled,$3M–$5M,525 N Fort Lauderdale Beach blvd Unit#1504,Four Seasons,Condo,2069,3795000,1834.0,1244.0,47.4,2574000,1221000,"Listed 47% over supported value — comparable Four Seasons homes sell near $1,784/sqft. Suggested list $2,574,000."
Cancelled,$3M–$5M,2709 NE 25th Ct,Coral Ridge Galt,Single Family,3182,3790000,1191.0,992.0,20.1,3157000,633000,"Listed 20% over supported value — comparable Coral Ridge Galt homes sell near $701/sqft. Suggested list $3,157,000."
Withdrawn,$3M–$5M,525 N Fort Lauderdale Beach Boulevard Unit#1705,Four Seasons,Condo,1794,3699000,2062.0,1619.0,27.4,2904000,795000,"Listed 27% over supported value — comparable Four Seasons homes sell near $1,784/sqft. Suggested list $2,904,000."
Expired,$3M–$5M,325 Poinciana Drive,Idlewyld,Single Family,2453,3680000,1500.0,1074.0,39.7,2635000,1045000,"Listed 40% over supported value — comparable Idlewyld homes sell near $813/sqft. Suggested list $2,635,000."
Expired,$3M–$5M,2616 Acacia Court,Idlewyld,Single Family,3812,3645000,956.0,803.0,19.1,3061000,584000,"Listed 19% over supported value — comparable Idlewyld homes sell near $813/sqft. Suggested list $3,061,000."
Cancelled,$3M–$5M,1710 Middle River Dr,Coral Ridge,Single Family,3722,3600000,967.0,862.0,12.2,3208000,392000,"Listed 12% over supported value — comparable Coral Ridge homes sell near $793/sqft. Suggested list $3,208,000."
Cancelled,$3M–$5M,2217 NE 17th Ter,Middle River Manor,Single Family,3804,3550000,933.0,731.0,27.6,2781000,769000,"Listed 28% over supported value — comparable Middle River Manor homes sell near $619/sqft. Suggested list $2,781,000."
Expired,$3M–$5M,430 NE 21st Ct,Wilton Manors,Single Family,3368,3500000,1039.0,815.0,27.5,2745000,755000,"Listed 27% over supported value — comparable Wilton Manors homes sell near $597/sqft. Suggested list $2,745,000."
TempOff,$3M–$5M,3329 NE 16th Court,Las Olas,Single Family,2897,3499900,1208.0,884.0,36.7,2561000,939000,"Listed 37% over supported value — comparable Las Olas homes sell near $627/sqft. Suggested list $2,561,000."
Cancelled,$3M–$5M,1 Las Olas Circle Unit#1501,Venetian Condominium,Condo,3425,3499000,1022.0,643.0,58.9,2202000,1297000,"Listed 59% over supported value — comparable Venetian Condominium homes sell near $560/sqft. Suggested list $2,202,000."
Cancelled,$3M–$5M,525 N Fort Lauderdale Beach Blvd Unit#1509,Four Seasons,Condo,1867,3450000,1848.0,1222.0,51.2,2281000,1169000,"Listed 51% over supported value — comparable Four Seasons homes sell near $1,784/sqft. Suggested list $2,281,000."
Cancelled,$3M–$5M,456 Victoria Ter,Victoria Park,Single Family,2187,3295460,1507.0,1146.0,31.5,2506000,789000,"Listed 32% over supported value — comparable Victoria Park homes sell near $590/sqft. Suggested list $2,506,000."
Cancelled,$3M–$5M,1321 Tangelo Isle,South New River Isles,Single Family,2489,3290000,1322.0,930.0,42.2,2315000,975000,"Listed 42% over supported value — comparable South New River Isles homes sell near $715/sqft. Suggested list $2,315,000."
Expired,$3M–$5M,909 SE 10th St,Rio Vista,Single Family,3323,3199999,963.0,645.0,49.3,2143000,1057000,"Listed 49% over supported value — comparable Rio Vista homes sell near $800/sqft. Suggested list $2,143,000."
Cancelled,$3M–$5M,2217 NE 17th Ter,Middle River Manor,Single Family,3804,3199000,841.0,731.0,15.0,2781000,418000,"Listed 15% over supported value — comparable Middle River Manor homes sell near $619/sqft. Suggested list $2,781,000."
Expired,$3M–$5M,73 Fiesta Way,Nurmi Isles,Single Family,2072,3185000,1537.0,1019.0,50.8,2111000,1074000,"Listed 51% over supported value — comparable Nurmi Isles homes sell near $1,071/sqft. Suggested list $2,111,000."
Expired,$3M–$5M,600 N Victoria Ter,Victoria Park,Single Family,3004,3175000,1057.0,867.0,21.9,2604000,571000,"Listed 22% over supported value — comparable Victoria Park homes sell near $590/sqft. Suggested list $2,604,000."
Cancelled,$3M–$5M,600 N Victoria Ter,Victoria Park,Single Family,3004,3099000,1032.0,867.0,19.0,2604000,495000,"Listed 19% over supported value — comparable Victoria Park homes sell near $590/sqft. Suggested list $2,604,000."
Expired,$3M–$5M,1749 SE 9th Street,Rio Vista,Single Family,2598,3025000,1164.0,918.0,26.8,2385000,640000,"Listed 27% over supported value — comparable Rio Vista homes sell near $800/sqft. Suggested list $2,385,000."
Cancelled,$2M–$3M,2816 NE 24th Pl,Coral Ridge Galt,Single Family,2722,2999999,1102.0,862.0,27.8,2346000,654000,"Listed 28% over supported value — comparable Coral Ridge Galt homes sell near $701/sqft. Suggested list $2,346,000."
Expired,$2M–$3M,1762 SE 7th St,Rio Vista,Single Family,2062,2999000,1454.0,947.0,53.5,1953000,1046000,"Listed 54% over supported value — comparable Rio Vista homes sell near $800/sqft. Suggested list $1,953,000."
Cancelled,$2M–$3M,456 Victoria Ter,Victoria Park,Single Family,2187,2975000,1360.0,1146.0,18.7,2506000,469000,"Listed 19% over supported value — comparable Victoria Park homes sell near $590/sqft. Suggested list $2,506,000."
Cancelled,$2M–$3M,2500 Bayview Dr,Coral Ridge Galt,Single Family,2309,2950000,1278.0,910.0,40.4,2101000,849000,"Listed 40% over supported value — comparable Coral Ridge Galt homes sell near $701/sqft. Suggested list $2,101,000."
Expired,$2M–$3M,1325 Middle River Drive,Coral Ridge,Single Family,2768,2950000,1066.0,863.0,23.5,2389000,561000,"Listed 24% over supported value — comparable Coral Ridge homes sell near $793/sqft. Suggested list $2,389,000."
Expired,$2M–$3M,1700 Marietta Dr,Harbor Beach,Single Family,2070,2850000,1377.0,983.0,40.1,2035000,815000,"Listed 40% over supported value — comparable Harbor Beach homes sell near $921/sqft. Suggested list $2,035,000."
Expired,$2M–$3M,101 S Fort Lauderdale Beach Blvd Unit#208,Las Olas,Condo,3080,2850000,925.0,601.0,53.9,1851000,999000,"Listed 54% over supported value — comparable Las Olas homes sell near $627/sqft. Suggested list $1,851,000."
Expired,$2M–$3M,544 N Victoria Park Rd,Victoria Park,Single Family,3020,2750000,911.0,790.0,15.3,2386000,364000,"Listed 15% over supported value — comparable Victoria Park homes sell near $590/sqft. Suggested list $2,386,000."
Cancelled,$2M–$3M,317 NE 21st St,Wilton Manors,Single Family,2796,2750000,984.0,816.0,20.6,2282000,468000,"Listed 21% over supported value — comparable Wilton Manors homes sell near $597/sqft. Suggested list $2,282,000."
Cancelled,$2M–$3M,2816 NE 24th Pl,Coral Ridge Galt,Single Family,2722,2750000,1010.0,821.0,23.0,2235000,515000,"Listed 23% over supported value — comparable Coral Ridge Galt homes sell near $701/sqft. Suggested list $2,235,000."
Cancelled,$2M–$3M,1628 NE 17th Avenue,Poinsettia Heights,Single Family,2924,2699000,923.0,759.0,21.6,2219000,480000,"Listed 22% over supported value — comparable Poinsettia Heights homes sell near $524/sqft. Suggested list $2,219,000."
Cancelled,$2M–$3M,1628 NE 17th Avenue,Progresso,Single Family,2924,2699000,923.0,680.0,35.7,1988000,711000,"Listed 36% over supported value — comparable Progresso homes sell near $409/sqft. Suggested list $1,988,000."
Withdrawn,$2M–$3M,525 N Ft Lauderdale Beach Boulevard Unit#1707,Four Seasons,Condo,1308,2699000,2063.0,1632.0,26.4,2135000,564000,"Listed 26% over supported value — comparable Four Seasons homes sell near $1,784/sqft. Suggested list $2,135,000."
Expired,$2M–$3M,2809 NE 25th St,Coral Ridge Galt,Single Family,2347,2699000,1150.0,832.0,38.2,1953000,746000,"Listed 38% over supported value — comparable Coral Ridge Galt homes sell near $701/sqft. Suggested list $1,953,000."
Expired,$2M–$3M,1712 NE 16th Terrace,Progresso,Single Family,3149,2695000,856.0,736.0,16.3,2318000,377000,"Listed 16% over supported value — comparable Progresso homes sell near $409/sqft. Suggested list $2,318,000."
Cancelled,$2M–$3M,301 NE 27th Dr,Tropical Manors,Single Family,2687,2695000,1003.0,803.0,24.9,2158000,537000,"Listed 25% over supported value — comparable Tropical Manors homes sell near $588/sqft. Suggested list $2,158,000."
Expired,$2M–$3M,2805 NE 29th Street,Coral Ridge Galt,Single Family,2431,2690000,1107.0,890.0,24.4,2164000,526000,"Listed 24% over supported value — comparable Coral Ridge Galt homes sell near $701/sqft. Suggested list $2,164,000."
Cancelled,$2M–$3M,301 NE 27th Dr,Tropical Manors,Single Family,2687,2679500,997.0,803.0,24.2,2158000,522000,"Listed 24% over supported value — comparable Tropical Manors homes sell near $588/sqft. Suggested list $2,158,000."
Cancelled,$2M–$3M,2813 NE 29th Street,Coral Ridge Galt,Single Family,2152,2650000,1231.0,835.0,47.4,1797000,853000,"Listed 47% over supported value — comparable Coral Ridge Galt homes sell near $701/sqft. Suggested list $1,797,000."
Cancelled,$2M–$3M,2516 NE 26th Ave,Coral Ridge Galt,Single Family,3011,2600000,864.0,645.0,34.0,1942000,658000,"Listed 34% over supported value — comparable Coral Ridge Galt homes sell near $701/sqft. Suggested list $1,942,000."
TempOff,$2M–$3M,1 Las Olas Circle Unit#PH3,Venetian Condominium,Condo,3542,2599000,734.0,581.0,26.3,2058000,541000,"Listed 26% over supported value — comparable Venetian Condominium homes sell near $560/sqft. Suggested list $2,058,000."
Cancelled,$2M–$3M,2516 NE 26th Ave,Coral Ridge Galt,Single Family,3011,2570000,854.0,645.0,32.4,1942000,628000,"Listed 32% over supported value — comparable Coral Ridge Galt homes sell near $701/sqft. Suggested list $1,942,000."
Cancelled,$2M–$3M,101 S Fort Lauderdale Beach Blvd Unit#1001,Las Olas,Condo,2950,2550000,864.0,644.0,34.2,1900000,650000,"Listed 34% over supported value — comparable Las Olas homes sell near $627/sqft. Suggested list $1,900,000."
Cancelled,$2M–$3M,333 Las Olas Way Unit#3706,Las Olas,Condo,3189,2550000,800.0,612.0,30.7,1952000,598000,"Listed 31% over supported value — comparable Las Olas homes sell near $627/sqft. Suggested list $1,952,000."
Cancelled,$2M–$3M,208 NE 23rd Street,Wilton Manors,Single Family,2704,2500000,925.0,838.0,10.4,2266000,234000,"Listed 10% over supported value — comparable Wilton Manors homes sell near $597/sqft. Suggested list $2,266,000."
Expired,$2M–$3M,2605 Datura Ct,Idlewyld,Single Family,2530,2499999,988.0,700.0,41.1,1771000,729000,"Listed 41% over supported value — comparable Idlewyld homes sell near $813/sqft. Suggested list $1,771,000."
Expired,$2M–$3M,100 E Las Olas Blvd Unit#4103,Las Olas,Condo,2964,2499900,843.0,571.0,47.6,1692000,808000,"Listed 48% over supported value — comparable Las Olas homes sell near $627/sqft. Suggested list $1,692,000."
Expired,$2M–$3M,333 Las Olas Way Unit#3302,Las Olas,Condo,2726,2495000,915.0,624.0,46.6,1701000,794000,"Listed 47% over supported value — comparable Las Olas homes sell near $627/sqft. Suggested list $1,701,000."
Cancelled,$2M–$3M,2516 NE 26th Ave,Coral Ridge Galt,Single Family,3011,2495000,829.0,645.0,28.5,1942000,553000,"Listed 29% over supported value — comparable Coral Ridge Galt homes sell near $701/sqft. Suggested list $1,942,000."
Cancelled,$2M–$3M,333 Las Olas Way Unit#1610,Las Olas,Condo,3239,2495000,770.0,610.0,26.2,1976000,519000,"Listed 26% over supported value — comparable Las Olas homes sell near $627/sqft. Suggested list $1,976,000."
Cancelled,$2M–$3M,1627 Seabreeze Blvd,Harbor Beach,Single Family,2540,2495000,982.0,742.0,32.3,1885000,610000,"Listed 32% over supported value — comparable Harbor Beach homes sell near $921/sqft. Suggested list $1,885,000."
Cancelled,$2M–$3M,1514 Middle River Dr,Coral Ridge,Single Family,2704,2495000,923.0,668.0,38.2,1806000,689000,"Listed 38% over supported value — comparable Coral Ridge homes sell near $793/sqft. Suggested list $1,806,000."
Cancelled,$2M–$3M,1418 NE 6th St Unit#1418,Victoria Park,Townhouse,3369,2495000,741.0,489.0,51.5,1647000,848000,"Listed 52% over supported value — comparable Victoria Park homes sell near $590/sqft. Suggested list $1,647,000."
Cancelled,$2M–$3M,1416 NE 6th St Unit#1416,Victoria Park,Townhouse,3369,2495000,741.0,489.0,51.5,1647000,848000,"Listed 52% over supported value — comparable Victoria Park homes sell near $590/sqft. Suggested list $1,647,000."
Expired,$2M–$3M,3321 NE 16th Ct,Las Olas,Single Family,2092,2490000,1190.0,780.0,52.6,1632000,858000,"Listed 53% over supported value — comparable Las Olas homes sell near $627/sqft. Suggested list $1,632,000."
Expired,$2M–$3M,224 N Gordon Rd,Las Olas,Single Family,1614,2475000,1533.0,983.0,56.0,1587000,888000,"Listed 56% over supported value — comparable Las Olas homes sell near $627/sqft. Suggested list $1,587,000."
Expired,$2M–$3M,1236 E Lake Dr,Harbor Beach,Single Family,2754,2470000,897.0,663.0,35.3,1826000,644000,"Listed 35% over supported value — comparable Harbor Beach homes sell near $921/sqft. Suggested list $1,826,000."
Cancelled,$2M–$3M,333 Las Olas Way Unit#1210,Las Olas,Condo,3470,2450000,706.0,605.0,16.7,2099000,351000,"Listed 17% over supported value — comparable Las Olas homes sell near $627/sqft. Suggested list $2,099,000."
TempOff,$2M–$3M,1704 NE 16th Terrace,Progresso,Single Family,2902,2450000,844.0,681.0,23.9,1976000,474000,"Listed 24% over supported value — comparable Progresso homes sell near $409/sqft. Suggested list $1,976,000."
Expired,$2M–$3M,333 Las Olas Way Unit#3706,Las Olas,Condo,3189,2450000,768.0,612.0,25.5,1952000,498000,"Listed 25% over supported value — comparable Las Olas homes sell near $627/sqft. Suggested list $1,952,000."
Cancelled,$2M–$3M,333 Las Olas Way Unit#3803,Las Olas,Condo,3189,2449000,768.0,612.0,25.5,1952000,497000,"Listed 25% over supported value — comparable Las Olas homes sell near $627/sqft. Suggested list $1,952,000."
Expired,$2M–$3M,3025 Center Ave,Lauderdale Beach,Single Family,2198,2449000,1114.0,975.0,14.3,2143000,306000,"Listed 14% over supported value — comparable Lauderdale Beach homes sell near $1,015/sqft. Suggested list $2,143,000."
Expired,$2M–$3M,1225 SE 2nd St,Colee Hammock,Single Family,2415,2400000,994.0,693.0,43.4,1674000,726000,"Listed 43% over supported value — comparable Colee Hammock homes sell near $686/sqft. Suggested list $1,674,000."
Cancelled,$2M–$3M,100 E Las Olas Blvd Unit#3303,Las Olas,Condo,2658,2400000,903.0,579.0,56.0,1539000,861000,"Listed 56% over supported value — comparable Las Olas homes sell near $627/sqft. Suggested list $1,539,000."
Expired,$2M–$3M,333 Las Olas Way Unit#3706,Las Olas,Condo,3189,2395000,751.0,612.0,22.7,1952000,443000,"Listed 23% over supported value — comparable Las Olas homes sell near $627/sqft. Suggested list $1,952,000."
Expired,$2M–$3M,1615 NE 1st St,Victoria Park,Townhouse,3359,2395000,713.0,520.0,37.1,1747000,648000,"Listed 37% over supported value — comparable Victoria Park homes sell near $590/sqft. Suggested list $1,747,000."
Cancelled,$2M–$3M,1416 NE 6th St Unit#1416,Victoria Park,Townhouse,3369,2395000,711.0,489.0,45.4,1647000,748000,"Listed 45% over supported value — comparable Victoria Park homes sell near $590/sqft. Suggested list $1,647,000."
Cancelled,$2M–$3M,1733 NE 16th Ter,Progresso,Single Family,2554,2395000,938.0,658.0,42.6,1681000,714000,"Listed 43% over supported value — comparable Progresso homes sell near $409/sqft. Suggested list $1,681,000."
Cancelled,$2M–$3M,1418 NE 6th St Unit#1418,Victoria Park,Townhouse,3369,2395000,711.0,489.0,45.4,1647000,748000,"Listed 45% over supported value — comparable Victoria Park homes sell near $590/sqft. Suggested list $1,647,000."
Expired,$2M–$3M,411 N New River Dr Unit#3101,Las Olas,Condo,2635,2395000,909.0,629.0,44.5,1657000,738000,"Listed 45% over supported value — comparable Las Olas homes sell near $627/sqft. Suggested list $1,657,000."
Cancelled,$2M–$3M,1236 E Lake Dr,Harbor Beach,Single Family,2400,2390000,996.0,677.0,47.1,1625000,765000,"Listed 47% over supported value — comparable Harbor Beach homes sell near $921/sqft. Suggested list $1,625,000."
Expired,$2M–$3M,1420 Ponce De Leon Dr,Rio Vista,Single Family,2588,2375000,918.0,690.0,33.0,1786000,589000,"Listed 33% over supported value — comparable Rio Vista homes sell near $800/sqft. Suggested list $1,786,000."
Cancelled,$2M–$3M,333 Las Olas Way Unit#910,Las Olas,Condo,3470,2350000,677.0,605.0,11.9,2099000,251000,"Listed 12% over supported value — comparable Las Olas homes sell near $627/sqft. Suggested list $2,099,000."
Cancelled,$2M–$3M,333 LAS OLAS WAY Unit#310,Las Olas,Condo,3223,2350000,729.0,574.0,27.0,1850000,500000,"Listed 27% over supported value — comparable Las Olas homes sell near $627/sqft. Suggested list $1,850,000."
Cancelled,$2M–$3M,1621 E Broward Blvd Unit#A,Victoria Park,Townhouse,3227,2349000,728.0,532.0,36.8,1717000,632000,"Listed 37% over supported value — comparable Victoria Park homes sell near $590/sqft. Suggested list $1,717,000."
Cancelled,$2M–$3M,1621 E Broward Blvd Unit#A,Victoria Park,Townhouse,3227,2349000,728.0,532.0,36.8,1717000,632000,"Listed 37% over supported value — comparable Victoria Park homes sell near $590/sqft. Suggested list $1,717,000."
Expired,$2M–$3M,2448 Bayview Dr,Coral Ridge Galt,Single Family,2149,2300000,1070.0,818.0,30.8,1758000,542000,"Listed 31% over supported value — comparable Coral Ridge Galt homes sell near $701/sqft. Suggested list $1,758,000."
Expired,$2M–$3M,100 E Las Olas Blvd Unit#4604 (PH4),Las Olas,Condo,1867,2300000,1232.0,788.0,56.3,1471000,829000,"Listed 56% over supported value — comparable Las Olas homes sell near $627/sqft. Suggested list $1,471,000."
Cancelled,$2M–$3M,709 SE 7th St,Rio Vista,Single Family,2603,2299000,883.0,742.0,19.0,1931000,368000,"Listed 19% over supported value — comparable Rio Vista homes sell near $800/sqft. Suggested list $1,931,000."
Cancelled,$2M–$3M,1621 E Broward Blvd Unit#B,Victoria Park,Townhouse,3227,2295000,711.0,532.0,33.6,1717000,578000,"Listed 34% over supported value — comparable Victoria Park homes sell near $590/sqft. Suggested list $1,717,000."
Expired,$2M–$3M,100 E Las Olas Blvd Unit#2603,Las Olas,Condo,2658,2295000,863.0,579.0,49.1,1539000,756000,"Listed 49% over supported value — comparable Las Olas homes sell near $627/sqft. Suggested list $1,539,000."
Cancelled,$2M–$3M,411 N New River Dr Unit#2306,Las Olas,Condo,2635,2295000,871.0,629.0,38.5,1657000,638000,"Listed 38% over supported value — comparable Las Olas homes sell near $627/sqft. Suggested list $1,657,000."
Cancelled,$2M–$3M,1621 E Broward Blvd Unit#B,Victoria Park,Townhouse,3227,2295000,711.0,532.0,33.6,1717000,578000,"Listed 34% over supported value — comparable Victoria Park homes sell near $590/sqft. Suggested list $1,717,000."
Expired,$2M–$3M,2408 NE 26th Ave,Coral Ridge,Single Family,3032,2295000,757.0,662.0,14.4,2007000,288000,"Listed 14% over supported value — comparable Coral Ridge homes sell near $793/sqft. Suggested list $2,007,000."
Cancelled,$2M–$3M,2614 NE 15th Street,Coral Ridge,Single Family,2614,2290000,876.0,683.0,28.3,1785000,505000,"Listed 28% over supported value — comparable Coral Ridge homes sell near $793/sqft. Suggested list $1,785,000."
Cancelled,$2M–$3M,333 Las Olas Way Unit#3902,Las Olas,Condo,2726,2275000,835.0,624.0,33.8,1701000,574000,"Listed 34% over supported value — comparable Las Olas homes sell near $627/sqft. Suggested list $1,701,000."
Cancelled,$2M–$3M,1416 NE 6th St Unit#1416,Victoria Park,Townhouse,3369,2250000,668.0,489.0,36.6,1647000,603000,"Listed 37% over supported value — comparable Victoria Park homes sell near $590/sqft. Suggested list $1,647,000."
Expired,$2M–$3M,1500 SW 4th Ct,Gill Isles,Single Family,2619,2250000,859.0,599.0,43.4,1569000,681000,"Listed 43% over supported value — comparable Gill Isles homes sell near $538/sqft. Suggested list $1,569,000."
Cancelled,$2M–$3M,359 Poinciana Dr,Idlewyld,Single Family,2344,2250000,960.0,866.0,10.9,2030000,220000,"Listed 11% over supported value — comparable Idlewyld homes sell near $813/sqft. Suggested list $2,030,000."
Cancelled,$2M–$3M,1627 Seabreeze Blvd,Harbor Beach,Single Family,2540,2250000,886.0,742.0,19.4,1885000,365000,"Listed 19% over supported value — comparable Harbor Beach homes sell near $921/sqft. Suggested list $1,885,000."
Cancelled,$2M–$3M,1900 Admirals Way,Harbour Heights,Single Family,2681,2200000,821.0,695.0,18.1,1863000,337000,"Listed 18% over supported value — comparable Harbour Heights homes sell near $701/sqft. Suggested list $1,863,000."
Cancelled,$2M–$3M,805 SE 10th St,Rio Vista,Single Family,2408,2200000,914.0,746.0,22.5,1796000,404000,"Listed 23% over supported value — comparable Rio Vista homes sell near $800/sqft. Suggested list $1,796,000."
Expired,$2M–$3M,100 E Las Olas Boulevard Unit#4604,Las Olas,Condo,1867,2199000,1178.0,788.0,49.5,1471000,728000,"Listed 49% over supported value — comparable Las Olas homes sell near $627/sqft. Suggested list $1,471,000."
Cancelled,$2M–$3M,1340 Cordova Rd,Lauderdale Harbors,Single Family,1816,2199000,1211.0,830.0,45.9,1507000,692000,"Listed 46% over supported value — comparable Lauderdale Harbors homes sell near $860/sqft. Suggested list $1,507,000."
Cancelled,$2M–$3M,1340 Cordova Rd,Lauderdale Harbors,Single Family,1816,2199000,1211.0,830.0,45.9,1507000,692000,"Listed 46% over supported value — comparable Lauderdale Harbors homes sell near $860/sqft. Suggested list $1,507,000."
Cancelled,$2M–$3M,2612 Grace Dr,Harbor Beach,Single Family,1823,2195000,1204.0,966.0,24.6,1761000,434000,"Listed 25% over supported value — comparable Harbor Beach homes sell near $921/sqft. Suggested list $1,761,000."
Cancelled,$2M–$3M,100 E Las Olas Boulevard Unit#3301,Las Olas,Condo,2395,2195000,916.0,726.0,26.2,1739000,456000,"Listed 26% over supported value — comparable Las Olas homes sell near $627/sqft. Suggested list $1,739,000."
Expired,$2M–$3M,2612 Grace Dr,Harbor Beach,Single Family,1823,2195000,1204.0,966.0,24.6,1761000,434000,"Listed 25% over supported value — comparable Harbor Beach homes sell near $921/sqft. Suggested list $1,761,000."
Expired,$2M–$3M,500 N Victoria Park Road,Victoria Park,Single Family,3100,2195000,708.0,566.0,25.1,1755000,440000,"Listed 25% over supported value — comparable Victoria Park homes sell near $590/sqft. Suggested list $1,755,000."
Cancelled,$2M–$3M,100 E Las Olas Blvd Unit#3403,Las Olas,Condo,2658,2195000,826.0,579.0,42.7,1539000,656000,"Listed 43% over supported value — comparable Las Olas homes sell near $627/sqft. Suggested list $1,539,000."
TempOff,$2M–$3M,106 NE 16th Terrace,Victoria Park,Townhouse,2901,2190000,755.0,592.0,27.5,1717000,473000,"Listed 28% over supported value — comparable Victoria Park homes sell near $590/sqft. Suggested list $1,717,000."
Cancelled,$2M–$3M,809 NE 16th Avenue Unit#5,Victoria Park,Townhouse,2626,2160000,823.0,565.0,45.7,1484000,676000,"Listed 46% over supported value — comparable Victoria Park homes sell near $590/sqft. Suggested list $1,484,000."
Expired,$2M–$3M,809 NE 16th Avenue Unit#5,Victoria Park,Townhouse,2626,2160000,823.0,565.0,45.7,1484000,676000,"Listed 46% over supported value — comparable Victoria Park homes sell near $590/sqft. Suggested list $1,484,000."
Expired,$2M–$3M,100 E Las Olas Blvd Unit#2803,Las Olas,Condo,2658,2150000,809.0,579.0,39.7,1539000,611000,"Listed 40% over supported value — comparable Las Olas homes sell near $627/sqft. Suggested list $1,539,000."
Expired,$2M–$3M,1900 Admirals Way,Harbour Heights,Single Family,2681,2150000,802.0,695.0,15.4,1863000,287000,"Listed 15% over supported value — comparable Harbour Heights homes sell near $701/sqft. Suggested list $1,863,000."
Cancelled,$2M–$3M,1205 SE 1st St,Colee Hammock,Townhouse,2786,2149000,771.0,623.0,23.8,1736000,413000,"Listed 24% over supported value — comparable Colee Hammock homes sell near $686/sqft. Suggested list $1,736,000."
Cancelled,$2M–$3M,2131 NE 15th Ter,Edgewater Estates,Single Family,1988,2100000,1056.0,724.0,45.9,1439000,661000,"Listed 46% over supported value — comparable Edgewater Estates homes sell near $719/sqft. Suggested list $1,439,000."
Expired,$2M–$3M,1809 SE 25th Ave,Harbour Heights,Single Family,2363,2100000,889.0,743.0,19.7,1756000,344000,"Listed 20% over supported value — comparable Harbour Heights homes sell near $701/sqft. Suggested list $1,756,000."
Cancelled,$2M–$3M,1639 E Broward Blvd,Victoria Park,Townhouse,3074,2050000,667.0,477.0,39.8,1466000,584000,"Listed 40% over supported value — comparable Victoria Park homes sell near $590/sqft. Suggested list $1,466,000."
Cancelled,$1M–$2M,2112 Manatee Dr,Harbour Heights,Single Family,2511,1999999,796.0,706.0,12.7,1773000,227000,"Listed 13% over supported value — comparable Harbour Heights homes sell near $701/sqft. Suggested list $1,773,000."
Expired,$1M–$2M,100 E Las Olas Blvd Unit#3201,Las Olas,Condo,2395,1999999,835.0,740.0,12.8,1772000,228000,"Listed 13% over supported value — comparable Las Olas homes sell near $627/sqft. Suggested list $1,772,000."
Cancelled,$1M–$2M,500 N Victoria Park Road,Victoria Park,Single Family,2944,1999999,679.0,570.0,19.1,1678000,322000,"Listed 19% over supported value — comparable Victoria Park homes sell near $590/sqft. Suggested list $1,678,000."
Cancelled,$1M–$2M,1401 NE 16th Ave,Poinsettia Heights,Single Family,2419,1999900,827.0,728.0,13.6,1761000,239000,"Listed 14% over supported value — comparable Poinsettia Heights homes sell near $524/sqft. Suggested list $1,761,000."
Expired,$1M–$2M,1401 NE 16th Ave,Poinsettia Heights,Single Family,2419,1999900,827.0,728.0,13.6,1761000,239000,"Listed 14% over supported value — comparable Poinsettia Heights homes sell near $524/sqft. Suggested list $1,761,000."
Expired,$1M–$2M,2800 NE 29th Street,Coral Ridge Galt,Single Family,2123,1999000,942.0,816.0,15.4,1732000,267000,"Listed 15% over supported value — comparable Coral Ridge Galt homes sell near $701/sqft. Suggested list $1,732,000."
Expired,$1M–$2M,3008 Center Ave,Lauderdale Beach,Single Family,1693,1999000,1181.0,839.0,40.8,1420000,579000,"Listed 41% over supported value — comparable Lauderdale Beach homes sell near $1,015/sqft. Suggested list $1,420,000."
Expired,$1M–$2M,100 E Las Olas Blvd Unit#3201,Las Olas,Condo,2191,1999000,912.0,734.0,24.3,1608000,391000,"Listed 24% over supported value — comparable Las Olas homes sell near $627/sqft. Suggested list $1,608,000."
Expired,$1M–$2M,2401 NE 19th Ave,Middle River Manor,Single Family,1879,1999000,1064.0,691.0,54.0,1298000,701000,"Listed 54% over supported value — comparable Middle River Manor homes sell near $619/sqft. Suggested list $1,298,000."
Withdrawn,$1M–$2M,1733 Coral Gardens Drive,Middle River Estates,Single Family,2500,1999000,800.0,714.0,12.0,1785000,214000,"Listed 12% over supported value — comparable Middle River Estates homes sell near $551/sqft. Suggested list $1,785,000."
Cancelled,$1M–$2M,2801 Coral Shores Dr,Coral Shores,Single Family,2307,1999000,866.0,674.0,28.5,1555000,444000,"Listed 28% over supported value — comparable Coral Shores homes sell near $501/sqft. Suggested list $1,555,000."
Cancelled,$1M–$2M,2140 NE 24th St,Coral Point,Single Family,2127,1999000,940.0,605.0,55.4,1287000,712000,"Listed 55% over supported value — comparable Coral Point homes sell near $574/sqft. Suggested list $1,287,000."
Expired,$1M–$2M,2216 NE 18th Ave,Middle River Manor,Single Family,2768,1995000,721.0,599.0,20.4,1658000,337000,"Listed 20% over supported value — comparable Middle River Manor homes sell near $619/sqft. Suggested list $1,658,000."
Cancelled,$1M–$2M,1111 Ponce De Leon Dr,Rio Vista,Single Family,1590,1995000,1255.0,875.0,43.4,1391000,604000,"Listed 43% over supported value — comparable Rio Vista homes sell near $800/sqft. Suggested list $1,391,000."
Cancelled,$1M–$2M,700 Poinciana Dr,Idlewyld,Single Family,1920,1995000,1039.0,748.0,38.9,1436000,559000,"Listed 39% over supported value — comparable Idlewyld homes sell near $813/sqft. Suggested list $1,436,000."
Cancelled,$1M–$2M,100 E Las Olas Boulevard Unit#3301,Las Olas,Condo,2395,1995000,833.0,726.0,14.7,1739000,256000,"Listed 15% over supported value — comparable Las Olas homes sell near $627/sqft. Suggested list $1,739,000."
Cancelled,$1M–$2M,2600 Yacht Club Blvd,Coral Ridge,Single Family,2462,1989999,808.0,687.0,17.6,1691000,299000,"Listed 18% over supported value — comparable Coral Ridge homes sell near $793/sqft. Suggested list $1,691,000."
Cancelled,$1M–$2M,1520 NE 1st Avenue,Progresso,Single Family,2324,1950000,839.0,687.0,22.1,1597000,353000,"Listed 22% over supported value — comparable Progresso homes sell near $409/sqft. Suggested list $1,597,000."
Expired,$1M–$2M,2425 NE 26th Ave,Coral Ridge Galt,Single Family,2332,1949000,836.0,647.0,29.2,1509000,440000,"Listed 29% over supported value — comparable Coral Ridge Galt homes sell near $701/sqft. Suggested list $1,509,000."
Expired,$1M–$2M,100 E Las Olas Blvd Unit#3201,Las Olas,Condo,2191,1900000,867.0,748.0,15.9,1639000,261000,"Listed 16% over supported value — comparable Las Olas homes sell near $627/sqft. Suggested list $1,639,000."
Expired,$1M–$2M,1616 NE 5th Ct Unit#B,Victoria Park,Townhouse,2736,1900000,694.0,522.0,33.0,1428000,472000,"Listed 33% over supported value — comparable Victoria Park homes sell near $590/sqft. Suggested list $1,428,000."
Expired,$1M–$2M,2201 SE 19th St,Harbour Heights,Single Family,2194,1899000,866.0,723.0,19.8,1586000,313000,"Listed 20% over supported value — comparable Harbour Heights homes sell near $701/sqft. Suggested list $1,586,000."
Expired,$1M–$2M,101 S Fort Lauderdale Beach Boulevard Unit#702,Las Olas,Condo,2380,1895000,796.0,621.0,28.2,1478000,417000,"Listed 28% over supported value — comparable Las Olas homes sell near $627/sqft. Suggested list $1,478,000."
Cancelled,$1M–$2M,2700 NE 26th Ter,Coral Ridge Galt,Single Family,2392,1895000,792.0,626.0,26.5,1497000,398000,"Listed 27% over supported value — comparable Coral Ridge Galt homes sell near $701/sqft. Suggested list $1,497,000."
Cancelled,$1M–$2M,540 NE 25th St,Wilton Manors,Single Family,2174,1895000,872.0,604.0,44.4,1313000,582000,"Listed 44% over supported value — comparable Wilton Manors homes sell near $597/sqft. Suggested list $1,313,000."
Cancelled,$1M–$2M,2100 NE 24th St,Coral Point,Single Family,2121,1890000,891.0,615.0,44.9,1304000,586000,"Listed 45% over supported value — comparable Coral Point homes sell near $574/sqft. Suggested list $1,304,000."
Expired,$1M–$2M,3008 Center Ave,Lauderdale Beach,Single Family,1693,1865000,1102.0,839.0,31.3,1420000,445000,"Listed 31% over supported value — comparable Lauderdale Beach homes sell near $1,015/sqft. Suggested list $1,420,000."
Cancelled,$1M–$2M,1635 E Broward Bulevard,Victoria Park,Townhouse,3074,1850000,602.0,477.0,26.2,1466000,384000,"Listed 26% over supported value — comparable Victoria Park homes sell near $590/sqft. Suggested list $1,466,000."
Cancelled,$1M–$2M,2600 Yacht Club Blvd,Coral Ridge,Single Family,2367,1850000,782.0,705.0,10.9,1669000,181000,"Listed 11% over supported value — comparable Coral Ridge homes sell near $793/sqft. Suggested list $1,669,000."
Expired,$1M–$2M,222 NE 15th Avenue,Victoria Park,Townhouse,3262,1850000,567.0,458.0,23.8,1494000,356000,"Listed 24% over supported value — comparable Victoria Park homes sell near $590/sqft. Suggested list $1,494,000."
Cancelled,$1M–$2M,205 NE 17th Ave,Victoria Park,Townhouse,2392,1850000,773.0,519.0,48.9,1241000,609000,"Listed 49% over supported value — comparable Victoria Park homes sell near $590/sqft. Suggested list $1,241,000."
Cancelled,$1M–$2M,207 NE 17th Ave,Victoria Park,Townhouse,2392,1850000,773.0,519.0,48.9,1241000,609000,"Listed 49% over supported value — comparable Victoria Park homes sell near $590/sqft. Suggested list $1,241,000."
Cancelled,$1M–$2M,2701 NE 2nd Ave,Sunset Manors,Single Family,2584,1850000,716.0,624.0,14.7,1612000,238000,"Listed 15% over supported value — comparable Sunset Manors homes sell near $514/sqft. Suggested list $1,612,000."
Cancelled,$1M–$2M,800 SE 11th Court,Rio Vista,Single Family,1787,1849000,1035.0,671.0,54.2,1199000,650000,"Listed 54% over supported value — comparable Rio Vista homes sell near $800/sqft. Suggested list $1,199,000."
Cancelled,$1M–$2M,1616 NE 5th Ct Unit#B,Victoria Park,Townhouse,2764,1845000,668.0,522.0,28.0,1443000,402000,"Listed 28% over supported value — comparable Victoria Park homes sell near $590/sqft. Suggested list $1,443,000."
Expired,$1M–$2M,2832 NE 22nd St,Coral Ridge,Single Family,2207,1800000,816.0,701.0,16.4,1547000,253000,"Listed 16% over supported value — comparable Coral Ridge homes sell near $793/sqft. Suggested list $1,547,000."
Cancelled,$1M–$2M,2701 NE 2nd Avenue,Sunset Manors,Single Family,2584,1799999,697.0,624.0,11.7,1612000,188000,"Listed 12% over supported value — comparable Sunset Manors homes sell near $514/sqft. Suggested list $1,612,000."
Cancelled,$1M–$2M,2201 Manatee Drive,Harbour Heights,Single Family,2194,1797000,819.0,723.0,13.3,1586000,211000,"Listed 13% over supported value — comparable Harbour Heights homes sell near $701/sqft. Suggested list $1,586,000."
Expired,$1M–$2M,2306 NE 17th Ave,Middle River Manor,Single Family,2130,1795000,843.0,630.0,33.8,1342000,453000,"Listed 34% over supported value — comparable Middle River Manor homes sell near $619/sqft. Suggested list $1,342,000."
Cancelled,$1M–$2M,1981 Coral Gardens Dr,Coral Gardens,Single Family,1889,1795000,950.0,660.0,43.9,1247000,548000,"Listed 44% over supported value — comparable Coral Gardens homes sell near $506/sqft. Suggested list $1,247,000."
Expired,$1M–$2M,2131 NE 15th Ter,Edgewater Estates,Single Family,1988,1795000,903.0,724.0,24.7,1439000,356000,"Listed 25% over supported value — comparable Edgewater Estates homes sell near $719/sqft. Suggested list $1,439,000."
Expired,$1M–$2M,2131 NE 15th Ter,Edgewater Estates,Single Family,1988,1777000,894.0,801.0,11.6,1592000,185000,"Listed 12% over supported value — comparable Edgewater Estates homes sell near $719/sqft. Suggested list $1,592,000."
Expired,$1M–$2M,101 S Fort Lauderdale Beach Blvd Unit#308,Las Olas,Condo,3080,1775000,576.0,453.0,27.2,1395000,380000,"Listed 27% over supported value — comparable Las Olas homes sell near $627/sqft. Suggested list $1,395,000."
TempOff,$1M–$2M,1609 NE 18th Ave,Progresso,Single Family,2621,1765000,673.0,562.0,19.8,1473000,292000,"Listed 20% over supported value — comparable Progresso homes sell near $409/sqft. Suggested list $1,473,000."
Cancelled,$1M–$2M,459 NE 17th Way Unit#A,Victoria Park,Townhouse,2391,1750000,732.0,517.0,41.6,1236000,514000,"Listed 42% over supported value — comparable Victoria Park homes sell near $590/sqft. Suggested list $1,236,000."
Cancelled,$1M–$2M,2404 NE 28th Ave,Coral Ridge Galt,Single Family,1901,1750000,921.0,825.0,11.6,1568000,182000,"Listed 12% over supported value — comparable Coral Ridge Galt homes sell near $701/sqft. Suggested list $1,568,000."
Expired,$1M–$2M,101 S Fort Lauderdale Beach Blvd Unit#2107,Las Olas,Condo,1905,1750000,919.0,611.0,50.4,1164000,586000,"Listed 50% over supported value — comparable Las Olas homes sell near $627/sqft. Suggested list $1,164,000."
Cancelled,$1M–$2M,100 E Las Olas Blvd Unit#3004,Las Olas,Condo,1867,1749500,937.0,598.0,56.7,1116000,634000,"Listed 57% over supported value — comparable Las Olas homes sell near $627/sqft. Suggested list $1,116,000."
Expired,$1M–$2M,1206 Mango Isle,South New River Isles,Single Family,1831,1749000,955.0,683.0,39.8,1251000,498000,"Listed 40% over supported value — comparable South New River Isles homes sell near $715/sqft. Suggested list $1,251,000."
Cancelled,$1M–$2M,625 NE 15th Ave,Victoria Park,Single Family,2574,1749000,679.0,590.0,15.1,1519000,230000,"Listed 15% over supported value — comparable Victoria Park homes sell near $590/sqft. Suggested list $1,519,000."
Cancelled,$1M–$2M,1525 NE 15th Avenue,Poinsettia Heights,Townhouse,2775,1730000,623.0,467.0,33.4,1296000,434000,"Listed 33% over supported value — comparable Poinsettia Heights homes sell near $524/sqft. Suggested list $1,296,000."
Cancelled,$1M–$2M,1527 NE 15th Avenue,Poinsettia Heights,Townhouse,2775,1730000,623.0,467.0,33.4,1296000,434000,"Listed 33% over supported value — comparable Poinsettia Heights homes sell near $524/sqft. Suggested list $1,296,000."
Cancelled,$1M–$2M,100 E Las Olas Blvd Unit#1901,Las Olas,Condo,2395,1725000,720.0,551.0,30.7,1320000,405000,"Listed 31% over supported value — comparable Las Olas homes sell near $627/sqft. Suggested list $1,320,000."
Expired,$1M–$2M,1916 NE 24th St,Coral Point,Single Family,2590,1700000,656.0,564.0,16.3,1461000,239000,"Listed 16% over supported value — comparable Coral Point homes sell near $574/sqft. Suggested list $1,461,000."
Cancelled,$1M–$2M,115 SE 17th Ave,Colee Hammock,Single Family,2107,1700000,807.0,713.0,13.2,1502000,198000,"Listed 13% over supported value — comparable Colee Hammock homes sell near $686/sqft. Suggested list $1,502,000."
Cancelled,$1M–$2M,1112 Mandarin Isle,South New River Isles,Single Family,1642,1699000,1035.0,718.0,44.2,1179000,520000,"Listed 44% over supported value — comparable South New River Isles homes sell near $715/sqft. Suggested list $1,179,000."
Expired,$1M–$2M,1113 Tangelo Isle,South New River Isles,Single Family,2044,1699000,831.0,747.0,11.2,1527000,172000,"Listed 11% over supported value — comparable South New River Isles homes sell near $715/sqft. Suggested list $1,527,000."
Cancelled,$1M–$2M,2711 Mayan Drive,Harbor Beach,Single Family,1846,1699000,920.0,762.0,20.7,1407000,292000,"Listed 21% over supported value — comparable Harbor Beach homes sell near $921/sqft. Suggested list $1,407,000."
Cancelled,$1M–$2M,100 E Las Olas Blvd Unit#2802,Las Olas,Condo,1501,1695000,1129.0,785.0,43.8,1178000,517000,"Listed 44% over supported value — comparable Las Olas homes sell near $627/sqft. Suggested list $1,178,000."
Cancelled,$1M–$2M,1408 NE 5th Court Unit#1408A,Victoria Park,Townhouse,2467,1695000,687.0,533.0,28.9,1315000,380000,"Listed 29% over supported value — comparable Victoria Park homes sell near $590/sqft. Suggested list $1,315,000."
Expired,$1M–$2M,1501 SW 5 ct,Gill Isles,Single Family,1677,1690000,1008.0,653.0,54.4,1095000,595000,"Listed 54% over supported value — comparable Gill Isles homes sell near $538/sqft. Suggested list $1,095,000."
Expired,$1M–$2M,1616 NE 17th Ter,Poinsettia Heights,Single Family,2598,1675000,645.0,493.0,30.8,1281000,394000,"Listed 31% over supported value — comparable Poinsettia Heights homes sell near $524/sqft. Suggested list $1,281,000."
Cancelled,$1M–$2M,2500 NE 26th Ave,Coral Ridge Galt,Single Family,2258,1675000,742.0,628.0,18.2,1418000,257000,"Listed 18% over supported value — comparable Coral Ridge Galt homes sell near $701/sqft. Suggested list $1,418,000."
Expired,$1M–$2M,100 E Las Olas Blvd Unit#1904,Las Olas,Condo,1867,1675000,897.0,586.0,53.1,1094000,581000,"Listed 53% over supported value — comparable Las Olas homes sell near $627/sqft. Suggested list $1,094,000."
Cancelled,$1M–$2M,1122 NE 10th Ave Unit#B,Progresso,Townhouse,2583,1650000,639.0,403.0,58.6,1041000,609000,"Listed 59% over supported value — comparable Progresso homes sell near $409/sqft. Suggested list $1,041,000."
Cancelled,$1M–$2M,616 NE 16th Ter,Victoria Park,Single Family,1962,1650000,841.0,618.0,36.1,1213000,437000,"Listed 36% over supported value — comparable Victoria Park homes sell near $590/sqft. Suggested list $1,213,000."
Expired,$1M–$2M,625 NE 15th Avenue,Victoria Park,Single Family,2491,1650000,662.0,592.0,11.8,1475000,175000,"Listed 12% over supported value — comparable Victoria Park homes sell near $590/sqft. Suggested list $1,475,000."
Expired,$1M–$2M,2632 NE 29th Ct,Coral Ridge Galt,Single Family,2224,1650000,742.0,653.0,13.6,1452000,198000,"Listed 14% over supported value — comparable Coral Ridge Galt homes sell near $701/sqft. Suggested list $1,452,000."
Cancelled,$1M–$2M,2740 NE 29th St,Coral Ridge Galt,Single Family,2297,1650000,718.0,639.0,12.4,1468000,182000,"Listed 12% over supported value — comparable Coral Ridge Galt homes sell near $701/sqft. Suggested list $1,468,000."
Expired,$1M–$2M,614 NE 10th Ave,Progresso,Single Family,3063,1650000,539.0,463.0,16.4,1418000,232000,"Listed 16% over supported value — comparable Progresso homes sell near $409/sqft. Suggested list $1,418,000."
Cancelled,$1M–$2M,1122 NE 10th Ave,Progresso,Townhouse,2814,1650000,586.0,387.0,51.4,1089000,561000,"Listed 51% over supported value — comparable Progresso homes sell near $409/sqft. Suggested list $1,089,000."
Expired,$1M–$2M,333 Las Olas Way Unit#2409,Las Olas,Condo,2141,1650000,771.0,615.0,25.4,1317000,333000,"Listed 25% over supported value — comparable Las Olas homes sell near $627/sqft. Suggested list $1,317,000."
Expired,$1M–$2M,100 E Las Olas Blvd Unit#1701,Las Olas,Condo,2395,1650000,689.0,551.0,25.0,1320000,330000,"Listed 25% over supported value — comparable Las Olas homes sell near $627/sqft. Suggested list $1,320,000."
Cancelled,$1M–$2M,610 NE 16th Terrace,Victoria Park,Single Family,1810,1649900,912.0,633.0,44.1,1146000,504000,"Listed 44% over supported value — comparable Victoria Park homes sell near $590/sqft. Suggested list $1,146,000."
Cancelled,$1M–$2M,2100 S Ocean Ln Unit#1911,Point Americas,Condo,1912,1649000,862.0,572.0,50.7,1094000,555000,"Listed 51% over supported value — comparable Point Americas homes sell near $541/sqft. Suggested list $1,094,000."
Cancelled,$1M–$2M,1806 NE 26th Avenue,Coral Ridge,Townhouse,3024,1625000,537.0,450.0,19.3,1361000,264000,"Listed 19% over supported value — comparable Coral Ridge homes sell near $793/sqft. Suggested list $1,361,000."
Cancelled,$1M–$2M,1606 SE 1st Street,Colee Hammock,Single Family,1806,1625000,900.0,692.0,30.1,1250000,375000,"Listed 30% over supported value — comparable Colee Hammock homes sell near $686/sqft. Suggested list $1,250,000."
Cancelled,$1M–$2M,1320 NE 16th Ave Unit#A,Lake Ridge,Townhouse,2330,1625000,697.0,470.0,48.3,1095000,530000,"Listed 48% over supported value — comparable Lake Ridge homes sell near $528/sqft. Suggested list $1,095,000."
Cancelled,$1M–$2M,1608 NE 5th St,Victoria Park,Townhouse,2910,1625000,558.0,410.0,36.1,1193000,432000,"Listed 36% over supported value — comparable Victoria Park homes sell near $590/sqft. Suggested list $1,193,000."
Expired,$1M–$2M,333 Las Olas Way Unit#2505,Las Olas,Condo,2129,1625000,763.0,635.0,20.2,1352000,273000,"Listed 20% over supported value — comparable Las Olas homes sell near $627/sqft. Suggested list $1,352,000."
Cancelled,$1M–$2M,1320 ne 16th ave Unit#B,Lake Ridge,Townhouse,2736,1625000,594.0,461.0,28.9,1261000,364000,"Listed 29% over supported value — comparable Lake Ridge homes sell near $528/sqft. Suggested list $1,261,000."
Cancelled,$1M–$2M,450 N Victoria Park Rd,Victoria Park,Single Family,2420,1600000,661.0,545.0,21.3,1319000,281000,"Listed 21% over supported value — comparable Victoria Park homes sell near $590/sqft. Suggested list $1,319,000."
Cancelled,$1M–$2M,2016 NE 24th St,Coral Point,Single Family,1726,1600000,927.0,627.0,47.8,1082000,518000,"Listed 48% over supported value — comparable Coral Point homes sell near $574/sqft. Suggested list $1,082,000."
Cancelled,$1M–$2M,915 NE 17th Ter Unit#2,Victoria Park,Townhouse,2532,1600000,632.0,523.0,20.8,1324000,276000,"Listed 21% over supported value — comparable Victoria Park homes sell near $590/sqft. Suggested list $1,324,000."
Cancelled,$1M–$2M,917 NE 17th Ter Unit#3,Victoria Park,Townhouse,2532,1600000,632.0,523.0,20.8,1324000,276000,"Listed 21% over supported value — comparable Victoria Park homes sell near $590/sqft. Suggested list $1,324,000."
Cancelled,$1M–$2M,312 NE 14th Ave Unit#A,Victoria Park,Townhouse,2400,1599999,667.0,515.0,29.5,1236000,364000,"Listed 30% over supported value — comparable Victoria Park homes sell near $590/sqft. Suggested list $1,236,000."
Expired,$1M–$2M,312 NE 14th Ave Unit#A,Victoria Park,Townhouse,2500,1599000,640.0,512.0,25.0,1280000,319000,"Listed 25% over supported value — comparable Victoria Park homes sell near $590/sqft. Suggested list $1,280,000."
Cancelled,$1M–$2M,2100 S Ocean Lane Unit#1707,Point Americas,Condo,2116,1599000,756.0,565.0,33.8,1196000,403000,"Listed 34% over supported value — comparable Point Americas homes sell near $541/sqft. Suggested list $1,196,000."
Cancelled,$1M–$2M,2308 SE 18 St,Harbour Heights,Single Family,1658,1599000,964.0,689.0,39.9,1142000,457000,"Listed 40% over supported value — comparable Harbour Heights homes sell near $701/sqft. Suggested list $1,142,000."
Withdrawn,$1M–$2M,909 SE 9th Street,Rio Vista,Single Family,1810,1599000,883.0,635.0,39.1,1149000,450000,"Listed 39% over supported value — comparable Rio Vista homes sell near $800/sqft. Suggested list $1,149,000."
TempOff,$1M–$2M,1317 NE 2nd St,Victoria Park,Townhouse,2695,1595000,592.0,422.0,40.3,1137000,458000,"Listed 40% over supported value — comparable Victoria Park homes sell near $590/sqft. Suggested list $1,137,000."
Cancelled,$1M–$2M,1657 Poinsettia Dr,Poinsettia Heights,Single Family,1862,1595000,857.0,664.0,29.1,1236000,359000,"Listed 29% over supported value — comparable Poinsettia Heights homes sell near $524/sqft. Suggested list $1,236,000."
Expired,$1M–$2M,614 NE 10th Ave,Progresso,Single Family,3063,1595000,521.0,461.0,13.0,1412000,183000,"Listed 13% over supported value — comparable Progresso homes sell near $409/sqft. Suggested list $1,412,000."
Expired,$1M–$2M,2100 S Ocean Ln Unit#2102,Point Americas,Condo,1879,1595000,849.0,574.0,47.9,1079000,516000,"Listed 48% over supported value — comparable Point Americas homes sell near $541/sqft. Suggested list $1,079,000."
Expired,$1M–$2M,2100 S Ocean Ln Unit#1707,Point Americas,Condo,2116,1595000,754.0,565.0,33.5,1196000,399000,"Listed 33% over supported value — comparable Point Americas homes sell near $541/sqft. Suggested list $1,196,000."
Cancelled,$1M–$2M,2000 Coral Gardens Dr,Coral Gardens,Single Family,1895,1589000,839.0,529.0,58.6,1002000,587000,"Listed 59% over supported value — comparable Coral Gardens homes sell near $506/sqft. Suggested list $1,002,000."
Expired,$1M–$2M,1522 SE 2nd St,Colee Hammock,Townhouse,2549,1575000,618.0,516.0,19.8,1315000,260000,"Listed 20% over supported value — comparable Colee Hammock homes sell near $686/sqft. Suggested list $1,315,000."
Expired,$1M–$2M,1522 SE 2nd St,Colee Hammock,Townhouse,2549,1575000,618.0,516.0,19.8,1315000,260000,"Listed 20% over supported value — comparable Colee Hammock homes sell near $686/sqft. Suggested list $1,315,000."
Expired,$1M–$2M,333 Las Olas Way Unit#804,Las Olas,Condo,2129,1575000,740.0,635.0,16.5,1352000,223000,"Listed 17% over supported value — comparable Las Olas homes sell near $627/sqft. Suggested list $1,352,000."
Cancelled,$1M–$2M,2100 Manatee Dr,Harbour Heights,Single Family,2050,1574000,768.0,634.0,21.1,1300000,274000,"Listed 21% over supported value — comparable Harbour Heights homes sell near $701/sqft. Suggested list $1,300,000."
Cancelled,$1M–$2M,798 SW 8th Way Unit#798,Tarpon River,Townhouse,3000,1565000,522.0,461.0,13.2,1383000,182000,"Listed 13% over supported value — comparable Tarpon River homes sell near $424/sqft. Suggested list $1,383,000."
Expired,$1M–$2M,1135 NE 11th Ave,Progresso,Single Family,1323,1565000,1183.0,740.0,59.9,979000,586000,"Listed 60% over supported value — comparable Progresso homes sell near $409/sqft. Suggested list $979,000."
Expired,$1M–$2M,1215 N Victoria Park Rd,Lake Ridge,Townhouse,3103,1550000,500.0,371.0,34.8,1151000,399000,"Listed 35% over supported value — comparable Lake Ridge homes sell near $528/sqft. Suggested list $1,151,000."
Expired,$1M–$2M,2409 NE 19th Ave,Middle River Manor,Single Family,1706,1550000,909.0,639.0,42.3,1090000,460000,"Listed 42% over supported value — comparable Middle River Manor homes sell near $619/sqft. Suggested list $1,090,000."
Expired,$1M–$2M,800 SE 11th Ct,Rio Vista,Single Family,1562,1550000,992.0,674.0,47.2,1053000,497000,"Listed 47% over supported value — comparable Rio Vista homes sell near $800/sqft. Suggested list $1,053,000."
Cancelled,$1M–$2M,1619 NE 11th St Unit#1,Progresso,Townhouse,2633,1550000,589.0,401.0,46.9,1056000,494000,"Listed 47% over supported value — comparable Progresso homes sell near $409/sqft. Suggested list $1,056,000."
Cancelled,$1M–$2M,525 N Fort Lauderdale Beach Blvd Unit#1610,Four Seasons,Condo,775,1550000,2000.0,1347.0,48.5,1044000,506000,"Listed 48% over supported value — comparable Four Seasons homes sell near $1,784/sqft. Suggested list $1,044,000."
Expired,$1M–$2M,1700 SW 5th Court,Gill Isles,Single Family,2339,1549900,663.0,596.0,11.2,1394000,156000,"Listed 11% over supported value — comparable Gill Isles homes sell near $538/sqft. Suggested list $1,394,000."
Expired,$1M–$2M,320 NE 16th Ave Unit#320,Victoria Park,Townhouse,3204,1549000,483.0,424.0,13.9,1358000,191000,"Listed 14% over supported value — comparable Victoria Park homes sell near $590/sqft. Suggested list $1,358,000."
Cancelled,$1M–$2M,100 E Las Olas Blvd Unit#2802,Las Olas,Condo,1404,1545000,1100.0,794.0,38.5,1115000,430000,"Listed 39% over supported value — comparable Las Olas homes sell near $627/sqft. Suggested list $1,115,000."
Expired,$1M–$2M,2725 NE 26th Ave,Coral Ridge Galt,Single Family,1568,1545000,985.0,639.0,54.1,1002000,543000,"Listed 54% over supported value — comparable Coral Ridge Galt homes sell near $701/sqft. Suggested list $1,002,000."
Expired,$1M–$2M,2164 NE 25th St,Coral Point,Single Family,1785,1545000,866.0,595.0,45.5,1062000,483000,"Listed 46% over supported value — comparable Coral Point homes sell near $574/sqft. Suggested list $1,062,000."
Expired,$1M–$2M,1101 NE 16th Ter Unit#1,Progresso,Townhouse,3030,1545000,510.0,347.0,47.0,1051000,494000,"Listed 47% over supported value — comparable Progresso homes sell near $409/sqft. Suggested list $1,051,000."
Expired,$1M–$2M,514 N Victoria Park Rd,Victoria Park,Single Family,1541,1500000,973.0,629.0,54.7,969000,531000,"Listed 55% over supported value — comparable Victoria Park homes sell near $590/sqft. Suggested list $969,000."
Cancelled,$1M–$2M,1713 SW 5th St,Gill Isles,Single Family,1532,1500000,979.0,629.0,55.6,964000,536000,"Listed 56% over supported value — comparable Gill Isles homes sell near $538/sqft. Suggested list $964,000."
Expired,$1M–$2M,1508 SW 5th Ct,Gill Isles,Single Family,1781,1500000,842.0,595.0,41.5,1060000,440000,"Listed 42% over supported value — comparable Gill Isles homes sell near $538/sqft. Suggested list $1,060,000."
Expired,$1M–$2M,1621 SW 5th St,Gill Isles,Single Family,2031,1500000,739.0,599.0,23.4,1217000,283000,"Listed 23% over supported value — comparable Gill Isles homes sell near $538/sqft. Suggested list $1,217,000."
Cancelled,$1M–$2M,1318 SE 12th Way,Lauderdale Harbors,Single Family,1295,1500000,1158.0,736.0,57.3,953000,547000,"Listed 57% over supported value — comparable Lauderdale Harbors homes sell near $860/sqft. Suggested list $953,000."
Cancelled,$1M–$2M,101 S Fort Lauderdale Beach Boulevard Unit#907,Las Olas,Condo,1905,1499999,787.0,611.0,28.8,1164000,336000,"Listed 29% over supported value — comparable Las Olas homes sell near $627/sqft. Suggested list $1,164,000."
Cancelled,$1M–$2M,1320 NE 16th Ave,Lake Ridge,Townhouse,2330,1499999,644.0,470.0,37.0,1095000,405000,"Listed 37% over supported value — comparable Lake Ridge homes sell near $528/sqft. Suggested list $1,095,000."
Cancelled,$1M–$2M,620 NE 17th Ter,Victoria Park,Single Family,1859,1499990,807.0,581.0,38.9,1080000,420000,"Listed 39% over supported value — comparable Victoria Park homes sell near $590/sqft. Suggested list $1,080,000."
Cancelled,$1M–$2M,1509 SW 5th Place,Gill Isles,Single Family,1964,1499000,763.0,553.0,38.0,1086000,413000,"Listed 38% over supported value — comparable Gill Isles homes sell near $538/sqft. Suggested list $1,086,000."
Expired,$1M–$2M,1004 SE 11th St,Rio Vista,Single Family,1891,1499000,793.0,628.0,26.3,1188000,311000,"Listed 26% over supported value — comparable Rio Vista homes sell near $800/sqft. Suggested list $1,188,000."
Cancelled,$1M–$2M,1004 SE 11th St,Rio Vista,Single Family,1891,1499000,793.0,628.0,26.3,1188000,311000,"Listed 26% over supported value — comparable Rio Vista homes sell near $800/sqft. Suggested list $1,188,000."
Cancelled,$1M–$2M,1657 Poinsettia Dr,Poinsettia Heights,Single Family,1862,1499000,805.0,664.0,21.2,1236000,263000,"Listed 21% over supported value — comparable Poinsettia Heights homes sell near $524/sqft. Suggested list $1,236,000."
Cancelled,$1M–$2M,1657 Poinsettia Dr,Poinsettia Heights,Single Family,1862,1498000,805.0,664.0,21.2,1236000,262000,"Listed 21% over supported value — comparable Poinsettia Heights homes sell near $524/sqft. Suggested list $1,236,000."
Cancelled,$1M–$2M,724 SW 8th Way Unit#724,Tarpon River,Townhouse,2935,1497000,510.0,459.0,11.1,1347000,150000,"Listed 11% over supported value — comparable Tarpon River homes sell near $424/sqft. Suggested list $1,347,000."
Expired,$1M–$2M,845 SW 14th Ct,Croissant Park,Townhouse,2600,1495000,575.0,393.0,46.3,1022000,473000,"Listed 46% over supported value — comparable Croissant Park homes sell near $484/sqft. Suggested list $1,022,000."
Expired,$1M–$2M,845 SW 14th Ct,Croissant Park,Townhouse,2600,1495000,575.0,393.0,46.3,1022000,473000,"Listed 46% over supported value — comparable Croissant Park homes sell near $484/sqft. Suggested list $1,022,000."
Cancelled,$1M–$2M,915 NE 17th Ter,Victoria Park,Townhouse,2585,1495000,578.0,523.0,10.5,1352000,143000,"Listed 11% over supported value — comparable Victoria Park homes sell near $590/sqft. Suggested list $1,352,000."
Cancelled,$1M–$2M,2200 S Ocean Ln Unit#702,Point Americas,Condo,2003,1495000,746.0,573.0,30.2,1148000,347000,"Listed 30% over supported value — comparable Point Americas homes sell near $541/sqft. Suggested list $1,148,000."
Expired,$1M–$2M,333 Las Olas Way Unit#2604,Las Olas,Condo,2129,1495000,702.0,635.0,10.6,1352000,143000,"Listed 11% over supported value — comparable Las Olas homes sell near $627/sqft. Suggested list $1,352,000."
Expired,$1M–$2M,1617 NE 11th St Unit#1,Progresso,Townhouse,2633,1495000,568.0,401.0,41.6,1056000,439000,"Listed 42% over supported value — comparable Progresso homes sell near $409/sqft. Suggested list $1,056,000."
Expired,$1M–$2M,2100 S OCEAN LN Unit#811,Point Americas,Condo,1912,1495000,782.0,572.0,36.7,1094000,401000,"Listed 37% over supported value — comparable Point Americas homes sell near $541/sqft. Suggested list $1,094,000."
Withdrawn,$1M–$2M,100 E Las Olas Boulevard Unit#1901,Las Olas,Condo,2395,1495000,624.0,551.0,13.2,1320000,175000,"Listed 13% over supported value — comparable Las Olas homes sell near $627/sqft. Suggested list $1,320,000."
Cancelled,$1M–$2M,333 Las Olas Way Unit#2604,Las Olas,Condo,2129,1495000,702.0,635.0,10.6,1352000,143000,"Listed 11% over supported value — comparable Las Olas homes sell near $627/sqft. Suggested list $1,352,000."
Expired,$1M–$2M,855 SW 14th Ct Unit#855,Croissant Park,Townhouse,2600,1490000,573.0,393.0,45.8,1022000,468000,"Listed 46% over supported value — comparable Croissant Park homes sell near $484/sqft. Suggested list $1,022,000."
Expired,$1M–$2M,1606 SE 1st St,Colee Hammock,Single Family,1893,1475000,779.0,688.0,13.2,1302000,173000,"Listed 13% over supported value — comparable Colee Hammock homes sell near $686/sqft. Suggested list $1,302,000."
Cancelled,$1M–$2M,2300 NE 15th Terrace,Edgewater Estates,Single Family,1434,1475000,1029.0,749.0,37.4,1074000,401000,"Listed 37% over supported value — comparable Edgewater Estates homes sell near $719/sqft. Suggested list $1,074,000."
Cancelled,$1M–$2M,101 S FORT LAUDERDALE BEACH BLVD Unit#607,Las Olas,Condo,1905,1469999,772.0,611.0,26.4,1164000,306000,"Listed 26% over supported value — comparable Las Olas homes sell near $627/sqft. Suggested list $1,164,000."
Expired,$1M–$2M,101 S FORT LAUDERDALE BEACH BLVD Unit#607,Las Olas,Condo,1905,1469999,772.0,611.0,26.4,1164000,306000,"Listed 26% over supported value — comparable Las Olas homes sell near $627/sqft. Suggested list $1,164,000."
Expired,$1M–$2M,101 S FORT LAUDERDALE BEACH BLVD Unit#607,Las Olas,Condo,1905,1469999,772.0,611.0,26.4,1164000,306000,"Listed 26% over supported value — comparable Las Olas homes sell near $627/sqft. Suggested list $1,164,000."
Expired,$1M–$2M,347 N New River Drive Unit#ph4,Watergarden,Condo,1918,1450000,756.0,617.0,22.5,1183000,267000,"Listed 23% over supported value — comparable Watergarden homes sell near $572/sqft. Suggested list $1,183,000."
Expired,$1M–$2M,2617 NE 26th Ave,Coral Ridge Galt,Single Family,1962,1450000,739.0,621.0,19.0,1218000,232000,"Listed 19% over supported value — comparable Coral Ridge Galt homes sell near $701/sqft. Suggested list $1,218,000."
Cancelled,$1M–$2M,2200 S Ocean Ln Unit#209,Point Americas,Condo,1641,1450000,884.0,588.0,50.3,965000,485000,"Listed 50% over supported value — comparable Point Americas homes sell near $541/sqft. Suggested list $965,000."
Cancelled,$1M–$2M,308 NE 14th Ave Unit#A,Victoria Park,Townhouse,2326,1450000,623.0,519.0,20.0,1207000,243000,"Listed 20% over supported value — comparable Victoria Park homes sell near $590/sqft. Suggested list $1,207,000."
Cancelled,$1M–$2M,804 SE 10th St,Rio Vista,Single Family,1970,1449000,736.0,641.0,14.8,1263000,186000,"Listed 15% over supported value — comparable Rio Vista homes sell near $800/sqft. Suggested list $1,263,000."
Expired,$1M–$2M,411 N New River Dr E Unit#2205,Las Olas,Condo,1630,1449000,889.0,619.0,43.6,1009000,440000,"Listed 44% over supported value — comparable Las Olas homes sell near $627/sqft. Suggested list $1,009,000."
Expired,$1M–$2M,2100 S Ocean Lane Unit#411,Point Americas,Condo,1912,1425000,745.0,572.0,30.2,1094000,331000,"Listed 30% over supported value — comparable Point Americas homes sell near $541/sqft. Suggested list $1,094,000."
Cancelled,$1M–$2M,909 NE 16th Ave,Victoria Park,Townhouse,2482,1420000,572.0,513.0,11.5,1273000,147000,"Listed 12% over supported value — comparable Victoria Park homes sell near $590/sqft. Suggested list $1,273,000."
Expired,$1M–$2M,2200 S Ocean Ln Unit#304,Point Americas,Condo,2011,1420000,706.0,573.0,23.2,1152000,268000,"Listed 23% over supported value — comparable Point Americas homes sell near $541/sqft. Suggested list $1,152,000."
Expired,$1M–$2M,347 N New River Dr Unit#PH4,Watergarden,Condo,1918,1400000,730.0,617.0,18.3,1183000,217000,"Listed 18% over supported value — comparable Watergarden homes sell near $572/sqft. Suggested list $1,183,000."
Cancelled,$1M–$2M,1220 NE 13th Ave,Progresso,Townhouse,2583,1400000,542.0,386.0,40.4,997000,403000,"Listed 40% over supported value — comparable Progresso homes sell near $409/sqft. Suggested list $997,000."
Cancelled,$1M–$2M,2100 S Ocean Lane Unit#2508,Point Americas,Condo,1880,1399000,744.0,574.0,29.6,1079000,320000,"Listed 30% over supported value — comparable Point Americas homes sell near $541/sqft. Suggested list $1,079,000."
Expired,$1M–$2M,814 N Victoria Park Road,Progresso,Townhouse,3336,1399000,419.0,346.0,21.1,1154000,245000,"Listed 21% over supported value — comparable Progresso homes sell near $409/sqft. Suggested list $1,154,000."
Expired,$1M–$2M,805 NE 16th Terrace Unit#1,Progresso,Townhouse,2585,1399000,541.0,395.0,37.0,1021000,378000,"Listed 37% over supported value — comparable Progresso homes sell near $409/sqft. Suggested list $1,021,000."
Expired,$1M–$2M,411 N New River Dr Unit#1505,Las Olas,Condo,1630,1399000,858.0,619.0,38.6,1009000,390000,"Listed 39% over supported value — comparable Las Olas homes sell near $627/sqft. Suggested list $1,009,000."
Cancelled,$1M–$2M,2100 S Ocean Ln Unit#2008,Point Americas,Condo,1880,1395000,742.0,574.0,29.3,1079000,316000,"Listed 29% over supported value — comparable Point Americas homes sell near $541/sqft. Suggested list $1,079,000."
Cancelled,$1M–$2M,925 NE 6th St,Victoria Park,Townhouse,2239,1395000,623.0,438.0,42.2,981000,414000,"Listed 42% over supported value — comparable Victoria Park homes sell near $590/sqft. Suggested list $981,000."
Cancelled,$1M–$2M,1578 S Ocean Lane Unit#115,Oceanage,Condo,1273,1395000,1096.0,694.0,57.9,883000,512000,"Listed 58% over supported value — comparable Oceanage homes sell near $799/sqft. Suggested list $883,000."
Cancelled,$1M–$2M,925 NE 6th St Unit#1,Victoria Park,Townhouse,2239,1395000,623.0,438.0,42.2,981000,414000,"Listed 42% over supported value — comparable Victoria Park homes sell near $590/sqft. Suggested list $981,000."
Cancelled,$1M–$2M,925 NE 6th St,Victoria Park,Townhouse,2239,1395000,623.0,438.0,42.2,981000,414000,"Listed 42% over supported value — comparable Victoria Park homes sell near $590/sqft. Suggested list $981,000."
Cancelled,$1M–$2M,1578 S Ocean Lane Unit#114,Oceanage,Condo,1264,1395000,1104.0,931.0,18.6,1177000,218000,"Listed 19% over supported value — comparable Oceanage homes sell near $799/sqft. Suggested list $1,177,000."
Cancelled,$1M–$2M,1578 S Ocean Lane Unit#115,Oceanage,Condo,1273,1395000,1096.0,912.0,20.2,1161000,234000,"Listed 20% over supported value — comparable Oceanage homes sell near $799/sqft. Suggested list $1,161,000."
Expired,$1M–$2M,2200 S Ocean Ln Unit#304,Point Americas,Condo,2011,1395000,694.0,573.0,21.1,1152000,243000,"Listed 21% over supported value — comparable Point Americas homes sell near $541/sqft. Suggested list $1,152,000."
Expired,$1M–$2M,2556 Middle River Dr,Coral Ridge Galt,Single Family,1600,1395000,872.0,681.0,28.0,1090000,305000,"Listed 28% over supported value — comparable Coral Ridge Galt homes sell near $701/sqft. Suggested list $1,090,000."
Expired,$1M–$2M,411 N New River Dr Unit#3505,Las Olas,Condo,1630,1395000,856.0,619.0,38.3,1009000,386000,"Listed 38% over supported value — comparable Las Olas homes sell near $627/sqft. Suggested list $1,009,000."
Cancelled,$1M–$2M,925 NE 6th St,Victoria Park,Townhouse,2239,1395000,623.0,438.0,42.2,981000,414000,"Listed 42% over supported value — comparable Victoria Park homes sell near $590/sqft. Suggested list $981,000."
Cancelled,$1M–$2M,2741 NE 6th Avenue,Tropical Manors,Single Family,1767,1395000,789.0,608.0,29.8,1074000,321000,"Listed 30% over supported value — comparable Tropical Manors homes sell near $588/sqft. Suggested list $1,074,000."
Cancelled,$1M–$2M,624 NW 22nd St,Hillbrook,Single Family,2365,1395000,590.0,476.0,23.9,1126000,269000,"Listed 24% over supported value — comparable Hillbrook homes sell near $452/sqft. Suggested list $1,126,000."
Cancelled,$1M–$2M,1215 NE 11th Ave Unit#B,Lake Ridge,Townhouse,2400,1395000,581.0,452.0,28.5,1085000,310000,"Listed 29% over supported value — comparable Lake Ridge homes sell near $528/sqft. Suggested list $1,085,000."
Cancelled,$1M–$2M,333 Las Olas Way Unit#2406,Las Olas,Condo,1869,1395000,746.0,626.0,19.2,1170000,225000,"Listed 19% over supported value — comparable Las Olas homes sell near $627/sqft. Suggested list $1,170,000."
Cancelled,$1M–$2M,1443 SW 5th Ct,Riverside,Single Family,2085,1395000,669.0,565.0,18.4,1178000,217000,"Listed 18% over supported value — comparable Riverside homes sell near $515/sqft. Suggested list $1,178,000."
Cancelled,$1M–$2M,201 NE 28th Ct,Sunset Manors,Single Family,2058,1390000,675.0,553.0,22.1,1138000,252000,"Listed 22% over supported value — comparable Sunset Manors homes sell near $514/sqft. Suggested list $1,138,000."
Cancelled,$1M–$2M,820 SE 9th St,Rio Vista,Single Family,1683,1390000,826.0,706.0,17.0,1188000,202000,"Listed 17% over supported value — comparable Rio Vista homes sell near $800/sqft. Suggested list $1,188,000."
Expired,$1M–$2M,1617 NE 11th St Unit#1,Progresso,Townhouse,2633,1390000,528.0,401.0,31.7,1056000,334000,"Listed 32% over supported value — comparable Progresso homes sell near $409/sqft. Suggested list $1,056,000."
Expired,$1M–$2M,1101 NE 16th Ter Unit#1,Progresso,Townhouse,3030,1390000,459.0,370.0,24.1,1121000,269000,"Listed 24% over supported value — comparable Progresso homes sell near $409/sqft. Suggested list $1,121,000."
Expired,$1M–$2M,806 NE 16th Avenue,Progresso,Townhouse,2774,1389000,501.0,332.0,50.9,921000,468000,"Listed 51% over supported value — comparable Progresso homes sell near $409/sqft. Suggested list $921,000."
Expired,$1M–$2M,2816 Coral Shores Dr,Coral Shores,Single Family,2001,1388000,694.0,507.0,36.9,1015000,373000,"Listed 37% over supported value — comparable Coral Shores homes sell near $501/sqft. Suggested list $1,015,000."
Expired,$1M–$2M,2725 NE 26th Ave,Coral Ridge Galt,Single Family,1568,1384000,883.0,639.0,38.2,1002000,382000,"Listed 38% over supported value — comparable Coral Ridge Galt homes sell near $701/sqft. Suggested list $1,002,000."
Expired,$1M–$2M,518 NE 13th Ave,Halls,Single Family,1608,1375000,855.0,760.0,12.5,1222000,153000,"Listed 12% over supported value — comparable Halls homes sell near $779/sqft. Suggested list $1,222,000."
Expired,$1M–$2M,310 SW 10th St,Lauderdale,Single Family,1488,1375000,924.0,819.0,12.8,1219000,156000,"Listed 13% over supported value — comparable Lauderdale homes sell near $463/sqft. Suggested list $1,219,000."
Expired,$1M–$2M,450 N Victoria Park Rd,Victoria Park,Single Family,2420,1375000,568.0,512.0,10.9,1239000,136000,"Listed 11% over supported value — comparable Victoria Park homes sell near $590/sqft. Suggested list $1,239,000."
Withdrawn,$1M–$2M,1608 SW 5th Ct,Gill Isles,Single Family,1939,1355000,699.0,584.0,19.7,1132000,223000,"Listed 20% over supported value — comparable Gill Isles homes sell near $538/sqft. Suggested list $1,132,000."
Expired,$1M–$2M,1314 NE 13th Ave Unit#1,Lake Ridge,Townhouse,2400,1350000,562.0,458.0,22.7,1099000,251000,"Listed 23% over supported value — comparable Lake Ridge homes sell near $528/sqft. Suggested list $1,099,000."
Cancelled,$1M–$2M,925 NE 6th Street,Victoria Park,Townhouse,2239,1350000,603.0,438.0,37.7,981000,369000,"Listed 38% over supported value — comparable Victoria Park homes sell near $590/sqft. Suggested list $981,000."
Cancelled,$1M–$2M,1503 NE 2nd St Unit#1503,Victoria Park,Townhouse,2654,1349999,509.0,419.0,21.5,1112000,238000,"Listed 21% over supported value — comparable Victoria Park homes sell near $590/sqft. Suggested list $1,112,000."
Cancelled,$1M–$2M,1226 NE 15 Ave Unit#D,Lake Ridge,Townhouse,2405,1349995,561.0,471.0,19.1,1133000,217000,"Listed 19% over supported value — comparable Lake Ridge homes sell near $528/sqft. Suggested list $1,133,000."
Cancelled,$1M–$2M,1222 NE 15th Ave Unit#0,Lake Ridge,Townhouse,2405,1349995,561.0,471.0,19.1,1133000,217000,"Listed 19% over supported value — comparable Lake Ridge homes sell near $528/sqft. Suggested list $1,133,000."
Cancelled,$1M–$2M,1233 NE 12th Ave Unit#B,Lake Ridge,Townhouse,2400,1349000,562.0,505.0,11.3,1212000,137000,"Listed 11% over supported value — comparable Lake Ridge homes sell near $528/sqft. Suggested list $1,212,000."
Expired,$1M–$2M,2016 NE 24th St,Coral Point,Single Family,1726,1345000,779.0,627.0,24.2,1082000,263000,"Listed 24% over supported value — comparable Coral Point homes sell near $574/sqft. Suggested list $1,082,000."
Expired,$1M–$2M,2600 NE 26th Ave,Coral Ridge Galt,Single Family,1848,1339000,725.0,596.0,21.6,1101000,238000,"Listed 22% over supported value — comparable Coral Ridge Galt homes sell near $701/sqft. Suggested list $1,101,000."
Cancelled,$1M–$2M,411 N New River Drive Unit#1402,Las Olas,Condo,1630,1325000,813.0,679.0,19.7,1107000,218000,"Listed 20% over supported value — comparable Las Olas homes sell near $627/sqft. Suggested list $1,107,000."
Expired,$1M–$2M,333 LAS OLAS WAY Unit#2406,Las Olas,Condo,1869,1325000,709.0,626.0,13.3,1170000,155000,"Listed 13% over supported value — comparable Las Olas homes sell near $627/sqft. Suggested list $1,170,000."
Expired,$1M–$2M,1314 NE 13th Avenue,Lake Ridge,Townhouse,2400,1325000,552.0,460.0,20.0,1104000,221000,"Listed 20% over supported value — comparable Lake Ridge homes sell near $528/sqft. Suggested list $1,104,000."
Expired,$1M–$2M,1314 NE 13th,Lake Ridge,Townhouse,2400,1325000,552.0,460.0,20.0,1104000,221000,"Listed 20% over supported value — comparable Lake Ridge homes sell near $528/sqft. Suggested list $1,104,000."
Expired,$1M–$2M,433 NE 11th Ave,Victoria Park,Single Family,1650,1324000,802.0,664.0,20.8,1096000,228000,"Listed 21% over supported value — comparable Victoria Park homes sell near $590/sqft. Suggested list $1,096,000."
Expired,$1M–$2M,1733 SW 5th Pl,Gill Isles,Single Family,1678,1320000,787.0,655.0,20.2,1099000,221000,"Listed 20% over supported value — comparable Gill Isles homes sell near $538/sqft. Suggested list $1,099,000."
Cancelled,$1M–$2M,1733 SW 5th Pl,Gill Isles,Single Family,1678,1320000,787.0,615.0,28.0,1032000,288000,"Listed 28% over supported value — comparable Gill Isles homes sell near $538/sqft. Suggested list $1,032,000."
Expired,$1M–$2M,2125 NE 17th Ave,Middle River Manor,Single Family,1888,1313131,696.0,497.0,40.0,938000,375000,"Listed 40% over supported value — comparable Middle River Manor homes sell near $619/sqft. Suggested list $938,000."
Expired,$1M–$2M,1233 NE 12 Avenue Unit#A,Progresso,Townhouse,2600,1300000,500.0,442.0,13.1,1149000,151000,"Listed 13% over supported value — comparable Progresso homes sell near $409/sqft. Suggested list $1,149,000."
Cancelled,$1M–$2M,2416 NE 19th Ter,Coral Point,Single Family,1823,1299999,713.0,570.0,25.1,1039000,261000,"Listed 25% over supported value — comparable Coral Point homes sell near $574/sqft. Suggested list $1,039,000."
Expired,$1M–$2M,1314 NE 13th Ave Unit#B,Lake Ridge,Townhouse,2400,1299999,542.0,460.0,17.8,1104000,196000,"Listed 18% over supported value — comparable Lake Ridge homes sell near $528/sqft. Suggested list $1,104,000."
Expired,$1M–$2M,2600 NE 26th Ave,Coral Ridge Galt,Single Family,1848,1299000,703.0,596.0,18.0,1101000,198000,"Listed 18% over supported value — comparable Coral Ridge Galt homes sell near $701/sqft. Suggested list $1,101,000."
Expired,$1M–$2M,2600 NE 26th Ave,Coral Ridge Galt,Single Family,1848,1299000,703.0,596.0,18.0,1101000,198000,"Listed 18% over supported value — comparable Coral Ridge Galt homes sell near $701/sqft. Suggested list $1,101,000."
Cancelled,$1M–$2M,1221 SW 18th St,River Oaks,Single Family,2651,1299000,490.0,375.0,30.7,994000,305000,"Listed 31% over supported value — comparable River Oaks homes sell near $413/sqft. Suggested list $994,000."
Cancelled,$1M–$2M,2016 NE 22nd Street,Coral Point,Single Family,1941,1299000,669.0,462.0,44.8,897000,402000,"Listed 45% over supported value — comparable Coral Point homes sell near $574/sqft. Suggested list $897,000."
Cancelled,$1M–$2M,2748 NW 9th Ln,Jenada Villas,Single Family,1969,1299000,660.0,414.0,59.4,815000,484000,"Listed 59% over supported value — comparable Jenada Villas homes sell near $378/sqft. Suggested list $815,000."
Expired,$1M–$2M,2125 NE 17th Ave,Middle River Manor,Single Family,1888,1297000,687.0,499.0,37.7,942000,355000,"Listed 38% over supported value — comparable Middle River Manor homes sell near $619/sqft. Suggested list $942,000."
Cancelled,$1M–$2M,909 NE 16th Ave,Progresso,Townhouse,2483,1297000,522.0,378.0,38.1,939000,358000,"Listed 38% over supported value — comparable Progresso homes sell near $409/sqft. Suggested list $939,000."
Expired,$1M–$2M,2100 S Ocean Lane Unit#1202,Point Americas,Condo,1879,1295000,689.0,576.0,19.6,1082000,213000,"Listed 20% over supported value — comparable Point Americas homes sell near $541/sqft. Suggested list $1,082,000."
Cancelled,$1M–$2M,333 Las Olas Way Unit#1207,Las Olas,Condo,1522,1295000,851.0,642.0,32.6,977000,318000,"Listed 33% over supported value — comparable Las Olas homes sell near $627/sqft. Suggested list $977,000."
Cancelled,$1M–$2M,1900 NE 16th Terrace,Poinsettia Heights,Single Family,2000,1295000,648.0,482.0,34.4,964000,331000,"Listed 34% over supported value — comparable Poinsettia Heights homes sell near $524/sqft. Suggested list $964,000."
Cancelled,$1M–$2M,1239 NE 12th Ave Unit#A,Lake Ridge,Townhouse,2400,1295000,540.0,467.0,15.6,1121000,174000,"Listed 16% over supported value — comparable Lake Ridge homes sell near $528/sqft. Suggested list $1,121,000."
Cancelled,$1M–$2M,2100 S Ocean Ln Unit#1202,Point Americas,Condo,1879,1295000,689.0,576.0,19.6,1082000,213000,"Listed 20% over supported value — comparable Point Americas homes sell near $541/sqft. Suggested list $1,082,000."
Cancelled,$1M–$2M,1209 NE 11th Ave Unit#A,Lake Ridge,Townhouse,2316,1295000,559.0,469.0,19.2,1086000,209000,"Listed 19% over supported value — comparable Lake Ridge homes sell near $528/sqft. Suggested list $1,086,000."
Cancelled,$1M–$2M,1209 ne 11th ave Unit#2,Lake Ridge,Townhouse,2400,1295000,540.0,467.0,15.6,1121000,174000,"Listed 16% over supported value — comparable Lake Ridge homes sell near $528/sqft. Suggested list $1,121,000."
Cancelled,$1M–$2M,411 N New River Drive Unit#3402,Las Olas,Condo,1630,1295000,794.0,619.0,28.3,1009000,286000,"Listed 28% over supported value — comparable Las Olas homes sell near $627/sqft. Suggested list $1,009,000."
Expired,$1M–$2M,101 S Fort Lauderdale Beach Blvd Unit#706,Las Olas,Condo,1905,1290000,677.0,611.0,10.8,1164000,126000,"Listed 11% over supported value — comparable Las Olas homes sell near $627/sqft. Suggested list $1,164,000."
Expired,$1M–$2M,2506 NE 30th St,Coral Ridge Galt,Single Family,1629,1289900,792.0,664.0,19.3,1082000,208000,"Listed 19% over supported value — comparable Coral Ridge Galt homes sell near $701/sqft. Suggested list $1,082,000."
Expired,$1M–$2M,2201 NE 18th Ave,Middle River Manor,Single Family,1942,1285000,662.0,592.0,11.8,1150000,135000,"Listed 12% over supported value — comparable Middle River Manor homes sell near $619/sqft. Suggested list $1,150,000."
Cancelled,$1M–$2M,1108 NE 4th Street,Victoria Park,Townhouse,2676,1275000,476.0,416.0,14.4,1113000,162000,"Listed 14% over supported value — comparable Victoria Park homes sell near $590/sqft. Suggested list $1,113,000."
Cancelled,$1M–$2M,433 NE 11th Ave,Victoria Park,Single Family,1650,1275000,773.0,664.0,16.4,1096000,179000,"Listed 16% over supported value — comparable Victoria Park homes sell near $590/sqft. Suggested list $1,096,000."
Cancelled,$1M–$2M,1205 Orange Isle,South New River Isles,Single Family,1460,1275000,873.0,680.0,28.4,993000,282000,"Listed 28% over supported value — comparable South New River Isles homes sell near $715/sqft. Suggested list $993,000."
Cancelled,$1M–$2M,347 N New River Dr E Unit#1401,Watergarden,Condo,1615,1275000,789.0,611.0,29.1,987000,288000,"Listed 29% over supported value — comparable Watergarden homes sell near $572/sqft. Suggested list $987,000."
TempOff,$1M–$2M,411 N New River Drive Unit#2905,Las Olas,Condo,1630,1270000,779.0,619.0,25.8,1009000,261000,"Listed 26% over supported value — comparable Las Olas homes sell near $627/sqft. Suggested list $1,009,000."
Expired,$1M–$2M,1239 NE 12th Ave Unit#1,Lake Ridge,Townhouse,2400,1269000,529.0,467.0,13.3,1121000,148000,"Listed 13% over supported value — comparable Lake Ridge homes sell near $528/sqft. Suggested list $1,121,000."
Cancelled,$1M–$2M,1239 ne 12th ave Unit#2,Lake Ridge,Townhouse,2400,1269000,529.0,467.0,13.3,1121000,148000,"Listed 13% over supported value — comparable Lake Ridge homes sell near $528/sqft. Suggested list $1,121,000."
Cancelled,$1M–$2M,1239 NE 12th Ave Unit## 2,Lake Ridge,Townhouse,2320,1269000,547.0,469.0,16.6,1088000,181000,"Listed 17% over supported value — comparable Lake Ridge homes sell near $528/sqft. Suggested list $1,088,000."
Expired,$1M–$2M,1312 Mango Isle,South New River Isles,Single Family,1296,1250000,965.0,668.0,44.5,866000,384000,"Listed 44% over supported value — comparable South New River Isles homes sell near $715/sqft. Suggested list $866,000."
Expired,$1M–$2M,2117 NE 29th St,Coral Shores,Single Family,2000,1250000,625.0,442.0,41.4,884000,366000,"Listed 41% over supported value — comparable Coral Shores homes sell near $501/sqft. Suggested list $884,000."
Expired,$1M–$2M,2506 NE 30th St,Coral Ridge Galt,Single Family,1629,1249900,767.0,664.0,15.5,1082000,168000,"Listed 16% over supported value — comparable Coral Ridge Galt homes sell near $701/sqft. Suggested list $1,082,000."
Expired,$1M–$2M,2200 NE 15th Ter,Edgewater Estates,Single Family,1444,1249000,865.0,751.0,15.2,1084000,165000,"Listed 15% over supported value — comparable Edgewater Estates homes sell near $719/sqft. Suggested list $1,084,000."
Cancelled,$1M–$2M,744 NE 16th Ave,Victoria Park,Single Family,1649,1245000,755.0,620.0,21.8,1022000,223000,"Listed 22% over supported value — comparable Victoria Park homes sell near $590/sqft. Suggested list $1,022,000."
Cancelled,$1M–$2M,643 18th Avenue,Victoria Park,Single Family,1500,1200000,800.0,708.0,13.0,1062000,138000,"Listed 13% over supported value — comparable Victoria Park homes sell near $590/sqft. Suggested list $1,062,000."
Expired,$1M–$2M,904 NE 15th Ave Unit#904,Victoria Park,Townhouse,2240,1200000,536.0,441.0,21.5,988000,212000,"Listed 22% over supported value — comparable Victoria Park homes sell near $590/sqft. Suggested list $988,000."
Expired,$1M–$2M,2125 NE 17th Ave,Middle River Manor,Single Family,1888,1199999,636.0,499.0,27.5,942000,258000,"Listed 27% over supported value — comparable Middle River Manor homes sell near $619/sqft. Suggested list $942,000."
Expired,$1M–$2M,2741 NE 6th Avenue,Tropical Manors,Single Family,1767,1199900,679.0,608.0,11.7,1074000,126000,"Listed 12% over supported value — comparable Tropical Manors homes sell near $588/sqft. Suggested list $1,074,000."
Cancelled,$1M–$2M,1785 NE 15th St,Progresso,Single Family,1830,1199049,655.0,574.0,14.1,1050000,149000,"Listed 14% over supported value — comparable Progresso homes sell near $409/sqft. Suggested list $1,050,000."
Expired,$1M–$2M,2748 NW 9th Ln,Jenada Villas,Single Family,1969,1199000,609.0,414.0,47.1,815000,384000,"Listed 47% over supported value — comparable Jenada Villas homes sell near $378/sqft. Suggested list $815,000."
Expired,$1M–$2M,1052 N Victoria Park Road,Lake Ridge,Townhouse,2074,1199000,578.0,518.0,11.6,1074000,125000,"Listed 12% over supported value — comparable Lake Ridge homes sell near $528/sqft. Suggested list $1,074,000."
Expired,$1M–$2M,1807 NE 8th St,Progresso,Single Family,2079,1199000,577.0,431.0,33.9,896000,303000,"Listed 34% over supported value — comparable Progresso homes sell near $409/sqft. Suggested list $896,000."
Expired,$1M–$2M,615 NE 13th Ave,Victoria Park,Single Family,1752,1199000,684.0,589.0,16.1,1032000,167000,"Listed 16% over supported value — comparable Victoria Park homes sell near $590/sqft. Suggested list $1,032,000."
Cancelled,$1M–$2M,2935 NE 21st Terrace,Coral Shores,Single Family,2075,1195000,576.0,476.0,21.0,988000,207000,"Listed 21% over supported value — comparable Coral Shores homes sell near $501/sqft. Suggested list $988,000."
Expired,$1M–$2M,347 N New River Dr E Unit#1904,Watergarden,Condo,1469,1195000,813.0,607.0,33.9,892000,303000,"Listed 34% over supported value — comparable Watergarden homes sell near $572/sqft. Suggested list $892,000."
Cancelled,$1M–$2M,100 E Las Olas Boulevard Unit#1802,Las Olas,Condo,1501,1195000,796.0,595.0,33.8,893000,302000,"Listed 34% over supported value — comparable Las Olas homes sell near $627/sqft. Suggested list $893,000."
Expired,$1M–$2M,1616 NE 17th Ave,Progresso,Single Family,2055,1195000,582.0,482.0,20.7,991000,204000,"Listed 21% over supported value — comparable Progresso homes sell near $409/sqft. Suggested list $991,000."
Expired,$1M–$2M,2100 S Ocean Ln Unit#805,Point Americas,Condo,1880,1195000,636.0,574.0,10.8,1079000,116000,"Listed 11% over supported value — comparable Point Americas homes sell near $541/sqft. Suggested list $1,079,000."
Expired,$1M–$2M,617 N Victoria Park Rd,Victoria Park,Single Family,1350,1189000,881.0,556.0,58.5,751000,438000,"Listed 58% over supported value — comparable Victoria Park homes sell near $590/sqft. Suggested list $751,000."
Expired,$1M–$2M,1208 Guava Isle,South New River Isles,Single Family,1182,1185000,1003.0,693.0,44.7,819000,366000,"Listed 45% over supported value — comparable South New River Isles homes sell near $715/sqft. Suggested list $819,000."
Cancelled,$1M–$2M,2100 S Ocean Ln Unit#1502,Point Americas,Condo,1789,1175000,657.0,577.0,13.9,1032000,143000,"Listed 14% over supported value — comparable Point Americas homes sell near $541/sqft. Suggested list $1,032,000."
Expired,$1M–$2M,1205 Avocado Isle,South New River Isles,Single Family,1404,1175000,837.0,666.0,25.7,935000,240000,"Listed 26% over supported value — comparable South New River Isles homes sell near $715/sqft. Suggested list $935,000."
Expired,$1M–$2M,425 NE 29th St,Tropical Manors,Single Family,1446,1174000,812.0,723.0,12.3,1045000,129000,"Listed 12% over supported value — comparable Tropical Manors homes sell near $588/sqft. Suggested list $1,045,000."
Cancelled,$1M–$2M,1724 SW 5th St,Gill Isles,Single Family,1197,1150000,961.0,682.0,40.9,816000,334000,"Listed 41% over supported value — comparable Gill Isles homes sell near $538/sqft. Suggested list $816,000."
Expired,$1M–$2M,833 NE 17th Ct,Lauderdale Park,Single Family,1636,1150000,703.0,483.0,45.5,790000,360000,"Listed 46% over supported value — comparable Lauderdale Park homes sell near $459/sqft. Suggested list $790,000."
Expired,$1M–$2M,1900 NE 16 Terrace,Poinsettia Heights,Single Family,2000,1150000,575.0,482.0,19.3,964000,186000,"Listed 19% over supported value — comparable Poinsettia Heights homes sell near $524/sqft. Suggested list $964,000."
Expired,$1M–$2M,1625 SW 5th Ct,Gill Isles,Single Family,1521,1150000,756.0,602.0,25.6,916000,234000,"Listed 26% over supported value — comparable Gill Isles homes sell near $538/sqft. Suggested list $916,000."
Cancelled,$1M–$2M,1724 SW 5th St,Gill Isles,Single Family,1516,1150000,759.0,662.0,14.7,1004000,146000,"Listed 15% over supported value — comparable Gill Isles homes sell near $538/sqft. Suggested list $1,004,000."
Cancelled,$1M–$2M,1704 SW 4th Court,Gill Isles,Single Family,1462,1150000,787.0,605.0,30.1,885000,265000,"Listed 30% over supported value — comparable Gill Isles homes sell near $538/sqft. Suggested list $885,000."
Cancelled,$1M–$2M,1610 NE 1st St Unit#6,Victoria Park,Townhouse,2266,1150000,508.0,374.0,35.8,847000,303000,"Listed 36% over supported value — comparable Victoria Park homes sell near $590/sqft. Suggested list $847,000."
Withdrawn,$1M–$2M,1616 NE 17th Avenue,Progresso,Single Family,2080,1149000,552.0,434.0,27.2,903000,246000,"Listed 27% over supported value — comparable Progresso homes sell near $409/sqft. Suggested list $903,000."
Cancelled,$1M–$2M,540 NE 11th Ave,Victoria Park,Single Family,1412,1135000,804.0,625.0,28.6,882000,253000,"Listed 29% over supported value — comparable Victoria Park homes sell near $590/sqft. Suggested list $882,000."
Cancelled,$1M–$2M,1709 SW 5th Pl,Gill Isles,Single Family,1433,1125000,785.0,617.0,27.2,884000,241000,"Listed 27% over supported value — comparable Gill Isles homes sell near $538/sqft. Suggested list $884,000."
Cancelled,$1M–$2M,707 SE 11th Ct,Rio Vista,Single Family,1196,1100000,920.0,641.0,43.5,767000,333000,"Listed 44% over supported value — comparable Rio Vista homes sell near $800/sqft. Suggested list $767,000."
Expired,$1M–$2M,1616 NE 16th Avenue,Progresso,Single Family,2082,1100000,528.0,450.0,17.3,937000,163000,"Listed 17% over supported value — comparable Progresso homes sell near $409/sqft. Suggested list $937,000."
Expired,$1M–$2M,333 Las Olas Way Unit#1407,Las Olas,Condo,1522,1100000,723.0,642.0,12.6,977000,123000,"Listed 13% over supported value — comparable Las Olas homes sell near $627/sqft. Suggested list $977,000."
Expired,$1M–$2M,604 SW 11th Ct,Croissant Park,Single Family,1180,1100000,932.0,586.0,59.0,691000,409000,"Listed 59% over supported value — comparable Croissant Park homes sell near $484/sqft. Suggested list $691,000."
Cancelled,$1M–$2M,1625 SW 5th Court,Gill Isles,Single Family,1521,1099999,723.0,602.0,20.1,916000,184000,"Listed 20% over supported value — comparable Gill Isles homes sell near $538/sqft. Suggested list $916,000."
Cancelled,$1M–$2M,2016 NE 22nd St,Coral Point,Single Family,1941,1099900,567.0,462.0,22.7,897000,203000,"Listed 23% over supported value — comparable Coral Point homes sell near $574/sqft. Suggested list $897,000."
Expired,$1M–$2M,2016 NE 22nd Street,Coral Point,Single Family,1941,1099900,567.0,462.0,22.7,897000,203000,"Listed 23% over supported value — comparable Coral Point homes sell near $574/sqft. Suggested list $897,000."
Expired,$1M–$2M,100 E Las Olas Boulevard Unit#1802,Las Olas,Condo,1404,1095000,780.0,600.0,30.0,842000,253000,"Listed 30% over supported value — comparable Las Olas homes sell near $627/sqft. Suggested list $842,000."
Cancelled,$1M–$2M,801 SE 7th St,Rio Vista,Single Family,1100,1095000,995.0,655.0,51.9,720000,375000,"Listed 52% over supported value — comparable Rio Vista homes sell near $800/sqft. Suggested list $720,000."
Cancelled,$1M–$2M,610 SW 10th St Unit#610,Croissant Park,Townhouse,2675,1080000,404.0,310.0,30.3,829000,251000,"Listed 30% over supported value — comparable Croissant Park homes sell near $484/sqft. Suggested list $829,000."
Expired,$1M–$2M,2801 NE 1st Ave,Sunset Manors,Single Family,1684,1079000,641.0,533.0,20.3,898000,181000,"Listed 20% over supported value — comparable Sunset Manors homes sell near $514/sqft. Suggested list $898,000."
Cancelled,$1M–$2M,600 W Las Olas Blvd Unit#1901S,Symphony,Condo,1782,1069000,600.0,503.0,19.3,896000,173000,"Listed 19% over supported value — comparable Symphony homes sell near $508/sqft. Suggested list $896,000."
Cancelled,$1M–$2M,347 N New River Drive Unit#1104,Watergarden,Condo,1469,1067000,726.0,607.0,19.6,892000,175000,"Listed 20% over supported value — comparable Watergarden homes sell near $572/sqft. Suggested list $892,000."
Expired,$1M–$2M,610 W Las olas Blvd Unit#1617,Symphony,Condo,1678,1050000,626.0,507.0,23.5,851000,199000,"Listed 23% over supported value — comparable Symphony homes sell near $508/sqft. Suggested list $851,000."
Cancelled,$1M–$2M,1120 NE 2nd Ave,Progresso,Single Family,2120,1050000,495.0,413.0,19.9,876000,174000,"Listed 20% over supported value — comparable Progresso homes sell near $409/sqft. Suggested list $876,000."
Expired,$1M–$2M,1733 SW 5th Court,Gill Isles,Single Family,1465,1050000,717.0,552.0,29.9,809000,241000,"Listed 30% over supported value — comparable Gill Isles homes sell near $538/sqft. Suggested list $809,000."
Cancelled,$1M–$2M,2217 NE 20th Ave,Coral Point,Single Family,1678,1049000,625.0,551.0,13.4,925000,124000,"Listed 13% over supported value — comparable Coral Point homes sell near $574/sqft. Suggested list $925,000."
Expired,$1M–$2M,1698 S Ocean Ln Unit#171,Oceanage,Condo,1264,1049000,830.0,706.0,17.6,892000,157000,"Listed 18% over supported value — comparable Oceanage homes sell near $799/sqft. Suggested list $892,000."
Cancelled,$1M–$2M,604 SW 11th Ct,Croissant Park,Single Family,1180,1049000,889.0,586.0,51.7,691000,358000,"Listed 52% over supported value — comparable Croissant Park homes sell near $484/sqft. Suggested list $691,000."
Cancelled,$1M–$2M,1009 Mango Isle,South New River Isles,Single Family,1168,1030000,882.0,650.0,35.7,759000,271000,"Listed 36% over supported value — comparable South New River Isles homes sell near $715/sqft. Suggested list $759,000."
Cancelled,$1M–$2M,1009 Mango Isle,South New River Isles,Single Family,1168,1030000,882.0,650.0,35.7,759000,271000,"Listed 36% over supported value — comparable South New River Isles homes sell near $715/sqft. Suggested list $759,000."
Cancelled,$1M–$2M,1631 NE 9th St,Progresso,Townhouse,1913,1025000,536.0,338.0,58.6,647000,378000,"Listed 59% over supported value — comparable Progresso homes sell near $409/sqft. Suggested list $647,000."
