status,address,street,neighborhood,geo_type,ptype,sqft,waterfront,list_price,ask_ppsf,street_value_ppsf,street_comps,gap_vs_street,flag
Active,505 N Fort Lauderdale Beach Boulevard Unit##221,N Fort Lauderdale Beach Blvd,Club Resort Residences,Barrier island / beach,Condo,978.0,True,250000.0,256.0,1466.0,78,-82.5,Underpriced
Active,505 N Fort Lauderdale Beach Boulevard Unit#1207,N Fort Lauderdale Beach Blvd,Club Resort Residences,Barrier island / beach,Condo,584.0,True,179000.0,307.0,1515.0,78,-79.7,Underpriced
Active,505 N Fort Lauderdale Beach Boulevard Unit#713,N Fort Lauderdale Beach Blvd,Club Resort Residences,Barrier island / beach,Condo,868.0,True,265000.0,305.0,1488.0,78,-79.5,Underpriced
Active,505 N Fort Lauderdale Beach Boulevard Unit##1708,N Fort Lauderdale Beach Blvd,Club Resort Residences,Barrier island / beach,Condo,533.0,True,179900.0,338.0,1539.0,78,-78.0,Underpriced
Active,333 Sunset Dr Unit#502,Sunset Dr,Four Seasons,Intracoastal / canal waterfront,Condo,1982.0,True,499000.0,252.0,1085.0,26,-76.8,Underpriced
Active,333 Sunset Drive Unit#503,Sunset Dr,Four Seasons,Intracoastal / canal waterfront,Condo,1630.0,True,460000.0,282.0,1116.0,26,-74.7,Underpriced
Active,505 N Fort Lauderdale Beach Boulevard Unit#1103,N Fort Lauderdale Beach Blvd,Club Resort Residences,Barrier island / beach,Condo,584.0,True,229500.0,393.0,1515.0,78,-74.1,Underpriced
Active,505 N Fort Lauderdale Beach Boulevard Unit#1403,N Fort Lauderdale Beach Blvd,Club Resort Residences,Barrier island / beach,Condo,584.0,True,238500.0,408.0,1546.0,78,-73.6,Underpriced
Active,505 N Fort Lauderdale Beach Boulevard Unit#2214,N Fort Lauderdale Beach Blvd,Club Resort Residences,Barrier island / beach,Condo,662.0,True,269000.0,406.0,1493.0,78,-72.8,Underpriced
Active,601 N Fort Lauderdale Beach Blvd Unit#713,N Fort Lauderdale Beach Blvd,Atlantic Hotel,Barrier island / beach,Condo,990.0,True,385000.0,389.0,1413.0,78,-72.5,Underpriced
Active,505 N Fort Lauderdale Beach Boulevard Unit#915,N Fort Lauderdale Beach Blvd,Club Resort Residences,Barrier island / beach,Condo,533.0,True,229500.0,431.0,1564.0,78,-72.4,Underpriced
Active,333 Sunset Drive Unit#105,Sunset Dr,Four Seasons,Intracoastal / canal waterfront,Condo,1700.0,True,519000.0,305.0,1075.0,26,-71.6,Underpriced
Active,505 N Fort Lauderdale Beach Boulevard Unit#818,N Fort Lauderdale Beach Blvd,Club Resort Residences,Barrier island / beach,Condo,1028.0,True,449000.0,437.0,1504.0,78,-70.9,Underpriced
Active,505 N Fort Lauderdale Beach Blvd Unit#2103,N Fort Lauderdale Beach Blvd,Club Resort Residence Beach House Hilton,Barrier island / beach,Condo,584.0,True,265000.0,454.0,1515.0,78,-70.0,Underpriced
Active,505 N Fort Lauderdale Beach Blvd Unit#2412,N Fort Lauderdale Beach Blvd,Club Resort Residence Beach House Hilton,Barrier island / beach,Condo,533.0,True,245000.0,460.0,1533.0,78,-70.0,Underpriced
Active,505 N Fort Lauderdale Beach Boulevard Unit#2101,N Fort Lauderdale Beach Blvd,Club Resort Residences,Barrier island / beach,Condo,1308.0,True,588999.0,450.0,1430.0,78,-68.5,Underpriced
Active,723 NW 15th Ter,NW 15th Ter,Carver Park,Mainland inland,Single Family,1408.0,False,319900.0,227.0,715.0,7,-68.3,Underpriced
Active,505 N Fort Lauderdale Beach Blvd Unit#2205,N Fort Lauderdale Beach Blvd,Club Resort Residence Club,Barrier island / beach,Condo,906.0,False,329000.0,363.0,1122.0,78,-67.6,Underpriced
Active,551 N Fort Lauderdale Beach Boulevard Unit#H803,N Fort Lauderdale Beach Blvd,Ocean Resort Residences,Barrier island / beach,Condo,730.0,True,449000.0,615.0,1839.0,78,-66.6,Underpriced
Active,505 N Fort Lauderdale Beach Blvd Unit#2501,N Fort Lauderdale Beach Blvd,Club Resort Residence Hilton,Barrier island / beach,Condo,1308.0,True,625000.0,478.0,1430.0,78,-66.6,Underpriced
Active,2701 N Ocean Boulevard Unit#2f,N Ocean Blvd,Embassy Tower Inc,Barrier island / beach,Condo,900.0,False,235000.0,261.0,771.0,147,-66.1,Underpriced
Active,505 N Fort Lauderdale Beach Boulevard Unit#605,N Fort Lauderdale Beach Blvd,Club Resort Residences,Barrier island / beach,Condo,906.0,False,345000.0,381.0,1122.0,78,-66.0,Underpriced
Active,505 N Fort Lauderdale Beach Boulevard Unit#2314,N Fort Lauderdale Beach Blvd,Club Resort Residences,Barrier island / beach,Condo,380.0,True,215000.0,566.0,1630.0,78,-65.3,Underpriced
Active,601 N Fort Lauderdale Beach Blvd Unit#712,N Fort Lauderdale Beach Blvd,Atlantic Hotel,Barrier island / beach,Condo,990.0,True,499000.0,504.0,1413.0,78,-64.3,Underpriced
Active,1160 N Federal Highway Unit#1017,N Federal Highway,East Point Towers Condomin,Intracoastal / canal waterfront,Condo,1005.0,True,185000.0,184.0,516.0,21,-64.3,Underpriced
Active,1151 N Fort Lauderdale Beach Boulevard Unit#3c,N Fort Lauderdale Beach Blvd,Park Tower,Barrier island / beach,Condo,1700.0,True,749000.0,441.0,1204.0,78,-63.4,Underpriced
Active,505 N Fort Lauderdale Beach Boulevard Unit#2018,N Fort Lauderdale Beach Blvd,Club Resort Residences,Barrier island / beach,Condo,1028.0,True,579999.0,564.0,1504.0,78,-62.5,Underpriced
Active,209 N Fort Lauderdale Beach Blvd Unit#7F,N Fort Lauderdale Beach Blvd,Seasons,Barrier island / beach,Condo,710.0,True,389900.0,549.0,1444.0,78,-62.0,Underpriced
Active,333 Sunset Drive Unit#908,Sunset Dr,Four Seasons,Intracoastal / canal waterfront,Condo,1952.0,True,820000.0,420.0,1070.0,26,-60.7,Underpriced
Active,701 N Fort Lauderdale Beach Boulevard Unit#805,N Fort Lauderdale Beach Blvd,Paramount,Barrier island / beach,Condo,2419.0,True,2375000.0,982.0,2490.0,78,-60.6,Underpriced
Pending,1708 NW 15th St,NW 15th St,Lauderdale Manors,Mainland inland,Single Family,1248.0,False,155000.0,124.0,308.0,6,-59.7,Underpriced
Active,2715 N Ocean Blvd Unit#2E,N Ocean Blvd,Embassy Tower Ii Inc Cond Embassy Tower,Barrier island / beach,Condo,1200.0,False,345000.0,288.0,711.0,147,-59.5,Underpriced
Active,701 N Fort Lauderdale Beach Blvd Unit#TH3,N Fort Lauderdale Beach Blvd,Paramount Ft Lauderdale Paramount,Intracoastal / canal waterfront,Townhouse,2408.0,True,1749000.0,726.0,1773.0,78,-59.1,Underpriced
Active,404 NW 18th Ave,NW 18th Ave,Dorsey Park Third,Mainland inland,Single Family,1432.0,False,439000.0,307.0,747.0,9,-58.9,Underpriced
Active,505 N Fort Lauderdale Beach Boulevard Unit#2509,N Fort Lauderdale Beach Blvd,Club Resort Residences,Barrier island / beach,Condo,584.0,False,279000.0,478.0,1151.0,78,-58.5,Underpriced
Active,333 Sunset Drive Unit#Apt 1008,Sunset Dr,Four Seasons,Intracoastal / canal waterfront,Condo,1770.0,True,820000.0,463.0,1105.0,26,-58.1,Underpriced
Pending,333 Sunset Drive Unit#208,Sunset Dr,Four Seasons,Intracoastal / canal waterfront,Condo,1770.0,True,849000.0,480.0,1118.0,26,-57.1,Underpriced
Pending,3000 N Ocean Blvd Unit#303,N Ocean Blvd,East Shore,Barrier island / beach,Condo,598.0,False,210000.0,351.0,814.0,147,-56.9,Underpriced
Pending,2840 N Ocean Boulevard Unit#403,N Ocean Blvd,Sea Tower,Barrier island / beach,Condo,769.0,True,299000.0,389.0,902.0,147,-56.9,Underpriced
Active,518 NW 13th Ave,NW 13th Ave,First To Tuskegee Par,Mainland inland,Single Family,752.0,False,289000.0,384.0,883.0,4,-56.5,Underpriced
Pending,3015 N Ocean Blvd Unit#4L,N Ocean Blvd,Berkley South,Barrier island / beach,Condo,1328.0,False,289000.0,218.0,496.0,147,-56.0,Underpriced
Pending,2724 N Ocean Boulevard,N Ocean Blvd,Lauderdale Beach,Barrier island / beach,Single Family,2499.0,False,1999999.0,800.0,1805.0,147,-55.7,Underpriced
Active,333 Sunset Drive Unit#708,Sunset Dr,Four Seasons,Intracoastal / canal waterfront,Condo,1770.0,True,895000.0,506.0,1140.0,26,-55.6,Underpriced
Pending,2420 SE 17th Street Unit#207c,SE 17th St,Village Harbor Beach Co,Barrier island / beach,Condo,900.0,False,175000.0,194.0,429.0,14,-54.8,Underpriced
Active,1319 NE 13th Ave,NE 13th Ave,Holiday Heights,Mainland inland,Single Family,2496.0,False,1395000.0,559.0,1230.0,15,-54.6,Underpriced
Active,525 N Fort Lauderdale Beach Boulevard Unit#1204,N Fort Lauderdale Beach Blvd,Four Seasons,Barrier island / beach,Condo,2069.0,True,3500000.0,1692.0,3645.0,78,-53.6,Underpriced
Active,2100 S Ocean Dr Unit#5CD,S Ocean Dr,Sky Harbour East,Finger-isle waterfront,Condo,2161.0,True,599000.0,277.0,595.0,49,-53.4,Underpriced
Active,3015 N Ocean Blvd Unit#6A,N Ocean Blvd,Berkley South,Mainland inland,Condo,1328.0,False,309000.0,233.0,496.0,147,-53.0,Underpriced
Active,3015 N Ocean Boulevard Unit#3d,N Ocean Blvd,Berkley South,Barrier island / beach,Condo,995.0,False,239900.0,241.0,509.0,147,-52.7,Underpriced
Active,2929 SW 18th terrace,SW 18th Ter,Edgewood,Mainland inland,Single Family,2191.0,False,479000.0,219.0,461.0,20,-52.5,Underpriced
Active,551 N Fort Lauderdale Beach Blvd Unit#H1212,N Fort Lauderdale Beach Blvd,Flb Condominium Hotel Ocean Resort,Barrier island / beach,Condo,579.0,True,439000.0,758.0,1595.0,78,-52.5,Underpriced
Active,3015 N Ocean Blvd Unit#3J,N Ocean Blvd,Berkley South,Barrier island / beach,Condo,1144.0,False,279500.0,244.0,506.0,147,-51.8,Underpriced
Active,701 N Fort Lauderdale Beach Boulevard Unit#1103,N Fort Lauderdale Beach Blvd,Paramount,Barrier island / beach,Condo,1751.0,True,2099000.0,1199.0,2481.0,78,-51.7,Underpriced
Active,1920 S Ocean Drive Unit#306,S Ocean Dr,Atlantic Towers Co Op,Barrier island / beach,Condo,1329.0,False,314900.0,237.0,490.0,49,-51.6,Underpriced
Pending,609 NE 13th Ave Unit#301,NE 13th Ave,Park Place,Mainland inland,Condo,830.0,False,175000.0,211.0,436.0,15,-51.6,Underpriced
Pending,2000 S Ocean Drive Unit#510,S Ocean Dr,Everglades House,Barrier island / beach,Condo,2650.0,True,775000.0,292.0,601.0,49,-51.4,Underpriced
Active,525 N Fort Lauderdale Beach Blvd Unit#1707,N Fort Lauderdale Beach Blvd,Four Seasons,Barrier island / beach,Condo,1458.0,True,2600000.0,1783.0,3656.0,78,-51.2,Underpriced
Active,2001 N Ocean Boulevard Unit#605,N Ocean Blvd,Vue Association,Barrier island / beach,Condo,1382.0,True,749000.0,542.0,1108.0,147,-51.1,Underpriced
Active,551 N Fort Lauderdale Beach Boulevard Unit#H1603,N Fort Lauderdale Beach Blvd,Flb Condominium Hotel,Barrier island / beach,Condo,731.0,True,549900.0,752.0,1537.0,78,-51.1,Underpriced
Active,2841 N Ocean Boulevard Unit#603,N Ocean Blvd,Vantage View,Barrier island / beach,Condo,1100.0,False,369000.0,335.0,682.0,147,-50.9,Underpriced
Active,507 NW 8th Ave #1,NW 8th Ave,North Lauderdale,Mainland inland,Single Family,1205.0,False,569900.0,473.0,963.0,8,-50.9,Underpriced
Pending,625 Antioch Avenue Unit#110,Antioch Ave,Harwick House Inc,Barrier island / beach,Condo,670.0,False,150000.0,224.0,455.0,6,-50.8,Underpriced
Active,1901 N Ocean Blvd Unit#4D,N Ocean Blvd,Shore Club,Barrier island / beach,Condo,1500.0,True,683000.0,455.0,921.0,147,-50.6,Underpriced
Active,507 NW 8th Ave  #2,NW 8th Ave,North Lauderdale,Mainland inland,Single Family,1196.0,False,569900.0,477.0,964.0,8,-50.5,Underpriced
Active,2029 N Ocean Blvd Unit#106,N Ocean Blvd,Tradewinds By Sea Con,Barrier island / beach,Condo,1350.0,False,498900.0,370.0,743.0,147,-50.2,Underpriced
Active,333 Sunset Drive Unit#404,Sunset Dr,Four Seasons,Mainland inland,Condo,1402.0,False,584900.0,417.0,836.0,26,-50.1,Underpriced
Pending,2701 N Ocean Boulevard Unit#7A,N Ocean Blvd,Embassy Tower,Barrier island / beach,Condo,1200.0,False,424900.0,354.0,709.0,147,-50.1,Underpriced
Active,701 NW 19th Street Unit#500,NW 19th St,Tennis Club Ii Courts Cond,Mainland inland,Condo,968.0,False,135000.0,139.0,278.0,7,-50.0,Underpriced
Active,1920 S Ocean Drive Unit#511,S Ocean Dr,Atlantic Towers Co Op,Barrier island / beach,Condo,1293.0,False,299000.0,231.0,461.0,49,-49.9,Underpriced
Active,525 N Fort Lauderdale Beach Blvd Unit#1705,N Fort Lauderdale Beach Blvd,Four Seasons,Barrier island / beach,Condo,1948.0,True,3500000.0,1797.0,3572.0,78,-49.7,Underpriced
Active,2715 N Ocean Boulevard Unit#7d,N Ocean Blvd,Embassy Towers,Barrier island / beach,Condo,1200.0,False,429000.0,358.0,711.0,147,-49.6,Underpriced
Active,345 N Fort Lauderdale Beach Blvd Unit#202,N Fort Lauderdale Beach Blvd,Spring Tide Apts Co Op Spring Tide,Barrier island / beach,Condo,795.0,True,495000.0,623.0,1233.0,78,-49.5,Underpriced
Pending,1325 NE 16th Ter,NE 16th Ter,Lakeridge Poinsettiaheight,Mainland inland,Single Family,3430.0,False,2500000.0,729.0,1424.0,30,-48.8,Underpriced
Active,1905 N Ocean Blvd Unit#8E,N Ocean Blvd,Shore Club,Barrier island / beach,Condo,1500.0,True,709000.0,473.0,924.0,147,-48.8,Underpriced
Active,551 N Fort Lauderdale Beach Blvd Unit#H1007,N Fort Lauderdale Beach Blvd,Flb Condominium Hotel,Barrier island / beach,Condo,579.0,True,455000.0,786.0,1533.0,78,-48.7,Underpriced
Active,1900 S Ocean Drive Unit#702,S Ocean Dr,Breakwater Towers Co Op,Barrier island / beach,Condo,1036.0,False,259500.0,250.0,485.0,49,-48.5,Underpriced
Active,1015 SE 15th Street Unit#6d,SE 15th St,Cliff Lake Villas,Intracoastal / canal waterfront,Condo,800.0,True,184900.0,231.0,446.0,45,-48.2,Underpriced
Active,551 N Fort Lauderdale Beach Boulevard Unit#R1902,N Fort Lauderdale Beach Blvd,Ocean Resort Residences,Barrier island / beach,Condo,1590.0,True,1500000.0,943.0,1821.0,78,-48.2,Underpriced
Active,2100 S Ocean Drive Unit#7-cd,S Ocean Dr,Sky Harbour East,Finger-isle waterfront,Condo,2161.0,True,670000.0,310.0,597.0,49,-48.1,Underpriced
Active,2715 N Ocean Boulevard Unit#17f,N Ocean Blvd,Embassy Tower Ii,Barrier island / beach,Condo,900.0,True,439900.0,489.0,931.0,147,-47.5,Underpriced
Active,209 N Fort Lauderdale Beach Blvd Unit#6B,N Fort Lauderdale Beach Blvd,Seasons,Barrier island / beach,Condo,1450.0,True,990000.0,683.0,1299.0,78,-47.4,Underpriced
Pending,2029 N Ocean Boulevard Unit#209,N Ocean Blvd,Tradewinds By Sea Cond,Barrier island / beach,Condo,1100.0,False,427000.0,388.0,737.0,147,-47.4,Underpriced
Active,1809 NW 8th Pl,NW 8th Pl,Lauderdale Homesites Firs,Mainland inland,Single Family,850.0,False,350000.0,412.0,779.0,0,-47.1,Underpriced
Active,2100 S Ocean Dr Unit#3CD,S Ocean Dr,Sky Harbour East,Finger-isle waterfront,Condo,2161.0,True,684900.0,317.0,597.0,49,-46.9,Underpriced
Active,1900 S Ocean Drive Unit#503,S Ocean Dr,Breakwater Towers Co Op,Barrier island / beach,Condo,805.0,False,225000.0,280.0,526.0,49,-46.8,Underpriced
Active,3000 N Ocean Blvd Unit#407,N Ocean Blvd,East Shore,Barrier island / beach,Condo,621.0,False,259900.0,419.0,785.0,147,-46.6,Underpriced
Active,2029 N Ocean Boulevard Unit#505,N Ocean Blvd,Tradewinds By Sea Cond,Barrier island / beach,Condo,1100.0,False,475000.0,432.0,808.0,147,-46.5,Underpriced
Pending,205 NE 16th Ter,NE 16th Ter,Victoria Park,Mainland inland,Single Family,2191.0,False,950000.0,434.0,810.0,30,-46.4,Underpriced
Pending,2900 NE 30th Street Unit#5a,NE 30th St,Lauderdale Tower,Intracoastal / canal waterfront,Condo,730.0,True,172000.0,236.0,439.0,33,-46.2,Underpriced
Pending,810 SW 10th Terrace,SW 10th Ter,Almeda,Mainland inland,Single Family,2090.0,False,550000.0,263.0,488.0,0,-46.1,Underpriced
Pending,1001 NW 13th Ct,NW 13th Ct,Lauderdale Manors,Mainland inland,Single Family,1318.0,False,232000.0,176.0,326.0,5,-46.0,Underpriced
Pending,1905 N Ocean Blvd Unit#4F,N Ocean Blvd,Shore Club,Barrier island / beach,Condo,1500.0,True,749900.0,500.0,921.0,147,-45.7,Underpriced
Active,2841 N Ocean Boulevard Unit#802,N Ocean Blvd,Vantage View,Barrier island / beach,Condo,1100.0,False,409000.0,372.0,682.0,147,-45.5,Underpriced
Active,505 N Fort Lauderdale Beach Boulevard Unit#2500,N Fort Lauderdale Beach Blvd,Club Resort Residences,Barrier island / beach,Condo,2740.0,True,2100000.0,766.0,1406.0,78,-45.5,Underpriced
Active,2001 N Ocean Boulevard Unit#304,N Ocean Blvd,Vue,Barrier island / beach,Condo,1267.0,False,599000.0,473.0,866.0,147,-45.4,Underpriced
Active,1045 SE 15th Street Unit#13d,SE 15th St,Cliff Lake Villas Co Op,Mainland inland,Condo,800.0,False,135000.0,169.0,309.0,45,-45.3,Underpriced
Active,4047 NW 16 Unit#403,NW 16,Majestic Gardens Condomini Majestic Gardens Condomin,Mainland inland,Condo,760.0,False,105000.0,138.0,252.0,0,-45.2,Underpriced
Active,1531 SE 15th Street Unit#7,SE 15th St,Quarterdeck Condominium,Intracoastal / canal waterfront,Condo,1008.0,True,254000.0,252.0,460.0,45,-45.2,Underpriced
Active,720 Bayshore Dr Unit#301,Bayshore Dr,Nautical Towers,Barrier island / beach,Condo,1473.0,False,399500.0,271.0,494.0,83,-45.1,Underpriced
Active,1900 S Ocean Dr Unit#1704,S Ocean Dr,Breakwater Towers Co Op Breakwater Towers,Barrier island / beach,Condo,805.0,True,280000.0,348.0,632.0,49,-44.9,Underpriced
Active,1900 S Ocean Drive Unit#812,S Ocean Dr,Breakwater Towers Co Op Breakwater Towers,Barrier island / beach,Condo,1293.0,False,365000.0,282.0,507.0,49,-44.4,Underpriced
Pending,417 SW 15th St,SW 15th St,Lauderdale,Mainland inland,Single Family,3050.0,False,1295000.0,425.0,764.0,0,-44.4,Underpriced
Active,525 N Fort Lauderdale Beach Blvd Unit#802,N Fort Lauderdale Beach Blvd,Four Seasons,Barrier island / beach,Condo,2237.0,True,4495000.0,2009.0,3610.0,78,-44.3,Underpriced
Active,1813 N Fort Lauderdale Beach Boulevard,N Fort Lauderdale Beach Blvd,Birch Park Finger Estates,Barrier island / beach,Single Family,4619.0,True,9495000.0,2056.0,3685.0,78,-44.2,Underpriced
Active,2424 SE 17th Cswy Unit#111B,SE 17th Cswy,Village Harbor Beach,Barrier island / beach,Condo,685.0,False,165000.0,241.0,431.0,0,-44.1,Underpriced
Active,2840 N Ocean Boulevard Unit#308,N Ocean Blvd,Sea Tower,Barrier island / beach,Condo,769.0,True,389000.0,506.0,902.0,147,-43.9,Underpriced
Active,630 SE 15th St Unit#3,SE 15th St,Everglades Land Sales Co Harbor Vista Townhome,Mainland inland,Townhouse,1826.0,False,675000.0,370.0,660.0,45,-43.9,Underpriced
Active,3044 NE 15th Terrace,NE 15th Ter,Coral Brook,Intracoastal / canal waterfront,Single Family,2485.0,True,949000.0,382.0,679.0,7,-43.7,Underpriced
Pending,2815 NE 33rd Avenue Unit#106,NE 33rd Ave,Lauderdale Beach Surf Apts,Barrier island / beach,Condo,800.0,True,249000.0,311.0,552.0,26,-43.7,Underpriced
Active,1623 NE 20th Street,NE 20th St,Poinsettia Heights,Mainland inland,Single Family,1597.0,False,749000.0,469.0,825.0,11,-43.2,Underpriced
Active,525 N Fort Lauderdale Beach Boulevard Unit#1607,N Fort Lauderdale Beach Blvd,Four Seasons,Barrier island / beach,Condo,1308.0,True,2700000.0,2064.0,3625.0,78,-43.1,Underpriced
Active,2800 E Sunrise Blvd Unit#7F,E Sunrise Blvd,Sunrise East,Barrier island / beach,Condo,1900.0,True,699000.0,368.0,646.0,49,-43.0,Underpriced
Active,525 N Fort Lauderdale Beach Blvd Unit#702,N Fort Lauderdale Beach Blvd,Four Seasons,Barrier island / beach,Condo,2230.0,True,4595000.0,2061.0,3610.0,78,-42.9,Underpriced
Active,1234 NE 17th Ter,NE 17th Ter,Lake Ridge,Mainland inland,Single Family,2502.0,False,1565000.0,625.0,1093.0,26,-42.8,Underpriced
Active,1850 S Ocean Dr Unit#305,S Ocean Dr,Lake Mayan Apts Co Op Lake Mayan Apartments,Barrier island / beach,Condo,640.0,True,240000.0,375.0,655.0,49,-42.7,Underpriced
Active,2670 E Sunrise Boulevard Unit#319,E Sunrise Blvd,Gallery One,Intracoastal / canal waterfront,Condo,554.0,True,100000.0,181.0,314.0,49,-42.4,Underpriced
Active,2670 E Sunrise Blvd Unit#523,E Sunrise Blvd,Gallery One,Intracoastal / canal waterfront,Condo,617.0,True,109000.0,177.0,307.0,49,-42.3,Underpriced
Active,3015 N Ocean Boulevard Unit#15a,N Ocean Blvd,Berkley South,Barrier island / beach,Condo,1328.0,False,380000.0,286.0,496.0,147,-42.3,Underpriced
Active,1510 SE 15th Street Unit#308,SE 15th St,Marina Del Mar,Intracoastal / canal waterfront,Condo,975.0,True,260000.0,267.0,460.0,45,-42.0,Underpriced
Active,1900 S Ocean Dr Unit#508,S Ocean Dr,Breakwater Towers Co Op Breakwater Towers,Barrier island / beach,Condo,805.0,False,225000.0,280.0,481.0,49,-41.8,Underpriced
Active,2426 SE 17th Street Unit#307a,SE 17th St,Village Harbor Beach Co,Barrier island / beach,Condo,685.0,False,169900.0,248.0,425.0,14,-41.6,Underpriced
Pending,2011 N Ocean Boulevard Unit#902,N Ocean Blvd,Vue,Barrier island / beach,Condo,1397.0,False,699000.0,500.0,856.0,147,-41.6,Underpriced
Active,936 Intracoastal Drive Unit#16e,Intracoastal Dr,Corinthian On Intracoa,Intracoastal / canal waterfront,Condo,1500.0,True,575000.0,383.0,655.0,39,-41.5,Underpriced
Active,1920 S Ocean Drive Unit#408,S Ocean Dr,Atlantic Towers Co Op,Barrier island / beach,Condo,805.0,False,225000.0,280.0,477.0,49,-41.3,Underpriced
Active,1920 S Ocean Drive Unit#1009,S Ocean Dr,Atlantic Towers Co Op,Barrier island / beach,Condo,805.0,True,299000.0,371.0,630.0,49,-41.1,Underpriced
Active,2212 SE 4th Avenue,SE 4th Ave,Lauderdale,Mainland inland,Single Family,2413.0,False,724999.0,300.0,505.0,0,-40.6,Underpriced
Active,1950 N Andrews Avenue Unit#102d,N Andrews Ave,Manor Grove Village One In,Mainland inland,Condo,750.0,False,132000.0,176.0,296.0,32,-40.5,Underpriced
Pending,1409 SW 1st Street,SW 1st St,River Highlands Amen,Mainland inland,Single Family,966.0,False,250000.0,259.0,434.0,0,-40.3,Underpriced
Active,2011 N Ocean Boulevard Unit#206,N Ocean Blvd,Vue,Barrier island / beach,Condo,1268.0,False,599000.0,472.0,790.0,147,-40.3,Underpriced
Active,1819 SE 17th St Unit#603,SE 17th St,Port,Barrier island / beach,Condo,1475.0,False,419900.0,285.0,476.0,14,-40.1,Underpriced
Active,520 SE 5 Avenue Unit#1203,SE 5 Ave,Las Olas,Downtown high-rise,Condo,1447.0,False,400000.0,276.0,461.0,0,-40.1,Underpriced
Active,819 SW 1st Street,SW 1st St,Sailboat Bend,Mainland inland,Single Family,2723.0,False,1075000.0,395.0,658.0,0,-40.0,Underpriced
Active,2670 E Sunrise Boulevard Unit#323,E Sunrise Blvd,Gallery One,Intracoastal / canal waterfront,Condo,617.0,True,115000.0,186.0,310.0,49,-40.0,Underpriced
Active,2509 N Ocean Boulevard Unit#676,N Ocean Blvd,Fountains On Ocean Bouleva,Barrier island / beach,Condo,1290.0,False,619000.0,480.0,797.0,147,-39.8,Underpriced
Active,2670 E Sunrise Boulevard Unit#1119,E Sunrise Blvd,Gallery One By Hilton,Mainland inland,Condo,554.0,False,155000.0,280.0,464.0,49,-39.7,Underpriced
Active,505 N Fort Lauderdale Beach Blvd Unit#2201,N Fort Lauderdale Beach Blvd,Club Resort Residence,Barrier island / beach,Condo,1308.0,True,600000.0,459.0,760.0,78,-39.6,Underpriced
Active,2701 N Ocean Boulevard Unit#14B,N Ocean Blvd,Embassy Tower Inc Embassytower,Barrier island / beach,Condo,1200.0,False,515000.0,429.0,709.0,147,-39.5,Underpriced
Pending,511 NW 17th Avenue,NW 17th Ave,Dorsey Park Second,Mainland inland,Single Family,1272.0,False,259900.0,204.0,337.0,5,-39.5,Underpriced
Active,917 NE 16th Avenue Unit#7,NE 16th Ave,Crossroads,Mainland inland,Condo,960.0,False,250000.0,260.0,430.0,73,-39.5,Underpriced
Active,525 N Fort Lauderdale Beach Boulevard Unit#1101,N Fort Lauderdale Beach Blvd,Four Seasons,Barrier island / beach,Condo,2189.0,True,4650000.0,2124.0,3507.0,78,-39.4,Underpriced
Active,2725 NE 8th Avenue Unit#104,NE 8th Ave,Highland Estates,Mainland inland,Townhouse,2294.0,False,575000.0,251.0,412.0,44,-39.1,Underpriced
Active,2426 SE 17th Cswy Unit#303A,SE 17th Cswy,Village Harbor Beach,Barrier island / beach,Condo,685.0,False,179999.0,263.0,431.0,0,-39.0,Underpriced
Active,525 N Fort Lauderdale Beach Boulevard Unit#1505,N Fort Lauderdale Beach Blvd,Four Seasons,Barrier island / beach,Condo,1597.0,True,3895000.0,2439.0,4001.0,78,-39.0,Underpriced
Pending,448 NW 15th Way,NW 15th Way,Dorsey Park First,Mainland inland,Single Family,1600.0,False,479900.0,300.0,491.0,7,-38.9,Underpriced
Active,525 N Fort Lauderdale Beach Boulevard Unit#1903,N Fort Lauderdale Beach Blvd,Four Seasons,Barrier island / beach,Condo,2083.0,True,4500000.0,2160.0,3527.0,78,-38.8,Underpriced
Active,2200 N Ocean Boulevard Unit#S-906,N Ocean Blvd,Auberge Beach Residences,Barrier island / beach,Condo,2661.0,True,3700000.0,1390.0,2267.0,147,-38.7,Underpriced
Active,1816 SW 21st Street,SW 21st St,Osceola Park,Mainland inland,Single Family,1986.0,False,620000.0,312.0,508.0,4,-38.6,Underpriced
Active,1800 N Andrews Avenue Unit#Ph-b,N Andrews Ave,Drake Tower,Intracoastal / canal waterfront,Condo,850.0,True,169000.0,199.0,324.0,32,-38.6,Underpriced
Active,551 N Fort Lauderdale Beach Blvd Unit#H1401,N Fort Lauderdale Beach Blvd,Flb Condominium Hotel Elliott,Barrier island / beach,Condo,641.0,True,615900.0,961.0,1562.0,78,-38.5,Underpriced
Active,2029 N Ocean Boulevard Unit#208,N Ocean Blvd,Tradewinds By Sea Cond,Barrier island / beach,Condo,1100.0,False,497900.0,453.0,737.0,147,-38.5,Underpriced
Pending,551 N Fort Lauderdale Beach Boulevard Unit#H1115,N Fort Lauderdale Beach Blvd,Ocean Resort,Barrier island / beach,Condo,451.0,True,449000.0,996.0,1613.0,78,-38.3,Underpriced
Pending,1220 NW 7th Terrace,NW 7th Ter,Progresso,Mainland inland,Single Family,1392.0,False,364000.0,261.0,423.0,10,-38.3,Underpriced
Pending,812 SW 4th Avenue Unit#8,SW 4th Ave,Ft Lauderdale Land Dev,Mainland inland,Townhouse,2046.0,False,521000.0,255.0,412.0,20,-38.1,Underpriced
Active,1900 S Ocean Drive Unit#1706,S Ocean Dr,Breakwater Towers Co Op,Barrier island / beach,Condo,750.0,False,225000.0,300.0,484.0,49,-38.0,Underpriced
Active,551 N Fort Lauderdale Beach Blvd Unit#H1705,N Fort Lauderdale Beach Blvd,Flb Condominium Hotel Ocean Resort Residences,Barrier island / beach,Condo,1113.0,True,1019000.0,916.0,1477.0,78,-38.0,Underpriced
Active,633 NE 20th Street,NE 20th St,Letarte,Mainland inland,Single Family,4023.0,False,2399000.0,596.0,957.0,11,-37.7,Underpriced
Active,601 N Ft Lauderdale Bch Boulevard Unit#1113,N Ft Lauderdale Bch Blvd,Atlantic Hotel,Barrier island / beach,Condo,975.0,True,385000.0,395.0,633.0,15,-37.6,Underpriced
Active,700 Bayshore Drive Unit#21,Bayshore Dr,Beach Shore Apts Co Op,Barrier island / beach,Condo,748.0,False,230000.0,307.0,491.0,83,-37.5,Underpriced
Active,1600 SE 15th St Unit#607,SE 15th St,Plaza,Intracoastal / canal waterfront,Condo,720.0,True,199999.0,278.0,445.0,45,-37.5,Underpriced
Active,2426 SE 17th Cswy Unit#209A,SE 17th Cswy,Village Harbor Beach,Barrier island / beach,Condo,685.0,False,185000.0,270.0,431.0,0,-37.4,Underpriced
Active,1005 SE 15th Street Unit#5d,SE 15th St,Cliff Lake Villas Co Op,Mainland inland,Condo,800.0,False,155000.0,194.0,309.0,45,-37.2,Underpriced
Active,800 SW 8th Ter,SW 8th Ter,Tarpon River,Intracoastal / canal waterfront,Single Family,2340.0,True,1025000.0,438.0,696.0,7,-37.1,Underpriced
Active,2670 E Sunrise Boulevard Unit#1202,E Sunrise Blvd,Gallery One,Intracoastal / canal waterfront,Condo,470.0,True,95000.0,202.0,320.0,49,-36.9,Underpriced
Active,1950 N Andrews Avenue Unit#103d,N Andrews Ave,Manor Grove Village One In,Mainland inland,Condo,750.0,False,139900.0,187.0,296.0,32,-36.8,Underpriced
Active,1535 SE 15th Street Unit#206,SE 15th St,Harbor View Apts,Intracoastal / canal waterfront,Condo,1016.0,True,275000.0,271.0,428.0,45,-36.7,Underpriced
Active,2110 N Ocean Boulevard Unit#7b,N Ocean Blvd,Palms,Barrier island / beach,Condo,3205.0,True,1999000.0,624.0,986.0,147,-36.7,Underpriced
Active,2670 E Sunrise Blvd Unit#1117,E Sunrise Blvd,Gallery One,Intracoastal / canal waterfront,Condo,548.0,True,109000.0,199.0,314.0,49,-36.6,Underpriced
Active,1900 S Ocean Drive Unit#1702,S Ocean Dr,Breakwater Towers Co Op,Barrier island / beach,Condo,1036.0,False,319000.0,308.0,486.0,49,-36.6,Underpriced
Active,3010 NE 16th Avenue Unit#502,NE 16th Ave,River Bend,Intracoastal / canal waterfront,Condo,1100.0,True,312000.0,284.0,447.0,73,-36.5,Underpriced
Active,2001 N Ocean Boulevard Unit#603,N Ocean Blvd,Vue,Barrier island / beach,Condo,890.0,False,449000.0,504.0,790.0,147,-36.2,Underpriced
Active,1790 E Las Olas Blvd Unit#11,E Las Olas Blvd,Mayfair Arms Co Op Mayfair Arms,Intracoastal / canal waterfront,Condo,1150.0,True,325000.0,283.0,443.0,48,-36.1,Underpriced
Active,2900 NE 30th Street Unit#A4,NE 30th St,Lauderdale Tower,Barrier island / beach,Condo,730.0,True,204900.0,281.0,439.0,33,-36.0,Underpriced
Pending,1730 SW 21st St,SW 21st St,Osceola Park,Mainland inland,Single Family,1229.0,False,385000.0,313.0,489.0,4,-36.0,Underpriced
Active,500 NE 14th Avenue,NE 14th Ave,Las Olas,Mainland inland,Single Family,4036.0,False,2774999.0,688.0,1073.0,73,-35.9,Underpriced
Active,2100 N Ocean Boulevard Unit#16e,N Ocean Blvd,Palms Tower One,Barrier island / beach,Condo,4795.0,True,2995000.0,625.0,973.0,147,-35.8,Underpriced
Active,601 N Ft Lauderdale Bch Boulevard Unit#1213,N Ft Lauderdale Bch Blvd,Atlantic Hotel,Barrier island / beach,Condo,975.0,True,397000.0,407.0,633.0,15,-35.7,Underpriced
Active,2426 SE 17th Cswy Unit#109A,SE 17th Cswy,Village Harbor Beach,Barrier island / beach,Condo,685.0,False,189900.0,277.0,431.0,0,-35.7,Underpriced
Active,1510 SE 15th Street Unit#302,SE 15th St,Marina Del Mar Condomini,Intracoastal / canal waterfront,Condo,670.0,True,187500.0,280.0,434.0,45,-35.5,Underpriced
Active,1520 NW 3rd Ave,NW 3rd Ave,Progresso,Mainland inland,Single Family,2248.0,False,615000.0,274.0,424.0,12,-35.4,Underpriced
Active,110 N Federal Hwy Unit#705,N Federal Hwy,Waverly Las Olas,Mainland inland,Condo,1350.0,False,465500.0,345.0,532.0,40,-35.2,Underpriced
Active,550 Bayshore Drive Unit#104,Bayshore Dr,Bayshore Embassy,Barrier island / beach,Condo,1000.0,False,324900.0,325.0,501.0,83,-35.1,Underpriced
Active,2000 S Ocean Dr Unit#309,S Ocean Dr,Everglades House,Barrier island / beach,Condo,1205.0,True,499000.0,414.0,637.0,49,-35.0,Underpriced
Active,1500 SE 15th Street Unit#219,SE 15th St,Marina Del Mar,Intracoastal / canal waterfront,Condo,670.0,True,189000.0,282.0,434.0,45,-35.0,Underpriced
Active,700 Bayshore Drive Unit#13,Bayshore Dr,Beach Shore Apts Co Op,Barrier island / beach,Condo,748.0,False,239000.0,320.0,491.0,83,-34.8,Underpriced
Active,1808 NW 3rd Ct,NW 3rd Ct,Dorsey Park Th,Intracoastal / canal waterfront,Single Family,1442.0,True,445900.0,309.0,473.0,0,-34.7,Underpriced
Pending,2000 S Ocean Drive Unit#706,S Ocean Dr,Everglades House,Barrier island / beach,Condo,1688.0,True,669900.0,397.0,608.0,49,-34.7,Underpriced
Active,2035 Intracoastal Drive,Intracoastal Dr,Coral Ridge,Mainland inland,Single Family,6147.0,False,6500000.0,1057.0,1615.0,39,-34.6,Underpriced
Active,1700 SE 15th Street Unit#308,SE 15th St,Caravel Condominium,Mainland inland,Condo,900.0,False,187000.0,208.0,318.0,45,-34.6,Underpriced
Active,901 W Las Olas Boulevard,W Las Olas Blvd,Waverly Place,Mainland inland,Single Family,2498.0,False,600000.0,240.0,367.0,40,-34.6,Underpriced
Active,2555 NE 11th Street Unit#104,NE 11th St,Horizon House,Mainland inland,Condo,710.0,False,169000.0,238.0,363.0,12,-34.4,Underpriced
Active,1535 SE 15th St Unit#208,SE 15th St,Harbor View Apts Harbor View,Intracoastal / canal waterfront,Condo,966.0,True,289900.0,300.0,457.0,45,-34.4,Underpriced
Active,728 NE 17th Terrace,NE 17th Ter,Victoria Park,Mainland inland,Single Family,4104.0,False,3395000.0,827.0,1260.0,26,-34.4,Underpriced
Active,2100 N Ocean Blvd Unit#20D,N Ocean Blvd,Palms Tower One Palms,Barrier island / beach,Condo,2172.0,True,1375000.0,633.0,965.0,147,-34.4,Underpriced
Active,1510 SE 15th St Unit#210,SE 15th St,Marina Del Mar,Intracoastal / canal waterfront,Condo,1070.0,True,294000.0,275.0,419.0,45,-34.4,Underpriced
Active,2841 N Ocean Boulevard Unit#602,N Ocean Blvd,Vantage View,Barrier island / beach,Condo,1100.0,False,449000.0,408.0,622.0,147,-34.4,Underpriced
Active,3040 NE 16th Ave Unit#310,NE 16th Ave,River Shores,Intracoastal / canal waterfront,Condo,600.0,True,147000.0,245.0,373.0,73,-34.3,Underpriced
Active,3040 NE 16th Avenue Unit#303 A,NE 16th Ave,River Shores,Intracoastal / canal waterfront,Condo,600.0,True,149000.0,248.0,377.0,73,-34.2,Underpriced
Active,3020 NE 16th Avenue Unit#102,NE 16th Ave,River Shores,Mainland inland,Condo,850.0,False,165000.0,194.0,295.0,73,-34.2,Underpriced
Pending,629 Kensington Place,Kensington Pl,Tropical Gardens,Intracoastal / canal waterfront,Single Family,3678.0,True,1720000.0,468.0,711.0,11,-34.2,Underpriced
Pending,1800 N Andrews Avenue Unit#7j,N Andrews Ave,Drake Tower,Intracoastal / canal waterfront,Condo,790.0,True,169900.0,215.0,326.0,32,-34.0,Underpriced
Active,1800 NW 3rd Ct,NW 3rd Ct,Dorsey Park Th,Intracoastal / canal waterfront,Single Family,1600.0,True,459900.0,287.0,435.0,0,-34.0,Underpriced
Active,12 NE 19th Court Unit#204A,NE 19th Ct,Manor Grove Village One,Intracoastal / canal waterfront,Condo,1180.0,True,249900.0,212.0,320.0,28,-33.8,Underpriced
Active,1332 SW 2nd Ct,SW 2nd Ct,Village Sailboat Bend,Intracoastal / canal waterfront,Townhouse,1977.0,True,512888.0,259.0,391.0,0,-33.8,Underpriced
Active,2300 NE 33rd Avenue Unit#502,NE 33rd Ave,Everglades Club,Barrier island / beach,Condo,1369.0,False,425000.0,310.0,468.0,26,-33.8,Underpriced
Active,2100 S Ocean Lane Unit#101-102,S Ocean Ln,Point Americas,Barrier island / beach,Condo,3003.0,True,1349000.0,449.0,677.0,66,-33.7,Underpriced
Active,1150 NW 30th Court Unit#203,NW 30th Ct,Wilton Shores East,Intracoastal / canal waterfront,Condo,925.0,True,159000.0,172.0,259.0,14,-33.6,Underpriced
Active,2029 N Ocean Boulevard Unit#303,N Ocean Blvd,Tradewinds By Sea,Barrier island / beach,Condo,1100.0,False,540000.0,491.0,737.0,147,-33.4,Underpriced
Active,2670 E Sunrise Blvd Unit#302,E Sunrise Blvd,Gallery One,Intracoastal / canal waterfront,Condo,470.0,True,100000.0,213.0,320.0,49,-33.4,Underpriced
Active,2670 E Sunrise Boulevard Unit#703,E Sunrise Blvd,Gallery One,Intracoastal / canal waterfront,Condo,548.0,True,124900.0,228.0,342.0,49,-33.3,Underpriced
Active,101 S Fort Lauderdale Beach Boulevard Unit#705,S Fort Lauderdale Beach Blvd,Las Olas,Barrier island / beach,Condo,2950.0,True,1499000.0,508.0,762.0,20,-33.3,Underpriced
Active,2011 N Ocean Boulevard Unit#504,N Ocean Blvd,Vue,Barrier island / beach,Condo,1267.0,False,669000.0,528.0,790.0,147,-33.2,Underpriced
Active,900 SW 12th Street Unit#206,SW 12th St,Rio Nuevo,Intracoastal / canal waterfront,Condo,1000.0,True,239000.0,239.0,357.0,17,-33.1,Underpriced
Pending,3020 NE 32nd Avenue Unit#Ph11,NE 32nd Ave,Tides Bridgewater,Barrier island / beach,Condo,1170.0,True,549000.0,469.0,700.0,27,-33.0,Underpriced
Active,1750 S Ocean Lane Unit#205,S Ocean Ln,Lago Mar Place,Barrier island / beach,Condo,699.0,True,299000.0,428.0,639.0,66,-33.0,Underpriced
Active,1100 NW 19th Street,NW 19th St,Lauderdale Villas,Mainland inland,Single Family,1716.0,False,439000.0,256.0,382.0,7,-33.0,Underpriced
Active,1920 S Ocean Drive Unit#1508,S Ocean Dr,Atlantic Towers,Barrier island / beach,Condo,805.0,True,340000.0,422.0,630.0,49,-33.0,Underpriced
Active,347 N New River Drive Unit#606,N New River Dr,Watergarden,Intracoastal / canal waterfront,Condo,820.0,True,374000.0,456.0,679.0,31,-32.8,Underpriced
Pending,533 NW 16th Avenue,NW 16th Ave,Dorsey Park Second,Mainland inland,Single Family,1410.0,False,530000.0,376.0,559.0,5,-32.7,Underpriced
Active,936 Intracoastal Drive Unit#21D,Intracoastal Dr,Corinthian,Intracoastal / canal waterfront,Condo,1500.0,True,665000.0,443.0,655.0,39,-32.4,Underpriced
Active,216 SE 10th Street,SE 10th St,Tarpon River,Intracoastal / canal waterfront,Single Family,2556.0,True,1425000.0,558.0,823.0,7,-32.2,Underpriced
Pending,1625 SE 10th Avenue Unit#405,SE 10th Ave,Runaway Bay,Mainland inland,Condo,870.0,False,165000.0,190.0,280.0,37,-32.1,Underpriced
Pending,2001 N Ocean Boulevard Unit#702s,N Ocean Blvd,Vue,Barrier island / beach,Condo,1397.0,False,740000.0,530.0,780.0,147,-32.1,Underpriced
Active,1500 NE 24th Street,NE 24th St,Edgewater Estates,Intracoastal / canal waterfront,Single Family,2582.0,True,1275000.0,494.0,724.0,13,-31.8,Underpriced
Active,2670 E SUNRISE Boulevard Unit#915,E Sunrise Blvd,Gallery One,Intracoastal / canal waterfront,Condo,586.0,True,124900.0,213.0,312.0,49,-31.7,Underpriced
Active,1125 NW 30th Ct Unit#10,NW 30th Ct,Wilton Terrace,Mainland inland,Condo,670.0,False,95000.0,142.0,208.0,14,-31.7,Underpriced
Active,100 N Federal Hwy Unit#643,N Federal Hwy,Waverly Las Olas,Mainland inland,Condo,1529.0,False,538000.0,352.0,515.0,40,-31.7,Underpriced
Active,551 N Fort Lauderdale Beach Blvd Unit#R1904,N Fort Lauderdale Beach Blvd,Flb Condominium Resid Elliott,Barrier island / beach,Condo,445.0,True,501900.0,1128.0,1650.0,78,-31.6,Underpriced
Active,520 SE 5th Avenue Unit#2202,SE 5th Ave,Las Olas,Downtown high-rise,Condo,1148.0,False,339000.0,295.0,431.0,73,-31.6,Underpriced
Pending,701 N Fort Lauderdale Beach Boulevard Unit#302,N Fort Lauderdale Beach Blvd,Paramount Ft Lauderdale,Barrier island / beach,Condo,3202.0,True,3195000.0,998.0,1457.0,78,-31.5,Underpriced
Pending,110 N Federal Hwy Unit#718,N Federal Hwy,Waverly Las Olas,Mainland inland,Condo,1216.0,False,450000.0,370.0,540.0,40,-31.5,Underpriced
Active,2409 N OCEAN Boulevard Unit#626,N Ocean Blvd,Fountains On Ocean Bouleva,Barrier island / beach,Condo,1820.0,False,995000.0,547.0,797.0,147,-31.4,Underpriced
Active,2670 E Sunrise Blvd Unit#309,E Sunrise Blvd,Gallery One,Intracoastal / canal waterfront,Condo,836.0,True,179000.0,214.0,312.0,49,-31.4,Underpriced
Active,2424 SE 17th Street Unit#208b,SE 17th St,Village Harbor Beach Co,Barrier island / beach,Condo,685.0,False,200000.0,292.0,425.0,14,-31.3,Underpriced
Active,936 Intracoastal Dr Unit#4F,Intracoastal Dr,Corinthian On Intraco Corinthian,Intracoastal / canal waterfront,Condo,1500.0,True,675000.0,450.0,655.0,39,-31.3,Underpriced
Active,2029 N Ocean Blvd Unit#404,N Ocean Blvd,Tradewinds By Sea Con,Barrier island / beach,Condo,1100.0,False,560000.0,509.0,740.0,147,-31.2,Underpriced
Active,1160 N Federal Hwy Unit#1018,N Federal Hwy,East Point Towers,Intracoastal / canal waterfront,Condo,1138.0,True,239000.0,210.0,305.0,40,-31.1,Underpriced
Active,2100 N Ocean Blvd Unit#6C,N Ocean Blvd,Palms Tower One,Barrier island / beach,Condo,1604.0,True,1095000.0,683.0,990.0,147,-31.0,Underpriced
Active,2400 NE 33rd Avenue Unit#211,NE 33rd Ave,Ocean Garden,Barrier island / beach,Condo,930.0,False,287495.0,309.0,447.0,26,-30.9,Underpriced
Active,405 NW 18th Avenue,NW 18th Ave,Dorsey Park Third,Mainland inland,Single Family,918.0,False,355000.0,387.0,560.0,9,-30.9,Underpriced
Active,624 Antioch Avenue Unit#6,Antioch Ave,Beachside Apts Co Op,Barrier island / beach,Condo,880.0,False,249900.0,284.0,411.0,6,-30.9,Underpriced
Active,1012 SE 15th Street Unit#102,SE 15th St,Patio,Mainland inland,Condo,580.0,False,135000.0,233.0,336.0,45,-30.7,Underpriced
Active,533 NE 3rd Avenue Unit#237,NE 3rd Ave,Sole Fort Lauderdale Co,Downtown high-rise,Condo,960.0,False,239000.0,249.0,359.0,57,-30.6,Underpriced
Pending,1124 NW 19th Street,NW 19th St,Lauderdale Villas,Mainland inland,Single Family,1252.0,False,299900.0,240.0,346.0,7,-30.6,Underpriced
Active,1430 SW 4th Avenue Unit#1430,SW 4th Ave,Michelle Ii,Mainland inland,Townhouse,2120.0,False,805600.0,380.0,547.0,20,-30.5,Underpriced
Active,1434 SW 4th Avenue Unit#1434,SW 4th Ave,Michelle Ii,Mainland inland,Townhouse,2120.0,False,805600.0,380.0,547.0,20,-30.5,Underpriced
Active,525 N Fort Lauderdale Beach Boulevard Unit#1605,N Fort Lauderdale Beach Blvd,Four Seasons,Barrier island / beach,Condo,1794.0,False,3400000.0,1895.0,2728.0,78,-30.5,Underpriced
Pending,1812 SW 10th Ave,SW 10th Ave,Yellowstone Park Amen Pla,Mainland inland,Single Family,2580.0,False,999768.0,388.0,558.0,0,-30.5,Underpriced
Active,551 N Fort Lauderdale Beach Blvd Unit#R2201,N Fort Lauderdale Beach Blvd,Flb Condominium Resid Conrad Fort Lauderdale,Barrier island / beach,Condo,641.0,True,515000.0,803.0,1155.0,78,-30.5,Underpriced
Active,2670 E Sunrise Boulevard Unit#318,E Sunrise Blvd,Gallery One,Intracoastal / canal waterfront,Condo,548.0,True,120000.0,219.0,314.0,49,-30.3,Underpriced
Active,1905 N Ocean Blvd Unit#PHA,N Ocean Blvd,Shore Club,Barrier island / beach,Condo,1500.0,True,965000.0,643.0,921.0,147,-30.2,Underpriced
Active,1709 SW 23rd St,SW 23rd St,River Oak,Mainland inland,Single Family,2508.0,False,1175000.0,469.0,671.0,30,-30.1,Underpriced
Active,1900 S OCEAN Drive Unit#710,S Ocean Dr,Breakwater Towers Co Op,Barrier island / beach,Condo,805.0,False,270000.0,335.0,479.0,49,-30.1,Underpriced
Active,525 N Fort Lauderdale Beach Boulevard Unit#901,N Fort Lauderdale Beach Blvd,Four Seasons,Barrier island / beach,Condo,2184.0,True,5350000.0,2450.0,3507.0,78,-30.1,Underpriced
Active,1950 N Andrews Avenue Unit#210d,N Andrews Ave,Manor Grove Village One In,Mainland inland,Condo,750.0,False,155000.0,207.0,296.0,32,-30.1,Underpriced
Active,1900 S Ocean Dr Unit#1406,S Ocean Dr,Breakwater Towers Co Op Breakwater Towers,Barrier island / beach,Condo,750.0,False,255000.0,340.0,484.0,49,-29.8,Underpriced
Active,2420 SE 17th Street Unit#401c,SE 17th St,Village Harbor Beach Co,Barrier island / beach,Condo,932.0,False,280000.0,300.0,427.0,14,-29.7,Underpriced
Pending,2100 S Ocean Drive Unit#4j,S Ocean Dr,Sky Harbour East,Finger-isle waterfront,Condo,900.0,True,399000.0,443.0,630.0,49,-29.7,Underpriced
Active,551 N Fort Lauderdale Beach Blvd Unit#R1909,N Fort Lauderdale Beach Blvd,Flb Condominium Resid Elliott,Barrier island / beach,Condo,567.0,True,612900.0,1081.0,1537.0,78,-29.7,Underpriced
Active,2100 S Ocean Dr Unit#5B,S Ocean Dr,Sky Harbour East,Finger-isle waterfront,Condo,900.0,True,400000.0,444.0,630.0,49,-29.5,Underpriced
Active,3020 NE 32nd Avenue Unit#805,NE 32nd Ave,Tides Bridgeside,Barrier island / beach,Condo,750.0,True,375000.0,500.0,708.0,27,-29.4,Underpriced
Active,2100 S OCEAN DR Unit#10B,S Ocean Dr,Sky Harbour East,Finger-isle waterfront,Condo,900.0,True,399000.0,443.0,627.0,49,-29.3,Underpriced
Pending,200 S Birch Road Unit#612,S Birch Rd,Leisure Beach Condominium,Barrier island / beach,Condo,647.0,False,190000.0,294.0,416.0,25,-29.3,Underpriced
Active,301 Hendricks Isle Unit#7,Hendricks Isle,Place Des Arts,Intracoastal / canal waterfront,Condo,4445.0,True,1900000.0,427.0,603.0,32,-29.2,Underpriced
Active,1428 SW 4th Avenue Unit#1428,SW 4th Ave,Michelle Ii,Mainland inland,Townhouse,2242.0,False,863020.0,385.0,543.0,20,-29.1,Underpriced
Active,2900 NE 30th Street Unit#G-1,NE 30th St,Lauderdale Tower Condos,Intracoastal / canal waterfront,Condo,1040.0,True,344500.0,331.0,466.0,33,-29.0,Underpriced
Active,2424 SE 17th St Unit#B307,SE 17th St,Village Harbor Beach,Barrier island / beach,Condo,685.0,False,208000.0,304.0,428.0,14,-29.0,Underpriced
Active,525 N Fort Lauderdale Beach Boulevard Unit#602,N Fort Lauderdale Beach Blvd,Four Seasons,Barrier island / beach,Condo,2034.0,False,4000000.0,1967.0,2770.0,78,-29.0,Underpriced
Active,936 Intracoastal Drive Unit#11c,Intracoastal Dr,Corinthian,Intracoastal / canal waterfront,Condo,1500.0,True,699000.0,466.0,655.0,39,-28.9,Underpriced
Active,1900 S Ocean Dr Unit#312,S Ocean Dr,Breakwater Towers Co Op Breakwater Towers,Barrier island / beach,Condo,1293.0,False,425000.0,329.0,463.0,49,-28.9,Underpriced
Active,1705 NW 15th Street,NW 15th St,Lauderdale Manors,Mainland inland,Single Family,1800.0,False,599000.0,333.0,467.0,6,-28.7,Underpriced
Active,2840 N Ocean Boulevard Unit#507,N Ocean Blvd,Sea Tower Apts Co Op,Barrier island / beach,Condo,769.0,True,495000.0,644.0,902.0,147,-28.6,Underpriced
Active,1601 SE 15 Unit#1B,SE 15,Port Repose Co Op,Barrier island / beach,Condo,580.0,True,244900.0,422.0,590.0,0,-28.5,Underpriced
Active,525 N Fort Lauderdale Beach Boulevard Unit#1801,N Fort Lauderdale Beach Blvd,Four Seasons,Barrier island / beach,Condo,2634.0,True,6750000.0,2563.0,3581.0,78,-28.4,Underpriced
Pending,100 N Federal Highway Unit#1409,N Federal Highway,Waverly Las Olas,Mainland inland,Condo,1321.0,False,399000.0,302.0,422.0,21,-28.4,Underpriced
Active,215 NE 16th Avenue Unit#203,NE 16th Ave,Victoria Palms,Mainland inland,Condo,640.0,False,195000.0,305.0,426.0,73,-28.4,Underpriced
Pending,2021 NW 10th Ave,NW 10th Ave,Hillmont Middle River Vis,Mainland inland,Single Family,1406.0,False,349500.0,249.0,348.0,7,-28.4,Underpriced
Pending,904 NE 17th Ter,NE 17th Ter,Progresso,Mainland inland,Single Family,2623.0,False,1700000.0,648.0,904.0,26,-28.3,Underpriced
Active,525 N Fort Lauderdale Beach Boulevard Unit#2201,N Fort Lauderdale Beach Blvd,Four Seasons,Barrier island / beach,Condo,5766.0,True,14995000.0,2601.0,3623.0,78,-28.2,Underpriced
Active,1600 SE 15th Street Unit#305,SE 15th St,Plaza,Intracoastal / canal waterfront,Condo,1020.0,True,325000.0,319.0,444.0,45,-28.2,Underpriced
Active,2011 N Ocean Boulevard Unit#1606,N Ocean Blvd,Vue,Barrier island / beach,Condo,1268.0,True,950000.0,749.0,1042.0,147,-28.1,Underpriced
Active,625 Antioch Avenue Unit#104,Antioch Ave,Harwick House,Barrier island / beach,Condo,670.0,False,220000.0,328.0,456.0,6,-28.1,Underpriced
Active,3020 NE 32nd Ave Unit#614,NE 32nd Ave,Tides Bridgeside Squar Tides Bridgeside,Barrier island / beach,Condo,790.0,True,400000.0,506.0,704.0,27,-28.1,Underpriced
Active,1500 SE 14th Street,SE 14th St,Lauderdale Harbors,Intracoastal / canal waterfront,Single Family,5424.0,True,6999999.0,1291.0,1792.0,8,-28.0,Underpriced
Active,3030 N Ocean Boulevard Unit#S104,N Ocean Blvd,Thirty North Ocrsn,Barrier island / beach,Condo,2140.0,False,1495000.0,699.0,969.0,147,-27.9,Underpriced
Active,3030 N Ocean Boulevard Unit#S106,N Ocean Blvd,Thirty North Ocean,Barrier island / beach,Condo,2306.0,False,1595000.0,692.0,960.0,147,-27.9,Underpriced
Active,804 SW 4th Avenue,SW 4th Ave,Ft Lauderdale Land Dev,Mainland inland,Townhouse,1650.0,False,515000.0,312.0,432.0,20,-27.8,Underpriced
Active,888 Intracoastal Drive Unit#14F,Intracoastal Dr,Sunrise Tower,Intracoastal / canal waterfront,Condo,955.0,True,325000.0,340.0,471.0,39,-27.8,Underpriced
Active,2000 S Ocean Drive Unit#810,S Ocean Dr,Everglades House,Barrier island / beach,Condo,2650.0,True,1150000.0,434.0,601.0,49,-27.8,Underpriced
Active,512 SW 15th Street,SW 15th St,Lauderdale Lot Bl,Mainland inland,Single Family,2034.0,False,599000.0,294.0,406.0,0,-27.6,Underpriced
Active,549 NE 10th Avenue,NE 10th Ave,Holmberg Mc Kees,Mainland inland,Single Family,3880.0,False,3100000.0,799.0,1104.0,21,-27.6,Underpriced
Active,933 NW 2nd Ave,NW 2nd Ave,Progresso,Mainland inland,Single Family,1428.0,False,498000.0,349.0,482.0,15,-27.6,Underpriced
Active,720 Orton Avenue Unit#704,Orton Ave,Leisure Sands,Barrier island / beach,Condo,690.0,False,224500.0,325.0,449.0,13,-27.6,Underpriced
Active,3015 N Ocean Boulevard Unit#17b,N Ocean Blvd,Berkley South,Barrier island / beach,Condo,1144.0,False,420000.0,367.0,506.0,147,-27.5,Underpriced
Active,1900 NE 8th Ct Unit#105,NE 8th Ct,Gateway Arms,Mainland inland,Condo,800.0,False,199900.0,250.0,344.0,5,-27.3,Underpriced
Active,1009 B NE 3rd Street,B NE 3rd St,Victoria Park,Mainland inland,Single Family,3276.0,False,2200000.0,672.0,924.0,0,-27.3,Underpriced
Active,936 Intracoastal Drive Unit#12c,Intracoastal Dr,Corinthian,Intracoastal / canal waterfront,Condo,1500.0,True,715000.0,477.0,655.0,39,-27.2,Underpriced
Active,1900 S Ocean Drive Unit#1006,S Ocean Dr,Breakwater Towers Co Op,Barrier island / beach,Condo,750.0,False,265000.0,353.0,484.0,49,-27.1,Underpriced
Active,2841 N Ocean Boulevard Unit#1809,N Ocean Blvd,Vantage View,Barrier island / beach,Condo,1100.0,False,499000.0,454.0,622.0,147,-27.0,Underpriced
Active,551 N Fort Lauderdale Beach Blvd Unit#R2210,N Fort Lauderdale Beach Blvd,Flb Condominium Resid Conrad,Barrier island / beach,Condo,579.0,True,499000.0,862.0,1179.0,78,-26.9,Underpriced
Active,1180 N Federal Hwy Unit#605,N Federal Hwy,Riva Residences,Intracoastal / canal waterfront,Condo,1783.0,True,950000.0,533.0,728.0,40,-26.8,Underpriced
Active,1151 N Fort Lauderdale Beach Boulevard Unit#14D,N Fort Lauderdale Beach Blvd,Park Tower,Barrier island / beach,Condo,1700.0,True,1499900.0,882.0,1204.0,78,-26.7,Underpriced
Active,2821 N Ocean Boulevard Unit#902s,N Ocean Blvd,Sapphire,Barrier island / beach,Condo,1274.0,False,750000.0,589.0,801.0,147,-26.5,Underpriced
Active,347 N New River Drive Unit#1506,N New River Dr,Watergarden,Intracoastal / canal waterfront,Condo,820.0,True,409000.0,499.0,679.0,31,-26.5,Underpriced
Active,1514 Davie Boulevard,Davie Blvd,Hendricks Heights,Mainland inland,Single Family,2236.0,False,889000.0,398.0,540.0,0,-26.3,Underpriced
Active,347 N New River Drive Unit#2707,N New River Dr,Watergarden,Intracoastal / canal waterfront,Condo,820.0,True,449000.0,548.0,744.0,31,-26.3,Underpriced
Active,2100 N Ocean Blvd Unit#18D,N Ocean Blvd,Palms Tower One Palms,Barrier island / beach,Condo,2172.0,True,1545000.0,711.0,965.0,147,-26.3,Underpriced
Active,1317 SE 2nd Avenue,SE 2nd Ave,Croissant Park,Mainland inland,Single Family,2416.0,False,820000.0,339.0,460.0,0,-26.3,Underpriced
Pending,1213 SW 21st Street,SW 21st St,Floral Ridge,Mainland inland,Single Family,1898.0,False,595000.0,313.0,424.0,4,-26.2,Underpriced
Active,520 SE 5th Ave Unit#2211,SE 5th Ave,Las Olas,Downtown high-rise,Condo,1447.0,False,440000.0,304.0,410.0,73,-25.9,Underpriced
Active,2100 S Ocean Drive Unit#9L,S Ocean Dr,Sky Harbour East,Finger-isle waterfront,Condo,900.0,True,420000.0,467.0,630.0,49,-25.9,Underpriced
Active,2800 E Sunrise Boulevard Unit#4c,E Sunrise Blvd,Sunrise East,Barrier island / beach,Condo,1575.0,True,849000.0,539.0,726.0,49,-25.8,Underpriced
Active,100 N Federal Hwy Unit#1222,N Federal Hwy,Waverly Las Olas Waverly,Mainland inland,Condo,1244.0,False,475000.0,382.0,514.0,40,-25.7,Underpriced
Active,538 NW 17th Ave,NW 17th Ave,Dorsey Park Second,Mainland inland,Single Family,1410.0,False,565000.0,401.0,539.0,5,-25.6,Underpriced
Active,532 NW 17th Ave,NW 17th Ave,Dorsey Park Second,Mainland inland,Single Family,1410.0,False,565000.0,401.0,539.0,5,-25.6,Underpriced
Active,2841 N Ocean Boulevard Unit#1801,N Ocean Blvd,Vantage View,Barrier island / beach,Condo,1200.0,False,550000.0,458.0,616.0,147,-25.6,Underpriced
Pending,110 Hendricks Isle Unit#13,Hendricks Isle,Terraces Isles Cond Terraces Isles,Finger-isle waterfront,Condo,2600.0,True,1190000.0,458.0,615.0,32,-25.5,Underpriced
Active,1515 SW 13th Court,SW 13th Ct,Shady Banks,Mainland inland,Single Family,2764.0,False,899000.0,325.0,436.0,6,-25.5,Underpriced
Active,1028 NW 8th Ave,NW 8th Ave,Progresso,Mainland inland,Single Family,1362.0,False,679900.0,499.0,670.0,8,-25.5,Underpriced
Active,2501 N Ocean Blvd Unit#452,N Ocean Blvd,Fountains On Ocean,Barrier island / beach,Condo,1510.0,False,649000.0,430.0,577.0,147,-25.5,Underpriced
Active,1200 SW 12th Street Unit#201,SW 12th St,Rio Nuevo,Intracoastal / canal waterfront,Condo,1020.0,True,249500.0,245.0,329.0,17,-25.5,Underpriced
Active,3000 E Sunrise Blvd Unit#3G,E Sunrise Blvd,Carlton Tower,Barrier island / beach,Condo,1202.0,False,465000.0,387.0,519.0,49,-25.4,Underpriced
Active,551 N Fort Lauderdale Beach Blvd Unit#R1810,N Fort Lauderdale Beach Blvd,Flb Condominium Resid Conrad Fort Lauderdale,Barrier island / beach,Condo,579.0,True,499000.0,862.0,1155.0,78,-25.4,Underpriced
Active,1958 Harbourview Drive,Harbourview Dr,Harbour Heights,Mainland inland,Single Family,4565.0,False,3250000.0,712.0,953.0,4,-25.3,Underpriced
Active,1617 SE 15th St Unit#303,SE 15th St,Southampton,Intracoastal / canal waterfront,Condo,1240.0,True,395000.0,319.0,427.0,45,-25.3,Underpriced
Pending,1350 River Reach Drive Unit#101,River Reach Dr,River Reach,Intracoastal / canal waterfront,Condo,900.0,True,199900.0,222.0,297.0,50,-25.3,Underpriced
Active,1617 SE 15th St Unit#605,SE 15th St,Southampton,Intracoastal / canal waterfront,Condo,1240.0,True,395000.0,319.0,427.0,45,-25.3,Underpriced
Active,3020 NE 32nd Ave Unit#925,NE 32nd Ave,Tides Bridgeside Tides Bridgeside Squar,Barrier island / beach,Condo,1510.0,True,750000.0,497.0,665.0,27,-25.3,Underpriced
Pending,2100 S Ocean Drive Unit#15E,S Ocean Dr,Sky Harbour East,Finger-isle waterfront,Condo,900.0,True,424000.0,471.0,630.0,49,-25.2,Underpriced
Active,511 SE 5 Avenue Unit#1409,SE 5 Ave,Nuriver Landing,Intracoastal / canal waterfront,Condo,1246.0,True,472000.0,379.0,507.0,0,-25.2,Underpriced
Active,101 S Fort Lauderdale Beach Blvd Unit#308,S Fort Lauderdale Beach Blvd,Las Olas,Barrier island / beach,Condo,3080.0,True,1595000.0,518.0,692.0,20,-25.1,Underpriced
Active,2715 N Ocean Boulevard Unit#Ph D,N Ocean Blvd,Embassy Tower Ii Inc,Barrier island / beach,Condo,1200.0,False,639900.0,533.0,711.0,147,-25.0,Underpriced
Pending,533 NE 3rd Avenue Unit#321,NE 3rd Ave,Sole,Downtown high-rise,Condo,960.0,False,259500.0,270.0,360.0,57,-25.0,Underpriced
Pending,2725 NE 8 Avenue Unit#113,NE 8 Ave,Highland Estates,Mainland inland,Townhouse,2294.0,False,600000.0,262.0,349.0,0,-24.9,Underpriced
Active,2100 S Ocean Ln Unit#808,S Ocean Ln,Point Americas,Barrier island / beach,Condo,1880.0,True,930000.0,495.0,659.0,66,-24.9,Underpriced
Active,609 NE 13th Ave Unit#302,NE 13th Ave,Park Place,Mainland inland,Condo,580.0,False,190000.0,328.0,436.0,15,-24.8,Underpriced
Active,1531 SE 15th Unit#6,SE 15th,Quarterdeck Condominium,Intracoastal / canal waterfront,Condo,1008.0,True,309000.0,307.0,408.0,0,-24.8,Underpriced
Active,533 NE 3rd Avenue Unit#131,NE 3rd Ave,Sole Fort Lauderdale Co,Downtown high-rise,Condo,1270.0,False,380000.0,299.0,397.0,57,-24.7,Underpriced
Active,1125 NE 16th Pl Unit#208,NE 16th Pl,Tudor Manor,Mainland inland,Condo,740.0,False,194000.0,262.0,348.0,13,-24.7,Underpriced
Active,3020 NE 32nd Avenue Unit#616,NE 32nd Ave,Tides Bridgeside Square,Barrier island / beach,Condo,815.0,True,430000.0,528.0,701.0,27,-24.7,Underpriced
Active,1940 Harbourview Drive,Harbourview Dr,Harbor Beach,Barrier island / beach,Single Family,4203.0,False,2679000.0,637.0,845.0,4,-24.6,Underpriced
Active,3000 Holiday Drive Unit#1505,Holiday Dr,Maya Marca,Barrier island / beach,Condo,1609.0,True,645000.0,401.0,531.0,11,-24.5,Underpriced
Active,1700 SE 15th Street Unit#306,SE 15th St,Caravel Condominium Apartm,Intracoastal / canal waterfront,Condo,1250.0,True,396000.0,317.0,420.0,45,-24.5,Underpriced
Active,1609 NW 7th Ter,NW 7th Ter,Progresso,Mainland inland,Single Family,2034.0,False,559000.0,275.0,364.0,10,-24.5,Underpriced
Active,9 NE 19th Ct Unit#104C,NE 19th Ct,Manor Grove Village One Manor Grove Village,Mainland inland,Condo,750.0,False,139900.0,187.0,247.0,28,-24.3,Underpriced
Active,520 SE 5th Avenue Unit#1202,SE 5th Ave,Las Olas,Downtown high-rise,Condo,1148.0,False,375000.0,327.0,431.0,73,-24.1,Underpriced
Active,111 SE 8th Avenue Unit#1501,SE 8th Ave,Venezia,Intracoastal / canal waterfront,Condo,4120.0,True,1899000.0,461.0,607.0,7,-24.1,Underpriced
Active,520 SE 5th Ave Unit#2303,SE 5th Ave,Las Olas,Mainland inland,Condo,1447.0,False,458000.0,317.0,417.0,73,-24.0,Underpriced
Pending,900 SW 12th St Unit#305,SW 12th St,Rio Nuevo,Intracoastal / canal waterfront,Condo,1000.0,True,249000.0,249.0,327.0,17,-23.9,Underpriced
Active,700 SE 14th St Unit#G,SE 14th St,Southport Townhomes,Mainland inland,Townhouse,1250.0,False,398000.0,318.0,418.0,8,-23.9,Underpriced
Active,1115 SW 5th Pl,SW 5th Pl,Riverside Amen,Intracoastal / canal waterfront,Single Family,4751.0,True,2895000.0,609.0,797.0,4,-23.6,Underpriced
Active,2841 N Ocean Boulevard Unit#2008,N Ocean Blvd,Vantage View,Barrier island / beach,Condo,1100.0,False,535000.0,486.0,635.0,147,-23.5,Underpriced
Active,2670 E Sunrise Boulevard Unit#524,E Sunrise Blvd,Gallery One,Intracoastal / canal waterfront,Condo,639.0,True,149700.0,234.0,306.0,49,-23.5,Underpriced
Pending,2670 E Sunrise Boulevard Unit#509,E Sunrise Blvd,Gallery One,Intracoastal / canal waterfront,Condo,836.0,True,200000.0,239.0,312.0,49,-23.4,Underpriced
Active,1100 SW 12th Street Unit#109,SW 12th St,Rio Nuervo,Intracoastal / canal waterfront,Condo,1020.0,True,275000.0,270.0,352.0,17,-23.3,Underpriced
Active,1160 N Federal Hwy Unit#213,N Federal Hwy,East Point Towers,Intracoastal / canal waterfront,Condo,1920.0,True,425000.0,221.0,288.0,40,-23.3,Underpriced
Active,1035 SE 15th Street Unit#10B,SE 15th St,Cliff Lake Villas,Mainland inland,Condo,800.0,False,189900.0,237.0,309.0,45,-23.3,Underpriced
Active,1420 NW 5th Avenue,NW 5th Ave,Progresso,Mainland inland,Single Family,1615.0,False,565000.0,350.0,455.0,13,-23.1,Underpriced
Active,301 Hendricks Isle Unit#6,Hendricks Isle,Place Des Arts,Intracoastal / canal waterfront,Condo,3726.0,True,1695000.0,455.0,591.0,32,-23.0,Underpriced
Active,720 SE 7th St,SE 7th St,Rio Vista,Mainland inland,Single Family,4150.0,False,3400000.0,819.0,1064.0,23,-23.0,Underpriced
Active,2424 SE 17th Cswy Unit#312B,SE 17th Cswy,Village Harbor Beach,Barrier island / beach,Condo,875.0,False,295000.0,337.0,437.0,0,-22.9,Underpriced
Active,2700 NE 8th Avenue,NE 8th Ave,Highland Estates,Mainland inland,Townhouse,2785.0,False,849900.0,305.0,395.0,44,-22.8,Underpriced
Active,341 City View Dr,City View Dr,City View City View Townhomes,Downtown high-rise,Townhouse,1452.0,False,479999.0,331.0,429.0,11,-22.8,Underpriced
Active,310 SE 11th Ave,SE 11th Ave,Himmarshee Park,Intracoastal / canal waterfront,Single Family,6058.0,True,5890000.0,972.0,1259.0,8,-22.8,Underpriced
Active,1620 S Ocean Ln Unit#236,S Ocean Ln,Oceanage,Barrier island / beach,Condo,1273.0,True,1050000.0,825.0,1067.0,66,-22.7,Underpriced
Active,1343 Ponce De Leon Drive,Ponce De Leon Dr,Rio Vista,Finger-isle waterfront,Single Family,3083.0,True,2295000.0,744.0,962.0,13,-22.7,Underpriced
Active,2800 E Sunrise Blvd Unit#17E,E Sunrise Blvd,Sunrise East,Barrier island / beach,Condo,1497.0,True,774000.0,517.0,668.0,49,-22.6,Underpriced
Active,520 SE 5th Ave Unit#2501,SE 5th Ave,Las Olas,Downtown high-rise,Condo,894.0,False,294000.0,329.0,425.0,73,-22.6,Underpriced
Active,1800 N Andrews Ave Unit#2E,N Andrews Ave,Drake Tower,Mainland inland,Condo,775.0,False,149900.0,193.0,249.0,32,-22.5,Underpriced
Active,2100 S Ocean Ln Unit#701,S Ocean Ln,Point Americas,Barrier island / beach,Condo,1297.0,True,685000.0,528.0,681.0,66,-22.5,Underpriced
Active,2829 NE 30th Street Unit#302,NE 30th St,Regency House Co Op,Mainland inland,Condo,858.0,False,239000.0,279.0,360.0,33,-22.5,Underpriced
Active,1133 NE 18th Court,NE 18th Ct,Lauderdale Park,Intracoastal / canal waterfront,Single Family,2576.0,True,1825000.0,708.0,914.0,9,-22.5,Underpriced
Pending,400 SE 22nd Street Unit#1,SE 22nd St,Chelsea Residences,Downtown high-rise,Townhouse,1850.0,False,655000.0,354.0,457.0,0,-22.5,Underpriced
Active,2021 SW 14th Terrace,SW 14th Ter,River Oaks La Preserve,Intracoastal / canal waterfront,Single Family,2800.0,True,1599000.0,571.0,736.0,0,-22.4,Underpriced
Active,2056 NE 21st Court,NE 21st Ct,South Coral Point,Intracoastal / canal waterfront,Single Family,2851.0,True,1595000.0,559.0,720.0,11,-22.4,Underpriced
Active,1800 N Andrews Avenue Unit#2f,N Andrews Ave,Drake Tower,Intracoastal / canal waterfront,Condo,980.0,True,245000.0,250.0,322.0,32,-22.4,Underpriced
Active,1920 S Ocean Drive Unit#1504,S Ocean Dr,Atlantic Towers Co Op,Barrier island / beach,Condo,805.0,False,299000.0,371.0,477.0,49,-22.2,Underpriced
Active,1920 S Ocean Dr Unit#701,S Ocean Dr,Atlantic Towers Co Op Atlantic Towers,Barrier island / beach,Condo,1185.0,True,578000.0,488.0,627.0,49,-22.2,Underpriced
Pending,511 SE 5th Ave Unit#611,SE 5th Ave,Nuriver Landing,Intracoastal / canal waterfront,Condo,1246.0,True,399000.0,320.0,411.0,73,-22.1,Underpriced
Pending,2841 N Ocean Boulevard Unit#1102,N Ocean Blvd,Vantage View,Barrier island / beach,Condo,1100.0,False,535000.0,486.0,622.0,147,-21.9,Underpriced
Active,1836 SW 9th Ave,SW 9th Ave,Port,Mainland inland,Single Family,1581.0,False,599000.0,379.0,485.0,10,-21.9,Underpriced
Active,1800 N Andrews Avenue Unit#4B,N Andrews Ave,Drake Tower,Intracoastal / canal waterfront,Condo,850.0,True,214999.0,253.0,324.0,32,-21.9,Underpriced
Active,1700 SE 15th Street Unit#309,SE 15th St,Caravel Condominium Apartm,Intracoastal / canal waterfront,Condo,1200.0,True,435000.0,362.0,463.0,45,-21.8,Underpriced
Active,2601 Delmar Pl,Delmar Pl,Gould Isles,Intracoastal / canal waterfront,Single Family,6019.0,True,6250000.0,1038.0,1328.0,4,-21.8,Underpriced
Active,2831 N Ocean Boulevard Unit#1006N,N Ocean Blvd,Sapphire Fort Lauderdale,Barrier island / beach,Condo,1274.0,False,799000.0,627.0,801.0,147,-21.7,Underpriced
Active,2406 Barcelona Drive,Barcelona Dr,Sea Isles,Finger-isle waterfront,Single Family,5377.0,True,5495000.0,1022.0,1306.0,0,-21.7,Underpriced
Active,2100 S Ocean Lane Unit#2509ph,S Ocean Ln,Point Americas,Barrier island / beach,Condo,1513.0,True,800000.0,529.0,676.0,66,-21.7,Underpriced
Active,445 NE 11th Avenue,NE 11th Ave,Halls,Mainland inland,Single Family,3407.0,False,3295000.0,967.0,1234.0,18,-21.6,Underpriced
Active,91 Fiesta Way,Fiesta Way,Nurmi Isles,Finger-isle waterfront,Single Family,6184.0,True,7450000.0,1205.0,1535.0,9,-21.5,Underpriced
Active,3325 NE 18th,NE 18th,Las Olas,Mainland inland,Single Family,5000.0,False,4800000.0,960.0,1222.0,0,-21.4,Underpriced
Active,720 Orton Avenue Unit#206,Orton Ave,Leisure Sands,Barrier island / beach,Condo,810.0,False,275000.0,340.0,432.0,13,-21.3,Underpriced
Active,1529 NW 1st Ave,NW 1st Ave,Progresso,Mainland inland,Single Family,1300.0,False,497900.0,383.0,485.0,32,-21.0,Underpriced
Active,2924 NW 8th Avenue,NW 8th Ave,Jenada Villas,Mainland inland,Single Family,2465.0,False,695000.0,282.0,357.0,8,-21.0,Underpriced
Active,2301 N Atlantic Boulevard,N Atlantic Blvd,Lauderdale Beach,Barrier island / beach,Single Family,3400.0,False,2695000.0,793.0,1002.0,0,-20.9,Underpriced
Active,640 Tennis Club Drive Unit#103,Tennis Club Dr,Tennis Club Mc Loughlin Co,Mainland inland,Condo,1496.0,False,269999.0,180.0,227.0,25,-20.7,Underpriced
Active,2831 N Ocean Boulevard Unit#303n,N Ocean Blvd,Sapphire Fort Lauderdale,Barrier island / beach,Condo,1888.0,False,1195000.0,633.0,797.0,147,-20.6,Underpriced
Active,1900 S Ocean Drive Unit#1002,S Ocean Dr,Breakwater Tower,Barrier island / beach,Condo,1036.0,False,399000.0,385.0,485.0,49,-20.6,Underpriced
Active,1100 NW 7th Ave,NW 7th Ave,Progresso,Mainland inland,Single Family,1258.0,False,415000.0,330.0,415.0,21,-20.5,Underpriced
Active,1526 SW 29th St,SW 29th St,Reserve Edgewood Edge On,Mainland inland,Townhouse,1921.0,False,580000.0,302.0,380.0,0,-20.5,Underpriced
Active,1881 Middle River Dr Unit#704,Middle River Dr,Middle River Tower,Intracoastal / canal waterfront,Condo,800.0,True,239000.0,299.0,376.0,33,-20.5,Underpriced
Active,2841 N Ocean Boulevard Unit#1503,N Ocean Blvd,Vantage View,Barrier island / beach,Condo,1100.0,False,545000.0,495.0,622.0,147,-20.4,Underpriced
Active,1645 NE 16th Avenue,NE 16th Ave,Progresso,Mainland inland,Single Family,1742.0,False,719000.0,413.0,519.0,73,-20.4,Underpriced
Pending,2841 N Ocean Boulevard Unit#2010,N Ocean Blvd,Vantage View,Barrier island / beach,Condo,1200.0,False,599000.0,499.0,627.0,147,-20.4,Underpriced
Active,1850 S Ocean Drive Unit#111,S Ocean Dr,Lake Mayan Apts Co Op,Barrier island / beach,Condo,760.0,True,379000.0,499.0,627.0,49,-20.4,Underpriced
Active,524 SW 19th Way,SW 19th Way,Edge On Th,Mainland inland,Townhouse,1539.0,False,490000.0,318.0,399.0,0,-20.3,Underpriced
Pending,2015 NE 4th Ave,NE 4th Ave,Wilton Manors First,Mainland inland,Single Family,3755.0,False,2275000.0,606.0,759.0,5,-20.2,Underpriced
Pending,1225 NW 10th Place,NW 10th Pl,Lauderdale Manors,Mainland inland,Single Family,984.0,False,300000.0,305.0,382.0,4,-20.2,Underpriced
Active,1408 NW 9th Ave,NW 9th Ave,Progresso,Mainland inland,Single Family,1331.0,False,405000.0,304.0,381.0,8,-20.2,Underpriced
Active,2011 N Ocean Blvd Unit#1106,N Ocean Blvd,Vue,Barrier island / beach,Condo,1268.0,False,799900.0,631.0,790.0,147,-20.1,Underpriced
Active,2800 E Sunrise Blvd Unit#PHG,E Sunrise Blvd,Sunrise East,Barrier island / beach,Condo,4600.0,True,2295000.0,499.0,623.0,49,-19.9,Underpriced
Active,805 SE 10th Street,SE 10th St,Rio Vista,Mainland inland,Single Family,2408.0,False,1500000.0,623.0,778.0,7,-19.9,Underpriced
Active,1516 SW 15th Terrace,SW 15th Ter,Shady Banks On New River,Mainland inland,Single Family,2292.0,False,925000.0,404.0,504.0,4,-19.8,Underpriced
Active,520 SE 5th Avenue Unit#3209,SE 5th Ave,Las Olas,Downtown high-rise,Condo,1120.0,False,389000.0,347.0,432.0,73,-19.7,Underpriced
Active,2100 S Ocean Ln Unit#805,S Ocean Ln,Point Americas,Barrier island / beach,Condo,1880.0,True,995000.0,529.0,659.0,66,-19.7,Underpriced
Active,320 SW 21st Street,SW 21st St,Lauderdale,Mainland inland,Single Family,1476.0,False,575000.0,390.0,485.0,4,-19.6,Underpriced
Active,2100 N Ocean Blvd Unit#12D,N Ocean Blvd,Palms Tower One,Barrier island / beach,Condo,2172.0,True,1690000.0,778.0,968.0,147,-19.6,Underpriced
Active,440-436 NW 7th Terrace,440 436 NW 7th Ter,North Lauderdale,Mainland inland,Single Family,1386.0,False,670000.0,483.0,600.0,0,-19.5,Underpriced
Active,607 NE 17th Avenue,NE 17th Ave,Victoria Park,Mainland inland,Single Family,4694.0,False,3400000.0,724.0,899.0,36,-19.5,Underpriced
Active,1160 N Federal Hwy Unit#815,N Federal Hwy,East Point Towers,Intracoastal / canal waterfront,Condo,896.0,True,219000.0,244.0,303.0,40,-19.5,Underpriced
Active,9 NE 19th Ct Unit#208C,NE 19th Ct,Manor Grove Village One Wilton Manors,Mainland inland,Condo,750.0,False,155000.0,207.0,257.0,28,-19.5,Underpriced
Active,609 Poinciana Drive,Poinciana Dr,Idlewyld,Finger-isle waterfront,Single Family,4539.0,True,5395000.0,1189.0,1476.0,0,-19.4,Underpriced
Active,551 N Fort Lauderdale Beach Blvd Unit#H1715,N Fort Lauderdale Beach Blvd,Flb Condominium Hotel Elliott,Barrier island / beach,Condo,451.0,True,599000.0,1328.0,1646.0,78,-19.3,Underpriced
Pending,441 Royal Plaza Drive,Royal Plz Dr,Stilwell Isles,Finger-isle waterfront,Single Family,6162.0,True,6475000.0,1051.0,1303.0,6,-19.3,Underpriced
Pending,347 N New River Drive Unit#301,N New River Dr,Watergarden,Intracoastal / canal waterfront,Condo,1615.0,True,850000.0,526.0,651.0,31,-19.2,Underpriced
Active,1524 Argyle Dr,Argyle Dr,River Highlands Amen,Intracoastal / canal waterfront,Single Family,4550.0,True,2950000.0,648.0,802.0,0,-19.2,Underpriced
Active,315 NE 3rd Avenue Unit#1201,NE 3rd Ave,Strada,Downtown high-rise,Condo,1185.0,False,448000.0,378.0,467.0,57,-19.1,Underpriced
Active,900 SW 12th St Unit#110,SW 12th St,Rio Nuevo,Intracoastal / canal waterfront,Condo,1000.0,True,265000.0,265.0,327.0,17,-19.0,Underpriced
Active,2555 NE 11th Street Unit#806,NE 11th St,Horizon House,Mainland inland,Condo,710.0,False,209000.0,294.0,363.0,12,-19.0,Underpriced
Pending,1317 SW 4th Street,SW 4th St,Village Sailboat Bend,Mainland inland,Townhouse,1853.0,False,465000.0,251.0,309.0,8,-18.8,Underpriced
Active,520 SE 5th Ave Unit#1307,SE 5th Ave,Las Olas,Downtown high-rise,Condo,816.0,False,285500.0,350.0,431.0,73,-18.8,Underpriced
Active,1535 SE 15th St Unit#304,SE 15th St,Harbor View Apts Harbor View,Intracoastal / canal waterfront,Condo,688.0,True,239900.0,349.0,430.0,45,-18.8,Underpriced
Active,3024 NE 2nd Terrace,NE 2nd Ter,Almar Estates,Mainland inland,Single Family,1916.0,False,719000.0,375.0,462.0,0,-18.8,Underpriced
Active,533 NE 3rd Avenue Unit#204,NE 3rd Ave,Sole Fort Lauderdale Co,Downtown high-rise,Condo,1240.0,False,365999.0,295.0,363.0,57,-18.7,Underpriced
Active,2555 NE 11th Street Unit#302,NE 11th St,Horizon House,Mainland inland,Condo,970.0,False,270000.0,278.0,342.0,12,-18.7,Underpriced
Active,424 Coconut Isle Drive,Coconut Isle Dr,Venice,Finger-isle waterfront,Single Family,5301.0,True,6495000.0,1225.0,1507.0,7,-18.7,Underpriced
Active,2831 N Ocean Blvd Unit#207N,N Ocean Blvd,Sapphire Fort Lauderdale Sapphire,Barrier island / beach,Condo,1468.0,False,940000.0,640.0,787.0,147,-18.7,Underpriced
Active,1817 SE 25 Avenue,SE 25 Ave,Harbour Heights,Mainland inland,Single Family,2529.0,False,1275000.0,504.0,619.0,0,-18.6,Underpriced
Active,3101 Bayshore Drive,Bayshore Dr,Fort Lauderdale Residence,Barrier island / beach,Condo,1176.0,True,810000.0,689.0,846.0,83,-18.6,Underpriced
Pending,2936 Coral Shores Dr,Coral Shores Dr,Coral Shores,Mainland inland,Single Family,1481.0,False,750000.0,506.0,621.0,7,-18.5,Underpriced
Active,936 Intracoastal Drive Unit#22C,Intracoastal Dr,Corinthian On Intracoa,Intracoastal / canal waterfront,Condo,1500.0,True,879000.0,586.0,718.0,39,-18.4,Underpriced
Active,520 SE 5th Avenue Unit#2406,SE 5th Ave,Las Olas,Downtown high-rise,Condo,1136.0,False,439000.0,386.0,472.0,73,-18.2,Underpriced
Pending,1407 SE 9 Street,SE 9 St,Rio Vista,Mainland inland,Single Family,3622.0,False,3395000.0,937.0,1145.0,0,-18.2,Underpriced
Active,520 SE 5th Ave Unit#3305,SE 5th Ave,Las Olas,Downtown high-rise,Condo,808.0,False,285000.0,353.0,431.0,73,-18.1,Underpriced
Active,1308 SW 3rd Ct,SW 3rd Ct,Village Sailboat Bend Sailboat Bend,Mainland inland,Townhouse,1679.0,False,455000.0,271.0,331.0,0,-18.1,Underpriced
Active,1617 NE 2nd Court,NE 2nd Ct,Victoria Park,Mainland inland,Townhouse,2652.0,False,899000.0,339.0,414.0,0,-18.1,Underpriced
Pending,351 NE 19th Place Unit#217k,NE 19th Pl,Manor Grove Village Four,Mainland inland,Condo,1200.0,False,269000.0,224.0,273.0,0,-17.9,Underpriced
Active,200 S Birch Road Unit#701,S Birch Rd,Leisure Beach,Barrier island / beach,Condo,756.0,True,328000.0,434.0,528.0,25,-17.8,Underpriced
Pending,16 NE 20th Court Unit#B8,NE 20th Ct,Manor Grove Village Three,Mainland inland,Condo,960.0,False,239000.0,249.0,303.0,15,-17.8,Underpriced
Active,3020 NE 32nd Avenue Unit#623,NE 32nd Ave,Tides Bridgeside Square,Barrier island / beach,Condo,720.0,False,319999.0,444.0,540.0,27,-17.8,Underpriced
Active,9 NE 19th Court Unit#C216,NE 19th Ct,Manor Grove Village One In,Mainland inland,Condo,1180.0,False,259000.0,219.0,266.0,28,-17.7,Underpriced
Active,1515 E Broward Boulevard Unit#426,E Broward Blvd,Pine Crest Village,Mainland inland,Condo,960.0,False,325000.0,339.0,412.0,11,-17.7,Underpriced
Active,1749 NW 18th Street,NW 18th St,Lauderdale Manors,Mainland inland,Single Family,1303.0,False,380000.0,292.0,355.0,11,-17.7,Underpriced
Active,2901 NW 9th Ter,NW 9th Ter,Jenada Villas,Intracoastal / canal waterfront,Single Family,2023.0,True,790000.0,391.0,475.0,8,-17.7,Underpriced
Pending,1475 SE 15th Street Unit##314,SE 15th St,Embassy Apts,Intracoastal / canal waterfront,Condo,570.0,True,209900.0,368.0,446.0,45,-17.5,Underpriced
Active,710 NE 3rd Ave,NE 3rd Ave,Flagler Heights Bamboo Flats,Mainland inland,Townhouse,2842.0,False,1095000.0,385.0,466.0,57,-17.4,Underpriced
Active,2100 S Ocean Drive Unit#11-L,S Ocean Dr,Sky Harbour East,Finger-isle waterfront,Condo,900.0,True,469000.0,521.0,630.0,49,-17.3,Underpriced
Active,347 N NEW RIVER Drive Unit#406,N New River Dr,Watergarden,Downtown high-rise,Condo,820.0,False,349000.0,426.0,515.0,31,-17.3,Underpriced
Active,2024 NE 26th Drive,NE 26th Dr,Coral Gardens,Mainland inland,Single Family,1310.0,False,530000.0,405.0,489.0,11,-17.2,Underpriced
Active,1101 River Reach Drive Unit#308,River Reach Dr,River Reach,Intracoastal / canal waterfront,Condo,1250.0,True,339900.0,272.0,328.0,50,-17.1,Underpriced
Active,1241 NW 6th Ave,NW 6th Ave,Progresso,Mainland inland,Single Family,1015.0,False,380000.0,374.0,451.0,18,-17.1,Underpriced
Active,433 NE 11th Ave,NE 11th Ave,Victoria Park,Mainland inland,Single Family,4361.0,False,3450000.0,791.0,954.0,18,-17.1,Underpriced
Active,936 Intracoastal Dr Unit#15H,Intracoastal Dr,Corinthian On Intraco Corinthian,Intracoastal / canal waterfront,Condo,1620.0,True,874000.0,540.0,651.0,39,-17.1,Underpriced
Active,1920 S Ocean Drive Unit#503,S Ocean Dr,Atlantic Towers Co Op,Barrier island / beach,Condo,805.0,False,319000.0,396.0,477.0,49,-17.0,Underpriced
Active,1823 SW 22nd St,SW 22nd St,Osceola Park,Mainland inland,Single Family,1926.0,False,636000.0,330.0,397.0,7,-16.9,Underpriced
Active,1809 Coral Gardens Dr,Coral Gardens Dr,Middle River Estates,Intracoastal / canal waterfront,Single Family,3669.0,True,2000000.0,545.0,656.0,10,-16.9,Underpriced
Active,1406 NE 15th Street,NE 15th St,Verena Park,Mainland inland,Single Family,2273.0,False,699000.0,308.0,370.0,17,-16.8,Underpriced
Active,2100 S Ocean Lane Unit#703,S Ocean Ln,Point Americas,Barrier island / beach,Condo,1500.0,True,845000.0,563.0,677.0,66,-16.8,Underpriced
Active,2670 E Sunrise Blvd Unit#311,E Sunrise Blvd,Gallery One Gallery,Mainland inland,Condo,341.0,False,139900.0,410.0,493.0,49,-16.8,Underpriced
Active,705 SW 8th Terrace,SW 8th Ter,Tarpon River,Mainland inland,Single Family,2458.0,False,1699000.0,691.0,831.0,7,-16.8,Underpriced
Active,347 N New River Dr E Unit#2206,N New River Dr E,Watergarden,Intracoastal / canal waterfront,Condo,820.0,True,445000.0,543.0,653.0,28,-16.8,Underpriced
Active,2607 NE 8th Avenue Unit#33,NE 8th Ave,Wilton Village,Mainland inland,Condo,846.0,False,265000.0,313.0,376.0,44,-16.8,Underpriced
Active,2500 E Las Olas Boulevard Unit#1505,E Las Olas Blvd,Marine Tower,Intracoastal / canal waterfront,Condo,870.0,True,250000.0,287.0,345.0,48,-16.8,Underpriced
Active,12 NE 19th Court Unit#118a,NE 19th Ct,Manor Grove Village,Mainland inland,Condo,750.0,False,169000.0,225.0,270.0,28,-16.7,Underpriced
Active,520 SE 5th Ave Unit#3403,SE 5th Ave,Las Olas,Downtown high-rise,Condo,793.0,False,285000.0,359.0,431.0,73,-16.7,Underpriced
Active,2011 N Ocean Boulevard Unit#1406N,N Ocean Blvd,Vue,Barrier island / beach,Condo,1268.0,False,833900.0,658.0,790.0,147,-16.7,Underpriced
Active,936 Intracoastal Drive Unit#12h,Intracoastal Dr,Corinthian On Intracoa,Intracoastal / canal waterfront,Condo,1620.0,True,875000.0,540.0,648.0,39,-16.7,Underpriced
Active,625 Orton Avenue Unit#18,Orton Ave,Beach Breeze Apts Co Op,Barrier island / beach,Condo,882.0,False,299000.0,339.0,407.0,13,-16.7,Underpriced
Active,817 SW 12th St,SW 12th St,Vinik,Mainland inland,Single Family,1679.0,False,620000.0,369.0,442.0,17,-16.5,Underpriced
Active,1115 NW 1st Ave,NW 1st Ave,Progresso,Mainland inland,Single Family,1323.0,False,429000.0,324.0,388.0,32,-16.5,Underpriced
Pending,888 Intracoastal Dr Unit#2B,Intracoastal Dr,Sunrise Tower,Intracoastal / canal waterfront,Condo,850.0,True,339000.0,399.0,478.0,39,-16.5,Underpriced
Active,1000 River Reach Drive Unit#406,River Reach Dr,River Reach,Intracoastal / canal waterfront,Condo,900.0,True,214999.0,239.0,286.0,50,-16.4,Underpriced
Active,533 NE 3rd Ave Unit#503,NE 3rd Ave,Sole Fort Lauderdale,Downtown high-rise,Condo,1240.0,False,369999.0,298.0,356.0,57,-16.3,Underpriced
Active,1201 Mandarin Isle,Mandarin Isle,South New River Isles,Finger-isle waterfront,Single Family,3795.0,True,3350000.0,883.0,1055.0,5,-16.3,Underpriced
Active,1839 SW 23rd Street,SW 23rd St,Osceola Park,Mainland inland,Single Family,1194.0,False,437000.0,366.0,437.0,30,-16.2,Underpriced
Active,511 Bayshore Drive Unit#405,Bayshore Dr,Bayshore Towers,Barrier island / beach,Condo,1330.0,True,699000.0,526.0,628.0,83,-16.2,Underpriced
Active,1308 SW 9th Avenue,SW 9th Ave,Isles View,Mainland inland,Single Family,1632.0,False,579999.0,355.0,423.0,10,-16.1,Underpriced
Active,2200 S Ocean Ln Unit#1501-1503,S Ocean Ln,Point Americas,Barrier island / beach,Condo,4902.0,True,2795000.0,570.0,679.0,66,-16.1,Underpriced
Active,630 SE 15th St Unit#5,SE 15th St,Everglades Land Sales Co Harbor Vista,Mainland inland,Townhouse,1826.0,False,679900.0,372.0,443.0,45,-16.0,Underpriced
Active,2012 SW 4th Avenue,SW 4th Ave,Lauderdale,Mainland inland,Single Family,1782.0,False,839000.0,471.0,559.0,20,-15.7,Underpriced
Active,1731 SE 15th St Unit#511,SE 15th St,Cromwell West,Intracoastal / canal waterfront,Condo,704.0,True,265000.0,376.0,446.0,45,-15.7,Underpriced
Active,2110 N Ocean Blvd Unit#21B,N Ocean Blvd,Palms,Barrier island / beach,Condo,2623.0,True,2095000.0,799.0,948.0,147,-15.7,Underpriced
Active,1900 S Ocean Drive Unit#1504,S Ocean Dr,Breakwater Towers Co Op,Barrier island / beach,Condo,805.0,False,325000.0,404.0,479.0,49,-15.7,Underpriced
Active,535 Hendricks Isle Apt Unit#306,Hendricks Isle,Burton Point,Intracoastal / canal waterfront,Condo,800.0,True,375000.0,469.0,556.0,32,-15.6,Underpriced
Active,3040 NE 16th Avenue Unit#402,NE 16th Ave,River Shores,Intracoastal / canal waterfront,Condo,600.0,True,189000.0,315.0,373.0,73,-15.5,Underpriced
Active,1136 NW 5th Court,NW 5th Ct,Tuskegee Park,Mainland inland,Single Family,1256.0,False,420000.0,334.0,395.0,0,-15.4,Underpriced
Active,301 Hendricks Isle Unit#10,Hendricks Isle,Place Des Arts,Intracoastal / canal waterfront,Condo,4134.0,True,1999000.0,484.0,572.0,32,-15.4,Underpriced
Active,1500 SW 20th Street,SW 20th St,River Oaks,Mainland inland,Single Family,2464.0,False,840000.0,341.0,403.0,8,-15.4,Underpriced
Active,2821 N Ocean Blvd Unit#508S,N Ocean Blvd,Sapphire Fort Lauderdale,Barrier island / beach,Condo,1500.0,False,995000.0,663.0,784.0,147,-15.4,Underpriced
Active,936 Intracoastal Dr Unit#9H,Intracoastal Dr,Corinthian On Intraco Corinthian,Intracoastal / canal waterfront,Condo,1620.0,True,895000.0,552.0,651.0,39,-15.2,Underpriced
Active,2200 S OCEAN LN Unit#1501-2,S Ocean Ln,Point Americas,Barrier island / beach,Condo,3644.0,True,1995000.0,547.0,645.0,66,-15.2,Underpriced
Active,2300 NE 16th Avenue,NE 16th Ave,Edgewater Estates,Mainland inland,Single Family,1690.0,False,979900.0,580.0,684.0,73,-15.2,Underpriced
Active,1000 SW 12th St Unit#201,SW 12th St,Rio Nuevo,Intracoastal / canal waterfront,Condo,879.0,True,239900.0,273.0,322.0,17,-15.2,Underpriced
Active,76 Isle Of Venice Drive Unit#G,Isle Of Venice Dr,Isles Venice Co Op,Finger-isle waterfront,Condo,3020.0,True,1395000.0,462.0,545.0,35,-15.2,Underpriced
Active,924 NW 14 Court,NW 14 Ct,Lauderdale Manors,Mainland inland,Single Family,1079.0,False,300000.0,278.0,328.0,0,-15.2,Underpriced
Active,2212 NE 17th Place,NE 17th Pl,Bal Harbour,Finger-isle waterfront,Single Family,3400.0,True,2200000.0,647.0,763.0,0,-15.2,Underpriced
Active,2757 NE 14th Avenue,NE 14th Ave,Middle River Estates,Intracoastal / canal waterfront,Single Family,1824.0,True,1199000.0,657.0,774.0,73,-15.1,Underpriced
Active,3017 N Atlantic Boulevard,N Atlantic Blvd,Lauderdale Beach,Barrier island / beach,Single Family,4620.0,False,4900000.0,1061.0,1249.0,0,-15.1,Underpriced
Active,2005 NW 11th Ave,NW 11th Ave,Hillmont Middle River Vis,Mainland inland,Single Family,1162.0,False,369000.0,318.0,374.0,0,-15.0,Underpriced
Active,1160 N Federal Hwy Unit#822,N Federal Hwy,East Point Towers,Intracoastal / canal waterfront,Condo,1344.0,True,345000.0,257.0,302.0,40,-14.9,Underpriced
Pending,3325 NE 14th Court,NE 14th Ct,Las Olas,Mainland inland,Single Family,3616.0,False,2600000.0,719.0,845.0,5,-14.9,Underpriced
Active,2112 Manatee Drive,Manatee Dr,Harbour Inlet,Mainland inland,Single Family,2875.0,False,1899000.0,661.0,777.0,0,-14.9,Underpriced
Active,2555 NE 11th Street Unit#609,NE 11th St,Horizon House,Mainland inland,Condo,970.0,False,299000.0,308.0,362.0,12,-14.9,Underpriced
Active,2670 E Sunrise Blvd Unit#1132,E Sunrise Blvd,Gallery One,Intracoastal / canal waterfront,Condo,643.0,True,169999.0,264.0,309.0,49,-14.6,Underpriced
Active,3057 NE 16th Avenue,NE 16th Ave,Coral Brook,Intracoastal / canal waterfront,Single Family,1810.0,True,1275000.0,704.0,823.0,73,-14.5,Underpriced
Active,67 NE 20th Court Unit#6h,NE 20th Ct,Manor Grove Village Three,Mainland inland,Condo,960.0,False,249000.0,259.0,303.0,15,-14.5,Underpriced
Active,2607 NE 8th Avenue Unit#29,NE 8th Ave,Wilton Village,Mainland inland,Condo,597.0,False,199900.0,335.0,392.0,44,-14.5,Underpriced
Pending,1901 N Ocean Boulevard Unit#9e,N Ocean Blvd,Shore Club,Barrier island / beach,Condo,1500.0,False,899000.0,599.0,700.0,147,-14.4,Underpriced
Active,101 S Fort Lauderdale Beach Boulevard Unit#702,S Fort Lauderdale Beach Blvd,Las Olas,Barrier island / beach,Condo,2380.0,True,1499000.0,630.0,735.0,20,-14.3,Underpriced
Active,1625 SE 1st Street,SE 1st St,Colee Hammock,Mainland inland,Single Family,4594.0,False,4499000.0,979.0,1142.0,10,-14.3,Underpriced
Active,900 SW 12th Street Unit#202,SW 12th St,Rio Nuevo,Intracoastal / canal waterfront,Condo,750.0,True,229000.0,305.0,356.0,17,-14.3,Underpriced
Active,820 SW 18th Court,SW 18th Ct,Port,Mainland inland,Single Family,1749.0,False,685000.0,392.0,457.0,11,-14.2,Underpriced
Active,315 NE 3rd Avenue Unit#1506,NE 3rd Ave,Strada,Downtown high-rise,Condo,1579.0,False,610000.0,386.0,450.0,57,-14.2,Underpriced
Active,551 N Fort Lauderdale Beach Blvd Unit#R204,N Fort Lauderdale Beach Blvd,Flb Condominium Resid Ocean Resort Residences,Barrier island / beach,Condo,1061.0,True,1395000.0,1315.0,1533.0,78,-14.2,Underpriced
Active,719 N Victoria Park Road,N Victoria Park Rd,Victoria Highlands Pla,Mainland inland,Single Family,4051.0,False,3199000.0,790.0,921.0,30,-14.2,Underpriced
Pending,2217 NW 4th Avenue,NW 4th Ave,Hillbrook,Mainland inland,Single Family,1365.0,False,589000.0,432.0,503.0,12,-14.1,Underpriced
Active,59 Hendricks Isle,Hendricks Isle,Laguna Del Sol,Finger-isle waterfront,Townhouse,3678.0,True,2490000.0,677.0,787.0,32,-14.0,Underpriced
Active,2417 NW 7th Avenue,NW 7th Ave,Hillbrook,Mainland inland,Single Family,1763.0,False,649000.0,368.0,428.0,21,-14.0,Underpriced
Active,2401 NE 17th Terrace,NE 17th Ter,Max Swartz,Mainland inland,Single Family,1320.0,False,785000.0,595.0,691.0,26,-13.9,Underpriced
Active,1000 River Reach Drive Unit#212,River Reach Dr,River Reach,Intracoastal / canal waterfront,Condo,1025.0,True,259000.0,253.0,294.0,50,-13.9,Underpriced
Active,124 NE 19th Ct Unit#114B,NE 19th Ct,Manor Grove Village Con Manor Grove Village,Intracoastal / canal waterfront,Condo,750.0,True,209000.0,279.0,324.0,28,-13.9,Underpriced
Active,1750 S Ocean Lane Unit#219,S Ocean Ln,Lago Mar Place Co Op,Barrier island / beach,Condo,1158.0,True,625000.0,540.0,627.0,66,-13.9,Underpriced
Active,615 Bayshore Drive Unit#301,Bayshore Dr,La Cascade,Barrier island / beach,Condo,2274.0,True,1395000.0,613.0,712.0,83,-13.9,Underpriced
Active,1115 SE 14th Place Unit#19c,SE 14th Pl,Cliff Lake Villas Co Op,Mainland inland,Condo,600.0,False,150000.0,250.0,290.0,0,-13.8,Underpriced
Active,907 NE 16th Avenue,NE 16th Ave,Victoria Park,Mainland inland,Townhouse,2483.0,False,1350000.0,544.0,630.0,73,-13.7,Underpriced
Active,1308 Avocado Isle,Avocado Isle,South New River Isles,Finger-isle waterfront,Single Family,3000.0,True,2999900.0,1000.0,1159.0,5,-13.7,Underpriced
Active,2024 NW 10th Ave,NW 10th Ave,Hillmont Middle River Vis,Intracoastal / canal waterfront,Single Family,1608.0,True,650000.0,404.0,468.0,7,-13.7,Underpriced
Active,1514 SW 4th Avenue Unit#1514,SW 4th Ave,Name,Mainland inland,Townhouse,2220.0,False,994100.0,448.0,519.0,20,-13.7,Underpriced
Active,315 NE 3rd Ave Unit#2103,NE 3rd Ave,Strada,Downtown high-rise,Condo,1464.0,False,575000.0,393.0,455.0,57,-13.6,Underpriced
Active,723 NW 15th Way,NW 15th Way,Carver Park,Mainland inland,Single Family,1080.0,False,350000.0,324.0,375.0,7,-13.6,Underpriced
Active,919 NE 17th Terrace Unit#A,NE 17th Ter,Victoria Park,Mainland inland,Townhouse,2445.0,False,1595000.0,652.0,755.0,26,-13.6,Underpriced
Active,936 Intracoastal Drive Unit#22F,Intracoastal Dr,Corinthian On Intracoa,Intracoastal / canal waterfront,Condo,1500.0,True,849000.0,566.0,655.0,39,-13.6,Underpriced
Active,709 Isle Of Palms Dr,Isle Of Palms Dr,Stilwell Isles,Finger-isle waterfront,Single Family,7130.0,True,7999999.0,1122.0,1297.0,4,-13.5,Underpriced
Active,69 Isle Of Venice Drive,Isle Of Venice Dr,Seaside Villas,Intracoastal / canal waterfront,Townhouse,3928.0,True,2499000.0,636.0,734.0,35,-13.4,Underpriced
Pending,400 Coral Way,Coral Way,Coral Isles,Finger-isle waterfront,Single Family,6349.0,True,9399000.0,1480.0,1707.0,10,-13.3,Underpriced
Active,2611 Clematis Place,Clematis Pl,Idlewyld,Mainland inland,Single Family,4594.0,False,4700000.0,1023.0,1180.0,0,-13.3,Underpriced
Active,3000 NE 16th Ave Unit#405,NE 16th Ave,River Shores,Downtown high-rise,Condo,600.0,False,149000.0,248.0,286.0,73,-13.3,Underpriced
Active,308 SW 14th Ct,SW 14th Ct,Lauderdale,Mainland inland,Single Family,2440.0,False,1499000.0,614.0,708.0,4,-13.3,Underpriced
Active,3000 Holiday Drive Unit#1103,Holiday Dr,Maya Marca,Barrier island / beach,Condo,1627.0,True,750000.0,461.0,531.0,11,-13.2,Underpriced
Active,2900 NE 12th Ter Unit#14,NE 12th Ter,Pointe Middle River,Intracoastal / canal waterfront,Townhouse,2152.0,True,889000.0,413.0,476.0,4,-13.2,Underpriced
Active,900 SW 12th Street Unit#100,SW 12th St,Rio Nuevo,Intracoastal / canal waterfront,Condo,800.0,True,224000.0,280.0,322.0,17,-13.0,Underpriced
Active,1413 NE 4th Court,NE 4th Ct,Las Olas,Mainland inland,Single Family,1894.0,False,1295000.0,684.0,786.0,0,-13.0,Underpriced
Active,520 SE 5th Avenue Unit#2404,SE 5th Ave,Las Olas,Downtown high-rise,Condo,1083.0,False,409000.0,378.0,434.0,73,-12.9,Underpriced
Pending,1940 NE 2nd Avenue Unit#101j,NE 2nd Ave,Manor Grove Village Four,Mainland inland,Condo,850.0,False,219900.0,259.0,297.0,23,-12.8,Underpriced
Active,151 NE 16th Avenue Unit#278,NE 16th Ave,Pine Crest Village Ii,Mainland inland,Condo,1273.0,False,450000.0,353.0,405.0,73,-12.8,Underpriced
Active,2670 E Sunrise Blvd Unit#521,E Sunrise Blvd,Gallery One,Intracoastal / canal waterfront,Condo,548.0,True,150000.0,274.0,314.0,49,-12.7,Underpriced
Active,551 N Fort Lauderdale Beach Blvd Unit#R2205,N Fort Lauderdale Beach Blvd,Flb Condominium Resid Elliott,Barrier island / beach,Condo,1113.0,True,1434900.0,1289.0,1477.0,78,-12.7,Underpriced
Active,200 S Birch Rd Unit#206,S Birch Rd,Leisure Beach,Barrier island / beach,Condo,647.0,False,234900.0,363.0,416.0,25,-12.7,Underpriced
Pending,100 S Birch Road Unit#1102C,S Birch Rd,Jackson Tower,Barrier island / beach,Condo,1990.0,True,975000.0,490.0,561.0,25,-12.7,Underpriced
Active,1117 SE 9th St,SE 9th St,Rio Vista,Mainland inland,Single Family,4487.0,False,3750000.0,836.0,958.0,9,-12.7,Underpriced
Pending,1722 NW 8th Ct,NW 8th Ct,Lauderdale Homesites,Mainland inland,Single Family,1256.0,False,410000.0,326.0,373.0,0,-12.6,Underpriced
Active,630 Tennis Club Drive Unit#Apt 204,Tennis Club Dr,Tennis Club Outerbridge Co,Intracoastal / canal waterfront,Condo,960.0,True,235000.0,245.0,280.0,25,-12.5,Underpriced
Active,347 N New River Drive Unit#1808,N New River Dr,Watergarden,Intracoastal / canal waterfront,Condo,1080.0,True,649000.0,601.0,686.0,31,-12.4,Underpriced
Active,1216 SE 1st Street,SE 1st St,Colee Hammock,Mainland inland,Single Family,2176.0,False,1450000.0,666.0,759.0,10,-12.3,Underpriced
Active,3101 Bayshore Dr Unit#704,Bayshore Dr,Fort Lauderdale Residence Fort Lauderdale,Barrier island / beach,Condo,1176.0,True,797000.0,678.0,771.0,83,-12.1,Underpriced
Active,3030 N Ocean Boulevard Unit#S101,N Ocean Blvd,Thirty North Ocean Cond,Barrier island / beach,Condo,2373.0,False,1995000.0,841.0,957.0,147,-12.1,Underpriced
Active,1423 Holly Heights Dr Unit#15,Holly Heights Dr,Cascade Holly Heights,Mainland inland,Condo,1032.0,False,277500.0,269.0,306.0,13,-12.1,Underpriced
Active,340 Sunset Drive Unit#1506,Sunset Dr,Essex Tower,Intracoastal / canal waterfront,Condo,1218.0,True,559000.0,459.0,522.0,26,-12.1,Underpriced
Active,2821 N Ocean Boulevard Unit#503s,N Ocean Blvd,Sapphire Fort Lauderdale,Barrier island / beach,Condo,1888.0,False,1325000.0,702.0,797.0,147,-11.9,Underpriced
Active,1777 NE 4th Avenue Unit#B3,NE 4th Ave,River Landings,Intracoastal / canal waterfront,Condo,1760.0,True,599900.0,341.0,387.0,5,-11.9,Underpriced
Active,1520 N Andrews Ave,N Andrews Ave,Progresso,Mainland inland,Single Family,1110.0,False,450000.0,405.0,459.0,32,-11.8,Underpriced
Active,2105 SW 12th Terrace,SW 12th Ter,Jacobs Landing,Mainland inland,Single Family,2141.0,False,999000.0,467.0,529.0,0,-11.7,Underpriced
Active,2500 E Las Olas Blvd Unit#408,E Las Olas Blvd,Marine Tower,Intracoastal / canal waterfront,Condo,1706.0,True,490000.0,287.0,325.0,48,-11.7,Underpriced
Active,3100 NE 21st Street,NE 21st St,Lauderdale Beach Ext,Barrier island / beach,Single Family,1939.0,False,1300000.0,670.0,757.0,5,-11.5,Underpriced
Active,9 NE 19th Court Unit#214c,NE 19th Ct,Manor Grove Village,Mainland inland,Condo,750.0,False,179000.0,239.0,270.0,28,-11.5,Underpriced
Pending,2607 NE 8th Avenue Unit##58,NE 8th Ave,Wilton Village,Mainland inland,Condo,806.0,False,269000.0,334.0,377.0,44,-11.4,Underpriced
Active,3055 Harbor Drive Unit#1402,Harbor Dr,Harbourage Place,Finger-isle waterfront,Condo,3488.0,True,1795000.0,515.0,581.0,0,-11.4,Underpriced
Pending,2732 NW 9th Terrace,NW 9th Ter,Jenada Villas,Mainland inland,Single Family,1547.0,False,515000.0,333.0,376.0,8,-11.4,Underpriced
Pending,1220 W Las Olas Boulevard Unit#1220,W Las Olas Blvd,Waverly Place,Mainland inland,Townhouse,1850.0,False,519000.0,281.0,317.0,40,-11.4,Underpriced
Active,200 S Birch Rd Unit#211,S Birch Rd,Leisure Beach,Barrier island / beach,Condo,647.0,False,239000.0,369.0,416.0,25,-11.3,Underpriced
Active,333 Las Olas Way Unit#1208,Las Olas Way,Las Olas,Intracoastal / canal waterfront,Condo,1161.0,True,699000.0,602.0,678.0,31,-11.2,Underpriced
Active,1731 SE 15th St Unit#315,SE 15th St,Cromwell West,Intracoastal / canal waterfront,Condo,814.0,True,320000.0,393.0,442.0,45,-11.1,Underpriced
Active,2555 NE 11th Street Unit#902,NE 11th St,Horizon House,Mainland inland,Condo,970.0,False,295000.0,304.0,342.0,12,-11.1,Underpriced
Active,704 Isle Of Palms Drive,Isle Of Palms Dr,Stilwell Isles Pa,Finger-isle waterfront,Single Family,6110.0,True,6495000.0,1063.0,1194.0,4,-11.0,Underpriced
Active,511 Bayshore Drive Unit#904,Bayshore Dr,Bayshore Towers,Barrier island / beach,Condo,1330.0,True,743500.0,559.0,628.0,83,-11.0,Underpriced
Pending,2741 NE 8th Avenue Unit#15,NE 8th Ave,Wilton Commons Condominium,Mainland inland,Condo,600.0,False,174900.0,292.0,328.0,44,-11.0,Underpriced
Active,2856 NW 10th Ave,NW 10th Ave,Jenada Isles,Finger-isle waterfront,Single Family,2151.0,True,899000.0,418.0,469.0,7,-10.9,Underpriced
Active,1255 SW 15th Avenue,SW 15th Ave,Shady Banks,Mainland inland,Single Family,1392.0,False,599000.0,430.0,482.0,0,-10.8,Underpriced
Active,1245 NE 17TH Way,NE 17th Way,Lake Ridge,Mainland inland,Single Family,2976.0,False,1299000.0,436.0,489.0,44,-10.8,Underpriced
Active,2607 NE 8th Avenue Unit##25,NE 8th Ave,Wilton Village,Mainland inland,Condo,597.0,False,209000.0,350.0,392.0,44,-10.7,Underpriced
Active,610 Tennis Club Dr Unit#104,Tennis Club Dr,Tennis Club Wingfield Con Tennis Club,Intracoastal / canal waterfront,Condo,960.0,True,240000.0,250.0,280.0,25,-10.7,Underpriced
Active,3101 Bayshore Dr Unit#1704,Bayshore Dr,Fort Lauderdale Residence Residences,Barrier island / beach,Condo,1176.0,True,810000.0,689.0,771.0,83,-10.6,Underpriced
Active,924 NE 17th Ter Unit#1,NE 17th Ter,Th Terrace Condominium,Mainland inland,Condo,433.0,False,179900.0,415.0,464.0,26,-10.6,Underpriced
Active,1000 SE 4th St Unit#225,SE 4th St,Riverview Garden Apartmen Riverview Gardens,Intracoastal / canal waterfront,Condo,850.0,True,410000.0,482.0,539.0,14,-10.6,Underpriced
Active,424 Hendricks Isle Unit#6,Hendricks Isle,Boathouse,Intracoastal / canal waterfront,Townhouse,2260.0,True,1295000.0,573.0,640.0,32,-10.5,Underpriced
Active,1629 NE 6th Street,NE 6th St,Victoria Park,Mainland inland,Single Family,4363.0,False,3850000.0,882.0,985.0,10,-10.5,Underpriced
Active,7 Pelican Drive,Pelican Dr,Pelican Isles,Finger-isle waterfront,Single Family,6301.0,True,6900000.0,1095.0,1224.0,5,-10.5,Underpriced
Active,1212 SE 2nd Court Unit#201,SE 2nd Ct,Las Olas,Mainland inland,Condo,1306.0,False,435000.0,333.0,372.0,8,-10.5,Underpriced
Active,2625 NE 29th Court,NE 29th Ct,Coral Ridge Galt,Barrier island / beach,Single Family,4752.0,False,4650000.0,979.0,1093.0,8,-10.4,Underpriced
Active,1031 NE 13th Ave,NE 13th Ave,Progresso,Mainland inland,Townhouse,2680.0,False,950000.0,354.0,395.0,15,-10.4,Underpriced
Active,601 N Ft Lauderdale Bch Boulevard Unit#1015,N Ft Lauderdale Bch Blvd,Atlantic Hotel,Barrier island / beach,Condo,787.0,True,459000.0,583.0,651.0,15,-10.4,Underpriced
Active,607 Intracoastal Drive,Intracoastal Dr,Sunrise Intracoastal,Mainland inland,Single Family,3920.0,False,3500000.0,893.0,995.0,39,-10.3,Underpriced
Pending,201 NE 27th Dr,NE 27th Dr,Sunset Manors Amen,Mainland inland,Single Family,3000.0,False,2850000.0,950.0,1059.0,12,-10.3,Underpriced
Pending,1408 SW 4th Ave,SW 4th Ave,South Ft Lauderdale,Mainland inland,Townhouse,2105.0,False,765000.0,363.0,404.0,20,-10.1,Underpriced
Pending,340 San Marco Dr,San Marco Dr,Coral Isles,Finger-isle waterfront,Single Family,6936.0,True,10999000.0,1586.0,1765.0,0,-10.1,Underpriced
Pending,633 NW 30th Street,NW 30th St,March Estates,Intracoastal / canal waterfront,Single Family,1531.0,True,625000.0,408.0,454.0,7,-10.1,Underpriced
Active,2424 SE 17th Street Unit#305B,SE 17th St,Village Harbor Beach,Barrier island / beach,Condo,685.0,False,179000.0,261.0,290.0,14,-10.0,Underpriced
Active,347 N New River Dr E Unit#2205,N New River Dr E,Watergarden,Intracoastal / canal waterfront,Condo,1080.0,True,640000.0,593.0,659.0,28,-10.0,Underpriced
Active,1777 SE 15th St Unit#217,SE 15th St,Cromwell East,Intracoastal / canal waterfront,Condo,840.0,True,333999.0,398.0,442.0,45,-10.0,Underpriced
Active,720 Orton Avenue Unit#402,Orton Ave,Leisure Sands,Barrier island / beach,Condo,690.0,False,278500.0,404.0,449.0,13,-10.0,Underpriced
Active,237 City View Dr Unit#237,City View Dr,City View Townhomes City View,Downtown high-rise,Townhouse,1408.0,False,575000.0,408.0,453.0,11,-9.9,Underpriced
Active,2856 NE 25th Street,NE 25th St,Coral Ridge,Intracoastal / canal waterfront,Single Family,4795.0,True,5495000.0,1146.0,1272.0,8,-9.9,Underpriced
Active,1800 S Ocean Drive Unit#109,S Ocean Dr,Townhouses Harbor Beach,Barrier island / beach,Townhouse,1904.0,True,1299000.0,682.0,757.0,49,-9.9,Underpriced
Active,1721 SW 23rd Street Unit#1721,SW 23rd St,Osceola Park,Mainland inland,Townhouse,3089.0,False,839000.0,272.0,302.0,30,-9.9,Underpriced
Active,1717 NE 20th Avenue,NE 20th Ave,Lauder Gate,Intracoastal / canal waterfront,Single Family,1620.0,True,1000000.0,617.0,684.0,6,-9.8,Underpriced
Active,540 Lido Dr,Lido Dr,Coral Isles,Finger-isle waterfront,Single Family,5973.0,True,6895000.0,1154.0,1280.0,0,-9.8,Underpriced
Active,1624 NW 9th Avenue,NW 9th Ave,Progresso,Mainland inland,Single Family,1600.0,False,550000.0,344.0,381.0,8,-9.7,Underpriced
Active,1501 E Broward Boulevard Unit#705,E Broward Blvd,Pine Crest Village,Mainland inland,Condo,1200.0,False,396000.0,330.0,365.0,11,-9.6,Underpriced
Active,550 Bayshore Drive Unit#102,Bayshore Dr,Bayshore Embassy,Barrier island / beach,Condo,680.0,False,319900.0,470.0,520.0,83,-9.6,Underpriced
Active,3004 NE 5th Terrace Unit#206-c,NE 5th Ter,River Manor,Intracoastal / canal waterfront,Condo,1000.0,True,319000.0,319.0,353.0,40,-9.6,Underpriced
Active,316 NW 29th St,NW 29th St,Wilton Estates,Mainland inland,Single Family,1644.0,False,615000.0,374.0,413.0,5,-9.4,Underpriced
Pending,1403 NW 2nd St,NW 2nd St,Seminole Forest Tango Village,Mainland inland,Townhouse,1250.0,False,300000.0,240.0,265.0,0,-9.4,Underpriced
Pending,1609 SE 4th Street,SE 4th St,Colee Hammock,Mainland inland,Single Family,4594.0,False,4749000.0,1034.0,1141.0,14,-9.4,Underpriced
Pending,620 Tennis Club Dr Unit#306,Tennis Club Dr,Tennis Club Tilden Tennis Club,Mainland inland,Condo,1056.0,False,195000.0,185.0,204.0,25,-9.3,Underpriced
Active,100 N Federal Highway Unit#642,N Federal Highway,Waverly,Mainland inland,Condo,1518.0,False,489000.0,322.0,355.0,21,-9.3,Underpriced
Active,811 NE 14th Place Unit#6,NE 14th Pl,Middle River Manor,Mainland inland,Condo,702.0,False,180000.0,256.0,282.0,0,-9.2,Underpriced
Pending,1328 SW 21st Court,SW 21st Ct,River Oaks,Mainland inland,Single Family,3058.0,False,1340499.0,438.0,482.0,0,-9.1,Underpriced
Active,1170 N Federal Highway Unit#305,N Federal Highway,East Point Towers,Intracoastal / canal waterfront,Condo,1005.0,True,200000.0,199.0,219.0,21,-9.1,Underpriced
Pending,701 N Fort Lauderdale Beach Blvd Unit#501,N Fort Lauderdale Beach Blvd,Paramount Ft Lauderdale Paramount Fort Lauderdale,Barrier island / beach,Condo,3214.0,True,4375000.0,1361.0,1497.0,78,-9.1,Underpriced
Active,234 NE 21st Court,NE 21st Ct,Wilton Manors,Mainland inland,Single Family,1970.0,False,949900.0,482.0,530.0,11,-9.1,Underpriced
Active,1000 SE 4th Street Unit#117 & 118,SE 4th St,Riverview Gardens,Intracoastal / canal waterfront,Condo,1240.0,True,579000.0,467.0,514.0,14,-9.1,Underpriced
Active,2900 NE 30th Street Unit#G8,NE 30th St,Lauderdale Tower,Mainland inland,Condo,1040.0,False,364000.0,350.0,385.0,33,-9.1,Underpriced
Pending,1625 NE 20th Avenue,NE 20th Ave,Lauder Lake,Intracoastal / canal waterfront,Single Family,1362.0,True,797000.0,585.0,643.0,6,-9.0,Underpriced
Pending,804 N Rio Vista Boulevard,N Rio Vista Blvd,Rio Vista,Mainland inland,Single Family,3939.0,False,3195000.0,811.0,891.0,0,-9.0,Underpriced
Pending,1115 NW 7th Ave,NW 7th Ave,Progresso,Mainland inland,Single Family,1180.0,False,449900.0,381.0,418.0,21,-8.9,Underpriced
Active,3101 Bayshore Drive Unit#1508,Bayshore Dr,Fort Lauderdale Residences,Barrier island / beach,Condo,1214.0,True,849500.0,700.0,768.0,83,-8.9,Underpriced
Active,2610 NE 11th Court,NE 11th Ct,Coral Ridge,Mainland inland,Townhouse,2048.0,False,900000.0,439.0,482.0,0,-8.9,Underpriced
Active,841 SW 18th Court,SW 18th Ct,Pinehurst,Mainland inland,Single Family,1267.0,False,550000.0,434.0,476.0,11,-8.8,Underpriced
Active,1101 River Reach Drive Unit#212,River Reach Dr,River Reach,Intracoastal / canal waterfront,Condo,931.0,True,259900.0,279.0,306.0,50,-8.8,Underpriced
Pending,1441 SW 23rd Court,SW 23rd Ct,Marina Landings,Mainland inland,Single Family,2779.0,False,1185000.0,426.0,467.0,0,-8.8,Underpriced
Active,1212 NE 17th Ter,NE 17th Ter,Lake Ridge,Mainland inland,Single Family,1380.0,False,899000.0,651.0,713.0,26,-8.7,Underpriced
Active,2508 Delmar Place,Delmar Pl,Gould Isles,Intracoastal / canal waterfront,Single Family,6590.0,True,10495000.0,1593.0,1742.0,4,-8.6,Underpriced
Active,349 NE 29th Street,NE 29th St,Tropical Manors,Intracoastal / canal waterfront,Single Family,2204.0,True,1295000.0,588.0,643.0,18,-8.6,Underpriced
Active,100 S Birch Road Unit#1003f,S Birch Rd,Jackson Tower Las Olas Con,Barrier island / beach,Condo,1722.0,True,890000.0,517.0,565.0,25,-8.5,Underpriced
Pending,110 N Federal Highway Unit#815,N Federal Highway,Waverly Las Olas,Mainland inland,Condo,1208.0,False,429500.0,356.0,389.0,21,-8.5,Underpriced
Active,2832 NW 10th Ave,NW 10th Ave,Jenada Isles,Finger-isle waterfront,Single Family,1876.0,True,949999.0,506.0,552.0,7,-8.3,Underpriced
Pending,1314 NE 13th Avenue Unit#A-b,NE 13th Ave,Holiday Heights,Mainland inland,Townhouse,2400.0,False,1299999.0,542.0,591.0,15,-8.3,Underpriced
Pending,1501 SE 15th St Unit#3-2,SE 15th St,Isles Club,Intracoastal / canal waterfront,Townhouse,1035.0,True,459000.0,443.0,483.0,45,-8.3,Underpriced
Active,1510 SE 15th Street Unit#310,SE 15th St,Marina Del Mar,Intracoastal / canal waterfront,Condo,1070.0,True,419000.0,392.0,427.0,45,-8.2,Underpriced
Pending,1004 SE 11th Street,SE 11th St,Rio Vista,Mainland inland,Single Family,1891.0,False,1330000.0,703.0,766.0,6,-8.2,Underpriced
Active,918 SE 8th Street,SE 8th St,Rio Vista,Mainland inland,Single Family,3921.0,False,3449000.0,880.0,959.0,0,-8.2,Underpriced
Pending,906 NE 17TH TER,NE 17th Ter,Victoria Park,Mainland inland,Townhouse,2623.0,False,1650000.0,629.0,684.0,26,-8.0,Underpriced
Active,1 N Fort Lauderdale Beach Blvd Unit#1605,N Fort Lauderdale Beach Blvd,Castillo Grand Hotel Resi Ritz Carlton,Barrier island / beach,Condo,832.0,True,1150000.0,1382.0,1502.0,78,-8.0,Underpriced
Active,1124 NE 2nd Avenue Unit#1124,NE 2nd Ave,Silver Engrave,Mainland inland,Townhouse,2249.0,False,899000.0,400.0,435.0,23,-8.0,Underpriced
Active,14 NE 26th Court,NE 26th Ct,Sun Set Manors First,Mainland inland,Single Family,1747.0,False,859000.0,492.0,535.0,4,-8.0,Underpriced
Active,1435 SE 15th St Unit#103,SE 15th St,Riverbend Condominiums,Intracoastal / canal waterfront,Condo,550.0,True,230000.0,418.0,454.0,45,-7.9,Underpriced
Active,3209 NE 26th Street,NE 26th St,Dolphin Isles,Mainland inland,Single Family,3418.0,False,3000000.0,878.0,953.0,18,-7.9,Underpriced
Active,3040 N Ocean Blvd Unit#N101,N Ocean Blvd,Thirty North Ocean Con Thirty Ocean,Barrier island / beach,Condo,2119.0,False,1900000.0,897.0,974.0,147,-7.9,Underpriced
Active,1125 SE 9th Street,SE 9th St,Rio Vista,Mainland inland,Single Family,3985.0,False,3995000.0,1003.0,1089.0,9,-7.9,Underpriced
Active,315 NE 3rd Avenue Unit#1206,NE 3rd Ave,Strada,Downtown high-rise,Condo,1579.0,False,720000.0,456.0,495.0,57,-7.9,Underpriced
Pending,1216 NW 2nd Avenue,NW 2nd Ave,,Mainland inland,Townhouse,2342.0,False,499000.0,213.0,231.0,15,-7.8,Underpriced
Active,2100 N Ocean Blvd Unit#11B,N Ocean Blvd,Palms Tower One,Barrier island / beach,Condo,2623.0,True,2285000.0,871.0,945.0,147,-7.8,Underpriced
Active,1449 SW 23rd Court,SW 23rd Ct,Marina Landings,Mainland inland,Single Family,2779.0,False,1199000.0,431.0,467.0,0,-7.7,Underpriced
Active,821 SE 2nd Ct,SE 2nd Ct,Colee Hammock,Mainland inland,Single Family,3937.0,False,2999000.0,762.0,826.0,8,-7.7,Underpriced
Active,511 Bayshore Drive Unit#707,Bayshore Dr,Bayshore Towers,Barrier island / beach,Condo,1705.0,True,1000000.0,587.0,636.0,83,-7.7,Underpriced
Active,1100 SW 12th Street Unit#108,SW 12th St,Rio Nuevo,Mainland inland,Condo,1020.0,False,235000.0,230.0,249.0,17,-7.6,Underpriced
Active,1000 SW 12th St Unit#203,SW 12th St,Rio Nuevo,Intracoastal / canal waterfront,Condo,879.0,True,267650.0,304.0,329.0,17,-7.6,Underpriced
Pending,3304 NE 14th Court,NE 14th Ct,Las Olas,Mainland inland,Single Family,3556.0,False,3575000.0,1005.0,1086.0,5,-7.5,Underpriced
Pending,350 SE 2nd Street Unit#850,SE 2nd St,Las Olas,Mainland inland,Condo,1346.0,False,479900.0,357.0,386.0,36,-7.5,Underpriced
Active,1501 E Broward Boulevard Unit#805,E Broward Blvd,Pine Crest Village,Mainland inland,Condo,1200.0,False,405000.0,338.0,365.0,11,-7.4,Underpriced
Active,200 S Birch Rd Unit#512,S Birch Rd,Leisure Beach,Barrier island / beach,Condo,647.0,False,249900.0,386.0,417.0,25,-7.4,Underpriced
Active,2900 NE 12th Terrace Unit#25,NE 12th Ter,Pointe Middle River,Intracoastal / canal waterfront,Townhouse,2152.0,True,948500.0,441.0,476.0,4,-7.4,Underpriced
Active,918 NW 13th Ct,NW 13th Ct,Lauderdale Manors,Mainland inland,Single Family,1802.0,False,525000.0,291.0,314.0,5,-7.3,Underpriced
Active,2010 Intracoastal Dr,Intracoastal Dr,Coral Ridge,Intracoastal / canal waterfront,Single Family,4991.0,True,9799000.0,1963.0,2116.0,39,-7.2,Underpriced
Active,520 SE 5th Avenue Unit#3404,SE 5th Ave,Las Olas,Downtown high-rise,Condo,786.0,False,315000.0,401.0,432.0,73,-7.2,Underpriced
Active,2607 NE 8th Avenue Unit#34,NE 8th Ave,Wilton Village,Mainland inland,Condo,846.0,False,295000.0,349.0,376.0,44,-7.2,Underpriced
Active,601 N Ft Lauderdale Beach Blvd Unit#611,N Ft Lauderdale Beach Blvd,Atlantic Hotel,Barrier island / beach,Condo,690.0,True,425000.0,616.0,664.0,0,-7.2,Underpriced
Active,601 N Ft Lauderdale Bch Boulevard Unit#915,N Ft Lauderdale Bch Blvd,Atlantic Hotel,Barrier island / beach,Condo,787.0,True,475000.0,604.0,651.0,15,-7.2,Underpriced
Active,601 N Ft Lauderdale Bch Boulevard Unit#1111,N Ft Lauderdale Bch Blvd,Atlantic Hotel,Barrier island / beach,Condo,787.0,True,475000.0,604.0,651.0,15,-7.2,Underpriced
Active,1213 NE 13th St,NE 13th St,Holiday Heights,Mainland inland,Single Family,1062.0,False,479900.0,452.0,487.0,0,-7.2,Underpriced
Active,347 N New River Dr Drive Unit#1004,N New River Dr Dr,Watergarden,Intracoastal / canal waterfront,Condo,1469.0,True,829000.0,564.0,607.0,0,-7.1,Underpriced
Active,2100 S Ocean Ln Unit#2308,S Ocean Ln,Point Americas,Barrier island / beach,Condo,1880.0,True,1150000.0,612.0,659.0,66,-7.1,Underpriced
Active,1100 SW 12th St Unit#300,SW 12th St,Rio Nuevo,Intracoastal / canal waterfront,Condo,1020.0,True,310000.0,304.0,327.0,17,-7.0,Fair
Pending,1131 NW 18th Avenue,NW 18th Ave,Lauderdale Manors,Mainland inland,Single Family,1112.0,False,370000.0,333.0,358.0,9,-7.0,Fair
Pending,119 N Gordon Road,N Gordon Rd,Victoria Isles,Finger-isle waterfront,Single Family,6935.0,True,10250000.0,1478.0,1589.0,0,-7.0,Fair
Active,1400 NE 24th Street Unit#1400,NE 24th St,Middle River Plaza,Mainland inland,Townhouse,2652.0,False,889900.0,336.0,361.0,13,-6.9,Fair
Active,3101 Bayshore Dr Unit#1402,Bayshore Dr,Fort Lauderdale Residence Hotel Residences,Barrier island / beach,Condo,1329.0,True,939000.0,707.0,759.0,83,-6.9,Fair
Pending,2009 SE 10th Avenue Unit#309,SE 10th Ave,Village East,Mainland inland,Condo,1054.0,False,325000.0,308.0,330.0,37,-6.7,Fair
Active,2009 SE 10th Ave Unit#302,SE 10th Ave,Village East,Mainland inland,Condo,1054.0,False,325000.0,308.0,330.0,37,-6.7,Fair
Active,1327 SW 21st Ct,SW 21st Ct,River Oaks,Mainland inland,Single Family,2887.0,False,1250000.0,433.0,464.0,0,-6.7,Fair
Active,1742 NE 7th Street,NE 7th St,Victoria Park,Mainland inland,Single Family,1667.0,False,935000.0,561.0,601.0,0,-6.7,Fair
Pending,315 NE 3rd Avenue Unit#1808,NE 3rd Ave,Strada,Downtown high-rise,Condo,1151.0,False,489000.0,425.0,455.0,57,-6.6,Fair
Active,511 SE 5th Avenue Unit#912,SE 5th Ave,Nuriver Landing,Intracoastal / canal waterfront,Condo,1246.0,True,479000.0,384.0,411.0,73,-6.6,Fair
Active,533 NE 3rd Avenue Unit#227,NE 3rd Ave,Sole Fort Lauderdale Co,Downtown high-rise,Condo,1440.0,False,469000.0,326.0,349.0,57,-6.6,Fair
Pending,511 Bayshore Drive Unit#501,Bayshore Dr,Bayshore Towers,Barrier island / beach,Condo,1436.0,True,835000.0,581.0,622.0,83,-6.6,Fair
Active,315 NE 3rd Ave Unit#1805,NE 3rd Ave,Strada,Downtown high-rise,Condo,1072.0,False,460000.0,429.0,459.0,57,-6.5,Fair
Active,3004 NE 5th Terrace Unit#216-c,NE 5th Ter,River Manor,Intracoastal / canal waterfront,Condo,1000.0,True,299900.0,300.0,321.0,40,-6.5,Fair
Active,1 N Fort Lauderdale Beach Boulevard Unit#1709,N Fort Lauderdale Beach Blvd,Ritz Carlton,Barrier island / beach,Condo,818.0,True,1150000.0,1406.0,1504.0,78,-6.5,Fair
Active,703 SE 16th Court,SE 16th Ct,New Harbor Lofts,Mainland inland,Townhouse,1762.0,False,675000.0,383.0,409.0,5,-6.4,Fair
Active,600 NW 22nd Court,NW 22nd Ct,Hillbrook,Mainland inland,Single Family,1940.0,False,875000.0,451.0,482.0,0,-6.4,Fair
Active,620 Tennis Club Drive Unit#105,Tennis Club Dr,Tennis Club Tilden Lauderdale Tennis Club,Mainland inland,Condo,1056.0,False,202000.0,191.0,204.0,25,-6.4,Fair
Active,1625 SE 10th Avenue Unit#Unit 905,SE 10th Ave,Runaway Bay,Mainland inland,Condo,870.0,False,228000.0,262.0,280.0,37,-6.4,Fair
Active,1200 SW 12th Street Unit#305,SW 12th St,Rio Nuevo,Intracoastal / canal waterfront,Condo,890.0,True,275000.0,309.0,330.0,17,-6.4,Fair
Active,1642 NE 8th Street,NE 8th St,Macarthur Park,Mainland inland,Single Family,2780.0,False,2490000.0,896.0,957.0,7,-6.4,Fair
Active,2900 Banyan St Unit#408,Banyan St,Leisure Beach South,Barrier island / beach,Condo,920.0,False,354900.0,386.0,412.0,0,-6.3,Fair
Pending,1516 SE 1st St,SE 1st St,Colee Hammock,Downtown high-rise,Townhouse,3066.0,False,1725000.0,563.0,600.0,10,-6.2,Fair
Active,3020 NE 32ND Avenue Unit#606,NE 32nd Ave,Tides Bridgeside Square,Barrier island / beach,Condo,1200.0,False,595000.0,496.0,529.0,27,-6.2,Fair
Active,237 City View Drive Unit#237,City View Dr,City View Townhomes,Downtown high-rise,Townhouse,1408.0,False,599000.0,425.0,453.0,11,-6.2,Fair
Active,9 NE 19th Court Unit#C112,NE 19th Ct,Manor Grove Village One In,Mainland inland,Condo,1180.0,False,269000.0,228.0,243.0,28,-6.2,Fair
Active,509 NE 29th St,NE 29th St,Tropical Manors,Intracoastal / canal waterfront,Single Family,1464.0,True,799000.0,546.0,582.0,18,-6.2,Fair
Active,2572 NE 16 Avenue,NE 16 Ave,Altessa Wilton Manors,Mainland inland,Townhouse,2374.0,False,1010040.0,425.0,452.0,0,-6.0,Fair
Active,900 NE 18th Avenue Unit#409,NE 18th Ave,Victoria Park,Mainland inland,Condo,850.0,False,190000.0,224.0,238.0,40,-5.9,Fair
Active,3101 Bayshore Dr Unit#1802,Bayshore Dr,Fort Lauderdale Residence Fort Lauderdale Residen,Barrier island / beach,Condo,1329.0,True,949999.0,715.0,759.0,83,-5.8,Fair
Active,2617 NE 14th Avenue Unit#109,NE 14th Ave,Wilton Station,Mainland inland,Townhouse,1883.0,False,674900.0,358.0,380.0,73,-5.8,Fair
Active,1421 SW 20th Court,SW 20th Ct,River Oaks,Mainland inland,Single Family,2824.0,False,1275000.0,451.0,479.0,0,-5.8,Fair
Active,150 NE 15th Ave Unit#140,NE 15th Ave,Pine Crest Village Ii,Mainland inland,Condo,1280.0,False,320000.0,250.0,265.0,24,-5.7,Fair
Active,1415 Miami Road Unit#B,Miami Rd,Southport Townhomes Cond,Mainland inland,Townhouse,1250.0,False,415000.0,332.0,352.0,6,-5.7,Fair
Active,1777 SE 15th St Unit#407,SE 15th St,Cromwell East,Intracoastal / canal waterfront,Condo,840.0,True,350000.0,417.0,442.0,45,-5.7,Fair
Active,3101 Bayshore Dr Unit#1708,Bayshore Dr,Fort Lauderdale Residence Redidences And Hotel,Barrier island / beach,Condo,1214.0,True,879000.0,724.0,768.0,83,-5.7,Fair
Active,1016 SE 8th Street,SE 8th St,Rio Vista,Mainland inland,Single Family,3907.0,False,4195000.0,1074.0,1138.0,0,-5.6,Fair
Active,333 Las Olas Way Unit#2308,Las Olas Way,Las Olas,Intracoastal / canal waterfront,Condo,1161.0,True,799000.0,688.0,729.0,31,-5.6,Fair
Active,3020 NE 32nd Ave Unit#716,NE 32nd Ave,Tides Bridgeside Squar Tides,Barrier island / beach,Condo,815.0,False,408000.0,501.0,531.0,27,-5.6,Fair
Active,1940 NE 2nd Avenue Unit#106j,NE 2nd Ave,Manor Grove Village Four,Mainland inland,Condo,1200.0,False,325900.0,272.0,288.0,23,-5.6,Fair
Active,347 N New River Drive Unit#1509,N New River Dr,Watergarden,Intracoastal / canal waterfront,Condo,1469.0,True,899000.0,612.0,647.0,31,-5.4,Fair
Active,618 NE 15th Avenue,NE 15th Ave,Graceland Park,Mainland inland,Single Family,3741.0,False,2695000.0,720.0,761.0,24,-5.4,Fair
Active,111 SE 8th Avenue Unit#Ph-1701,SE 8th Ave,Venezia,Intracoastal / canal waterfront,Condo,2940.0,True,1655000.0,563.0,595.0,7,-5.4,Fair
Active,1901 N Ocean Boulevard Unit#16a,N Ocean Blvd,Shore Club,Barrier island / beach,Condo,1500.0,False,995000.0,663.0,700.0,147,-5.3,Fair
Active,2716 NE 30th Pl Unit#103C,NE 30th Pl,Sutton Place,Mainland inland,Condo,580.0,False,159900.0,276.0,291.0,4,-5.2,Fair
Active,520 San Marco Drive,San Marco Dr,Coral Isles,Finger-isle waterfront,Single Family,6363.0,True,8950000.0,1407.0,1482.0,0,-5.1,Fair
Active,1004 Mandarin Isle,Mandarin Isle,South New River Isles,Finger-isle waterfront,Single Family,1744.0,True,1100000.0,631.0,665.0,5,-5.1,Fair
Pending,1704 SW 5th Ct,SW 5th Ct,Gill Isles,Finger-isle waterfront,Single Family,2083.0,True,1200000.0,576.0,606.0,0,-5.0,Fair
Pending,2164 NE 25th Street,NE 25th St,Coral Point,Intracoastal / canal waterfront,Single Family,1785.0,True,1199950.0,672.0,707.0,8,-5.0,Fair
Active,1765 NE 6th Court,NE 6th Ct,Victoria Park,Mainland inland,Single Family,3888.0,False,3449000.0,887.0,933.0,0,-4.9,Fair
Pending,539 NE 10th Avenue,NE 10th Ave,Holmberg Mc Kees,Mainland inland,Single Family,2776.0,False,2595000.0,935.0,982.0,21,-4.8,Fair
Active,333 Las Olas Way Unit#304,Las Olas Way,Las Olas,Intracoastal / canal waterfront,Condo,1113.0,True,699000.0,628.0,660.0,31,-4.8,Fair
Active,2670 E Sunrise Boulevard Unit#1109,E Sunrise Blvd,Gallery One,Intracoastal / canal waterfront,Condo,836.0,True,248700.0,297.0,312.0,49,-4.8,Fair
Active,701 NW 19th Street Unit#401,NW 19th St,Tennis Club Ii,Mainland inland,Condo,1000.0,False,240000.0,240.0,252.0,7,-4.8,Fair
Active,200 S Birch Road Unit#305,S Birch Rd,Leisure Beach,Barrier island / beach,Condo,647.0,False,249900.0,386.0,405.0,25,-4.7,Fair
Active,100 S Birch Road Unit#1403f,S Birch Rd,Jackson Tower Las Olas Con,Barrier island / beach,Condo,1722.0,True,900000.0,523.0,549.0,25,-4.7,Fair
Active,700 DAVIE  BOULEVARD,Davie Blvd,West River Croissant,Mainland inland,Single Family,1882.0,False,779000.0,414.0,434.0,0,-4.6,Fair
Active,1020 SE 11th Street,SE 11th St,Rio Vista,Mainland inland,Single Family,2321.0,False,1899000.0,818.0,857.0,6,-4.6,Fair
Active,777 NE Bayshore Drive Unit#705,NE Bayshore Dr,Americas On Park,Barrier island / beach,Condo,1820.0,True,999000.0,549.0,575.0,0,-4.5,Fair
Pending,1434 SW 23rd Street,SW 23rd St,Marina Landings,Mainland inland,Single Family,2831.0,False,1249000.0,441.0,462.0,30,-4.5,Fair
Active,1508 NE 6th Street,NE 6th St,Las Olas,Mainland inland,Single Family,1609.0,False,1199000.0,745.0,780.0,10,-4.5,Fair
Active,1447 SW 6th Avenue,SW 6th Ave,Sandy Ashley,Mainland inland,Single Family,1649.0,False,775000.0,470.0,492.0,0,-4.5,Fair
Active,900 NE 18th Avenue Unit#304,NE 18th Ave,Victoria Park,Mainland inland,Condo,690.0,False,164000.0,238.0,249.0,40,-4.4,Fair
Active,520 SE 5th Avenue Unit#3704,SE 5th Ave,Las Olas,Downtown high-rise,Condo,786.0,False,325000.0,413.0,432.0,73,-4.4,Fair
Active,2970 NE 16th Ave Unit#208,NE 16th Ave,River Shores,Intracoastal / canal waterfront,Condo,600.0,True,215500.0,359.0,375.0,73,-4.3,Fair
Active,1501 E Broward Boulevard Unit#810,E Broward Blvd,Pine Crest Village,Mainland inland,Condo,980.0,False,330000.0,337.0,352.0,11,-4.3,Fair
Active,511 Bayshore Drive Unit#910,Bayshore Dr,Bayshore Towers,Barrier island / beach,Condo,1036.0,True,615000.0,594.0,621.0,83,-4.3,Fair
Active,2437 Delmar Place,Delmar Pl,Gould Isles,Intracoastal / canal waterfront,Single Family,7393.0,True,10495000.0,1420.0,1484.0,4,-4.3,Fair
Active,401 NE 16th Ave Unit#2,NE 16th Ave,Victorian,Mainland inland,Condo,568.0,False,225000.0,396.0,414.0,73,-4.3,Fair
Active,2733 NE 6th Avenue,NE 6th Ave,Tropical Manors,Mainland inland,Single Family,1810.0,False,779000.0,430.0,449.0,4,-4.2,Fair
Active,425 Bayshore Dr Unit#d-3,Bayshore Dr,Ft Laud Surf Club Co Op Fort Lauderdale Surf Club,Barrier island / beach,Condo,770.0,True,474000.0,616.0,643.0,83,-4.2,Fair
Pending,1741 NE 4th Avenue Unit#F5,NE 4th Ave,River Landings,Mainland inland,Condo,1786.0,False,539000.0,302.0,315.0,5,-4.1,Fair
Active,1331 NE 16th Ter,NE 16th Ter,Progresso,Mainland inland,Single Family,3438.0,False,2625000.0,764.0,797.0,30,-4.1,Fair
Active,340 Sunset Drive Unit#1808,Sunset Dr,Essex Tower Condos Essex Tower,Mainland inland,Condo,1218.0,False,559000.0,459.0,478.0,26,-4.0,Fair
Active,2627 NE 10th Avenue,NE 10th Ave,Sun Manors,Mainland inland,Single Family,1840.0,False,874950.0,476.0,496.0,21,-4.0,Fair
Active,1701 SE 10th St,SE 10th St,Rio Vista,Finger-isle waterfront,Single Family,4240.0,True,5000000.0,1179.0,1228.0,7,-4.0,Fair
Active,1000 SE 4th Street Unit#219,SE 4th St,Riverview Gardens,Intracoastal / canal waterfront,Condo,850.0,True,449000.0,528.0,550.0,14,-4.0,Fair
Active,430 NE 7th Avenue Unit#430,NE 7th Ave,Holmberg Mc Kees,Mainland inland,Townhouse,2920.0,False,1450000.0,497.0,517.0,15,-3.9,Fair
Pending,2401 NE 13th Street,NE 13th St,Beach Way Heights,Barrier island / beach,Single Family,5708.0,False,5250000.0,920.0,957.0,0,-3.9,Fair
Pending,1455 SW 16th Terrace,SW 16th Ter,Shady Banks On New River,Mainland inland,Single Family,1226.0,False,525000.0,428.0,445.0,4,-3.8,Fair
Active,2601 NE 32nd Avenue,NE 32nd Ave,Lauderdale Beach Estates,Barrier island / beach,Townhouse,2562.0,True,2200000.0,859.0,893.0,27,-3.8,Fair
Active,2900 NE 30 Street Unit#C5,NE 30 St,Lauderdale Tower,Intracoastal / canal waterfront,Condo,440.0,True,215000.0,489.0,508.0,0,-3.7,Fair
Active,1350 River Reach Drive Unit#401,River Reach Dr,River Reach,Intracoastal / canal waterfront,Condo,900.0,True,257000.0,286.0,297.0,50,-3.7,Fair
Active,1301 River Reach Drive Unit#507,River Reach Dr,River Reach,Intracoastal / canal waterfront,Condo,900.0,True,259000.0,288.0,299.0,50,-3.7,Fair
Active,2670 E Sunrise Boulevard Unit#320,E Sunrise Blvd,Gallery One,Intracoastal / canal waterfront,Condo,554.0,True,179000.0,323.0,335.0,49,-3.6,Fair
Active,2001 N Ocean Boulevard Unit#Apt 1201,N Ocean Blvd,Vue,Barrier island / beach,Condo,1686.0,False,1295000.0,768.0,797.0,147,-3.6,Fair
Active,701 N Fort Lauderdale Beach Boulevard Unit#902,N Fort Lauderdale Beach Blvd,Paramount Ft Lauderdale,Barrier island / beach,Condo,3204.0,True,4500000.0,1404.0,1457.0,78,-3.6,Fair
Active,2670 E Sunrise Boulevard Unit#1201,E Sunrise Blvd,Gallery One,Intracoastal / canal waterfront,Condo,636.0,True,189300.0,298.0,309.0,49,-3.6,Fair
Pending,2001 NE 30th Street,NE 30th St,Coral Shores,Mainland inland,Single Family,1552.0,False,692000.0,446.0,462.0,33,-3.5,Fair
Active,2841 N Ocean Boulevard Unit#1806,N Ocean Blvd,Vantage View,Barrier island / beach,Condo,1100.0,False,660000.0,600.0,622.0,147,-3.5,Fair
Active,3020 NE 32nd Avenue Unit#807,NE 32nd Ave,Tides Bridgeside Square,Barrier island / beach,Condo,640.0,False,339000.0,530.0,549.0,27,-3.5,Fair
Pending,1004 SW 19th Street,SW 19th St,Reamen Yellowstone Pa,Mainland inland,Single Family,1984.0,False,724500.0,365.0,378.0,8,-3.4,Fair
Active,1329-2 SE 13th Terrace,1329 2 SE 13th Ter,Lauderdale Harbors,Mainland inland,Single Family,5518.0,False,4790000.0,868.0,899.0,0,-3.4,Fair
Active,1316 NW 3rd St,NW 3rd St,Seminole Forest Tango Village,Mainland inland,Townhouse,1250.0,False,320000.0,256.0,265.0,0,-3.4,Fair
Active,2726 Old Florida Trail,Old Florida Trl,Highland Estates Old Florida Village,Mainland inland,Townhouse,2156.0,False,749900.0,348.0,360.0,0,-3.3,Fair
Active,21 NE 25th Street,NE 25th St,Petite,Mainland inland,Single Family,2030.0,False,1299900.0,640.0,662.0,8,-3.3,Fair
Active,1839 Middle River Drive Unit#105,Middle River Dr,Rivers Bend,Mainland inland,Condo,1196.0,False,320000.0,268.0,277.0,33,-3.2,Fair
Active,1412 NE 14th Place,NE 14th Pl,Verena Park,Mainland inland,Single Family,1196.0,False,565000.0,472.0,487.0,0,-3.1,Fair
Active,1055 SE 15th Street Unit#14c,SE 15th St,Cliff Lake Villas,Mainland inland,Condo,600.0,False,190000.0,317.0,327.0,45,-3.1,Fair
Active,2015 SE 10th Ave Unit#130,SE 10th Ave,Village East,Downtown high-rise,Condo,794.0,False,254000.0,320.0,330.0,37,-3.0,Fair
Active,1234 NW 7th Avenue,NW 7th Ave,Progresso,Mainland inland,Single Family,1393.0,False,549000.0,394.0,406.0,21,-3.0,Fair
Pending,1009 Tequesta Street,Tequesta St,Waverly Place,Mainland inland,Single Family,1942.0,False,1079000.0,556.0,573.0,0,-3.0,Fair
Active,617 NW 30th Ct,NW 30th Ct,Boulevard Estates Amen,Mainland inland,Single Family,1762.0,False,699000.0,397.0,409.0,14,-2.9,Fair
Pending,1403 SW 27th Court,SW 27th Ct,Hibiscus Gardens,Mainland inland,Single Family,911.0,False,389999.0,428.0,441.0,0,-2.9,Fair
Active,624 SW 8th Avenue,SW 8th Ave,Tarpon River,Mainland inland,Single Family,3430.0,False,2600000.0,758.0,780.0,0,-2.8,Fair
Active,2200 NE 32nd Avenue,NE 32nd Ave,Lauderdale Beach Ext,Barrier island / beach,Single Family,1735.0,False,1345000.0,775.0,796.0,27,-2.6,Fair
Active,1920 S Ocean Drive Unit#1611,S Ocean Dr,Atlantic Towers Co Op,Barrier island / beach,Condo,1293.0,False,580000.0,449.0,461.0,49,-2.6,Fair
Active,2609 NE 14th Avenue Unit#114,NE 14th Ave,Wilton Station,Mainland inland,Townhouse,1673.0,False,629900.0,377.0,387.0,73,-2.6,Fair
Active,1106 NE 18th Avenue,NE 18th Ave,Lake Park,Intracoastal / canal waterfront,Single Family,1835.0,True,799000.0,435.0,446.0,40,-2.5,Fair
Pending,1578 S Ocean Ln Unit#214,S Ocean Ln,Oceanage,Barrier island / beach,Condo,1264.0,False,999000.0,790.0,810.0,66,-2.5,Fair
Pending,1316 N Rio Vista Boulevard,N Rio Vista Blvd,Rio Vista,Mainland inland,Single Family,3968.0,False,4395000.0,1108.0,1136.0,0,-2.5,Fair
Active,2936 NW 9th Terrace,NW 9th Ter,Jenada Villas,Mainland inland,Single Family,1894.0,False,749000.0,395.0,405.0,8,-2.5,Fair
Active,1225 NE 4th Street,NE 4th St,Victoria Park,Mainland inland,Single Family,3521.0,False,2795000.0,794.0,814.0,6,-2.5,Fair
Pending,3014 NE 21st Ter,NE 21st Ter,Coral Shores,Mainland inland,Townhouse,1257.0,False,410000.0,326.0,334.0,5,-2.4,Fair
Active,1 N Fort Lauderdale Beach Boulevard Unit#1801 / 1808,N Fort Lauderdale Beach Blvd,Ritz Carlton,Barrier island / beach,Condo,3784.0,True,5400000.0,1427.0,1462.0,78,-2.4,Fair
Active,1032 SW 15th Ter,SW 15th Ter,Riverside,Mainland inland,Single Family,1026.0,False,539000.0,525.0,538.0,4,-2.4,Fair
Active,2124 Coral Shores Drive,Coral Shores Dr,Coral Shores,Intracoastal / canal waterfront,Single Family,2580.0,True,2100000.0,814.0,833.0,7,-2.3,Fair
Active,510 NE 17th Avenue Unit#105,NE 17th Ave,Elizabethan,Mainland inland,Condo,493.0,False,169900.0,345.0,353.0,36,-2.3,Fair
Active,2613 Center Ave,Center Ave,Lauderdale Beach,Barrier island / beach,Single Family,3039.0,False,4500000.0,1481.0,1516.0,6,-2.3,Fair
Active,512 NE 12th Avenue,NE 12th Ave,Halls,Mainland inland,Single Family,3722.0,False,2690000.0,723.0,739.0,16,-2.2,Fair
Active,601 N Ft Lauderdale Bch Boulevard Unit#1008,N Ft Lauderdale Bch Blvd,Atlantic Hotel,Barrier island / beach,Condo,1296.0,True,799000.0,617.0,631.0,15,-2.2,Fair
Active,2970 NE 16th Ave Unit#413,NE 16th Ave,River Shores,Intracoastal / canal waterfront,Condo,600.0,True,220000.0,367.0,375.0,73,-2.1,Fair
Active,1345 SW 4th Court,SW 4th Ct,Village Sailboat Bend,Mainland inland,Townhouse,1679.0,False,473700.0,282.0,288.0,5,-2.1,Fair
Active,1200 NE 2nd Street,NE 2nd St,Victoria Park,Mainland inland,Single Family,2441.0,False,1950000.0,799.0,815.0,14,-2.0,Fair
Active,1920 S Ocean Drive Unit#611,S Ocean Dr,Atlantic Towers Co Op,Barrier island / beach,Condo,1293.0,False,585000.0,452.0,461.0,49,-2.0,Fair
Active,1735 NE 23rd Avenue,NE 23rd Ave,Bal Harbour,Finger-isle waterfront,Single Family,2066.0,True,1750000.0,847.0,864.0,0,-2.0,Fair
Active,801 SE 11th Ct,SE 11th Ct,Rio Vista,Mainland inland,Single Family,4390.0,False,4150000.0,945.0,964.0,8,-2.0,Fair
Active,821 SW 1st Street,SW 1st St,Sailboat Bend,Mainland inland,Townhouse,2723.0,False,1075000.0,395.0,403.0,0,-2.0,Fair
Active,550 Bayshore Drive Unit#314,Bayshore Dr,Bayshore Embassy,Barrier island / beach,Condo,740.0,False,389000.0,526.0,537.0,83,-2.0,Fair
Active,1708 NW 8th Avenue,NW 8th Ave,Progresso,Mainland inland,Single Family,925.0,False,379900.0,411.0,419.0,8,-1.9,Fair
Active,1649 NE 8th Ave,NE 8th Ave,Middle River Terrace,Mainland inland,Single Family,1776.0,False,947000.0,533.0,543.0,44,-1.8,Fair
Active,533 NE 3rd Avenue Unit#339,NE 3rd Ave,Sole Fort Lauderdale,Downtown high-rise,Condo,1270.0,False,485000.0,382.0,389.0,57,-1.8,Fair
Pending,1201 River Reach Dr Unit#102,River Reach Dr,River Reach,Intracoastal / canal waterfront,Condo,971.0,True,289000.0,298.0,303.0,50,-1.7,Fair
Active,3025 Center Avenue,Center Ave,Lauderdale Beach,Barrier island / beach,Single Family,2315.0,False,2249999.0,972.0,989.0,6,-1.7,Fair
Active,3020 NE 32nd Avenue Unit#Ph1,NE 32nd Ave,Tides Bridgeside Square,Barrier island / beach,Condo,1510.0,False,749000.0,496.0,504.0,27,-1.6,Fair
Active,325 Bontona Ave,Bontona Ave,Venice,Finger-isle waterfront,Single Family,3673.0,True,2990000.0,814.0,827.0,5,-1.6,Fair
Active,100 NE 22nd Street,NE 22nd St,Petite,Mainland inland,Single Family,1851.0,False,1140000.0,616.0,626.0,13,-1.6,Fair
Active,2625 NE 14th Ave Unit#406,NE 14th Ave,Wilton Station,Mainland inland,Condo,1390.0,False,449000.0,323.0,328.0,73,-1.5,Fair
Active,809 NE 16th Avenue Unit#20,NE 16th Ave,Regency Park Townhomes,Mainland inland,Townhouse,2823.0,False,1869000.0,662.0,672.0,73,-1.5,Fair
Pending,41 NE 24th St,NE 24th St,Petite,Mainland inland,Single Family,2211.0,False,1675000.0,758.0,769.0,13,-1.4,Fair
Active,516 NE 28th Dr,NE 28th Dr,Tropical Manors,Mainland inland,Single Family,1238.0,False,620000.0,501.0,508.0,7,-1.4,Fair
Active,1101 River Reach Dr Unit#418,River Reach Dr,River Reach,Intracoastal / canal waterfront,Condo,1250.0,True,370000.0,296.0,300.0,50,-1.3,Fair
Active,1708 SE 11th Street,SE 11th St,Rio Vista,Finger-isle waterfront,Single Family,2111.0,True,2495000.0,1182.0,1196.0,6,-1.2,Fair
Pending,2525 NE 21st Court,NE 21st Ct,Coral Ridge Galt,Barrier island / beach,Single Family,2995.0,False,1750000.0,584.0,591.0,11,-1.2,Fair
Active,1141 SW 8th Ter,SW 8th Ter,Vinik,Mainland inland,Single Family,1122.0,False,534900.0,477.0,483.0,7,-1.2,Fair
Active,333 Las Olas Way Unit#2506,Las Olas Way,Las Olas,Intracoastal / canal waterfront,Condo,1869.0,True,1195000.0,639.0,647.0,31,-1.2,Fair
Active,101 SE 15th Avenue Unit#E,SE 15th Ave,Colee Hammock,Mainland inland,Townhouse,1774.0,False,840000.0,474.0,480.0,0,-1.2,Fair
Active,1220 NE 1ST Avenue,NE 1st Ave,Progresso,Mainland inland,Single Family,1231.0,False,550000.0,447.0,452.0,19,-1.1,Fair
Active,900 NE 26 Street Unit#15,NE 26 St,Wilton Place,Mainland inland,Condo,636.0,False,178000.0,280.0,283.0,0,-1.1,Fair
Active,3000 Riomar Street Unit#210,Riomar St,Leisure House,Barrier island / beach,Condo,640.0,False,284500.0,445.0,450.0,0,-1.1,Fair
Pending,1453 SW 23rd Court,SW 23rd Ct,Marina Landings,Mainland inland,Single Family,2751.0,False,1225000.0,445.0,450.0,0,-1.1,Fair
Active,1629 NE 1st Avenue,NE 1st Ave,Placido Place,Mainland inland,Single Family,3037.0,False,2440000.0,803.0,812.0,19,-1.1,Fair
Active,1533 NE 16th Avenue,NE 16th Ave,Poinsettia Heights,Mainland inland,Single Family,2542.0,False,2350000.0,924.0,933.0,73,-1.0,Fair
Active,525 NE 27th Street,NE 27th St,Sunset Manors Amen,Mainland inland,Single Family,1775.0,False,899000.0,506.0,511.0,16,-1.0,Fair
Pending,812 SW 14th Court,SW 14th Ct,Esmonda Gardens,Mainland inland,Single Family,1838.0,False,759000.0,413.0,417.0,4,-1.0,Fair
Pending,2840 N Ocean Boulevard Unit#903,N Ocean Blvd,Sea Tower Apts Co Op,Barrier island / beach,Condo,769.0,False,519900.0,676.0,683.0,147,-1.0,Fair
Active,2033 SE 10th Ave Unit#614,SE 10th Ave,Village East,Mainland inland,Condo,1054.0,False,345000.0,327.0,330.0,37,-0.9,Fair
Active,853 SW 12th St,SW 12th St,Vinik,Mainland inland,Single Family,1181.0,False,550000.0,466.0,470.0,17,-0.9,Fair
Active,1750 E Las Olas Boulevard Unit#502,E Las Olas Blvd,Seventeen Fifty Las Olas,Intracoastal / canal waterfront,Condo,625.0,True,320000.0,512.0,516.0,48,-0.8,Fair
Active,1522 NE 17th Terrace,NE 17th Ter,Poinsettia Heights,Mainland inland,Single Family,1318.0,False,850000.0,645.0,650.0,26,-0.8,Fair
Active,1301 River Reach Drive Unit#515,River Reach Dr,River Reach,Intracoastal / canal waterfront,Condo,1250.0,True,360000.0,288.0,290.0,50,-0.7,Fair
Active,2501 NE 26th Terrace,NE 26th Ter,Coral Ridge Galt,Barrier island / beach,Single Family,2163.0,False,1299900.0,601.0,605.0,5,-0.7,Fair
Active,133 Isle Of Venice Drive Unit#201,Isle Of Venice Dr,Aquavue Las Olas,Intracoastal / canal waterfront,Condo,2849.0,True,1800000.0,632.0,636.0,35,-0.6,Fair
Active,1920 NE 1st Terrace Unit#118h,NE 1st Ter,Manor Grove Village Two Co,Mainland inland,Condo,1180.0,False,335000.0,284.0,285.0,6,-0.4,Fair
Active,1004 NW 12th Street,NW 12th St,Lauderdale Manors,Mainland inland,Single Family,1145.0,False,400000.0,349.0,350.0,10,-0.3,Fair
Active,2131 SE 10th Avenue Unit#1120,SE 10th Ave,Village East,Downtown high-rise,Condo,1054.0,False,350000.0,332.0,333.0,37,-0.3,Fair
Active,39 Pelican Drive,Pelican Dr,Pelican Isles,Finger-isle waterfront,Single Family,6642.0,True,8399000.0,1265.0,1269.0,5,-0.3,Fair
Active,729 NW 17th Avenue,NW 17th Ave,Durrs,Mainland inland,Single Family,709.0,False,260000.0,367.0,368.0,5,-0.3,Fair
Active,1437 SW 23rd Court,SW 23rd Ct,Marina Landings,Mainland inland,Single Family,2738.0,False,1280000.0,467.0,468.0,0,-0.2,Fair
Active,1600 NW 2nd Avenue,NW 2nd Ave,Progresso,Mainland inland,Single Family,1232.0,False,519900.0,422.0,423.0,15,-0.2,Fair
Active,1930 NE 2ND Avenue Unit#216L,NE 2nd Ave,Manor Grove Village Four,Mainland inland,Condo,1200.0,False,379000.0,316.0,316.0,23,0.0,Fair
Active,1423 Holly Heights Dr Unit#17,Holly Heights Dr,Cascade Holly Heights Cascades Holly Heights,Mainland inland,Condo,585.0,False,185000.0,316.0,316.0,13,0.0,Fair
Active,2900 NE 30th Street Unit#B-2,NE 30th St,Lauderdale Tower,Intracoastal / canal waterfront,Condo,440.0,True,210000.0,477.0,477.0,33,0.0,Fair
Active,300 Royal Plaza Dr,Royal Plz Dr,Stilwell Isles,Finger-isle waterfront,Single Family,7674.0,True,9475000.0,1235.0,1235.0,6,0.0,Fair
Active,1350 River Reach Drive Unit#111,River Reach Dr,River Reach,Intracoastal / canal waterfront,Condo,1110.0,True,325000.0,293.0,293.0,50,0.0,Fair
Active,1916 NE 24th Street,NE 24th St,Coral Point,Intracoastal / canal waterfront,Single Family,2450.0,True,1395000.0,569.0,569.0,13,0.0,Fair
Active,51 Isla Bahia Dr,Isla Bahia Dr,Isla Bahia,Finger-isle waterfront,Single Family,11496.0,True,17900000.0,1557.0,1556.0,4,0.1,Fair
Active,3036 NE 19 Street,NE 19 St,Lauderdale Beach Ext,Barrier island / beach,Single Family,1917.0,False,1425000.0,743.0,742.0,0,0.1,Fair
Active,315 NE 3rd Avenue Unit#2108,NE 3rd Ave,Strada,Downtown high-rise,Condo,1151.0,False,525000.0,456.0,455.0,57,0.2,Fair
Active,3015 N Ocean Blvd Unit#19H,N Ocean Blvd,Berkley South,Barrier island / beach,Condo,1144.0,False,580000.0,507.0,506.0,147,0.2,Fair
Active,3101 N Bayshore Drive Unit#604,N Bayshore Dr,Fort Lauderdale,Barrier island / beach,Condo,1176.0,True,780000.0,663.0,662.0,0,0.2,Fair
Pending,820 SW 26th St,SW 26th St,Lakeway,Mainland inland,Single Family,1062.0,False,439900.0,414.0,413.0,0,0.2,Fair
Active,2917 NW 9th Ave,NW 9th Ave,Jenada Villas,Mainland inland,Single Family,1205.0,False,425000.0,353.0,352.0,8,0.3,Fair
Active,612 Bayshore Drive Unit#301,Bayshore Dr,Wave On Bayshore,Barrier island / beach,Condo,1664.0,False,1090000.0,655.0,653.0,83,0.3,Fair
Active,1125 SE 14th Pl Unit#21C,SE 14th Pl,Cliff Lake Villas Co Op Cliff Lake Villas,Mainland inland,Condo,600.0,False,174900.0,292.0,291.0,0,0.3,Fair
Pending,1517 NW 12th Avenue,NW 12th Ave,Lauderdale Villas,Mainland inland,Single Family,1985.0,False,645000.0,325.0,324.0,6,0.3,Fair
Active,818 NW 28th Court,NW 28th Ct,Jenada Villas,Mainland inland,Single Family,1687.0,False,664000.0,394.0,393.0,0,0.3,Fair
Active,9 NE 19th Court Unit#211C,NE 19th Ct,Manor Grove Village One,Mainland inland,Condo,750.0,False,185000.0,247.0,246.0,28,0.4,Fair
Active,1170 N Federal Highway Unit#309,N Federal Highway,East Point Towers,Intracoastal / canal waterfront,Condo,1344.0,True,289000.0,215.0,214.0,21,0.5,Fair
Active,3000 NE 8th Terrace Unit#B4,NE 8th Ter,Adk,Mainland inland,Townhouse,2132.0,False,669000.0,314.0,312.0,8,0.6,Fair
Active,1329 SE 13th Terrace,SE 13th Ter,Lauderdale Harbors,Mainland inland,Single Family,4061.0,False,3295000.0,811.0,805.0,5,0.7,Fair
Active,1819 SE 17th St Unit#501,SE 17th St,Port Condominium Residences,Intracoastal / canal waterfront,Condo,1384.0,True,575000.0,415.0,412.0,14,0.7,Fair
Pending,1021 NW 5th Court,NW 5th Ct,Tuskegee Park,Mainland inland,Single Family,991.0,False,399000.0,403.0,400.0,0,0.8,Fair
Active,729 NE 17th Terrace,NE 17th Ter,Victoria Park,Mainland inland,Single Family,2126.0,False,1699000.0,799.0,792.0,26,0.9,Fair
Active,340 Sunset Dr Unit#407,Sunset Dr,Essex Tower,Mainland inland,Condo,841.0,False,339000.0,403.0,399.0,26,1.0,Fair
Active,2107 SE 10th Ave Unit#833,SE 10th Ave,Village East,Mainland inland,Townhouse,878.0,False,335000.0,382.0,378.0,37,1.1,Fair
Pending,924 NW 11th Court,NW 11th Ct,Lauderdale Manors,Mainland inland,Single Family,1584.0,False,439999.0,278.0,275.0,6,1.1,Fair
Active,2000 Harbourview Drive,Harbourview Dr,Harbour Heights,Mainland inland,Single Family,4964.0,False,5995000.0,1208.0,1194.0,4,1.2,Fair
Active,2701 Middle River Drive Unit#11,Middle River Dr,Park Ridge North Apts Cond,Mainland inland,Condo,1000.0,False,280000.0,280.0,276.0,33,1.4,Fair
Active,913 NE 15th Street,NE 15th St,Lauderdale Park,Mainland inland,Single Family,2228.0,False,1149000.0,516.0,509.0,17,1.4,Fair
Active,101 S Fort Lauderdale Beach Boulevard Unit#907,S Fort Lauderdale Beach Blvd,Las Olas,Barrier island / beach,Condo,1905.0,True,1399000.0,734.0,723.0,20,1.5,Fair
Active,840 NE 14th Pl,NE 14th Pl,Dixie Park Middle River Village Terr,Mainland inland,Townhouse,1861.0,False,649946.0,349.0,344.0,0,1.5,Fair
Active,615 Bayshore Drive Unit#103,Bayshore Dr,La Cascade,Intracoastal / canal waterfront,Townhouse,2526.0,True,2100000.0,831.0,819.0,83,1.5,Fair
Active,744 NE 14th Avenue Unit#12,NE 14th Ave,Sevilla Courts,Mainland inland,Condo,790.0,False,294999.0,373.0,367.0,73,1.6,Fair
Active,604 SW 7th St,SW 7th St,Pinewood Place,Mainland inland,Single Family,3347.0,False,2499000.0,747.0,735.0,0,1.6,Fair
Active,611 NE 14th Ave Unit#206,NE 14th Ave,Park Court,Mainland inland,Condo,820.0,False,309000.0,377.0,371.0,73,1.6,Fair
Active,801 NE 16th Ave,NE 16th Ave,Progresso,Mainland inland,Single Family,3500.0,False,2899000.0,828.0,814.0,73,1.7,Fair
Active,807 SW 26th Ct,SW 26th Ct,Lakeway Addition,Mainland inland,Single Family,1277.0,False,539000.0,422.0,415.0,0,1.7,Fair
Pending,904 Citrus Isle,Citrus Isle,South New River Isles,Finger-isle waterfront,Single Family,1296.0,True,1000000.0,772.0,758.0,0,1.8,Fair
Active,1470 N Dixie Highway Unit#43,N Dixie Highway,Wisteria Court,Mainland inland,Condo,587.0,False,185000.0,315.0,309.0,4,1.9,Fair
Active,421 SW 11th Street,SW 11th St,Tarpon River,Mainland inland,Single Family,3430.0,False,2600000.0,758.0,744.0,11,1.9,Fair
Pending,1528 SE 11th Street,SE 11th St,Rio Vista,Intracoastal / canal waterfront,Single Family,4935.0,True,8950000.0,1814.0,1778.0,6,2.0,Fair
Active,3024 NE 5th Terrace Unit#10,NE 5th Ter,Villa Escondida,Mainland inland,Townhouse,1916.0,False,678900.0,354.0,347.0,40,2.0,Fair
Active,2100 S Ocean Ln Unit#1704,S Ocean Ln,Point Americas,Barrier island / beach,Condo,1109.0,True,785000.0,708.0,694.0,66,2.0,Fair
Pending,1406 NW 11th Street,NW 11th St,Lauderdale Manors,Mainland inland,Single Family,894.0,False,299000.0,334.0,327.0,6,2.1,Fair
Active,315 NE 3rd Ave Unit#2009,NE 3rd Ave,Strada,Downtown high-rise,Condo,826.0,False,395000.0,478.0,468.0,57,2.1,Fair
Active,2725 NE 21st Ave,NE 21st Ave,Coral Shores,Mainland inland,Single Family,1829.0,False,900000.0,492.0,482.0,0,2.1,Fair
Active,809 NW 12th Ave,NW 12th Ave,Lincoln Park Third,Mainland inland,Single Family,1249.0,False,415000.0,332.0,325.0,6,2.2,Fair
Active,604 NE 14th Place,NE 14th Pl,Lauderdale Gardens,Mainland inland,Single Family,875.0,False,415000.0,474.0,464.0,0,2.2,Fair
Active,551 N Fort Lauderdale Beach Blvd Unit#R201,N Fort Lauderdale Beach Blvd,Flb Condominium Resid Elliott,Barrier island / beach,Condo,1034.0,True,1574900.0,1523.0,1490.0,78,2.2,Fair
Active,153 N Seabreeze Boulevard Unit#901-s,N Seabreeze Blvd,Selene Oceanfront Residen,Barrier island / beach,Condo,2395.0,True,3099000.0,1294.0,1265.0,15,2.3,Fair
Active,1698 S Ocean Ln Unit#171,S Ocean Ln,Oceanage,Barrier island / beach,Condo,1264.0,False,1049000.0,830.0,810.0,66,2.5,Fair
Active,620 Solar Isle Dr,Solar Isle Dr,Riviera Isles,Finger-isle waterfront,Single Family,3949.0,True,6900000.0,1747.0,1704.0,4,2.5,Fair
Active,2445 SW 18th Terrace Unit#205,SW 18th Ter,Marina Oaks,Mainland inland,Condo,632.0,False,179000.0,283.0,276.0,20,2.5,Fair
Active,347 N New River Drive Unit#Ph 4,N New River Dr,Watergarden,Intracoastal / canal waterfront,Condo,1918.0,True,1295000.0,675.0,658.0,31,2.6,Fair
Active,715 Bayshore Dr Unit#705,Bayshore Dr,La Rive,Barrier island / beach,Condo,1733.0,True,1290000.0,744.0,725.0,83,2.6,Fair
Active,2801 Coral Shores Dr,Coral Shores Dr,Coral Shores,Intracoastal / canal waterfront,Single Family,2307.0,True,1999000.0,866.0,844.0,7,2.6,Fair
Active,1505 SW 23RD Street,SW 23rd St,River Oaks,Mainland inland,Single Family,2497.0,False,1100000.0,441.0,430.0,30,2.6,Fair
Active,511 San Marco Dr,San Marco Dr,Coral Isles,Finger-isle waterfront,Single Family,5288.0,True,6900000.0,1305.0,1271.0,0,2.7,Fair
Active,111 Fiesta Way,Fiesta Way,Nurmi Isles,Finger-isle waterfront,Single Family,6303.0,True,10200000.0,1618.0,1576.0,9,2.7,Fair
Active,825 Sw 12th  Street,SW 12th St,Vinik,Mainland inland,Townhouse,2323.0,False,799000.0,344.0,335.0,17,2.7,Fair
Active,2624 NE 30th Pl Unit#101B,NE 30th Pl,Sutton Place,Mainland inland,Condo,567.0,False,169999.0,300.0,292.0,4,2.7,Fair
Active,701 Flamingo Drive,Flamingo Dr,Riviera Isles,Finger-isle waterfront,Single Family,3664.0,True,5250000.0,1433.0,1394.0,0,2.8,Fair
Active,320 SW 11 Unit#320,SW 11,Tarpon River,Mainland inland,Townhouse,3578.0,False,1775000.0,496.0,482.0,0,2.9,Fair
Active,1900 Intracoastal Drive,Intracoastal Dr,Coral Ridge,Intracoastal / canal waterfront,Single Family,6139.0,True,12495000.0,2035.0,1976.0,39,3.0,Fair
Pending,600 W Las Olas Boulevard Unit#1601S,W Las Olas Blvd,Symphony,Intracoastal / canal waterfront,Condo,1000.0,True,549000.0,549.0,533.0,40,3.0,Fair
Active,110 N Federal Highway Unit#1113,N Federal Highway,Waverly Las Olas,Mainland inland,Condo,1208.0,False,485000.0,401.0,389.0,21,3.1,Fair
Active,1900 S Ocean Drive Unit#910,S Ocean Dr,Breakwater Towers,Barrier island / beach,Condo,805.0,False,270000.0,335.0,325.0,49,3.1,Fair
Active,3050 NE 5th Ter Unit#8,NE 5th Ter,Windsor Court Condominium Windsor Court,Mainland inland,Condo,788.0,False,225000.0,286.0,277.0,40,3.2,Fair
Pending,2221 NE 19th Street,NE 19th St,North Bal Harbour,Finger-isle waterfront,Single Family,3258.0,True,3999000.0,1227.0,1189.0,11,3.2,Fair
Active,435 NW 17th Street,NW 17th St,Gardenia Park,Mainland inland,Townhouse,1844.0,False,597000.0,324.0,314.0,8,3.2,Fair
Active,1600 SE 15th St Unit#601,SE 15th St,Plaza,Mainland inland,Condo,1020.0,False,355000.0,348.0,337.0,45,3.3,Fair
Pending,1426 NE 17th Avenue,NE 17th Ave,Progresso,Mainland inland,Single Family,2051.0,False,949000.0,463.0,448.0,36,3.3,Fair
Active,653 Cypress Lane Unit#21b,Cypress Ln,Cypress Cove,Intracoastal / canal waterfront,Condo,1200.0,True,438000.0,365.0,353.0,0,3.4,Fair
Pending,1201 Guava Isle,Guava Isle,South New River Isles,Finger-isle waterfront,Single Family,2662.0,True,2700000.0,1014.0,980.0,7,3.5,Fair
Active,104 NE 16th Ter,NE 16th Ter,Victoria Park,Mainland inland,Townhouse,2901.0,False,1875000.0,646.0,624.0,30,3.5,Fair
Active,3101 Bayshore Dr Unit#1504,Bayshore Dr,Fort Lauderdale Residence Fort Lauderdale Residen,Barrier island / beach,Condo,1176.0,True,939999.0,799.0,771.0,83,3.6,Fair
Active,411 NW 1st Avenue Unit#404,NW 1st Ave,Foundry Lofts,Downtown high-rise,Condo,1363.0,False,550000.0,404.0,390.0,32,3.6,Fair
Active,2131 SE 10th Avenue Unit#1117,SE 10th Ave,Village East,Mainland inland,Condo,1054.0,False,359999.0,342.0,330.0,37,3.6,Fair
Active,900 NE 18th Ave Unit#1103,NE 18th Ave,Victoria Park,Mainland inland,Condo,690.0,False,178000.0,258.0,249.0,40,3.6,Fair
Active,1804 NW 18th Ct,NW 18th Ct,Lauderdale Manors,Mainland inland,Single Family,1068.0,False,390000.0,365.0,352.0,0,3.7,Fair
Active,2514 NE 21ST Street Unit#A,NE 21st St,Livermore Estates,Mainland inland,Townhouse,2450.0,False,1550000.0,633.0,610.0,5,3.8,Fair
Active,1630 SE 11th Street,SE 11th St,Rio Vista,Finger-isle waterfront,Single Family,2545.0,True,3750000.0,1473.0,1419.0,6,3.8,Fair
Pending,900 NE 18th Avenue Unit#408,NE 18th Ave,Victoria Park,Mainland inland,Condo,850.0,False,210000.0,247.0,238.0,40,3.8,Fair
Active,817 NW 17th St,NW 17th St,Progresso,Mainland inland,Single Family,1333.0,False,575000.0,431.0,415.0,8,3.9,Fair
Active,1008 SW 18th Ct,SW 18th Ct,Yellowstone Park Amen Pla,Mainland inland,Single Family,1268.0,False,635000.0,501.0,482.0,11,3.9,Fair
Active,340 Sunset Drive Unit#1803,Sunset Dr,Essex Tower,Mainland inland,Condo,1218.0,False,489000.0,401.0,386.0,26,3.9,Fair
Pending,1 Las Olas Circle Unit#404,Las Olas Cir,Venetian Condominium,Barrier island / beach,Condo,1500.0,True,959000.0,639.0,615.0,17,3.9,Fair
Active,1212 SE 2nd Court Unit#303,SE 2nd Ct,Las Olas,Mainland inland,Condo,1034.0,False,399000.0,386.0,371.0,8,4.0,Fair
Active,105 NE 28th Ct,NE 28th Ct,Sunset Manors Amen,Mainland inland,Single Family,2347.0,False,1450000.0,618.0,594.0,0,4.0,Fair
Active,900 NE 18th Avenue Unit#1004,NE 18th Ave,Victoria Park,Mainland inland,Condo,690.0,False,179000.0,259.0,249.0,40,4.0,Fair
Active,812 NW 26th Street,NW 26th St,Babco Park,Mainland inland,Single Family,1846.0,False,699999.0,379.0,364.0,4,4.1,Fair
Active,2100 S Ocean Lane Unit#1202,S Ocean Ln,Point Americas,Barrier island / beach,Condo,1879.0,True,1295000.0,689.0,661.0,66,4.2,Fair
Active,76 Isle Of Venice Dr Unit#C,Isle Of Venice Dr,Isles Venice Co Op Isles Venice,Finger-isle waterfront,Condo,1542.0,True,884900.0,574.0,551.0,35,4.2,Fair
Pending,1212 Avocado Isle,Avocado Isle,Citrus Isles,Finger-isle waterfront,Single Family,3250.0,True,3300000.0,1015.0,973.0,5,4.3,Fair
Pending,1312 NE 16th ter,NE 16th Ter,Fort Lauderdale Lake Ridge,Mainland inland,Townhouse,2594.0,False,1400000.0,540.0,517.0,30,4.4,Fair
Pending,3004 NE 5th Terrace Unit#Apt 210c,NE 5th Ter,River Manor,Intracoastal / canal waterfront,Condo,1000.0,True,335000.0,335.0,321.0,40,4.4,Fair
Active,900 NE 18th Avenue Unit#602,NE 18th Ave,Victoria Park,Mainland inland,Condo,690.0,False,179500.0,260.0,249.0,40,4.4,Fair
Active,1813 SW 10th St,SW 10th St,Riverside Park,Mainland inland,Single Family,1821.0,False,628000.0,345.0,330.0,18,4.5,Fair
Pending,445 N Andrews Avenue Unit#404,N Andrews Ave,Avenue Lofts,Downtown high-rise,Condo,1863.0,False,800000.0,429.0,410.0,32,4.6,Fair
Pending,2224 NW 6th Terrace,NW 6th Ter,Hillbrook,Mainland inland,Single Family,1700.0,False,849900.0,500.0,478.0,0,4.6,Fair
Pending,308 City View Drive,City View Dr,Near Northwest,Downtown high-rise,Townhouse,888.0,False,420000.0,473.0,452.0,11,4.6,Fair
Active,1301 River Reach Drive Unit#202,River Reach Dr,River Reach,Intracoastal / canal waterfront,Condo,1110.0,True,349000.0,314.0,300.0,50,4.7,Fair
Active,2550 SW 18th Terrace Unit#2103,SW 18th Ter,Marina Oaks,Mainland inland,Condo,858.0,False,250000.0,291.0,278.0,20,4.7,Fair
Active,2832 NE 24th Ct,NE 24th Ct,Coral Ridge Galt,Barrier island / beach,Single Family,3500.0,True,4395000.0,1256.0,1198.0,0,4.8,Fair
Active,615 Bayshore Drive Unit#603,Bayshore Dr,La Cascade,Barrier island / beach,Condo,2273.0,True,1695000.0,746.0,712.0,83,4.8,Fair
Active,2406 NE 13th Court,NE 13th Ct,Beach Way Heights,Barrier island / beach,Single Family,4595.0,False,4975000.0,1083.0,1033.0,0,4.8,Fair
Pending,164 NE 30th St,NE 30th St,Almar Estates,Intracoastal / canal waterfront,Single Family,1590.0,True,999000.0,628.0,599.0,33,4.8,Fair
Active,1965 SE 21st Avenue,SE 21st Ave,Harbour Heights,Finger-isle waterfront,Single Family,5565.0,True,6950000.0,1249.0,1191.0,0,4.9,Fair
Active,1101 Waverly Road,Waverly Rd,Waverly Place,Mainland inland,Townhouse,2779.0,False,959000.0,345.0,329.0,0,4.9,Fair
Active,3020 NE 32nd Ave Unit#1401,NE 32nd Ave,Tides Bridgeside Squar Tides Bridgeside,Barrier island / beach,Condo,1510.0,False,799000.0,529.0,504.0,27,5.0,Fair
Active,1313 NW 13TH Court,NW 13th Ct,Lauderdale Manors,Mainland inland,Single Family,1352.0,False,450000.0,333.0,317.0,5,5.0,Fair
Active,2609 NE 27th Way,NE 27th Way,Coral Ridge,Mainland inland,Single Family,4714.0,False,5350000.0,1135.0,1081.0,0,5.0,Fair
Active,48 Hendricks Isle Unit#2 A-a,Hendricks Isle,Meritage,Intracoastal / canal waterfront,Condo,2253.0,True,1495000.0,664.0,631.0,32,5.2,Fair
Active,333 Las Olas Way Unit#1508,Las Olas Way,Las Olas,Intracoastal / canal waterfront,Condo,1161.0,True,815000.0,702.0,667.0,31,5.2,Fair
Active,511 SE 5 Avenue Unit#1217,SE 5 Ave,Nuriver Landing,Intracoastal / canal waterfront,Condo,1692.0,True,775000.0,458.0,435.0,0,5.3,Fair
Active,119 NE 19th Court Unit#209g,NE 19th Ct,Manor Grove Village Two Co,Mainland inland,Condo,750.0,False,195000.0,260.0,247.0,28,5.3,Fair
Active,542 NE 17th Ave,NE 17th Ave,Victoria Park,Mainland inland,Townhouse,2284.0,False,995000.0,436.0,414.0,36,5.3,Fair
Active,905 Mandarin Isle,Mandarin Isle,South New River Isles,Finger-isle waterfront,Single Family,1384.0,True,1075000.0,777.0,738.0,5,5.3,Fair
Active,1731 SE 15th Street Unit#206,SE 15th St,Cromwell West,Mainland inland,Condo,704.0,False,250000.0,355.0,337.0,45,5.3,Fair
Active,2225 NE 19th St,NE 19th St,North Bal Harbour,Finger-isle waterfront,Single Family,3258.0,True,4100000.0,1258.0,1193.0,11,5.4,Fair
Active,561 Bayshore Drive Unit#7,Bayshore Dr,Panama Club,Barrier island / beach,Condo,730.0,True,498999.0,684.0,649.0,83,5.4,Fair
Active,3015 N Ocean Boulevard Unit#19F,N Ocean Blvd,Berkley South,Barrier island / beach,Condo,1328.0,False,695000.0,523.0,496.0,147,5.4,Fair
Active,2706 NE 30th Pl Unit#2706,NE 30th Pl,Coral Ridge Galt,Barrier island / beach,Townhouse,2162.0,False,837000.0,387.0,367.0,4,5.4,Fair
Active,744 NE 14th Avenue Unit#4,NE 14th Ave,Sevilla Courts,Mainland inland,Condo,832.0,False,320000.0,385.0,365.0,73,5.5,Fair
Active,1819 SE 17th Street Unit#802,SE 17th St,Port,Mainland inland,Condo,1460.0,False,499000.0,342.0,324.0,14,5.6,Fair
Active,1777 SE 15th Street Unit#404,SE 15th St,Cromwell East,Intracoastal / canal waterfront,Condo,724.0,True,340000.0,470.0,445.0,45,5.6,Fair
Active,1 Las Olas Circle Unit#306,Las Olas Cir,Venetian Condominium Venetian,Barrier island / beach,Condo,1500.0,True,855000.0,570.0,540.0,17,5.6,Fair
Active,1675 Coral Gardens Dr,Coral Gardens Dr,Middle River Estates,Intracoastal / canal waterfront,Single Family,3611.0,True,2690000.0,745.0,704.0,10,5.8,Fair
Active,809 NE 17th Ave Unit#4,NE 17th Ave,Artist Colony,Mainland inland,Condo,850.0,False,295000.0,347.0,328.0,36,5.8,Fair
Active,1550 Ponce De Leon Drive,Ponce De Leon Dr,Rio Vista,Mainland inland,Single Family,4040.0,False,4895000.0,1212.0,1145.0,13,5.9,Fair
Active,441 Isle Of Palms Drive,Isle Of Palms Dr,Stilwell Isles Pal,Finger-isle waterfront,Single Family,9416.0,True,15950000.0,1694.0,1599.0,4,5.9,Fair
Active,445 N Andrews Avenue Unit#403,N Andrews Ave,Avenue Lofts,Downtown high-rise,Condo,2098.0,False,899000.0,429.0,405.0,32,5.9,Fair
Active,1201 River Reach Drive Unit#202,River Reach Dr,River Reach,Intracoastal / canal waterfront,Condo,1110.0,True,355000.0,320.0,302.0,50,6.0,Fair
Active,2400 NE 9th St Unit#201,NE 9th St,Ocean Sunrise Co Op Ocean Sunrise,Barrier island / beach,Condo,650.0,False,159900.0,246.0,232.0,28,6.0,Fair
Active,1508 SW 20th Ave,SW 20th Ave,Shady Banks,Mainland inland,Single Family,1047.0,False,510000.0,487.0,459.0,0,6.1,Fair
Active,340 Sunset Drive Unit#1508,Sunset Dr,Essex Tower,Mainland inland,Condo,1218.0,False,499000.0,410.0,386.0,26,6.2,Fair
Active,535 Hendricks Isle Unit#302,Hendricks Isle,Burton Point,Intracoastal / canal waterfront,Condo,700.0,True,429000.0,613.0,577.0,32,6.2,Fair
Active,1432 NE 2ND Avenue,NE 2nd Ave,Progresso,Mainland inland,Single Family,1272.0,False,649000.0,510.0,480.0,23,6.2,Fair
Active,20 NE 24th Street,NE 24th St,Lazy Lake,Intracoastal / canal waterfront,Single Family,3550.0,True,4000000.0,1127.0,1060.0,13,6.3,Fair
Active,636 NE 16th Court,NE 16th Ct,Por Norfolk Ga,Mainland inland,Single Family,1250.0,False,670000.0,536.0,504.0,7,6.3,Fair
Active,1730 SE 13th Street,SE 13th St,Lauderdale Harbors,Intracoastal / canal waterfront,Single Family,5950.0,True,8995000.0,1512.0,1421.0,8,6.4,Fair
Active,1616 SW 9th Street,SW 9th St,Sherwood Forest,Mainland inland,Single Family,1120.0,False,540000.0,482.0,453.0,12,6.4,Fair
Active,2039 SE 10th Ave Unit#517,SE 10th Ave,Village East,Mainland inland,Condo,1054.0,False,370000.0,351.0,330.0,37,6.4,Fair
Active,2500 E Las Olas Boulevard Unit#308,E Las Olas Blvd,Marine Tower,Mainland inland,Condo,1706.0,False,449000.0,263.0,247.0,48,6.5,Fair
Pending,3020 NE 5th Terrace,NE 5th Ter,River Terrace,Mainland inland,Townhouse,1586.0,False,599000.0,378.0,355.0,40,6.5,Fair
Active,1901 N Andrews Avenue Unit#206,N Andrews Ave,Woods,Mainland inland,Condo,685.0,False,165000.0,241.0,226.0,32,6.6,Fair
Active,1528 NE 1st Avenue,NE 1st Ave,Progresso,Mainland inland,Single Family,1108.0,False,534900.0,483.0,453.0,19,6.6,Fair
Active,2500 E Las Olas Boulevard Unit#403,E Las Olas Blvd,Marine Tower,Intracoastal / canal waterfront,Condo,1230.0,True,439000.0,357.0,335.0,48,6.6,Fair
Active,1101 River Reach Drive Unit#205,River Reach Dr,River Reach,Intracoastal / canal waterfront,Condo,1110.0,True,359000.0,323.0,303.0,50,6.6,Fair
Active,1101 River Reach Drive Unit#311,River Reach Dr,River Reach,Intracoastal / canal waterfront,Condo,1110.0,True,359000.0,323.0,303.0,50,6.6,Fair
Active,2200 S Ocean Lane Unit#2607,S Ocean Ln,Point Americas Ii,Barrier island / beach,Condo,1200.0,True,818000.0,682.0,639.0,66,6.7,Fair
Active,2741 NE 8th Avenue Unit#14,NE 8th Ave,Wilton Commons Condominium,Mainland inland,Condo,600.0,False,210000.0,350.0,328.0,44,6.7,Fair
Active,1308 Bayview Drive Unit#1c,Bayview Dr,Hampton East,Intracoastal / canal waterfront,Condo,815.0,True,349500.0,429.0,402.0,24,6.7,Fair
Active,527 NW 17th Street,NW 17th St,Gardenia Park,Mainland inland,Townhouse,1844.0,False,618000.0,335.0,314.0,8,6.7,Fair
Active,1900 S Ocean Drive Unit#810,S Ocean Dr,Breakwater Towers,Barrier island / beach,Condo,805.0,False,279000.0,347.0,325.0,49,6.8,Fair
Active,347 N New River Drive Unit#1603,N New River Dr,Watergarden,Intracoastal / canal waterfront,Condo,1204.0,True,869000.0,722.0,676.0,31,6.8,Fair
Active,333 Las Olas Way Unit#3006,Las Olas Way,Las Olas,Intracoastal / canal waterfront,Condo,1869.0,True,1295000.0,693.0,649.0,31,6.8,Fair
Active,1212 SE 2nd Ct Unit#301,SE 2nd Ct,Las Olas,Mainland inland,Condo,1218.0,False,489000.0,401.0,375.0,8,6.9,Fair
Active,2100 S Ocean Lane Unit#2508,S Ocean Ln,Point Americas,Barrier island / beach,Condo,1880.0,True,1325000.0,705.0,659.0,66,7.0,Fair
Active,744 NE 14th Avenue Unit#21,NE 14th Ave,Sevilla Courts,Mainland inland,Condo,760.0,False,300000.0,395.0,369.0,73,7.0,Fair
Active,1 N Fort Lauderdale Beach Blvd Unit#2102,N Fort Lauderdale Beach Blvd,Ritz Carlton,Barrier island / beach,Condo,7031.0,True,10495000.0,1493.0,1395.0,78,7.0,Fair
Active,1315 NE 5th Ter,NE 5th Ter,Progresso,Mainland inland,Single Family,1780.0,False,925000.0,520.0,485.0,40,7.2,Fair
Active,155 Isle Of Venice Dr Unit#602,Isle Of Venice Dr,Venice Isles Tower,Finger-isle waterfront,Condo,940.0,True,585000.0,622.0,580.0,35,7.2,Fair
Active,563 NE 7th Avenue,NE 7th Ave,East,Mainland inland,Townhouse,980.0,False,440000.0,449.0,419.0,15,7.2,Fair
Active,2100 S Ocean Ln Unit#506,S Ocean Ln,Point Americas,Barrier island / beach,Condo,2524.0,True,1795000.0,711.0,663.0,66,7.2,Fair
Active,1140 NW 4th Ave,NW 4th Ave,Progresso,Mainland inland,Single Family,1056.0,False,465000.0,440.0,410.0,12,7.3,Fair
Active,2119 SE 10th Avenue Unit#901,SE 10th Ave,Village East,Mainland inland,Condo,1054.0,False,372777.0,354.0,330.0,37,7.3,Fair
Active,333 Las Olas Way Unit#2505,Las Olas Way,Las Olas,Intracoastal / canal waterfront,Condo,2129.0,True,1499000.0,704.0,656.0,31,7.3,Fair
Active,400 NW 18th Avenue,NW 18th Ave,Dorsey Park Third,Mainland inland,Single Family,1034.0,False,375000.0,363.0,338.0,9,7.4,Fair
Active,321 Hendricks Isle,Hendricks Isle,Victoria Isles,Finger-isle waterfront,Townhouse,3395.0,True,3600000.0,1060.0,986.0,32,7.5,Fair
Pending,2965 NE 8th Terrace Unit#101,NE 8th Ter,Middle River Homes,Mainland inland,Condo,761.0,False,249900.0,328.0,305.0,8,7.5,Fair
Pending,200 NE 17th Court Unit#Unit 801,NE 17th Ct,Placido Place,Mainland inland,Townhouse,1541.0,False,529900.0,344.0,320.0,15,7.5,Fair
Active,323 Hendricks Isle,Hendricks Isle,Victoria Isles,Finger-isle waterfront,Townhouse,3395.0,True,3600000.0,1060.0,986.0,32,7.5,Fair
Active,47 NE 20th Court Unit#1H,NE 20th Ct,Manor Grove Village Three,Mainland inland,Townhouse,960.0,False,365000.0,380.0,353.0,15,7.6,Fair
Active,1039 N Victoria Park Road Unit#1-3,N Victoria Park Rd,Progresso,Mainland inland,Single Family,1971.0,False,889000.0,451.0,419.0,30,7.6,Fair
Active,1820 SW 11th Ct,SW 11th Ct,Riverside Park Amen,Mainland inland,Single Family,878.0,False,398000.0,453.0,421.0,9,7.6,Fair
Active,2502 NE 6th Avenue,NE 6th Ave,Wilton Manors,Mainland inland,Single Family,2862.0,False,2100000.0,734.0,682.0,4,7.6,Fair
Pending,76 Isle Of Venice Dr Unit#H,Isle Of Venice Dr,Isles Venice Co Op Isles Venice,Finger-isle waterfront,Condo,2984.0,True,1599000.0,536.0,498.0,35,7.6,Fair
Pending,719 SW 11th Street,SW 11th St,Croissant Park,Mainland inland,Single Family,4676.0,False,3350000.0,716.0,665.0,11,7.7,Fair
Active,1317 NW 7th Terrace,NW 7th Ter,Progresso,Mainland inland,Single Family,955.0,False,399990.0,419.0,389.0,10,7.7,Fair
Pending,1637 N Victoria Park Road,N Victoria Park Rd,Progresso,Mainland inland,Single Family,1355.0,False,675000.0,498.0,462.0,30,7.8,Fair
Active,3040 NE 16th Ave Unit#216,NE 16th Ave,River Shores Rivers Shore,Mainland inland,Condo,600.0,False,220000.0,367.0,340.0,73,7.9,Fair
Active,660 NE 11th Ave Unit#102,NE 11th Ave,Capri Courts,Mainland inland,Condo,476.0,False,189000.0,397.0,368.0,18,7.9,Fair
Active,3101 Bayshore Unit#1007,Bayshore,Residence,Barrier island / beach,Condo,1176.0,True,840000.0,714.0,662.0,0,7.9,Fair
Active,3101 Bayshore Dr Unit#1102,Bayshore Dr,Fort Lauderdale Residence Fort Lauderdale Res,Barrier island / beach,Condo,1329.0,True,1090000.0,820.0,759.0,83,8.0,Fair
Active,2621 SW 12th Ter,SW 12th Ter,Devonshire,Mainland inland,Single Family,1394.0,False,560000.0,402.0,372.0,0,8.1,Fair
Active,347 N New River Drive Unit#610,N New River Dr,Watergarden,Intracoastal / canal waterfront,Condo,1204.0,True,880000.0,731.0,676.0,31,8.1,Fair
Active,1236 NE 13th Avenue,NE 13th Ave,Progresso,Mainland inland,Single Family,1067.0,False,609000.0,571.0,528.0,15,8.1,Fair
Active,2863 NE 27th Street,NE 27th St,Coral Ridge Galt,Barrier island / beach,Single Family,5628.0,True,8300000.0,1475.0,1365.0,16,8.1,Fair
Active,170 Isle Of Venice Drive,Isle Of Venice Dr,Nurmi Isles,Finger-isle waterfront,Townhouse,4070.0,True,3200000.0,786.0,726.0,35,8.3,Fair
Active,2901 NW 10th Ave,NW 10th Ave,Jenada Isles,Mainland inland,Single Family,2010.0,False,790000.0,393.0,363.0,7,8.3,Fair
Active,920 Intracoastal Drive Unit#801,Intracoastal Dr,Aquablu,Intracoastal / canal waterfront,Condo,3200.0,True,2595000.0,811.0,748.0,39,8.4,Fair
Pending,2839 NE 26th Place,NE 26th Pl,Coral Ridge Galt,Barrier island / beach,Single Family,6750.0,True,9975000.0,1478.0,1364.0,4,8.4,Fair
Active,1605 NW 7th Ter,NW 7th Ter,Progresso,Mainland inland,Single Family,965.0,False,449000.0,465.0,429.0,10,8.4,Fair
Pending,317 SW 19th Street,SW 19th St,Croissant Park,Mainland inland,Single Family,1234.0,False,549900.0,446.0,411.0,8,8.5,Fair
Active,533 NE 3rd Avenue Unit#541,NE 3rd Ave,Sole Fort Lauderdale,Downtown high-rise,Condo,760.0,False,299000.0,393.0,362.0,57,8.6,Fair
Active,2500 E Las Olas Boulevard Unit#1806,E Las Olas Blvd,Marine Tower,Mainland inland,Condo,1896.0,False,500000.0,264.0,243.0,48,8.6,Fair
Active,2200 S Ocean Lane Unit#2805,S Ocean Ln,Point Americas Phase Ii,Barrier island / beach,Condo,2170.0,True,1595000.0,735.0,676.0,66,8.7,Fair
Pending,1127 N Victoria Park Road,N Victoria Park Rd,Progresso,Mainland inland,Townhouse,2102.0,False,699000.0,333.0,306.0,30,8.8,Fair
Active,2540 Manor Way,Manor Way,Altessa Wilton Manors,Mainland inland,Townhouse,2046.0,False,961990.0,470.0,432.0,0,8.8,Fair
Active,511 SE 5th Avenue Unit#1118,SE 5th Ave,Nuriver Landing,Intracoastal / canal waterfront,Condo,634.0,True,330000.0,521.0,479.0,73,8.8,Fair
Active,827 SE 2nd Ct,SE 2nd Ct,Colee Hammock,Mainland inland,Single Family,3592.0,False,2899000.0,807.0,741.0,8,8.9,Fair
Pending,1121 NE 14th Ave,NE 14th Ave,Villa Valentina,Mainland inland,Townhouse,2262.0,False,885000.0,391.0,359.0,73,8.9,Fair
Active,2627 NE 14th Street,NE 14th St,Coral Ridge,Mainland inland,Single Family,6630.0,False,6499500.0,980.0,899.0,13,9.0,Fair
Active,601 NE 14th Place,NE 14th Pl,Lauderdale Gardens,Mainland inland,Single Family,1122.0,False,559900.0,499.0,458.0,0,9.0,Fair
Pending,842 NE 20th Drive Unit#842,NE 20th Dr,Footbridge Townhouses,Mainland inland,Townhouse,1212.0,False,439000.0,362.0,332.0,0,9.0,Fair
Active,2550 SW 18th Terrace Unit#2102,SW 18th Ter,Marina Oaks,Mainland inland,Condo,858.0,False,260000.0,303.0,278.0,20,9.0,Fair
Pending,600 W Las Olas Blvd Unit#1605S,W Las Olas Blvd,Symphony South Symphony,Intracoastal / canal waterfront,Condo,1224.0,True,675000.0,551.0,505.0,40,9.1,Fair
Active,1625 SW 5th Ct,SW 5th Ct,Gill Isles,Finger-isle waterfront,Single Family,1521.0,True,1000000.0,657.0,602.0,0,9.1,Fair
Active,2609 NE 14th Avenue Unit#105,NE 14th Ave,Wilton Station,Mainland inland,Townhouse,1738.0,False,729900.0,420.0,385.0,73,9.1,Fair
Active,2125 SE 10th Avenue Unit#1008,SE 10th Ave,Village East,Mainland inland,Condo,1054.0,False,379900.0,360.0,330.0,37,9.1,Fair
Active,2900 NE 30th Street Unit#Apt 8j,NE 30th St,Lauderdale Tower,Intracoastal / canal waterfront,Condo,730.0,True,349900.0,479.0,439.0,33,9.1,Fair
Active,839 NW 13th Ave,NW 13th Ave,Lincoln Park Third,Mainland inland,Single Family,1059.0,False,390000.0,368.0,337.0,4,9.2,Fair
Active,2836 NW 11th Avenue,NW 11th Ave,Jenada Isles,Mainland inland,Single Family,2712.0,False,1125000.0,415.0,380.0,0,9.2,Fair
Pending,1749 SE 9th Street,SE 9th St,Rio Vista,Finger-isle waterfront,Single Family,2598.0,True,2500000.0,962.0,880.0,9,9.3,Fair
Active,2445 SW 18th Terrace Unit#703,SW 18th Ter,Marina Oaks,Mainland inland,Condo,858.0,False,260000.0,303.0,277.0,20,9.4,Fair
Active,2445 SW 18th Terrace Unit#922,SW 18th Ter,Marina Oaks,Mainland inland,Condo,858.0,False,260000.0,303.0,277.0,20,9.4,Fair
Active,204 SW 19th Ave,SW 19th Ave,Robertson Park,Mainland inland,Single Family,1494.0,False,764000.0,511.0,467.0,9,9.4,Fair
Pending,1922 S Ocean Lane Unit#20,S Ocean Ln,Ocean Lane Villas,Barrier island / beach,Condo,940.0,True,650000.0,691.0,630.0,66,9.7,Fair
Active,333 Las Olas Way Unit#1608,Las Olas Way,Las Olas,Intracoastal / canal waterfront,Condo,1161.0,True,849900.0,732.0,667.0,31,9.7,Fair
Active,505 N Ft Lauderdale Bch Boulevard Unit#1914,N Ft Lauderdale Bch Blvd,Club Resort Residence,Barrier island / beach,Condo,662.0,True,259000.0,391.0,356.0,15,9.8,Fair
Active,1625 SE 10th Ave Unit#101,SE 10th Ave,Runaway Bay,Mainland inland,Condo,1040.0,False,327000.0,314.0,286.0,37,9.8,Fair
Pending,555 NE 7th Avenue Unit#5a,NE 7th Ave,East Townhomes,Mainland inland,Townhouse,1204.0,False,539500.0,448.0,408.0,15,9.8,Fair
Active,1644 NE 4th Court,NE 4th Ct,Victoria Park,Mainland inland,Single Family,3193.0,False,3195000.0,1001.0,911.0,0,9.9,Fair
Active,601 NW 29th Street,NW 29th St,March Estates Amen,Mainland inland,Single Family,1621.0,False,695000.0,429.0,390.0,5,10.0,Fair
Active,1 N Fort Lauderdale Beach Boulevard Unit#1807,N Fort Lauderdale Beach Blvd,Castillo Grand Residences,Barrier island / beach,Condo,2003.0,False,2350000.0,1173.0,1066.0,78,10.0,Fair
Active,2046 NE 15th St,NE 15th St,Lauder Gate Isles,Finger-isle waterfront,Single Family,2762.0,True,1999999.0,724.0,658.0,17,10.0,Fair
Active,350 SE 2nd Street Unit#1030,SE 2nd St,Las Olas,Mainland inland,Condo,1297.0,False,605000.0,466.0,423.0,36,10.2,Overpriced
Pending,1437 NW 10th Place,NW 10th Pl,Lauderdale Manors,Mainland inland,Single Family,825.0,False,339900.0,412.0,374.0,4,10.2,Overpriced
Active,1330 Holly Heights Drive Unit#2,Holly Heights Dr,Asoka,Mainland inland,Condo,721.0,False,210000.0,291.0,264.0,13,10.2,Overpriced
Pending,615 NE 22nd Drive,NE 22nd Dr,Village Wilton Manors,Mainland inland,Townhouse,1700.0,False,847000.0,498.0,452.0,5,10.2,Overpriced
Active,1900 NE 16th Terrace,NE 16th Ter,Poinsettia Heights,Mainland inland,Single Family,2000.0,False,1250000.0,625.0,567.0,30,10.2,Overpriced
Active,40 Isle Of Venice Drive Unit#3,Isle Of Venice Dr,Isles House East,Intracoastal / canal waterfront,Condo,560.0,True,350000.0,625.0,567.0,35,10.2,Overpriced
Active,2500 E Las Olas Boulevard Unit#404,E Las Olas Blvd,Marine Tower,Mainland inland,Condo,1230.0,False,345000.0,280.0,254.0,48,10.2,Overpriced
Active,1052 N Victoria Park Road,N Victoria Park Rd,Lake Ridge,Mainland inland,Townhouse,2074.0,False,1175000.0,567.0,514.0,30,10.3,Overpriced
Active,1020 SW 18th Court,SW 18th Ct,River Oaks,Mainland inland,Single Family,1566.0,False,699000.0,446.0,404.0,11,10.4,Overpriced
Pending,341 SW 16th Court,SW 16th Ct,Croissant Park,Mainland inland,Townhouse,1884.0,False,695000.0,369.0,334.0,0,10.5,Overpriced
Active,408 NW 21st St,NW 21st St,Meadowbrook,Mainland inland,Single Family,1559.0,False,649000.0,416.0,376.0,5,10.6,Overpriced
Active,1000 River Reach Dr Unit#516,River Reach Dr,River Reach,Intracoastal / canal waterfront,Condo,900.0,True,299000.0,332.0,300.0,50,10.7,Overpriced
Active,17 SE 12th Avenue,SE 12th Ave,Beverly Heights Na,Mainland inland,Townhouse,2509.0,False,1950000.0,777.0,701.0,0,10.8,Overpriced
Active,2500 NE 9th St Unit#111,NE 9th St,Colonial Manor East Apart Colonial Manor East,Mainland inland,Condo,806.0,False,199000.0,247.0,223.0,28,10.8,Overpriced
Active,920 Intracoastal Drive Unit#503,Intracoastal Dr,Aquablu,Intracoastal / canal waterfront,Condo,3258.0,True,2699000.0,828.0,747.0,39,10.8,Overpriced
Active,436 NW 15th Ave,NW 15th Ave,First To Tuskegee Par,Mainland inland,Single Family,1036.0,False,379999.0,367.0,331.0,14,10.9,Overpriced
Pending,525 NW 15th Ter,NW 15th Ter,Dorsey Park First,Mainland inland,Single Family,1014.0,False,380000.0,375.0,338.0,7,10.9,Overpriced
Active,359 Poinciana Drive,Poinciana Dr,Idlewyld,Mainland inland,Single Family,2344.0,False,2250000.0,960.0,866.0,0,10.9,Overpriced
Active,1676 S Ocean Lane Unit#253,S Ocean Ln,Oceanage,Barrier island / beach,Condo,1264.0,True,1500000.0,1187.0,1069.0,66,11.0,Overpriced
Active,350 SE 2nd Street Unit#860,SE 2nd St,Las Olas,Mainland inland,Condo,1200.0,False,520000.0,433.0,390.0,36,11.0,Overpriced
Active,151 N Seabreeze Boulevard Unit#1101-e,N Seabreeze Blvd,Selene Oceanfront Residen,Barrier island / beach,Condo,3122.0,True,4299000.0,1377.0,1239.0,15,11.1,Overpriced
Pending,841 SW 11th Ct,SW 11th Ct,Vinik,Mainland inland,Single Family,1444.0,False,650000.0,450.0,405.0,9,11.1,Overpriced
Active,1515 E Broward Boulevard Unit#323,E Broward Blvd,Pine Crest Village Vi,Mainland inland,Condo,960.0,False,365000.0,380.0,342.0,11,11.1,Overpriced
Active,1320 N Andrews Ave,N Andrews Ave,Progresso,Mainland inland,Single Family,858.0,False,429500.0,501.0,451.0,32,11.1,Overpriced
Pending,1 Las Olas Circle Unit#905,Las Olas Cir,Venetian,Barrier island / beach,Condo,1200.0,True,739000.0,616.0,554.0,17,11.2,Overpriced
Active,3101 BAYSHORE DR Unit#2306,Bayshore Dr,Fort Lauderdale Residenc Residences Fort Lauderd,Barrier island / beach,Condo,1283.0,True,1098000.0,856.0,770.0,83,11.2,Overpriced
Active,2410 Manor Way,Manor Way,Altessa Wilton Manors,Mainland inland,Townhouse,1738.0,False,812340.0,467.0,420.0,0,11.2,Overpriced
Active,650 Tennis Club Drive Unit#305,Tennis Club Dr,Tennis Club Lenglen,Mainland inland,Condo,1056.0,False,239900.0,227.0,204.0,25,11.3,Overpriced
Active,200 S Birch Rd Unit#1111,S Birch Rd,Leisure Beach,Barrier island / beach,Condo,647.0,False,299900.0,464.0,417.0,25,11.3,Overpriced
Active,2552 NE 16 Ave,NE 16 Ave,Altessa Wilton Manors,Mainland inland,Townhouse,1940.0,False,939490.0,484.0,435.0,0,11.3,Overpriced
Active,1212 E Lake Drive,E Lake Dr,Harbor Beach,Barrier island / beach,Single Family,5917.0,False,6150000.0,1039.0,933.0,4,11.4,Overpriced
Active,2100 S Ocean Lane Unit#1411,S Ocean Ln,Point Americas,Barrier island / beach,Condo,1912.0,True,1400000.0,732.0,657.0,66,11.4,Overpriced
Pending,1109 SE 11th Court,SE 11th Ct,Rio Vista,Mainland inland,Single Family,2668.0,False,1950000.0,731.0,656.0,8,11.4,Overpriced
Active,450 Victoria Terrace,Victoria Ter,Victoria Park,Intracoastal / canal waterfront,Single Family,4042.0,True,4395000.0,1087.0,975.0,0,11.5,Overpriced
Active,9 NE 19th Court Unit#212c,NE 19th Ct,Manor Grove Village One In,Mainland inland,Condo,1180.0,False,320000.0,271.0,243.0,28,11.5,Overpriced
Active,310 SW 10th St,SW 10th St,Lauderdale,Mainland inland,Single Family,1488.0,False,678000.0,456.0,409.0,18,11.5,Overpriced
Active,200 S Birch Rd Unit#1212,S Birch Rd,Leisure Beach,Barrier island / beach,Condo,647.0,False,300000.0,464.0,416.0,25,11.5,Overpriced
Active,2660 NE 8th Avenue Unit#211,NE 8th Ave,Grove,Mainland inland,Condo,616.0,False,245000.0,398.0,357.0,44,11.5,Overpriced
Active,1731 SE 15TH Street Unit#505,SE 15th St,Cromwell West,Mainland inland,Condo,704.0,False,265000.0,376.0,337.0,45,11.6,Overpriced
Active,401 SW 4th Avenue Unit#402,SW 4th Ave,Esplanade On New River,Intracoastal / canal waterfront,Condo,1215.0,True,515000.0,424.0,380.0,20,11.6,Overpriced
Active,610 W Las Olas Blvd Unit#117N,W Las Olas Blvd,Symphony North Symphony,Intracoastal / canal waterfront,Condo,1180.0,True,665000.0,564.0,505.0,40,11.7,Overpriced
Active,1001 SE 16th Street Unit#7,SE 16th St,Harbordale,Mainland inland,Condo,600.0,False,194700.0,324.0,290.0,4,11.7,Overpriced
Active,168 Fiesta Way,Fiesta Way,Nurmi Isles,Finger-isle waterfront,Single Family,4632.0,True,5990000.0,1293.0,1157.0,9,11.8,Overpriced
Pending,347 N New River Drive Unit#1401,N New River Dr,Watergarden,Intracoastal / canal waterfront,Condo,1615.0,True,1175000.0,728.0,651.0,31,11.8,Overpriced
Active,2670 E Sunrise Boulevard Unit#826,E Sunrise Blvd,Gallery One,Intracoastal / canal waterfront,Condo,379.0,True,140000.0,369.0,330.0,49,11.8,Overpriced
Active,741 Bayshore Drive Unit#2s,Bayshore Dr,Holiday Isles Yacht Club Co,Finger-isle waterfront,Condo,712.0,True,520000.0,730.0,653.0,83,11.8,Overpriced
Active,1328 N Andrews Ave,N Andrews Ave,Progresso,Mainland inland,Single Family,1099.0,False,615000.0,560.0,501.0,32,11.8,Overpriced
Active,2670 E Sunrise Blvd Unit#315,E Sunrise Blvd,Gallery One,Mainland inland,Condo,586.0,False,155000.0,265.0,237.0,49,11.8,Overpriced
Active,2500 E Las Olas Boulevard Unit#609,E Las Olas Blvd,Marine Tower,Intracoastal / canal waterfront,Condo,1940.0,True,695000.0,358.0,320.0,48,11.9,Overpriced
Active,632 NW 28th Ct,NW 28th Ct,Wilton Estates,Mainland inland,Single Family,1507.0,False,895000.0,594.0,531.0,0,11.9,Overpriced
Active,119 NE 19th Court Unit#203g,NE 19th Ct,Manor Grove,Mainland inland,Condo,750.0,False,204900.0,273.0,244.0,28,11.9,Overpriced
Active,1607 SE 14th Street,SE 14th St,Lauderdale Harbors Section,Intracoastal / canal waterfront,Single Family,5781.0,True,8650000.0,1496.0,1336.0,8,12.0,Overpriced
Active,1515 E Broward Boulevard Unit#305,E Broward Blvd,Pine Crest Village,Mainland inland,Condo,960.0,False,404000.0,421.0,376.0,11,12.0,Overpriced
Active,535 Hendricks Isle Unit#209,Hendricks Isle,Burton Point,Intracoastal / canal waterfront,Condo,800.0,True,499000.0,624.0,556.0,32,12.2,Overpriced
Active,2500 Manor Way,Manor Way,Altessa Wilton Manors,Mainland inland,Townhouse,1738.0,False,815890.0,469.0,418.0,0,12.2,Overpriced
Active,1033 NE 17th Way Unit#905,NE 17th Way,Villa Medici,Mainland inland,Townhouse,1990.0,False,539000.0,271.0,241.0,44,12.4,Overpriced
Active,3101 Bayshore Dr Unit#805,Bayshore Dr,Fort Lauderdale Residence Fort Lauderdale Residen,Barrier island / beach,Condo,1176.0,True,1020000.0,867.0,771.0,83,12.5,Overpriced
Active,1000 SE 15th St Unit#205,SE 15th St,Harbordale,Mainland inland,Condo,670.0,False,245000.0,366.0,325.0,45,12.6,Overpriced
Pending,1033 NE 17th Way Unit#1204,NE 17th Way,Villa Medici,Mainland inland,Townhouse,2100.0,False,564900.0,269.0,239.0,44,12.6,Overpriced
Active,100 N Federal Highway,N Federal Highway,Waverly Las Olas,Mainland inland,Condo,1259.0,False,549000.0,436.0,387.0,21,12.7,Overpriced
Active,1710 S Ocean Ln Unit#404,S Ocean Ln,Lago Mar North Lodge Cond Lago Mar North Lodge,Barrier island / beach,Condo,1444.0,True,1075000.0,744.0,660.0,66,12.7,Overpriced
Active,2265 NE 9th Avenue,NE 9th Ave,Wilton Manors,Mainland inland,Townhouse,2000.0,False,725000.0,362.0,321.0,28,12.8,Overpriced
Active,1625 NW 2nd Avenue,NW 2nd Ave,Progresso,Mainland inland,Single Family,1111.0,False,538000.0,484.0,429.0,15,12.8,Overpriced
Active,636 NE 17th Ter,NE 17th Ter,Victoria Park,Mainland inland,Single Family,1219.0,False,1150000.0,943.0,835.0,26,12.9,Overpriced
Active,101 S Fort Lauderdale Beach Boulevard Unit#1502,S Fort Lauderdale Beach Blvd,Las Olas,Barrier island / beach,Condo,2380.0,True,1975000.0,830.0,735.0,20,12.9,Overpriced
Active,1935 SE 25th Avenue,SE 25th Ave,Harbour Heights,Mainland inland,Single Family,2169.0,False,1749999.0,807.0,714.0,0,13.0,Overpriced
Active,435 N Andrews Avenue Unit#304,N Andrews Ave,Avenue Lofts,Downtown high-rise,Condo,1022.0,False,489900.0,479.0,424.0,32,13.0,Overpriced
Active,2127 NE 11th Avenue,NE 11th Ave,Wilton Pines Townhomes,Mainland inland,Townhouse,1163.0,False,465000.0,400.0,354.0,18,13.0,Overpriced
Active,720 Orton Avenue Unit#505,Orton Ave,Leisure Sands,Barrier island / beach,Condo,810.0,False,395000.0,488.0,432.0,13,13.0,Overpriced
Active,3318 NE 16th Pl,NE 16th Pl,Las Olas,Mainland inland,Single Family,4644.0,False,5800000.0,1249.0,1105.0,13,13.0,Overpriced
Active,2727 Yacht Club Boulevard Unit#1b,Yacht Club Blvd,Sunrise Bay Club Co Op,Intracoastal / canal waterfront,Condo,1030.0,True,499000.0,484.0,428.0,14,13.1,Overpriced
Active,153 N Seabreeze Boulevard Unit#2404-s,N Seabreeze Blvd,Selene Oceanfront Residen,Barrier island / beach,Condo,1707.0,True,2395000.0,1403.0,1240.0,15,13.1,Overpriced
Active,315 NE 3rd Avenue Unit#1509,NE 3rd Ave,Flagler Village,Downtown high-rise,Condo,826.0,False,355000.0,430.0,380.0,57,13.2,Overpriced
Pending,2301 Wilton Dr Unit#R207,Wilton Dr,Isles City Lofts,Mainland inland,Condo,1386.0,False,459900.0,332.0,293.0,6,13.3,Overpriced
Active,1436 NW 19th Street,NW 19th St,Lauderdale Villas,Mainland inland,Single Family,1350.0,False,549000.0,407.0,359.0,7,13.4,Overpriced
Active,515 Lido Drive,Lido Dr,Coral Isles,Finger-isle waterfront,Single Family,7877.0,True,16750000.0,2126.0,1873.0,0,13.5,Overpriced
Pending,1000 River Reach Drive Unit#512,River Reach Dr,River Reach,Intracoastal / canal waterfront,Condo,1025.0,True,344900.0,336.0,296.0,50,13.5,Overpriced
Active,510 NE 17th Avenue Unit#103,NE 17th Ave,Elizabethan,Mainland inland,Condo,751.0,False,299800.0,399.0,351.0,36,13.7,Overpriced
Active,2580 Manor Way,Manor Way,Altessa Wilton Manors,Mainland inland,Townhouse,2179.0,False,1043390.0,479.0,421.0,0,13.8,Overpriced
Active,2660 NE 8th Avenue Unit#Unit 219,NE 8th Ave,Grove,Mainland inland,Condo,607.0,False,225000.0,371.0,326.0,44,13.8,Overpriced
Active,1319 Seminole Dr,Seminole Dr,Beach Way Heights,Barrier island / beach,Single Family,7325.0,True,7200000.0,983.0,863.0,11,13.9,Overpriced
Active,2501 NW 8th Avenue,NW 8th Ave,Babco Park,Mainland inland,Single Family,2100.0,False,950000.0,452.0,397.0,8,13.9,Overpriced
Active,603 SW 7th Avenue Unit#11,SW 7th Ave,Seawanna,Mainland inland,Townhouse,1912.0,False,670000.0,350.0,307.0,0,14.0,Overpriced
Active,601 N Ft Lauderdale Bch Boulevard Unit#905,N Ft Lauderdale Bch Blvd,Atlantic Hotel,Barrier island / beach,Condo,600.0,True,460000.0,767.0,673.0,15,14.0,Overpriced
Active,155 Isle Of Venice Drive Unit#404,Isle Of Venice Dr,Venice Isles Tower,Finger-isle waterfront,Condo,800.0,True,539000.0,674.0,591.0,35,14.0,Overpriced
Active,1101 River Reach Drive Unit#502,River Reach Dr,River Reach,Intracoastal / canal waterfront,Condo,1250.0,True,424999.0,340.0,298.0,50,14.1,Overpriced
Active,700 NE 17th Way,NE 17th Way,Victoria Highlands Pla,Mainland inland,Single Family,1722.0,False,1100000.0,639.0,560.0,44,14.1,Overpriced
Active,507 SW 11th Street,SW 11th St,Tarpon River,Mainland inland,Townhouse,2265.0,False,1099000.0,485.0,425.0,11,14.1,Overpriced
Active,648 NE 16th Terrace,NE 16th Ter,Victoria Park,Mainland inland,Single Family,1428.0,False,1100000.0,770.0,674.0,30,14.2,Overpriced
Pending,444 NW 1st Avenue Unit#602,NW 1st Ave,Avenue Lofts Four,Downtown high-rise,Condo,1609.0,False,699000.0,434.0,380.0,32,14.2,Overpriced
Active,511 SE 5th Ave Unit#1705,SE 5th Ave,Nuriver Landing,Intracoastal / canal waterfront,Condo,1692.0,True,750000.0,443.0,388.0,73,14.2,Overpriced
Active,1401 NE 14th Street,NE 14th St,Verena Park,Mainland inland,Single Family,1224.0,False,625000.0,511.0,447.0,13,14.3,Overpriced
Active,656 NW 21st Street,NW 21st St,Curva Del Rio,Intracoastal / canal waterfront,Single Family,2338.0,True,1799000.0,769.0,673.0,5,14.3,Overpriced
Active,2660 NE 8th Avenue Unit#302,NE 8th Ave,Grove Wilton Manors Con,Mainland inland,Condo,616.0,False,229900.0,373.0,326.0,44,14.4,Overpriced
Pending,425 N Andrews Avenue Unit#206,N Andrews Ave,Avenue Lofts One,Downtown high-rise,Condo,967.0,False,469000.0,485.0,424.0,32,14.4,Overpriced
Pending,2660 NE 8th Avenue Unit#307,NE 8th Ave,Grove Wilton Manor,Mainland inland,Condo,614.0,False,229000.0,373.0,326.0,44,14.4,Overpriced
Pending,625 NE 22nd Drive,NE 22nd Dr,Village Wilton Manors,Mainland inland,Townhouse,1580.0,False,799000.0,506.0,442.0,5,14.5,Overpriced
Active,1101 River Reach Drive Unit#415,River Reach Dr,River Reach,Intracoastal / canal waterfront,Condo,1110.0,True,385000.0,347.0,303.0,50,14.5,Overpriced
Pending,508 NE 9th Avenue,NE 9th Ave,Holmberg Mc Kees,Mainland inland,Single Family,3986.0,False,3999900.0,1003.0,875.0,28,14.6,Overpriced
Active,1362 Bayview Drive,Bayview Dr,Grandeur,Mainland inland,Townhouse,2355.0,False,1150000.0,488.0,425.0,24,14.8,Overpriced
Active,3040 NE 16th Avenue Unit#A210,NE 16th Ave,River Shores,Mainland inland,Condo,600.0,False,195000.0,325.0,283.0,73,14.8,Overpriced
Active,333 Las Olas Way Unit#2401,Las Olas Way,Las Olas,Intracoastal / canal waterfront,Condo,1161.0,True,888001.0,765.0,665.0,31,15.0,Overpriced
Active,660 Tennis Club Dr Unit#101,Tennis Club Dr,Tennis Club Johnston Cond Tennis Club Johnston,Mainland inland,Condo,960.0,False,235000.0,245.0,213.0,25,15.0,Overpriced
Pending,1503 NE 18th Avenue,NE 18th Ave,Progresso,Mainland inland,Single Family,2085.0,False,700000.0,336.0,292.0,40,15.1,Overpriced
Active,2719 NE 19th Street,NE 19th St,Coral Ridge,Mainland inland,Single Family,4284.0,False,3400000.0,794.0,689.0,11,15.2,Overpriced
Active,1800 S Ocean Drive Unit#404,S Ocean Dr,Townhouses Harbor Beach,Barrier island / beach,Condo,1790.0,True,1349000.0,754.0,654.0,49,15.3,Overpriced
Active,1808 Coral Ridge Dr,Coral Ridge Dr,Livermore Estates,Mainland inland,Townhouse,3387.0,False,1865000.0,551.0,478.0,4,15.3,Overpriced
Active,119 NE 19th Court Unit#215 G,NE 19th Ct,Manor Grove Village Two,Mainland inland,Condo,750.0,False,219000.0,292.0,253.0,28,15.4,Overpriced
Active,1430 NW 7th St,NW 7th St,Lincoln Park Corr,Mainland inland,Single Family,630.0,False,250000.0,397.0,344.0,0,15.4,Overpriced
Active,1518 E Lake Drive,E Lake Dr,Harbor Beach,Barrier island / beach,Single Family,3781.0,False,3995000.0,1057.0,916.0,4,15.4,Overpriced
Active,1201 NW 10th Pl,NW 10th Pl,Lauderdale Manors,Mainland inland,Single Family,810.0,False,350000.0,432.0,374.0,4,15.5,Overpriced
Active,1210 NE 11th Avenue,NE 11th Ave,Progresso,Mainland inland,Townhouse,2932.0,False,1095000.0,373.0,323.0,18,15.5,Overpriced
Active,701 N Fort Lauderdale Beach Boulevard Unit#406,N Fort Lauderdale Beach Blvd,Paramount Ft Lauderdale Co,Barrier island / beach,Condo,2420.0,False,3150000.0,1302.0,1126.0,78,15.6,Overpriced
Active,1805 N Dixie Hwy,N Dixie Hwy,Lauderdale Park,Mainland inland,Single Family,1370.0,False,550000.0,401.0,347.0,5,15.6,Overpriced
Active,2400 NE 9th St Unit#603,NE 9th St,Ocean Sunrise Co Op Ocean Sunrise,Barrier island / beach,Condo,650.0,False,175000.0,269.0,232.0,28,15.9,Overpriced
Active,2200 S Ocean Lane Unit#205,S Ocean Ln,Point Americas Phase Ii,Barrier island / beach,Condo,2170.0,True,1549000.0,714.0,616.0,66,15.9,Overpriced
Active,2845 NE 9th Street Unit#906,NE 9th St,Le Club International Cond,Barrier island / beach,Condo,2630.0,True,1250000.0,475.0,410.0,28,15.9,Overpriced
Active,1534 NE 26 Street,NE 26 St,Altessa Wilton Manors,Mainland inland,Townhouse,1605.0,False,804790.0,501.0,432.0,0,16.0,Overpriced
Active,3020 NE 32nd Avenue Unit#905,NE 32nd Ave,Tides Bridgeside,Intracoastal / canal waterfront,Condo,750.0,True,349000.0,465.0,401.0,27,16.0,Overpriced
Active,424 NE 27th Dr,NE 27th Dr,Tropical Manors,Mainland inland,Single Family,1344.0,False,895000.0,666.0,574.0,12,16.0,Overpriced
Active,2415 Middle River Drive,Middle River Dr,Coral Ridge Galt,Barrier island / beach,Single Family,4121.0,True,4095000.0,994.0,857.0,33,16.0,Overpriced
Pending,411 N New River Drive Unit#3402,N New River Dr,Las Olas,Intracoastal / canal waterfront,Condo,1630.0,True,1249000.0,766.0,660.0,31,16.1,Overpriced
Active,612 SW 6th St,SW 6th St,Mrs Elva Truax,Mainland inland,Townhouse,1740.0,False,635000.0,365.0,314.0,0,16.2,Overpriced
Active,3000 E Sunrise Blvd Unit#14C,E Sunrise Blvd,Carlton Tower,Barrier island / beach,Condo,1202.0,False,724999.0,603.0,519.0,49,16.2,Overpriced
Active,1127 NW 2nd Ave,NW 2nd Ave,Progresso,Mainland inland,Single Family,1088.0,False,465000.0,427.0,367.0,15,16.3,Overpriced
Active,3101 Bayshore Drive Unit#2105,Bayshore Dr,Fort Lauderdale Residences,Barrier island / beach,Condo,1283.0,True,1250000.0,974.0,836.0,83,16.5,Overpriced
Active,2550 Manor Way,Manor Way,Altessa Wilton Manors,Mainland inland,Townhouse,1666.0,False,819965.0,492.0,422.0,0,16.6,Overpriced
Active,511 SE 5th Ave Unit#1214,SE 5th Ave,Nuriver Landing,Downtown high-rise,Condo,1379.0,False,495000.0,359.0,308.0,73,16.6,Overpriced
Active,1630 NW 4th Avenue,NW 4th Ave,South Middle River,Mainland inland,Single Family,1274.0,False,490000.0,385.0,330.0,12,16.7,Overpriced
Active,1606 SW 28th Court,SW 28th Ct,Reserve Edgewood,Mainland inland,Townhouse,1377.0,False,480000.0,349.0,299.0,0,16.7,Overpriced
Active,725 SW 4th Avenue,SW 4th Ave,Tarpon River,Mainland inland,Townhouse,1631.0,False,695000.0,426.0,365.0,20,16.7,Overpriced
Active,1035 NW 2nd Ave,NW 2nd Ave,Progresso,Mainland inland,Townhouse,1372.0,False,490000.0,357.0,306.0,15,16.7,Overpriced
Active,650 Royal Plaza Dr,Royal Plz Dr,Stilwell Isles,Finger-isle waterfront,Single Family,9252.0,True,15950000.0,1724.0,1477.0,6,16.7,Overpriced
Active,151 N Seabreeze Boulevard Unit#903,N Seabreeze Blvd,Selene Oceanfront,Barrier island / beach,Condo,1680.0,True,1799000.0,1071.0,917.0,15,16.8,Overpriced
Active,1404 SE 2nd Court,SE 2nd Ct,Colee Hammock,Mainland inland,Single Family,3024.0,False,2799999.0,926.0,793.0,8,16.8,Overpriced
Active,2500 Middle River Dr,Middle River Dr,Coral Ridge Galt,Barrier island / beach,Single Family,4325.0,False,3990000.0,923.0,790.0,33,16.8,Overpriced
Pending,815 SE 7th Street,SE 7th St,Rio Vista,Mainland inland,Single Family,1317.0,False,990000.0,752.0,644.0,23,16.8,Overpriced
Active,2231 NE 15th Court,NE 15th Ct,Bal Harbour St,Finger-isle waterfront,Single Family,6629.0,True,9700000.0,1463.0,1253.0,5,16.8,Overpriced
Active,1313 Seabreeze Boulevard,Seabreeze Blvd,Harbor Beach,Barrier island / beach,Single Family,9501.0,False,10000000.0,1053.0,901.0,6,16.9,Overpriced
Active,509 SW 11th Street,SW 11th St,Lauderdale,Mainland inland,Townhouse,2265.0,False,1099000.0,485.0,415.0,11,16.9,Overpriced
Active,600 NE 7TH Avenue Unit#14,NE 7th Ave,Hibiscus House,Mainland inland,Condo,544.0,False,225000.0,414.0,354.0,15,16.9,Overpriced
Active,1823 SW 29th St,SW 29th St,Barretts,Mainland inland,Single Family,1242.0,False,625000.0,503.0,430.0,0,17.0,Overpriced
Active,2507 NW 8th Avenue,NW 8th Ave,Babco Park,Mainland inland,Single Family,1674.0,False,779000.0,465.0,397.0,8,17.1,Overpriced
Active,1130 NW 7th Avenue,NW 7th Ave,Progresso,Mainland inland,Single Family,1194.0,False,585000.0,490.0,418.0,21,17.2,Overpriced
Active,1500 SE 12th St Unit#1A,SE 12th St,Hemingway Landings,Intracoastal / canal waterfront,Condo,2288.0,True,1500000.0,656.0,559.0,11,17.4,Overpriced
Pending,1 Las Olas Circle Unit#610,Las Olas Cir,Venetian,Barrier island / beach,Condo,1500.0,True,949000.0,633.0,539.0,17,17.4,Overpriced
Pending,1009 A NE 3rd Street,A NE 3rd St,Stranahans,Mainland inland,Townhouse,3276.0,False,2200000.0,672.0,572.0,0,17.5,Overpriced
Pending,1015 A NE 3rd Street,A NE 3rd St,Stranahans,Mainland inland,Townhouse,3276.0,False,2200000.0,672.0,572.0,0,17.5,Overpriced
Pending,1003 A NE 3rd Street,A NE 3rd St,Stranahans,Mainland inland,Townhouse,3276.0,False,2200000.0,672.0,572.0,0,17.5,Overpriced
Pending,302 NE 11th Avenue,NE 11th Ave,Stranahans,Mainland inland,Townhouse,2045.0,False,999000.0,489.0,416.0,18,17.5,Overpriced
Pending,1731 NE 23rd Avenue,NE 23rd Ave,Bal Harbour,Finger-isle waterfront,Single Family,2357.0,True,2599000.0,1103.0,939.0,0,17.5,Overpriced
Active,715 Bayshore Drive Unit#902,Bayshore Dr,La Rive,Barrier island / beach,Condo,3417.0,True,2850000.0,834.0,710.0,83,17.5,Overpriced
Active,1142 NW 2nd Ave,NW 2nd Ave,Progresso,Mainland inland,Single Family,1102.0,False,521980.0,474.0,403.0,15,17.6,Overpriced
Active,3121 NE 26th Street,NE 26th St,Lauderdale Beach Ext,Barrier island / beach,Townhouse,2264.0,True,1495000.0,660.0,561.0,18,17.6,Overpriced
Active,512 NW 15th Terrace,NW 15th Ter,Dorsey Park First,Mainland inland,Single Family,1118.0,False,425000.0,380.0,323.0,7,17.6,Overpriced
Active,2317 Delmar Place,Delmar Pl,Gould Isles,Intracoastal / canal waterfront,Single Family,6138.0,True,8995000.0,1465.0,1245.0,4,17.7,Overpriced
Active,3056 NE 14th Ave,NE 14th Ave,Ocean Boulevard Park,Barrier island / beach,Single Family,2257.0,False,1080000.0,479.0,407.0,73,17.7,Overpriced
Active,200 S Birch Road Unit#208,S Birch Rd,Leisure Beach,Barrier island / beach,Condo,756.0,False,389900.0,516.0,438.0,25,17.8,Overpriced
Active,2562 NE 16 Ave,NE 16 Ave,Altessa Wilton Manors,Mainland inland,Townhouse,1596.0,False,811940.0,509.0,432.0,0,17.8,Overpriced
Active,2107 SE 10th Ave Unit#809,SE 10th Ave,Village East,Mainland inland,Condo,878.0,False,335420.0,382.0,324.0,37,17.9,Overpriced
Active,2200 S Ocean Ln Unit#2903,S Ocean Ln,Point Americas Ii Point Americas,Barrier island / beach,Condo,1258.0,True,950000.0,755.0,640.0,66,18.0,Overpriced
Active,315 SW 19th St,SW 19th St,Croissant Park,Mainland inland,Single Family,855.0,False,424900.0,497.0,421.0,8,18.1,Overpriced
Active,807 SW 7th Avenue,SW 7th Ave,Tarpon River,Mainland inland,Townhouse,2378.0,False,995000.0,418.0,354.0,0,18.1,Overpriced
Active,1401 NE 14th Ct,NE 14th Ct,Verena Park,Mainland inland,Single Family,1026.0,False,599000.0,584.0,494.0,5,18.2,Overpriced
Active,843 SW 14th Court Unit#843,SW 14th Ct,Esmonda Gardens,Mainland inland,Townhouse,4200.0,False,1777000.0,423.0,358.0,4,18.2,Overpriced
Pending,151 N Seabreeze Blv Unit#E-701,N Seabreeze Blv,Selene Oceanfront Residen,Barrier island / beach,Condo,3112.0,True,3999000.0,1285.0,1087.0,0,18.2,Overpriced
Active,155 Isle Of Venice Drive Unit#603,Isle Of Venice Dr,Venice Isles Tower,Finger-isle waterfront,Condo,800.0,True,559000.0,699.0,591.0,35,18.3,Overpriced
Active,1413 NE 17th Way,NE 17th Way,Progresso,Mainland inland,Single Family,2923.0,False,2249999.0,770.0,651.0,44,18.3,Overpriced
Active,1801 NE 13th St Unit#1821,NE 13th St,Galleria Villages,Mainland inland,Townhouse,2036.0,False,975000.0,479.0,405.0,0,18.3,Overpriced
Pending,425 Coral Way,Coral Way,Coral Isles Las Olas Isl,Finger-isle waterfront,Single Family,4119.0,True,5475000.0,1329.0,1123.0,10,18.3,Overpriced
Active,1624 Middle River,Middle River,Coral Ridge,Mainland inland,Single Family,3142.0,False,3900000.0,1241.0,1048.0,0,18.4,Overpriced
Active,1839 Middle River Drive Unit#302,Middle River Dr,Rivers Bend,Intracoastal / canal waterfront,Condo,1196.0,True,515000.0,431.0,364.0,33,18.4,Overpriced
Active,610 W Las Olas Blvd Unit#312N,W Las Olas Blvd,Symphony North Symphony,Intracoastal / canal waterfront,Condo,776.0,True,349000.0,450.0,380.0,40,18.4,Overpriced
Active,900 SW 12th St Unit#108,SW 12th St,Rio Nuevo,Mainland inland,Condo,1000.0,False,295000.0,295.0,249.0,17,18.5,Overpriced
Active,14 NE 29th Street,NE 29th St,Almar Estates,Mainland inland,Single Family,1679.0,False,724000.0,431.0,363.0,18,18.7,Overpriced
Active,1609 SW 28th St,SW 28th St,Edge On Th,Mainland inland,Townhouse,1377.0,False,489000.0,355.0,299.0,5,18.7,Overpriced
Active,180 Isle Of Venice Drive Unit#119,Isle Of Venice Dr,Oasis Nurmi Isles Co Op,Finger-isle waterfront,Condo,1140.0,True,729000.0,639.0,538.0,35,18.8,Overpriced
Active,2317 NE 12th Street,NE 12th St,Beach Way Heights,Barrier island / beach,Single Family,2571.0,False,1795000.0,698.0,587.0,5,18.9,Overpriced
Active,670 Tennis Club  Drive Unit#303,Tennis Club Dr,Tennis Club Davis,Mainland inland,Condo,1496.0,False,365000.0,244.0,205.0,25,19.0,Overpriced
Active,900 Intracoastal Drive Unit#Apt 701,Intracoastal Dr,Sunrise,Intracoastal / canal waterfront,Condo,2792.0,True,2975000.0,1066.0,896.0,39,19.0,Overpriced
Active,516 SW 17th Street,SW 17th St,Lauderdale,Mainland inland,Single Family,1250.0,False,635000.0,508.0,427.0,10,19.0,Overpriced
Active,2625 NW 3rd Avenue,NW 3rd Ave,Babco Heights,Mainland inland,Single Family,1944.0,False,825000.0,424.0,356.0,12,19.1,Overpriced
Pending,350 SE 2nd Street Unit#730,SE 2nd St,Las Olas,Mainland inland,Condo,1297.0,False,597500.0,461.0,387.0,36,19.1,Overpriced
Active,2670 E Sunrise Boulevard Unit#1105,E Sunrise Blvd,Gallery One,Intracoastal / canal waterfront,Condo,591.0,True,220000.0,372.0,312.0,49,19.2,Overpriced
Active,54 Isle Of Venice Drive Unit#3,Isle Of Venice Dr,Cranwell House,Intracoastal / canal waterfront,Condo,550.0,True,375000.0,682.0,572.0,35,19.2,Overpriced
Active,741 Bayshore Drive Unit#32n,Bayshore Dr,Holiday Isles Yacht Club Co,Finger-isle waterfront,Condo,563.0,True,439000.0,780.0,654.0,83,19.3,Overpriced
Active,95 N Birch Road Unit#304,N Birch Rd,Harbor Haven,Barrier island / beach,Condo,795.0,True,369000.0,464.0,389.0,32,19.3,Overpriced
Active,2200 S Ocean Ln Unit#1405,S Ocean Ln,Point America Point Americas,Barrier island / beach,Condo,2170.0,True,1595000.0,735.0,616.0,66,19.3,Overpriced
Active,1627 Seabreeze Boulevard,Seabreeze Blvd,Harbor Beach,Barrier island / beach,Single Family,2540.0,False,1999999.0,787.0,659.0,6,19.4,Overpriced
Active,3315 NE 17th Street,NE 17th St,Las Olas,Mainland inland,Single Family,2856.0,False,2750000.0,963.0,806.0,11,19.5,Overpriced
Pending,900 River Reach Drive Unit#312,River Reach Dr,River Reach,Mainland inland,Condo,1025.0,False,275000.0,268.0,224.0,50,19.6,Overpriced
Active,533 NE 3rd Avenue Unit#148,NE 3rd Ave,Sole Fort Lauderdale Co,Downtown high-rise,Condo,667.0,False,299995.0,450.0,376.0,57,19.7,Overpriced
Active,30 Isle Of Venice Dr Unit#403,Isle Of Venice Dr,Aqualuna Las Olas Aqualuna,Intracoastal / canal waterfront,Condo,2590.0,True,1799000.0,695.0,580.0,35,19.8,Overpriced
Active,2660 NE 8th Avenue Unit#106,NE 8th Ave,Grove Wilton Manors Con,Mainland inland,Condo,614.0,False,239900.0,391.0,326.0,44,19.9,Overpriced
Active,1301 River Reach Drive Unit#304,River Reach Dr,River Reach,Intracoastal / canal waterfront,Condo,1250.0,True,435000.0,348.0,290.0,50,20.0,Overpriced
Pending,2617 NE 14th Avenue Unit#304,NE 14th Ave,Wilton Station,Mainland inland,Condo,1883.0,False,699900.0,372.0,310.0,73,20.0,Overpriced
Pending,228 SW 22nd St,SW 22nd St,Lauderdale,Mainland inland,Single Family,1200.0,False,645000.0,538.0,448.0,7,20.1,Overpriced
Active,3101 Bayshore Dr Unit#1205,Bayshore Dr,Fort Lauderdale Residence,Intracoastal / canal waterfront,Condo,1176.0,True,849000.0,722.0,601.0,83,20.1,Overpriced
Active,1014 SW 20th St,SW 20th St,Banyan Grove,Mainland inland,Single Family,1236.0,False,619000.0,501.0,416.0,8,20.4,Overpriced
Pending,2200 S Ocean Ln Unit#2103,S Ocean Ln,Point Americas Ii Point Americas,Barrier island / beach,Condo,1258.0,True,975000.0,775.0,643.0,66,20.5,Overpriced
Active,511 SE 5th Ave Unit#1408,SE 5th Ave,Nuriver Landing,Downtown high-rise,Condo,1246.0,False,469000.0,376.0,312.0,73,20.5,Overpriced
Active,641 Flamingo Dr,Flamingo Dr,Riviera,Intracoastal / canal waterfront,Single Family,5535.0,True,11990000.0,2166.0,1797.0,0,20.5,Overpriced
Active,1243 NW 3rd Ave,NW 3rd Ave,Progresso,Mainland inland,Single Family,1250.0,False,595000.0,476.0,395.0,12,20.5,Overpriced
Active,1043 N Victoria Park Road Unit#1-2,N Victoria Park Rd,Progresso,Mainland inland,Single Family,1498.0,False,929000.0,620.0,514.0,30,20.6,Overpriced
Pending,2711 Mayan Dr,Mayan Dr,Harbor Beach,Barrier island / beach,Single Family,1846.0,False,1699000.0,920.0,762.0,0,20.7,Overpriced
Active,350 SE 2nd St Unit#980,SE 2nd St,Las Olas,Mainland inland,Condo,847.0,False,399999.0,472.0,390.0,36,21.0,Overpriced
Active,909 NE 16th Ave,NE 16th Ave,Progresso,Mainland inland,Townhouse,2483.0,False,1399000.0,563.0,465.0,73,21.1,Overpriced
Pending,527 Orton Avenue Unit#302B,Orton Ave,Terraces,Barrier island / beach,Condo,1775.0,True,1750000.0,986.0,814.0,13,21.1,Overpriced
Active,525 N Fort Lauderdale Beach Blvd Unit#1509,N Fort Lauderdale Beach Blvd,Four Seasons Four Seasons Residences,Barrier island / beach,Condo,1721.0,False,2750000.0,1598.0,1319.0,78,21.2,Overpriced
Active,245 SW 20th Street,SW 20th St,Lauderdale,Mainland inland,Single Family,990.0,False,575000.0,581.0,479.0,8,21.3,Overpriced
Active,1321 NE 14th Avenue Unit#1321,NE 14th Ave,Dua Lake Ridge West,Mainland inland,Townhouse,2351.0,False,1395000.0,593.0,489.0,73,21.3,Overpriced
Active,387 NW 17th St,NW 17th St,Gardenia Park,Mainland inland,Townhouse,1844.0,False,650000.0,352.0,290.0,8,21.4,Overpriced
Active,2108 NE 24th St,NE 24th St,Coral Point,Intracoastal / canal waterfront,Single Family,2824.0,True,2150000.0,761.0,627.0,13,21.4,Overpriced
Pending,1124 Seminole Drive Unit#1 C&D,Seminole Dr,Coral Cove,Intracoastal / canal waterfront,Condo,1620.0,True,725000.0,448.0,369.0,11,21.4,Overpriced
Active,411 N New River Dr E Unit#3703,N New River Dr E,Las Olas,Intracoastal / canal waterfront,Condo,2110.0,True,1629000.0,772.0,635.0,28,21.6,Overpriced
Active,347 N New River Dr Drive Unit#1202,N New River Dr Dr,Watergarden,Downtown high-rise,Condo,1178.0,False,759000.0,644.0,529.0,0,21.7,Overpriced
Active,325 Sunset Drive Unit#A,Sunset Dr,Lake Shore,Intracoastal / canal waterfront,Condo,1610.0,True,975000.0,606.0,498.0,26,21.7,Overpriced
Active,501 NW 30th Court,NW 30th Ct,Boulevard Estates Amen,Mainland inland,Single Family,1313.0,False,580000.0,442.0,363.0,14,21.8,Overpriced
Active,2200 N Ocean Blvd Unit#N206,N Ocean Blvd,Fort Lauderdale Beac Auberge Beach Residences,Barrier island / beach,Condo,2071.0,True,2790000.0,1347.0,1105.0,147,21.9,Overpriced
Active,2542 NE 16 Ave,NE 16 Ave,Altessa Wilton Manors,Mainland inland,Townhouse,1485.0,False,790390.0,532.0,436.0,0,22.0,Overpriced
Active,1301 River Reach Drive Unit#110,River Reach Dr,River Reach,Intracoastal / canal waterfront,Condo,1110.0,True,399900.0,360.0,295.0,50,22.0,Overpriced
Active,336 N Birch Road Unit#6d,N Birch Rd,Birch Crest Apartments Inc,Barrier island / beach,Condo,819.0,True,399000.0,487.0,399.0,32,22.1,Overpriced
Pending,2309 NE 12th Court,NE 12th Ct,Beach Way Heights,Barrier island / beach,Single Family,3004.0,False,2395000.0,797.0,653.0,0,22.1,Overpriced
Pending,1118 NW 16th St,NW 16th St,Lauderdale Villas,Mainland inland,Single Family,1404.0,False,549000.0,391.0,320.0,4,22.2,Overpriced
Active,156 Fiesta Way,Fiesta Way,Nurmi Isles,Finger-isle waterfront,Single Family,6446.0,True,8999000.0,1396.0,1142.0,9,22.2,Overpriced
Active,2716 NW 3rd Ave,NW 3rd Ave,Wilton Estates,Mainland inland,Single Family,1697.0,False,725000.0,427.0,349.0,12,22.3,Overpriced
Active,1301 River Reach Dr Unit#106,River Reach Dr,River Reach,Intracoastal / canal waterfront,Condo,900.0,True,329000.0,366.0,299.0,50,22.4,Overpriced
Active,1918 Intracoastal Drive,Intracoastal Dr,Coral Ridge,Intracoastal / canal waterfront,Single Family,6567.0,True,15995000.0,2436.0,1988.0,39,22.5,Overpriced
Pending,910 SE 13th St,SE 13th St,Everglade Land Sales Co None,Mainland inland,Townhouse,2619.0,False,1525000.0,582.0,475.0,8,22.5,Overpriced
Active,334 Isle Of Capri Drive,Isle Of Capri Dr,Capri Venice,Finger-isle waterfront,Single Family,3298.0,True,5790000.0,1756.0,1434.0,0,22.5,Overpriced
Active,606 SW 19th Street,SW 19th St,Pinehurst Pl Portio,Mainland inland,Single Family,1712.0,False,824900.0,482.0,393.0,8,22.6,Overpriced
Active,1901 N Andrews Ave Unit#100,N Andrews Ave,Woods Condominium,Mainland inland,Condo,685.0,False,190000.0,277.0,226.0,32,22.6,Overpriced
Active,1924 NE 18th Street,NE 18th St,Lauder Gate,Intracoastal / canal waterfront,Single Family,1565.0,True,997250.0,637.0,519.0,21,22.7,Overpriced
Active,218 NE 15th Avenue Unit#218,NE 15th Ave,Isles Enclave,Mainland inland,Townhouse,3500.0,False,1584000.0,453.0,369.0,24,22.8,Overpriced
Active,575 NE 7th Avenue Unit#4b,NE 7th Ave,East,Mainland inland,Townhouse,980.0,False,504990.0,515.0,419.0,15,22.9,Overpriced
Pending,2549 NE 27th Avenue,NE 27th Ave,Coral Ridge Galt,Barrier island / beach,Single Family,1545.0,False,1235000.0,799.0,650.0,0,22.9,Overpriced
Active,2824 NW 6th Avenue,NW 6th Ave,Wilton Estates,Mainland inland,Single Family,1356.0,False,699000.0,515.0,419.0,18,22.9,Overpriced
Pending,1108 NW 29th Court,NW 29th Ct,Jenada Isles,Mainland inland,Single Family,2226.0,False,1000000.0,449.0,365.0,0,23.0,Overpriced
Active,2821 SW 17th Ave,SW 17th Ave,Reserve Edgewood,Mainland inland,Townhouse,1539.0,False,559000.0,363.0,295.0,0,23.1,Overpriced
Active,2740 NE 17th Street,NE 17th St,Coral Ridge,Intracoastal / canal waterfront,Single Family,6189.0,True,6300000.0,1018.0,826.0,11,23.2,Overpriced
Active,1115 NE 14th Ave,NE 14th Ave,Progresso,Mainland inland,Townhouse,2262.0,False,885000.0,391.0,317.0,73,23.3,Overpriced
Pending,449 Isle Of Palms Drive,Isle Of Palms Dr,Stilwell Isles Pal,Finger-isle waterfront,Single Family,4251.0,True,4750000.0,1117.0,905.0,4,23.4,Overpriced
Active,900 NE 18th Ave Unit#505,NE 18th Ave,Victoria Park,Mainland inland,Condo,850.0,False,250000.0,294.0,238.0,40,23.5,Overpriced
Active,313 NE 2nd Street Unit#901,NE 2nd St,Nola Lofts Condominium,Downtown high-rise,Condo,804.0,False,369900.0,460.0,372.0,14,23.7,Overpriced
Active,1631 N Andrews Square,N Andrews Square,Progresso,Mainland inland,Single Family,1347.0,False,759000.0,563.0,455.0,0,23.7,Overpriced
Active,1621 SW 11th Ct,SW 11th Ct,Riverside Park Amen,Mainland inland,Single Family,872.0,False,450000.0,516.0,417.0,9,23.7,Overpriced
Active,1521 NE 26th Ave Unit#B,NE 26th Ave,Coral Ridge,Mainland inland,Townhouse,3403.0,False,2200000.0,646.0,522.0,21,23.8,Overpriced
Active,1908 NE 26th Street,NE 26th St,Coral Point,Mainland inland,Single Family,1382.0,False,560000.0,405.0,327.0,18,23.9,Overpriced
Active,712 NW 17th Avenue,NW 17th Ave,Lincoln Park First,Mainland inland,Single Family,600.0,False,278990.0,465.0,375.0,5,24.0,Overpriced
Active,31 NE 27th Dr,NE 27th Dr,Babco Manors,Mainland inland,Single Family,1248.0,False,849000.0,680.0,548.0,12,24.1,Overpriced
Pending,1032 NW 11th Pl,NW 11th Pl,Lauderdale Manors,Mainland inland,Single Family,984.0,False,429000.0,436.0,351.0,7,24.2,Overpriced
Active,1628 NE 7th Ave,NE 7th Ave,Middle River Terrace,Mainland inland,Single Family,1168.0,False,599000.0,513.0,413.0,15,24.2,Overpriced
Active,615 NW 10th Ter Unit#1,NW 10th Ter,Progresso,Mainland inland,Townhouse,1056.0,False,434900.0,412.0,331.0,0,24.5,Overpriced
Active,900 River Reach Dr Unit#404,River Reach Dr,River Reach,Intracoastal / canal waterfront,Condo,1025.0,True,375000.0,366.0,294.0,50,24.5,Overpriced
Active,440 Mola Ave,Mola Ave,Venice,Finger-isle waterfront,Single Family,6545.0,True,9200000.0,1406.0,1129.0,0,24.5,Overpriced
Active,533 NE 3rd Avenue Unit#512,NE 3rd Ave,Sole Fort Lauderdale Co,Downtown high-rise,Condo,760.0,False,349900.0,460.0,369.0,57,24.7,Overpriced
Active,401 SW 4th Avenue Unit#1706,SW 4th Ave,Esplanade On New Rive,Intracoastal / canal waterfront,Condo,1546.0,True,710000.0,459.0,368.0,20,24.7,Overpriced
Pending,2800 NE 21st Court,NE 21st Ct,Coral Ridge,Mainland inland,Single Family,2124.0,False,1650000.0,777.0,622.0,11,24.9,Overpriced
Pending,312 SW 22nd Street,SW 22nd St,Croissant Park,Mainland inland,Single Family,864.0,False,449900.0,521.0,417.0,7,24.9,Overpriced
Active,340 Sunset Dr Unit#1210,Sunset Dr,Essex Tower,Mainland inland,Condo,1610.0,False,749000.0,465.0,372.0,26,25.0,Overpriced
Active,516 Hendricks Isle Unit#2C,Hendricks Isle,Aria Las Olas Aria,Intracoastal / canal waterfront,Condo,2394.0,True,1745000.0,729.0,583.0,32,25.0,Overpriced
Active,1001 SE 10th Street,SE 10th St,Rio Vista,Mainland inland,Single Family,2518.0,False,2295000.0,911.0,729.0,7,25.0,Overpriced
Active,1 N Fort Lauderdale Beach Blvd Unit#1806,N Fort Lauderdale Beach Blvd,Castillo Grand Residences Ritz Carlton Fort Lauder,Barrier island / beach,Condo,1971.0,False,2650000.0,1344.0,1075.0,78,25.0,Overpriced
Active,2540 NE 22nd Terrace,NE 22nd Ter,North Bal Harbour,Finger-isle waterfront,Single Family,6273.0,True,7775000.0,1239.0,991.0,5,25.0,Overpriced
Pending,648 NE 17th Avenue,NE 17th Ave,Victoria Park,Mainland inland,Single Family,1888.0,False,1380000.0,731.0,585.0,36,25.0,Overpriced
Active,201 NE 16th Ct,NE 16th Ct,Placido Place,Mainland inland,Single Family,1080.0,False,759000.0,703.0,562.0,7,25.1,Overpriced
Active,1304 SW 9th Street,SW 9th St,Riverside Amen,Intracoastal / canal waterfront,Single Family,5600.0,True,5950000.0,1062.0,849.0,12,25.1,Overpriced
Active,646 Flamingo Drive,Flamingo Dr,Riviera,Intracoastal / canal waterfront,Single Family,6189.0,True,12950000.0,2092.0,1669.0,0,25.3,Overpriced
Active,640 NE 8TH Avenue,NE 8th Ave,Progresso,Mainland inland,Single Family,1784.0,False,1100000.0,617.0,492.0,44,25.4,Overpriced
Active,153 N Seabreeze Blvd Unit#401,N Seabreeze Blvd,Selene,Barrier island / beach,Condo,2395.0,True,2775000.0,1159.0,923.0,15,25.6,Overpriced
Pending,1368 Bayview Drive,Bayview Dr,Dockside Grandeur,Intracoastal / canal waterfront,Townhouse,2882.0,True,1795000.0,623.0,496.0,24,25.6,Overpriced
Active,2550 SW 18th Terrace Unit#2111,SW 18th Ter,Marina Oaks,Mainland inland,Condo,632.0,False,220000.0,348.0,277.0,20,25.6,Overpriced
Active,2550 SW 18th Terrace Unit#2005,SW 18th Ter,Marina Oaks,Mainland inland,Condo,632.0,False,220000.0,348.0,277.0,20,25.6,Overpriced
Pending,1341 SE 10th Avenue,SE 10th Ave,Everglade Land Sales Co,Mainland inland,Single Family,900.0,False,549000.0,610.0,485.0,37,25.8,Overpriced
Pending,645 NW 2nd Avenue,NW 2nd Ave,Progresso,Downtown high-rise,Townhouse,1640.0,False,599900.0,366.0,291.0,15,25.8,Overpriced
Active,620 NE 9th Avenue Unit#6,NE 9th Ave,Parkside Villas,Mainland inland,Condo,1629.0,False,625000.0,384.0,305.0,28,25.9,Overpriced
Active,1602 NW 7th Place,NW 7th Pl,Lincoln Park First,Mainland inland,Single Family,625.0,False,278990.0,446.0,354.0,4,26.0,Overpriced
Active,900 Intracoastal Drive Unit#602,Intracoastal Dr,Sage Intracoastal,Intracoastal / canal waterfront,Condo,3191.0,True,3715185.0,1164.0,923.0,39,26.1,Overpriced
Active,405 Bontona Ave,Bontona Ave,Venice,Finger-isle waterfront,Single Family,3342.0,True,3595000.0,1076.0,853.0,5,26.1,Overpriced
Active,1956 S Ocean Lane Unit##3,S Ocean Ln,La Coquina Co Op,Barrier island / beach,Condo,1080.0,True,849000.0,786.0,623.0,66,26.2,Overpriced
Active,1180 N Federal Hwy Unit#1002,N Federal Hwy,Riva Residences,Intracoastal / canal waterfront,Condo,2251.0,True,2100000.0,933.0,739.0,40,26.3,Overpriced
Active,900 River Reach Drive Unit#425,River Reach Dr,River Reach,Intracoastal / canal waterfront,Condo,900.0,True,339900.0,378.0,299.0,50,26.4,Overpriced
Active,700 NE 14th Avenue Unit#208,NE 14th Ave,Progresso,Mainland inland,Townhouse,2231.0,False,1174000.0,526.0,416.0,73,26.4,Overpriced
Active,900 RIVER REACH Drive Unit#510,River Reach Dr,River Reach,Mainland inland,Condo,784.0,False,239900.0,306.0,242.0,50,26.4,Overpriced
Active,920 Intracoastal Drive Unit#1402,Intracoastal Dr,Aquablu,Intracoastal / canal waterfront,Condo,2136.0,True,1975000.0,925.0,732.0,39,26.4,Overpriced
Active,809 NE 16th Unit#15,NE 16th,Regency Park Townhomes,Mainland inland,Townhouse,2823.0,False,1948000.0,690.0,546.0,0,26.4,Overpriced
Active,119 NE 19th Court Unit#118g,NE 19th Ct,Manor Grove Village Two Co,Mainland inland,Condo,1180.0,False,399000.0,338.0,267.0,28,26.6,Overpriced
Active,2751 NE 15th Street Unit#103,NE 15th St,Devon House,Intracoastal / canal waterfront,Condo,1305.0,True,649999.0,498.0,393.0,17,26.7,Overpriced
Active,416 NE 29th St,NE 29th St,Tropical Manors,Mainland inland,Single Family,1514.0,False,940000.0,621.0,490.0,18,26.7,Overpriced
Active,1713 SW 10th Ct,SW 10th Ct,Sherwood Forest,Mainland inland,Single Family,1318.0,False,750000.0,569.0,449.0,0,26.7,Overpriced
Active,1350 RIVER REACH Drive Unit#106,River Reach Dr,River Reach,Intracoastal / canal waterfront,Condo,900.0,True,339000.0,377.0,297.0,50,26.9,Overpriced
Active,2809 NE 24th Pl,NE 24th Pl,Coral Ridge Galt,Barrier island / beach,Single Family,4255.0,True,5599999.0,1316.0,1037.0,0,26.9,Overpriced
Active,670 Tennis Club Drive Unit#312,Tennis Club Dr,Tennis Club Davis,Mainland inland,Condo,1496.0,False,395000.0,264.0,208.0,25,26.9,Overpriced
Active,2848 NE 26th Pl,NE 26th Pl,Coral Ridge Galt,Barrier island / beach,Single Family,6274.0,True,10500000.0,1674.0,1318.0,4,27.0,Overpriced
Active,1777 NE 17th Street,NE 17th St,Progresso,Mainland inland,Single Family,1772.0,False,835000.0,471.0,371.0,11,27.0,Overpriced
Active,2500 E Las Olas Boulevard Unit#1006,E Las Olas Blvd,Marine Tower,Intracoastal / canal waterfront,Condo,1896.0,True,749777.0,395.0,311.0,48,27.0,Overpriced
Active,2125 NE 17th Ter,NE 17th Ter,Middle River Manor,Intracoastal / canal waterfront,Single Family,1619.0,True,1650000.0,1019.0,802.0,26,27.1,Overpriced
Active,610 W Las Olas Blvd Unit#2014N,W Las Olas Blvd,Symphony North Symphony,Intracoastal / canal waterfront,Condo,1911.0,True,1199000.0,627.0,493.0,40,27.2,Overpriced
Active,317 NW 27th St,NW 27th St,Babco Heights,Mainland inland,Single Family,1248.0,False,765000.0,613.0,482.0,0,27.2,Overpriced
Active,1704 SW 4th Court,SW 4th Ct,Gill Isles,Finger-isle waterfront,Single Family,1462.0,True,1050000.0,718.0,564.0,5,27.3,Overpriced
Active,1801 NE 13th St Unit#1829,NE 13th St,Galleria Villages,Mainland inland,Townhouse,2036.0,False,1050000.0,516.0,405.0,0,27.4,Overpriced
Active,1321 Tangelo Isle,Tangelo Isle,South New River Isles,Finger-isle waterfront,Single Family,2489.0,True,2950000.0,1185.0,930.0,0,27.4,Overpriced
Active,2866 NE 30th Street Unit#9,NE 30th St,Lafayette Arms Co Op,Intracoastal / canal waterfront,Condo,931.0,True,609000.0,654.0,513.0,33,27.5,Overpriced
Pending,2043 NE 29th Street,NE 29th St,Coral Shores,Mainland inland,Single Family,2038.0,False,1095000.0,537.0,421.0,18,27.6,Overpriced
Active,2100 S Ocean Dr Unit#10E,S Ocean Dr,Sky Harbour East,Finger-isle waterfront,Condo,900.0,True,420000.0,467.0,366.0,49,27.6,Overpriced
Active,717 Solar Isle Drive,Solar Isle Dr,Las Olas Isles,Finger-isle waterfront,Single Family,4125.0,True,4395000.0,1065.0,834.0,4,27.7,Overpriced
Active,1606 NE 15th Avenue Unit#1606,NE 15th Ave,Progresso,Mainland inland,Single Family,1550.0,False,729000.0,470.0,368.0,24,27.7,Overpriced
Active,2401 N Atlantic Boulevard,N Atlantic Blvd,Lauderdale Beach,Barrier island / beach,Single Family,4283.0,False,5995000.0,1400.0,1096.0,0,27.7,Overpriced
Active,1056 N Victoria Park Rd,N Victoria Park Rd,Progresso,Mainland inland,Townhouse,1988.0,False,995000.0,501.0,392.0,30,27.8,Overpriced
Active,729 NW 29th Court,NW 29th Ct,Jenada Villas,Mainland inland,Single Family,1520.0,False,769000.0,506.0,396.0,0,27.8,Overpriced
Active,3050 NE 5th Ter Unit#13,NE 5th Ter,Windsor Court Condominium Windsor Court,Mainland inland,Condo,788.0,False,209999.0,266.0,208.0,40,27.9,Overpriced
Active,1125 NE 10th Ave,NE 10th Ave,Lake Ridge,Mainland inland,Single Family,927.0,False,614000.0,662.0,517.0,21,28.0,Overpriced
Active,732 NE 15th Avenue,NE 15th Ave,Victoria Park,Mainland inland,Townhouse,2456.0,False,1089000.0,443.0,346.0,24,28.0,Overpriced
Active,1160 N Federal Highway Unit#522,N Federal Highway,East Point Towers,Intracoastal / canal waterfront,Condo,1344.0,True,375000.0,279.0,218.0,21,28.0,Overpriced
Active,1809 NW 13th Court,NW 13th Ct,Lauderdale Manors,Mainland inland,Single Family,958.0,False,459000.0,479.0,374.0,5,28.1,Overpriced
Pending,1015 SW 20th Street,SW 20th St,River Oaks,Mainland inland,Single Family,1550.0,False,699000.0,451.0,352.0,8,28.1,Overpriced
Active,1 N Fort Lauderdale Beach Boulevard Unit#Lp 2302,N Fort Lauderdale Beach Blvd,Ritz Carlton,Barrier island / beach,Condo,4056.0,True,6995000.0,1725.0,1344.0,78,28.3,Overpriced
Active,333 Las Olas Way Unit#2409,Las Olas Way,Las Olas,Intracoastal / canal waterfront,Condo,2141.0,True,1750000.0,817.0,637.0,31,28.3,Overpriced
Pending,818 NE 18th Street,NE 18th St,Lauderdale Park,Mainland inland,Single Family,1515.0,False,650000.0,429.0,334.0,21,28.4,Overpriced
Pending,1618 NE 5th Street,NE 5th St,Middle River Park,Mainland inland,Townhouse,1339.0,False,775000.0,579.0,451.0,12,28.4,Overpriced
Active,333 Las Olas Way Unit#1207,Las Olas Way,Las Olas,Intracoastal / canal waterfront,Condo,1522.0,True,1295000.0,851.0,663.0,31,28.4,Overpriced
Active,347 N New River Dr E Unit#1904,N New River Dr E,Watergarden,Intracoastal / canal waterfront,Condo,1469.0,True,1175000.0,800.0,622.0,28,28.6,Overpriced
Pending,500 SW 8th Street,SW 8th St,Pinewood Place,Mainland inland,Single Family,1400.0,False,749000.0,535.0,416.0,0,28.6,Overpriced
Active,942 NW 12th Street,NW 12th St,Lauderdale Manors,Mainland inland,Single Family,720.0,False,349900.0,486.0,378.0,10,28.6,Overpriced
Pending,1621 E Broward Boulevard,E Broward Blvd,Victoria Park,Mainland inland,Townhouse,3227.0,False,2245000.0,696.0,541.0,11,28.7,Overpriced
Active,2900 NE 30th St Unit#F2,NE 30th St,Lauderdale Tower,Mainland inland,Condo,730.0,False,313500.0,429.0,333.0,33,28.8,Overpriced
Active,915 W Las Olas Boulevard Unit#915,W Las Olas Blvd,Waverly Place,Mainland inland,Townhouse,2560.0,False,1049000.0,410.0,318.0,40,28.9,Overpriced
Pending,608 SW 16th Ct,SW 16th Ct,Lauderdale Pines,Mainland inland,Townhouse,2527.0,False,1269000.0,502.0,389.0,0,29.0,Overpriced
Active,1222 NE 18th Avenue Unit#1,NE 18th Ave,Lake Ridge,Mainland inland,Townhouse,1679.0,False,649500.0,387.0,300.0,40,29.0,Overpriced
Active,153 N Seabreeze Boulevard Unit#1101 S,N Seabreeze Blvd,Selene Oceanfront,Barrier island / beach,Condo,2395.0,True,2799000.0,1169.0,906.0,15,29.0,Overpriced
Active,1036 SE 12th Way,SE 12th Way,Rio Vista,Mainland inland,Single Family,4003.0,False,3750000.0,937.0,726.0,5,29.1,Overpriced
Active,1516 NE 12th Street,NE 12th St,Lake Ridge,Mainland inland,Single Family,1376.0,False,869000.0,632.0,489.0,5,29.2,Overpriced
Active,915 SE 2nd Court,SE 2nd Ct,Colee Hammock,Mainland inland,Townhouse,2561.0,False,1524900.0,595.0,460.0,8,29.3,Overpriced
Active,1716 Middle River Drive,Middle River Dr,Coral Ridge,Mainland inland,Single Family,2840.0,False,2975000.0,1048.0,810.0,33,29.4,Overpriced
Active,630 Tennis Club Dr Unit#107,Tennis Club Dr,Tennis Club Outerbridge,Mainland inland,Condo,960.0,False,245000.0,255.0,197.0,25,29.4,Overpriced
Active,1900 Bayview Drive,Bayview Dr,Coral Ridge,Mainland inland,Single Family,1711.0,False,1300000.0,760.0,587.0,24,29.5,Overpriced
Active,1301 River Reach Drive Unit#514,River Reach Dr,River Reach,Mainland inland,Condo,900.0,False,264900.0,294.0,227.0,50,29.5,Overpriced
Active,209 N Birch Road Unit#1002,N Birch Rd,Alhambra Place,Barrier island / beach,Condo,3910.0,True,2099000.0,537.0,414.0,32,29.7,Overpriced
Active,3250 NE 28th St Unit#212,NE 28th St,Le Cercle By Beach Co Le Cercle,Barrier island / beach,Condo,850.0,False,290000.0,341.0,263.0,30,29.7,Overpriced
Active,2513 NW 8th Avenue,NW 8th Ave,Babco Park,Mainland inland,Single Family,1248.0,False,589000.0,472.0,364.0,8,29.7,Overpriced
Active,1523 SE 2nd Court,SE 2nd Ct,Colee Hammock,Mainland inland,Single Family,1787.0,False,1395000.0,781.0,602.0,8,29.7,Overpriced
Active,1700 NE 19th Street,NE 19th St,Poinsettia Heights,Mainland inland,Single Family,2897.0,False,2599000.0,897.0,690.0,11,30.0,Overpriced
Pending,1827 NE 15th Avenue Unit#1827,NE 15th Ave,Edgewater Townhomes,Mainland inland,Townhouse,1056.0,False,370000.0,350.0,269.0,24,30.1,Overpriced
Active,2737 NE 18th Street,NE 18th St,Coral Ridge,Mainland inland,Single Family,4770.0,False,4850000.0,1017.0,781.0,21,30.2,Overpriced
Active,1015 B NE 3rd Street,B NE 3rd St,Victoria Park,Mainland inland,Townhouse,3276.0,False,2200000.0,672.0,516.0,0,30.2,Overpriced
Active,2249 Lazy Lane,Lazy Ln,Lazy Lake,Intracoastal / canal waterfront,Single Family,4857.0,True,4500000.0,926.0,710.0,0,30.4,Overpriced
Pending,3321 NE 16th Pl,NE 16th Pl,Las Olas,Mainland inland,Single Family,3747.0,False,3747000.0,1000.0,766.0,13,30.5,Overpriced
Active,1112 NE 17th Way,NE 17th Way,Progresso,Mainland inland,Townhouse,2732.0,False,995000.0,364.0,279.0,44,30.5,Overpriced
Active,340 Sunset Dr Unit#1810,Sunset Dr,Essex Tower,Mainland inland,Condo,1610.0,False,769000.0,478.0,366.0,26,30.6,Overpriced
Active,1 Las Olas Circle Unit#1211,Las Olas Cir,Venetian,Barrier island / beach,Condo,1200.0,True,869000.0,724.0,554.0,17,30.7,Overpriced
Active,45 Hendricks Isle Unit#403,Hendricks Isle,Hendricks,Finger-isle waterfront,Condo,2100.0,True,1699000.0,809.0,619.0,32,30.7,Overpriced
Active,1414 SE 12th St Unit#1B,SE 12th St,Hemingway Landings,Intracoastal / canal waterfront,Condo,2120.0,True,1499000.0,707.0,540.0,11,30.9,Overpriced
Active,2611 SE 21 Street,SE 21 St,Breakwater,Mainland inland,Single Family,1769.0,False,1695000.0,958.0,732.0,0,30.9,Overpriced
Active,411 N New River Dr Drive Unit#1703,N New River Dr Dr,Las Olas,Downtown high-rise,Condo,2110.0,False,1295000.0,614.0,469.0,0,30.9,Overpriced
Pending,1037 SE 12th Way,SE 12th Way,Rio Vista,Mainland inland,Single Family,3981.0,False,4795000.0,1204.0,919.0,5,31.0,Overpriced
Active,312 SW 12th Avenue,SW 12th Ave,Sailboat Bend,Mainland inland,Single Family,1611.0,False,899000.0,558.0,426.0,9,31.0,Overpriced
Active,1608 SW 28th St,SW 28th St,Reserve Edgewood,Mainland inland,Townhouse,1377.0,False,540000.0,392.0,299.0,5,31.1,Overpriced
Active,350 SE 2nd St Unit#870,SE 2nd St,Las Olas,Mainland inland,Condo,1650.0,False,799000.0,484.0,369.0,36,31.2,Overpriced
Active,408 NW 29th Street,NW 29th St,Wilton Estates,Mainland inland,Single Family,1267.0,False,685000.0,541.0,412.0,5,31.3,Overpriced
Pending,1333 SW 4th Court,SW 4th Ct,Village Sailboat Bend,Mainland inland,Condo,856.0,False,279900.0,327.0,249.0,5,31.3,Overpriced
Active,163 Nurmi Drive,Nurmi Dr,Nurmi Isles,Finger-isle waterfront,Single Family,4279.0,True,6600000.0,1542.0,1173.0,4,31.5,Overpriced
Active,805 NE 17th Avenue Unit#4,NE 17th Ave,Artist Colony,Mainland inland,Condo,616.0,False,264900.0,430.0,327.0,36,31.5,Overpriced
Active,805 NE 17th Avenue Unit#3,NE 17th Ave,Artist Colony,Mainland inland,Condo,616.0,False,264900.0,430.0,327.0,36,31.5,Overpriced
Active,601 N Ft Lauderdale Bch Boulevard Unit#1116,N Ft Lauderdale Bch Blvd,Atlantic Hotel,Barrier island / beach,Condo,465.0,True,425000.0,914.0,695.0,15,31.5,Overpriced
Active,101 S Fort Lauderdale Beach Boulevard Unit#1404,S Fort Lauderdale Beach Blvd,Las Olas,Barrier island / beach,Condo,2378.0,True,2299000.0,967.0,735.0,20,31.6,Overpriced
Active,100 E Las Olas Blvd Unit#3201,E Las Olas Blvd,Las Olas,Intracoastal / canal waterfront,Condo,2191.0,True,1790000.0,817.0,621.0,48,31.6,Overpriced
Active,8 Portside Drive Unit#8a,Portside Dr,Portside Yacht Club,Intracoastal / canal waterfront,Townhouse,2813.0,True,1669000.0,593.0,450.0,0,31.8,Overpriced
Active,2216 NE 18th Ave,NE 18th Ave,Middle River Manor,Intracoastal / canal waterfront,Single Family,2768.0,True,1700000.0,614.0,466.0,40,31.8,Overpriced
Active,340 Sunset Drive Unit#505,Sunset Dr,Essex Tower,Mainland inland,Condo,1218.0,False,619900.0,509.0,386.0,26,31.9,Overpriced
Pending,2456 Middle River Drive,Middle River Dr,Coral Ridge Galt,Barrier island / beach,Single Family,1478.0,False,999000.0,676.0,512.0,33,32.0,Overpriced
Pending,2525 Barcelona Drive,Barcelona Dr,Sea Isles,Finger-isle waterfront,Single Family,3124.0,True,4490000.0,1437.0,1089.0,0,32.0,Overpriced
Active,1301 River Reach Drive Unit#306,River Reach Dr,River Reach,Intracoastal / canal waterfront,Condo,900.0,True,360000.0,400.0,303.0,50,32.0,Overpriced
Pending,1122 NE 10th Ave Unit#B,NE 10th Ave,Progresso,Mainland inland,Townhouse,2814.0,False,1475000.0,524.0,397.0,21,32.0,Overpriced
Active,1032 SE 12th Way,SE 12th Way,Rio Vista,Mainland inland,Single Family,4516.0,False,5350000.0,1185.0,898.0,5,32.0,Overpriced
Active,316 SW 21 Street,SW 21 St,Lauderdale,Mainland inland,Single Family,1032.0,False,654900.0,635.0,481.0,0,32.0,Overpriced
Active,1508 NE 30th Court,NE 30th Ct,Coral Brook,Intracoastal / canal waterfront,Single Family,1832.0,True,1699000.0,927.0,702.0,0,32.1,Overpriced
Active,141 NE 30th St,NE 30th St,Almar Estates,Mainland inland,Single Family,1214.0,False,749999.0,618.0,468.0,33,32.1,Overpriced
Active,648 NW 30th Court,NW 30th Ct,Boulevard Estates Amen,Intracoastal / canal waterfront,Single Family,1169.0,True,775000.0,663.0,501.0,14,32.3,Overpriced
Active,136 NE 19th Court Unit#112f,NE 19th Ct,Manor Grove Village Two Co,Mainland inland,Condo,750.0,False,244900.0,327.0,247.0,28,32.4,Overpriced
Pending,313 NE 2nd Street Unit#602,NE 2nd St,Nola Lofts Condominium,Downtown high-rise,Condo,755.0,False,374900.0,497.0,375.0,14,32.5,Overpriced
Active,435 Bayshore Drive Unit#302,Bayshore Dr,Adagio Fort Lauderdale Bea,Barrier island / beach,Condo,2759.0,True,3250000.0,1178.0,889.0,83,32.5,Overpriced
Active,606 NE 14th Ave,NE 14th Ave,Progresso,Mainland inland,Townhouse,3386.0,False,1449000.0,428.0,323.0,73,32.5,Overpriced
Active,1318 SE 12TH Way,SE 12th Way,Lauderdale Harbors,Intracoastal / canal waterfront,Single Family,1457.0,True,1495000.0,1026.0,774.0,5,32.6,Overpriced
Active,95 N Birch Road Unit#605,N Birch Rd,Harbor Haven,Barrier island / beach,Condo,720.0,True,374999.0,521.0,393.0,32,32.6,Overpriced
Active,2424 NE 18th Ave,NE 18th Ave,Middle River Manor,Intracoastal / canal waterfront,Single Family,2023.0,True,1210000.0,598.0,450.0,40,32.9,Overpriced
Active,2100 S Ocean Lane Unit#1712,S Ocean Ln,Point Americas,Barrier island / beach,Condo,1813.0,True,1595000.0,880.0,661.0,66,33.1,Overpriced
Active,2409 Bayview Dr,Bayview Dr,Coral Ridge Galt,Barrier island / beach,Single Family,2169.0,False,1499000.0,691.0,519.0,24,33.1,Overpriced
Active,19 Hendricks Isle,Hendricks Isle,Reflections Las Olas,Intracoastal / canal waterfront,Townhouse,2420.0,True,2299999.0,950.0,714.0,32,33.1,Overpriced
Active,900 River Reach Drive Unit#517,River Reach Dr,River Reach,Mainland inland,Condo,650.0,False,199900.0,308.0,231.0,50,33.3,Overpriced
Active,629 SW 12th Avenue,SW 12th Ave,Riverside Amen,Mainland inland,Townhouse,2073.0,False,895000.0,432.0,324.0,9,33.3,Overpriced
Active,153 N Seabreeze Boulevard Unit#504-s,N Seabreeze Blvd,Selene,Barrier island / beach,Condo,1707.0,True,2195000.0,1286.0,964.0,15,33.4,Overpriced
Active,1617 NE 3rd Ct,NE 3rd Ct,Victoria Park,Mainland inland,Single Family,1628.0,False,1119000.0,687.0,515.0,0,33.4,Overpriced
Active,1900 S Ocean Drive Unit#905,S Ocean Dr,Breakwater Towers,Barrier island / beach,Condo,805.0,False,349000.0,434.0,325.0,49,33.5,Overpriced
Pending,1845 NE 15th Avenue,NE 15th Ave,Edge Water Townhomes,Mainland inland,Townhouse,1060.0,False,379000.0,358.0,268.0,24,33.6,Overpriced
Active,1321 CORDOVA Road,Cordova Rd,Lauderdale Harbors,Mainland inland,Single Family,1726.0,False,1285000.0,744.0,557.0,7,33.6,Overpriced
Active,1160 N Federal Highway Unit#517,N Federal Highway,East Point Towers,Intracoastal / canal waterfront,Condo,1005.0,True,299000.0,298.0,223.0,21,33.6,Overpriced
Pending,1122 NE 10th Ave Unit#A,NE 10th Ave,Progresso,Mainland inland,Townhouse,2814.0,False,1495000.0,531.0,397.0,21,33.8,Overpriced
Active,411 N New River Dr Drive Unit#3605,N New River Dr Dr,Las Olas,Intracoastal / canal waterfront,Condo,1630.0,True,1350000.0,828.0,619.0,0,33.8,Overpriced
Active,1708 NE 16th Avenue,NE 16th Ave,Poinsettia Heights,Mainland inland,Single Family,2804.0,False,2375000.0,847.0,633.0,73,33.8,Overpriced
Active,1719 SE 10th Street,SE 10th St,Rio Vista,Finger-isle waterfront,Single Family,7171.0,True,12495000.0,1742.0,1302.0,7,33.8,Overpriced
Active,215 N Birch Road Unit#4c,N Birch Rd,Versailles,Barrier island / beach,Condo,1000.0,True,474999.0,475.0,354.0,32,34.2,Overpriced
Active,2130 NE 9th Avenue,NE 9th Ave,Wilton Pines Townhomes,Mainland inland,Townhouse,1292.0,False,471900.0,365.0,272.0,28,34.2,Overpriced
Active,3250 NE 28th Street Unit#Unit 302,NE 28th St,Le Cercle By Beach Con,Barrier island / beach,Condo,760.0,False,272500.0,359.0,267.0,30,34.5,Overpriced
Active,900 NE 18th Avenue Unit#1407,NE 18th Ave,Victoria Park,Mainland inland,Condo,850.0,False,272000.0,320.0,238.0,40,34.5,Overpriced
Active,657 NW 30th Court,NW 30th Ct,Boulevard Estates Amen,Mainland inland,Single Family,1414.0,False,749000.0,530.0,394.0,14,34.5,Overpriced
Active,2200 NE 33rd Avenue Unit#11G,NE 33rd Ave,White Egret,Barrier island / beach,Condo,1103.0,False,439000.0,398.0,296.0,26,34.5,Overpriced
Active,1180 N Federal Highway Unit#1203,N Federal Highway,Riva Residences,Intracoastal / canal waterfront,Condo,1738.0,True,1195000.0,688.0,511.0,21,34.6,Overpriced
Active,1125 NE 16th Pl Unit#201,NE 16th Pl,Tudor Manor,Mainland inland,Condo,740.0,False,210000.0,284.0,211.0,13,34.6,Overpriced
Active,628 SW 14th Terrace,SW 14th Ter,Riverside,Mainland inland,Single Family,1000.0,False,659000.0,659.0,489.0,0,34.8,Overpriced
Active,1308 NW 13th Ct,NW 13th Ct,Lauderdale Manors,Mainland inland,Single Family,929.0,False,424900.0,457.0,339.0,5,34.8,Overpriced
Active,315 NE 15th Avenue,NE 15th Ave,Victoria Park,Mainland inland,Townhouse,2854.0,False,1350000.0,473.0,351.0,24,34.8,Overpriced
Active,700 NE 14th Avenue Unit#312,NE 14th Ave,Progresso,Mainland inland,Townhouse,2215.0,False,1190000.0,537.0,398.0,73,34.9,Overpriced
Active,733 NE 4th Avenue Unit#733,NE 4th Ave,Bamboo Flats,Downtown high-rise,Townhouse,2000.0,False,1095000.0,548.0,406.0,5,35.0,Overpriced
Pending,617 SW 9TH Street,SW 9th St,Pinewood Place,Mainland inland,Single Family,998.0,False,595000.0,596.0,441.0,12,35.1,Overpriced
Active,1160 N Federal Highway Unit#215,N Federal Highway,East Point Towers,Intracoastal / canal waterfront,Condo,896.0,True,264900.0,296.0,219.0,21,35.2,Overpriced
Active,3040 NE 16th Avenue Unit#A405,NE 16th Ave,River Shores,Mainland inland,Condo,600.0,False,230000.0,383.0,283.0,73,35.3,Overpriced
Active,615 Bayshore Drive Unit#402,Bayshore Dr,La Cascade,Barrier island / beach,Condo,2395.0,True,2249000.0,939.0,694.0,83,35.3,Overpriced
Active,151 N Seabreeze Boulevard Unit#E1504,N Seabreeze Blvd,Selene,Barrier island / beach,Condo,2901.0,True,3699000.0,1275.0,941.0,15,35.5,Overpriced
Pending,1300 Cordova Road,Cordova Rd,Lauderdale Harbors,Intracoastal / canal waterfront,Single Family,1916.0,True,1750000.0,913.0,674.0,7,35.5,Overpriced
Active,2100 S Ocean Ln Unit#412,S Ocean Ln,Point Americas,Barrier island / beach,Condo,1813.0,True,1625000.0,896.0,661.0,66,35.6,Overpriced
Active,1657 Lauderdale Manor Drive,Lauderdale Manor Dr,Lauderdale Manors,Mainland inland,Single Family,814.0,False,399900.0,491.0,362.0,0,35.6,Overpriced
Active,3250 NE 28th Street Unit#404,NE 28th St,Le Cercle By Beach Con,Barrier island / beach,Condo,760.0,False,275000.0,362.0,267.0,30,35.6,Overpriced
Active,2200 S Ocean Ln Unit#2804,S Ocean Ln,Point Americas,Barrier island / beach,Condo,2011.0,True,1795000.0,893.0,658.0,66,35.7,Overpriced
Active,400 NW 30th Ct,NW 30th Ct,Boulevard Estates Amen,Intracoastal / canal waterfront,Single Family,1583.0,True,999000.0,631.0,465.0,14,35.7,Overpriced
Active,2670 E Sunrise Blvd Unit#623,E Sunrise Blvd,Gallery One,Intracoastal / canal waterfront,Condo,617.0,True,260000.0,421.0,310.0,49,35.8,Overpriced
Active,424 NE 28th Dr,NE 28th Dr,Tropical Manors,Mainland inland,Single Family,1074.0,False,843000.0,785.0,578.0,7,35.8,Overpriced
Active,835 NE 17th Way,NE 17th Way,Progresso,Mainland inland,Townhouse,1629.0,False,599999.0,368.0,271.0,44,35.8,Overpriced
Active,1423 Holly Heights Dr Unit#11,Holly Heights Dr,Cascade Holly Heights Cascades,Mainland inland,Condo,745.0,False,285000.0,383.0,282.0,13,35.8,Overpriced
Active,100 S Birch Road Unit#1703f,S Birch Rd,Jackson Tower Las Olas Con,Barrier island / beach,Condo,1722.0,False,975000.0,566.0,416.0,25,36.1,Overpriced
Active,350 SE 2nd Street Unit#1870,SE 2nd St,Las Olas,Mainland inland,Condo,1650.0,False,825000.0,500.0,367.0,36,36.2,Overpriced
Active,1160 N Federal Highway Unit#1022,N Federal Highway,East Point Towers,Intracoastal / canal waterfront,Condo,1344.0,True,399500.0,297.0,218.0,21,36.2,Overpriced
Active,1160 N Federal Highway Unit#1118,N Federal Highway,East Point Towers,Intracoastal / canal waterfront,Condo,1211.0,True,360000.0,297.0,218.0,21,36.2,Overpriced
Pending,333 Las Olas Way Unit#2906,Las Olas Way,Las Olas,Downtown high-rise,Condo,1869.0,False,1250000.0,669.0,491.0,31,36.3,Overpriced
Active,138 NE 29th Street,NE 29th St,Almar Estates,Mainland inland,Single Family,1260.0,False,699900.0,555.0,407.0,18,36.4,Overpriced
Active,1101 SW 19th Avenue,SW 19th Ave,Riverside Park,Mainland inland,Single Family,1000.0,False,524888.0,525.0,385.0,9,36.4,Overpriced
Active,2701 NE 30th St,NE 30th St,Coral Ridge Galt,Barrier island / beach,Single Family,2330.0,False,2099999.0,901.0,660.0,33,36.5,Overpriced
Active,1712 NW 15th Ter,NW 15th Ter,Lauderdale Manors,Mainland inland,Single Family,912.0,False,385000.0,422.0,309.0,7,36.6,Overpriced
Active,1813 SW 10th Court,SW 10th Ct,Riverside Park,Mainland inland,Single Family,1066.0,False,649000.0,609.0,445.0,0,36.9,Overpriced
Active,1301 River Reach Drive Unit#201,River Reach Dr,River Reach,Intracoastal / canal waterfront,Condo,900.0,True,369000.0,410.0,299.0,50,37.1,Overpriced
Active,2870 NE 24th Place,NE 24th Pl,Coral Ridge Galt,Barrier island / beach,Single Family,5003.0,True,7250000.0,1449.0,1055.0,0,37.3,Overpriced
Active,513 NW 30th St,NW 30th St,March Estates Amen,Intracoastal / canal waterfront,Single Family,1325.0,True,919900.0,694.0,505.0,7,37.4,Overpriced
Active,505 N Fort Lauderdale Bch Boulevard Unit#1702,N Fort Lauderdale Bch Blvd,Club Resort Residence,Barrier island / beach,Condo,1308.0,True,615000.0,470.0,342.0,0,37.4,Overpriced
Active,506 Victoria Terrace,Victoria Ter,Victoria Park,Intracoastal / canal waterfront,Single Family,5086.0,True,4995000.0,982.0,714.0,0,37.5,Overpriced
Active,1029 NE 9th Avenue,NE 9th Ave,Progresso,Mainland inland,Single Family,1278.0,False,599000.0,469.0,341.0,28,37.5,Overpriced
Active,1301 Mandarin Isle,Mandarin Isle,South New River Isles,Finger-isle waterfront,Single Family,1080.0,True,1149000.0,1064.0,774.0,5,37.5,Overpriced
Active,1839 Middle River Drive Unit#303,Middle River Dr,Rivers Bend,Intracoastal / canal waterfront,Condo,1196.0,True,599000.0,501.0,364.0,33,37.6,Overpriced
Active,1350 River Reach Dr Unit#314,River Reach Dr,River Reach,Mainland inland,Condo,900.0,False,279000.0,310.0,225.0,50,37.8,Overpriced
Active,1904 SE 1st Avenue,SE 1st Ave,Croissant Park,Mainland inland,Single Family,1067.0,False,619000.0,580.0,421.0,0,37.8,Overpriced
Active,3101 Bayshore Drive Unit#501,Bayshore Dr,Ft Lauderdale Residence,Barrier island / beach,Condo,733.0,False,599999.0,819.0,594.0,83,37.9,Overpriced
Active,2308 SE 18 St,SE 18 St,Harbour Heights,Mainland inland,Single Family,1658.0,False,1575000.0,950.0,689.0,0,37.9,Overpriced
Active,100 S Birch Road Unit#1004,S Birch Rd,Jackson Tower Las Olas Con,Barrier island / beach,Condo,1934.0,False,1125000.0,582.0,422.0,25,37.9,Overpriced
Active,160 Isle Of Venice Drive Unit#302,Isle Of Venice Dr,Marina Bay,Intracoastal / canal waterfront,Condo,2918.0,True,2995000.0,1026.0,743.0,35,38.1,Overpriced
Active,24 Fiesta Way,Fiesta Way,Nurmi Isles,Finger-isle waterfront,Single Family,6479.0,True,12388000.0,1912.0,1384.0,9,38.2,Overpriced
Pending,815 Middle River Drive Unit#Unit 215,Middle River Dr,Middle River Villas,Mainland inland,Condo,560.0,False,219000.0,391.0,283.0,33,38.2,Overpriced
Active,160 Isle Of Venice Dr Unit#PH2,Isle Of Venice Dr,Isles Venice Marina Bay,Finger-isle waterfront,Condo,2918.0,True,2999000.0,1028.0,743.0,35,38.4,Overpriced
Active,1617 SW 17th Ave,SW 17th Ave,Bossert Isles,Finger-isle waterfront,Single Family,2500.0,True,2200000.0,880.0,635.0,0,38.6,Overpriced
Active,325 Poinciana Drive,Poinciana Dr,Idlewyld,Finger-isle waterfront,Single Family,2453.0,True,3495000.0,1425.0,1028.0,0,38.6,Overpriced
Active,615 NE 12th Avenue Unit#312,NE 12th Ave,Victoria Park,Mainland inland,Condo,720.0,False,284000.0,394.0,284.0,16,38.7,Overpriced
Active,1340 NW 4th Ave,NW 4th Ave,Progresso,Mainland inland,Single Family,1063.0,False,587000.0,552.0,398.0,12,38.7,Overpriced
Active,1300 NW 7th Ter,NW 7th Ter,Progresso,Mainland inland,Single Family,945.0,False,499000.0,528.0,380.0,10,38.9,Overpriced
Active,1218 NW 15th St,NW 15th St,Lauderdale Villas,Mainland inland,Single Family,1116.0,False,459900.0,412.0,296.0,6,39.2,Overpriced
Active,2200 N Ocean Boulevard Unit#S706,N Ocean Blvd,Auberge Beach,Barrier island / beach,Condo,2792.0,True,3900000.0,1397.0,1003.0,147,39.3,Overpriced
Active,40 Isle Of Venice Drive Unit#9,Isle Of Venice Dr,Isles House East,Intracoastal / canal waterfront,Condo,840.0,True,619000.0,737.0,529.0,35,39.3,Overpriced
Active,2200 S Ocean Ln Unit#2204,S Ocean Ln,Point Americas Phase Point Americas,Barrier island / beach,Condo,2011.0,True,1699000.0,845.0,606.0,66,39.4,Overpriced
Active,2200 N Ocean Boulevard Unit#N501,N Ocean Blvd,Auberge Beach,Barrier island / beach,Condo,3422.0,True,5445000.0,1591.0,1141.0,147,39.4,Overpriced
Active,2718 NE 17th Street,NE 17th St,Coral Ridge,Intracoastal / canal waterfront,Single Family,5015.0,True,7100000.0,1416.0,1015.0,11,39.5,Overpriced
Active,1013 NW 12th St,NW 12th St,Lauderdale Manors,Mainland inland,Single Family,768.0,False,450000.0,586.0,420.0,10,39.5,Overpriced
Active,2421 NE 12th Street,NE 12th St,Beach Way Heights,Barrier island / beach,Single Family,4670.0,False,3999999.0,857.0,614.0,5,39.6,Overpriced
Active,700 NE 14th Ave Unit#311,NE 14th Ave,Progresso,Mainland inland,Townhouse,2228.0,False,1295000.0,581.0,416.0,73,39.7,Overpriced
Active,2820 SW 17th Avenue,SW 17th Ave,Reserve Edgewood,Mainland inland,Townhouse,1377.0,False,575000.0,418.0,299.0,0,39.8,Overpriced
Active,1200 NW 19TH Avenue,NW 19th Ave,Lauderdale Manors,Mainland inland,Single Family,768.0,False,374999.0,488.0,349.0,12,39.8,Overpriced
Active,900 NE 18th Avenue Unit#1406,NE 18th Ave,Victoria Park,Mainland inland,Condo,850.0,False,283000.0,333.0,238.0,40,39.9,Overpriced
Pending,829 Coconut Drive,Coconut Dr,Almeda,Intracoastal / canal waterfront,Single Family,3100.0,True,2899000.0,935.0,668.0,0,40.0,Overpriced
Pending,545 S Fort Lauderdale Beach Unit#701-702,S Fort Lauderdale Beach,Illini,Barrier island / beach,Condo,2150.0,True,1695000.0,788.0,562.0,0,40.2,Overpriced
Active,1507 SE 15th Street Unit#202,SE 15th St,Harbors Edge,Intracoastal / canal waterfront,Condo,2372.0,True,1899000.0,801.0,570.0,45,40.5,Overpriced
Active,1710 S Ocean Lane Unit#201,S Ocean Ln,Lago Mar North Lodge,Barrier island / beach,Condo,1444.0,True,1464999.0,1015.0,722.0,66,40.6,Overpriced
Active,101 S Fort Lauderdale Beach Boulevard Unit#1806,S Fort Lauderdale Beach Blvd,Las Olas,Barrier island / beach,Condo,1905.0,True,1945000.0,1021.0,723.0,20,41.2,Overpriced
Active,2500 E Las Olas Boulevard Unit#409,E Las Olas Blvd,Marine Tower,Mainland inland,Condo,1940.0,False,665000.0,343.0,243.0,48,41.2,Overpriced
Active,500 Hendricks Isle Unit#2S,Hendricks Isle,Lumiere,Intracoastal / canal waterfront,Condo,2794.0,True,2999900.0,1074.0,760.0,32,41.3,Overpriced
Active,2893 NE 27th Street,NE 27th St,Coral Ridge Galt,Barrier island / beach,Single Family,7500.0,True,13500000.0,1800.0,1273.0,16,41.4,Overpriced
Active,3305 NE 15th St,NE 15th St,Las Olas,Mainland inland,Single Family,2909.0,False,2699000.0,928.0,656.0,17,41.5,Overpriced
Active,2417 SE 19th Place,SE 19th Pl,Harbour Heights,Mainland inland,Single Family,2705.0,False,2400000.0,887.0,626.0,0,41.7,Overpriced
Active,1160 N Federal Highway Unit#221,N Federal Highway,East Point Towers,Intracoastal / canal waterfront,Condo,1344.0,True,415000.0,309.0,218.0,21,41.7,Overpriced
Pending,2500 NE 14th Street,NE 14th St,Beach Way Heights,Barrier island / beach,Single Family,2758.0,False,3250000.0,1178.0,831.0,13,41.8,Overpriced
Active,326 Seven Isles Drive,Seven Isles Dr,Barcelona Isles,Mainland inland,Single Family,2372.0,False,2795000.0,1178.0,831.0,0,41.8,Overpriced
Active,101 S Fort Lauderdale Beach Boulevard Unit#1501,S Fort Lauderdale Beach Blvd,Las Olas,Barrier island / beach,Condo,2950.0,True,2999900.0,1017.0,716.0,20,42.0,Overpriced
Active,720 Isle Of Palms Drive,Isle Of Palms Dr,Las Olas Isles,Finger-isle waterfront,Single Family,8206.0,True,9500000.0,1158.0,815.0,4,42.1,Overpriced
Active,153 N Seabreeze Boulevard Unit#2202-S,N Seabreeze Blvd,Selene Oceanfront Residen,Barrier island / beach,Condo,3240.0,True,5399000.0,1666.0,1172.0,15,42.2,Overpriced
Active,1180 N Federal Highway Unit#707,N Federal Highway,Riva Condominium,Mainland inland,Condo,1617.0,False,929900.0,575.0,404.0,21,42.3,Overpriced
Active,153 N Seabreeze Boulevard Unit#1001,N Seabreeze Blvd,Selene Oceanfront,Barrier island / beach,Condo,2395.0,True,2999000.0,1252.0,880.0,15,42.3,Overpriced
Active,1523 NE 17th Way,NE 17th Way,Progresso,Mainland inland,Single Family,2568.0,False,2345000.0,913.0,641.0,44,42.4,Overpriced
Active,809 SW 10th Ter,SW 10th Ter,Croissant Park,Mainland inland,Townhouse,2016.0,False,1190000.0,590.0,414.0,0,42.5,Overpriced
Active,645 NE 17th Way Unit#645,NE 17th Way,Seven Corners Townhomes,Mainland inland,Townhouse,3228.0,False,1699000.0,526.0,369.0,44,42.5,Overpriced
Active,500 Hendricks Isle Unit#PH,Hendricks Isle,Lumiere,Intracoastal / canal waterfront,Condo,5914.0,True,6499500.0,1099.0,769.0,32,42.9,Overpriced
Active,200 S Birch Road Unit#906,S Birch Rd,Leisure Beach,Barrier island / beach,Condo,647.0,False,385000.0,595.0,416.0,25,43.0,Overpriced
Active,203 SW 10th Street,SW 10th St,Lauderdale,Mainland inland,Townhouse,2560.0,False,1595000.0,623.0,434.0,18,43.5,Overpriced
Active,1400 W Lake Dr,W Lake Dr,Lucille Isles,Intracoastal / canal waterfront,Single Family,10400.0,True,29900000.0,2875.0,1998.0,0,43.9,Overpriced
Active,2100 S Ocean Lane Unit#1608,S Ocean Ln,Point Americas,Barrier island / beach,Condo,1880.0,False,1349000.0,718.0,499.0,66,43.9,Overpriced
Active,1032 SE 13th Terrace,SE 13th Ter,Rio Vista,Mainland inland,Single Family,2320.0,False,2375000.0,1024.0,711.0,5,44.0,Overpriced
Active,2200 S OCEAN LN Unit#3009-10,S Ocean Ln,Point Americas,Barrier island / beach,Condo,3644.0,True,3500000.0,960.0,666.0,66,44.1,Overpriced
Active,1412 NE 15th Avenue,NE 15th Ave,Progresso,Mainland inland,Single Family,2107.0,False,1025000.0,486.0,337.0,24,44.2,Overpriced
Pending,1819 SE 17th St Unit#1008,SE 17th St,Port Condominium,Mainland inland,Condo,1565.0,False,725000.0,463.0,321.0,14,44.2,Overpriced
Active,617 SW 5th Ave,SW 5th Ave,Mrs Elva Truax,Mainland inland,Single Family,1174.0,False,789000.0,672.0,464.0,5,44.8,Overpriced
Active,545 S Fort Lauderdale Beach Boulevard Unit#1701,S Fort Lauderdale Beach Blvd,Illini,Barrier island / beach,Condo,860.0,True,799000.0,929.0,641.0,20,44.9,Overpriced
Pending,1108 Tangelo Isle,Tangelo Isle,South New River Isles,Finger-isle waterfront,Single Family,1080.0,True,1195000.0,1106.0,762.0,0,45.1,Overpriced
Active,705 NE 1st Street Unit#2,NE 1st St,Phase Iii Townhome,Mainland inland,Townhouse,936.0,False,450000.0,481.0,331.0,10,45.3,Overpriced
Active,900 NE 18th Avenue Unit#1406-1407,NE 18th Ave,Victoria Park,Mainland inland,Condo,1700.0,False,555000.0,326.0,224.0,40,45.5,Overpriced
Active,3055 Harbor Dr Unit#1202,Harbor Dr,Harbourage Place,Finger-isle waterfront,Condo,3488.0,True,2950000.0,846.0,581.0,0,45.6,Overpriced
Active,1350 River Reach Drive Unit#115,River Reach Dr,River Reach,Mainland inland,Condo,1250.0,False,399000.0,319.0,219.0,50,45.7,Overpriced
Active,70 Isla Bahia Drive,Isla Bahia Dr,Isla Bahia,Finger-isle waterfront,Single Family,7988.0,True,18950000.0,2372.0,1626.0,4,45.9,Overpriced
Active,1205 NE 17th Ter,NE 17th Ter,Progresso,Mainland inland,Single Family,1034.0,False,845000.0,817.0,560.0,26,45.9,Overpriced
Active,900 RIVER REACH Drive Unit#104,River Reach Dr,River Reach,Mainland inland,Condo,1025.0,False,335000.0,327.0,224.0,50,46.0,Overpriced
Active,1180 N Federal Hwy Unit#1501,N Federal Hwy,Riva Residences,Intracoastal / canal waterfront,Condo,2407.0,True,2500000.0,1039.0,710.0,40,46.3,Overpriced
Active,1401 NE 9th St Unit#26,NE 9th St,Victoria Park,Mainland inland,Townhouse,1658.0,False,625000.0,377.0,257.0,28,46.7,Overpriced
Active,1170 N Federal Highway Unit#411,N Federal Highway,East Point Towers,Mainland inland,Condo,1491.0,False,350000.0,235.0,160.0,21,46.9,Overpriced
Active,400 Mola Avenue,Mola Ave,Venice,Finger-isle waterfront,Single Family,6036.0,True,12995000.0,2153.0,1461.0,0,47.4,Overpriced
Active,350 SE 2nd Street Unit#2860,SE 2nd St,Las Olas,Mainland inland,Condo,1200.0,False,690000.0,575.0,390.0,36,47.4,Overpriced
Active,1732 NE 15TH Avenue,NE 15th Ave,Progresso,Mainland inland,Single Family,1080.0,False,550000.0,509.0,345.0,24,47.5,Overpriced
Active,151 N Seabreeze Blv Unit#E-2501,N Seabreeze Blv,Selene Oceanfront Residen,Barrier island / beach,Condo,3112.0,True,4999000.0,1606.0,1087.0,0,47.7,Overpriced
Active,2500 Bayview Dr,Bayview Dr,Coral Ridge Galt,Barrier island / beach,Single Family,2309.0,True,2690000.0,1165.0,789.0,24,47.7,Overpriced
Active,1401 NE 17th Way,NE 17th Way,Progresso,Mainland inland,Single Family,1532.0,False,819000.0,535.0,362.0,44,47.8,Overpriced
Active,704 SE 8th Street,SE 8th St,Rio Vista,Mainland inland,Single Family,2087.0,False,1950000.0,934.0,632.0,0,47.8,Overpriced
Active,1507 SE 15th Street Unit#302,SE 15th St,Harbors Edge,Intracoastal / canal waterfront,Condo,2372.0,True,2000000.0,843.0,570.0,45,47.9,Overpriced
Active,601 N Ft Lauderdale Beach Blvd Unit#903,N Ft Lauderdale Beach Blvd,Atlantic Hotel,Barrier island / beach,Condo,600.0,True,599999.0,1000.0,675.0,0,48.1,Overpriced
Pending,2800 NE 29th Street,NE 29th St,Coral Ridge Galt,Barrier island / beach,Single Family,1708.0,True,1875000.0,1098.0,741.0,18,48.2,Overpriced
Pending,733 NW 15th Ter,NW 15th Ter,Carver Park,Mainland inland,Single Family,750.0,False,349999.0,467.0,315.0,7,48.3,Overpriced
Active,101 S Fort Lauderdale Beach Boulevard Unit#1104,S Fort Lauderdale Beach Blvd,Las Olas,Barrier island / beach,Condo,2380.0,True,2599999.0,1092.0,735.0,20,48.6,Overpriced
Pending,435 Bayshore Drive Unit#602,Bayshore Dr,Adagio Fort Lauderdale Bea,Barrier island / beach,Condo,2795.0,True,3195000.0,1143.0,767.0,83,49.0,Overpriced
Active,350 SE 2ND Street Unit#2630,SE 2nd St,Las Olas,Mainland inland,Condo,1297.0,False,749999.0,578.0,386.0,36,49.7,Overpriced
Active,333 Las Olas Way Unit#4206,Las Olas Way,Las Olas,Downtown high-rise,Condo,8329.0,False,5800000.0,696.0,464.0,31,50.0,Overpriced
Active,1239 Middle River Dr,Middle River Dr,Beach Way Heights,Barrier island / beach,Single Family,9655.0,True,15495000.0,1605.0,1069.0,33,50.1,Overpriced
Pending,2889 NE 26th Street,NE 26th St,Coral Ridge Galt,Barrier island / beach,Single Family,2122.0,False,1650000.0,778.0,518.0,18,50.2,Overpriced
Pending,2301 Wilton Drive Unit#R305,Wilton Dr,Isles City Lofts,Mainland inland,Condo,1386.0,False,609950.0,440.0,293.0,6,50.2,Overpriced
Pending,153 N Seabreeze Boulevard Unit#1403-S,N Seabreeze Blvd,Selene Oceanfront,Barrier island / beach,Condo,1416.0,False,1500000.0,1059.0,705.0,15,50.2,Overpriced
Active,41 Isle Of Venice Drive Unit#Ph 502,Isle Of Venice Dr,Aquamar Las Olas,Intracoastal / canal waterfront,Condo,2531.0,True,2679999.0,1059.0,704.0,35,50.4,Overpriced
Active,1529 Middle River Drive,Middle River Dr,Coral Ridge,Intracoastal / canal waterfront,Single Family,6718.0,True,11995000.0,1786.0,1186.0,33,50.6,Overpriced
Active,417 SW 13th Ter Unit#417,SW 13th Ter,Village Sailboat Bend,Mainland inland,Condo,762.0,False,285000.0,374.0,248.0,14,50.8,Overpriced
Active,500 Hendricks Isle Unit#3S,Hendricks Isle,Lumiere,Intracoastal / canal waterfront,Condo,2811.0,True,3220000.0,1145.0,759.0,32,50.9,Overpriced
Pending,511 SE 5 Avenue Unit#2523,SE 5 Ave,Nuriver Landing,Downtown high-rise,Condo,801.0,False,429000.0,536.0,355.0,0,51.0,Overpriced
Active,350 SE 2nd Street Unit#2280,SE 2nd St,Las Olas,Mainland inland,Condo,847.0,False,499000.0,589.0,390.0,36,51.0,Overpriced
Pending,2200 S Ocean Lane Unit#909,S Ocean Ln,Point Americas Phase Ii,Barrier island / beach,Condo,1765.0,True,1795000.0,1017.0,673.0,66,51.1,Overpriced
Active,2200 S Ocean Ln Unit#2205,S Ocean Ln,Point Americas,Barrier island / beach,Condo,2170.0,True,2200000.0,1014.0,671.0,66,51.1,Overpriced
Active,100 S Birch Road Unit#1701a,S Birch Rd,Jackson Tower Las Olas Con,Barrier island / beach,Condo,1998.0,True,1695000.0,848.0,561.0,25,51.2,Overpriced
Active,2561 Lucille Dr,Lucille Dr,Lucille Isles,Intracoastal / canal waterfront,Single Family,5299.0,True,8950000.0,1689.0,1116.0,0,51.3,Overpriced
Active,924 SE 2nd Street Unit#32,SE 2nd St,Gulfstream Las Ol,Mainland inland,Condo,459.0,False,249999.0,545.0,360.0,36,51.4,Overpriced
Pending,153 N Seabreeze Boulevard Unit#Unit 1105s,N Seabreeze Blvd,Selene Oceanfront,Barrier island / beach,Condo,1890.0,False,1997500.0,1057.0,698.0,15,51.4,Overpriced
Active,713 NE 17th Road,NE 17th Rd,Victoria Park,Mainland inland,Single Family,943.0,False,740000.0,785.0,518.0,0,51.5,Overpriced
Pending,3055 Harbor Drive Unit#1603,Harbor Dr,Harbourage Place,Finger-isle waterfront,Condo,3368.0,True,2795000.0,830.0,548.0,0,51.5,Overpriced
Active,500 Hendricks Isle Unit#2N,Hendricks Isle,Lumiere,Intracoastal / canal waterfront,Condo,2925.0,True,3350000.0,1145.0,755.0,32,51.7,Overpriced
Active,1118 NE 10th Ave,NE 10th Ave,Progresso,Mainland inland,Townhouse,1550.0,False,929000.0,599.0,394.0,21,52.0,Overpriced
Active,2878 NE 26th Street,NE 26th St,Coral Ridge Galt,Barrier island / beach,Single Family,3583.0,True,3495000.0,975.0,640.0,18,52.3,Overpriced
Active,153 N Seabreeze Boulevard Unit#1803,N Seabreeze Blvd,Selene,Barrier island / beach,Condo,1416.0,True,1999000.0,1412.0,925.0,15,52.6,Overpriced
Active,535 N Victoria Park Road,N Victoria Park Rd,Victoria Park,Mainland inland,Single Family,1792.0,False,1389000.0,775.0,508.0,30,52.6,Overpriced
Active,400 NW 24th St,NW 24th St,Mickels Nd To Wilton,Mainland inland,Single Family,2630.0,False,2249000.0,855.0,560.0,8,52.7,Overpriced
Pending,1325 Guava Isle,Guava Isle,South New River Isles,Finger-isle waterfront,Single Family,1360.0,True,1175000.0,864.0,566.0,7,52.7,Overpriced
Active,101 S Fort Lauderdale Beach Boulevard Unit#1107,S Fort Lauderdale Beach Blvd,Las Olas,Barrier island / beach,Condo,1905.0,False,1599000.0,839.0,549.0,20,52.8,Overpriced
Active,708 SW 19th St,SW 19th St,Pinehurst Pl Porti,Mainland inland,Single Family,1343.0,False,850000.0,633.0,414.0,8,52.9,Overpriced
Pending,417 NE 10th Ave,NE 10th Ave,Holmberg Mc Kees,Mainland inland,Single Family,2019.0,False,3900000.0,1932.0,1263.0,21,53.0,Overpriced
Active,1034 NE 18th Ave Unit#205,NE 18th Ave,Galleria Lofts,Mainland inland,Condo,1938.0,False,820000.0,423.0,276.0,40,53.3,Overpriced
Active,449 Bontona Avenue,Bontona Ave,Venice,Finger-isle waterfront,Single Family,2440.0,True,3100000.0,1270.0,825.0,5,53.9,Overpriced
Active,633 4th Key Drive,4th Key Dr,Sunrise Key,Finger-isle waterfront,Single Family,3388.0,True,5395000.0,1592.0,1033.0,0,54.1,Overpriced
Pending,132 Almar Dr,Almar Dr,Almar Estates,Mainland inland,Single Family,1272.0,False,875000.0,688.0,446.0,0,54.3,Overpriced
Active,3000 NE 21st Terrace,NE 21st Ter,Coral Shores,Mainland inland,Single Family,1920.0,False,1400000.0,729.0,471.0,5,54.8,Overpriced
Active,1205 SW 4th Street,SW 4th St,Waverly Place,Mainland inland,Single Family,1231.0,False,765000.0,621.0,401.0,8,54.9,Overpriced
Pending,721 SE 12th Ct Unit#4,SE 12th Ct,Everglades Land Sales Co,Mainland inland,Townhouse,2005.0,False,719000.0,359.0,231.0,13,55.4,Overpriced
Active,100 S Birch Road Unit#906,S Birch Rd,Jackson Tower Las Olas Con,Barrier island / beach,Condo,1958.0,False,1299000.0,663.0,426.0,25,55.6,Overpriced
Active,150 NE 15th Ave Unit#144,NE 15th Ave,Pine Crest Village Ii,Mainland inland,Condo,625.0,False,269500.0,431.0,277.0,24,55.6,Overpriced
Active,101 S Fort Lauderdale Beach Blvd Unit#2601,S Fort Lauderdale Beach Blvd,Las Olas,Barrier island / beach,Condo,4320.0,True,4750000.0,1100.0,706.0,20,55.8,Overpriced
Active,425 Bayshore Drive Unit#15,Bayshore Dr,Ft Laud Surf Club Co Op,Barrier island / beach,Condo,770.0,False,585000.0,760.0,487.0,83,56.1,Overpriced
Active,113 NE 6 Unit#2117,NE 6,Progresso,Mainland inland,Condo,1624.0,False,754000.0,464.0,297.0,0,56.2,Overpriced
Pending,2628 NE 9th Avenue Unit#2,NE 9th Ave,Villas Mallory Square,Mainland inland,Townhouse,1944.0,False,925000.0,476.0,304.0,28,56.6,Overpriced
Active,1123 NE 12th Avenue Unit#A,NE 12th Ave,Progresso,Mainland inland,Townhouse,2316.0,False,1299999.0,561.0,358.0,16,56.7,Overpriced
Active,3101 Bayshore Dr Unit#803,Bayshore Dr,Fort Lauderdale Residence Fort Lauderdale Residen,Barrier island / beach,Condo,724.0,True,659000.0,910.0,579.0,83,57.2,Overpriced
Active,1713 SW 5th St,SW 5th St,Gill Isles,Finger-isle waterfront,Single Family,1532.0,True,1495000.0,976.0,620.0,6,57.4,Overpriced
Active,813 NE 17th St,NE 17th St,Lauderdale Park,Mainland inland,Single Family,1587.0,False,1000000.0,630.0,399.0,11,57.9,Overpriced
Active,500 Hendricks Isle Unit#3n,Hendricks Isle,Lumiere,Intracoastal / canal waterfront,Condo,2941.0,True,3510000.0,1193.0,755.0,32,58.0,Overpriced
Pending,2812 NW 12th Avenue,NW 12th Ave,Jenada Isles,Mainland inland,Single Family,2155.0,False,1350000.0,626.0,396.0,6,58.1,Overpriced
Active,2615 NE 26th Street,NE 26th St,Coral Ridge Galt,Barrier island / beach,Single Family,1709.0,False,1349000.0,789.0,499.0,18,58.1,Overpriced
Active,113 NE 6 Unit#2119,NE 6,Progresso,Mainland inland,Condo,1597.0,False,754000.0,472.0,298.0,0,58.4,Overpriced
Active,113 NE 6 Unit#3609,NE 6,Progresso,Mainland inland,Condo,1597.0,False,754000.0,472.0,298.0,0,58.4,Overpriced
Active,113 NE 6 Unit#3611,NE 6,Progresso,Mainland inland,Condo,1597.0,False,754000.0,472.0,298.0,0,58.4,Overpriced
Active,113 NE 6 Unit#2121,NE 6,Progresso,Mainland inland,Condo,1597.0,False,754000.0,472.0,298.0,0,58.4,Overpriced
Active,113 NE 6 Unit#3613,NE 6,Progresso,Mainland inland,Condo,1597.0,False,754000.0,472.0,298.0,0,58.4,Overpriced
Active,113 NE 6 Unit#46225,NE 6,Progresso,Mainland inland,Condo,1597.0,False,754000.0,472.0,298.0,0,58.4,Overpriced
Active,113 NE 6 Unit#4623,NE 6,Progresso,Mainland inland,Condo,1597.0,False,754000.0,472.0,298.0,0,58.4,Overpriced
Active,113 NE 6 Unit#4621,NE 6,Progresso,Mainland inland,Condo,1597.0,False,754000.0,472.0,298.0,0,58.4,Overpriced
Active,113 NE 6 Unit#3607,NE 6,Progresso,Mainland inland,Condo,1597.0,False,754000.0,472.0,298.0,0,58.4,Overpriced
Active,101 N Birch Road Unit#102,N Birch Rd,Harbor House North,Barrier island / beach,Condo,696.0,True,434000.0,624.0,393.0,32,58.8,Overpriced
Active,113 NE 6 Unit#3615,NE 6,Progresso,Mainland inland,Condo,1624.0,False,767000.0,472.0,297.0,0,58.9,Overpriced
Active,113 NE 6 Unit#2125,NE 6,Progresso,Mainland inland,Condo,1624.0,False,767000.0,472.0,297.0,0,58.9,Overpriced
Active,113 NE 6 Unit#2115,NE 6,Progresso,Mainland inland,Condo,1624.0,False,767000.0,472.0,297.0,0,58.9,Overpriced
Active,113 NE 6 Unit#4617,NE 6,Progresso,Mainland inland,Condo,1624.0,False,767000.0,472.0,297.0,0,58.9,Overpriced
Active,113 NE 6 Unit#4627,NE 6,Progresso,Mainland inland,Condo,1624.0,False,767000.0,472.0,297.0,0,58.9,Overpriced
Active,113 NE 6 Unit#3605,NE 6,Progresso,Mainland inland,Condo,1624.0,False,767000.0,472.0,297.0,0,58.9,Overpriced
Active,1781 NE 18th Street,NE 18th St,North Ridge,Mainland inland,Single Family,2434.0,False,2225000.0,914.0,575.0,21,59.0,Overpriced
Pending,1401 NE 9th Street Unit#13,NE 9th St,Victoria Park,Mainland inland,Townhouse,1658.0,False,675000.0,407.0,256.0,28,59.0,Overpriced
Active,100 E Las Olas Boulevard Unit#2404,E Las Olas Blvd,Las Olas,Downtown high-rise,Condo,1867.0,False,1475000.0,790.0,497.0,48,59.0,Overpriced
Active,12 NE 26th St,NE 26th St,Wilton Manors,Mainland inland,Single Family,1596.0,False,1299000.0,814.0,512.0,18,59.0,Overpriced
Active,2701 N Atlantic Blvd,N Atlantic Blvd,Lauderdale Beach,Barrier island / beach,Single Family,3084.0,False,4500000.0,1459.0,917.0,0,59.1,Overpriced
Pending,1721 SE 11th Street,SE 11th St,Rio Vista,Finger-isle waterfront,Single Family,7030.0,True,19770000.0,2812.0,1766.0,6,59.2,Overpriced
Active,23 Isla Bahia Dr,Isla Bahia Dr,Isla Bahia,Finger-isle waterfront,Single Family,9135.0,True,24900000.0,2726.0,1706.0,4,59.8,Overpriced
Active,516 Hendricks Isle Unit#4B,Hendricks Isle,Aria,Intracoastal / canal waterfront,Condo,2104.0,True,1995000.0,948.0,592.0,32,60.1,Overpriced
Active,917 NE 18th Street,NE 18th St,Lauderdale Park,Mainland inland,Single Family,1703.0,False,987000.0,580.0,362.0,21,60.2,Overpriced
Pending,1135 NE 11th Ave,NE 11th Ave,Progresso,Mainland inland,Townhouse,2434.0,False,1550000.0,637.0,397.0,18,60.5,Overpriced
Active,500 Hendricks Isle Unit#4S,Hendricks Isle,Lumiere,Intracoastal / canal waterfront,Condo,2811.0,True,3430000.0,1220.0,759.0,32,60.7,Overpriced
Active,1180 N FEDERAL Highway Unit#809,N Federal Highway,Riva Condominium,Mainland inland,Condo,1404.0,False,899000.0,640.0,398.0,21,60.8,Overpriced
Active,1822 SE 9th Street,SE 9th St,Rio Vista,Intracoastal / canal waterfront,Single Family,8600.0,True,20995000.0,2441.0,1516.0,9,61.0,Overpriced
Active,113 NE 6 Unit#2123,NE 6,Progresso,Mainland inland,Condo,1597.0,False,767000.0,480.0,298.0,0,61.1,Overpriced
Active,101 S Fort Lauderdale Beach Boulevard Unit#1706,S Fort Lauderdale Beach Blvd,Las Olas,Barrier island / beach,Condo,1905.0,False,1695000.0,890.0,549.0,20,62.1,Overpriced
Active,1527 NE 15TH Avenue,NE 15th Ave,Allenwood,Mainland inland,Townhouse,2775.0,False,1729000.0,623.0,384.0,24,62.2,Overpriced
Active,153 N Seabreeze Blvd Unit#1602,N Seabreeze Blvd,Selene Oceanfront Residenc,Barrier island / beach,Condo,3240.0,True,4599000.0,1419.0,875.0,15,62.2,Overpriced
Active,1525 NE 15TH Avenue,NE 15th Ave,Allenwood,Mainland inland,Townhouse,2775.0,False,1729000.0,623.0,384.0,24,62.2,Overpriced
Active,501 NE 28th Street,NE 28th St,Tropical Manors,Mainland inland,Single Family,1490.0,False,750000.0,503.0,310.0,30,62.3,Overpriced
Active,151 N Seabreeze Boulevard Unit#1601-East,N Seabreeze Blvd,Selene Oceanfront Residenc Selene Oceanfront,Barrier island / beach,Condo,3122.0,True,4499900.0,1441.0,886.0,15,62.6,Overpriced
Pending,2540 Mercedes Drive,Mercedes Dr,Harbor Beach,Barrier island / beach,Single Family,3750.0,True,6800000.0,1813.0,1113.0,0,62.9,Overpriced
Active,804 NE 7th Street,NE 7th St,Progresso,Mainland inland,Townhouse,2772.0,False,1475000.0,532.0,326.0,0,63.2,Overpriced
Active,1000 River Reach Drive Unit#505,River Reach Dr,River Reach,Mainland inland,Condo,1025.0,False,375000.0,366.0,224.0,50,63.4,Overpriced
Active,2100 NE 24th St,NE 24th St,Coral Point,Intracoastal / canal waterfront,Single Family,1685.0,True,1749000.0,1038.0,635.0,13,63.5,Overpriced
Active,545 S Fort Lauderdale Beach Boulevard Unit#1702,S Fort Lauderdale Beach Blvd,Illini Association,Barrier island / beach,Condo,1290.0,True,1350000.0,1047.0,638.0,20,64.1,Overpriced
Active,332 NW 26th Court,NW 26th Ct,Babco Heights,Mainland inland,Single Family,1404.0,False,895000.0,637.0,388.0,0,64.2,Overpriced
Active,1922 S Ocean Lane Unit#10,S Ocean Ln,Ocean Lane Villas Co Op,Barrier island / beach,Condo,940.0,True,975000.0,1037.0,630.0,66,64.6,Overpriced
Active,1680 S Ocean Ln Unit#251,S Ocean Ln,Oceanage,Barrier island / beach,Condo,1273.0,False,1695000.0,1332.0,809.0,66,64.6,Overpriced
Active,2041 NE 30th Street,NE 30th St,Coral Shores,Mainland inland,Single Family,1495.0,False,1260000.0,843.0,511.0,33,65.0,Overpriced
Active,200 S Birch Road Unit#408,S Birch Rd,Leisure Beach,Barrier island / beach,Condo,756.0,False,499900.0,661.0,400.0,25,65.3,Overpriced
Active,2845 NE 9th Street Unit#601,NE 9th St,Le Club,Barrier island / beach,Condo,2095.0,True,1399000.0,668.0,404.0,28,65.3,Overpriced
Active,113 NE 6 Unit#4619,NE 6,Progresso,Mainland inland,Condo,1532.0,False,724000.0,473.0,286.0,0,65.4,Overpriced
Active,113 NE 6 Unit#1109,NE 6,Progresso,Mainland inland,Condo,1532.0,False,724000.0,473.0,286.0,0,65.4,Overpriced
Active,113 NE 6 Unit#1101,NE 6,Progresso,Mainland inland,Condo,1557.0,False,736000.0,473.0,286.0,0,65.4,Overpriced
Active,113 NE 6 Unit#1107,NE 6,Progresso,Mainland inland,Condo,1532.0,False,724000.0,473.0,286.0,0,65.4,Overpriced
Active,113 NE 6 Unit#1105,NE 6,Progresso,Mainland inland,Condo,1532.0,False,724000.0,473.0,286.0,0,65.4,Overpriced
Active,113 NE 6 Unit#1103,NE 6,Progresso,Mainland inland,Condo,1532.0,False,724000.0,473.0,286.0,0,65.4,Overpriced
Pending,151 N Seabreeze Boulevard Unit#2503-e,N Seabreeze Blvd,Selene Oceanfront,Barrier island / beach,Condo,1680.0,True,2599000.0,1547.0,934.0,15,65.6,Overpriced
Active,87 Isle Of Venice Drive Unit#202s,Isle Of Venice Dr,Nurmi Isles,Finger-isle waterfront,Condo,2960.0,True,3726640.0,1259.0,757.0,35,66.3,Overpriced
Active,87 Isle Of Venice Drive Unit#201n,Isle Of Venice Dr,Nurmi Isles,Finger-isle waterfront,Condo,2939.0,True,3700201.0,1259.0,757.0,35,66.3,Overpriced
Active,545 S FORT LAUDERDALE BEACH Boulevard Unit#1703/1704,S Fort Lauderdale Beach Blvd,Illini,Barrier island / beach,Condo,2150.0,True,2199000.0,1023.0,613.0,20,66.9,Overpriced
Pending,100 E Las Olas Boulevard Unit#3004,E Las Olas Blvd,Las Olas,Mainland inland,Condo,1867.0,False,1549000.0,830.0,497.0,48,67.0,Overpriced
Active,1349 Middle River Dr,Middle River Dr,Beach Way Heights,Barrier island / beach,Single Family,4711.0,True,5500000.0,1167.0,698.0,33,67.2,Overpriced
Pending,1425 Middle River Drive,Middle River Dr,Coral Ridge,Intracoastal / canal waterfront,Single Family,3425.0,True,4475000.0,1307.0,781.0,33,67.3,Overpriced
Active,1110 NW 7th Avenue,NW 7th Ave,Progresso,Mainland inland,Single Family,2844.0,False,2499999.0,879.0,525.0,21,67.4,Overpriced
Active,80 NE 26th Street,NE 26th St,Petite,Mainland inland,Single Family,1022.0,False,680000.0,665.0,397.0,18,67.5,Overpriced
Active,113 NE 6 Unit#1111,NE 6,Progresso,Mainland inland,Condo,1532.0,False,735000.0,480.0,286.0,0,67.8,Overpriced
Active,150 NE 15th Ave Unit#235,NE 15th Ave,Pine Crest Village Ii,Mainland inland,Condo,625.0,False,290900.0,465.0,277.0,24,67.9,Overpriced
Active,500 Hendricks Isle Unit#4N,Hendricks Isle,Lumiere,Intracoastal / canal waterfront,Condo,2941.0,True,3740000.0,1272.0,755.0,32,68.5,Overpriced
Active,1237 SW 28th St,SW 28th St,Devonshire,Mainland inland,Single Family,695.0,False,485000.0,698.0,414.0,5,68.6,Overpriced
Active,905 NE 28th Street Unit#206,NE 28th St,Annies Castle,Mainland inland,Condo,770.0,False,225000.0,292.0,173.0,30,68.8,Overpriced
Active,2200 N Ocean Blvd Unit#S1701,N Ocean Blvd,Auberge Residence And Spa,Barrier island / beach,Condo,3301.0,True,6399000.0,1939.0,1146.0,147,69.2,Overpriced
Pending,2431 NE 18th St,NE 18th St,Livermore Estates Coral Ridge Villas,Mainland inland,Townhouse,2557.0,False,1750000.0,684.0,403.0,21,69.7,Overpriced
Active,3101 Bayshore Dr Unit#608,Bayshore Dr,Fort Lauderdale Residence Ft Lauderdale Residence,Barrier island / beach,Condo,1214.0,False,1200000.0,988.0,582.0,83,69.8,Overpriced
Active,901 NE 16th Pl,NE 16th Pl,Lauderdale Park,Mainland inland,Single Family,992.0,False,600000.0,605.0,356.0,13,69.9,Overpriced
Active,336 N Birch Road Unit#5h,N Birch Rd,Birch Crest Apartments Inc,Barrier island / beach,Condo,1411.0,False,689000.0,488.0,287.0,32,70.0,Overpriced
Active,200 S Birch Road Unit#901,S Birch Rd,Leisure Beach,Barrier island / beach,Condo,756.0,True,679000.0,898.0,528.0,25,70.1,Overpriced
Active,95 N Birch Road Unit#606,N Birch Rd,Harbor Haven,Barrier island / beach,Condo,795.0,False,399000.0,502.0,295.0,32,70.2,Overpriced
Active,3321 NE 16th Court,NE 16th Ct,Las Olas,Mainland inland,Single Family,1896.0,False,2650000.0,1398.0,821.0,7,70.3,Overpriced
Active,411 N New River Drive Unit#PH 39A,N New River Dr,Las Olas,Intracoastal / canal waterfront,Condo,3700.0,True,3975000.0,1074.0,630.0,31,70.5,Overpriced
Active,615 Idlewyld Drive,Idlewyld Dr,Idlewyld,Finger-isle waterfront,Single Family,5995.0,True,11900000.0,1985.0,1163.0,0,70.7,Overpriced
Active,87 Isle Of Venice Drive Unit#301n,Isle Of Venice Dr,Nurmi Isles,Finger-isle waterfront,Condo,2939.0,True,3800127.0,1293.0,757.0,35,70.8,Overpriced
Active,41 Isle Of Venice Drive Unit#402,Isle Of Venice Dr,Aquamar Las Olas,Intracoastal / canal waterfront,Condo,2531.0,True,2695000.0,1065.0,623.0,35,70.9,Overpriced
Active,904 SE 12th Street,SE 12th St,Everglade Land Sales Co,Mainland inland,Single Family,1379.0,False,1000000.0,725.0,424.0,11,71.0,Overpriced
Active,1710 S Ocean Lane Unit#202,S Ocean Ln,Lago Mar North Lodge,Barrier island / beach,Condo,1498.0,True,1680000.0,1121.0,655.0,66,71.1,Overpriced
Active,215 N Birch Road Unit#A2,N Birch Rd,Versailles Co Op,Barrier island / beach,Condo,1448.0,True,899000.0,621.0,362.0,32,71.5,Overpriced
Active,701 SW 9th Ave,SW 9th Ave,New Utopia,Mainland inland,Single Family,1310.0,False,980000.0,748.0,436.0,10,71.6,Overpriced
Active,87 Isle Of Venice Drive Unit#302s,Isle Of Venice Dr,Nurmi Isles,Finger-isle waterfront,Condo,2939.0,True,3827280.0,1302.0,757.0,35,72.0,Overpriced
Active,900 River Reach Drive Unit#518,River Reach Dr,River Reach,Mainland inland,Condo,850.0,False,325000.0,382.0,222.0,50,72.1,Overpriced
Active,2340 NE 9th St Unit#210,NE 9th St,Park Ridge East Apts Cond Park Ridge East,Mainland inland,Condo,1079.0,False,420000.0,389.0,226.0,28,72.1,Overpriced
Active,3319 NE 18TH Street,NE 18th St,Las Olas,Mainland inland,Single Family,2208.0,False,2400000.0,1087.0,631.0,21,72.3,Overpriced
Active,2311 Delmar Pl,Delmar Pl,Gould Isles,Intracoastal / canal waterfront,Single Family,2178.0,True,3750000.0,1722.0,999.0,4,72.4,Overpriced
Active,124 Hendricks Isle Unit#Ph401,Hendricks Isle,One Residences,Intracoastal / canal waterfront,Condo,4456.0,True,5695000.0,1278.0,741.0,32,72.5,Overpriced
Pending,2636 NE 9th Avenue Unit#6,NE 9th Ave,Highland Estates,Mainland inland,Townhouse,1944.0,False,990000.0,509.0,295.0,28,72.5,Overpriced
Active,925 NE 6th Street,NE 6th St,Progresso,Mainland inland,Townhouse,2239.0,False,1325000.0,592.0,342.0,10,73.1,Overpriced
Active,21 Isle Of Venice Drive Unit#301,Isle Of Venice Dr,Aquamar Las Olas,Intracoastal / canal waterfront,Condo,3308.0,True,3495000.0,1057.0,610.0,35,73.3,Overpriced
Active,153 N Seabreeze Unit#403,N Seabreeze,Selene Oceanfront Res Selene,Barrier island / beach,Condo,1420.0,True,2000000.0,1408.0,811.0,0,73.6,Overpriced
Active,200 S Birch Road Unit#1205,S Birch Rd,Leisure Beach,Barrier island / beach,Condo,647.0,True,619000.0,957.0,548.0,25,74.6,Overpriced
Active,820 NE 17th Street,NE 17th St,Lauderdale Park,Mainland inland,Single Family,1000.0,False,664000.0,664.0,380.0,11,74.7,Overpriced
Active,900 Intracoastal Drive Unit#2401,Intracoastal Dr,Sage Intracoastal,Intracoastal / canal waterfront,Condo,3216.0,True,5188355.0,1613.0,923.0,39,74.8,Overpriced
Active,2130 NE 15th St,NE 15th St,Lauder Gate Isles,Finger-isle waterfront,Single Family,3150.0,True,3499000.0,1111.0,635.0,17,75.0,Overpriced
Active,2400 NE 9th Street Unit#402,NE 9th St,Ocean Sunrise Co Op,Barrier island / beach,Condo,650.0,False,265000.0,408.0,232.0,28,75.9,Overpriced
Active,2430 Del Lago Drive,Del Lago Dr,Del Lago Isles,Finger-isle waterfront,Single Family,10428.0,True,24900000.0,2388.0,1356.0,0,76.1,Overpriced
Active,2845 NE 9th Street Unit#Ph5,NE 9th St,Le Club International Cond,Barrier island / beach,Condo,2450.0,True,1825000.0,745.0,421.0,28,77.0,Overpriced
Active,1180 N Federal Hwy Unit#PH-1602,N Federal Hwy,Riva Condominium Riva,Intracoastal / canal waterfront,Condo,3832.0,True,4897000.0,1278.0,722.0,40,77.0,Overpriced
Active,1524 SE 12th Street Unit#6,SE 12th St,La Casa Del Rio Vista Cond,Intracoastal / canal waterfront,Townhouse,1597.0,True,1159000.0,726.0,410.0,11,77.1,Overpriced
Pending,811 SE 12th Ct,SE 12th Ct,Everglade Land Sales Co,Mainland inland,Townhouse,2120.0,False,875000.0,413.0,233.0,13,77.3,Overpriced
Active,87 Isle Of Venice Drive Unit#401n,Isle Of Venice Dr,Nurmi Isles,Finger-isle waterfront,Condo,2939.0,True,3944138.0,1342.0,757.0,35,77.3,Overpriced
Active,87 Isle Of Venice Drive Unit#402s,Isle Of Venice Dr,Nurmi Isles,Finger-isle waterfront,Condo,2960.0,True,3972320.0,1342.0,757.0,35,77.3,Overpriced
Active,2299 NE 9th Avenue Unit#2299,NE 9th Ave,Wilton Manors Belle Isles,Mainland inland,Townhouse,1880.0,False,989000.0,526.0,296.0,28,77.7,Overpriced
Active,153 N Seabreeze Unit#1901-s,N Seabreeze,Selene Oceanfront,Barrier island / beach,Condo,2315.0,True,3350000.0,1447.0,812.0,0,78.2,Overpriced
Active,347 N New River Drive Unit#Ph 6,N New River Dr,Watergarden,Intracoastal / canal waterfront,Condo,1469.0,True,1695000.0,1154.0,647.0,31,78.4,Overpriced
Active,1635 Seabreeze Boulevard,Seabreeze Blvd,Harbor Beach,Barrier island / beach,Single Family,1584.0,False,1895000.0,1196.0,669.0,6,78.8,Overpriced
Active,104 NE 5th St,NE 5th St,North Lauderdale,Mainland inland,Single Family,1470.0,False,850000.0,578.0,322.0,12,79.5,Overpriced
Active,1321 Mandarin Isle,Mandarin Isle,South New River Isles,Finger-isle waterfront,Single Family,1847.0,True,2550000.0,1381.0,766.0,5,80.3,Overpriced
Active,1 Isla Bahia Drive,Isla Bahia Dr,Harbor Beach,Barrier island / beach,Single Family,14000.0,True,35900000.0,2564.0,1418.0,4,80.8,Overpriced
Pending,2725 NE 28th Street,NE 28th St,Coral Ridge Galt,Barrier island / beach,Single Family,3200.0,False,3599000.0,1125.0,622.0,30,80.9,Overpriced
Active,2009 Admirals Way,Admirals Way,Harbour Heights,Mainland inland,Single Family,1805.0,False,2425000.0,1343.0,742.0,0,81.0,Overpriced
Active,341 N Birch Road Unit#204,N Birch Rd,Ft Lauderdale Yacht,Barrier island / beach,Condo,601.0,True,475000.0,790.0,436.0,32,81.2,Overpriced
Pending,1532 SE 12th Street Unit#302,SE 12th St,Vela Vista,Intracoastal / canal waterfront,Condo,3522.0,True,2395000.0,680.0,375.0,11,81.3,Overpriced
Active,100 E Las Olas Boulevard Unit#3804,E Las Olas Blvd,Las Olas,Mainland inland,Condo,1867.0,False,1649000.0,883.0,487.0,48,81.3,Overpriced
Active,2720 NE 15th Street Unit#303,NE 15th St,Rio Villas Coral Ridge,Intracoastal / canal waterfront,Condo,1618.0,True,1085000.0,671.0,370.0,17,81.4,Overpriced
Active,505 NE 2nd Street Unit#4A,NE 2nd St,Viceroy Fort Lauderdale,Downtown high-rise,Condo,1229.0,False,1020000.0,830.0,455.0,14,82.4,Overpriced
Active,1414 SE 12th Street Unit#3c,SE 12th St,Hemingway Landings,Intracoastal / canal waterfront,Condo,2106.0,True,1499000.0,712.0,390.0,11,82.6,Overpriced
Active,1736 NE 17th St,NE 17th St,Progresso,Mainland inland,Single Family,1116.0,False,741000.0,664.0,363.0,11,82.9,Overpriced
Active,3055 Harbor Dr Unit#2102,Harbor Dr,Harbourage Place,Finger-isle waterfront,Condo,4043.0,True,4495000.0,1112.0,608.0,0,82.9,Overpriced
Active,2501 Del Lago Drive,Del Lago Dr,Del Lago Isles,Finger-isle waterfront,Single Family,8343.0,True,24950000.0,2991.0,1627.0,0,83.8,Overpriced
Active,922 SE 12th Street Unit#922,SE 12th St,Rio South Townhomes,Mainland inland,Townhouse,2202.0,False,1229000.0,558.0,303.0,11,84.2,Overpriced
Active,2000 SW 18th Ave,SW 18th Ave,Osceola Park,Mainland inland,Single Family,1468.0,False,1950000.0,1328.0,721.0,15,84.2,Overpriced
Active,2832 NE 26th St,NE 26th St,Coral Ridge Galt,Barrier island / beach,Single Family,2722.0,True,3397000.0,1248.0,677.0,18,84.3,Overpriced
Active,1460 NE 18th Street Unit#104,NE 18th St,Poinsettia Landings,Mainland inland,Condo,725.0,False,279000.0,385.0,207.0,21,86.0,Overpriced
Active,1636 NE 15th Ave,NE 15th Ave,Progresso,Mainland inland,Single Family,1080.0,False,650000.0,602.0,323.0,24,86.4,Overpriced
Active,1050 Seminole Drive Unit#Phb,Seminole Dr,Villas Sunrise Bay Cond,Intracoastal / canal waterfront,Condo,4020.0,True,3195000.0,795.0,425.0,11,87.1,Overpriced
Pending,1720 NE 17th Avenue,NE 17th Ave,Progresso,Mainland inland,Single Family,2380.0,False,1995000.0,838.0,447.0,36,87.5,Overpriced
Active,2417 NE 19th Avenue,NE 19th Ave,Middle River Manor,Intracoastal / canal waterfront,Single Family,1776.0,True,1499000.0,844.0,449.0,17,88.0,Overpriced
Active,100 E Las Olas Boulevard Unit#4001,E Las Olas Blvd,Las Olas,Downtown high-rise,Condo,3626.0,False,3299000.0,910.0,483.0,48,88.4,Overpriced
Active,15 Port Side Dr Unit#15C,Port Side Dr,Portside Yacht Club,Intracoastal / canal waterfront,Condo,2226.0,True,1595000.0,717.0,380.0,0,88.7,Overpriced
Active,912 SE 12th Street Unit#912,SE 12th St,Rio South Townhomes,Mainland inland,Townhouse,2219.0,False,1269000.0,572.0,302.0,11,89.4,Overpriced
Active,701 N Fort Lauderdale Beach Boulevard Unit#A1,N Fort Lauderdale Beach Blvd,Paramount Ft Lauderdale Co,Barrier island / beach,Condo,5525.0,False,12995000.0,2352.0,1237.0,78,90.1,Overpriced
Active,1642 NE 19th Street,NE 19th St,Poinsettia Heights,Mainland inland,Single Family,2715.0,False,2425000.0,893.0,469.0,11,90.4,Overpriced
Active,2500 E Las Olas Boulevard Unit#1509,E Las Olas Blvd,Marine Tower,Mainland inland,Condo,1940.0,False,899000.0,463.0,243.0,48,90.5,Overpriced
Active,2815 NE 26th Pl,NE 26th Pl,Coral Ridge Galt,Barrier island / beach,Single Family,2690.0,True,5450000.0,2026.0,1059.0,4,91.3,Overpriced
Active,2716 Aqua Vista Boulevard,Aqua Vista Blvd,Sea Isles,Finger-isle waterfront,Single Family,10345.0,True,28000000.0,2707.0,1411.0,8,91.8,Overpriced
Active,601 SE 5th Court Unit#108,SE 5th Ct,Riverview South,Mainland inland,Condo,620.0,False,255000.0,411.0,214.0,9,92.1,Overpriced
Active,1736 NE 18th Street,NE 18th St,Progresso,Mainland inland,Single Family,1284.0,False,849000.0,661.0,344.0,21,92.2,Overpriced
Active,19 Port Side Dr Unit#19C,Port Side Dr,Portside Yacht Club,Intracoastal / canal waterfront,Townhouse,2203.0,True,1999999.0,908.0,468.0,0,94.0,Overpriced
Active,77 S Birch Road Unit#7D,S Birch Rd,Portofino On Intracoas,Barrier island / beach,Condo,1580.0,True,1699000.0,1075.0,551.0,25,95.1,Overpriced
Active,1025 NE 17th Way,NE 17th Way,Progresso,Mainland inland,Single Family,1031.0,False,750000.0,727.0,371.0,44,96.0,Overpriced
Active,2711 NE 19th Street,NE 19th St,Coral Ridge,Mainland inland,Single Family,2166.0,False,2590000.0,1196.0,610.0,11,96.1,Overpriced
Active,5 Isla Bahia Drive,Isla Bahia Dr,Harbor Beach,Barrier island / beach,Single Family,8923.0,True,20000000.0,2241.0,1142.0,4,96.2,Overpriced
Active,501 SE 6th Avenue Unit#314,SE 6th Ave,Sixth&Rio,Intracoastal / canal waterfront,Condo,742.0,True,799000.0,1077.0,544.0,0,98.0,Overpriced
Active,534 HENDRICKS ISLE Unit#301,Hendricks Isle,View Pointe,Intracoastal / canal waterfront,Condo,1760.0,True,2730000.0,1551.0,777.0,32,99.6,Overpriced
Active,2560 Del Lago Dr,Del Lago Dr,Del Lago Isles,Finger-isle waterfront,Single Family,8725.0,True,29995000.0,3438.0,1717.0,0,100.2,Overpriced
Active,100 E Las Olas Boulevard Unit#2802,E Las Olas Blvd,Las Olas,Mainland inland,Condo,1404.0,False,1400000.0,997.0,498.0,48,100.2,Overpriced
Active,525 Isle Of Capri Drive,Isle Of Capri Dr,Las Olas,Intracoastal / canal waterfront,Single Family,10000.0,True,35000000.0,3500.0,1748.0,0,100.2,Overpriced
Active,153 N Seabreeze Unit#2503-S,N Seabreeze,Selene,Barrier island / beach,Condo,1416.0,True,2300000.0,1624.0,811.0,0,100.2,Overpriced
Active,2200 N Ocean Blvd Unit#S2301,N Ocean Blvd,Fort Lauderdale Beac Auberge Beach,Barrier island / beach,Condo,4365.0,True,9500000.0,2176.0,1086.0,147,100.4,Overpriced
Active,401 N Birch Road Unit#Th3,N Birch Rd,Tiffany House,Barrier island / beach,Condo,1631.0,False,1200000.0,736.0,366.0,32,101.1,Overpriced
Active,918 SE 12th Street Unit#918,SE 12th St,Rio South Townhomes,Mainland inland,Townhouse,2098.0,False,1289000.0,614.0,305.0,11,101.3,Overpriced
Active,1313 NE 3rd St,NE 3rd St,Stranahans,Mainland inland,Single Family,1118.0,False,1120000.0,1002.0,497.0,9,101.6,Overpriced
Active,3305 NE 16th Court,NE 16th Ct,Las Olas,Mainland inland,Single Family,1772.0,False,2795000.0,1577.0,782.0,7,101.7,Overpriced
Active,2200 N Ocean Blvd Unit#N605,N Ocean Blvd,Fort Lauderdale Beac Auberge Beach,Barrier island / beach,Condo,3767.0,True,8150000.0,2164.0,1071.0,147,102.1,Overpriced
Active,816 Riviera Isle Drive,Riviera Isle Dr,Riviera,Intracoastal / canal waterfront,Single Family,3775.0,True,9900000.0,2623.0,1287.0,6,103.8,Overpriced
Active,2200 N Ocean Blvd Unit#S1704/05,N Ocean Blvd,Fort Lauderdale Beach Auberge Beach Residences,Barrier island / beach,Condo,4498.0,True,9995000.0,2222.0,1084.0,147,105.0,Overpriced
Active,2701 Aqua Vista Boulevard,Aqua Vista Blvd,Sea Isles,Finger-isle waterfront,Single Family,4078.0,True,9250000.0,2268.0,1105.0,8,105.2,Overpriced
Active,615 SW 14th Avenue Unit#1-2,SW 14th Ave,Riverside Amen,Mainland inland,Single Family,832.0,False,734000.0,882.0,429.0,18,105.6,Overpriced
Active,1 Las Olas Circle Unit#1501,Las Olas Cir,Venetian Condominium,Barrier island / beach,Condo,3425.0,True,4499000.0,1314.0,637.0,17,106.3,Overpriced
Active,153 N Seabreeze Boulevard Unit#Ph 2601-s,N Seabreeze Blvd,Selene,Barrier island / beach,Condo,5435.0,True,9999000.0,1840.0,884.0,15,108.1,Overpriced
Active,100 E Las Olas Boulevard Unit#4301,E Las Olas Blvd,Las Olas,Mainland inland,Condo,3896.0,False,3900000.0,1001.0,478.0,48,109.4,Overpriced
Active,325 Coconut Isle Drive,Coconut Isle Dr,Las Olas Isles,Finger-isle waterfront,Single Family,2450.0,True,3295000.0,1345.0,642.0,7,109.5,Overpriced
Active,1200 Holiday Drive Unit#1003,Holiday Dr,Coconut Grove Residences,Barrier island / beach,Condo,3200.0,True,3895000.0,1217.0,580.0,11,109.8,Overpriced
Active,2200 N Ocean Boulevard Unit#N1701/N1801,N Ocean Blvd,Auberge Beach,Barrier island / beach,Condo,5822.0,True,13850000.0,2379.0,1128.0,147,110.9,Overpriced
Active,534 HENDRICKS ISLE Unit#302,Hendricks Isle,View Pointe,Intracoastal / canal waterfront,Condo,1376.0,True,2300000.0,1672.0,792.0,32,111.1,Overpriced
Active,341 N Birch Road Unit#Unit 206,N Birch Rd,Fort Lauderdale Yacht,Barrier island / beach,Condo,721.0,False,498900.0,692.0,324.0,32,113.6,Overpriced
Pending,527 Orton Avenue Unit#903C,Orton Ave,Terraces,Barrier island / beach,Condo,2027.0,False,2595000.0,1280.0,599.0,13,113.7,Overpriced
Active,401 N Birch Rd Unit#502,N Birch Rd,Tiffany House,Barrier island / beach,Condo,1286.0,True,1250000.0,972.0,454.0,32,114.1,Overpriced
Active,1524 SE 12th Street Unit#5,SE 12th St,La Casa Del Rio,Intracoastal / canal waterfront,Condo,1208.0,True,945000.0,782.0,363.0,11,115.4,Overpriced
Active,505 NE 2nd Street Unit#17K,NE 2nd St,Viceroy Fort Lauderdale Viceroy,Downtown high-rise,Condo,755.0,False,760000.0,1007.0,464.0,14,117.0,Overpriced
Active,153  N Seabreeze Boulevard Unit#902,N Seabreeze Blvd,Selene Oceanfront Residenc Selene Oceanfront Residen,Barrier island / beach,Condo,3240.0,False,4448000.0,1373.0,631.0,15,117.6,Overpriced
Active,2417 NE 18th Ave,NE 18th Ave,Middle River Manor,Intracoastal / canal waterfront,Single Family,1404.0,True,1400000.0,997.0,457.0,40,118.2,Overpriced
Active,1200 Holiday Drive Unit#602,Holiday Dr,Coconut Grove Residences,Barrier island / beach,Condo,2654.0,True,3600000.0,1356.0,621.0,11,118.4,Overpriced
Pending,505 NE 2nd Street Unit#14D,NE 2nd St,Viceroy Fort Lauderdale,Downtown high-rise,Condo,732.0,False,745000.0,1018.0,466.0,14,118.5,Overpriced
Active,341 N Birch Rd Unit#209,N Birch Rd,Fort Lauderdale Yacht Ft Laud Yacht Beach Club,Barrier island / beach,Condo,946.0,True,895000.0,946.0,432.0,32,119.0,Overpriced
Active,3000 E Oakland Park Boulevard Unit#1409,E Oakland Park Blvd,Waterside,Intracoastal / canal waterfront,Condo,1118.0,True,1148540.0,1027.0,468.0,7,119.4,Overpriced
Pending,87 Isle Of Venice Drive Unit#Ph 501n,Isle Of Venice Dr,Nurmi Isles,Mainland inland,Condo,2960.0,False,4100000.0,1385.0,629.0,35,120.2,Overpriced
Active,151 N Seabreeze Boulevard Unit#Ph2601-e,N Seabreeze Blvd,Selene Oceanfront Residenc,Barrier island / beach,Condo,5183.0,True,9999000.0,1929.0,875.0,15,120.5,Overpriced
Active,1605 SE 9th Street,SE 9th St,Rio Vista,Finger-isle waterfront,Single Family,3544.0,True,7775000.0,2194.0,984.0,9,123.0,Overpriced
Active,341 N Birch Rd Unit#315,N Birch Rd,Fort Lauderdale Yacht Ft Lauderdale Yacht Beach,Barrier island / beach,Condo,685.0,True,575000.0,839.0,375.0,32,123.7,Overpriced
Active,1110 Seminole Drive Unit#201,Seminole Dr,Adagio On Bay,Intracoastal / canal waterfront,Condo,2870.0,True,2940000.0,1024.0,456.0,11,124.6,Overpriced
Active,401 N Birch Road Unit#916,N Birch Rd,Tiffany House,Barrier island / beach,Condo,841.0,False,655000.0,779.0,346.0,32,125.1,Overpriced
Active,100 E Las Olas Blvd Unit#4203,E Las Olas Blvd,Las Olas,Downtown high-rise,Condo,2658.0,False,2880000.0,1084.0,481.0,48,125.4,Overpriced
Active,534 HENDRICKS ISLE Unit#PH,Hendricks Isle,View Pointe,Intracoastal / canal waterfront,Condo,3383.0,True,5890000.0,1741.0,772.0,32,125.5,Overpriced
Pending,87 Isle Of Venice Drive Unit#Ph 502s,Isle Of Venice Dr,Nurmi Isles,Mainland inland,Condo,2960.0,False,4200000.0,1419.0,629.0,35,125.6,Overpriced
Active,551 Bayshore Drive Unit#507D,Bayshore Dr,Ritz Carlton Ftl,Barrier island / beach,Condo,2940.0,True,4339000.0,1476.0,649.0,83,127.4,Overpriced
Active,815 Idlewyld Drive,Idlewyld Dr,Idlewyld,Finger-isle waterfront,Single Family,7666.0,True,19950000.0,2602.0,1140.0,0,128.2,Overpriced
Active,505 NE 2nd Street Unit#15B,NE 2nd St,Viceroy Fort Lauderdale,Downtown high-rise,Condo,912.0,False,950000.0,1042.0,453.0,14,130.0,Overpriced
Active,671 Middle River Drive,Middle River Dr,Sunrise,Intracoastal / canal waterfront,Single Family,9138.0,True,21900000.0,2397.0,1039.0,33,130.7,Overpriced
Pending,505 NE 2nd Street Unit#21G,NE 2nd St,Viceroy Fort Lauderdale,Downtown high-rise,Condo,1224.0,False,1290000.0,1054.0,456.0,14,131.1,Overpriced
Active,"511 SE 5 Ave Unit#8,9,11",SE 5 Ave,Nuriver Landing Comm Cond Nuriver Landing,Intracoastal / canal waterfront,Condo,1361.0,True,1700000.0,1249.0,538.0,0,132.2,Overpriced
Active,2200 Inlet Drive,Inlet Dr,Harbour Heights,Finger-isle waterfront,Single Family,3494.0,True,8900000.0,2547.0,1093.0,0,133.0,Overpriced
Pending,505 NE 2nd Street Unit#25E,NE 2nd St,Viceroy Fort Lauderdale,Downtown high-rise,Condo,732.0,False,795000.0,1086.0,466.0,14,133.0,Overpriced
Active,2200 N Ocean Boulevard Unit#S1604/1605,N Ocean Blvd,Auberge,Barrier island / beach,Condo,4498.0,True,10995000.0,2444.0,1047.0,147,133.4,Overpriced
Active,2533 Aqua Vista Boulevard,Aqua Vista Blvd,Sea Isles,Finger-isle waterfront,Single Family,4667.0,True,14995000.0,3213.0,1371.0,8,134.4,Overpriced
Active,3036 N Atlantic Blvd,N Atlantic Blvd,Lauderdale Beach,Barrier island / beach,Single Family,3672.0,True,14400000.0,3922.0,1668.0,0,135.1,Overpriced
Active,300 NE 3rd Avenue Unit#303n,NE 3rd Ave,Ombelle Fort Lauderdale,Downtown high-rise,Condo,676.0,False,586254.0,867.0,368.0,57,135.6,Overpriced
Active,501 SE 6th Avenue Unit#611,SE 6th Ave,Sixth Rio,Intracoastal / canal waterfront,Condo,1133.0,True,1445000.0,1275.0,539.0,0,136.5,Overpriced
Active,625 San Marco Drive,San Marco Dr,Coral Isles,Finger-isle waterfront,Single Family,10160.0,True,44995000.0,4429.0,1866.0,0,137.4,Overpriced
Active,1180 N Federal Highway Unit#Ph-1606,N Federal Highway,Riva,Intracoastal / canal waterfront,Condo,4267.0,True,4995000.0,1171.0,493.0,21,137.5,Overpriced
Active,401 N Birch Road Unit#504,N Birch Rd,Tiffany House,Barrier island / beach,Condo,1285.0,False,1050000.0,817.0,343.0,32,138.2,Overpriced
Active,401 N Birch Rd Unit#415,N Birch Rd,Tiffany House,Barrier island / beach,Condo,1293.0,False,1100000.0,851.0,354.0,32,140.4,Overpriced
Active,700 SW 12th Ave,SW 12th Ave,Riverside Park,Intracoastal / canal waterfront,Single Family,6658.0,True,13995000.0,2102.0,872.0,9,141.1,Overpriced
Active,101 S Fort Lauderdale Beach Boulevard Unit#2905,S Fort Lauderdale Beach Blvd,Las Olas,Barrier island / beach,Condo,5695.0,True,11295000.0,1983.0,819.0,20,142.1,Overpriced
Active,401 N Birch Road Unit#614,N Birch Rd,Tiffany House,Barrier island / beach,Condo,826.0,False,695000.0,841.0,347.0,32,142.4,Overpriced
Active,551 Bayshore Drive Unit#Villa 8,Bayshore Dr,Ritz Carlton Ftl,Barrier island / beach,Condo,1860.0,True,3000000.0,1613.0,658.0,83,145.1,Overpriced
Pending,300 NE 3rd Avenue Unit#301S,NE 3rd Ave,Ombelle Fort Lauderdale,Downtown high-rise,Condo,579.0,False,487515.0,842.0,342.0,57,146.2,Overpriced
Active,530 Birch Road Unit#601,Birch Rd,Bungalow East,Barrier island / beach,Condo,2829.0,False,3029000.0,1071.0,432.0,0,147.9,Overpriced
Active,2241 SE 17th Street Unit#601,SE 17th St,Pier Sixty Six,Barrier island / beach,Condo,2878.0,True,5300000.0,1842.0,741.0,14,148.6,Overpriced
Active,3000 E Oakland Park Boulevard Unit#1103,E Oakland Park Blvd,Waterside,Intracoastal / canal waterfront,Condo,1173.0,True,1359920.0,1159.0,465.0,7,149.2,Overpriced
Active,401 N Birch Road Unit#703,N Birch Rd,Tiffany House,Barrier island / beach,Condo,1285.0,False,1100000.0,856.0,343.0,32,149.6,Overpriced
Active,401 N Birch Rd Unit#505,N Birch Rd,Tiffany House,Barrier island / beach,Condo,1284.0,False,1100000.0,857.0,342.0,32,150.6,Overpriced
Active,551 Bayshore Drive Unit#901C,Bayshore Dr,Ritz Carlton Residences Rc Fort Lauderdale,Barrier island / beach,Condo,2400.0,True,3832000.0,1597.0,637.0,83,150.7,Overpriced
Active,501 SE 6th Avenue Unit#TH1,SE 6th Ave,Sixth&Rio,Intracoastal / canal waterfront,Condo,1759.0,True,2300000.0,1308.0,516.0,0,153.5,Overpriced
Active,725 Middle River Dr,Middle River Dr,Sunrise,Intracoastal / canal waterfront,Single Family,11133.0,True,33000000.0,2964.0,1167.0,33,154.0,Overpriced
Active,300 NE 3rd Avenue Unit#301n,NE 3rd Ave,Ombelle Fort Lauderdale,Downtown high-rise,Condo,587.0,False,511361.0,871.0,342.0,57,154.7,Overpriced
Active,3000 E Oakland Park Boulevard Unit#1405,E Oakland Park Blvd,Waterside,Intracoastal / canal waterfront,Condo,1120.0,True,1336800.0,1194.0,468.0,7,155.1,Overpriced
Active,513 Middle River Drive,Middle River Dr,Sunrise,Intracoastal / canal waterfront,Single Family,15079.0,True,55000000.0,3647.0,1427.0,33,155.6,Overpriced
Active,428 NE 17th Ave,NE 17th Ave,Victoria Park,Mainland inland,Single Family,1155.0,False,3225000.0,2792.0,1086.0,36,157.1,Overpriced
Pending,300 NE 3rd Avenue Unit#405s,NE 3rd Ave,Ombelle Fort Lauderdale,Downtown high-rise,Condo,547.0,False,485598.0,888.0,345.0,57,157.4,Overpriced
Active,401 N Birch Road Unit#413,N Birch Rd,Tiffany House,Barrier island / beach,Condo,826.0,False,740000.0,896.0,347.0,32,158.2,Overpriced
Active,707 NE 7th Ave,NE 7th Ave,Progresso,Mainland inland,Townhouse,3111.0,False,2100000.0,675.0,261.0,15,158.6,Overpriced
Active,3000 E Oakland Park Boulevard Unit#601,E Oakland Park Blvd,Waterside,Intracoastal / canal waterfront,Condo,1450.0,True,1674500.0,1155.0,445.0,7,159.6,Overpriced
Active,350 SE 2nd Street Unit#GPH10,SE 2nd St,Las Olas,Mainland inland,Condo,3150.0,False,2950000.0,937.0,361.0,36,159.6,Overpriced
Pending,505 NE 2nd Street Unit#14C,NE 2nd St,Viceroy Fort Lauderdale,Downtown high-rise,Condo,1268.0,False,1500000.0,1183.0,454.0,14,160.6,Overpriced
Pending,300 NE 3rd Avenue Unit#2803S,NE 3rd Ave,Ombelle Fort Lauderdale,Downtown high-rise,Condo,1527.0,False,1314072.0,861.0,330.0,57,160.9,Overpriced
Pending,300 NE 3rd Avenue Unit#1208S,NE 3rd Ave,Ombelle Fort Lauderdale,Downtown high-rise,Condo,745.0,False,647257.0,869.0,332.0,57,161.7,Overpriced
Active,505 NE 2nd Street Unit#25H,NE 2nd St,Viceroy Fort Lauderdale,Downtown high-rise,Condo,810.0,False,975000.0,1204.0,460.0,14,161.7,Overpriced
Active,2241 SE 17 Street Unit#704,SE 17 St,Azul,Intracoastal / canal waterfront,Condo,2718.0,True,5350000.0,1968.0,751.0,0,162.1,Overpriced
Pending,300 NE 3rd Avenue Unit#1107S,NE 3rd Ave,Ombelle Fort Lauderdale,Downtown high-rise,Condo,553.0,False,501522.0,907.0,344.0,57,163.7,Overpriced
Pending,300 NE 3rd Avenue Unit#1207S,NE 3rd Ave,Ombelle Fort Lauderdale,Downtown high-rise,Condo,553.0,False,507731.0,918.0,344.0,57,166.9,Overpriced
Active,516 Mola Avenue,Mola Ave,Venice,Finger-isle waterfront,Single Family,9995.0,True,39999999.0,4002.0,1496.0,0,167.5,Overpriced
Active,1545 SE 15th Unit#301,SE 15th,Lauderdale Harbours,Finger-isle waterfront,Condo,3555.0,True,3560000.0,1001.0,374.0,0,167.6,Overpriced
Active,2311 SE 17th Street Unit#202,SE 17th St,Habor Villa,Barrier island / beach,Condo,1645.0,True,3399000.0,2066.0,771.0,14,168.0,Overpriced
Active,505 NE 2nd Street Unit#34F,NE 2nd St,Viceroy Fort Lauderdale,Downtown high-rise,Condo,1162.0,False,1430000.0,1231.0,459.0,14,168.2,Overpriced
Pending,505 NE 2nd Street Unit#17C,NE 2nd St,Viceroy Fort Lauderdale,Downtown high-rise,Condo,1268.0,False,1560000.0,1230.0,454.0,14,170.9,Overpriced
Pending,300 NE 3rd Avenue Unit#1608S,NE 3rd Ave,Ombelle Fort Lauderdale,Downtown high-rise,Condo,745.0,False,671595.0,901.0,332.0,57,171.4,Overpriced
Active,401 N Birch Road Unit#714,N Birch Rd,Tiffany House,Barrier island / beach,Condo,826.0,False,780000.0,944.0,347.0,32,172.0,Overpriced
Active,501 SE 6th Avenue Unit#403,SE 6th Ave,Sixth&Rio,Intracoastal / canal waterfront,Condo,2296.0,True,3200000.0,1394.0,506.0,0,175.5,Overpriced
Active,300 NE 3rd Avenue Unit#1211s,NE 3rd Ave,Ombelle Fort Lauderdale,Downtown high-rise,Condo,1056.0,False,967032.0,916.0,332.0,57,175.9,Overpriced
Pending,300 NE 3rd Avenue Unit#1106S,NE 3rd Ave,Ombelle Fort Lauderdale,Downtown high-rise,Condo,477.0,False,461021.0,967.0,350.0,57,176.3,Overpriced
Active,505 NE 2nd Street Unit#15A,NE 2nd St,Viceroy Fort Lauderdale,Downtown high-rise,Condo,1649.0,False,2105000.0,1277.0,459.0,14,178.2,Overpriced
Active,2424 NE 9th St Unit#207,NE 9th St,Colonial Manor West Apart,Mainland inland,Condo,1209.0,False,399999.0,331.0,119.0,28,178.2,Overpriced
Active,300 NE 3rd Avenue Unit#606n,NE 3rd Ave,Ombelle Fort Lauderdale,Downtown high-rise,Condo,750.0,False,693941.0,925.0,332.0,57,178.6,Overpriced
Active,2500 E Las Olas Boulevard Unit#1901,E Las Olas Blvd,Marine Tower,Mainland inland,Condo,1397.0,False,975000.0,698.0,250.0,48,179.2,Overpriced
Pending,300 NE 3rd Avenue Unit#3307s,NE 3rd Ave,Ombelle Fort Lauderdale,Downtown high-rise,Condo,1305.0,False,1230022.0,943.0,317.0,57,197.5,Overpriced
Active,1700 NE 18th St,NE 18th St,Progresso,Mainland inland,Single Family,1323.0,False,2255000.0,1704.0,561.0,21,203.7,Overpriced
Active,2321 SE 17th Street Unit#401,SE 17th St,Harbor Beach,Barrier island / beach,Condo,2205.0,True,4999999.0,2268.0,730.0,14,210.7,Overpriced
Active,733 Middle River Drive,Middle River Dr,Sunrise Intracoastal,Intracoastal / canal waterfront,Single Family,11838.0,True,41900000.0,3539.0,1132.0,33,212.6,Overpriced
Active,614 NE 28th Street Unit#106,NE 28th St,Heron House,Mainland inland,Condo,695.0,False,379900.0,547.0,174.0,30,214.4,Overpriced
Pending,2241 SE 17th Street Unit#Ph2,SE 17th St,Azul Condominium,Intracoastal / canal waterfront,Condo,2878.0,True,7950000.0,2762.0,805.0,14,243.1,Overpriced
Active,300 NE 3rd Avenue Unit#2809s,NE 3rd Ave,Ombelle Fort Lauderdale,Downtown high-rise,Condo,2081.0,False,2453717.0,1179.0,343.0,57,243.7,Overpriced
Active,300 NE 3rd Avenue Unit#2703s,NE 3rd Ave,Ombelle Fort Lauderdale,Downtown high-rise,Condo,1605.0,False,1815447.0,1131.0,325.0,57,248.0,Overpriced
Pending,700 NE 20th Avenue,NE 20th Ave,Victoria Highlands,Intracoastal / canal waterfront,Single Family,1808.0,True,4900000.0,2710.0,776.0,6,249.2,Overpriced
Active,2500 Mercedes Dr,Mercedes Dr,Harbor Beach,Barrier island / beach,Single Family,6250.0,True,27500000.0,4400.0,1233.0,0,256.9,Overpriced
Active,505 NE 2nd Street Unit#38B,NE 2nd St,Viceroy Fort Lauderdale Viceroy,Downtown high-rise,Condo,2585.0,False,4410000.0,1706.0,468.0,14,264.5,Overpriced
Active,505 NE 2nd Street Unit#43A,NE 2nd St,Viceroy Fort Lauderdale Viceroy,Downtown high-rise,Condo,2540.0,False,4200000.0,1654.0,449.0,14,268.4,Overpriced
Active,534 HENDRICKS ISLE Unit#401,Hendricks Isle,View Pointe,Intracoastal / canal waterfront,Condo,1760.0,True,5519500.0,3136.0,839.0,32,273.8,Overpriced
Active,2617 Aqua Vista Boulevard,Aqua Vista Blvd,Aqua Vista,Intracoastal / canal waterfront,Single Family,3192.0,True,12900000.0,4041.0,1077.0,8,275.2,Overpriced
Active,511 SE 5th Ave Unit#11,SE 5th Ave,Nu River Landing,Intracoastal / canal waterfront,Condo,1233.0,True,1700000.0,1379.0,354.0,73,289.5,Overpriced
Active,2221 SE 17th St Unit#PH3,SE 17th St,Pier Sixty Six,Intracoastal / canal waterfront,Condo,5349.0,True,16000000.0,2991.0,742.0,14,303.1,Overpriced
Active,100 E Las Olas Boulevard Unit#4603,E Las Olas Blvd,Las Olas,Downtown high-rise,Condo,5281.0,False,10990000.0,2081.0,512.0,48,306.4,Overpriced
Active,314 SW 12th Street,SW 12th St,Croissant Park,Mainland inland,Single Family,1384.0,False,2500000.0,1806.0,444.0,17,306.8,Overpriced
Active,100 NE 5th St,NE 5th St,North Lauderdale,Mainland inland,Single Family,672.0,False,1000000.0,1488.0,355.0,12,319.2,Overpriced
Active,505 NE 2nd Street Unit#43C,NE 2nd St,Viceroy Fort Lauderdale,Downtown high-rise,Condo,1069.0,False,2205000.0,2063.0,479.0,14,330.7,Overpriced
Active,801 Seabreeze Boulevard Unit#1802,Seabreeze Blvd,St Regis Residences,Barrier island / beach,Condo,2611.0,True,5770625.0,2210.0,490.0,6,351.0,Overpriced
Active,801 Seabreeze Boulevard Unit#R 1509,Seabreeze Blvd,St Regis Residences,Barrier island / beach,Condo,1343.0,True,3088900.0,2300.0,489.0,6,370.3,Overpriced
Active,801 Seabreeze Boulevard Unit#601,Seabreeze Blvd,St Regis Residences,Barrier island / beach,Condo,3550.0,True,8375350.0,2359.0,493.0,6,378.5,Overpriced
Active,801 Seabreeze Boulevard Unit#R 1501,Seabreeze Blvd,St Regis Residences,Barrier island / beach,Condo,2278.0,True,5504582.0,2416.0,499.0,6,384.2,Overpriced
Active,801 Seabreeze Boulevard Unit#R 1604,Seabreeze Blvd,St Regis Residences,Barrier island / beach,Condo,1561.0,False,3400000.0,2178.0,380.0,6,473.2,Overpriced
Active,505 NE 2nd Street Unit#29B,NE 2nd St,Viceroy Fort Lauderdale,Downtown high-rise,Condo,1069.0,False,3780000.0,3536.0,523.0,14,576.1,Overpriced
Active,505 NE 2nd Street Unit#34A,NE 2nd St,Viceroy Fort Lauderdale,Downtown high-rise,Condo,1069.0,False,3675000.0,3438.0,500.0,14,587.6,Overpriced
Active,801 Seabreeze Boulevard Unit#Ph 2302,Seabreeze Blvd,St Regis Residences,Barrier island / beach,Condo,5777.0,True,20500000.0,3549.0,456.0,6,678.3,Overpriced
Active,801 Seabreeze Blvd Unit#PH2406,Seabreeze Blvd,St Regis Residences,Barrier island / beach,Condo,4982.0,True,22000000.0,4416.0,486.0,6,808.6,Overpriced
