"","MLS # Link","St","Area","Address","Subdivision/Complex","","List Price","Sale Price","#Beds","#FBaths","#HBaths","SqFt LA","Type of Property","Year Built","#Garage Spaces","Pool YN","Waterfront Property (Y/N)","Design","Lot SqFt"
"1","B26018972","A","3260","513 Middle River Drive","SUNRISE ","","$55,000,000","","6","11","4","15,079","Single","2026","8","Yes","Yes","","16,539"
"1","F10533058","A","3280","625 San Marco Drive","Coral Isles 15-60 B "," ","$44,995,000","","6","7","3","10,160","Single","2025","8","Yes","Yes","","19,164"
"1","B26035196","A","3260","733 Middle River Drive","Sunrise Intracoastal ","","$41,900,000","","6","7","4","11,838","Single","2023","4","Yes","Yes","","16,291"
"1","F10535487","A","3280","516 Mola Avenue","Venice 6-4 B ","","$39,999,999","","6","7","2","9,995","Single","2020","8","Yes","Yes","","37,526"
"1","A12002992","A","3280","2300 Aqua Vista Blvd","MERRITT ISLE "," ","$39,995,000","","7","6","1","¤8,132","Single","1990","2","Yes","Yes","Detached","¤49,581"
"1","B26018450","A","3170","1 Isla Bahia Drive","HARBOR BEACH  ","","$35,900,000","","6","8","5","14,000","Single","1998","4","Yes","Yes","","31,000"
"1","F10532343","A","3280","525 Isle Of Capri Drive","Las Olas ","","$35,000,000","","7","8","1","10,000","Single","2026","6","Yes","Yes","","14,070"
"1","A11941360","A","3260","725 Middle River Dr","SUNRISE ","","$33,000,000","","7","9","1","¤11,133","Single","2026","4","Yes","Yes","Attached","¤16,524"
"1","A11993711","A","3170","2560 Del Lago Dr","DEL LAGO ISLE ","","$29,995,000","","6","7","2","¤8,725","Single","2025","4","Yes","Yes","Detached","¤16,500"
"1","A11999689","A","3170","1400 W Lake Dr","LUCILLE ISLAND "," ","$29,900,000","","7","10","2","10,400","Single","2026","3","Yes","Yes","Attached","¤14,243"
"1","F10536066","A","3280","2716 Aqua Vista Boulevard","SEA ISLAND "," ","$28,000,000","","5","5","5","10,345","Single","2014","5","Yes","Yes","","26,266"
"1","A11800516","A","3170","2500 Mercedes Dr","HARBOR BEACH ","","$27,500,000","","7","6","1","¤6,250","Single","2005","3","Yes","Yes","Detached","¤21,256"
"1","F10530973","A","3170","2501 Del Lago Drive","Del Lago Isle 42-2 B "," ","$24,950,000","","6","7","0","8,343","Single","2026","4","Yes","Yes","","15,750"
"1","A11971979","A","3170","23 Isla Bahia Dr","ISLA BAHIA "," ","$24,900,000","","6","7","2","¤9,135","Single","2026","8","Yes","Yes","Detached","¤14,300"
"1","F10542976","A","3170","2430 Del Lago Drive","DEL LAGO ISLE "," ","$24,900,000","","7","7","2","10,428","Single","2010","3","Yes","Yes","","18,000"
"1","A11998718","A","3160","801 Seabreeze Blvd Unit#PH2406","St Regis Residences St Regis Residences","","$22,000,000","","4","4","1","¤4,982","Condo","2027","4","","Yes","",""
"1","B26016102","A","3260","671 Middle River Drive","SUNRISE ","","$21,900,000","","5","7","0","9,138","Single","2020","4","Yes","Yes","","16,787"
"1","B26016209","A","3600","1822 SE 9th Street","RIO VISTA "," ","$20,995,000","","7","8","1","8,600","Single","2026","4","Yes","Yes","","17,402"
"1","B26021303","A","3170","801 Seabreeze Boulevard Unit#Ph 2302","St Regis Residences ","","$20,500,000","","5","4","1","5,777","Condo","2028","4","No","Yes","","0"
"1","F10541059","A","3170","5 Isla Bahia Drive","Harbor Beach ","","$20,000,000","","7","6","2","8,923","Single","1988","3","Yes","Yes","","19,500"
"1","F10486487","A","3280","815 Idlewyld Drive","IDLEWYLD 1-19 B "," ","$19,950,000","","5","6","3","7,666","Single","1959","7","Yes","Yes","","35,195"
"1","B26037757","A","3170","70 Isla Bahia Drive","ISLA BAHIA ","","$18,950,000","","7","7","1","7,988","Single","2022","6","Yes","Yes","","12,500"
"1","A11948578","A","3170","51 Isla Bahia Dr","ISLA BAHIA "," ","$17,900,000","","6","6","2","¤11,496","Single","2026","17","Yes","Yes","Detached","¤20,520"
"1","F10525381","A","3280","515 Lido Drive","Coral Isles 15-68 B ","","$16,750,000","","6","7","2","7,877","Single","2026","4","Yes","Yes","","11,550"
"1","A11954141","A","3280","2221 SE 17th St Unit#PH3","Pier Sixty-Six Pier Sixty-Six","","$16,000,000","","5","5","1","¤5,349","Condo","2025","4","","Yes","",""
"1","F10527273","A","3260","1918 Intracoastal Drive","Coral Ridge North Add 24- "," ","$15,995,000","","5","5","2","6,567","Single","2025","5","Yes","Yes","","15,953"
"1","B26018696","A","3280","441 Isle Of Palms Drive","STILWELL ISLES ISLE OF PAL "," ","$15,950,000","","8","8","1","9,416","Single","2026","8","Yes","Yes","","12,999"
"1","A11989528","A","3280","650 Royal Plaza Dr","STILWELL ISLES "," ","$15,950,000","","7","8","2","¤9,252","Single","2019","4","Yes","Yes","Detached","¤15,720"
"1","A12000918","A","3260","1239 Middle River Dr","BEACH WAY HEIGHTS UNIT "," ","$15,495,000","","10","7","4","¤9,655","Single","2021","4","Yes","Yes","Detached","¤16,750"
"1","F10464361","A","3160","525 N Fort Lauderdale Beach Boulevard Unit#2201","Four Seasons Four Seasons"," ","$14,995,000","","4","5","1","5,766","Condo","2023","5","","Yes","","0"
"1","F10526814","A","3280","2533 Aqua Vista Boulevard","SEA ISLAND "," ","$14,995,000","","4","5","1","4,667","Single","2008","2","Yes","Yes","","10,182"
"1","A11974186","A","3160","3036 N Atlantic Blvd","LAUDERDALE BEACH "," ","$14,400,000","","5","7","0","¤3,672","Single","1991","2","Yes","Yes","Attached","¤8,210"
"1","A12028617","A","3470","700 SW 12th Ave","Riverside Park ","","$13,995,000","","6","6","2","¤6,658","Single","2026","3","Yes","Yes","Detached","33,605"
"1","F10550103","A","3160","2200 N Ocean Boulevard Unit#N1701/N1801","AUBERGE BEACH AUBERGE BEACH","","$13,850,000","","5","6","1","5,822","Condo","2018","4","","Yes","",""
"1","F10478232","A","3260","2893 NE 27th Street","Coral Ridge Galt Add 1 "," ","$13,500,000","","5","5","2","7,500","Single","2025","3","Yes","Yes","","9,553"
"1","B26035136","A","3160","701 N Fort Lauderdale Beach Boulevard Unit#A1","PARAMOUNT FT LAUDERDALE CO ","","$12,995,000","","4","5","1","5,525","Condo","2017","3","Yes","No","Penthouse","0"
"1","F10545536","A","3280","400 Mola Avenue","Venice 6-4 B "," ","$12,995,000","","6","6","1","6,036","Single","2022","3","Yes","Yes","","14,080"
"1","F10525584","A","3280","646 Flamingo Drive","Riviera 6-17 B ","","$12,950,000","","6","6","2","6,189","Single","2026","3","Yes","Yes","","10,000"
"1","F10555480","A","3280","2617 Aqua Vista Boulevard","AQUA VISTA "," ","$12,900,000","","4","3","0","3,192","Single","1970","2","Yes","Yes","",""
"1","B26037079","A","3260","1900 Intracoastal Drive","CORAL RIDGE NORTH ADD ","","$12,495,000","","5","5","2","6,139","Single","2021","3","Yes","Yes","","11,990"
"1","B26045892","A","3600","1719 SE 10th Street","RIO VISTA ISLES ","","$12,495,000","","5","5","2","7,171","Single","2017","3","Yes","Yes","","12,500"
"1","A11968183","A","3280","628 Coral Way","CORAL ISLES "," ","$12,490,000","","6","7","1","¤8,365","Single","2004","4","Yes","Yes","Detached","¤15,750"
"1","B26009709","A","3280","24 Fiesta Way","Nurmi Isles Island 3 "," ","$12,388,000","","6","5","1","6,479","Single","2026","3","Yes","Yes","Other","10,200"
"1","B26040724","A","3260","1529 Middle River Drive","CORAL RIDGE ","","$11,995,000","","6","7","2","6,718","Single","2021","3","Yes","Yes","","18,562"
"1","A11934670","A","3280","641 Flamingo Dr","RIVIERA "," ","$11,990,000","","6","7","2","","Single","2025","2","Yes","Yes","Detached","¤8,334"
"1","F10527276","A","3280","615 Idlewyld Drive","IDLEWYLD "," ","$11,900,000","","5","6","1","5,995","Single","1974","2","Yes","Yes","","23,520"
"1","B26014344","A","3160","101 S Fort Lauderdale Beach Boulevard Unit#2905","Las Olas Beach Club Condo ","","$11,295,000","","3","4","2","5,695","Condo","2007","2","Yes","Yes","Penthouse","0"
"1","B26054483","A","3160","2200 N Ocean Boulevard Unit#S1604/1605","Auberge ","","$10,995,000","","4","4","1","4,498","Condo","2018","4","No","Yes","Other, Substantially Remodeled","0"
"1","F10524829","A","3800","100 E Las Olas Boulevard Unit#4603","100 Las Olas Condo 100 Las Olas Condo","","$10,990,000","","5","6","1","5,281","Condo","2020","4","","No","",""
"1","A11977119","A","3260","2848 NE 26th Pl","CORAL RIDGE GALT ADD NO 1 ","","$10,500,000","","5","5","2","6,274","Single","2026","4","Yes","Yes","Detached","¤11,403"
"1","A11722674","A","3160","1 N Fort Lauderdale Beach Blvd Unit#2102","Ritz-Carlton Ritz-Carlton"," ","$10,495,000","","4","5","1","¤7,031","Condo","2007","2","","Yes","",""
"1","F10555189","A","3280","2508 Delmar Place","Gould Island 15-62 B "," ","$10,495,000","","5","7","1","6,590","Single","2026","3","Yes","Yes","","9,000"
"1","F10526818","A","3280","2437 Delmar Place","Gould Island 15-62 B "," ","$10,495,000","","5","7","2","7,393","Single","2016","3","Yes","Yes","","12,300"
"1","F10556501","A","3280","111 Fiesta Way","NURMI ISLES ISLAND NO 3 ","","$10,200,000","","6","7","1","6,303","Single","2026","4","Yes","Yes","","10,200"
"1","B26048947","A","3170","1313 Seabreeze Boulevard","HARBOR BEACH ","","$10,000,000","","9","8","1","9,501","Single","2018","6","Yes","No","","37,400"
"1","B26002652","A","3160","151 N Seabreeze Boulevard Unit#Ph2601-e","Selene Oceanfront Residenc "," ","$9,999,000","","3","4","1","5,183","Condo","2025","3","No","Yes","Penthouse","0"
"1","F10555561","A","3170","153 N Seabreeze Boulevard Unit#Ph 2601-s","Selene Selene"," ","$9,999,000","","4","5","1","5,435","Condo","2025","3","","Yes","","0"
"1","A11958201","A","3160","2200 N Ocean Blvd Unit#S1704/05","2200 FORT LAUDERDALE BEACH Auberge Beach Residences"," ","$9,995,000","","4","4","2","¤4,498","Condo","2019","4","","Yes","",""
"1","F10552711","A","3280","816 Riviera Isle Drive","RIVIERA ","","$9,900,000","","4","5","0","3,775","Single","2020","4","Yes","Yes","","12,500"
"1","A12000011","A","3260","2010 Intracoastal Dr","CORAL RIDGE NORTH "," ","$9,799,000","","5","6","1","¤4,991","Single","2024","3","Yes","Yes","Detached","¤10,426"
"1","F10539886","A","3260","2231 NE 15th Court","Bal Harbour 1st Add 43-9 ","","$9,700,000","","5","6","2","6,629","Single","2026","6","Yes","Yes","","8,889"
"1","A11892792","A","3160","2200 N Ocean Blvd Unit#S2301","2200 FORT LAUDERDALE BEAC Auberge Beach"," ","$9,500,000","","4","5","","4,365","Condo","2018","0","","Yes","",""
"1","F10533712","A","3280","720 Isle Of Palms Drive","Las Olas Isles "," ","$9,500,000","","6","6","2","8,206","Single","2012","3","Yes","Yes","","12,999"
"1","F10533620","A","3160","1813 N Fort Lauderdale Beach Boulevard","Birch Park Finger Estates "," ","$9,495,000","","5","5","1","4,619","Single","2024","3","Yes","Yes","","7,827"
"1","A11854040","A","3280","300 Royal Plaza Dr","STILWELL ISLES ","","$9,475,000","","7","6","0","¤7,674","Single","2015","3","Yes","Yes","Detached","¤12,506"
"1","F10526665","A","3280","2701 Aqua Vista Boulevard","Sea Island "," ","$9,250,000","","4","4","1","4,078","Single","1959","3","Yes","Yes","","12,259"
"1","A11987469","A","3280","440 Mola Ave","VENICE ","","$9,200,000","","6","5","","¤6,545","Single","2019","2","Yes","Yes","Attached","¤8,890"
"1","F10546291","A","3280","156 Fiesta Way","NURMI ISLES ISLAND NO 3 "," ","$8,999,000","","7","5","1","6,446","Single","2017","3","Yes","Yes","","11,400"
"1","F10486189","A","3280","2317 Delmar Place","Gould Island 15-62 B "," ","$8,995,000","","7","5","1","6,138","Single","2015","6","Yes","Yes","","11,700"
"1","F10526397","A","3600","1730 SE 13th Street","Lauderdale Harbors Sec A ","","$8,995,000","","5","5","1","5,950","Single","2024","2","Yes","Yes","",""
"1","A11787149","A","3170","2561 Lucille Dr","LUCILLE ISLAND "," ","$8,950,000","","5","4","1","¤5,299","Single","1982","2","Yes","Yes","Attached","¤11,875"
"1","B26013804","A","3280","520 San Marco Drive","Coral Isles 15-60 B "," ","$8,950,000","","6","7","1","6,363","Single","2001","3","Yes","Yes","Other, Substantially Remodeled","11,000"
"1","B26020529","A","3170","2200 Inlet Drive","Harbour Heights Add Amd 3 "," ","$8,900,000","","4","4","1","3,494","Single","1988","3","Yes","Yes","","12,500"
"1","B26050696","A","3600","1607 SE 14th Street","LAUDERDALE HARBORS SECTION ","","$8,650,000","","6","7","0","5,781","Single","2026","3","Yes","Yes","","7,700"
"1","B26031597","A","3280","39 Pelican Drive","PELICAN ISLE "," ","$8,399,000","","6","6","2","6,642","Single","2019","3","Yes","Yes","","12,926"
"1","F10532066","A","3170","801 Seabreeze Boulevard Unit#601","St Regis Residences St Regis Residences","","$8,375,350","","4","4","1","3,550","Condo","2028","2","No","Yes","","0"
"1","B26041859","A","3260","2863 NE 27th Street","CORAL RIDGE GALT ADD NO 1 ","","$8,300,000","","6","6","2","5,628","Single","2022","3","Yes","Yes","","10,004"
"1","A11909920","A","3160","2200 N Ocean Blvd Unit#N605","2200 FORT LAUDERDALE BEAC Auberge Beach","","$8,150,000","","4","4","1","¤3,767","Condo","2018","0","","Yes","",""
"1","A11921960","A","3280","709 Isle Of Palms Dr","STILWELL ISLES ISLES OF P ","","$7,999,999","","6","7","1","¤7,130","Single","2004","0","Yes","Yes","Detached",""
"1","B26019090","A","3260","2540 NE 22nd Terrace","NORTH BAL HARBOUR ","","$7,775,000","","5","6","3","6,273","Single","2027","2","Yes","Yes","","8,908"
"1","B26018932","A","3600","1605 SE 9th Street","RIO VISTA ISLES ","","$7,775,000","","4","5","0","3,544","Single","1958","2","Yes","Yes","","12,500"
"1","A12044873","A","3380","91 Fiesta Way","NURMI ISLES ISLAND NO 3 ","","$7,450,000","","7","7","1","¤6,184","Single","2023","3","Yes","Yes","Detached","¤10,200"
"1","B26021870","A","3260","2870 NE 24th Place","CORAL RIDGE GALT ADD "," ","$7,250,000","","5","5","0","5,003","Single","2017","2","Yes","Yes","","10,000"
"1","A11911271","A","3260","1319 Seminole Dr","BEACH WAY HEIGHTS UNIT ","","$7,200,000","","7","8","1","¤7,325","Single","1952","3","Yes","Yes","Detached","¤9,900"
"1","B26045239","A","3260","2718 NE 17th Street","CORAL RIDGE ","","$7,100,000","","6","6","2","5,015","Single","2019","3","Yes","Yes","Substantially Remodeled","12,500"
"1","F10525596","A","3600","1500 SE 14th Street","Lauderdale Harbors Sec A "," ","$6,999,999","","5","6","2","5,424","Single","2025","3","Yes","Yes","","8,800"
"1","F10554952","A","3160","1 N Fort Lauderdale Beach Boulevard Unit#Lp 2302","Ritz Carlton Ritz Carlton","","$6,995,000","","3","3","1","4,056","Condo","2007","2","No","Yes","","0"
"1","F10548222","A","3170","1965 SE 21st Avenue","HARBOUR HEIGHTS ","","$6,950,000","","6","6","1","5,565","Single","2004","2","Yes","Yes","","9,375"
"1","B26048790","A","3280","7 Pelican Drive","PELICAN ISLE ","","$6,900,000","","7","7","1","6,301","Single","2003","3","Yes","Yes","","13,012"
"1","A11996366","A","3280","620 Solar Isle Dr","RIVIERA Isles ","","$6,900,000","","4","5","1","¤3,949","Single","2025","2","Yes","Yes","Attached",""
"1","A11794024","A","3280","511 San Marco Dr","CORAL ISLES "," ","$6,900,000","","5","4","1","¤5,288","Single","1999","3","Yes","Yes","Detached","¤11,000"
"1","A11999581","A","3280","540 Lido Dr","CORAL ISLES ","","$6,895,000","","4","5","","¤5,973","Single","1991","2","Yes","Yes","Attached",""
"1","B26042316","A","","521 E Las Olas Boulevard Unit#4003/4004","Andare by Pininfarina ","","$6,843,500","","5","5","1","4,320","Condo","2027","4","No","No","Penthouse","0"
"1","F10533913","A","3160","525 N Fort Lauderdale Beach Boulevard Unit#1801","Four Seasons Four Seasons","","$6,750,000","","3","3","1","2,634","Condo","2022","3","","Yes","",""
"1","B26034598","A","3280","163 Nurmi Drive","NURMI ISLES ISLAND NO 2 ","","$6,600,000","","4","4","1","4,279","Single","1964","2","Yes","Yes","","14,400"
"1","F10548190","A","3260","2035 Intracoastal Drive","Coral Ridge North 28-37 B ","","$6,500,000","","7","7","1","6,147","Single","2026","3","Yes","No","","13,339"
"1","R11066915","A","3260","2627 NE 14th Street","CORAL RIDGE ","","$6,499,500","","5","6","1","6,630","Single","2026","3","Yes","No","Garden Apartment","15,049"
"1","F10525787","A","3280","500 Hendricks Isle Unit#PH","Lumiere Lumiere","","$6,499,500","","4","5","1","5,914","Condo","2026","2","","Yes","",""
"1","B26043993","A","3280","704 Isle Of Palms Drive","STILWELL ISLES ISLES OF PA ","","$6,495,000","","4","5","1","6,110","Single","2000","3","Yes","Yes","","12,999"
"1","B26002017","A","3280","424 Coconut Isle Drive","Venice 8-12 B "," ","$6,495,000","","5","6","1","5,301","Single","2021","4","Yes","Yes","",""
"1","A12009561","A","3160","2200 N Ocean Blvd Unit#S1701","Auberge Residence and Spa Auberge Residence and Spa"," ","$6,399,000","","3","5","0","¤3,301","Condo","2018","2","","Yes","",""
"1","B26040792","A","3260","2740 NE 17th Street","CORAL RIDGE ","","$6,300,000","","5","5","1","6,189","Single","1989","2","Yes","Yes","","12,500"
"1","A12040453","A","3280","2601 Delmar Pl","GOULD ISLAND ","","$6,250,000","","5","6","1","¤6,019","Single","2004","4","Yes","Yes","Detached","¤12,000"
"1","B26029395","A","3170","1212 E Lake Drive","HARBOR BEACH "," ","$6,150,000","","5","5","1","5,917","Single","2005","3","Yes","No","","12,947"
"1","F10531300","A","3160","2401 N Atlantic Boulevard","LAUDERDALE BEACH "," ","$5,995,000","","4","3","1","4,283","Single","2013","2","Yes","No","","8,500"
"1","F10519562","A","3170","2000 Harbourview Drive","Harbour Heights Add 35-21 "," ","$5,995,000","","5","5","1","4,964","Single","2025","3","Yes","No","","8,500"
"1","A12050819","A","3080","168 Fiesta Way","NURMI ISLES ISLAND NO 3 ","","$5,990,000","","5","5","1","¤4,632","Single","1998","2","Yes","Yes","Detached","¤10,800"
"1","B26051871","A","3470","1304 SW 9th Street","RIVERSIDE ADD AMEN PLAT ","","$5,950,000","","5","6","0","5,600","Single","2019","4","Yes","Yes","","15,748"
"1","A12054124","A","3280","534 HENDRICKS ISLE Unit#PH","VIEW POINTE VIEW POINTE","","$5,890,000","","4","4","1","3,383","Condo","2027","1","","Yes","",""
"1","A11924942","A","3280","310 SE 11th Ave","HIMMARSHEE PARK "," ","$5,890,000","","5","5","","¤6,058","Single","2016","2","Yes","Yes","Attached","¤9,081"
"1","B26040248","A","","333 Las Olas Way Unit#4206","LAS OLAS RIVER HOUSE CONDO ","","$5,800,000","","5","5","1","8,329","Condo","2004","3","No","No","Penthouse, Substantially Remodeled","0"
"1","A12029242","A","3160","3318 NE 16th Pl","LAS OLAS BY THE SEA EXT "," ","$5,800,000","","5","7","","4,644","Single","2026","2","Yes","No","Attached","¤8,107"
"1","B26014287","A","3280","334 Isle Of Capri Drive","CAPRI OF VENICE "," ","$5,790,000","","4","3","0","3,298","Single","2021","2","Yes","Yes","","8,800"
"1","B26043295","A","3170","801 Seabreeze Boulevard Unit#1802","St Regis Residences ","","$5,770,625","","3","3","1","2,611","Condo","2028","2","No","Yes","","0"
"1","B26026950","A","3280","124 Hendricks Isle Unit#Ph401","ONE24 RESIDENCES CONDO  ","","$5,695,000","","4","4","1","4,456","Condo","2023","2","No","Yes","","0"
"1","A11924597","A","3260","2809 NE 24th Pl","CORAL RIDGE GALT ADD "," ","$5,599,999","","4","4","0","¤4,255","Single","2019","3","Yes","Yes","Attached","¤9,237"
"1","A12054094","A","3280","534 HENDRICKS ISLE Unit#401","VIEW POINTE VIEW POINTE","","$5,519,500","","4","4","1","1,760","Condo","2027","1","","Yes","",""
"1","B26043324","A","3170","801 Seabreeze Boulevard Unit#R 1501","St Regis Residences ","","$5,504,582","","3","3","1","2,278","Condo","2028","3","No","Yes","","0"
"1","A11929475","A","3260","1349 Middle River Dr","BEACH WAY HEIGHTS UNIT "," ","$5,500,000","","5","5","1","¤4,711","Single","1950","0","Yes","Yes","Detached","¤14,683"
"1","B26029480","A","3260","2856 NE 25th Street","CORAL RIDGE  ","","$5,495,000","","4","4","1","4,795","Single","2007","3","Yes","Yes","","10,000"
"1","B26012844","A","3280","2406 Barcelona Drive","SEA ISLAND "," ","$5,495,000","","5","6","0","5,377","Single","2004","3","Yes","Yes","","10,417"
"1","A11993646","A","3260","2815 NE 26th Pl","CORAL RIDGE GALT ADD NO 1 "," ","$5,450,000","","3","3","0","¤2,690","Single","2017","2","Yes","Yes","Attached","¤12,004"
"1","F10535105","A","3160","2200 N Ocean Boulevard Unit#N501","AUBERGE BEACH AUBERGE BEACH"," ","$5,445,000","","3","5","0","3,422","Condo","2018","2","","Yes","","0"
"1","F10532978","A","3160","1 N Fort Lauderdale Beach Boulevard Unit#1801 / 1808","Ritz Carlton Ritz Carlton","","$5,400,000","","4","4","2","3,784","Condo","2007","4","No","Yes","","0"
"1","F10535764","A","3160","153 N Seabreeze Boulevard Unit#2202-S","SELENE OCEANFRONT RESIDEN SELENE OCEANFRONT RESIDEN"," ","$5,399,000","","4","3","1","3,240","Condo","2025","2","","Yes","",""
"1","B26023504","A","3280","633 4th Key Drive","SUNRISE KEY ","","$5,395,000","","4","3","0","3,388","Single","1969","2","Yes","Yes","Ranch, Substantially Remodeled","11,669"
"1","B26015166","A","3280","609 Poinciana Drive","IDLEWYLD RESUB BLKS 8 TO 1 ","","$5,395,000","","4","4","1","4,539","Single","2022","2","Yes","Yes","","6,250"
"1","F10552702","A","3160","525 N Fort Lauderdale Beach Boulevard Unit#901","Four Seasons Four Seasons"," ","$5,350,000","","2","2","1","2,184","Condo","2022","2","No","Yes","","0"
"1","R11132910","A","3260","2609 NE 27th Way","Coral Ridge "," ","$5,350,000","","5","5","2","4,714","Single","2026","2","Yes","No","Garden Apartment","10,000"
"1","F10538063","A","3280","2241 SE 17 Street Unit#704","Azul Azul"," ","$5,350,000","","3","3","1","2,718","Condo","2025","2","","Yes","",""
"1","B26005866","A","3600","1032 SE 12th Way","RIO VISTA ISLES "," ","$5,350,000","","5","5","1","4,516","Single","2024","2","Yes","No","","9,375"
"1","F10533878","A","3170","2241 SE 17th Street Unit#601","Pier sixty six Pier sixty six"," ","$5,300,000","","3","3","1","2,878","Condo","2024","2","","Yes","","0"
"1","B26015892","A","3280","701 Flamingo Drive","RIVIERA ISLES ","","$5,250,000","","5","5","1","3,664","Single","2018","2","Yes","Yes","","7,500"
"1","F10540750","A","3260","900 Intracoastal Drive Unit#2401","Sage Intracoastal Sage Intracoastal"," ","$5,188,355","","4","4","1","3,216","Condo","2025","2","","Yes","","0"
"1","A11984221","A","3600","1701 SE 10th St","RIO VISTA ISLES ","","$5,000,000","","4","4","1","¤4,240","Single","2003","2","Yes","Yes","Detached","¤9,375"
"1","B26038158","A","3170","2321 SE 17th Street Unit#401","Harbor Beach ","","$4,999,999","","3","3","1","2,205","Condo","2024","2","No","Yes","Penthouse","0"
"1","F10555569","A","3160","151 N Seabreeze Blv Unit#E-2501","SELENE OCEANFRONT RESIDEN SELENE OCEANFRONT RESIDEN"," ","$4,999,000","","3","4","0","3,112","Condo","2025","2","","Yes","","0"
"1","F10550466","A","3260","1180 N Federal Highway Unit#Ph-1606","RIVA RIVA","","$4,995,000","","3","3","1","4,267","Condo","2018","2","No","Yes","","0"
"1","B26010401","A","3270","506 Victoria Terrace","VICTORIA PARK RE-AMENDED P ","","$4,995,000","","7","4","0","5,086","Single","1946","2","Yes","Yes","Old Spanish","8,331"
"1","A11976245","A","3420","2101 NE 20th Ave","SOUTH CORAL POINT ","","$4,995,000","","3","3","0","¤2,650","Single","2016","2","Yes","Yes","Attached","¤8,279"
"1","B26013470","A","3260","2406 NE 13th Court","BEACH WAY HEIGHTS UNIT "," ","$4,975,000","","5","6","0","4,595","Single","2025","5","Yes","No","","13,000"
"1","B26017364","A","3160","3017 N Atlantic Boulevard","LAUDERDALE BEACH "," ","$4,900,000","","6","6","1","4,620","Single","2010","2","Yes","No","","9,002"
"1","A11908847","A","3260","1180 N Federal Hwy Unit#PH-1602","RIVA CONDOMINIUM Riva"," ","$4,897,000","","4","4","1","¤3,832","Condo","2018","2","","Yes","",""
"1","B26013850","A","3600","1550 Ponce De Leon Drive","RIO VISTA ISLES ","","$4,895,000","","5","5","1","4,040","Single","2025","3","Yes","No","","9,024"
"1","R11025419","A","3260","2737 NE 18th Street","CORAL RIDGE NORTH ADD ","","$4,850,000","","5","5","1","4,770","Single","2025","3","Yes","No","Garden Apartment","10,001"
"1","F10466250","A","3160","3325 NE 18th","LAS OLAS BY THE SEA "," ","$4,800,000","","5","5","1","5,000","Single","2021","118","Yes","No","",""
"1","B26052049","A","3600","1329-2 SE 13th Terrace","LAUDERDALE HARBORS ","","$4,790,000","","6","6","0","5,518","Single","2011","2","Yes","No","","14,000"
"1","A11945995","A","3160","101 S Fort Lauderdale Beach Blvd Unit#2601","LAS OLAS BEACH CLUB CONDO Las Olas Beach Club","","$4,750,000","","3","3","1","¤4,320","Condo","2008","3","","Yes","",""
"1","B26043868","A","3280","2611 Clematis Place","IDLEWYLD ","","$4,700,000","","5","5","1","4,594","Single","2025","2","Yes","No","","7,500"
"1","F10526313","A","3160","525 N Fort Lauderdale Beach Boulevard Unit#1101","Four Seasons Four Seasons"," ","$4,650,000","","2","2","1","2,189","Condo","2022","2","","Yes","","0"
"1","B26007347","A","3260","2625 NE 29th Court","CORAL RIDGE GALT ADD NO 1 "," ","$4,650,000","","5","5","0","4,752","Single","2026","3","Yes","No","","11,588"
"1","B26039871","A","3170","153 N Seabreeze Blvd Unit#1602","Selene Oceanfront Residenc ","","$4,599,000","","3","4","0","3,240","Condo","2025","2","No","Yes","","0"
"1","A12015510","A","3160","525 N Fort Lauderdale Beach Blvd Unit#702","Four Seasons Four Seasons","","$4,595,000","","2","3","0","¤2,230","Condo","2022","2","","Yes","",""
"1","B26040973","A","3160","525 N Fort Lauderdale Beach Boulevard Unit#1903","Four Seasons ","","$4,500,000","","2","2","1","2,083","Condo","2022","2","No","Yes","","0"
"1","A12022541","A","3160","2701 N Atlantic Blvd","LAUDERDALE BEACH ","","$4,500,000","","4","3","1","¤3,084","Single","1950","2","Yes","No","Attached","¤9,334"
"1","A11999679","A","3160","2613 Center Ave","LAUDERDALE BEACH "," ","$4,500,000","","5","6","","","Single","2026","2","Yes","No","Detached","¤7,439"
"1","F10511849","A","3170","701 N Fort Lauderdale Beach Boulevard Unit#902","PARAMOUNT FT LAUDERDALE C PARAMOUNT FT LAUDERDALE C","","$4,500,000","","4","4","1","3,204","Condo","2017","2","","Yes","",""
"1","B26045711","A","3370","2249 Lazy Lane","LAZY LAKE ","","$4,500,000","","3","4","1","4,857","Single","1967","2","Yes","Yes","","39,865"
"1","F10540658","A","3160","151 N Seabreeze Boulevard Unit#1601-East","SELENE OCEANFRONT RESIDENC SELENE OCEANFRONT"," ","$4,499,900","","4","4","0","3,122","Condo","2025","2","No","Yes","","0"
"1","F10523446","A","3170","1 Las Olas Circle Unit#1501","Venetian Condominium Venetian Condominium","","$4,499,000","","3","4","1","3,425","Condo","1971","2","","Yes","",""
"1","B26025959","A","3280","1625 SE 1st Street","COLEE HAMMOCK ","","$4,499,000","","5","5","1","4,594","Single","2025","2","Yes","No","","6,250"
"1","A11853568","A","3160","525 N Fort Lauderdale Beach Blvd Unit#802","Four Seasons Four Seasons","","$4,495,000","","2","3","","2,237","Condo","2022","2","","Yes","",""
"1","A11964957","A","3170","3055 Harbor Dr Unit#2102","HARBOURAGE PLACE CONDO HARBOURAGE PLACE CONDO","","$4,495,000","","3","4","1","¤4,043","Condo","1998","3","","Yes","",""
"1","F10537658","A","3170","153  N Seabreeze Boulevard Unit#902","SELENE OCEANFRONT RESIDENC SELENE OCEANFRONT RESIDEN"," ","$4,448,000","","4","3","1","3,240","Condo","2025","2","No","No","","0"
"1","A11936621","A","3700","505 NE 2nd Street Unit#38B","Viceroy Fort Lauderdale Viceroy"," ","$4,410,000","","4","4","1","2,585","Condo","2025","3","","No","",""
"1","A12037637","A","3260","2832 NE 24th Ct","CORAL RIDGE GALT ADD ","","$4,395,000","","3","3","","3,500","Single","2025","2","Yes","Yes","Attached","¤10,000"
"1","B26046594","A","3270","450 Victoria Terrace","VICTORIA PARK ","","$4,395,000","","5","4","1","4,042","Single","2007","2","Yes","Yes","","10,528"
"1","F10556117","A","3280","717 Solar Isle Drive","Las Olas Isles "," ","$4,395,000","","4","4","1","4,125","Single","2008","2","Yes","Yes","","7,500"
"1","A12047921","A","3160","551 Bayshore Drive Unit#507D","The Ritz- Carlton FTL The Ritz-Carlton FTL","","$4,339,000","","3","3","1","2,940","Condo","2029","1","","Yes","",""
"1","F10544126","A","3160","151 N Seabreeze Boulevard Unit#1101-e","SELENE OCEANFRONT RESIDEN SELENE OCEANFRONT RESIDEN","","$4,299,000","","3","4","0","3,122","Condo","2025","2","","Yes","","0"
"1","A12021571","A","3270","528 NE 13th Ave","Victoria Park ","","$4,200,000","","6","7","1","","Single","2026","2","Yes","No","Detached","¤7,800"
"1","A11936666","A","3700","505 NE 2nd Street Unit#43A","Viceroy Fort Lauderdale Viceroy"," ","$4,200,000","","3","3","1","2,540","Condo","2025","2","","No","",""
"1","B26029358","A","3600","1016 SE 8th Street","RIO VISTA C J HECTORS RESU ","","$4,195,000","","5","5","1","3,907","Single","2026","2","Yes","No","","6,250"
"1","A12048735","A","3600","801 SE 11th Ct","RIO VISTA ISLES ","","$4,150,000","","5","5","","¤4,390","Single","2025","2","Yes","No","Attached","¤8,674"
"1","A11970436","A","3260","2225 NE 19th St","NORTH BAL HARBOUR "," ","$4,100,000","","4","4","1","¤3,258","Single","2024","2","Yes","Yes","Detached","¤8,800"
"1","B26045617","A","3260","2415 Middle River Drive","CORAL RIDGE GALT ADD ","","$4,095,000","","4","5","0","4,121","Single","2011","2","Yes","Yes","",""
"1","B26042311","A","3160","525 N Fort Lauderdale Beach Boulevard Unit#602","Four Seasons ","","$4,000,000","","2","3","0","2,034","Condo","2022","1","No","No","","0"
"1","F10556530","A","3370","20 NE 24th Street","LAZY LAKE ","","$4,000,000","","4","5","0","3,550","Single","2026","3","Yes","Yes","","21,400"
"1","B26018604","A","3260","2421 NE 12th Street","BEACH WAY HEIGHTS UNIT "," ","$3,999,999","","6","5","1","4,670","Single","1950","2","Yes","No","","15,747"
"1","F10525143","A","3170","1518 E Lake Drive","HARBOR BEACH "," ","$3,995,000","","4","4","1","3,781","Single","1996","3","Yes","No","","14,613"
"1","F10498701","A","3600","1125 SE 9th Street","Rio Vista ","","$3,995,000","","5","5","1","3,985","Single","2026","2","Yes","No","",""
"1","A11980317","A","3260","2500 Middle River Dr","CORAL RIDGE GALT ADD "," ","$3,990,000","","5","5","1","¤4,325","Single","2024","3","Yes","No","Attached","¤11,825"
"1","F10493131","A","3280","411 N New River Drive Unit#PH 39A","Las Olas Grand Las Olas Grand","","$3,975,000","","4","3","1","3,700","Condo","2005","3","","Yes","",""
"1","B26044771","A","3280","87 Isle Of Venice Drive Unit#402s","NURMI ISLES ISLAND NO 4 ","","$3,972,320","","4","4","1","2,960","Condo","2026","2","No","Yes","","0"
"1","B26044780","A","3280","87 Isle Of Venice Drive Unit#401n","NURMI ISLES ISLAND NO 4 ","","$3,944,138","","4","4","1","2,939","Condo","2026","2","No","Yes","","0"
"1","B26012754","A","","100 E Las Olas Boulevard Unit#4301","100 LAS OLAS CONDO ","","$3,900,000","","4","4","1","3,896","Condo","2020","2","No","No","","0"
"1","F10543702","A","3160","2200 N Ocean Boulevard Unit#S706","AUBERGE BEACH AUBERGE BEACH"," ","$3,900,000","","3","2","1","2,792","Condo","2019","2","","Yes","",""
"1","B26027542","A","3260","1624 Middle River","CORAL RIDGE ","","$3,900,000","","4","4","1","3,142","Single","2027","3","Yes","No","","11,946"
"1","R11130394","A","3160","525 N Fort Lauderdale Beach Boulevard Unit#1505","Four Seasons ","","$3,895,000","","2","2","1","1,597","Condo","2022","1","Yes","Yes","",""
"1","B26018484","A","3170","1200 Holiday Drive Unit#1003","COCONUT GROVE RESIDENCES ","","$3,895,000","","2","2","1","3,200","Condo","2007","2","No","Yes","","0"
"1","F10556787","A","3270","1629 NE 6th Street","Victoria Park ","","$3,850,000","","5","5","0","4,363","Single","2026","2","Yes","No","","6,050"
"1","A12047834","A","3160","551 Bayshore Drive Unit#901C","Ritz-Carlton Residences RC Fort Lauderdale","","$3,832,000","","2","2","1","2,400","Condo","2029","1","","Yes","",""
"1","B26044766","A","3280","87 Isle Of Venice Drive Unit#302s","NURMI ISLES ISLAND NO 4 ","","$3,827,280","","4","4","1","2,939","Condo","2026","2","No","Yes","","0"
"1","R11141586","A","3280","87 Isle Of Venice Drive Unit#301n","NURMI ISLES ISLAND NO 4 "," ","$3,800,127","","4","4","1","2,939","Condo","2026","2","No","Yes","High Rise","0"
"1","A11935131","A","3700","505 NE 2nd Street Unit#29B","Viceroy Fort Lauderdale Viceroy Fort Lauderdale"," ","$3,780,000","","4","4","1","","Condo","2029","3","","No","",""
"1","A12033027","A","3280","2311 Delmar Pl","GOULD ISLAND ","","$3,750,000","","3","2","0","¤2,178","Single","1956","0","Yes","Yes","Attached","¤9,000"
"1","B26022097","A","3600","1630 SE 11th Street","RIO VISTA ISLES "," ","$3,750,000","","4","4","0","2,545","Single","2000","2","Yes","Yes","Substantially Remodeled","8,750"
"1","F10544911","A","3600","1036 SE 12th Way","RIO VISTA ","","$3,750,000","","4","4","1","4,003","Single","2012","2","Yes","No","","12,366"
"1","A11938874","A","3600","1117 SE 9th St","RIO VISTA C J HECTORS RES "," ","$3,750,000","","6","4","","¤4,487","Single","2026","2","Yes","No","Detached","¤6,250"
"1","F10548175","A","3480","1205 Avocado Isle","South New River Isles Sec "," ","$3,749,990","","6","5","0","4,311","Single","2026","2","Yes","Yes","","7,950"
"1","F10525815","A","3280","500 Hendricks Isle Unit#4N","Lumiere Lumiere","","$3,740,000","","3","3","1","2,941","Condo","2026","2","","Yes","",""
"1","R11141579","A","3280","87 Isle Of Venice Drive Unit#202s","NURMI ISLES ISLAND NO 4 "," ","$3,726,640","","4","4","1","2,960","Condo","2026","2","No","Yes","High Rise","0"
"1","F10539864","A","3260","900 Intracoastal Drive Unit#602","Sage Intracoastal Sage Intracoastal"," ","$3,715,185","","4","4","1","3,191","Condo","2025","2","","Yes","","0"
"1","B26044537","A","3280","87 Isle Of Venice Drive Unit#201n","NURMI ISLES ISLAND NO 4 ","","$3,700,201","","4","4","1","2,939","Condo","2026","2","No","Yes","","0"
"1","F10546792","A","3160","2200 N Ocean Boulevard Unit#S-906","AUBERGE BEACH RESIDENCES AUBERGE BEACH RESIDENCES"," ","$3,700,000","","3","3","1","2,661","Condo","2018","2","","Yes","",""
"1","B26002047","A","3160","151 N Seabreeze Boulevard Unit#E1504","Selene "," ","$3,699,000","","3","4","1","2,901","Condo","2025","","No","Yes","","0"
"1","A11935121","A","3700","505 NE 2nd Street Unit#34A","Viceroy Fort Lauderdale Viceroy Fort Lauderdale"," ","$3,675,000","","3","3","1","","Condo","2029","2","","No","",""
"1","R11132104","A","3170","1200 Holiday Drive Unit#602","COCONUT GROVE RESIDENCES O "," ","$3,600,000","","3","3","1","2,654","Condo","2007","2","No","Yes","High Rise",""
"1","B26041207","A","3280","323 Hendricks Isle","VICTORIA ISLES ","","$3,600,000","","4","4","1","3,395","Townhouse","2025","1","Yes","Yes","","3,125"
"1","B26041203","A","3280","321 Hendricks Isle","VICTORIA ISLES ","","$3,600,000","","4","4","1","3,395","Townhouse","2025","1","Yes","Yes","","3,125"
"1","A11956456","A","3280","405 Bontona Ave","VENICE RESUB OF BLKS 5 & "," ","$3,595,000","","4","2","1","¤3,342","Single","1984","2","Yes","Yes","Attached","¤9,487"
"1","A12056340","A","3600","1545 SE 15th Unit#301","Lauderdale Harbours The Watermark on Fifteen","","$3,560,000","","3","4","","3,555","Condo","2027","2","","Yes","",""
"1","F10525767","A","3280","500 Hendricks Isle Unit#3n","Lumiere Lumiere","","$3,510,000","","3","3","1","2,941","Condo","2026","2","","Yes","","0"
"1","A11984641","A","3160","525 N Fort Lauderdale Beach Blvd Unit#1705","Four Seasons Four Seasons","","$3,500,000","","2","2","1","¤1,948","Condo","2023","2","","Yes","",""
"1","F10544550","A","3160","525 N Fort Lauderdale Beach Boulevard Unit#1204","Four Seasons Four Seasons"," ","$3,500,000","","2","3","0","2,069","Condo","2022","1","","Yes","",""
"1","A11972758","A","3170","2200 S OCEAN LN Unit#3009-10","POINT OF AMERICAS POINT OF AMERICAS"," ","$3,500,000","","4","4","","3,644","Condo","1971","2","","Yes","",""
"1","B26006759","A","3260","607 Intracoastal Drive","SUNRISE INTRACOASTAL "," ","$3,500,000","","4","3","0","3,920","Single","1990","3","Yes","No","","12,500"
"1","A11950132","A","3260","2130 NE 15th St","LAUDER GATE ISLES ","","$3,499,000","","4","3","0","¤3,150","Single","1961","0","Yes","Yes","Attached","¤11,892"
"1","B26016165","A","3260","2878 NE 26th Street","CORAL RIDGE GALT ADD "," ","$3,495,000","","6","4","0","3,583","Single","1956","","Yes","Yes","Split Level","10,000"
"1","B26032078","A","3280","325 Poinciana Drive","IDLEWYLD ","","$3,495,000","","3","3","0","2,453","Single","1985","2","No","Yes","Substantially Remodeled","5,604"
"1","F10544112","A","3280","21 Isle Of Venice Drive Unit#301","AquaMar Las Olas AquaMar Las Olas","","$3,495,000","","4","3","1","3,308","Condo","2017","2","","Yes","","0"
"1","F10500686","A","","521 E Las Olas Boulevard Unit#1401","Andare by Pininfarina Andare","","$3,465,100","","4","4","0","2,502","Condo","2026","2","No","No","","0"
"1","A11980724","A","3270","433 NE 11th Ave","Victoria Park "," ","$3,450,000","","4","4","1","¤4,361","Single","2026","2","Yes","No","Attached","¤6,500"
"1","B26034173","A","3270","1765 NE 6th Court","VICTORIA PARK CORR AMEN PL ","","$3,449,000","","4","4","1","3,888","Single","2026","2","Yes","No","","6,088"
"1","B26039799","A","3600","918 SE 8th Street","RIO VISTA C J HECTORS RESU "," ","$3,449,000","","5","5","1","3,921","Single","2018","2","Yes","No","","6,250"
"1","F10525820","A","3280","500 Hendricks Isle Unit#4S","Lumiere Lumiere","","$3,430,000","","3","3","1","2,811","Condo","2026","2","","Yes","",""
"1","A11952532","A","3113","720 SE 7th St","RIO VISTA C J HECTORS RES ","","$3,400,000","","5","5","1","¤4,150","Single","2026","2","Yes","No","Attached","¤6,250"
"1","B26042308","A","3170","525 N Fort Lauderdale Beach Boulevard Unit#1605","Four Seasons ","","$3,400,000","","2","2","1","1,794","Condo","2022","2","No","No","","0"
"1","B26019930","A","3170","801 Seabreeze Boulevard Unit#R 1604","St Regis Residences ","","$3,400,000","","2","2","1","1,561","Condo","2028","2","No","No","","0"
"1","B26043757","A","3260","2719 NE 19th Street","CORAL RIDGE NORTH ADD ","","$3,400,000","","5","5","0","4,284","Single","1980","2","Yes","No","","10,001"
"1","F10534526","A","3270","607 NE 17th Avenue","VICTORIA PARK ","","$3,400,000","","4","4","1","4,694","Single","2026","2","Yes","No","","6,803"
"1","F10492178","A","3170","2311 SE 17th Street Unit#202","Habor Villa 1 Habor Villa 1"," ","$3,399,000","","3","3","0","1,645","Condo","2024","2","No","Yes","","0"
"1","A11999194","A","3260","2832 NE 26th St","CORAL RIDGE GALT ADD "," ","$3,397,000","","3","3","1","¤2,722","Single","1955","2","Yes","Yes","Attached","¤10,000"
"1","B26051844","A","3270","728 NE 17th Terrace","Victoria Park ","","$3,395,000","","5","5","1","4,104","Single","2025","2","Yes","No","","7,562"
"1","F10549563","A","3160","153 N Seabreeze Unit#1901-s","Selene Oceanfront Selene Oceanfront"," ","$3,350,000","","2","3","1","2,315","Condo","2025","2","","Yes","","0"
"1","F10525700","A","3280","500 Hendricks Isle Unit#2N","Lumiere Lumiere","","$3,350,000","","3","3","1","2,925","Condo","2026","2","","Yes","",""
"1","R11159132","A","3470","1201 Mandarin Isle","SOUTH NEW RIVER ISLES ","","$3,350,000","","4","4","0","3,795","Single","2024","2","Yes","Yes","","6,890"
"1","F10533355","A","3800","100 E Las Olas Boulevard Unit#4001","100 Las Olas 100 Las Olas"," ","$3,299,000","","4","4","1","3,626","Condo","2020","2","","No","",""
"1","F10476701","A","3270","445 NE 11th Avenue","Halls Add 1-134 D ","","$3,295,000","","4","4","1","3,407","Single","2025","2","Yes","No","","7,000"
"1","B26028514","A","3280","325 Coconut Isle Drive","Las Olas Isles ","","$3,295,000","","3","2","0","2,450","Single","1961","","Yes","Yes","","6,250"
"1","B26051625","A","3600","1329 SE 13th Terrace","LAUDERDALE HARBORS ","","$3,295,000","","4","4","0","4,061","Single","2011","2","Yes","No","","7,000"
"1","B26025583","A","3160","435 Bayshore Drive Unit#302","ADAGIO FORT LAUDERDALE BEA ","","$3,250,000","","3","3","1","2,759","Condo","2020","2","No","Yes","","0"
"1","B26047141","A","3170","1958 Harbourview Drive","HARBOUR HEIGHTS ADD ","","$3,250,000","","5","5","0","4,565","Single","2007","2","Yes","No","Substantially Remodeled","7,500"
"1","A12028560","A","3270","428 NE 17th Ave","VICTORIA PARK CORR AMEN P ","","$3,225,000","","5","5","0","¤1,155","Single","2026","2","Yes","No","Attached","¤5,826"
"1","F10525776","A","3280","500 Hendricks Isle Unit#3S","Lumiere Lumiere","","$3,220,000","","3","3","1","2,811","Condo","2026","2","","Yes","",""
"1","B26023060","A","3280","170 Isle Of Venice Drive","NURMI ISLES ISLAND NO 4 ","","$3,200,000","","3","3","1","4,070","Townhouse","2009","2","Yes","Yes","","3,600"
"1","A11859670","A","3600","501 SE 6th Avenue Unit#403","Sixth&Rio Sixth&Rio","","$3,200,000","","4","3","","¤2,296","Condo","2026","2","","Yes","",""
"1","B26029764","A","3270","719 N Victoria Park Road","VICTORIA HIGHLANDS AMD PLA ","","$3,199,000","","4","4","1","4,051","Single","2023","2","Yes","No","","7,311"
"1","B26044127","A","3260","1050 Seminole Drive Unit#Phb","VILLAS OF SUNRISE BAY COND ","","$3,195,000","","4","4","1","4,020","Condo","1994","3","No","Yes","Penthouse","0"
"1","B26039079","A","3270","1644 NE 4th Court","VICTORIA PARK ","","$3,195,000","","4","4","0","3,193","Single","2021","2","Yes","No","","6,413"
"1","B26026675","A","3160","701 N Fort Lauderdale Beach Boulevard Unit#406","PARAMOUNT FT LAUDERDALE CO ","","$3,150,000","","3","3","1","2,420","Condo","2017","2","No","No","","0"
"1","R11167820","A","3270","549 NE 10th Avenue","HOLMBERG & MC KEES "," ","$3,100,000","","5","5","0","3,880","Single","2020","2","Yes","No","","6,750"
"1","B26022075","A","3280","449 Bontona Avenue","VENICE RESUB OF BLKS 5 & 6 ","","$3,100,000","","3","2","2","2,440","Single","1975","2","No","Yes","Split Level","8,855"
"1","F10539463","A","3160","153 N Seabreeze Boulevard Unit#901-s","SELENE OCEANFRONT RESIDEN SELENE OCEANFRONT RESIDEN","","$3,099,000","","2","3","1","2,395","Condo","2025","2","","Yes","","0"
"1","B26043309","A","3170","801 Seabreeze Boulevard Unit#R 1509","St Regis Residences ","","$3,088,900","","1","1","1","1,343","Condo","2028","1","No","Yes","","0"
"1","A11775619","A","3160","530 Birch Road Unit#601","BUNGALOW EAST BUNGALOW EAST","","$3,029,000","","4","4","","¤2,829","Condo","2027","2","","No","",""
"1","A12048326","A","3160","551 Bayshore Drive Unit#Villa 8","The Ritz-Carlton FTL The Ritz-Carlton FTL","","$3,000,000","","2","2","1","1,860","Condo","2029","1","","Yes","",""
"1","B26044582","A","3160","3209 NE 26th Street","Dolphin Isles ","","$3,000,000","","4","4","0","3,418","Single","2026","2","Yes","No","","4,674"
"1","F10523671","A","3160","101 S Fort Lauderdale Beach Boulevard Unit#1501","LAS OLAS BEACH CLUB LAS OLAS BEACH CLUB"," ","$2,999,900","","3","3","0","2,950","Condo","2007","2","","Yes","",""
"1","F10525757","A","3280","500 Hendricks Isle Unit#2S","Lumiere Lumiere","","$2,999,900","","3","3","1","2,794","Condo","2026","2","","Yes","",""
"1","B26000677","A","3480","1308 Avocado Isle","SOUTH NEW RIVER ISLES SEC ","","$2,999,900","","5","5","0","3,000","Single","2026","2","Yes","Yes","","6,360"
"1","B26035208","A","3170","153 N Seabreeze Boulevard Unit#1001","Selene Oceanfront ","","$2,999,000","","3","3","1","2,395","Condo","2025","2","No","Yes","","0"
"1","A12030649","A","3280","821 SE 2nd Ct","COLEE HAMMOCK ","","$2,999,000","","4","5","1","¤3,937","Single","2002","2","Yes","No","Attached","¤5,500"
"1","A12010098","A","3280","160 Isle Of Venice Dr Unit#PH2","Isle of Venice 160 Marina Bay","","$2,999,000","","3","3","1","¤2,918","Condo","2023","2","","Yes","",""
"1","B26013904","A","3160","2100 N Ocean Boulevard Unit#16e","PALMS TOWER ONE CONDO ","","$2,995,000","","4","4","1","4,795","Condo","1999","2","No","Yes","","0"
"1","F10544641","A","3280","160 Isle Of Venice Drive Unit#302","160 Marina Bay 160 Marina Bay"," ","$2,995,000","","3","3","1","2,918","Condo","2023","2","","Yes","","0"
"1","A11816764","A","3280","325 Bontona Ave","VENICE RESUB OF BLKS 5 & "," ","$2,990,000","","5","4","0","¤3,673","Single","1957","2","Yes","Yes","Detached","¤9,488"
"1","B26045007","A","3260","1716 Middle River Drive","CORAL RIDGE "," ","$2,975,000","","4","4","0","2,840","Single","2021","2","Yes","No","","11,897"
"1","B26019518","A","3260","900 Intracoastal Drive Unit#Apt 701","SUNRISE ","","$2,975,000","","3","3","1","2,792","Condo","2027","2","No","Yes","","0"
"1","A12023938","A","3160","527 Orton Ave Unit#501","TERRACES CONDO The Terraces","","$2,950,000","","3","3","1","¤0","Condo","2026","2","","No","",""
"1","A12050510","A","3170","3055 Harbor Dr Unit#1202","HARBOURAGE PLACE CONDO HARBOURAGE PLACE CONDO","","$2,950,000","","3","3","1","¤3,488","Condo","1998","3","","Yes","",""
"1","F10556054","A","3280","350 SE 2nd Street Unit#GPH10","350 LAS OLAS PLACE 350 LAS OLAS PLACE","","$2,950,000","","3","3","0","3,150","Condo","2005","3","","No","",""
"1","F10536898","A","3370","2500 NE 18th Avenue","MIDDLE RIVER MANOR ","","$2,950,000","","4","3","1","2,371","Single","2026","2","Yes","Yes","","7,000"
"1","A11848224","A","3470","1524 Argyle Dr","RIVER HIGHLANDS AMEN PLAT ","","$2,950,000","","7","6","2","¤4,550","Single","1995","7","Yes","Yes","Attached","¤8,602"
"1","B26030797","A","3480","1321 Tangelo Isle","SOUTH NEW RIVER ISLES SEC "," ","$2,950,000","","3","3","1","2,489","Single","2018","2","Yes","Yes","Ranch","14,308"
"1","B26050916","A","3260","1110 Seminole Drive Unit#201","ADAGIO ON THE BAY CONDO ","","$2,940,000","","3","3","1","2,870","Condo","2015","2","No","Yes","","0"
"1","A11895353","A","3270","801 NE 16th Ave","PROGRESSO ","","$2,899,000","","5","4","","3,500","Single","2025","1","Yes","No","Attached","¤13,500"
"1","A11963352","A","3280","827 SE 2nd Ct","COLEE HAMMOCK "," ","$2,899,000","","4","5","","¤3,592","Single","2003","2","No","No","Attached","¤5,500"
"1","A11902992","A","3470","1115 SW 5th Pl","RIVERSIDE ADD AMEN PLAT "," ","$2,895,000","","4","5","0","¤4,751","Single","2010","2","Yes","Yes","Attached","¤12,225"
"1","A12014715","A","3800","100 E Las Olas Blvd Unit#4203","100 LAS OLAS CONDO 100 LAS OLAS"," ","$2,880,000","","3","3","1","¤2,658","Condo","2020","2","","No","",""
"1","B26042339","A","3160","715 Bayshore Drive Unit#902","LA RIVE CONDO ","","$2,850,000","","3","3","1","3,417","Condo","2004","2","No","Yes","","0"
"1","F10543023","A","3280","1404 SE 2nd Court","Colee Hammock 1-17 B "," ","$2,799,999","","4","3","1","3,024","Single","2017","2","Yes","No","","5,500"
"1","F10538616","A","3160","153 N Seabreeze Boulevard Unit#1101 S","Selene Oceanfront Selene Oceanfront"," ","$2,799,000","","3","3","1","2,395","Condo","2025","2","","Yes","","0"
"1","B26020080","A","3160","3305 NE 16th Court","Las Olas By The Sea Ext "," ","$2,795,000","","5","4","0","1,772","Single","1939","","No","No","Ranch","6,236"
"1","A11824708","A","3170","2200 S Ocean Ln Unit#1501-1503","POINT OF AMERICAS POINT OF AMERICAS"," ","$2,795,000","","6","5","1","¤4,902","Condo","1971","3","","Yes","",""
"1","F10546677","A","3270","1225 NE 4th Street","Victoria Park "," ","$2,795,000","","4","4","1","3,521","Single","2023","2","Yes","No","","6,500"
"1","F10533935","A","3280","326 Seven Isles Drive","BARCELONA ISLE ","","$2,795,000","","4","3","0","2,372","Single","1973","2","Yes","No","","10,400"
"1","A12012479","A","3160","2200 N Ocean Blvd Unit#N206","2200 FORT LAUDERDALE BEAC AUBERGE BEACH RESIDENCES","","$2,790,000","","3","3","1","¤2,071","Condo","2018","2","","Yes","",""
"1","A12042830","A","3160","153 N Seabreeze Blvd Unit#401","SELENE CONDO SELENE CONDO","","$2,775,000","","2","3","1","¤2,395","Condo","2025","2","","Yes","",""
"1","B26019121","A","3270","500 NE 14th Avenue","LAS OLAS PARK CORR PLAT ","","$2,774,999","","5","4","1","4,036","Single","2019","2","Yes","No","","6,648"
"1","B26020133","A","3160","3315 NE 17th Street","LAS OLAS BY THE SEA EXT "," ","$2,750,000","","4","4","0","2,856","Single","2004","2","Yes","No","","6,236"
"1","A11985029","A","3160","525 N Fort Lauderdale Beach Blvd Unit#1509","Four Seasons Four Seasons Residences","","$2,750,000","","2","2","1","¤1,721","Condo","2022","1","","No","",""
"1","A12049482","A","3280","534 HENDRICKS ISLE Unit#301","VIEW POINTE VIEW POINTE","","$2,730,000","","3","3","","1,760","Condo","2027","1","","Yes","",""
"1","F10482307","A","3160","525 N Fort Lauderdale Beach Boulevard Unit#1607","Four Seasons Four Seasons","","$2,700,000","","2","2","0","1,308","Condo","2022","1","No","Yes","","0"
"1","A11764454","A","3160","3305 NE 15th St","LAS OLAS BY THE SEA EXT "," ","$2,699,000","","3","3","2","¤2,909","Single","1959","1","Yes","No","Detached","¤6,212"
"1","F10554835","A","3260","920 Intracoastal Drive Unit#503","AQUABLU AQUABLU"," ","$2,699,000","","3","3","1","3,258","Condo","2018","2","","Yes","",""
"1","F10478202","A","3160","2301 N Atlantic Boulevard","LAUDERDALE BEACH "," ","$2,695,000","","4","4","1","3,400","Single","1961","","Yes","No","","6,000"
"1","B26034042","A","3270","618 NE 15th Avenue","GRACELAND PARK 18-6 B ","","$2,695,000","","4","4","1","3,741","Single","2025","2","Yes","No","","6,418"
"1","B26052636","A","3280","41 Isle Of Venice Drive Unit#402","Aquamar Las Olas ","","$2,695,000","","3","3","0","2,531","Condo","2017","2","No","Yes","","0"
"1","A12045758","A","3260","2500 Bayview Dr","CORAL RIDGE GALT ADD ","","$2,690,000","","5","4","1","¤2,309","Single","1956","0","Yes","Yes","Detached","¤13,309"
"1","B26030257","A","3270","512 NE 12th Avenue","HALLS ADD ","","$2,690,000","","5","3","1","3,722","Single","2006","2","Yes","No","","6,500"
"1","A11986809","A","3280","1675 Coral Gardens Dr","MIDDLE RIVER ESTATES "," ","$2,690,000","","5","4","0","¤3,611","Single","1957","0","Yes","Yes","Attached","¤11,343"
"1","R11162196","A","3280","41 Isle Of Venice Drive Unit#Ph 502","AQUAMAR LAS OLAS CONDO "," ","$2,679,999","","3","3","1","2,531","Condo","2017","2","Yes","Yes","","0"
"1","B26042784","A","3170","1940 Harbourview Drive","Harbor Beach inlet  ","","$2,679,000","","7","5","0","4,203","Single","1962","","Yes","No","","7,999"
"1","B26053461","A","3160","3321 NE 16th Court","LAS OLAS BY THE SEA EXT ","","$2,650,000","","3","2","0","1,896","Single","1954","","Yes","No","","6,236"
"1","A11959694","A","3160","1 N Fort Lauderdale Beach Blvd Unit#1806","CASTILLO GRAND RESIDENCES Ritz Carlton Fort Lauder"," ","$2,650,000","","2","2","1","¤1,971","Condo","2009","2","","No","",""
"1","A12042579","A","3380","1331 NE 16th Ter","PROGRESSO ","","$2,625,000","","4","4","","¤3,438","Single","2026","2","Yes","No","Attached","¤13,497"
"1","A11984701","A","3160","525 N Fort Lauderdale Beach Blvd Unit#1707","Four Seasons Four Seasons","","$2,600,000","","1","2","0","¤1,458","Condo","2023","2","","Yes","",""
"1","B26053026","A","3470","421 SW 11th Street","TARPON RIVER ","","$2,600,000","","4","4","0","3,430","Single","2026","2","Yes","No","Other","6,250"
"1","F10542850","A","3470","624 SW 8th Avenue","TARPON RIVER ","","$2,600,000","","4","4","0","3,430","Single","2026","2","Yes","No","","6,250"
"1","F10515990","A","3160","101 S Fort Lauderdale Beach Boulevard Unit#1104","Las Olas Beach Club Las Olas Beach Club","","$2,599,999","","3","3","0","2,380","Condo","2007","2","","Yes","","0"
"1","B26043224","A","3380","1700 NE 19th Street","POINSETTIA HEIGHTS RIVER A ","","$2,599,000","","3","3","1","2,897","Single","2026","4","Yes","No","","6,607"
"1","F10520545","A","3260","920 Intracoastal Drive Unit#801","AQUABLU CONDO AQUABLU CONDO"," ","$2,595,000","","3","3","1","3,200","Condo","2018","2","","Yes","","0"
"1","F10546887","A","3260","2711 NE 19th Street","Coral Ridge North Add 24- ","","$2,590,000","","4","3","0","2,166","Single","1951","2","Yes","No","","10,001"
"1","A11845016","A","3470","1321 Mandarin Isle","SOUTH NEW RIVER ISLES SEC "," ","$2,550,000","","3","3","0","¤1,847","Single","1960","2","Yes","Yes","Attached","¤15,013"
"1","A11746585","A","3260","1180 N Federal Hwy Unit#1501","RIVA RIVA Residences"," ","$2,500,000","","3","3","","¤2,407","Condo","2018","2","","Yes","",""
"1","R11145679","A","3480","314 SW 12th Street","CROISSANT PARK SOUTH RIVER ","","$2,500,000","","2","1","0","1,384","Single","1952","0","No","No","","12,870"
"1","F10550959","A","3390","1110 NW 7th Avenue","PROGRESSO "," ","$2,499,999","","7","7","0","2,844","Single","1954","0","Yes","No","","13,510"
"1","B26013255","A","3280","69 Isle Of Venice Drive","Seaside Villas "," ","$2,499,000","","3","4","1","3,928","Townhouse","2009","2","No","Yes","",""
"1","A11947587","A","3470","604 SW 7th St","PINEWOOD PLACE RESUB PT ","","$2,499,000","","4","4","1","¤3,347","Single","2026","2","Yes","No","Detached","¤6,500"
"1","B26032926","A","3600","1708 SE 11th Street","RIO VISTA ISLES ","","$2,495,000","","3","3","0","2,111","Single","1983","2","No","Yes","",""
"1","B26042469","A","3270","1642 NE 8th Street","MACARTHUR PARK ","","$2,490,000","","4","3","1","2,780","Single","2026","1","Yes","No","","6,584"
"1","F10551031","A","3280","59 Hendricks Isle","LAGUNA DEL SOL LAGUNA DEL SOL"," ","$2,490,000","","4","4","1","3,678","Townhouse","2004","2","Yes","Yes","",""
"1","B26035379","A","3700","300 NE 3rd Avenue Unit#2809s","Ombelle Fort Lauderdale ","","$2,453,717","","4","4","1","2,081","Condo","2028","1","No","No","","0"
"1","B26009922","A","3370","1629 NE 1st Avenue","PLACIDO PLACE "," ","$2,440,000","","3","3","1","3,037","Single","2026","2","Yes","No","","10,072"
"1","F10511540","A","3170","2009 Admirals Way","Harbour Heights Add 35-21 ","","$2,425,000","","3","3","0","1,805","Single","1954","2","Yes","No","","9,185"
"1","B26013887","A","3380","1642 NE 19th Street","POINSETTIA HEIGHTS  ","","$2,425,000","","4","4","0","2,715","Single","2027","2","Yes","No","","7,233"
"1","B26054347","A","3160","3319 NE 18TH Street","LAS OLAS BY THE SEA EXT ","","$2,400,000","","3","3","0","2,208","Single","1960","1","Yes","No","Ranch","9,164"
"1","B26038554","A","3170","2417 SE 19th Place","HARBOUR HEIGHTS ADD ","","$2,400,000","","3","2","1","2,705","Single","1955","2","No","No","Ranch, Substantially Remodeled","10,491"
"1","B26039937","A","3370","633 NE 20th Street","LETARTE PLAT ","","$2,399,000","","3","3","1","4,023","Single","2006","2","Yes","No","Substantially Remodeled","10,569"
"1","B26046775","A","","31 SE 10th Avenue","Cole Hammock ","","$2,395,000","","3","3","1","2,954","Townhouse","2005","2","Yes","No","Patio/Cluster","3,859"
"1","F10547954","A","3160","153 N Seabreeze Boulevard Unit#2404-s","SELENE OCEANFRONT RESIDEN SELENE OCEANFRONT RESIDEN"," ","$2,395,000","","2","2","1","1,707","Condo","2025","1","","Yes","","0"
"1","B26048127","A","3260","2614 NE 15th Street","CORAL RIDGE ","","$2,395,000","","5","4","0","2,613","Single","1950","","Yes","No","Ranch","21,651"
"1","A11993080","A","3260","1180 N Federal Hwy Unit#1102","RIVA CONDOMINIUM RIVA CONDOMINIUM","","$2,395,000","","3","3","1","¤2,251","Condo","2018","2","","Yes","",""
"1","B26009591","A","3160","701 N Fort Lauderdale Beach Boulevard Unit#805","Paramount "," ","$2,375,000","","3","3","1","2,419","Condo","2017","2","No","Yes","","0"
"1","B26013808","A","3380","1708 NE 16th Avenue","POINSETTIA HEIGHTS ","","$2,375,000","","4","4","0","2,804","Single","2027","2","Yes","No","","8,107"
"1","B26012701","A","3600","1032 SE 13th Terrace","RIO VISTA ISLES "," ","$2,375,000","","4","4","0","2,320","Single","1952","","Yes","No","Substantially Remodeled, Split Level","7,813"
"1","B26043582","A","3160","1 N Fort Lauderdale Beach Boulevard Unit#1807","CASTILLO GRAND RESIDENCES  ","","$2,350,000","","2","2","1","2,003","Condo","2007","2","No","No","","0"
"1","B26050468","A","3380","1533 NE 16th Avenue","POINSETTIA HEIGHTS ","","$2,350,000","","4","3","1","2,542","Single","2026","2","Yes","No","Ranch","8,104"
"1","F10518819","A","3380","1523 NE 17th Way","Progresso 2-18 D "," ","$2,345,000","","4","4","1","2,568","Single","2026","2","Yes","No","","7,704"
"1","B26042313","A","","521 E Las Olas Boulevard Unit#1203","Andare by Pininfarina ","","$2,304,500","","3","3","1","2,144","Condo","2027","2","No","No","","0"
"1","F10551781","A","3160","153 N Seabreeze Unit#2503-S","Selene Selene","","$2,300,000","","2","2","1","1,416","Condo","2025","1","","Yes","",""
"1","A12054100","A","3280","534 HENDRICKS ISLE Unit#302","VIEW POINTE VIEW POINTE","","$2,300,000","","2","2","1","1,376","Condo","2027","1","","Yes","",""
"1","A11859085","A","3600","501 SE 6th Avenue Unit#TH1","Sixth&Rio Sixth&Rio","","$2,300,000","","3","2","1","¤1,759","Condo","2026","2","","Yes","",""
"1","B26025023","A","3280","19 Hendricks Isle","REFLECTIONS OF LAS OLAS ","","$2,299,999","","3","3","1","2,420","Townhouse","2000","2","No","Yes","Substantially Remodeled",""
"1","B26015432","A","3160","101 S Fort Lauderdale Beach Boulevard Unit#1404","Las Olas beach Club "," ","$2,299,000","","3","3","0","2,378","Condo","2007","1","No","Yes","","0"
"1","A12039958","A","3160","2800 E Sunrise Blvd Unit#PHG","SUNRISE EAST CONDO SUNRISE EAST CONDO","","$2,295,000","","3","3","1","¤4,600","Condo","1969","2","","Yes","",""
"1","B26053015","A","3600","1343 Ponce De Leon Drive","RIO VISTA ISLES ","","$2,295,000","","5","4","0","3,083","Single","1954","2","Yes","Yes","","8,646"
"1","F10546662","A","3600","1001 SE 10th Street","Rio Vista Isles "," ","$2,295,000","","4","3","0","2,518","Single","1941","","Yes","No","","10,000"
"1","A11965429","A","3160","2100 N Ocean Blvd Unit#11B","PALMS TOWER ONE CONDO PALMS TOWER ONE CONDO"," ","$2,285,000","","3","2","1","¤2,623","Condo","2000","0","","Yes","",""
"1","A12028685","A","3240","1700 NE 18th St","PROGRESSO ","","$2,255,000","","5","4","","","Single","2026","2","Yes","No","Attached","¤7,505"
"1","A11981033","A","3160","527 Orton Ave Unit#902","TERRACES CONDO The Terraces","","$2,250,000","","2","3","","","Condo","2026","2","","No","",""
"1","F10539792","A","3280","359 Poinciana Drive","Idlewyld 1-19 B ","","$2,250,000","","3","3","1","2,344","Single","1978","0","Yes","No","","8,625"
"1","R11160609","A","3160","3025 Center Avenue","LAUDERDALE BEACH "," ","$2,249,999","","3","3","0","2,315","Single","1978","0","Yes","No","Garden Apartment","9,003"
"1","B26029246","A","3380","1413 NE 17th Way","PROGRESSO ","","$2,249,999","","4","5","0","2,923","Single","2026","4","Yes","No","","8,111"
"1","B26034474","A","3160","615 Bayshore Drive Unit#402","LA CASCADE CONDO ","","$2,249,000","","3","2","1","2,395","Condo","2003","2","No","Yes","","0"
"1","A11968207","A","3390","400 NW 24th St","MICKELS 2ND ADD TO WILTON "," ","$2,249,000","","5","5","0","¤2,630","Single","2021","1","Yes","No","Attached","¤14,239"
"1","B26015342","A","","11 SE 11th Avenue","BEVERLY HEIGHTS ","","$2,245,000","","3","3","1","3,348","Townhouse","2024","2","Yes","No","",""
"1","B26050870","A","3380","1781 NE 18th Street","NORTH RIDGE ","","$2,225,000","","3","3","0","2,434","Single","2026","2","Yes","No","","6,737"
"1","A12023920","A","3160","527 Orton Ave Unit#403","TERRACES CONDO The Terraces","","$2,220,000","","2","3","","¤0","Condo","2026","2","","No","",""
"1","B26042314","A","","521 E Las Olas Boulevard Unit#2002","Andare by Pininfarina ","","$2,216,900","","2","2","1","1,816","Condo","2027","2","No","No","","0"
"1","A11935105","A","3700","505 NE 2nd Street Unit#43C","Viceroy Fort Lauderdale Viceroy Fort Lauderdale"," ","$2,205,000","","2","2","1","","Condo","2029","1","","No","",""
"1","B26048866","A","3160","2601 NE 32nd Avenue","Lauderdale Beach Estates "," ","$2,200,000","","3","3","1","2,562","Townhouse","2008","2","Yes","Yes","",""
"1","A12055613","A","3170","2200 S Ocean Ln Unit#2205","POINT OF AMERICAS POINT OF AMERICAS","","$2,200,000","","2","2","1","¤2,170","Condo","1971","1","","Yes","",""
"1","B26013066","A","3260","2212 NE 17th Place","BAL HARBOUR "," ","$2,200,000","","0","0","0","3,400","Single","2028","2","Yes","Yes","",""
"1","A11783106","A","3260","1521 NE 26th Ave Unit#B","CORAL RIDGE Residences at Coral Ridge"," ","$2,200,000","","3","3","1","¤3,403","Townhouse","2026","1","","No","",""
"1","B26027112","A","3270","1009 B NE 3rd Street","VICTORIA PARK ","","$2,200,000","","4","4","0","3,276","Single","2026","1","Yes","No","Other",""
"1","F10543882","A","3270","1015 B NE 3rd Street","VICTORIA PARK VICTORIA PARK","","$2,200,000","","4","4","0","3,276","Townhouse","2026","1","","No","",""
"1","A12043016","A","3470","1412 SW 7th St","RIVERSIDE ADD AMEN PLAT ","","$2,200,000","","4","4","","2,834","Single","2026","2","No","No","Detached","¤5,242"
"1","A11961971","A","3480","1617 SW 17th Ave","BOSSERT ISLES "," ","$2,200,000","","5","3","0","¤2,500","Single","1975","2","Yes","Yes","Attached","¤7,949"
"1","B26055133","A","3170","545 S FORT LAUDERDALE BEACH Boulevard Unit#1703/1704","ILLINI CONDO ","","$2,199,000","","4","3","0","2,150","Condo","1962","2","No","Yes","Penthouse","0"
"1","F10542298","A","3170","153 N Seabreeze Boulevard Unit#504-s","Selene Selene"," ","$2,195,000","","2","2","1","1,707","Condo","2025","1","Yes","Yes","","0"
"1","A11828130","A","3370","2108 NE 24th St","CORAL POINT "," ","$2,150,000","","3","3","0","¤2,824","Single","1972","2","Yes","Yes","Detached","¤6,672"
"1","A11858290","A","3700","505 NE 2nd Street Unit#15A","Viceroy Fort Lauderdale Viceroy Fort Lauderdale"," ","$2,105,000","","3","3","","1,649","Condo","2029","2","","No","",""
"1","B26043359","A","3160","505 N Fort Lauderdale Beach Boulevard Unit#2500","Q CLUB RESORT & RESIDENCES ","","$2,100,000","","3","3","1","2,740","Condo","2006","2","No","Yes","","0"
"1","F10532847","A","3160","615 Bayshore Drive Unit#103","LA CASCADE LA CASCADE","","$2,100,000","","2","2","1","2,526","Townhouse","2003","2","","Yes","",""
"1","A12021711","A","3260","1180 N Federal Hwy Unit#1002","RIVA RIVA Residences","","$2,100,000","","3","3","1","¤2,251","Condo","2018","2","","Yes","",""
"1","A12028771","A","3270","707 NE 7th Ave","PROGRESSO The Sanctuary","","$2,100,000","","4","3","1","¤3,111","Townhouse","1970","1","","No","",""
"1","B26046706","A","3370","2124 Coral Shores Drive","Coral Shores ","","$2,100,000","","3","3","0","2,580","Single","1961","","Yes","Yes","Substantially Remodeled","13,034"
"1","F10556634","A","3370","2502 NE 6th Avenue","Wilton Manors "," ","$2,100,000","","5","5","0","2,862","Single","2019","2","Yes","No","","6,256"
"1","A12036114","A","3250","2701 NE 30th St","CORAL RIDGE GALT ADD NO 1 "," ","$2,099,999","","4","3","0","¤2,330","Single","1957","2","Yes","No","Attached","¤10,750"
"1","B26039255","A","3160","701 N Fort Lauderdale Beach Boulevard Unit#1103","Paramount ","","$2,099,000","","2","2","1","1,751","Condo","2017","2","No","Yes","","0"
"1","F10549642","A","3170","209 N Birch Road Unit#1002","Alhambra Place Alhambra Place"," ","$2,099,000","","3","4","1","3,910","Condo","2001","2","","Yes","","0"
"1","A12039185","A","3160","2110 N Ocean Blvd Unit#21B","The Palms The Palms"," ","$2,095,000","","3","2","1","¤2,623","Condo","2001","1","","Yes","",""
"1","A12019471","A","3160","153 N Seabreeze Unit#403","Selene OceanFront Res Selene","","$2,000,000","","2","2","1","1,420","Condo","2025","0","","Yes","",""
"1","A12039309","A","3370","1809 Coral Gardens Dr","MIDDLE RIVER ESTATES ","","$2,000,000","","7","3","1","¤3,669","Single","1957","0","Yes","Yes","Detached","¤14,482"
"1","F10529673","A","3600","1507 SE 15th Street Unit#302","HARBORS EDGE CONDO HARBORS EDGE CONDO"," ","$2,000,000","","3","3","0","2,372","Condo","2022","2","","Yes","","0"
"1","B26029751","A","3170","1627 Seabreeze Boulevard","HARBOR BEACH ","","$1,999,999","","4","3","0","2,540","Single","1953","1","Yes","No","Ranch","13,636"
"1","A11977260","A","3260","2046 NE 15th St","LAUDER GATE ISLES "," ","$1,999,999","","5","4","0","¤2,762","Single","1954","2","Yes","Yes","Detached","¤8,050"
"1","A12021072","A","3600","19 Port Side Dr Unit#19C","PORTSIDE YACHT CLUB CONDO PORTSIDE YACHT CLUB CONDO"," ","$1,999,999","","4","4","","¤2,203","Townhouse","1981","1","","Yes","",""
"1","B26053308","A","3160","153 N Seabreeze Boulevard Unit#1803","SELENE ","","$1,999,000","","2","2","1","1,416","Condo","2025","1","No","Yes","","0"
"1","R11040651","A","3160","2110 N Ocean Boulevard Unit#7b","The Palms "," ","$1,999,000","","3","3","1","3,205","Condo","2001","2","No","Yes","",""
"1","F10530563","A","3280","301 Hendricks Isle Unit#10","Place Des Arts Place Des Arts"," ","$1,999,000","","4","3","1","4,134","Condo","2005","2","","Yes","",""
"1","A11994108","A","3370","2801 Coral Shores Dr","CORAL SHORES AMEND PLAT ","","$1,999,000","","4","3","1","¤2,307","Single","1957","2","Yes","Yes","Detached","¤10,490"
"1","B26039507","A","3160","3030 N Ocean Boulevard Unit#S101","30 THIRTY NORTH OCEAN COND ","","$1,995,000","","3","3","1","2,373","Condo","2020","2","No","No","Garden Apartment","0"
"1","A11831983","A","3170","2200 S OCEAN LN Unit#1501-2","POINT OF AMERICAS POINT OF AMERICAS"," ","$1,995,000","","4","3","1","3,644","Condo","1971","2","","Yes","",""
"1","F10549590","A","3280","516 Hendricks Isle Unit#4B","ARIA ARIA"," ","$1,995,000","","2","2","0","2,104","Condo","2007","2","","Yes","",""
"1","F10516208","A","3160","101 S Fort Lauderdale Beach Boulevard Unit#1502","Las Olas Beach Club Las Olas Beach Club"," ","$1,975,000","","3","3","0","2,380","Condo","2007","1","","Yes","",""
"1","F10545414","A","3260","920 Intracoastal Drive Unit#1402","AQUABLU AQUABLU"," ","$1,975,000","","2","2","0","2,136","Condo","2019","2","","Yes","",""
"1","F10554881","A","3270","1200 NE 2nd Street","Victoria Park "," ","$1,950,000","","4","3","1","2,441","Single","2011","1","Yes","No","","6,075"
"1","A12056295","A","3280","17 SE 12th Avenue","BEVERLY HEIGHTS na","","$1,950,000","","4","4","1","2,509","Townhouse","2025","1","","No","",""
"1","A12007205","A","3470","2000 SW 18th Ave","OSCEOLA PARK ","","$1,950,000","","4","4","","","Single","2026","2","No","No","Attached","¤5,932"
"1","B26033309","A","3600","704 SE 8th Street","RIO VISTA C J HECTORS RESU ","","$1,950,000","","3","2","0","2,087","Single","1928","","Yes","No","","6,250"
"1","F10554946","A","3280","516 Hendricks Isle Unit#4a","ARIA AT LAS OLAS ARIA AT LAS OLAS"," ","$1,949,000","","3","4","1","3,246","Condo","2007","2","","Yes","","0"
"1","F10514752","A","3270","809 NE 16th Unit#15","Regency Park Townhomes Regency Park Townhomes","","$1,948,000","","4","4","1","2,823","Townhouse","2025","2","","No","",""
"1","F10523461","A","3170","101 S Fort Lauderdale Beach Boulevard Unit#1806","LAS OLAS BEACH CLUB LAS OLAS BEACH CLUB","","$1,945,000","","2","2","0","1,905","Condo","2007","1","","Yes","",""
"1","A11955913","A","3160","3040 N Ocean Blvd Unit#N101","30 THIRTY NORTH OCEAN CON 30-Thirty N. Ocean"," ","$1,900,000","","3","3","1","¤2,119","Condo","2021","2","","No","",""
"1","B26033766","A","3280","301 Hendricks Isle Unit#7","PLACE DES ARTS CONDO "," ","$1,900,000","","4","4","1","4,445","Condo","2005","1","No","Yes","Substantially Remodeled, Split Level","0"
"1","B26013474","A","3170","2112 Manatee Drive","HARBOUR INLET "," ","$1,899,000","","4","3","0","2,875","Single","1957","","Yes","No","Ranch, Substantially Remodeled","8,500"
"1","F10518960","A","3280","111 SE 8th Avenue Unit#1501","Venezia Venezia"," ","$1,899,000","","3","4","1","4,120","Condo","2002","3","","Yes","",""
"1","R11169975","A","3600","1020 SE 11th Street","RIO VISTA ISLES "," ","$1,899,000","","4","3","0","2,321","Single","1949","1","Yes","No","","6,250"
"1","F10534100","A","3600","1507 SE 15th Street Unit#202","HARBORS EDGE CONDO HARBORS EDGE CONDO","","$1,899,000","","3","3","0","2,372","Condo","2022","2","","Yes","",""
"1","B26039001","A","3170","1635 Seabreeze Boulevard","HARBOR BEACH ","","$1,895,000","","3","2","0","1,584","Single","1953","2","Yes","No","Ranch, Substantially Remodeled","13,639"
"1","A12004493","A","3270","104 NE 16th Ter","VICTORIA PARK CORR AMEN P THE CURVE","","$1,875,000","","4","4","1","¤2,901","Townhouse","2020","2","","No","",""
"1","F10513991","A","3270","809 NE 16th Avenue Unit#20","Regency Park Townhomes Regency Park Townhomes","","$1,869,000","","4","4","1","2,823","Townhouse","2025","2","","No","",""
"1","A12007217","A","3260","1808 Coral Ridge Dr","LIVERMORE ESTATES Livermore Estates","","$1,865,000","","4","4","1","¤3,387","Townhouse","2018","2","","No","",""
"1","B26053982","A","3600","800 SE 11TH Court","RIO VISTA ISLES ","","$1,849,000","","4","2","1","1,787","Single","1936","","Yes","No","","8,750"
"1","B26016737","A","3160","2845 NE 9th Street Unit#Ph5","LE CLUB INTERNATIONAL COND "," ","$1,825,000","","2","3","1","2,450","Condo","2002","2","No","Yes","Penthouse, Substantially Remodeled","0"
"1","F10551513","A","3370","1133 NE 18th Court","Lauderdale Park 6-33 1/2 "," ","$1,825,000","","3","2","1","2,576","Single","2025","2","Yes","Yes","","7,053"
"1","B26035698","A","3700","300 NE 3rd Avenue Unit#2703s","Ombelle Fort Lauderdale ","","$1,815,447","","2","2","1","1,605","Condo","2028","1","No","No","","0"
"1","B26011448","A","3280","133 Isle Of Venice Drive Unit#201","AQUAVUE LAS OLAS CONDO "," ","$1,800,000","","3","3","1","2,849","Condo","2018","2","No","Yes","Other","0"
"1","B26035141","A","3160","151 N Seabreeze Boulevard Unit#903","Selene Oceanfront ","","$1,799,000","","3","3","0","1,680","Condo","2025","1","No","Yes","","0"
"1","A12028093","A","3280","30 Isle Of Venice Dr Unit#403","AQUALUNA LAS OLAS CONDO AQUALUNA","","$1,799,000","","3","2","0","¤2,590","Condo","2016","2","","Yes","",""
"1","F10519725","A","3390","656 NW 21st Street","Curva Del Rio Add 35-44 B "," ","$1,799,000","","3","3","0","2,338","Single","2025","2","No","Yes","","7,489"
"1","A12050493","A","3170","2200 S Ocean Ln Unit#2804","POINT OF AMERICAS POINT OF AMERICAS","","$1,795,000","","2","2","0","¤2,011","Condo","1971","1","","Yes","",""
"1","F10536890","A","3170","3055 Harbor Drive Unit#1402","HARBOURAGE PLACE HARBOURAGE PLACE"," ","$1,795,000","","3","3","1","3,488","Condo","1998","2","","Yes","",""
"1","A11862552","A","3170","2100 S Ocean Ln Unit#506","POINT OF AMERICAS POINT OF AMERICAS"," ","$1,795,000","","3","3","","¤2,524","Condo","1969","1","","Yes","",""
"1","F10546231","A","3260","2317 NE 12th Street","Beach Way Heights "," ","$1,795,000","","4","3","0","2,571","Single","1950","1","Yes","No","","11,819"
"1","A12044645","A","3800","100 E Las Olas Blvd Unit#3201","100 LAS OLAS CONDO 100 LAS OLAS","","$1,790,000","","2","2","1","¤2,191","Condo","2020","3","","Yes","",""
"1","B26006291","A","3480","843 SW 14th Court Unit#843","ESMONDA GARDENS ","","$1,777,000","","4","3","1","4,200","Townhouse","2026","2","No","No","Patio/Cluster","3,183"
"1","A11930039","A","3480","318 SW 11 STREET","TARPON RIVER IV ","","$1,775,000","","5","6","","","Single","2026","2","Yes","No","Attached",""
"1","F10538338","A","3480","320 SW 11 Unit#320","Tarpon River 4 Tarpon River 4","","$1,775,000","","5","6","0","3,578","Townhouse","2026","2","","No","",""
"1","F10544234","A","3260","1735 NE 23rd Avenue","Bal Harbour 40-47 B "," ","$1,750,000","","3","2","0","2,066","Single","1968","2","Yes","Yes","","8,580"
"1","A12028148","A","3270","549 NE 12th Ave","Victoria Park "," ","$1,750,000","","4","4","0","¤1,903","Single","1950","1","Yes","No","Detached","¤11,700"
"1","A11955478","A","3800","333 Las Olas Way Unit#2409","LAS OLAS RIVER HOUSE COND Las Olas River House","","$1,750,000","","2","2","1","¤2,141","Condo","2005","1","","Yes","",""
"1","B26014891","A","3170","1935 SE 25th Avenue","HARBOUR HEIGHTS ADD ","","$1,749,999","","4","3","0","2,169","Single","1955","","Yes","No","","9,375"
"1","A12037980","A","3010","2100 NE 24th St","CORAL POINT "," ","$1,749,000","","3","3","0","¤1,685","Single","1957","2","Yes","Yes","Detached","¤7,581"
"1","A11999771","A","3170","701 N Fort Lauderdale Beach Blvd Unit#TH3","PARAMOUNT FT LAUDERDALE C PARAMOUNT"," ","$1,749,000","","2","4","","¤2,408","Townhouse","2017","2","","Yes","",""
"1","A11992991","A","3280","516 Hendricks Isle Unit#2C","ARIA AT LAS OLAS CONDO ARIA","","$1,745,000","","2","2","0","¤2,394","Condo","2007","2","","Yes","",""
"1","B26052490","A","3380","1525 NE 15TH Avenue","ALLENWOOD ADD ","","$1,729,000","","3","3","1","2,775","Townhouse","2025","1","Yes","No","",""
"1","B26052488","A","3380","1527 NE 15TH Avenue","ALLENWOOD ADD ","","$1,729,000","","3","3","1","2,775","Townhouse","2025","1","Yes","No","",""
"1","A11993314","A","3270","804 NE 16th Ter","Victoria Park Victoria park","","$1,725,000","","3","3","1","¤2,623","Townhouse","2026","1","","No","",""
"1","A12045078","A","3280","511 SE 5 Ave Unit#8,9,11","NURIVER LANDING COMM COND NuRiver Landing","","$1,700,000","","9","2","","¤1,361","Condo","2005","7","","Yes","",""
"1","A12031211","A","3370","2216 NE 18th Ave","MIDDLE RIVER MANOR ","","$1,700,000","","4","4","0","¤2,768","Single","1955","2","Yes","Yes","Detached","¤7,000"
"1","A11998538","A","3800","511 SE 5th Ave Unit#11","Nu River Landing Nu River Landing","","$1,700,000","","0","0","","","Condo","2005","7","","Yes","",""
"1","B26052263","A","3160","77 S Birch Road Unit#7D","PORTOFINO ON THE INTRACOAS ","","$1,699,000","","2","2","1","1,580","Condo","1982","","No","Yes","","0"
"1","A11950300","A","3170","2200 S Ocean Ln Unit#2204","POINT OF AMERICAS PHASE I POINT OF AMERICAS"," ","$1,699,000","","2","2","0","¤2,011","Condo","1972","1","","Yes","",""
"1","B26049264","A","3270","729 NE 17th Terrace","VICTORIA PARK ","","$1,699,000","","4","4","0","2,126","Single","1957","","No","No","","5,577"
"1","F10556230","A","3270","645 NE 17th Way Unit#645","Seven Corners Townhomes Seven Corners Townhomes","","$1,699,000","","3","3","1","3,228","Townhouse","2006","2","","No","",""
"1","B26041091","A","3280","45 Hendricks Isle Unit#403","45 HENDRICKS CONDO ","","$1,699,000","","3","3","0","2,100","Condo","2007","1","No","Yes","","0"
"1","B26044791","A","3370","1508 NE 30th Court","Coral Brook 37-18 B ","","$1,699,000","","3","3","0","1,832","Single","1956","1","Yes","Yes","","9,806"
"1","F10552473","A","3470","705 SW 8th Terrace","Tarpon River "," ","$1,699,000","","3","3","0","2,458","Single","2023","1","Yes","No","","4,462"
"1","B26041783","A","","208 SE 10th Terrace","BEVERLY HEIGHTS "," ","$1,695,000","","3","3","0","2,234","Townhouse","2001","2","Yes","Yes","",""
"1","B26048997","A","3160","615 Bayshore Drive Unit#603","LA CASCADE CONDO ","","$1,695,000","","2","2","1","2,273","Condo","2003","2","No","Yes","","0"
"1","B26042979","A","3160","100 S Birch Road Unit#1701a","JACKSON TOWER LAS OLAS CON ","","$1,695,000","","3","2","1","1,998","Condo","2001","2","No","Yes","","0"
"1","B26039357","A","3160","101 S Fort Lauderdale Beach Boulevard Unit#1706","LAS OLAS BEACH CLUB CONDO ","","$1,695,000","","2","2","0","1,905","Condo","2007","1","No","No","","0"
"1","A12049235","A","3170","1680 S Ocean Ln Unit#251","OCEANAGE CONDO Oceanage Condo","","$1,695,000","","2","2","0","¤1,273","Condo","1973","1","","No","",""
"1","B26026488","A","3170","2611 SE 21 Street","BREAKWATER ","","$1,695,000","","2","2","0","1,769","Single","1956","","No","No","","6,083"
"1","F10554649","A","3280","301 Hendricks Isle Unit#6","Place Des Arts Condo Place Des Arts Condo"," ","$1,695,000","","3","3","1","3,726","Condo","2005","2","","Yes","","0"
"1","F10544372","A","3280","347 N New River Drive Unit#Ph 6","WATERGARDEN WATERGARDEN","","$1,695,000","","3","2","0","1,469","Condo","2004","1","","Yes","","0"
"1","A11968614","A","3160","2100 N Ocean Blvd Unit#12D","PALMS TOWER ONE CONDO THE PALMS TOWER ONE","","$1,690,000","","3","2","1","¤2,172","Condo","2000","1","","Yes","",""
"1","F10551817","A","3170","1710 S Ocean Lane Unit#202","Lago Mar North Lodge Lago Mar North Lodge","","$1,680,000","","2","2","0","1,498","Condo","1984","","","Yes","","0"
"1","B26030043","A","3260","3000 E Oakland Park Boulevard Unit#601","3000 Waterside ","","$1,674,500","","3","2","0","1,450","Condo","2028","1","No","Yes","","0"
"1","F10542084","A","3600","8 Portside Drive Unit#8a","PORTSIDE YACHT CLUB PORTSIDE YACHT CLUB"," ","$1,669,000","","3","3","1","2,813","Townhouse","1982","2","No","Yes","",""
"1","F10541778","A","3280","111 SE 8th Avenue Unit#Ph-1701","Venezia Venezia"," ","$1,655,000","","3","3","1","2,940","Condo","2002","2","","Yes","","0"
"1","A12037177","A","3370","2125 NE 17th Ter","MIDDLE RIVER MANOR ADD "," ","$1,650,000","","3","2","0","¤1,619","Single","1959","2","Yes","Yes","Detached","¤7,000"
"1","B26050114","A","3280","100 E Las Olas Boulevard Unit#3804","100 LAS OLAS CONDO ","","$1,649,000","","3","3","0","1,867","Condo","2020","1","No","No","","0"
"1","A11902896","A","3280","411 N New River Dr E Unit#3703","LAS OLAS GRAND CONDO Las Olas Grand"," ","$1,629,000","","2","2","1","¤2,110","Condo","2005","2","","Yes","",""
"1","A11950943","A","3170","2100 S Ocean Ln Unit#412","POINT OF AMERICAS POINT OF AMERICAS"," ","$1,625,000","","2","2","0","¤1,813","Condo","1969","1","","Yes","",""
"1","B26013218","A","3160","101 S Fort Lauderdale Beach Boulevard Unit#1107","LAS OLAS BEACH CLUB CONDO "," ","$1,599,000","","2","2","0","1,905","Condo","2007","1","No","No","","0"
"1","B26045957","A","3480","2021 SW 14th Terrace","RIVER OAKS~La Preserve ","","$1,599,000","","4","3","1","2,800","Single","2007","2","Yes","Yes","Substantially Remodeled","5,079"
"1","F10541933","A","3160","3030 N Ocean Boulevard Unit#S106","30 Thirty North Ocean 30 Thirty North Ocean"," ","$1,595,000","","3","3","1","2,306","Condo","2020","2","","No","","0"
"1","A12021940","A","3170","2200 S Ocean Ln Unit#1405","POINT OF AMERICA POINT OF AMERICAS","","$1,595,000","","2","2","1","2,170","Condo","1971","1","","Yes","",""
"1","B26023613","A","3170","2200 S Ocean Lane Unit#2805","POINT OF AMERICAS PHASE II ","","$1,595,000","","2","2","1","2,170","Condo","1971","1","Yes","Yes","Substantially Remodeled","0"
"1","B26008595","A","3170","2100 S Ocean Lane Unit#1712","POINT OF AMERICAS CONDO ","","$1,595,000","","2","2","0","1,813","Condo","1969","1","No","Yes","Substantially Remodeled","0"
"1","A11968391","A","3170","101 S Fort Lauderdale Beach Blvd Unit#308","LAS OLAS BEACH CLUB CONDO Las Olas Beach Club","","$1,595,000","","3","2","1","¤3,080","Condo","2008","2","","Yes","",""
"1","B26007158","A","3270","919 NE 17th Terrace Unit#A","Victoria Park ","","$1,595,000","","3","3","1","2,445","Townhouse","2025","2","Yes","No","","3,375"
"1","B26046210","A","3370","2056 NE 21st Court","SOUTH CORAL POINT ","","$1,595,000","","3","4","0","2,851","Single","1976","1","Yes","Yes","","8,138"
"1","B26029093","A","3500","203 SW 10th Street","LAUDERDALE ","","$1,595,000","","3","3","1","2,560","Townhouse","2026","4","Yes","No","Patio/Cluster","5,580"
"1","A11964199","A","3600","15 Port Side Dr Unit#15C","PORTSIDE YACHT CLUB PORTSIDE YACHT CLUB"," ","$1,595,000","","2","2","1","¤2,226","Condo","1982","1","","Yes","",""
"1","B26030517","A","3600","712 SE 11th Court","RIO VISTA ISLES ","","$1,590,000","","2","1","0","1,098","Single","1948","1","No","No","","6,250"
"1","A12012493","A","3270","918 NE 17th Ave","Victoria park ONE PALM"," ","$1,585,000","","3","3","1","","Townhouse","2025","1","","No","",""
"1","F10530571","A","3270","218 NE 15th Avenue Unit#218","Island Enclave Island Enclave"," ","$1,584,000","","4","4","0","3,500","Townhouse","2006","2","Yes","No","",""
"1","A12018500","A","3170","2308 SE 18 St","HARBOUR HEIGHTS ADD ","","$1,575,000","","3","3","0","¤1,658","Single","1956","0","No","No","Detached","¤8,625"
"1","A11836539","A","3160","551 N Fort Lauderdale Beach Blvd Unit#R201","551 FLB CONDOMINIUM RESID The Elliott","","$1,574,900","","2","2","0","¤1,034","Condo","2009","1","","Yes","",""
"1","A12056577","A","3380","1234 NE 17th Ter","LAKE RIDGE ","","$1,565,000","","3","3","1","2,502","Single","2026","2","Yes","No","Attached","¤4,254"
"1","B26054189","A","3260","2514 NE 21ST Street Unit#A","LIVERMORE ESTATES ","","$1,550,000","","3","3","1","2,450","Townhouse","2021","1","Yes","No","","2,750"
"1","B26041263","A","3170","2200 S Ocean Lane Unit#205","POINT OF AMERICAS PHASE II ","","$1,549,000","","2","2","1","2,170","Condo","1971","1","No","Yes","","0"
"1","A11850345","A","3160","2100 N Ocean Blvd Unit#18D","PALMS TOWER ONE CONDO THE PALMS"," ","$1,545,000","","3","2","1","¤2,172","Condo","1999","1","","Yes","",""
"1","B26019813","A","","915 SE 2nd Court","COLEE HAMMOCK ","","$1,524,900","","3","3","1","2,561","Townhouse","2016","2","No","No","","2,626"
"1","F10524232","A","3160","551 N Fort Lauderdale Beach Boulevard Unit#R1902","Ocean Resort Residences Ocean Resort Residences"," ","$1,500,000","","3","3","1","1,590","Condo","2009","2","No","Yes","","0"
"1","B26044640","A","3170","1676 S Ocean Lane Unit#253","OCEANAGE CONDO ","","$1,500,000","","2","2","0","1,264","Condo","1973","","No","Yes","","0"
"1","A12053405","A","3280","1500 SE 12th St Unit#1A","HEMINGWAY LANDINGS CONDO Hemingway Landings","","$1,500,000","","3","3","1","¤2,288","Condo","2009","2","","Yes","",""
"1","A11927612","A","3380","1524 NE 18th Ave","LAKELAND RESUB ","","$1,500,000","","4","3","1","¤2,685","Single","1974","2","Yes","Yes","Detached","¤9,618"
"1","B26004150","A","3600","805 SE 10th Street","RIO VISTA ISLES ","","$1,500,000","","3","3","0","2,408","Single","1979","2","No","No","Ranch","9,375"
"1","F10525284","A","3160","1151 N Fort Lauderdale Beach Boulevard Unit#14D","PARK TOWER PARK TOWER"," ","$1,499,900","","2","2","0","1,700","Condo","1966","1","","Yes","",""
"1","F10554136","A","3160","101 S Fort Lauderdale Beach Boulevard Unit#705","Las Olas Beach Club Las Olas Beach Club"," ","$1,499,000","","3","4","0","2,950","Condo","2007","1","","Yes","","0"
"1","R11150593","A","3160","101 S Fort Lauderdale Beach Boulevard Unit#702","Las Olas Beach Club "," ","$1,499,000","","3","3","0","2,380","Condo","2007","1","No","Yes","High Rise","0"
"1","A12037737","A","3260","2409 Bayview Dr","CORAL RIDGE GALT ADD ","","$1,499,000","","3","3","0","¤2,169","Single","1955","2","No","No","Detached","¤9,281"
"1","A11977837","A","3270","333 Las Olas Way Unit#2505","LAS OLAS RIVER HOUSE COND LORH"," ","$1,499,000","","2","3","0","¤2,129","Condo","2004","1","","Yes","",""
"501","A12008876","A","3280","1414 SE 12th St Unit#1B","HEMINGWAY LANDINGS CONDO HEMINGWAY LANDINGS","","$1,499,000","","2","2","1","¤2,120","Condo","2009","2","","Yes","",""
"501","B26020243","A","3370","2417 NE 19th Avenue","MIDDLE RIVER MANOR "," ","$1,499,000","","3","2","0","1,776","Single","1954","2","Yes","Yes","Ranch, Substantially Remodeled","7,000"
"501","A11933168","A","3500","308 SW 14th Ct","LAUDERDALE ","","$1,499,000","","4","4","0","¤2,440","Single","2025","1","No","No","Attached","3,780"
"501","B26001142","A","3600","1414 SE 12th Street Unit#3c","HEMINGWAY LANDINGS CONDO "," ","$1,499,000","","3","3","1","2,106","Condo","2009","2","No","Yes","Penthouse","0"
"501","B26030223","A","3160","3121 NE 26th Street","LAUDERDALE BEACH EXT UNIT ","","$1,495,000","","3","4","0","2,264","Townhouse","2008","2","No","Yes","","2,220"
"501","F10529156","A","3160","3030 N Ocean Boulevard Unit#S104","30 Thirty North Ocrsn 30 Thirty North Ocrsn"," ","$1,495,000","","3","3","1","2,140","Condo","2020","1","No","No","","0"
"501","B26043160","A","3280","48 Hendricks Isle Unit#2 A-a","MERITAGE CONDO ","","$1,495,000","","3","3","1","2,253","Condo","2006","2","No","Yes","Other","0"
"501","A12057029","A","3470","1713 SW 5th St","GILL ISLES ","","$1,495,000","","4","3","","¤1,532","Single","1957","0","Yes","Yes","Attached","¤6,825"
"501","B26051772","A","3600","1318 SE 12TH Way","LAUDERDALE HARBORS ","","$1,495,000","","2","2","0","1,457","Single","1952","1","Yes","Yes","Ranch","7,000"
"501","B26039542","A","3270","804 NE 7th Street","PROGRESSO ","","$1,475,000","","4","4","1","2,772","Townhouse","2007","2","No","No","Substantially Remodeled","2,937"
"501","F10556072","A","3800","100 E Las Olas Boulevard Unit#2404","100 LAS OLAS 100 LAS OLAS"," ","$1,475,000","","2","3","0","1,867","Condo","2020","1","","No","","0"
"501","F10528266","A","3170","1710 S Ocean Lane Unit#201","Lago Mar North Lodge Lago Mar North Lodge"," ","$1,464,999","","2","2","0","1,444","Condo","1984","","Yes","Yes","","0"
"501","B26031987","A","","1216 SE 1st Street","COLEE HAMMOCK ","","$1,450,000","","5","5","0","2,176","Single","1931","","Yes","No","","6,750"
"501","B26036713","A","3270","430 NE 7th Avenue Unit#430","HOLMBERG & MC KEES ","","$1,450,000","","4","3","1","2,920","Townhouse","2007","2","Yes","No","","3,143"
"501","A12022259","A","3370","105 NE 28th Ct","SUNSET MANORS AMEN PLAT ","","$1,450,000","","3","2","0","¤2,347","Single","2014","2","Yes","No","Attached","¤10,338"
"501","A11981004","A","3270","606 NE 14th Ave","PROGRESSO Victoria Park"," ","$1,449,000","","3","3","1","3,386","Townhouse","2008","2","","No","",""
"501","A11832572","A","3600","501 SE 6th Avenue Unit#611","Sixth & Rio Sixth & Rio","","$1,445,000","","2","2","","¤1,133","Condo","2026","2","","Yes","",""
"501","A11836637","A","3160","551 N Fort Lauderdale Beach Blvd Unit#R2205","551 FLB CONDOMINIUM RESID The Elliott","","$1,434,900","","2","2","0","¤1,113","Condo","2009","1","","Yes","",""
"501","A11935090","A","3700","505 NE 2nd Street Unit#34F","Viceroy Fort Lauderdale Viceroy Fort Lauderdale"," ","$1,430,000","","2","2","","1,162","Condo","2025","1","","No","",""
"501","F10552066","A","3160","3036 NE 19 Street","Lauderdale Beach Ext 27-4 "," ","$1,425,000","","3","2","1","1,917","Single","1951","2","Yes","No","","9,270"
"501","A12044939","A","3380","1332 NE 16th Ter","PROGRESSO ","","$1,425,000","","3","3","1","¤2,385","Single","2026","1","Yes","No","Attached","¤3,377"
"501","B26016114","A","3800","216 SE 10th Street","TARPON RIVER PARK "," ","$1,425,000","","4","3","0","2,556","Single","2015","","No","Yes","Substantially Remodeled","5,366"
"501","B26035778","A","","100 E Las Olas Boulevard Unit#2802","100 LAS OLAS CONDO ","","$1,400,000","","2","2","1","1,404","Condo","2020","2","No","No","","0"
"501","F10548474","A","3170","2100 S Ocean Lane Unit#1411","POINT OF AMERICAS I POINT OF AMERICAS I"," ","$1,400,000","","2","2","0","1,912","Condo","1969","1","","Yes","","0"
"501","B26027837","A","3370","3000 NE 21st Terrace","CORAL SHORES ","","$1,400,000","","3","2","0","1,920","Single","1958","","Yes","No","","9,083"
"501","A11859578","A","3380","2417 NE 18th Ave","MIDDLE RIVER MANOR ","","$1,400,000","","3","2","","¤1,404","Single","1955","2","Yes","Yes","Detached","¤7,000"
"501","B26052684","A","3160","101 S Fort Lauderdale Beach Boulevard Unit#907","LAS OLAS BEACH CLUB ","","$1,399,000","","2","2","0","1,905","Condo","2007","1","No","Yes","","0"
"501","F10551772","A","3160","2845 NE 9th Street Unit#601","Le Club Le Club","","$1,399,000","","2","2","1","2,095","Condo","2002","2","","Yes","",""
"501","A12014975","A","3270","909 NE 16th Ave","PROGRESSO Victoria Park Towers","","$1,399,000","","4","3","1","¤2,483","Townhouse","2023","1","","No","",""
"501","B26030659","A","","1523 SE 2nd Court","COLEE HAMMOCK "," ","$1,395,000","","3","3","0","1,787","Single","1949","","No","No","Substantially Remodeled","5,500"
"501","A11923837","A","3160","551 N Fort Lauderdale Beach Blvd Unit#R204","551 FLB CONDOMINIUM RESID OCEAN RESORT RESIDENCES","","$1,395,000","","2","2","1","¤1,061","Condo","2009","2","","Yes","",""
"501","F10529189","A","3160","615 Bayshore Drive Unit#301","La Cascade La Cascade"," ","$1,395,000","","2","2","1","2,274","Condo","2003","2","","Yes","","0"
"501","A12057687","A","3260","1319 NE 13th Ave","HOLIDAY HEIGHTS ","","$1,395,000","","3","3","1","2,496","Single","2026","2","Yes","No","Attached","¤3,758"
"501","B26040472","A","3280","76 Isle Of Venice Drive Unit#G","76 ISLE OF VENICE CO-OP ","","$1,395,000","","3","2","0","3,020","Co-Op","1977","1","Yes","Yes","","0"
"501","B26033457","A","3370","1916 NE 24th Street","CORAL POINT "," ","$1,395,000","","3","2","0","2,450","Single","1957","2","Yes","Yes","","9,736"
"501","F10525556","A","3380","1321 NE 14th Avenue Unit#1321","DUA Lake Ridge West DUA Lake Ridge West","","$1,395,000","","4","3","0","2,351","Townhouse","2025","1","Yes","No","",""
"501","B26044011","A","3270","535 N Victoria Park Road","VICTORIA PARK CORR AMEN PL "," ","$1,389,000","","3","2","1","1,792","Single","1924","","No","No","Garden Apartment, Substantially Remodeled","5,577"
"501","B26046006","A","3480","1423 SW 23rd Street","MARINA LANDINGS ","","$1,380,000","","4","3","1","2,700","Single","2025","2","Yes","No","","4,050"
"501","A11987828","A","3160","2100 N Ocean Blvd Unit#20D","PALMS TOWER ONE CONDO The Palms","","$1,375,000","","3","2","1","¤2,172","Condo","1999","1","","Yes","",""
"501","B26030023","A","3260","3000 E Oakland Park Boulevard Unit#1103","3000 Waterside ","","$1,359,920","","2","2","0","1,173","Condo","2028","1","No","Yes","","0"
"501","F10556801","A","3170","545 S Fort Lauderdale Beach Boulevard Unit#1702","Illini Association Illini Association","","$1,350,000","","2","2","0","1,290","Condo","1962","1","No","Yes","","0"
"501","B26053070","A","3270","315 NE 15th Avenue","VICTORIA PARK ","","$1,350,000","","3","3","1","2,854","Townhouse","2017","2","No","No","","3,125"
"501","F10550265","A","3270","907 NE 16th Avenue","VICTORIA PARK VICTOIRA PARK TOWNHOMES"," ","$1,350,000","","4","3","1","2,483","Townhouse","2023","1","","No","",""
"501","B26008052","A","3280","411 N New River Dr Drive Unit#3605","LAS OLAS GRAND CONDO ","","$1,350,000","","2","2","0","1,630","Condo","2005","2","No","Yes","","0"
"501","B26037612","A","3170","2100 S Ocean Lane Unit#101-102","POINT OF AMERICAS CONDO "," ","$1,349,000","","4","4","0","3,003","Condo","1969","1","No","Yes","","0"
"501","B26019993","A","3170","2100 S Ocean Lane Unit#1608","POINT OF AMERICAS CONDO "," ","$1,349,000","","2","2","0","1,880","Condo","1969","1","No","No","","0"
"501","B26009895","A","3170","1800 S Ocean Drive Unit#404","TOWNHOUSES AT HARBOR BEACH ","","$1,349,000","","2","2","1","1,790","Condo","1979","","No","Yes","","0"
"501","F10543684","A","3260","2615 NE 26th Street","Coral Ridge Galt Add 1 "," ","$1,349,000","","3","2","0","1,709","Single","1957","2","Yes","No","","9,043"
"501","F10551192","A","3160","2200 NE 32nd Avenue","Lauderdale Beach Ext 27-4 "," ","$1,345,000","","3","2","0","1,735","Single","1953","","Yes","No","","8,801"
"501","B26030071","A","3260","3000 E Oakland Park Boulevard Unit#1405","3000 Waterside ","","$1,336,800","","2","2","0","1,120","Condo","2028","1","No","Yes","","0"
"501","B26053406","A","3160","2821 N Ocean Boulevard Unit#503s","SAPPHIRE FORT LAUDERDALE C ","","$1,325,000","","3","3","0","1,888","Condo","2009","1","No","No","","0"
"501","B26014442","A","3170","2100 S Ocean Lane Unit#2508","POINT OF AMERICAS "," ","$1,325,000","","2","2","0","1,880","Condo","1969","2","No","Yes","Penthouse","0"
"501","R11133677","A","3270","925 NE 6th Street","PROGRESSO ","","$1,325,000","","3","3","0","2,239","Townhouse","2019","2","No","No","Garden Apartment","3,000"
"501","B26043316","A","3160","3100 NE 21st Street","LAUDERDALE BEACH EXT "," ","$1,300,000","","3","2","1","1,939","Single","1952","","Yes","No","","8,116"
"501","F10513160","A","3260","1900 Bayview Drive","Coral Ridge North "," ","$1,300,000","","2","2","0","1,711","Single","1952","2","Yes","No","","9,862"
"501","B26044769","A","3380","1123 NE 12th Avenue Unit#A","PROGRESSO "," ","$1,299,999","","3","3","1","2,316","Townhouse","2023","1","Yes","No","","3,374"
"501","B26037334","A","3260","2501 NE 26th Terrace","CORAL RIDGE GALT ADD ","","$1,299,900","","3","3","0","2,163","Single","1953","","Yes","No","","9,594"
"501","B26022657","A","3370","21 NE 25th Street","Petite ","","$1,299,900","","3","2","0","2,030","Single","2017","2","No","No","Substantially Remodeled","6,246"
"501","B26002593","A","3160","100 S Birch Road Unit#906","JACKSON TOWER LAS OLAS CON ","","$1,299,000","","3","2","1","1,958","Condo","2001","1","No","No","","0"
"501","B26010797","A","3170","1800 S Ocean Drive Unit#109","TOWNHOUSES AT HARBOR BEACH ","","$1,299,000","","2","2","1","1,904","Townhouse","1979","","No","Yes","Substantially Remodeled",""
"501","A11894613","A","3370","12 NE 26th St","Wilton Manors "," ","$1,299,000","","3","2","0","¤1,596","Single","2004","1","Yes","No","Detached","¤6,245"
"501","B26054516","A","3380","1245 NE 17TH Way","LAKE RIDGE ","","$1,299,000","","4","4","0","2,976","Single","1951","","Yes","No","","7,698"
"501","B26033671","A","","347 N New River Drive Unit#Ph 4","WATERGARDEN CONDO ","","$1,295,000","","2","2","1","1,918","Condo","2004","2","No","Yes","Penthouse, Substantially Remodeled","0"
"501","B26033835","A","3160","2001 N Ocean Boulevard Unit#Apt 1201","VUE CONDO "," ","$1,295,000","","3","3","0","1,686","Condo","2005","1","No","No","","0"
"501","B26020711","A","3170","2100 S Ocean Lane Unit#1202","POINT OF AMERICAS CONDO ","","$1,295,000","","2","2","0","1,879","Condo","1970","1","No","Yes","Substantially Remodeled","0"
"501","B26039931","A","3270","1413 NE 4th Court","LAS OLAS PARK CORR PLAT ","","$1,295,000","","2","2","1","1,894","Single","1938","","Yes","No","","5,966"
"501","A12017247","A","3270","700 NE 14th Ave Unit#311","PROGRESSO HOLIDAY PARK","","$1,295,000","","4","4","","2,228","Townhouse","2021","2","","No","",""
"501","B26035144","A","3280","411 N New River Dr Drive Unit#1703","LAS OLAS GRAND CONDO ","","$1,295,000","","2","2","1","2,110","Condo","2005","1","No","No","","0"
"501","F10541957","A","3280","424 Hendricks Isle Unit#6","The Boathouse The Boathouse","","$1,295,000","","2","2","1","2,260","Townhouse","1979","","","Yes","",""
"501","B26007066","A","3370","349 NE 29th Street","TROPICAL MANORS ADD 26 ","","$1,295,000","","3","3","0","2,204","Single","1955","","Yes","Yes","","6,534"
"501","A12036445","A","3800","333 Las Olas Way Unit#1207","LAS OLAS RIVER HOUSE COND Las Olas River House","","$1,295,000","","2","2","1","¤1,522","Condo","2004","1","","Yes","",""
"501","A11952280","A","3800","333 Las Olas Way Unit#3006","LAS OLAS RIVER HOUSE COND Las Olas River House","","$1,295,000","","2","2","1","¤1,869","Condo","2005","1","","Yes","",""
"501","A12034327","A","3160","715 Bayshore Dr Unit#705","LA RIVE CONDO La Rive"," ","$1,290,000","","3","2","1","¤1,733","Condo","2004","2","","Yes","",""
"501","F10538340","A","3600","918 SE 12th Street Unit#918","RIO SOUTH TOWNHOMES RIO SOUTH TOWNHOMES","","$1,289,000","","3","3","1","2,098","Townhouse","2027","2","No","No","",""
"501","B26053476","A","3600","1321 CORDOVA Road","LAUDERDALE HARBORS ","","$1,285,000","","3","2","0","1,726","Single","1951","","Yes","No","Ranch","7,500"
"501","A12048783","A","3160","3101 Bayshore Dr Unit#2209","FORT LAUDERDALE RESIDENCE W Hotel and Residence","","$1,280,000","","2","2","0","¤1,255","Hotel","2011","0","","Yes","",""
"501","B26001010","A","3480","1437 SW 23rd Court","MARINA LANDINGS ","","$1,280,000","","4","3","1","2,738","Single","2026","1","No","No","","4,083"
"501","B26019072","A","3170","1817 SE 25 Avenue","HARBOUR HEIGHTS ADD "," ","$1,275,000","","4","2","1","2,529","Single","1955","","No","No","","10,625"
"501","B26018986","A","3370","3057 NE 16th Avenue","CORAL BROOK ","","$1,275,000","","4","2","1","1,810","Single","1956","","Yes","Yes","","7,771"
"501","F10552369","A","3370","1500 NE 24th Street","Edgewater Estates 40-7 B "," ","$1,275,000","","3","2","1","2,582","Single","1958","0","Yes","Yes","","9,802"
"501","B26018609","A","3480","1421 SW 20th Court","RIVER OAKS ","","$1,275,000","","4","3","1","2,824","Single","2006","2","Yes","No","","7,929"
"501","F10538345","A","3600","912 SE 12th Street Unit#912","RIO SOUTH TOWNHOMES RIO SOUTH TOWNHOMES","","$1,269,000","","3","3","1","2,219","Townhouse","2027","2","No","No","",""
"501","R11120980","A","3370","2041 NE 30th Street","CORAL SHORES "," ","$1,260,000","","3","2","0","1,495","Single","1955","0","Yes","No","Garden Apartment","7,003"
"501","B26010249","A","3160","2845 NE 9th Street Unit#906","LE CLUB INTERNATIONAL COND ","","$1,250,000","","3","3","1","2,630","Condo","2002","2","No","Yes","","0"
"501","B26001960","A","3160","3101 Bayshore Drive Unit#2105","FORT LAUDERDALE RESIDENCES ","","$1,250,000","","2","2","0","1,283","Condo","2011","1","Yes","Yes","","0"
"501","A11969187","A","3160","401 N Birch Rd Unit#502","TIFFANY HOUSE CONDO TIFFANY HOUSE CONDO","","$1,250,000","","2","2","0","¤1,286","Condo","2019","0","","Yes","",""
"501","B26032012","A","3380","1900 NE 16th Terrace","Poinsettia Heights ","","$1,250,000","","3","2","0","2,000","Single","1950","","Yes","No","Ranch","10,495"
"501","A12056284","A","3470","1327 SW 21st Ct","RIVER OAKS ","","$1,250,000","","4","3","0","¤2,887","Single","2007","2","Yes","No","Attached","¤5,470"
"501","F10538329","A","3600","922 SE 12th Street Unit#922","RIO SOUTH TOWNHOMES RIO SOUTH TOWNHOMES","","$1,229,000","","3","3","1","2,202","Townhouse","2027","2","No","No","",""
"501","A12050259","A","3070","2424 NE 18th Ave","MIDDLE RIVER MANOR ","","$1,210,000","","3","2","1","¤2,023","Single","1955","0","Yes","Yes","Attached","¤7,000"
"501","A12001658","A","3160","3101 Bayshore Dr Unit#608","FORT LAUDERDALE RESIDENCE W Ft Lauderdale Residence","","$1,200,000","","2","2","0","¤1,214","Condo","2011","1","","No","",""
"501","B26014884","A","3160","401 N Birch Road Unit#Th3","TIFFANY HOUSE CONDO ","","$1,200,000","","2","3","1","1,631","Condo","2018","2","No","No","Patio/Cluster","0"
"501","B26049540","A","","600 W Las Olas Boulevard Unit#1808s","SYMPHONY SOUTH CONDO ","","$1,199,900","","3","2","1","1,620","Condo","2005","2","No","Yes","Other","0"
"501","B26029727","A","3270","1508 NE 6th Street","LAS OLAS PARK CORR PLAT ","","$1,199,000","","4","2","0","1,609","Single","1960","","No","No","Ranch","6,534"
"501","B26015887","A","3370","2757 NE 14th Avenue","MIDDLE RIVER ESTATES "," ","$1,199,000","","4","3","0","1,824","Single","1956","","Yes","Yes","","10,943"
"501","B26041821","A","3480","1449 SW 23rd Court","MARINA LANDINGS ","","$1,199,000","","4","3","1","2,779","Single","2026","2","No","No","","4,050"
"501","A11959647","A","3500","610 W Las Olas Blvd Unit#2014N","SYMPHONY NORTH CONDO The Symphony"," ","$1,199,000","","2","2","1","¤1,911","Condo","2006","1","","Yes","",""
"501","B26047214","A","3160","2831 N Ocean Boulevard Unit#303n","SAPPHIRE FORT LAUDERDALE C ","","$1,195,000","","3","3","0","1,888","Condo","2009","1","No","No","","0"
"501","F10478555","A","3260","1180 N Federal Highway Unit#1203","RIVA Residences RIVA Residences"," ","$1,195,000","","2","2","0","1,738","Condo","2018","2","","Yes","",""
"501","A12040743","A","3800","333 Las Olas Way Unit#2506","LAS OLAS RIVER HOUSE COND LAS OLAS RIVER HOUSE"," ","$1,195,000","","2","2","1","¤1,869","Condo","2004","1","","Yes","",""
"501","B26049921","A","3270","700 NE 14th Avenue Unit#312","PROGRESSO ","","$1,190,000","","3","3","0","2,215","Townhouse","2021","2","No","No","",""
"501","A12041606","A","3470","809 SW 10th Ter","Croissant Park River Croissant Park River","","$1,190,000","","3","3","1","¤2,016","Townhouse","2024","1","","No","",""
"501","A12035431","A","3280","347 N New River Dr E Unit#1904","WATERGARDEN CONDO Watergarden","","$1,175,000","","3","2","0","¤1,469","Condo","2004","2","","Yes","",""
"501","R11152103","A","3380","1052 N Victoria Park Road","Lake Ridge "," ","$1,175,000","","3","3","1","2,074","Townhouse","2022","2","Yes","No","",""
"501","A11962359","A","3480","1709 SW 23rd St","River Oak ","","$1,175,000","","4","3","","¤2,508","Single","2025","2","Yes","No","Attached","4,231"
"501","B26016790","A","3270","700 NE 14th Avenue Unit#208","PROGRESSO ","","$1,174,000","","4","4","0","2,231","Townhouse","2021","2","No","No","","1,019"
"501","R11167562","A","3600","1524 SE 12th Street Unit#6","LA CASA DEL RIO VISTA COND "," ","$1,159,000","","2","2","1","1,597","Townhouse","1982","0","No","Yes","",""
"501","F10535501","A","3160","1 N Fort Lauderdale Beach Boulevard Unit#1709","Ritz Carlton Ritz Carlton","","$1,150,000","","1","1","1","818","Condo","2007","1","No","Yes","","0"
"501","A11739402","A","3160","1 N Fort Lauderdale Beach Blvd Unit#1605","CASTILLO GRAND HOTEL RESI Ritz Carlton"," ","$1,150,000","","1","1","1","¤832","Condo","2007","1","","Yes","",""
"501","A12018535","A","3170","2100 S Ocean Ln Unit#2308","POINT OF AMERICAS CONDO POINT OF AMERICAS CONDO","","$1,150,000","","2","2","0","¤1,880","Condo","1969","1","","Yes","",""
"501","R11168820","A","3170","2000 S Ocean Drive Unit#810","EVERGLADES HOUSE "," ","$1,150,000","","3","3","0","2,650","Condo","1965","1","No","Yes","High Rise","0"
"501","B26048639","A","3260","1362 Bayview Drive","GRANDEUR ","","$1,150,000","","4","3","1","2,355","Townhouse","2008","2","Yes","No","","1,778"
"501","A12034388","A","3260","2441 Bayview Dr","CORAL RIDGE GALT ADD ","","$1,150,000","","3","2","1","¤1,768","Single","1953","2","Yes","No","Attached","¤9,662"
"501","A12015697","A","3270","636 NE 17th Ter","VICTORIA PARK CORR AMEN P ","","$1,150,000","","2","2","0","¤1,219","Single","1951","0","Yes","No","Detached","¤5,980"
"501","B26017710","A","3380","913 NE 15th Street","LAUDERDALE PARK 6-33 1/2 ","","$1,149,000","","4","3","1","2,228","Single","2024","1","No","No","Ranch","5,500"
"501","B26053757","A","3480","1301 Mandarin Isle","SOUTH NEW RIVER ISLES SEC ","","$1,149,000","","2","2","0","1,080","Single","1956","","Yes","Yes","Ranch","6,890"
"501","B26030078","A","3260","3000 E Oakland Park Boulevard Unit#1409","3000 Waterside ","","$1,148,540","","2","2","0","1,118","Condo","2028","1","No","Yes","","0"
"501","F10544917","A","3370","100 NE 22nd Street","Petite "," ","$1,140,000","","3","3","0","1,851","Single","1959","","Yes","No","","6,249"
"501","B26021578","A","3160","100 S Birch Road Unit#1004","JACKSON TOWER LAS OLAS CON ","","$1,125,000","","2","2","0","1,934","Condo","2001","1","No","No","","0"
"501","B26024953","A","3390","2836 NW 11th Avenue","JENADA ISLE ","","$1,125,000","","4","3","0","2,712","Single","1962","2","Yes","No","Substantially Remodeled","10,792"
"501","A12004173","A","3270","1313 NE 3rd St","STRANAHANS SUB "," ","$1,120,000","","3","2","0","¤1,118","Single","1940","0","Yes","No","Detached","¤7,000"
"501","A12018180","A","3270","1617 NE 3rd Ct","VICTORIA PARK CORR AMEN P ","","$1,119,000","","3","2","0","¤1,628","Single","1931","0","No","No","Detached","¤6,232"
"501","A12055544","A","3160","401 N Birch Rd Unit#415","TIFFANY HOUSE CONDO TIFFANY HOUSE CONDO","","$1,100,000","","2","2","1","¤1,293","Condo","2018","1","","No","",""
"501","B26044977","A","3160","401 N Birch Road Unit#703","TIFFANY HOUSE CONDO ","","$1,100,000","","2","2","0","1,285","Condo","2018","2","No","No","","0"
"501","A11903542","A","3160","401 N Birch Rd Unit#505","TIFFANY HOUSE CONDO TIFFANY HOUSE CONDO"," ","$1,100,000","","2","2","0","¤1,284","Condo","2017","2","","No","",""
"501","B26053615","A","3270","640 NE 8TH Avenue","PROGRESSO ","","$1,100,000","","4","3","0","1,784","Single","1948","","No","No","Ranch","6,750"
"501","B26028452","A","3270","700 NE 17th Way","VICTORIA HIGHLANDS AMD PLA ","","$1,100,000","","5","4","0","1,722","Single","1938","","Yes","No","","6,882"
"501","F10546363","A","3270","648 NE 16th Terrace","VICTORIA PARK ","","$1,100,000","","3","3","0","1,428","Single","1939","","No","No","","5,020"
"501","F10548851","A","3470","602 SW 7th Avenue","602/604 602/604"," ","$1,100,000","","3","3","1","2,316","Townhouse","2026","1","Yes","No","",""
"501","B26053770","A","3480","1505 SW 23RD Street","River Oaks ","","$1,100,000","","3","2","1","2,497","Single","2011","2","No","No","","4,834"
"501","A11988652","A","3480","1004 Mandarin Isle","SOUTH NEW RIVER ISLES SEC "," ","$1,100,000","","2","2","0","¤1,744","Single","1956","0","No","Yes","Detached","¤7,758"
"501","B26038609","A","3470","507 SW 11th Street","Tarpon River "," ","$1,099,000","","4","3","1","2,265","Townhouse","2026","2","No","No","","3,125"
"501","B26034264","A","3470","509 SW 11th Street","LAUDERDALE "," ","$1,099,000","","4","3","1","2,265","Townhouse","2026","1","No","No","","3,125"
"501","A12048297","A","3160","3101 BAYSHORE DR Unit#2306","W FORT LAUDERDALE RESIDENC W Residences Fort Lauderd","","$1,098,000","","2","2","","1,283","Condo","2014","1","","Yes","",""
"501","A11989618","A","3160","2100 N Ocean Blvd Unit#6C","PALMS TOWER ONE CONDO The Palms Tower One","","$1,095,000","","2","2","0","¤1,604","Condo","1999","1","","Yes","",""
"501","A12042757","A","3270","710 NE 3rd Ave","Flagler Heights Bamboo Flats","","$1,095,000","","4","4","1","¤2,842","Townhouse","2006","2","","No","",""
"501","B26039700","A","3380","1210 NE 11th Avenue","PROGRESSO ","","$1,095,000","","3","3","1","2,932","Townhouse","2009","2","No","No","Substantially Remodeled","2,326"
"501","F10458671","A","3700","733 NE 4th Avenue Unit#733","Bamboo Flats Bamboo Flats"," ","$1,095,000","","3","3","1","2,000","Townhouse","2007","2","","No","",""
"501","F10554065","A","3160","612 Bayshore Drive Unit#301","The Wave On Bayshore The Wave On Bayshore","","$1,090,000","","3","2","0","1,664","Condo","2020","2","","No","","0"
"501","A11908245","A","3160","3101 Bayshore Dr Unit#1102","FORT LAUDERDALE RESIDENCE W Fort Lauderdale Res.","","$1,090,000","","2","2","0","¤1,329","Condo","2011","1","","Yes","",""
"501","F10545083","A","3270","732 NE 15th Avenue","Victoria Park Victoria Park"," ","$1,089,000","","3","3","1","2,456","Townhouse","2007","2","","No","",""
"501","B26033383","A","3260","2720 NE 15th Street Unit#303","Rio Villas of Coral Ridge ","","$1,085,000","","2","2","0","1,618","Condo","2000","2","No","Yes","","0"
"501","A11936904","A","3560","3056 NE 14th Ave","OCEAN BOULEVARD PARK "," ","$1,080,000","","3","3","0","¤2,257","Single","1982","4","Yes","No","Attached","¤7,206"
"501","A11961106","A","3170","1710 S Ocean Ln Unit#404","LAGO MAR NORTH LODGE COND LAGO MAR NORTH LODGE"," ","$1,075,000","","2","2","0","¤1,444","Condo","1985","0","","Yes","",""
"501","B26022135","A","3470","821 SW 1st Street","Sailboat Bend "," ","$1,075,000","","3","3","1","2,723","Townhouse","2026","1","No","No","",""
"501","B26022083","A","3470","819 SW 1st Street","Sailboat Bend "," ","$1,075,000","","3","3","1","2,723","Single","2026","1","No","No","","3,500"
"501","A11998295","A","3480","905 Mandarin Isle","SOUTH NEW RIVER ISLES SEC ","","$1,075,000","","3","2","0","¤1,384","Single","1957","2","Yes","Yes","Detached","¤7,420"
"501","A11997184","A","3390","717 NW 30th St","JENADA VILLAS ","","$1,070,000","","4","3","0","¤2,590","Single","1958","2","No","Yes","Detached","¤10,235"
"501","A12018440","A","3080","1801 NE 13th St Unit#1829","Galleria Villages Galleria Villages","","$1,050,000","","3","3","1","¤2,036","Townhouse","2024","2","","No","",""
"501","B26044174","A","3160","401 N Birch Road Unit#504","TIFFANY HOUSE CONDO "," ","$1,050,000","","2","2","0","1,285","Condo","2018","2","No","No","","0"
"501","A12013228","A","3170","1620 S Ocean Ln Unit#236","OCEANAGE CONDO The Oceanage","","$1,050,000","","2","2","0","¤1,273","Condo","1973","1","","Yes","",""
"501","B26023032","A","3470","1704 SW 4th Court","GILL ISLES "," ","$1,050,000","","3","2","0","1,462","Single","1957","","Yes","Yes","Ranch","6,825"
"501","A11971084","A","3170","1698 S Ocean Ln Unit#171","OCEANAGE CONDO The Oceanage","","$1,049,000","","2","2","0","¤1,264","Condo","1973","1","","No","",""
"501","B26031893","A","3470","915 W Las Olas Boulevard Unit#915","WAVERLY PLACE ","","$1,049,000","","3","3","0","2,560","Townhouse","2006","2","No","No","Substantially Remodeled","3,850"
"501","A11988701","A","3370","2580 Manor Way","Altessa At Wilton Manors Altessa At Wilton Manors"," ","$1,043,390","","4","2","2","2,179","Townhouse","2026","2","","No","",""
"501","B26031612","A","3380","1412 NE 15th Avenue","Progresso ","","$1,025,000","","3","3","0","2,107","Single","1950","","No","No","","9,756"
"501","A12054342","A","3470","800 SW 8th Ter","Tarpon River ","","$1,025,000","","3","2","0","¤2,340","Single","1950","2","Yes","Yes","Detached","¤10,838"
"501","A11860158","A","3160","3101 Bayshore Dr Unit#805","FORT LAUDERDALE RESIDENCE W Fort Lauderdale Residen","","$1,020,000","","2","2","0","¤1,176","Condo","2011","1","","Yes","",""
"501","F10486850","A","3700","505 NE 2nd Street Unit#4A","Viceroy Fort Lauderdale Viceroy Fort Lauderdale"," ","$1,020,000","","2","2","0","1,229","Condo","2029","1","","No","",""
"501","A11781047","A","3160","551 N Fort Lauderdale Beach Blvd Unit#H1705","551 FLB CONDOMINIUM HOTEL Ocean Resort Residences"," ","$1,019,000","","2","2","0","¤1,113","Condo","2009","2","","Yes","",""
"501","A11988664","A","3370","2572 NE 16 Avenue","Altessa At Wilton Manors Altessa At Wilton Manors"," ","$1,010,040","","3","3","2","2,374","Townhouse","2026","2","","No","",""
"501","B26012718","A","3160","511 Bayshore Drive Unit#707","BAYSHORE TOWERS ","","$1,000,000","","3","3","0","1,705","Condo","1971","1","No","Yes","Other","0"
"501","A12029992","A","3370","813 NE 17th St","LAUDERDALE PARK 6-33 1/2 ","","$1,000,000","","5","3","0","¤1,587","Single","1952","0","Yes","No","Detached","¤6,670"
"501","B26016853","A","3380","1717 NE 20th Avenue","LAUDER-GATE 26-48 B "," ","$1,000,000","","3","2","0","1,620","Single","1955","","Yes","Yes","","6,600"
"501","A12039426","A","3460","100 NE 5th St","NORTH LAUDERDALE AMENDED ","","$1,000,000","","2","1","0","¤672","Single","1935","0","No","No","Detached","¤3,150"
"501","A12046014","A","3470","1625 SW 5th Ct","GILL ISLES ","","$1,000,000","","3","2","0","¤1,521","Single","1957","2","Yes","Yes","Detached","¤7,150"
"501","B26050581","A","3600","904 SE 12th Street","EVERGLADE LAND SALES CO ","","$1,000,000","","2","1","0","1,379","Single","1952","","No","No","","10,125"
"501","B26006460","A","3160","777 NE Bayshore Drive Unit#705","AMERICAS ON THE PARK CONDO ","","$999,000","","2","2","1","1,820","Condo","1976","1","No","Yes","Garden Apartment, Substantially Remodeled","0"
"501","A12015471","A","3390","400 NW 30th Ct","BOULEVARD ESTATES AMEN ","","$999,000","","4","2","0","¤1,583","Single","1960","2","No","Yes","Detached","¤8,452"
"501","B26000697","A","3480","2105 SW 12th Terrace","JACOBS LANDING ","","$999,000","","4","2","1","2,141","Single","2000","2","Yes","No","Ranch","8,873"
"501","F10495877","A","3380","1924 NE 18th Street","Lauder-Gate 26-48 B "," ","$997,250","","3","2","0","1,565","Single","1961","1","Yes","Yes","","7,126"
"501","B26053681","A","3160","2409 N OCEAN Boulevard Unit#626","FOUNTAINS ON OCEAN BOULEVA ","","$995,000","","3","3","0","1,820","Condo","2008","2","No","No","","0"
"501","A12030082","A","3160","2821 N Ocean Blvd Unit#508S","SAPPHIRE FORT LAUDERDALE SAPPHIRE FORT LAUDERDALE","","$995,000","","2","2","0","¤1,500","Condo","2009","1","","No","",""
"501","B26024992","A","3160","1901 N Ocean Boulevard Unit#16a","SHORE CLUB CONDO ","","$995,000","","2","2","0","1,500","Condo","1976","1","No","No","Substantially Remodeled","0"
"501","A11773513","A","3170","2100 S Ocean Ln Unit#805","POINT OF AMERICAS POINT OF AMERICAS"," ","$995,000","","2","2","0","¤1,880","Condo","1969","1","","Yes","",""
"501","A12009708","A","3270","542 NE 17th Ave","VICTORIA PARK CORR AMEN P VICTORIA PARK","","$995,000","","3","3","0","¤2,284","Townhouse","2007","1","","No","",""
"501","A12026024","A","3380","1112 NE 17th Way","PROGRESSO Lakes of Treasure Villag","","$995,000","","3","3","1","¤2,732","Townhouse","2010","2","","No","",""
"501","A12009465","A","3380","1056 N Victoria Park Rd","PROGRESSO Lineo"," ","$995,000","","3","3","1","¤1,988","Townhouse","2022","2","","No","",""
"501","B26029979","A","3390","2740 NW 9th Lane","JENADA VILLAS 1 ADD ","","$995,000","","4","3","0","2,212","Single","1957","","Yes","No","Ranch","11,377"
"501","F10498841","A","3470","807 SW 7th Avenue","TARPON RIVER TARPON RIVER"," ","$995,000","","3","2","1","2,378","Townhouse","2016","2","","No","",""
"501","A12018952","A","3480","917 Mandarin Isle","SOUTH NEW RIVER ISLES SEC "," ","$995,000","","2","1","","¤1,122","Single","1956","0","No","Yes","Attached","¤6,890"
"501","F10552209","A","3500","1514 SW 4th Avenue Unit#1514","NO NAME NO NAME"," ","$994,100","","3","2","1","2,220","Townhouse","2022","1","","No","",""
"501","A11946729","A","3160","209 N Fort Lauderdale Beach Blvd Unit#6B","THE SEASONS THE SEASONS"," ","$990,000","","2","2","0","¤1,450","Condo","1982","1","","Yes","",""
"501","F10466245","A","3370","2299 NE 9th Avenue Unit#2299","WILTON MANORS Belle Isle","","$989,000","","3","3","1","1,880","Townhouse","2006","2","No","No","","800"
"501","B26025797","A","3370","917 NE 18th Street","LAUDERDALE PARK 6-33 1/2 "," ","$987,000","","3","2","0","1,703","Single","1957","","Yes","No","Substantially Remodeled","6,000"
"501","A11911632","A","3470","701 SW 9th Ave","NEW UTOPIA "," ","$980,000","","3","2","0","¤1,310","Single","1949","0","No","No","Detached","¤5,596"
"501","B26014434","A","3370","2300 NE 16th Avenue","EDGEWATER ESTATES "," ","$979,900","","3","2","0","1,690","Single","1956","2","Yes","No","",""
"501","A12018424","A","3080","1801 NE 13th St Unit#1821","Galleria Villages Galleria Villages","","$975,000","","3","3","1","¤2,036","Townhouse","2024","2","","No","",""
"501","B26014314","A","3170","1922 S Ocean Lane Unit#10","OCEAN LANE VILLAS CO-OP "," ","$975,000","","2","2","0","940","Co-Op","1956","","No","Yes","Garden Apartment",""
"501","B26011299","A","3170","100 S Birch Road Unit#1703f","JACKSON TOWER LAS OLAS CON ","","$975,000","","2","2","0","1,722","Condo","2001","1","No","No","Other","0"
"501","B26044742","A","3280","325 Sunset Drive Unit#A","LAKE SHORE CONDO ","","$975,000","","2","2","0","1,610","Condo","1948","1","No","Yes","Garden Apartment, Penthouse","0"
"501","B26040418","A","3280","2500 E Las Olas Boulevard Unit#1901","MARINE TOWER CONDO ","","$975,000","","2","2","0","1,397","Condo","1969","1","No","No","Substantially Remodeled","0"
"501","A11935077","A","3700","505 NE 2nd Street Unit#25H","Viceroy Fort Lauderdale Viceroy Fort Lauderdale"," ","$975,000","","1","1","","810","Condo","2025","1","","No","",""
"501","B26035691","A","3700","300 NE 3rd Avenue Unit#1211s","Ombelle Fort Lauderdale ","","$967,032","","2","2","0","1,056","Condo","2028","1","No","No","","0"
"501","A11991586","A","3160","1905 N Ocean Blvd Unit#PHA","SHORE CLUB CONDO Shore Club"," ","$965,000","","2","2","0","¤1,500","Condo","1976","1","","Yes","",""
"501","A11988706","A","3370","2540 Manor Way","Altessa At Wilton Manors Altessa At Wilton Manors"," ","$961,990","","3","2","2","2,046","Townhouse","2026","2","","No","",""
"501","B26053344","A","3470","1101 Waverly Road","WAVERLY PLACE ","","$959,000","","3","3","1","2,779","Townhouse","2009","2","No","No","","4,615"
"501","A12002138","A","3370","811 NE 17th Ct","LAUDERDALE PARK 6-33 1/2 "," ","$955,000","","3","2","0","¤1,752","Single","1955","0","Yes","No","Detached","¤6,753"
"501","A12014544","A","3070","1031 NE 13th Ave","PROGRESSO Islamorada"," ","$950,000","","4","3","1","¤2,680","Townhouse","2018","2","","No","",""
"501","B26042993","A","3160","2011 N Ocean Boulevard Unit#1606","Vue Condo ","","$950,000","","2","2","0","1,268","Condo","2005","2","No","Yes","Penthouse","0"
"501","A11937112","A","3170","2200 S Ocean Ln Unit#2903","POINT OF AMERICAS II POINT OF AMERICAS"," ","$950,000","","2","2","","¤1,258","Condo","1971","1","","Yes","",""
"501","A11739942","A","3260","1180 N Federal Hwy Unit#605","RIVA RIVA RESIDENCES"," ","$950,000","","2","2","1","¤1,783","Condo","2018","2","","Yes","",""
"501","F10517555","A","3390","2501 NW 8th Avenue","Babco Park 42-6 B ","","$950,000","","3","3","0","2,100","Single","1957","0","Yes","No","","9,804"
"501","A11873307","A","3700","505 NE 2nd Street Unit#15B","Viceroy Fort Lauderdale Viceroy Fort Lauderdale"," ","$950,000","","1","1","","912","Condo","2025","1","","No","",""
"501","A12052225","A","3160","3101 Bayshore Dr Unit#1802","FORT LAUDERDALE RESIDENCE W FORT LAUDERDALE RESIDEN","","$949,999","","2","2","0","¤1,329","Condo","2011","1","","Yes","",""
"501","A12003284","A","3390","2832 NW 10th Ave","JENADA ISLE "," ","$949,999","","3","3","0","¤1,876","Single","1960","2","Yes","Yes","Detached","¤7,499"
"501","B26050605","A","3370","234 NE 21st Court","Wilton Manors ","","$949,900","","4","3","0","1,970","Single","1953","2","Yes","No","","9,215"
"501","F10552159","A","3380","3044 NE 15th Terrace","Coral Brook 37-18 B "," ","$949,000","","3","2","0","2,485","Single","1956","","Yes","Yes","","7,800"
"501","B26043831","A","3370","2900 NE 12th Terrace Unit#25","POINTE @ MIDDLE RIVER ","","$948,500","","3","2","2","2,152","Townhouse","2017","2","No","Yes","","1,152"
"501","A12015856","A","3512","1649 NE 8th Ave","MIDDLE RIVER TERRACE AMD ","","$947,000","","5","3","0","¤1,776","Single","1954","0","Yes","No","Detached","¤6,955"
"501","F10527038","A","3600","1524 SE 12th Street Unit#5","La casa del Rio La casa del Rio"," ","$945,000","","2","2","1","1,208","Condo","1981","2","","Yes","",""
"501","A11979850","A","3160","2831 N Ocean Blvd Unit#207N","SAPPHIRE FORT LAUDERDALE SAPPHIRE"," ","$940,000","","2","2","0","¤1,468","Condo","2009","1","","No","",""
"501","A11952571","A","3370","416 NE 29th St","TROPICAL MANORS ADD "," ","$940,000","","3","2","0","¤1,514","Single","1961","0","Yes","No","Detached","¤6,358"
"501","A11776378","A","3160","3101 Bayshore Dr Unit#1504","FORT LAUDERDALE RESIDENCE W Fort Lauderdale Residen"," ","$939,999","","2","2","0","¤1,176","Condo","2011","2","","Yes","",""
"501","A11988679","A","3370","2552 NE 16 Ave","Altessa At Wilton Manors Altessa At Wilton Manors"," ","$939,490","","3","2","2","1,940","Townhouse","2026","1","","No","",""
"501","A12025071","A","3160","3101 Bayshore Dr Unit#1402","FORT LAUDERDALE RESIDENCE W Hotel Residences","","$939,000","","2","2","0","¤1,329","Condo","2011","1","","Yes","",""
"501","B26015237","A","3270","1742 NE 7th Street","VICTORIA PARK CORR AMEN PL "," ","$935,000","","3","2","0","1,667","Single","1950","1","Yes","No","Substantially Remodeled","6,147"
"501","A11909139","A","3170","2100 S Ocean Ln Unit#808","POINT OF AMERICAS CONDO POINT OF AMERICAS"," ","$930,000","","2","2","0","¤1,880","Condo","1969","1","","Yes","",""
"501","B26041582","A","3260","1180 N Federal Highway Unit#707","RIVA CONDOMINIUM ","","$929,900","","2","2","1","1,617","Condo","2018","1","No","No","","0"
"501","B26027238","A","3380","1043 N Victoria Park Road Unit#1-2","PROGRESSO "," ","$929,000","","4","4","0","1,498","Single","1960","","Yes","No","Substantially Remodeled","6,755"
"501","A11992551","A","3380","1118 NE 10th Ave","PROGRESSO Bijou Lake Ridge"," ","$929,000","","3","2","1","¤1,550","Townhouse","2023","1","","No","",""
"501","A12028738","A","3170","2100 S Ocean Ln Unit#1409","POINT OF AMERICAS CONDO point of America","","$925,000","","2","2","0","¤1,513","Condo","1969","1","","Yes","",""
"501","A12010841","A","3370","1315 NE 5th Ter","PROGRESSO "," ","$925,000","","4","3","0","¤1,780","Single","1959","0","Yes","No","Attached","¤6,758"
"501","F10545760","A","3480","1516 SW 15th Terrace","Shady Banks On New River "," ","$925,000","","4","3","0","2,292","Single","1952","","Yes","No","","18,592"
"501","A11934011","A","3390","513 NW 30th St","MARCH ESTATES AMEN "," ","$919,900","","3","2","0","¤1,325","Single","1956","0","Yes","Yes","Detached","¤6,657"
"501","B26019497","A","3270","700 NE 14th Avenue Unit#206","PROGRESSO "," ","$915,000","","3","4","0","2,076","Townhouse","2021","2","No","No","Split Level","906"
"501","B26010262","A","3170","100 S Birch Road Unit#1403f","JACKSON TOWER LAS OLAS CON ","","$900,000","","2","2","0","1,722","Condo","2001","1","No","Yes","Other","0"
"501","B26037549","A","3260","2610 NE 11th Court","CORAL RIDGE SOUTH ADD ","","$900,000","","3","3","1","2,048","Townhouse","2006","2","No","No","Substantially Remodeled",""
"501","A11757722","A","3260","2725 NE 21st Ave","CORAL SHORES "," ","$900,000","","3","2","","¤1,829","Single","1953","1","Yes","No","Attached","¤8,400"
"501","B26010314","A","","347 N New River Drive Unit#1509","WATERGARDEN CONDO "," ","$899,000","","3","2","0","1,469","Condo","2004","2","No","Yes","","0"
"501","B26018524","A","3160","215 N Birch Road Unit#A2","VERSAILLES CO-OP ","","$899,000","","2","2","0","1,448","Co-Op","1959","","No","Yes","",""
"501","F10555324","A","3170","1 Las Olas Circle Unit#1117","Venetian Condominium Venetian Condominium","","$899,000","","2","2","0","1,350","Condo","1971","1","","Yes","",""
"501","B26052105","A","3260","1180 N FEDERAL Highway Unit#809","RIVA CONDOMINIUM ","","$899,000","","2","2","0","1,404","Condo","2018","1","No","No","","0"
"501","B26053222","A","3270","1617 NE 2nd Court","VICTORIA PARK  ","","$899,000","","4","3","1","2,652","Townhouse","2005","2","No","No","Other, Patio/Cluster","2,222"
"501","F10554836","A","3280","2500 E Las Olas Boulevard Unit#1509","MARINE TOWER MARINE TOWER"," ","$899,000","","3","2","1","1,940","Condo","1969","1","","No","","0"
"501","B26002506","A","3370","525 NE 27th Street","SUNSET MANORS AMEN PLAT "," ","$899,000","","5","3","0","1,775","Single","1952","","Yes","No","Substantially Remodeled","12,823"
"501","F10547927","A","3370","1124 NE 2nd Avenue Unit#1124","Silver Engrave Silver Engrave","","$899,000","","4","3","0","2,249","Townhouse","2021","1","","No","",""
"501","A12025051","A","3380","1212 NE 17th Ter","LAKE RIDGE "," ","$899,000","","3","2","0","¤1,380","Single","1950","3","Yes","No","Detached","¤8,102"
"501","A12033802","A","3390","2856 NW 10th Ave","JENADA ISLE ","","$899,000","","3","2","0","¤2,151","Single","1962","2","No","Yes","Detached","¤9,432"
"501","B26033055","A","3470","312 SW 12th Avenue","Sailboat Bend "," ","$899,000","","5","3","0","1,611","Single","1949","","No","No","Substantially Remodeled","6,750"
"501","B26030915","A","3480","1515 SW 13th Court","Shady Banks "," ","$899,000","","5","3","0","2,764","Single","1962","","No","No","","7,000"
"501","F10546555","A","3810","445 N Andrews Avenue Unit#403","avenue lofts avenue lofts"," ","$899,000","","2","2","0","2,098","Condo","2005","1","","No","","0"
"501","A11987975","A","3090","632 NW 28th Ct","WILTON ESTATES "," ","$895,000","","3","2","0","¤1,507","Single","1959","0","Yes","No","Attached","¤8,404"
"501","A11961492","A","3160","341 N Birch Rd Unit#209","FORT LAUDERDALE YACHT Ft Laud Yacht Beach Club"," ","$895,000","","2","2","0","¤946","Condo","1994","0","","Yes","",""
"501","A11971166","A","3260","936 Intracoastal Dr Unit#9H","CORINTHIAN ON THE INTRACO Corinthian","","$895,000","","2","2","0","¤1,620","Condo","1975","1","","Yes","",""
"501","B26026197","A","3280","333 Sunset Drive Unit#708","FOUR SEASONS CONDO ","","$895,000","","2","2","1","1,770","Condo","1959","1","No","Yes","Substantially Remodeled","0"
"501","A12037402","A","3370","424 NE 27th Dr","TROPICAL MANORS ","","$895,000","","3","2","0","¤1,344","Single","1954","1","Yes","No","Attached","¤6,987"
"501","B26024696","A","3390","332 NW 26th Court","BABCO HEIGHTS ","","$895,000","","3","2","0","1,404","Single","1957","","Yes","No","Ranch, Substantially Remodeled","13,273"
"501","B26005620","A","3470","629 SW 12th Avenue","RIVERSIDE ADD AMEN PLAT "," ","$895,000","","3","2","1","2,073","Townhouse","2018","2","No","No","Other","2,592"
"501","B26050030","A","3160","100 S Birch Road Unit#1003f","JACKSON TOWER LAS OLAS CON ","","$890,000","","2","2","0","1,722","Condo","2001","2","No","Yes","","0"
"501","B26036170","A","3370","1400 NE 24th Street Unit#1400","MIDDLE RIVER PLAZA "," ","$889,900","","3","2","1","2,652","Townhouse","2007","2","Yes","No","",""
"501","A12028798","A","3370","2900 NE 12th Ter Unit#14","POINTE @ MIDDLE RIVER Pointe at Middle River","","$889,000","","3","2","2","¤2,152","Townhouse","2017","2","","Yes","",""
"501","B26027502","A","3380","1039 N Victoria Park Road Unit#1-3","PROGRESSO "," ","$889,000","","4","3","0","1,971","Single","1956","","No","No","Substantially Remodeled","6,755"
"501","B26028688","A","3480","1514 Davie Boulevard","HENDRICKS HEIGHTS "," ","$889,000","","4","3","1","2,236","Single","2016","2","No","No","","7,590"
"501","A11793722","A","3800","333 Las Olas Way Unit#2401","LAS OLAS RIVER HOUSE COND LAS OLAS RIVER HOUSE COND","","$888,001","","2","2","0","¤1,161","Condo","2004","1","","Yes","",""
"501","A11946347","A","3380","1115 NE 14th Ave","PROGRESSO Villa Valentina"," ","$885,000","","3","2","1","¤2,262","Townhouse","2007","2","","No","",""
"501","A12020003","A","3280","76 Isle Of Venice Dr Unit#C","76 ISLE OF VENICE CO-OP 76 Isle Of Venice"," ","$884,900","","2","2","0","¤1,542","Co-Op","1977","0","","Yes","",""
"501","F10556207","A","3280","347 N New River Drive Unit#610","Watergarden Condo Watergarden Condo","","$880,000","","2","2","0","1,204","Condo","2004","1","","Yes","","0"
"501","A12055119","A","3160","3101 Bayshore Dr Unit#1708","FORT LAUDERDALE RESIDENCE W Redidences and Hotel","","$879,000","","2","2","0","¤1,214","Condo","2011","1","","Yes","",""
"501","B26054375","A","3260","936 Intracoastal Drive Unit#22C","CORINTHIAN ON THE INTRACOA ","","$879,000","","2","2","0","1,500","Condo","1974","2","Yes","Yes","","0"
"501","B26050833","A","3260","936 Intracoastal Drive Unit#12h","CORINTHIAN ON THE INTRACOA ","","$875,000","","2","2","0","1,620","Condo","1974","1","No","Yes","Substantially Remodeled","0"
"501","F10533254","A","3390","600 NW 22nd Court","Hillbrook 30-4 B "," ","$875,000","","3","2","0","1,940","Single","1965","","Yes","No","","10,004"
"501","B26044212","A","3370","2627 NE 10th Avenue","Sun Manors ","","$874,950","","4","3","1","1,840","Single","1951","","No","No","Ranch","7,811"
"501","A11921557","A","3260","936 Intracoastal Dr Unit#15H","CORINTHIAN ON THE INTRACO Corinthian"," ","$874,000","","2","2","0","¤1,620","Condo","1975","2","","Yes","",""
"501","B26020429","A","3170","1 Las Olas Circle Unit#1211","VENETIAN CONDO ","","$869,000","","2","2","0","1,200","Condo","1970","1","No","Yes","Substantially Remodeled","0"
"501","F10536147","A","3280","347 N New River Drive Unit#1603","WATERGARDEN CONDO WATERGARDEN CONDO"," ","$869,000","","2","2","0","1,204","Condo","2004","2","","Yes","","0"
"501","F10556689","A","3380","1516 NE 12th Street","Lake Ridge ","","$869,000","","2","1","0","1,376","Single","1949","1","Yes","No","","6,752"
"501","F10518425","A","3500","1428 SW 4th Avenue Unit#1428","Michelle I & II Michelle I & II"," ","$863,020","","4","3","1","2,242","Townhouse","2023","2","","No","",""
"501","B26039381","A","3370","14 NE 26th Court","SUN SET MANORS FIRST ADD ","","$859,000","","3","3","0","1,747","Single","1953","","No","No","Ranch, Substantially Remodeled","7,147"
"501","A11942342","A","3170","1 Las Olas Circle Unit#306","Venetian Condominium Venetian"," ","$855,000","","2","2","0","¤1,500","Condo","1971","1","","Yes","",""
"501","A12030268","A","3350","735 NE 17th Ter","VICTORIA COURTS ","","$850,000","","3","2","0","¤1,538","Single","1941","0","No","No","Attached","¤4,901"
"501","B26046427","A","3380","1522 NE 17th Terrace","POINSETTIA HEIGHTS ","","$850,000","","4","2","0","1,318","Single","1950","","Yes","No","Ranch","7,704"
"501","A12039910","A","3460","104 NE 5th St","NORTH LAUDERDALE AMENDED ","","$850,000","","2","1","","¤1,470","Single","1935","0","No","No","Detached","¤3,225"
"501","A11872884","A","3480","708 SW 19th St","PINEHURST REV PL OF PORTI ","","$850,000","","3","2","0","¤1,343","Single","1949","0","Yes","No","Attached","¤7,555"
"501","B26004465","A","","610 W Las Olas Boulevard Unit#1613n","SYMPHONY NORTH CONDO "," ","$849,900","","2","2","0","1,298","Condo","2005","1","No","Yes","","0"
"501","B26043330","A","3370","2700 NE 8th Avenue","HIGHLAND ESTATES ","","$849,900","","4","3","1","2,785","Townhouse","2008","2","No","No","Other, Substantially Remodeled","4,206"
"501","A12025388","A","3800","333 Las Olas Way Unit#1608","LAS OLAS RIVER HOUSE CONDO LAS OLAS RIVER HOUSE COND","","$849,900","","2","2","","1,161","Condo","2005","1","","Yes","",""
"501","B26041343","A","3160","3101 Bayshore Drive Unit#1508","FORT LAUDERDALE RESIDENCES ","","$849,500","","2","2","0","1,214","Condo","2011","1","No","Yes","","0"
"501","B26039163","A","3160","2800 E Sunrise Boulevard Unit#4c","SUNRISE EAST CONDO ","","$849,000","","2","2","0","1,575","Condo","1969","1","Yes","Yes","","0"
"501","B26013161","A","3170","1956 S Ocean Lane Unit##3","LA COQUINA CO-OP "," ","$849,000","","2","2","0","1,080","Co-Op","1958","","No","Yes","Substantially Remodeled",""
"501","B26054326","A","3260","936 Intracoastal Drive Unit#22F","CORINTHIAN ON THE INTRACOA ","","$849,000","","2","2","0","1,500","Condo","1974","1","No","Yes","","0"
"501","A12003323","A","3370","31 NE 27th Dr","BABCO MANORS ","","$849,000","","3","2","0","¤1,248","Single","1956","1","Yes","No","Detached","¤9,402"
"501","B26039693","A","3380","1736 NE 18th Street","PROGRESSO ","","$849,000","","3","2","0","1,284","Single","1951","","Yes","No","Ranch, Substantially Remodeled","6,022"
"501","A12027733","A","3500","3101 Bayshore Dr Unit#1205","FORT LAUDERDALE RESIDENCE FORT LAUDERDALE RESIDENCE"," ","$849,000","","2","2","0","¤1,176","Condo","2011","0","","Yes","",""
"501","B26045867","A","3170","2100 S Ocean Lane Unit#703","POINT OF AMERICAS CONDO ","","$845,000","","2","2","0","1,500","Condo","1969","1","No","Yes","","0"
"501","A11998052","A","3380","1205 NE 17th Ter","PROGRESSO "," ","$845,000","","3","2","0","¤1,034","Single","1950","1","No","No","Detached","¤6,754"
"501","A12037256","A","3240","424 NE 28th Dr","TROPICAL MANORS "," ","$843,000","","2","2","0","¤1,074","Single","1955","0","Yes","No","Detached","¤7,001"
"501","A12029256","A","3431","1417 NE 17th St","ALLENWOOD N/A"," ","$840,750","","4","3","1","¤2,471","Townhouse","2017","2","","No","",""
"501","B26035794","A","","101 SE 15th Avenue Unit#E","COLEE HAMMOCK "," ","$840,000","","3","2","1","1,774","Townhouse","1988","1","No","No","Patio/Cluster","2,433"
"501","F10530595","A","3160","3101 Bayshore Unit#1007","W Residence W Residence"," ","$840,000","","2","2","0","1,176","Condo","2010","1","","Yes","",""
"501","B26017712","A","3480","1500 SW 20th Street","RIVER OAKS "," ","$840,000","","4","2","0","2,464","Single","2012","2","No","No","Ranch","7,092"
"501","B26031906","A","3480","1721 SW 23rd Street Unit#1721","OSCEOLA PARK "," ","$839,000","","5","3","1","3,089","Townhouse","2008","1","No","No","Substantially Remodeled","2,855"
"501","B26045363","A","3500","2012 SW 4th Avenue","LAUDERDALE ","","$839,000","","4","3","0","1,782","Single","1970","","Yes","No","Ranch, Substantially Remodeled","6,250"
"501","A11985906","A","3260","2706 NE 30th Pl Unit#2706","CORAL RIDGE GALT ADD NO 1 CORAL VILLAS"," ","$837,000","","3","2","1","¤2,162","Townhouse","2014","1","","No","",""
"501","B26045280","A","3380","1777 NE 17th Street","PROGRESSO "," ","$835,000","","3","2","1","1,772","Single","1952","","Yes","No","Ranch","6,009"
"501","F10548359","A","3160","2011 N Ocean Boulevard Unit#1406N","Vue Condo Vue Condo"," ","$833,900","","2","2","0","1,268","Condo","2005","1","","No","",""
"501","B26039409","A","3280","347 N New River Dr Drive Unit#1004","WATERGARDEN CONDO ","","$829,000","","3","2","0","1,469","Condo","2004","2","No","Yes","","0"
"501","A12045607","A","3470","1600 SW 10th St","SHERWOOD FOREST ","","$829,000","","4","2","0","¤1,453","Single","1954","2","Yes","No","Attached","¤7,669"
"501","B26027282","A","","350 SE 2nd Street Unit#1870","350 Las Olas Place "," ","$825,000","","3","2","0","1,650","Condo","2005","1","No","No","","0"
"501","B26020547","A","3390","2625 NW 3rd Avenue","BABCO HEIGHTS "," ","$825,000","","3","2","0","1,944","Single","1957","","Yes","No","Ranch",""
"501","B26020079","A","3480","606 SW 19th Street","PINEHURST REV PL OF PORTIO "," ","$824,900","","4","2","0","1,712","Single","1949","","Yes","No","Old Spanish, Other","7,553"
"501","A11981871","A","3270","1034 NE 18th Ave Unit#205","GALLERIA LOFTS CONDO Galleria Lofts","","$820,000","","3","2","1","¤1,938","Condo","2018","2","","No","",""
"501","B26048490","A","3280","333 Sunset Drive Unit#908","FOUR SEASONS CONDO ","","$820,000","","3","2","0","1,952","Condo","1959","1","No","Yes","Substantially Remodeled","0"
"501","B26029881","A","3280","333 Sunset Drive Unit#Apt 1008","FOUR SEASONS CONDO ","","$820,000","","2","2","0","1,770","Condo","1959","1","No","Yes","","0"
"501","F10555919","A","3800","1317 SE 2nd Avenue","CROISSANT PARK "," ","$820,000","","3","2","1","2,416","Single","1953","","Yes","No","","9,375"
"501","A11988691","A","3370","2550 Manor Way","Altessa At Wilton Manors Altessa At Wilton Manors"," ","$819,965","","4","2","1","1,666","Townhouse","2026","2","","No","",""
"501","B26048391","A","3380","1401 NE 17th Way","PROGRESSO ","","$819,000","","3","2","0","1,532","Single","1950","","No","No","","10,136"
"501","F10506121","A","3170","2200 S Ocean Lane Unit#2607","Point of Americas II Point of Americas II"," ","$818,000","","2","2","0","1,200","Condo","1969","1","","Yes","",""
"501","A11914811","A","3370","2500 Manor Way","Altessa At Wilton Manors Altessa At Wilton Manors"," ","$815,890","","4","2","1","1,738","Townhouse","2025","2","","No","",""
"501","B26010617","A","","1111 E Las Olas Boulevard Unit#410","VILLAGGIO DI LAS OLAS COND "," ","$815,000","","2","2","1","1,689","Condo","2000","2","No","Yes","Garden Apartment","0"
"501","F10556707","A","3800","333 Las Olas Way Unit#1508","LAS OLAS RIVER HOUSE LAS OLAS RIVER HOUSE","","$815,000","","2","2","0","1,161","Condo","2005","1","","Yes","",""
"501","A11988697","A","3370","2410 Manor Way","Altessa At Wilton Manors Altessa At Wilton Manors"," ","$812,340","","4","2","1","1,738","Townhouse","2026","2","","No","",""
"501","A11988684","A","3370","2562 NE 16 Ave","Altessa At Wilton Manors Altessa At Wilton Manors"," ","$811,940","","3","2","1","1,596","Townhouse","2026","2","","No","",""
"501","A12052933","A","3880","1904 SW 28th St","CLAIR LAKE ","","$810,500","","5","3","0","¤2,440","Single","1954","1","No","No","Detached","¤7,083"
"501","B26009881","A","3160","3101 Bayshore Drive","FORT LAUDERDALE RESIDENCE "," ","$810,000","","2","2","0","1,176","Condo","2011","","Yes","Yes","","0"
"501","A11889757","A","3160","3101 Bayshore Dr Unit#1704","FORT LAUDERDALE RESIDENCE W Residences"," ","$810,000","","2","2","0","¤1,176","Condo","2011","1","","Yes","",""
"501","F10520787","A","3500","1434 SW 4th Avenue Unit#1434","Michelle I & II Michelle I & II"," ","$805,600","","4","3","1","2,120","Townhouse","2023","2","","No","",""
"501","F10520784","A","3500","1430 SW 4th Avenue Unit#1430","Michelle I & II Michelle I & II"," ","$805,600","","4","3","1","2,120","Townhouse","2023","2","","No","",""
"501","A11988687","A","3370","1534 NE 26 Street","Altessa At Wilton Manors Altessa At Wilton Manors"," ","$804,790","","3","2","1","1,605","Townhouse","2026","1","","No","",""
"501","F10528537","A","3170","2100 S Ocean Lane Unit#2509ph","POINT OF AMERICAS CONDO POINT OF AMERICAS CONDO"," ","$800,000","","2","2","0","1,513","Condo","1969","1","","Yes","","0"
"501","A11986764","A","3160","2011 N Ocean Blvd Unit#1106","VUE CONDO VUE CONDO","","$799,900","","2","2","0","¤1,268","Condo","2005","1","","No","",""
"501","B26053072","A","3160","2831 N Ocean Boulevard Unit#1006N","SAPPHIRE FORT LAUDERDALE C ","","$799,000","","2","2","0","1,274","Condo","2009","","No","No","","0"
"501","A12026546","A","3160","3020 NE 32nd Ave Unit#1401","TIDES AT BRIDGESIDE SQUAR Tides at Bridgeside"," ","$799,000","","3","2","0","¤1,510","Condo","2002","3","","No","",""
"501","F10542582","A","3160","601 N Ft Lauderdale Bch Boulevard Unit#1008","THE ATLANTIC HOTEL CONDO THE ATLANTIC HOTEL CONDO","","$799,000","","1","1","1","1,296","Condo","2004","1","","Yes","",""
"501","B26055129","A","3170","545 S Fort Lauderdale Beach Boulevard Unit#1701","ILLINI CONDO ","","$799,000","","1","1","0","860","Condo","1962","1","No","Yes","Penthouse","0"
"501","A11944006","A","3280","350 SE 2nd St Unit#870","350 LAS OLAS PLACE CONDO 350 LAS OLAS PLACE CONDO"," ","$799,000","","3","2","0","¤1,650","Condo","2006","1","","No","",""
"501","A12034746","A","3370","509 NE 29th St","TROPICAL MANORS ADD-RESUB "," ","$799,000","","3","2","0","¤1,464","Single","1956","0","No","Yes","Detached","¤7,187"
"501","B26024244","A","3380","1106 NE 18th Avenue","Lake Park ","","$799,000","","3","2","0","1,835","Single","1952","","No","Yes","","10,498"
"501","B26037867","A","3470","825 Sw 12th  Street","VINIK NO 2 ","","$799,000","","3","2","1","2,323","Townhouse","2007","2","No","No","","3,194"
"501","A11859135","A","3600","501 SE 6th Avenue Unit#314","Sixth&Rio Sixth&Rio","","$799,000","","1","1","","¤742","Condo","2026","1","","Yes","",""
"501","F10556027","A","3800","333 Las Olas Way Unit#2308","Las Olas River House Las Olas River House"," ","$799,000","","2","2","0","1,161","Condo","2004","1","Yes","Yes","","0"
"501","A11960866","A","3160","3101 Bayshore Dr Unit#704","FORT LAUDERDALE RESIDENCE W FORT LAUDERDALE","","$797,000","","2","2","0","¤1,176","Condo","2011","0","","Yes","",""
"501","A11988669","A","3370","2542 NE 16 Ave","Altessa At Wilton Manors Altessa At Wilton Manors"," ","$790,390","","3","2","1","1,485","Townhouse","2026","1","","No","",""
"501","A11991446","A","3390","2901 NW 10th Ave","JENADA ISLE "," ","$790,000","","3","2","0","¤2,010","Single","1966","2","No","No","Detached","¤8,495"
"501","A12037466","A","3720","2901 NW 9th Ter","JENADA VILLAS 1 ADD ","","$790,000","","3","2","0","¤2,023","Single","1957","2","No","Yes","Detached","¤8,865"
"501","A11939904","A","3470","617 SW 5th Ave","MRS ELVA A TRUAX "," ","$789,000","","2","2","0","¤1,174","Single","1964","1","No","No","Detached","¤6,500"
"501","A12011854","A","3170","2100 S Ocean Ln Unit#1704","POINT OF AMERICAS CONDO POINT OF AMERICAS","","$785,000","","1","1","1","¤1,109","Condo","1969","1","","Yes","",""
"501","B26019618","A","3370","2401 NE 17th Terrace","MAX SWARTZ "," ","$785,000","","3","2","0","1,320","Single","1960","1","Yes","No","Ranch","6,192"
"501","B26041090","A","3160","401 N Birch Road Unit#714","TIFFANY HOUSE CONDO "," ","$780,000","","1","1","0","826","Condo","2018","2","No","No","","0"
"501","F10493465","A","3160","3101 N Bayshore Drive Unit#604","W Fort Lauderdale W Fort Lauderdale","","$780,000","","2","2","0","1,176","Condo","2010","1","","Yes","",""
"501","B26032086","A","3370","2733 NE 6th Avenue","TROPICAL MANORS "," ","$779,000","","3","2","0","1,810","Single","1959","","No","No","Substantially Remodeled","6,651"
"501","B26048992","A","3390","2507 NW 8th Avenue","BABCO PARK ","","$779,000","","3","2","1","1,674","Single","1958","","Yes","No","","9,799"
"501","A12042912","A","3480","700 DAVIE  BOULEVARD","WEST RIVER SEC CROISSANT "," ","$779,000","","4","3","0","¤1,882","Single","1956","0","No","No","Attached","¤8,356"
"501","A12008790","A","3340","1524 NE 14th Ter","ALLENWOOD ADD NO 2 "," ","$775,000","","4","2","0","¤1,889","Single","1962","0","No","No","Detached","¤5,991"
"501","B26014206","A","3390","648 NW 30th Court","BOULEVARD ESTATES AMEN "," ","$775,000","","2","2","0","1,169","Single","1960","1","No","Yes","Ranch","8,459"
"501","B26048798","A","3480","1447 SW 6th Avenue","SANDY ASHLEY PLAT ","","$775,000","","2","2","0","1,649","Single","1994","1","No","No","","3,337"
"501","B26001517","A","3800","511 SE 5 Avenue Unit#1217","NURIVER LANDING CONDO "," ","$775,000","","3","2","0","1,692","Condo","2005","1","No","Yes","","0"
"501","A12020804","A","3160","2800 E Sunrise Blvd Unit#17E","SUNRISE EAST CONDO SUNRISE EAST CONDO"," ","$774,000","","2","2","0","¤1,497","Condo","1970","2","","Yes","",""
"501","A12011590","A","3280","340 Sunset Dr Unit#1810","ESSEX TOWER CONDO ESSEX TOWER CONDO","","$769,000","","3","2","0","¤1,610","Condo","1971","1","","No","",""
"501","B26039190","A","3390","729 NW 29th Court","JENADA VILLAS "," ","$769,000","","3","2","0","1,520","Single","1956","1","Yes","No","","6,912"
"501","A12033880","A","3720","113 NE 6 Unit#4627","PROGRESSO USHO FLAGLER VILLAGE","","$767,000","","3","3","1","1,624","Condo","2018","1","","No","",""
"501","A12033809","A","3720","113 NE 6 Unit#4617","PROGRESSO USHO FLAGLER VILLAGE","","$767,000","","3","3","1","1,624","Condo","2018","1","","No","",""
"501","A12033793","A","3720","113 NE 6 Unit#3615","PROGRESSO USHO FLAGLER VILLAGE","","$767,000","","3","3","1","1,624","Condo","2018","1","","No","",""
"501","A12033668","A","3720","113 NE 6 Unit#3605","PROGRESSO USHO FLAGLER VILLAGE","","$767,000","","3","3","1","1,624","Condo","2018","1","","No","",""
"501","A12033354","A","3720","113 NE 6 Unit#2125","PROGRESSO USHO FLAGLER VILLAGE","","$767,000","","3","3","1","1,624","Condo","2018","1","","No","",""
"501","A12033343","A","3720","113 NE 6 Unit#2123","PROGRESSO USHO FLAGLER VILLAGE","","$767,000","","3","3","1","1,597","Condo","2018","1","","No","",""
"501","A12033206","A","3720","113 NE 6 Unit#2115","PROGRESSO USHO FLAGLER VILLAGE","","$767,000","","3","3","1","1,624","Condo","2018","1","","No","",""
"501","A12020364","A","3370","317 NW 27th St","BABCO HEIGHTS "," ","$765,000","","3","2","0","¤1,248","Single","1958","0","No","No","Attached","¤7,528"
"501","B26051743","A","3470","1205 SW 4th Street","WAVERLY PLACE ","","$765,000","","3","2","0","1,231","Single","1923","","No","No","",""
"501","A12037317","A","3470","204 SW 19th Ave","ROBERTSON PARK "," ","$764,000","","3","2","","¤1,494","Single","1965","0","Yes","No","Detached","¤9,606"
"501","A12028512","A","3700","505 NE 2nd Street Unit#17K","Viceroy Fort Lauderdale Viceroy","","$760,000","","1","1","0","755","Condo","2025","2","","No","",""
"501","B26034180","A","3280","347 N New River Dr Drive Unit#1202","WATERGARDEN CONDO "," ","$759,000","","2","2","0","1,178","Condo","2004","2","Yes","No","","0"
"501","A11996893","A","3370","201 NE 16th Ct","PLACIDO PLACE "," ","$759,000","","2","2","0","¤1,080","Single","1954","0","Yes","No","Attached","¤5,938"
"501","R11130899","A","3390","1631 N Andrews Square","PROGRESSO AM PLAT OF BLKS  "," ","$759,000","","3","2","0","1,347","Single","1950","0","Yes","No","Garden Apartment","6,398"
"501","A12033867","A","3720","113 NE 6 Unit#46225","PROGRESSO USHO FLAGLER VILLAGE","","$754,000","","3","3","1","1,597","Condo","2018","1","","No","",""
"501","A12033852","A","3720","113 NE 6 Unit#4623","PROGRESSO USHO FLAGLER VILLAGE","","$754,000","","3","3","1","1,597","Condo","2018","1","","No","",""
"501","A12033839","A","3720","113 NE 6 Unit#4621","PROGRESSO USHO FLAGLER VILLAGE","","$754,000","","3","3","1","1,597","Condo","2018","1","","No","",""
"501","A12033759","A","3720","113 NE 6 Unit#3613","PROGRESSO USHO FLAGLER VILLAGE","","$754,000","","3","3","1","1,597","Condo","2018","1","","No","",""
"501","A12033748","A","3720","113 NE 6 Unit#3611","PROGRESSO USHO FLAGLER VILLAGE","","$754,000","","3","3","1","1,597","Condo","2018","1","","No","",""
"501","A12033730","A","3720","113 NE 6 Unit#3609","PROGRESSO USHO FLAGLER VILLAGE","","$754,000","","3","3","1","1,597","Condo","2018","1","","No","",""
"501","A12033687","A","3720","113 NE 6 Unit#3607","PROGRESSO USHO FLAGLER VILLAGE","","$754,000","","3","3","1","1,597","Condo","2018","1","","No","",""
"501","A12033278","A","3720","113 NE 6 Unit#2121","PROGRESSO USHO FLAGLER VILLAGE","","$754,000","","3","3","1","1,597","Condo","2018","1","","No","",""
"501","A12033249","A","3720","113 NE 6 Unit#2119","PROGRESSO USHO FLAGLER VILLAGE","","$754,000","","3","3","1","1,597","Condo","2018","1","","No","",""
"501","A12033223","A","3720","113 NE 6 Unit#2117","PROGRESSO USHO FLAGLER VILLAGE","","$754,000","","3","3","1","1,624","Condo","2018","1","","No","",""
"501","A12045855","A","3160","3020 NE 32nd Ave Unit#925","The Tides of Bridgeside Tides at Bridgeside Squar","","$750,000","","3","2","0","¤1,510","Condo","2002","3","","Yes","",""
"501","F10542407","A","3160","2821 N Ocean Boulevard Unit#902s","SAPPHIRE SAPPHIRE"," ","$750,000","","2","2","0","1,274","Condo","2009","1","No","No","","0"
"501","F10532778","A","3170","3000 Holiday Drive Unit#1103","Maya Marca Maya Marca","","$750,000","","2","2","0","1,627","Condo","1966","2","No","Yes","","0"
"501","B26046390","A","3370","501 NE 28th Street","TROPICAL MANORS ","","$750,000","","3","2","0","1,490","Single","1954","","No","No","","6,998"
"501","A12057593","A","3380","1025 NE 17th Way","PROGRESSO ","","$750,000","","2","1","0","¤1,031","Single","1956","1","No","No","Attached","¤6,747"
"501","A12051129","A","3470","1713 SW 10th Ct","SHERWOOD FOREST ","","$750,000","","3","2","0","¤1,318","Single","1958","0","No","No","Detached","¤7,150"
"501","A12043099","A","3800","511 SE 5th Ave Unit#1705","NURIVER LANDING CONDO NURIVER LANDING","","$750,000","","3","2","0","¤1,692","Condo","2006","1","","Yes","",""
"501","B26052736","A","","350 SE 2ND Street Unit#2630","350 LAS OLAS PLACE CONDO ","","$749,999","","2","2","0","1,297","Condo","2005","1","No","No","","0"
"501","A12006422","A","3370","141 NE 30th St","ALMAR ESTATES RESUB ","","$749,999","","3","2","0","¤1,214","Single","1959","1","Yes","No","Detached","¤10,175"
"501","A12054001","A","3370","2726 Old Florida Trail","HIGHLAND ESTATES OLD FLORIDA VILLAGE","","$749,900","","3","3","1","¤2,156","Townhouse","2007","2","","No","",""
"501","B26040862","A","3280","2500 E Las Olas Boulevard Unit#1006","MARINE TOWER CONDO "," ","$749,777","","3","2","0","1,896","Condo","1969","1","No","Yes","Substantially Remodeled","0"
"501","B26019251","A","3160","3020 NE 32nd Avenue Unit#Ph1","TIDES AT BRIDGESIDE SQUARE ","","$749,000","","3","2","0","1,510","Condo","2002","2","No","No","Penthouse, Substantially Remodeled","0"
"501","F10556455","A","3160","2001 N Ocean Boulevard Unit#605","VUE CONDO ASSOCIATION VUE CONDO ASSOCIATION","","$749,000","","3","2","0","1,382","Condo","2005","2","Yes","Yes","","0"
"501","F10465572","A","3160","1151 N Fort Lauderdale Beach Boulevard Unit#3c","PARK TOWER PARK TOWER"," ","$749,000","","2","2","0","1,700","Condo","1966","1","","Yes","","0"
"501","A12001313","A","3280","340 Sunset Dr Unit#1210","ESSEX TOWER CONDO ESSEX TOWER","","$749,000","","2","2","0","¤1,610","Condo","1971","1","","No","",""
"501","R11151915","A","3280","319 Coconut Isle Drive Unit#3","Las Olas Isles ","","$749,000","","4","4","1","3,263","","2023","2","Yes","Yes","","6,250"
"501","R11151912","A","3280","319 Coconut Isle Drive Unit#2","Las Olas Isles ","","$749,000","","4","4","1","3,886","","2023","2","Yes","Yes","","6,250"
"501","F10535515","A","3380","1623 NE 20th Street","POINSETTIA HEIGHTS RIVER "," ","$749,000","","2","2","0","1,597","Single","1953","1","Yes","No","","7,284"
"501","B26044603","A","3390","657 NW 30th Court","BOULEVARD ESTATES AMEN ","","$749,000","","3","2","0","1,414","Single","1956","","Yes","No","",""
"501","F10541717","A","3390","2936 NW 9th Terrace","JENADA VILLAS 1 ADD "," ","$749,000","","3","3","0","1,894","Single","1970","1","No","No","","6,816"
"501","A12048456","A","3470","715 SW 4th Ave","Tarpon River Village Tarpon River Village"," ","$749,000","","3","3","0","¤1,396","Townhouse","2002","1","","No","",""
"501","F10556218","A","3160","511 Bayshore Drive Unit#904","Bayshore Towers Bayshore Towers"," ","$743,500","","2","2","0","1,330","Condo","1971","1","","Yes","",""
"501","A12032086","A","3380","1736 NE 17th St","PROGRESSO "," ","$741,000","","2","1","0","¤1,116","Single","1951","0","Yes","No","Detached","¤6,019"
"501","F10530136","A","3160","401 N Birch Road Unit#413","Tiffany House Tiffany House"," ","$740,000","","1","1","0","826","Condo","2018","1","","No","","0"
"501","F10550158","A","3270","713 NE 17th Road","VICTORIA PARK "," ","$740,000","","2","1","0","943","Single","1926","","No","No","","4,814"
"501","A12033044","A","3720","113 NE 6 Unit#1101","PROGRESSO USHO FLAGLER VILLAGE","","$736,000","","2","2","1","1,557","Condo","2018","1","","No","",""
"501","A12033197","A","3720","113 NE 6 Unit#1111","PROGRESSO USHO FLAGLER VILLAGE","","$735,000","","2","2","1","1,532","Condo","2018","1","","No","",""
"501","B26012394","A","3470","615 SW 14th Avenue Unit#1-2","RIVERSIDE ADD AMEN PLAT "," ","$734,000","","4","2","0","832","Single","1931","","No","No","","6,837"
"501","B26048883","A","3370","2609 NE 14th Avenue Unit#105","WILTON STATION RES CONDO ","","$729,900","","2","2","1","1,738","Townhouse","2007","1","No","No","Substantially Remodeled","0"
"501","B26010440","A","3280","180 Isle Of Venice Drive Unit#119","OASIS-NURMI ISLE CO-OP "," ","$729,000","","2","2","0","1,140","Co-Op","1959","","No","Yes","Patio/Cluster",""
"501","B26038950","A","3380","1606 NE 15th Avenue Unit#1606","PROGRESSO "," ","$729,000","","3","2","0","1,550","Single","1956","","Yes","No","","6,502"
"501","B26035808","A","3370","2265 NE 9th Avenue","WILTON MANORS "," ","$725,000","","4","4","0","2,000","Townhouse","2004","2","No","No","","800"
"501","A12013533","A","3390","2716 NW 3rd Ave","WILTON ESTATES RESUB "," ","$725,000","","3","3","0","¤1,697","Single","1955","0","No","No","Detached","¤7,861"
"501","A12047143","A","3160","3000 E Sunrise Blvd Unit#14C","CARLTON TOWER CONDO Carlton Tower"," ","$724,999","","2","2","0","¤1,202","Condo","1969","0","","No","",""
"501","B26051351","A","3800","2212 SE 4th Avenue","LAUDERDALE ","","$724,999","","3","3","0","2,413","Single","1949","2","Yes","No","","9,099"
"501","F10502217","A","3370","14 NE 29th Street","ALMAR ESTATES RESUB "," ","$724,000","","3","3","0","1,679","Single","1949","0","No","No","","6,500"
"501","A12033829","A","3720","113 NE 6 Unit#4619","PROGRESSO USHO FLAGLER VILLAGE","","$724,000","","2","2","1","1,532","Condo","2018","1","","No","",""
"501","A12033186","A","3720","113 NE 6 Unit#1109","PROGRESSO USHO FLAGLER VILLAGE","","$724,000","","2","2","1","1,532","Condo","2018","1","","No","",""
"501","A12033173","A","3720","113 NE 6 Unit#1107","PROGRESSO USHO FLAGLER VILLAGE","","$724,000","","2","2","1","1,532","Condo","2018","1","","No","",""
"501","A12033078","A","3720","113 NE 6 Unit#1105","PROGRESSO USHO FLAGLER VILLAGE","","$724,000","","2","2","1","1,532","Condo","2018","1","","No","",""
"501","A12033066","A","3720","113 NE 6 Unit#1103","PROGRESSO USHO FLAGLER VILLAGE","","$724,000","","2","2","1","1,532","Condo","2018","1","","No","",""
"501","B26040529","A","3700","315 NE 3rd Avenue Unit#1206","STRADA 315 CONDO ","","$720,000","","2","2","1","1,579","Condo","2007","2","Yes","No","","0"
"501","B26043611","A","3370","3024 NE 2nd Terrace","ALMAR ESTATES RESUB ","","$719,000","","6","4","0","1,916","Single","1959","","Yes","No","Other, Ranch","6,498"
"501","B26031101","A","3380","1645 NE 16th Avenue","PROGRESSO "," ","$719,000","","4","3","0","1,742","Single","1951","","No","No","","6,752"
"501","F10530368","A","3260","936 Intracoastal Drive Unit#12c","Corinthian Condo Corinthian Condo"," ","$715,000","","2","2","0","1,500","Condo","1974","1","","Yes","","0"
"501","B26004165","A","","600 W Las Olas Boulevard Unit#1803s","SYMPHONY SOUTH CONDO "," ","$714,900","","2","2","0","1,348","Condo","2005","1","No","No","Substantially Remodeled","0"
"501","F10543276","A","3470","401 SW 4th Avenue Unit#1706","Esplanade on the New Rive Esplanade on the New Rive"," ","$710,000","","2","2","0","1,546","Condo","2004","2","","Yes","",""
"501","A11944306","A","3160","1905 N Ocean Blvd Unit#8E","SHORE CLUB CONDO SHORE CLUB"," ","$709,000","","2","2","0","¤1,500","Condo","1977","1","","Yes","",""
"501","F10516300","A","3390","812 NW 26th Street","Babco Park 42-6 B "," ","$699,999","","2","2","0","1,846","Single","1957","2","Yes","No","","6,883"
"501","B26050961","A","3370","138 NE 29th Street","ALMAR ESTATES ","","$699,900","","2","2","0","1,260","Single","1958","2","Yes","No","","6,000"
"501","B26033870","A","3160","511 Bayshore Drive Unit#405","Bayshore Towers ","","$699,000","","2","2","0","1,330","Condo","1971","1","No","Yes","","0"
"501","A11998784","A","3160","2800 E Sunrise Blvd Unit#7F","SUNRISE EAST CONDO SUNRISE EAST CONDO"," ","$699,000","","2","2","0","¤1,900","Condo","1969","1","","Yes","",""
"501","F10542057","A","3170","1 Las Olas Circle Unit#605","Venetian Condominium Venetian Condominium"," ","$699,000","","2","2","0","1,200","Condo","1971","1","","Yes","",""
"501","F10525204","A","3260","936 Intracoastal Drive Unit#11c","CORINTHIAN CORINTHIAN","","$699,000","","2","2","0","1,500","Condo","1974","1","","Yes","","0"
"501","F10531074","A","3380","1406 NE 15th Street","Verena Park 29-9 B "," ","$699,000","","3","2","0","2,273","Single","1952","","Yes","No","","6,175"
"501","B26006579","A","3390","2824 NW 6th Avenue","WILTON ESTATES RESUB "," ","$699,000","","3","2","0","1,356","Single","1954","2","Yes","No","Ranch, Split Level","7,707"
"501","A11975923","A","3390","617 NW 30th Ct","BOULEVARD ESTATES AMEN "," ","$699,000","","3","3","0","¤1,762","Single","1956","0","Yes","No","Attached","¤8,168"
"501","B26030106","A","3480","1020 SW 18th Court","River Oaks "," ","$699,000","","3","2","0","1,566","Single","1952","","No","No","","6,873"
"501","A12004629","A","3800","333 Las Olas Way Unit#304","LAS OLAS RIVER HOUSE COND LAS OLAS RIVER HOUSE"," ","$699,000","","1","1","1","¤1,113","Condo","2004","1","","Yes","",""
"501","A11908408","A","3800","333 Las Olas Way Unit#1208","LAS OLAS RIVER HOUSE COND Las Olas River House"," ","$699,000","","1","2","0","¤1,161","Condo","2004","1","","Yes","",""
"501","B26016302","A","3160","3015 N Ocean Boulevard Unit#19F","BERKLEY SOUTH CONDO ","","$695,000","","2","2","0","1,328","Condo","1974","1","No","No","Penthouse, Substantially Remodeled","0"
"501","F10546531","A","3160","401 N Birch Road Unit#614","TIFFANY HOUSE TIFFANY HOUSE","","$695,000","","1","1","0","826","Condo","2018","2","","No","",""
"501","F10523126","A","3280","2500 E Las Olas Boulevard Unit#609","Marine Tower Marine Tower","","$695,000","","3","2","1","1,940","Condo","1969","1","","Yes","",""
"501","B26021835","A","3390","601 NW 29th Street","MARCH ESTATES AMEN "," ","$695,000","","3","2","0","1,621","Single","1956","","No","No","Substantially Remodeled","7,497"
"501","F10515631","A","3390","2924 NW 8th Avenue","JENADA VILLAS "," ","$695,000","","4","3","0","2,465","Single","1955","2","No","No","","11,154"
"501","B26047661","A","3470","725 SW 4th Avenue","Tarpon River Village  ","","$695,000","","2","2","1","1,631","Townhouse","2003","2","No","No","","2,882"
"501","A12023999","A","3780","1806 SW 23rd St","OSCEOLA PARK "," ","$695,000","","3","2","1","¤2,739","Single","2007","2","No","No","Attached","¤3,608"
"501","B26035685","A","3700","300 NE 3rd Avenue Unit#606n","Ombelle Fort Lauderdale ","","$693,941","","1","1","0","750","Condo","2028","1","No","No","","0"
"501","B26003594","A","","350 SE 2nd Street Unit#2860","350 LAS OLAS PLACE CONDO ","","$690,000","","2","2","0","1,200","Condo","2005","1","No","No","Other","0"
"501","B26024490","A","3160","336 N Birch Road Unit#5h","BIRCH CREST APARTMENTS INC ","","$689,000","","2","2","0","1,411","Condo","1970","1","No","No","","0"
"501","A11937290","A","3160","601 N Ft Lauderdale Beach Blvd Unit#912","ATLANTIC HOTEL CONDO Atlantic Hotel Condo","","$685,000","","1","1","0","¤990","Hotel","2005","1","","Yes","",""
"501","A12024119","A","3170","2100 S Ocean Ln Unit#701","POINT OF AMERICAS CONDO Point of Americas Condo","","$685,000","","1","1","1","¤1,297","Condo","1969","1","","Yes","",""
"501","B26002369","A","3390","408 NW 29th Street","WILTON ESTATES RESUB "," ","$685,000","","3","1","0","1,267","Single","1954","","Yes","No","Ranch","7,208"
"501","B26021165","A","3480","820 SW 18th Court","REV PLAT OF PORT OF BLK ","","$685,000","","3","2","0","1,749","Single","1949","","No","No","",""
"501","A11870445","A","3170","2100 S Ocean Dr Unit#3CD","SKY HARBOUR EAST CONDO Sky Harbour East"," ","$684,900","","3","2","1","¤2,161","Condo","1965","0","","Yes","",""
"501","A12020401","A","3160","1901 N Ocean Blvd Unit#4D","SHORE CLUB CONDO SHORE CLUB CONDO","","$683,000","","2","2","0","¤1,500","Condo","1976","1","","Yes","",""
"501","B26049970","A","3370","80 NE 26th Street","Petite ","","$680,000","","2","1","0","1,022","Single","1952","","Yes","No","","6,251"
"501","A11983329","A","3400","1028 NW 8th Ave","PROGRESSO "," ","$679,900","","3","3","","1,362","Single","2026","2","No","No","Attached","¤3,379"
"501","A11987604","A","3600","630 SE 15th St Unit#5","EVERGLADES LAND SALES CO Harbor Vista"," ","$679,900","","3","3","1","¤1,826","Townhouse","2007","2","","No","",""
"501","F10549691","A","","610 W Las Olas Boulevard Unit#1213n","SYMPHONY NORTH CONDO The Symphony","","$679,000","","2","2","0","1,298","Condo","2005","1","Yes","Yes","","0"
"501","F10511206","A","3160","200 S Birch Road Unit#901","Leisure Beach Leisure Beach","","$679,000","","2","1","0","756","Condo","1970","0","","Yes","",""
"501","R11151909","A","3280","319 Coconut Isle Drive","Las Olas Isles "," ","$679,000","","4","4","1","3,886","","2023","2","Yes","Yes","","6,250"
"501","B26039018","A","3470","1812 SW 9th Street","RIVERSIDE PARK ","","$679,000","","3","3","0","1,454","Single","1959","","Yes","No","Ranch","6,050"
"501","F10544061","A","3370","3024 NE 5th Terrace Unit#10","Villa Escondida Villa Escondida"," ","$678,900","","3","2","1","1,916","Townhouse","2004","2","No","No","",""
"501","A12031054","A","3500","310 SW 10th St","LAUDERDALE ","","$678,000","","4","2","0","¤1,488","Single","1949","0","No","No","Attached","¤6,250"
"501","A12014697","A","3260","936 Intracoastal Dr Unit#4F","CORINTHIAN ON THE INTRACO Corinthian","","$675,000","","2","2","0","¤1,500","Condo","1974","1","","Yes","",""
"501","B26024571","A","3600","703 SE 16th Court","New Harbor Lofts ","","$675,000","","3","2","1","1,762","Townhouse","2006","2","No","No","","1,403"
"501","A11938508","A","3620","630 SE 15th St Unit#3","EVERGLADES LAND SALES CO Harbor Vista Townhome"," ","$675,000","","3","3","1","¤1,826","Townhouse","2008","2","","No","",""
"501","B26041791","A","3370","2617 NE 14th Avenue Unit#109","WILTON STATION RES CONDO ","","$674,900","","2","2","1","1,883","Townhouse","2006","1","No","No","","0"
"501","B26019550","A","3170","2100 S Ocean Drive Unit#7-cd","SKY HARBOUR EAST CONDO "," ","$670,000","","3","2","1","2,161","Condo","1965","","No","Yes","","0"
"501","B26048286","A","3370","636 NE 16th Court","RESUB OF POR OF NORFOLK GA ","","$670,000","","2","2","0","1,250","Single","1954","","No","No","Patio/Cluster, Ranch","5,665"
"501","B26039132","A","3470","603 SW 7th Avenue Unit#11","SEAWANNA SUB OF PT ","","$670,000","","3","2","1","1,912","Townhouse","1994","1","No","No","Garden Apartment","2,447"
"501","B26052353","A","3810","440-436 NW 7th Terrace","NORTH LAUDERDALE ","","$670,000","","3","1","0","1,386","Single","1963","","No","No","Other","6,375"
"501","B26019410","A","","600 W Las Olas Boulevard Unit#502s","SYMPHONY SOUTH CONDO "," ","$669,900","","2","2","1","1,345","Condo","2005","1","No","Yes","Substantially Remodeled","0"
"501","B26046402","A","","610 W Las Olas Boulevard Unit#1013n","SYMPHONY NORTH CONDO ","","$669,000","","2","2","0","1,298","Condo","2005","1","Yes","Yes","","0"
"501","F10546366","A","3160","2011 N Ocean Boulevard Unit#504","The Vue Condo The Vue Condo"," ","$669,000","","2","2","0","1,267","Condo","2005","1","","No","","0"
"501","B26039670","A","3370","3000 NE 8th Terrace Unit#B4","ADK PLAT ","","$669,000","","3","2","1","2,132","Townhouse","1982","1","No","No","","1,615"
"501","F10538204","A","3260","936 Intracoastal Drive Unit#21D","CORINTHIAN CORINTHIAN"," ","$665,000","","2","2","0","1,500","Condo","1974","1","","Yes","","0"
"501","B26012099","A","3280","2500 E Las Olas Boulevard Unit#409","MARINE TOWER CONDO ","","$665,000","","3","2","1","1,940","Condo","1969","1","No","No","","0"
"501","A12029345","A","3500","610 W Las Olas Blvd Unit#117N","SYMPHONY NORTH CONDO SYMPHONY","","$665,000","","2","2","0","¤1,180","Condo","2005","1","","Yes","",""
"501","F10549805","A","3370","820 NE 17th Street","Lauderdale Park 6-33 1/2 ","","$664,000","","3","2","0","1,000","Single","1955","0","No","No","","365"
"501","B26013492","A","3390","818 NW 28th Court","JENADA VILLAS "," ","$664,000","","3","2","0","1,687","Single","1958","","Yes","No","Ranch, Substantially Remodeled","7,249"
"501","B26050015","A","3160","2841 N Ocean Boulevard Unit#1806","VANTAGE VIEW ","","$660,000","","2","2","0","1,100","Condo","1976","1","No","No","","0"
"501","A12047141","A","3130","3101 Bayshore Dr Unit#803","FORT LAUDERDALE RESIDENCE W Fort Lauderdale Residen","","$659,000","","1","1","0","¤724","Condo","2011","1","","Yes","",""
"501","F10537913","A","3470","628 SW 14th Terrace","Riverside Add Amd 1-13 B "," ","$659,000","","2","1","0","1,000","Single","1955","0","No","No","","6,837"
"501","B26051596","A","3160","401 N Birch Road Unit#916","TIFFANY HOUSE CONDO ","","$655,000","","1","1","0","841","Condo","2018","2","No","No","Other","0"
"501","B26003082","A","3500","316 SW 21 Street","LAUDERDALE "," ","$654,900","","3","2","0","1,032","Single","1949","","No","No","","6,750"
"501","A12057611","A","3380","1636 NE 15th Ave","PROGRESSO ","","$650,000","","3","1","0","¤1,080","Single","1950","0","No","No","Attached","¤7,802"
"501","A12045480","A","3400","387 NW 17th St","GARDENIA PARK GARDENIA PARK","","$650,000","","3","2","1","¤1,844","Townhouse","2022","1","","No","",""
"501","A12012487","A","3400","2024 NW 10th Ave","HILLMONT MIDDLE RIVER VIS "," ","$650,000","","3","2","1","¤1,608","Single","1965","0","No","Yes","Detached","¤8,823"
"501","B26039995","A","3260","2751 NE 15th Street Unit#103","DEVON HOUSE CONDO "," ","$649,999","","2","2","0","1,305","Condo","1984","","Yes","Yes","","0"
"501","A12055616","A","3370","840 NE 14th Pl","DIXIE PARK MIDDLE RIVER VILLAGE TERR","","$649,946","","3","2","1","¤1,861","Townhouse","2007","0","","No","",""
"501","B26001360","A","3380","1222 NE 18th Avenue Unit#1","LAKE RIDGE ADD "," ","$649,500","","3","2","1","1,679","Townhouse","2004","1","Yes","No","","2,076"
"501","B26049394","A","","600 W Las Olas Boulevard Unit#905s","SYMPHONY SOUTH CONDO ","","$649,000","","2","2","0","1,224","Condo","2005","2","No","Yes","","0"
"501","A12028887","A","3130","2501 N Ocean Blvd Unit#452","FOUNTAINS ON OCEAN Fountains on Ocean","","$649,000","","2","2","0","¤1,510","Condo","2008","2","","No","",""
"501","B26048035","A","3280","347 N New River Drive Unit#1808","WATERGARDEN CONDO ","","$649,000","","2","2","0","1,080","Condo","2004","1","No","Yes","","0"
"501","B26053247","A","3370","1432 NE 2ND Avenue","PROGRESSO ","","$649,000","","3","2","0","1,272","Single","1948","","Yes","No","","6,755"
"501","B26039822","A","3390","2417 NW 7th Avenue","HILLBROOK ","","$649,000","","3","2","0","1,763","Single","1959","","No","No","Ranch","11,251"
"501","A12002231","A","3390","408 NW 21st St","MEADOWBROOK "," ","$649,000","","3","2","0","¤1,559","Single","1955","0","Yes","No","Attached","¤8,613"
"501","B26039237","A","3470","1813 SW 10th Court","RIVERSIDE PARK ","","$649,000","","3","2","0","1,066","Single","1955","","Yes","No","","6,875"
"501","A12017297","A","3800","200 SE 19th St","CROISSANT PARK "," ","$649,000","","3","2","","¤1,134","Single","1968","0","Yes","No","Detached","¤6,950"
"501","B26039070","A","3170","3000 Holiday Drive Unit#1505","MAYA MARCA CONDO ","","$645,000","","2","2","0","1,609","Condo","1966","1","No","Yes","Garden Apartment","0"
"501","A12019840","A","3280","347 N New River Dr E Unit#2205","WATERGARDEN CONDO WATERGARDEN","","$640,000","","2","2","0","¤1,080","Condo","2004","1","","Yes","",""
"501","B26006135","A","3160","2715 N Ocean Boulevard Unit#Ph D ","EMBASSY TOWER II INC CONDO "," ","$639,900","","2","2","0","1,200","Condo","1973","1","No","No","Other, Penthouse, Substantially Remodeled","0"
"501","A12047852","A","3480","1823 SW 22nd St","OSCEOLA PARK "," ","$636,000","","4","3","0","¤1,926","Single","1947","0","No","No","Detached","¤10,000"
"501","A12035047","A","3470","612 SW 6th St","MRS ELVA A TRUAX MRS ELVA A TRUAX"," ","$635,000","","3","2","1","¤1,740","Townhouse","1997","1","","No","",""
"1001","A12056281","A","3480","1008 SW 18th Ct","YELLOWSTONE PARK AMEN PLA ","","$635,000","","3","2","","¤1,268","Single","1952","0","No","No","Detached","¤6,998"
"1001","R11160751","A","3480","516 SW 17th Street","LAUDERDALE "," ","$635,000","","3","2","0","1,250","Single","1952","1","No","No","Garden Apartment","7,875"
"1001","B26048303","A","3370","2609 NE 14th Avenue Unit#114","WILTON STATION RES CONDO ","","$629,900","","2","2","1","1,673","Townhouse","2007","","No","No","Other",""
"1001","A12040822","A","3470","1813 SW 10th St","RIVERSIDE PARK ","","$628,000","","4","3","0","¤1,821","Single","1931","0","No","No","Attached","¤5,500"
"1001","A11844781","A","3160","505 N Fort Lauderdale Beach Blvd Unit#2501","Q CLUB RESORT & RESIDENCE Hilton","","$625,000","","2","2","0","¤1,308","Condo","2006","0","","Yes","",""
"1001","B26025056","A","3170","1750 S Ocean Lane Unit#219","LAGO MAR PLACE CO-OP "," ","$625,000","","2","2","0","1,158","Co-Op","1962","","No","Yes","Other",""
"1001","B26049642","A","3270","620 NE 9th Avenue Unit#6","PARKSIDE VILLAS CONDO ","","$625,000","","3","2","1","1,629","Condo","1988","","Yes","No","","0"
"1001","A12017941","A","3270","1401 NE 9th St Unit#26","VICTORIA PARK PLACE VICTORIA PARK PLACE"," ","$625,000","","3","2","1","¤1,658","Townhouse","1986","2","","No","",""
"1001","R11153070","A","3380","1401 NE 14th Street","VERENA PARK "," ","$625,000","","3","2","0","1,224","Single","1955","0","Yes","No","Garden Apartment","6,000"
"1001","A12013403","A","3490","1823 SW 29th St","F A BARRETTS SUB OF W1/2 "," ","$625,000","","3","2","0","¤1,242","Single","1962","0","Yes","No","Detached","¤6,598"
"1001","A11991533","A","3240","516 NE 28th Dr","TROPICAL MANORS ","","$620,000","","3","2","0","¤1,238","Single","1955","2","No","No","Attached","¤7,005"
"1001","A11859524","A","3470","817 SW 12th St","VINIK NO 2 "," ","$620,000","","4","2","0","¤1,679","Single","1949","0","No","No","Detached","¤6,391"
"1001","F10554945","A","3480","1816 SW 21st Street","Osceola Park 9-46 B "," ","$620,000","","4","2","0","1,986","Single","2012","2","No","No","","5,500"
"1001","B26045174","A","3280","340 Sunset Drive Unit#505","ESSEX TOWER CONDO ","","$619,900","","2","2","0","1,218","Condo","1971","1","No","No","","0"
"1001","B26017279","A","3160","2509 N Ocean Boulevard Unit#676","FOUNTAINS ON OCEAN BOULEVA "," ","$619,000","","2","2","0","1,290","Condo","2008","2","No","No","Garden Apartment","0"
"1001","F10511201","A","3160","200 S Birch Road Unit#1205","Leisure Beach Leisure Beach","","$619,000","","1","1","0","647","Condo","1970","0","","Yes","",""
"1001","B26017406","A","3280","40 Isle Of Venice Drive Unit#9","ISLAND HOUSE EAST CONDO "," ","$619,000","","2","1","0","840","Condo","1961","","No","Yes","","0"
"1001","A12053171","A","3480","1014 SW 20th St","BANYAN GROVE ","","$619,000","","3","2","0","¤1,236","Single","1949","2","No","No","Detached","¤7,499"
"1001","F10554797","A","3800","1904 SE 1st Avenue","Croissant Park 4-28 B "," ","$619,000","","2","1","0","1,067","Single","1946","1","No","No","","5,762"
"1001","B26026206","A","3390","527 NW 17th Street","GARDENIA PARK "," ","$618,000","","3","2","1","1,844","Townhouse","2022","1","No","No","Garden Apartment","2,222"
"1001","A11835796","A","3160","551 N Fort Lauderdale Beach Blvd Unit#H1401","551 FLB CONDOMINIUM HOTEL The Elliott","","$615,900","","1","1","1","¤641","Condo","2009","1","","Yes","",""
"1001","B26044273","A","3160","511 Bayshore Drive Unit#910","BAYSHORE TOWERS ","","$615,000","","1","1","0","1,036","Condo","1971","1","No","Yes","","0"
"1001","F10545960","A","3160","505 N Fort Lauderdale Bch Boulevard Unit#1702","Q CLUB RESORT & RESIDENCE Q CLUB RESORT & RESIDENCE"," ","$615,000","","2","2","0","1,308","Condo","2006","1","","Yes","","0"
"1001","A11985007","A","3370","1328 N Andrews Ave","PROGRESSO "," ","$615,000","","3","2","0","¤1,099","Single","1949","0","Yes","No","Attached","¤6,010"
"1001","A12037247","A","3390","316 NW 29th St","WILTON ESTATES RESUB ","","$615,000","","3","3","0","¤1,644","Single","1955","0","No","No","Detached","¤7,232"
"1001","A11954145","A","3390","1520 NW 3rd Ave","PROGRESSO "," ","$615,000","","4","2","0","¤2,248","Single","1993","1","No","No","Detached","¤6,752"
"1001","A11983706","A","3370","1125 NE 10th Ave","Lake Ridge "," ","$614,000","","2","1","","¤927","Single","1952","0","No","No","Detached","¤6,758"
"1001","F10519844","A","","111 SE 8th Avenue Unit#705","VENEZIA LAS OLAS VENEZIA LAS OLAS"," ","$613,999","","2","2","0","1,190","Condo","2002","1","Yes","No","","0"
"1001","A11836360","A","3160","551 N Fort Lauderdale Beach Blvd Unit#R1909","551 FLB CONDOMINIUM RESID The Elliott","","$612,900","","1","1","0","¤567","Condo","2009","1","","Yes","",""
"1001","B26014824","A","3700","315 NE 3rd Avenue Unit#1506","STRADA 315 CONDO ","","$610,000","","2","2","1","1,579","Condo","2007","2","No","No","","0"
"1001","B26021778","A","3260","2866 NE 30th Street Unit#9","LAFAYETTE ARMS CO-OP ","","$609,000","","2","2","0","931","Co-Op","1961","","Yes","Yes","Garden Apartment, Substantially Remodeled",""
"1001","B26030950","A","3380","1236 NE 13th Avenue","PROGRESSO "," ","$609,000","","3","2","0","1,067","Single","1949","","No","No","",""
"1001","B26022841","A","","350 SE 2nd Street Unit#1030","350 LAS OLAS PLACE CONDO "," ","$605,000","","2","2","0","1,297","Condo","2005","1","Yes","No","","0"
"1001","A12020386","A","3160","505 N Fort Lauderdale Beach Blvd Unit#2201","Q CLUB RESORT & RESIDENCE Q Club Resort & Residence","","$600,000","","2","2","0","¤1,308","Condo","2006","1","","Yes","",""
"1001","A11664225","A","3370","901 NE 16th Pl","LAUDERDALE PARK 6-33 1/2 ","","$600,000","","2","1","0","¤992","Single","1952","1","No","No","Attached","¤8,246"
"1001","F10548720","A","3470","901 W Las Olas Boulevard","Waverly Place 2-19 D "," ","$600,000","","6","3","0","2,498","Single","1923","0","No","No","","13,000"
"1001","A11990243","A","3160","601 N Ft Lauderdale Beach Blvd Unit#903","ATLANTIC HOTEL CONDO The Atlantic Hotel","","$599,999","","1","1","0","¤600","Condo","2004","1","","Yes","",""
"1001","F10507584","A","3160","3101 Bayshore Drive Unit#501","W FT LAUDERDALE RESIDENCE W FT LAUDERDALE RESIDENCE"," ","$599,999","","1","1","0","733","Condo","2011","1","","No","","0"
"1001","B26034116","A","3270","835 NE 17th Way","PROGRESSO ","","$599,999","","2","2","1","1,629","Townhouse","1995","1","No","No","",""
"1001","B26032903","A","3370","1777 NE 4th Avenue Unit#B3","RIVER LANDINGS CONDO ","","$599,900","","2","2","1","1,760","Condo","2002","1","No","Yes","Garden Apartment, Other, Substantially Remodeled","0"
"1001","B26031744","A","3160","2001 N Ocean Boulevard Unit#304","THE VUE ","","$599,000","","2","2","0","1,267","Condo","2005","1","Yes","No","","0"
"1001","A11967222","A","3160","551 N Fort Lauderdale Beach Blvd Unit#H1715","551 FLB CONDOMINIUM HOTEL The Elliott","","$599,000","","0","1","0","¤451","Condo","2015","1","","Yes","",""
"1001","F10532823","A","3160","2011 N Ocean Boulevard Unit#206","The Vue The Vue"," ","$599,000","","2","2","0","1,268","Condo","2005","1","","No","",""
"1001","A11977354","A","3170","2100 S Ocean Dr Unit#5CD","SKY HARBOUR EAST SKY HARBOUR EAST","","$599,000","","3","2","1","¤2,161","Condo","1964","0","","Yes","",""
"1001","R11142871","A","3260","1839 Middle River Drive Unit#303","RIVERS BEND CONDO "," ","$599,000","","2","2","0","1,196","Condo","1972","1","No","Yes","",""
"1001","A12029529","A","3370","1628 NE 7th Ave","MIDDLE RIVER TERRACE AMD ","","$599,000","","4","2","0","¤1,168","Single","1952","0","No","No","Detached","¤6,472"
"1001","B26006910","A","3380","1029 NE 9th Avenue","PROGRESSO "," ","$599,000","","3","2","0","1,278","Single","1952","","No","No","Substantially Remodeled","6,752"
"1001","A11922343","A","3380","1401 NE 14th Ct","VERENA PARK "," ","$599,000","","3","2","","¤1,026","Single","1955","0","Yes","No","Detached","¤6,000"
"1001","B26029554","A","3400","1705 NW 15th Street","LAUDERDALE MANORS AMD PLAT ","","$599,000","","3","2","0","1,800","Single","2026","","No","No","","8,398"
"1001","A12040909","A","3480","1836 SW 9th Ave","REV PLAT OF PORT OF BLK ","","$599,000","","3","3","0","¤1,581","Single","1949","0","Yes","No","Detached","¤7,588"
"1001","B26027357","A","3480","512 SW 15th Street","LAUDERDALE 2-9 D LOT 23 BL "," ","$599,000","","3","2","0","2,034","Single","1952","3","No","No","Other","6,750"
"1001","B26003720","A","3480","1255 SW 15th Avenue","SHADY BANKS "," ","$599,000","","2","2","0","1,392","Single","1975","1","No","No","Ranch","8,267"
"1001","R11146290","A","3810","237 City View Drive Unit#237","City View Townhomes "," ","$599,000","","3","2","0","1,408","Townhouse","2000","0","No","No","Garden Apartment","1,440"
"1001","B26004047","A","3390","435 NW 17th Street","GARDENIA PARK "," ","$597,000","","3","2","1","1,844","Townhouse","2022","1","No","No","Garden Apartment, Other","2,222"
"1001","B26054729","A","3160","3020 NE 32ND Avenue Unit#606","TIDES AT BRIDGESIDE SQUARE ","","$595,000","","2","2","0","1,200","Condo","2002","1","No","No","","0"
"1001","A11984610","A","3160","505 N Fort Lauderdale Beach Blvd Unit#2217","Q CLUB RESORT & RESIDENCE Q CLUB RESORT & RESIDENCE","","$595,000","","1","2","0","¤1,028","Hotel","2006","0","","Yes","",""
"1001","A11931172","A","3390","1243 NW 3rd Ave","PROGRESSO "," ","$595,000","","4","2","0","¤1,250","Single","1952","0","No","No","Detached","¤6,756"
"1001","B26036740","A","3390","2513 NW 8th Avenue","BABCO PARK ","","$589,000","","3","2","0","1,248","Single","1957","","No","No","","7,173"
"1001","B26046228","A","3160","505 N Fort Lauderdale Beach Boulevard Unit#2101","Q CLUB RESORT & RESIDENCES ","","$588,999","","2","2","0","1,308","Condo","2006","","No","Yes","","0"
"1001","A12056574","A","3390","1340 NW 4th Ave","PROGRESSO ","","$587,000","","3","1","0","¤1,063","Single","1946","0","No","No","Detached","¤6,755"
"1001","B26035697","A","3700","300 NE 3rd Avenue Unit#303n","Ombelle Fort Lauderdale ","","$586,254","","1","1","0","676","Condo","2028","1","Yes","No","","0"
"1001","B26048251","A","3160","425 Bayshore Drive Unit#15","FT LAUD SURF CLUB CO-OP ","","$585,000","","1","1","0","770","Co-Op","1956","","No","No","Garden Apartment",""
"1001","B26021435","A","3170","1920 S Ocean Drive Unit#611","ATLANTIC TOWERS CO-OP ","","$585,000","","3","2","0","1,293","Co-Op","1961","","No","No","",""
"1001","A12052854","A","3280","155 Isle Of Venice Dr Unit#602","VENICE ISLE TOWER CONDO VENICE ISLE TOWER CONDO","","$585,000","","2","2","0","¤940","Condo","1974","1","","Yes","",""
"1001","F10550737","A","3390","1130 NW 7th Avenue","Progresso 2-18 D ","","$585,000","","3","2","0","1,194","Single","1952","0","No","No","","6,755"
"1001","B26028074","A","3280","333 Sunset Drive Unit#404","FOUR SEASONS CONDO ","","$584,900","","2","1","1","1,402","Condo","1959","1","No","No","","0"
"1001","A11895009","A","3160","3015 N Ocean Blvd Unit#19H","BERKLEY SOUTH CONDO Berkley South","","$580,000","","2","2","0","¤1,144","Condo","1974","1","","No","",""
"1001","B26031351","A","3170","1920 S Ocean Drive Unit#1611","ATLANTIC TOWERS CO-OP "," ","$580,000","","3","2","0","1,293","Co-Op","1961","","No","No","",""
"1001","B26015065","A","3390","501 NW 30th Court","BOULEVARD ESTATES AMEN "," ","$580,000","","3","2","0","1,313","Single","1956","","No","No","","8,168"
"1001","A12025216","A","3470","1526 SW 29th St","RESERVE AT EDGEWOOD The Edge on 15"," ","$580,000","","4","2","1","¤1,921","Townhouse","2020","1","","No","",""
"1001","B26030902","A","3160","505 N Fort Lauderdale Beach Boulevard Unit#2018","Q CLUB RESORT & RESIDENCES ","","$579,999","","1","2","0","1,028","Condo","2006","","No","Yes","","0"
"1001","B26025544","A","3480","1308 SW 9th Avenue","ISLAND VIEW "," ","$579,999","","3","2","0","1,632","Single","1955","","No","No","Ranch","6,900"
"1001","F10526248","A","3280","1000 SE 4th Street Unit#117 & 118","Riverview Gardens Riverview Gardens"," ","$579,000","","2","2","0","1,240","Condo","1956","0","","Yes","",""
"1001","B26045958","A","3370","2725 NE 8th Avenue Unit#118","Palm Island Villas ","","$579,000","","3","3","1","2,060","","2007","2","No","No","","754"
"1001","A12013351","A","3170","1920 S Ocean Dr Unit#701","ATLANTIC TOWERS CO-OP ATLANTIC TOWERS","","$578,000","","2","2","0","¤1,185","Co-Op","1961","1","","Yes","",""
"1001","A12030535","A","3160","341 N Birch Rd Unit#315","FORT LAUDERDALE YACHT Ft Lauderdale Yacht Beach","","$575,000","","1","1","0","¤685","Condo","1954","1","","Yes","",""
"1001","B26051306","A","3260","936 Intracoastal Drive Unit#16e","CORINTHIAN ON THE INTRACOA ","","$575,000","","2","2","0","1,500","Condo","1974","1","No","Yes","","0"
"1001","B26051261","A","3370","2725 NE 8th Avenue Unit#104","HIGHLAND ESTATES ","","$575,000","","3","3","1","2,294","Townhouse","2007","2","No","No","",""
"1001","A11930955","A","3390","817 NW 17th St","PROGRESSO "," ","$575,000","","4","2","0","¤1,333","Single","1954","0","No","No","Detached","¤7,367"
"1001","B26047603","A","3490","2820 SW 17th Avenue","RESERVE AT EDGEWOOD ","","$575,000","","3","2","1","1,377","Townhouse","2019","1","No","No","","1,886"
"1001","B26035223","A","3500","320 SW 21st Street","LAUDERDALE ","","$575,000","","3","2","0","1,476","Single","1955","","No","No","","6,750"
"1001","F10552318","A","3500","245 SW 20th Street","Lauderdale 2-9 D "," ","$575,000","","2","2","0","990","Single","1948","0","No","No","","7,024"
"1001","A12024396","A","3600","1819 SE 17th St Unit#501","PORT CONDOMINIUM RESIDENCES","","$575,000","","1","1","1","¤1,384","Condo","2005","2","","Yes","",""
"1001","A12047310","A","3700","315 NE 3rd Ave Unit#2103","STRADA 315 CONDO STRADA 315 CONDO","","$575,000","","2","2","1","¤1,464","Condo","2007","2","","No","",""
"1001","A11927255","A","3810","237 City View Dr Unit#237","City View Townhomes City View","","$575,000","","3","2","0","¤1,408","Townhouse","2000","0","","No","",""
"1001","A11964880","A","3810","507 NW 8th Ave #1","NORTH LAUDERDALE "," ","$569,900","","3","2","1","¤1,205","Single","2023","1","No","No","Attached","¤2,251"
"1001","A11964875","A","3810","507 NW 8th Ave  #2","NORTH LAUDERDALE "," ","$569,900","","3","2","1","¤1,196","Single","2023","1","No","No","Attached","¤4,123"
"1001","A11996454","A","3080","1045 NE 18th Ave Unit#102","GALLERIA LOFTS CONDO Galleria Loft"," ","$566,000","","2","2","1","","Condo","2017","1","","No","",""
"1001","B26047481","A","3380","1412 NE 14th Place","VERENA PARK ","","$565,000","","3","2","0","1,196","Single","1955","","No","No","","6,000"
"1001","B26048697","A","3390","1420 NW 5th Avenue","PROGRESSO ","","$565,000","","2","2","0","1,615","Single","1950","2","No","No","Ranch","10,132"
"1001","A11871674","A","3460","532 NW 17th Ave","DORSEY PARK SECOND ADD "," ","$565,000","","3","2","1","","Single","2025","0","No","No","Detached",""
"1001","A11871655","A","3460","538 NW 17th Ave","DORSEY PARK SECOND ADD "," ","$565,000","","3","2","1","","Single","2025","0","No","No","Detached",""
"1001","A11934259","A","3160","2029 N Ocean Blvd Unit#404","TRADEWINDS BY THE SEA CON TRADEWINDS BY THE SEA CON"," ","$560,000","","2","2","0","¤1,100","Condo","1981","1","","No","",""
"1001","B26008369","A","3370","1908 NE 26th Street","CORAL POINT "," ","$560,000","","3","2","0","1,382","Single","1954","","No","No","Substantially Remodeled","8,616"
"1001","A11976878","A","3490","2621 SW 12th Ter","DEVONSHIRE "," ","$560,000","","3","2","0","¤1,394","Single","1951","2","No","No","Attached","¤6,120"
"1001","B26044658","A","3370","601 NE 14th Place","LAUDERDALE GARDENS "," ","$559,900","","2","1","0","1,122","Single","1952","","No","No","Ranch","6,774"
"1001","B26032508","A","3280","155 Isle Of Venice Drive Unit#603","VENICE ISLE TOWER CONDO ","","$559,000","","2","2","0","800","Condo","1973","","No","Yes","","0"
"1001","R11161051","A","3280","340 Sunset Drive Unit#1506","ESSEX TOWER CONDO ","","$559,000","","2","2","0","1,218","Condo","1979","1","No","Yes","",""
"1001","F10549630","A","3280","340 Sunset Drive Unit#1808","Essex Tower Condos Essex Tower"," ","$559,000","","2","2","0","1,218","Condo","1979","1","Yes","No","","0"
"1001","A12029301","A","3390","1609 NW 7th Ter","PROGRESSO ","","$559,000","","4","2","0","¤2,034","Single","1954","0","No","No","Attached","¤6,757"
"1001","A12040693","A","3490","2821 SW 17th Ave","RESERVE AT EDGEWOOD RESERVE AT EDGEWOOD","","$559,000","","3","2","1","¤1,539","Townhouse","2019","1","","No","",""
"1001","B26034163","A","3270","900 NE 18th Avenue Unit#1406-1407","VICTORIA PARK TOWER CONDO "," ","$555,000","","4","2","0","1,700","Condo","1970","","No","No","Penthouse","0"
"1001","F10540360","A","3160","2841 N Ocean Boulevard Unit#1801","Vantage View Vantage View"," ","$550,000","","2","2","0","1,200","Condo","1976","1","No","No","","0"
"1001","B26051933","A","3370","1220 NE 1ST Avenue","PROGRESSO ","","$550,000","","3","2","0","1,231","Single","1952","","No","No","Ranch, Substantially Remodeled","6,751"
"1001","A12045171","A","3370","1805 N Dixie Hwy","LAUDERDALE PARK 6-33 1/2 ","","$550,000","","3","2","0","¤1,370","Single","1954","0","No","No","Detached","¤5,768"
"1001","B26054296","A","3380","1732 NE 15TH Avenue","PROGRESSO ","","$550,000","","3","2","0","1,080","Single","1951","","No","No","Ranch","9,764"
"1001","B26045642","A","3390","1624 NW 9th Avenue","PROGRESSO ","","$550,000","","3","2","0","1,600","Single","1960","","No","No","","6,747"
"1001","A11796003","A","3470","853 SW 12th St","VINIK NO 2 "," ","$550,000","","3","2","0","¤1,181","Single","1949","0","No","No","Detached","¤6,378"
"1001","B26035242","A","3480","841 SW 18th Court","PINEHURST "," ","$550,000","","3","2","0","1,267","Single","1949","","No","No","Ranch","6,509"
"1001","F10489653","A","3810","411 NW 1st Avenue Unit#404","FOUNDRY LOFTS FOUNDRY LOFTS"," ","$550,000","","2","2","0","1,363","Condo","2007","1","","No","",""
"1001","R11068635","A","3160","551 N Fort Lauderdale Beach Boulevard Unit#H1603","551 FLB CONDOMINIUM HOTEL "," ","$549,900","","1","1","1","731","Condo","2009","1","No","Yes","","0"
"1001","B26054235","A","3270","100 N Federal Highway","WAVERLY AT LAS OLAS CONDO ","","$549,000","","2","2","0","1,259","Condo","2005","1","No","No","","0"
"1001","F10554746","A","3390","1234 NW 7th Avenue","PROGRESSO "," ","$549,000","","4","2","0","1,393","Single","1955","","No","No","","6,756"
"1001","B26031828","A","3400","1436 NW 19th Street","LAUDERDALE VILLAS "," ","$549,000","","4","2","0","1,350","Single","1971","","No","No","Ranch","9,799"
"1001","B26045301","A","3160","2841 N Ocean Boulevard Unit#1503","VANTAGE VIEW CONDO ","","$545,000","","2","2","0","1,100","Condo","1976","1","No","No","","0"
"1001","F10540553","A","3160","2029 N Ocean Boulevard Unit#303","TRADEWINDS BY THE SEA TRADEWINDS BY THE SEA","","$540,000","","2","2","0","1,100","Condo","1980","1","","No","",""
"1001","F10554088","A","3470","1616 SW 9th Street","Sherwood Forest 30-28 B "," ","$540,000","","4","2","0","1,120","Single","1953","0","No","No","","6,987"
"1001","A12036029","A","3490","1608 SW 28th St","RESERVE AT EDGEWOOD RESERVE AT EDGEWOOD"," ","$540,000","","3","2","1","¤1,377","Townhouse","2019","1","","No","",""
"1001","R11167756","A","3280","155 Isle Of Venice Drive Unit#404","VENICE ISLE TOWER CONDO "," ","$539,000","","2","2","0","800","Condo","1973","1","No","Yes","High Rise","0"
"1001","B26048851","A","3380","1033 NE 17th Way Unit#905","VILLA MEDICI CONDO ","","$539,000","","3","3","1","1,990","Townhouse","2006","2","No","No","","673"
"1001","A12013976","A","3470","1032 SW 15th Ter","RIVERSIDE NO 3 ","","$539,000","","2","1","0","¤1,026","Single","1956","2","No","No","Detached","¤6,000"
"1001","A11998479","A","3490","807 SW 26th Ct","LAKEWAY ADDITION ","","$539,000","","3","2","0","¤1,277","Single","1953","0","Yes","No","Detached","¤7,150"
"1001","A11937736","A","3270","100 N Federal Hwy Unit#643","WAVERLY AT LAS OLAS CONDO Waverly at Las Olas Condo"," ","$538,000","","3","2","0","¤1,529","Condo","2006","2","","No","",""
"1001","F10539070","A","3390","1625 NW 2nd Avenue","Progresso "," ","$538,000","","3","2","0","1,111","Single","1950","0","Yes","No","","6,003"
"1001","F10489500","A","3160","2841 N Ocean Boulevard Unit#2008","VANTAGE VIEW CONDO Vantage View Condo"," ","$535,000","","1","2","0","1,100","Condo","1976","1","No","No","","0"
"1001","R11115649","A","3370","1528 NE 1st Avenue","PROGRESSO "," ","$534,900","","3","2","0","1,108","Single","1949","0","No","No","Garden Apartment","6,754"
"1001","A12047807","A","3570","1141 SW 8th Ter","VINIK NO 2 "," ","$534,900","","2","2","0","¤1,122","Single","1949","0","No","No","Detached","¤6,441"
"1001","B26044220","A","3370","2024 NE 26th Drive","CORAL GARDENS "," ","$530,000","","2","2","0","1,310","Single","1953","","No","No","","6,994"
"1001","A12010889","A","3270","835 NE 19th Ave Unit#2","RESUB OF BLKS A B & 5 OF Victoria Place Townhomes"," ","$529,000","","2","2","1","¤1,224","Townhouse","1999","0","","No","",""
"1001","A12025479","A","3400","918 NW 13th Ct","LAUDERDALE MANORS ADD "," ","$525,000","","3","2","0","¤1,802","Single","1955","0","No","No","Attached","¤11,256"
"1001","B26023693","A","3700","315 NE 3rd Avenue Unit#2108","STRADA 315 CONDO ","","$525,000","","2","2","0","1,151","Condo","2007","1","No","No","Penthouse","0"
"1001","B26038502","A","3470","1101 SW 19th Avenue","RIVERSIDE PARK "," ","$524,888","","3","2","0","1,000","Single","1955","","No","No","Substantially Remodeled","5,366"
"1001","A11984878","A","3390","1142 NW 2nd Ave","PROGRESSO "," ","$521,980","","3","2","","¤1,102","Single","1958","0","No","No","Detached","¤10,124"
"1001","B26019782","A","","350 SE 2nd Street Unit#860","350 LAS OLAS PLACE CONDO ","","$520,000","","2","2","0","1,200","Condo","2005","1","No","No","","0"
"1001","R11140796","A","3160","741 Bayshore Drive Unit#2s","HOLIDAY ISLE YACHT CLUB CO ","","$520,000","","1","1","0","712","Condo","1958","1","No","Yes","",""
"1001","B26009558","A","3390","1600 NW 2nd Avenue","PROGRESSO AM PLAT OF BLKS  ","","$519,900","","3","2","0","1,232","Single","1950","","Yes","No","","7,974"
"1001","R11133626","A","","1140 SW 9th Avenue","VINIK NO 2 "," ","$519,000","","3","2","0","1,010","Single","1949","0","No","No","","6,326"
"1001","F10546038","A","3280","333 Sunset Drive Unit#105","The Four Seasons The Four Seasons","","$519,000","","2","1","1","1,700","Condo","1959","1","","Yes","",""
"1001","A11977451","A","3130","551 N Fort Lauderdale Beach Blvd Unit#R2201","551 FLB CONDOMINIUM RESID Conrad Fort Lauderdale","","$515,000","","1","1","1","¤641","Condo","2009","1","","Yes","",""
"1001","A11973322","A","3160","2701 N Ocean Boulevard Unit#14B","EMBASSY TOWER INC CONDO EmbassyTower 1"," ","$515,000","","2","2","0","¤1,200","Condo","1972","1","","No","",""
"1001","B26046542","A","3260","1839 Middle River Drive Unit#302","RIVERS BEND CONDO ","","$515,000","","2","2","0","1,196","Condo","1972","1","No","Yes","","0"
"1001","B26000668","A","3470","401 SW 4th Avenue Unit#402","ESPLANADE ON THE NEW RIVER "," ","$515,000","","2","2","0","1,215","Condo","2004","1","No","Yes","","0"
"1001","B26050757","A","3500","804 SW 4th Avenue","FT LAUDERDALE LAND & DEV C ","","$515,000","","3","2","1","1,650","Townhouse","2000","1","No","No","","1,625"
"1001","A11889523","A","3470","1332 SW 2nd Ct","VILLAGE AT SAILBOAT BEND VILLAGE AT SAILBOAT BEND"," ","$512,888","","3","2","1","¤1,977","Townhouse","2005","0","","Yes","",""
"1001","B26035293","A","3700","300 NE 3rd Avenue Unit#301n","Ombelle Fort Lauderdale ","","$511,361","","1","1","0","587","Condo","2028","1","No","No","","0"
"1001","A12029262","A","3480","1508 SW 20th Ave","Shady Banks "," ","$510,000","","3","2","0","¤1,047","Single","1956","1","No","No","Detached","¤6,195"
"1001","B26039850","A","3270","575 NE 7th Avenue Unit#4b","7 EAST CONDO "," ","$504,990","","2","2","1","980","Townhouse","1981","","No","No","Garden Apartment, Substantially Remodeled",""
"1001","A11924397","A","3160","551 N Fort Lauderdale Beach Blvd Unit#R1904","551 FLB CONDOMINIUM RESID The Elliott","","$501,900","","0","1","0","¤445","Condo","2015","1","","Yes","",""
"1001","B26035522","A","3280","2500 E Las Olas Boulevard Unit#1806","MARINE TOWER CONDO ","","$500,000","","3","2","1","1,896","Condo","1969","1","No","No","","0"
"1001","A11936206","A","3390","1220 N Andrews Ave","PROGRESSO "," ","$499,999","","3","2","0","¤1,904","Single","1958","1","No","No","Attached","¤6,011"
"1001","F10515188","A","3160","200 S Birch Road Unit#408","LEISURE BEACH LEISURE BEACH"," ","$499,900","","2","1","0","756","Condo","1970","0","","No","",""
"1001","B26034226","A","","350 SE 2nd Street Unit#2280","350 LAS OLAS PLACE CONDO ","","$499,000","","1","1","0","847","Condo","2005","1","No","No","","0"
"1001","A11977273","A","3130","551 N Fort Lauderdale Beach Blvd Unit#R1810","551 FLB CONDOMINIUM RESID Conrad Fort Lauderdale","","$499,000","","0","1","0","¤579","Condo","2009","1","","Yes","",""
"1001","A11972007","A","3130","551 N Fort Lauderdale Beach Blvd Unit#R2210","551 FLB CONDOMINIUM RESID Conrad","","$499,000","","0","1","0","¤579","Condo","2015","1","","Yes","",""
"1001","A11977601","A","3160","601 N Fort Lauderdale Beach Blvd Unit#712","THE ATLANTIC HOTEL THE ATLANTIC HOTEL","","$499,000","","1","1","","990","Condo","2005","1","","Yes","",""
"1001","F10540376","A","3160","2841 N Ocean Boulevard Unit#1809","Vantage View Vantage View"," ","$499,000","","2","2","0","1,100","Condo","1976","1","No","No","","0"
"1001","A11936827","A","3170","2000 S Ocean Dr Unit#309","EVERGLADES HOUSE CONDO EVERGLADES HOUSE CONDO"," ","$499,000","","2","2","0","¤1,205","Condo","1966","1","","Yes","",""
"1001","B26046172","A","3260","2727 Yacht Club Boulevard Unit#1b","SUNRISE BAY CLUB CO-OP ","","$499,000","","2","2","0","1,030","Co-Op","1956","","No","Yes","Garden Apartment, Substantially Remodeled","0"
"1001","B26052564","A","3280","340 Sunset Drive Unit#1508","ESSEX TOWER CONDO ","","$499,000","","2","2","0","1,218","Condo","1971","","No","No","Substantially Remodeled","0"
"1001","B26002061","A","3280","535 Hendricks Isle Unit#209","BURTON POINT CONDO ","","$499,000","","2","1","1","800","Condo","1963","","No","Yes","","0"
"1001","A11948768","A","3280","333 Sunset Dr Unit#502","THE FOUR SEASONS THE FOUR SEASONS"," ","$499,000","","2","2","0","¤1,982","Condo","1958","1","","Yes","",""
"1001","R11136729","A","3311","2008 NW 10th Avenue","HILLMONT MIDDLE RIVER VIST "," ","$499,000","","3","2","0","1,245","Single","1963","2","No","Yes","","8,265"
"1001","A11757233","A","3390","1300 NW 7th Ter","PROGRESSO "," ","$499,000","","3","1","0","¤945","Single","1951","0","No","No","Attached","¤4,725"
"1001","B26023847","A","3600","1819 SE 17th Street Unit#802","PORT CONDO "," ","$499,000","","2","2","1","1,460","Condo","2005","2","No","No","","0"
"1001","F10551538","A","3160","561 Bayshore Drive Unit#7","The Panama Club Condo The Panama Club Condo"," ","$498,999","","1","1","0","730","Condo","1957","","No","Yes","","0"
"1001","B26030695","A","3160","341 N Birch Road Unit#Unit 206","FORT LAUDERDALE YACHT "," ","$498,900","","1","1","0","721","Condo","1993","2","No","No","Substantially Remodeled","0"
"1001","A11957579","A","3160","2029 N Ocean Blvd Unit#106","TRADEWINDS BY THE SEA CON TRADEWINDS BY THE SEA CON"," ","$498,900","","2","2","1","¤1,350","Condo","1981","1","","No","",""
"1001","A11919681","A","3860","933 NW 2nd Ave","PROGRESSO ","","$498,000","","3","2","0","¤1,428","Single","2019","1","No","No","Attached","¤4,219"
"1001","B26040024","A","3160","2029 N Ocean Boulevard Unit#208","TRADEWINDS BY THE SEA COND ","","$497,900","","2","2","0","1,100","Condo","1980","1","No","No","","0"
"1001","A12015679","A","3390","1529 NW 1st Ave","PROGRESSO "," ","$497,900","","3","2","0","¤1,300","Single","2000","0","No","No","Attached","¤6,750"
"1001","B26008681","A","3160","3400 NE 25th Street","LAUDERDALE BEACH ","","$495,000","","4","4","0","3,444","","2020","2","Yes","No","","0"
"1001","B26005477","A","3160","2840 N Ocean Boulevard Unit#507","SEA TOWER APTS CO-OP ","","$495,000","","1","1","0","769","Co-Op","1958","","No","Yes","Substantially Remodeled",""
"1001","A11982221","A","3160","345 N Fort Lauderdale Beach Blvd Unit#202","SPRING TIDE APTS CO-OP SPRING TIDE","","$495,000","","1","1","0","¤795","Co-Op","1958","0","","Yes","",""
"1001","F10471355","A","3170","200 S Birch Road Unit#121","Leisure Beach South Leisure Beach South"," ","$495,000","","2","1","0","0","Condo","1970","0","","No","",""
"1001","A11865681","A","3800","511 SE 5th Ave Unit#1214","NURIVER LANDING CONDO NURIVER LANDING"," ","$495,000","","2","2","0","¤1,379","Condo","2006","0","","No","",""
"1001","A12032126","A","3280","2500 E Las Olas Blvd Unit#408","MARINE TOWER CONDO Marine Tower"," ","$490,000","","3","2","1","¤1,706","Condo","1969","1","","Yes","",""
"1001","B26015542","A","3390","1630 NW 4th Avenue","SOUTH MIDDLE RIVER ","","$490,000","","3","1","0","1,274","Single","1950","","No","No","Ranch, Substantially Remodeled","6,003"
"1001","A11977769","A","3390","1035 NW 2nd Ave","PROGRESSO South Middle River"," ","$490,000","","3","2","1","¤1,372","Townhouse","2018","1","","No","",""
"1001","B26019176","A","3470","524 SW 19th Way","The Edge On 20th "," ","$490,000","","3","2","1","1,539","Townhouse","2020","1","No","No","","1,493"
"1001","F10546427","A","3810","435 N Andrews Avenue Unit#304","AVENUE LOFTS AVENUE LOFTS","","$489,900","","1","1","0","1,022","Condo","2005","1","","No","",""
"1001","F10533558","A","3270","100 N Federal Highway Unit#642","The Waverly The Waverly"," ","$489,000","","3","2","0","1,518","Condo","2005","3","","No","","0"
"1001","B26030496","A","3280","340 Sunset Drive Unit#1803","ESSEX TOWER CONDO ","","$489,000","","2","2","0","1,218","Condo","1971","1","No","No","","0"
"1001","A11979000","A","3280","1212 SE 2nd Ct Unit#301","LAS OLAS MANOR 2 CONDO Las Olas Manor"," ","$489,000","","2","2","0","¤1,218","Condo","1975","0","","No","",""
"1001","A11978532","A","3490","1609 SW 28th St","Edge on 15th Edge on 15th","","$489,000","","3","2","1","¤1,377","Townhouse","2019","1","","No","",""
"1001","B26036504","A","3270","110 N Federal Highway Unit#1113","WAVERLY AT LAS OLAS CONDO ","","$485,000","","2","2","0","1,208","Condo","2005","1","No","No","Substantially Remodeled","0"
"1001","A12023975","A","3400","1524 NW 12th Ter","LAUDERDALE VILLAS ","","$485,000","","3","2","0","¤1,224","Single","1952","2","No","No","Detached","¤8,925"
"1001","A12018056","A","3490","1237 SW 28th St","DEVONSHIRE ","","$485,000","","2","2","0","¤695","Single","1951","0","No","No","Detached","¤6,120"
"1001","B26052203","A","3700","533 NE 3rd Avenue Unit#339","SOLE AT FORT LAUDERDALE ","","$485,000","","2","2","0","1,270","Condo","2005","1","Yes","No","","0"
"1001","B26020989","A","3490","1606 SW 28th Court","RESERVE AT EDGEWOOD ","","$480,000","","3","2","1","1,377","Townhouse","2019","1","No","No","","1,422"
"1001","A12004994","A","3810","341 City View Dr","City View City View Townhomes"," ","$479,999","","3","2","0","¤1,452","Townhouse","1985","0","","No","",""
"1001","A11903936","A","3380","1213 NE 13th St","HOLIDAY HEIGHTS "," ","$479,900","","3","2","0","¤1,062","Single","1951","0","No","No","Detached","¤6,513"
"1001","A12048251","A","3490","2929 SW 18th terrace","Edgewood Townhomes "," ","$479,000","","3","3","","2,191","Single","2007","1","No","No","Attached","2,000"
"1001","F10515555","A","3800","511 SE 5th Avenue Unit#912","NURIVER LANDING NURIVER LANDING","","$479,000","","2","2","0","1,246","Condo","2006","1","","Yes","",""
"1001","B26008882","A","3160","2029 N Ocean Boulevard Unit#505","TRADEWINDS BY THE SEA COND "," ","$475,000","","2","2","0","1,100","Condo","1980","1","Yes","No","Penthouse","0"
"1001","F10549857","A","3160","601 N Ft Lauderdale Bch Boulevard Unit#1111","THE ATLANTIC HOTEL CONDO THE ATLANTIC HOTEL CONDO"," ","$475,000","","1","1","0","787","Condo","2004","1","","Yes","",""
"1001","F10539308","A","3160","341 N Birch Road Unit#204","Ft Lauderdale Yacht & Ft Lauderdale Yacht &","","$475,000","","1","1","0","601","Condo","1993","0","","Yes","",""
"1001","F10535311","A","3160","601 N Ft Lauderdale Bch Boulevard Unit#915","THE ATLANTIC HOTEL CONDO THE ATLANTIC HOTEL CONDO"," ","$475,000","","1","1","0","787","Condo","2004","1","","Yes","",""
"1001","A12055263","A","3270","100 N Federal Hwy Unit#1222","WAVERLY AT LAS OLAS CONDO The Waverly","","$475,000","","2","2","0","¤1,244","Condo","2005","1","","No","",""
"1001","F10529149","A","3170","215 N Birch Road Unit#4c","Versailles Versailles"," ","$474,999","","1","1","0","1,000","Co-Op","1959","","","Yes","",""
"1001","A12039412","A","3160","425 Bayshore Dr Unit#d-3","FT LAUD SURF CLUB CO-OP Fort Lauderdale Surf Club","","$474,000","","1","1","0","¤770","Co-Op","1956","0","","Yes","",""
"1001","F10551519","A","3470","1345 SW 4th Court","Village at Sailboat Bend ","","$473,700","","2","2","1","1,679","Townhouse","2005","1","No","No","",""
"1001","B26042102","A","3800","511 SE 5 Avenue Unit#1409","NURIVER LANDING CONDO "," ","$472,000","","2","2","0","1,246","Condo","2006","1","Yes","Yes","","0"
"1001","B26051540","A","3370","2130 NE 9th Avenue","Wilton Pines Townhomes ","","$471,900","","2","2","1","1,292","Townhouse","1982","","No","No","","2,500"
"1001","F10537064","A","3170","2100 S Ocean Drive Unit#11-L","Sky Harbour East Sky Harbour East","","$469,000","","1","1","0","900","Condo","1965","0","","Yes","",""
"1001","A12038468","A","3390","1336 NW 6th Ave","PROGRESSO ","","$469,000","","3","2","0","¤918","Single","1955","0","No","No","Detached","¤6,751"
"1001","B26051593","A","3700","533 NE 3rd Avenue Unit#227","SOLE AT FORT LAUDERDALE CO ","","$469,000","","3","2","0","1,440","Condo","2005","","No","No","","0"
"1001","A12051220","A","3800","511 SE 5th Ave Unit#1408","NURIVER LANDING CONDO NURIVER LANDING","","$469,000","","2","2","0","¤1,246","Condo","2006","1","","No","",""
"1001","A11878955","A","3270","110 N Federal Hwy Unit#705","WAVERLY AT LAS OLAS CONDO Waverly at las olas"," ","$465,500","","2","2","0","¤1,350","Condo","2005","1","","No","",""
"1001","A12011436","A","3160","3000 E Sunrise Blvd Unit#3G","CARLTON TOWER CONDO CARLTON TOWER CONDO","","$465,000","","2","2","0","¤1,202","Condo","1969","1","","No","",""
"1001","A11896811","A","3160","505 N Fort Lauderdale Beach Blvd Unit#1618","Q CLUB RESORT & RESIDENCE Q Club Resort & Residence","","$465,000","","1","2","0","¤1,028","Hotel","2006","0","","Yes","",""
"1001","F10481777","A","3370","2127 NE 11th Avenue","Wilton Pines Townhomes Wilton Pines Townhomes"," ","$465,000","","2","2","1","1,163","Townhouse","1982","","","No","",""
"1001","A12049393","A","3390","1127 NW 2nd Ave","PROGRESSO ","","$465,000","","3","1","","¤1,088","Single","1949","1","No","No","Detached","¤6,748"
"1001","A11912453","A","3390","1140 NW 4th Ave","PROGRESSO ","","$465,000","","2","2","0","¤1,056","Single","1931","1","No","No","Detached","¤12,159"
"1001","F10539072","A","3160","601 N Ft Lauderdale Bch Boulevard Unit#905","THE ATLANTIC HOTEL CONDO THE ATLANTIC HOTEL CONDO"," ","$460,000","","1","1","0","600","Condo","2004","1","","Yes","",""
"1001","B26022610","A","3280","333 Sunset Drive Unit#503","The Four Seasons ","","$460,000","","2","2","0","1,630","Condo","1959","1","No","Yes","","0"
"1001","A11925443","A","3560","315 NE 3rd Ave Unit#1805","STRADA 315 CONDO Strada 315"," ","$460,000","","2","2","0","¤1,072","Condo","2007","1","","No","",""
"1001","A12054128","A","3400","1218 NW 15th St","LAUDERDALE VILLAS ","","$459,900","","3","2","0","¤1,116","Single","1952","0","No","No","Detached","¤8,925"
"1001","A12043990","A","3460","1800 NW 3rd Ct","DORSEY PARK 4TH ADD ","","$459,900","","3","2","0","¤1,600","Single","1954","1","No","Yes","Detached","¤6,242"
"1001","F10537270","A","3160","601 N Ft Lauderdale Bch Boulevard Unit#1015","THE ATLANTIC HOTEL CONDO THE ATLANTIC HOTEL CONDO"," ","$459,000","","1","1","0","787","Condo","2004","1","","Yes","",""
"1001","F10465475","A","3400","1809 NW 13th Court","LAUDERDALE MANORS AMD PLA "," ","$459,000","","3","2","0","958","Single","1956","0","Yes","No","","11,116"
"1001","A11928276","A","3010","520 SE 5th Ave Unit#2303","LAS OLAS BY THE RIVER CON Las Olas By The River"," ","$458,000","","3","2","0","¤1,447","Condo","2006","2","","No","",""
"1001","A12036466","A","3160","551 N Fort Lauderdale Beach Blvd Unit#H1007","551 FLB CONDOMINIUM HOTEL 551 FLB CONDOMINIUM HOTEL","","$455,000","","1","1","0","¤579","Condo","2009","1","","Yes","",""
"1001","A11978198","A","3470","1308 SW 3rd Ct","VILLAGE AT SAILBOAT BEND Sailboat Bend","","$455,000","","2","2","1","¤1,679","Townhouse","2005","0","","No","",""
"1001","A11896561","A","3160","505 N Fort Lauderdale Beach Blvd Unit#1017","Q CLUB RESORT & RESIDENCE Q Club Resort & Residence","","$450,000","","1","2","0","¤1,028","Hotel","2006","0","","Yes","",""
"1001","B26048352","A","3270","151 NE 16th Avenue Unit#278","PINE CREST VILLAGE II AT ","","$450,000","","2","2","0","1,273","Condo","1970","","No","No","","0"
"1001","F10550343","A","3270","705 NE 1st Street Unit#2","Phase III Townhome condo Phase III Townhome condo"," ","$450,000","","2","1","1","936","Townhouse","1981","","","No","",""
"1001","A12045366","A","3370","1520 N Andrews Ave","PROGRESSO ","","$450,000","","3","2","0","¤1,110","Single","1950","0","No","No","Attached","¤6,013"
"1001","B26053450","A","3400","1313 NW 13TH Court","LAUDERDALE MANORS ADD REV  ","","$450,000","","4","2","0","1,352","Single","1953","","No","No","Ranch","8,622"
"1001","A12047137","A","3400","1013 NW 12th St","LAUDERDALE MANORS ADD-REV "," ","$450,000","","2","1","0","¤768","Single","1959","0","Yes","No","Detached","¤6,960"
"1001","A12002289","A","3470","1621 SW 11th Ct","RIVERSIDE PARK ADD AMEN P "," ","$450,000","","2","1","0","¤872","Single","1952","0","No","No","Detached","¤6,875"
"1001","B26054259","A","3160","2001 N Ocean Boulevard Unit#603","THE VUE ","","$449,000","","1","1","0","890","Condo","2005","1","No","No","","0"
"1001","B26032729","A","3160","2841 N Ocean Boulevard Unit#602","VANTAGE VIEW CONDO ","","$449,000","","2","2","0","1,100","Condo","1976","1","No","No","Other","0"
"1001","B26006335","A","3160","505 N Fort Lauderdale Beach Boulevard Unit#818","Q CLUB RESORT & RESIDENCES ","","$449,000","","1","2","0","1,028","Condo","2006","","No","Yes","","0"
"1001","F10524228","A","3160","551 N Fort Lauderdale Beach Boulevard Unit#H803","Ocean Resort Residences Ocean Resort Residences"," ","$449,000","","1","1","1","730","Condo","2009","1","No","Yes","","0"
"1001","B26034153","A","3280","347 N New River Drive Unit#2707","WATERGARDEN CONDO ","","$449,000","","1","1","0","820","Condo","2004","1","Yes","Yes","","0"
"1001","F10521426","A","3280","1000 SE 4th Street Unit#219","Riverview Gardens Riverview Gardens"," ","$449,000","","1","2","0","850","Condo","1956","0","","Yes","",""
"1001","F10497736","A","3280","2500 E Las Olas Boulevard Unit#308","MARINE TOWER MARINE TOWER"," ","$449,000","","3","2","1","1,706","Condo","1969","1","","No","","0"
"1001","A11986982","A","3370","2625 NE 14th Ave Unit#406","WILTON STATION RES CONDO WILTON STATION"," ","$449,000","","2","2","0","¤1,390","Condo","2006","1","","No","",""
"1001","A12031745","A","3390","1605 NW 7th Ter","PROGRESSO ","","$449,000","","2","1","0","¤965","Single","1955","0","Yes","No","Attached","¤6,757"
"1001","B26012905","A","3700","315 NE 3rd Avenue Unit#1201","STRADA 315 CONDO "," ","$448,000","","2","2","1","1,185","Condo","2007","2","No","No","","0"
"1001","A12044027","A","3460","1808 NW 3rd Ct","DORSEY PARK 4TH ADD ","","$445,900","","3","2","","¤1,442","Single","1974","1","No","Yes","Detached","¤5,700"
"1001","A12021923","A","3280","347 N New River Dr E Unit#2206","WATERGARDEN CONDO Watergarden","","$445,000","","1","1","0","¤820","Condo","2004","1","","Yes","",""
"1001","B26004652","A","3270","563 NE 7th Avenue","7 EAST CONDO "," ","$440,000","","2","2","1","980","Townhouse","1981","","No","No","Substantially Remodeled","0"
"1001","B26053779","A","3800","520 SE 5th Ave Unit#2211","LAS OLAS BY THE RIVER COND ","","$440,000","","3","2","0","1,447","Condo","2001","2","No","No","","0"
"1001","F10519681","A","3160","2715 N Ocean Boulevard Unit#17f","Embassy Tower II Embassy Tower II","","$439,900","","1","1","0","900","Condo","1973","1","","Yes","","0"
"1001","B26037583","A","3160","2200 NE 33rd Avenue Unit#11G","WHITE EGRET CONDO ","","$439,000","","2","1","1","1,103","Condo","1971","","No","No","","0"
"1001","B26034503","A","3160","741 Bayshore Drive Unit#32n","HOLIDAY ISLE YACHT CLUB CO ","","$439,000","","1","1","0","563","Condo","1950","","No","Yes","Garden Apartment","0"
"1001","A11967419","A","3160","551 N Fort Lauderdale Beach Blvd Unit#H1212","551 FLB CONDOMINIUM HOTEL Ocean Resort","","$439,000","","0","1","0","¤579","Condo","2015","0","","Yes","",""
"1001","A12024669","A","3280","404 NW 18th Ave","DORSEY PARK THIRD ADD "," ","$439,000","","3","1","1","¤1,432","Single","1961","0","No","No","Detached","¤6,131"
"1001","B26011938","A","3280","2500 E Las Olas Boulevard Unit#403","MARINE TOWER CONDO "," ","$439,000","","2","2","0","1,230","Condo","1969","1","No","Yes","Substantially Remodeled","0"
"1001","F10535498","A","3390","1100 NW 19th Street","Lauderdale Villas 29-37 B "," ","$439,000","","4","3","0","1,716","Single","1953","","Yes","No","","9,759"
"1001","F10556059","A","3800","520 SE 5th Avenue Unit#2406","LAS OLAS BY THE RIVER LAS OLAS BY THE RIVER","","$439,000","","2","2","0","1,136","Condo","2001","1","Yes","No","","0"
"1001","F10538250","A","3370","653 Cypress Lane Unit#21b","CYPRESS COVE CYPRESS COVE"," ","$438,000","","2","1","1","1,200","Condo","1976","","","Yes","","0"
"1001","B26036322","A","3480","1839 SW 23rd Street","OSCEOLA PARK ","","$437,000","","2","2","0","1,194","Single","1950","","No","No","Other","6,095"
"1001","F10456593","A","3280","1212 SE 2nd Court Unit#201","Las Olas Manor Las Olas Manor"," ","$435,000","","2","2","0","1,306","Condo","1975","0","","No","",""
"1001","F10549388","A","3470","1301 River Reach Drive Unit#304","River Reach Condominium River Reach Condominium"," ","$435,000","","2","2","0","1,250","Condo","1974","","No","Yes","","0"
"1001","B26048972","A","3600","1700 SE 15th Street Unit#309","CARAVEL CONDOMINIUM APARTM ","","$435,000","","2","2","0","1,200","Condo","1965","","Yes","Yes","Garden Apartment","0"
"1001","A12011228","A","3460","615 NW 10th Ter Unit#1","PROGRESSO n/a","","$434,900","","3","2","1","¤1,056","Townhouse","2008","0","","No","",""
"1001","B26042655","A","3160","101 N Birch Road Unit#102","HARBOR HOUSE NORTH CONDO ","","$434,000","","1","1","0","696","Condo","1968","","No","Yes","","0"
"1001","B26047542","A","3160","3020 NE 32nd Avenue Unit#616","TIDES AT BRIDGESIDE SQUARE ","","$430,000","","1","1","0","815","Condo","2002","1","No","Yes","","0"
"1001","A11984260","A","3460","864 NW 16th Ter","LINCOLN PARK SIXTH ADD "," ","$429,999","","3","2","0","¤1,232","Single","1950","0","No","No","Attached","¤5,000"
"1001","A11960387","A","3370","1320 N Andrews Ave","PROGRESSO "," ","$429,500","","2","1","0","¤858","Single","1949","0","No","No","Detached","¤6,010"
"1001","F10551785","A","3160","2715 N Ocean Boulevard Unit#7d","Embassy Towers Embassy Towers"," ","$429,000","","2","2","0","1,200","Condo","1973","1","","No","","0"
"1001","B26001256","A","3280","535 Hendricks Isle Unit#302","BURTON POINT CONDO "," ","$429,000","","1","1","1","700","Condo","1963","","No","Yes","","0"
"1001","A12033893","A","3390","1115 NW 1st Ave","PROGRESSO "," ","$429,000","","2","1","0","","Single","1950","0","No","No","Detached","¤6,750"
"1001","B26031313","A","","1000 SE 4th Street Unit#209-210","RIVERVIEW GARDEN APARTMENT ","","$425,000","","2","2","0","1,240","Condo","1956","","No","Yes","Garden Apartment, Other","0"
"1001","B26023849","A","3160","2300 NE 33rd Avenue Unit#502","EVERGLADES CLUB CONDO ","","$425,000","","2","2","1","1,369","Condo","1986","1","No","No","Substantially Remodeled","0"
"1001","F10537642","A","3160","601 N Ft Lauderdale Bch Boulevard Unit#1116","THE ATLANTIC HOTEL CONDO THE ATLANTIC HOTEL CONDO"," ","$425,000","","1","1","0","465","Condo","2004","1","","Yes","","0"
"1001","A11875034","A","3160","601 N Ft Lauderdale Beach Blvd Unit#611","ATLANTIC HOTEL CONDO ATLANTIC HOTEL CONDO"," ","$425,000","","1","1","0","¤690","Condo","2004","1","","Yes","",""
"1001","A12029645","A","3170","1900 S Ocean Dr Unit#312","BREAKWATER TOWERS CO-OP Breakwater Towers","","$425,000","","3","2","0","¤1,293","Co-Op","1962","0","","No","",""
"1001","A12032302","A","3260","1160 N Federal Hwy Unit#213","EAST POINT TOWERS CONDO East Point Towers"," ","$425,000","","2","2","0","¤1,920","Condo","1978","1","","Yes","",""
"1001","A11942447","A","3390","2917 NW 9th Ave","JENADA VILLAS 1 ADD "," ","$425,000","","3","2","0","¤1,205","Single","1969","0","No","No","Detached","¤6,505"
"1001","B26024910","A","3460","512 NW 15th Terrace","DORSEY PARK FIRST ADD ","","$425,000","","4","2","1","1,118","Single","1950","","No","No","Substantially Remodeled","5,650"
"1001","F10540779","A","3470","1101 River Reach Drive Unit#502","River Reach River Reach"," ","$424,999","","2","2","0","1,250","Condo","1982","1","","Yes","",""
"1001","A11955239","A","3400","1308 NW 13th Ct","LAUDERDALE MANORS ADD REV ","","$424,900","","3","2","0","¤929","Single","1953","0","No","No","Detached","¤6,600"
"1001","A12052635","A","3600","315 SW 19th St","CROISSANT PARK PARK SECTI ","","$424,900","","2","2","0","¤855","Single","1953","0","No","No","Detached","¤4,867"
"1001","A12022277","A","3150","2100 S Ocean Dr Unit#10E","SKY HARBOUR EAST CONDO SKY HARBOUR EAST CONDO","","$420,000","","1","1","0","¤900","Condo","1965","1","","Yes","",""
"1001","R11016882","A","3160","3015 N Ocean Boulevard Unit#17b","Berkley South "," ","$420,000","","2","2","0","1,144","Condo","1974","1","No","No","","0"
"1001","F10550850","A","3170","2100 S Ocean Drive Unit#9L","Sky Harbour East Sky Harbour East"," ","$420,000","","1","1","0","900","Condo","1965","0","","Yes","",""
"1001","A11773043","A","3260","2340 NE 9th St Unit#210","PARK RIDGE EAST APTS COND PARK RIDGE EAST"," ","$420,000","","2","2","0","¤1,079","Condo","1967","0","","No","",""
"1001","B26004358","A","3460","1136 NW 5th Court","TUSKEGEE PARK "," ","$420,000","","3","2","0","1,256","Single","1997","1","No","No","Ranch","7,000"
"1001","A12030691","A","3170","1819 SE 17th St Unit#603","PORT CONDO PORT CONDO"," ","$419,900","","2","2","1","¤1,475","Condo","2006","1","","No","",""
"1001","F10549285","A","3600","1510 SE 15th Street Unit#310","MARINA DEL MAR CONDO MARINA DEL MAR CONDO"," ","$419,000","","2","2","0","1,070","Condo","1964","2","","Yes","",""
"1001","R11153104","A","3260","1160 N Federal Highway Unit#221","EAST POINT TOWERS CONDO ","","$415,000","","2","2","0","1,344","Condo","1978","1","No","Yes","",""
"1001","B26037635","A","3370","604 NE 14th Place","LAUDERDALE GARDENS ","","$415,000","","3","1","0","875","Single","1952","","No","No","Ranch",""
"1001","A11926190","A","3400","1100 NW 7th Ave","PROGRESSO "," ","$415,000","","3","2","0","¤1,258","Single","1952","0","No","No","Detached","¤6,755"
"1001","A12035169","A","3560","809 NW 12th Ave","LINCOLN PARK THIRD ADD ","","$415,000","","3","2","0","¤1,249","Single","1957","0","No","No","Detached","¤4,578"
"1001","B26034433","A","3600","1415 Miami Road Unit#B","SOUTHPORT TOWNHOMES 1 COND "," ","$415,000","","2","2","1","1,250","Townhouse","1984","","No","No","",""
"1001","A11974650","A","3280","1000 SE 4th St Unit#225","RIVERVIEW GARDEN APARTMEN Riverview Gardens"," ","$410,000","","2","2","0","¤850","Condo","1956","0","","Yes","",""
"1001","F10461458","A","3160","2841 N Ocean Boulevard Unit#802","Vantage View Vantage View"," ","$409,000","","2","2","0","1,100","Condo","1976","1","Yes","No","","0"
"1001","F10556710","A","3280","347 N New River Drive Unit#1506","WaterGarden WaterGarden"," ","$409,000","","1","1","0","820","Condo","2004","1","","Yes","","0"
"1001","F10545360","A","3800","520 SE 5th Avenue Unit#2404","LAS OLAS BY THE RIVER LAS OLAS BY THE RIVER"," ","$409,000","","2","2","0","1,083","Condo","2001","1","","No","","0"
"1001","A12025925","A","3160","3020 NE 32nd Ave Unit#716","TIDES AT BRIDGESIDE SQUAR THE TIDES","","$408,000","","1","1","0","¤815","Condo","2002","1","","No","",""
"1001","A12024847","A","3090","1408 NW 9th Ave","PROGRESSO ","","$405,000","","3","2","","¤1,331","Single","1954","0","No","No","Detached","¤6,748"
"1001","B26035805","A","3270","1501 E Broward Boulevard Unit#805","PINE CREST VILLAGE I AT ","","$405,000","","2","2","0","1,200","Condo","1966","","No","No","Garden Apartment","0"
"1001","B26025683","A","3270","1515 E Broward Boulevard Unit#305","PINE CREST VILLAGE I AT "," ","$404,000","","2","2","0","960","Condo","1966","","No","No","","0"
"1001","A11989137","A","3160","3020 NE 32nd Ave Unit#614","TIDES AT BRIDGESIDE SQUAR Tides at Bridgeside","","$400,000","","1","1","0","¤790","Condo","2002","1","","Yes","",""
"1001","A11859791","A","3170","2100 S Ocean Dr Unit#5B","SKY HARBOUR EAST CONDO SKY HARBOUR EAST"," ","$400,000","","1","1","0","¤900","Condo","1965","1","","Yes","",""
"1001","B26014408","A","3400","1004 NW 12th Street","LAUDERDALE MANORS ADD-REV  ","","$400,000","","3","1","0","1,145","Single","1953","","No","No","","6,600"
"1001","B26049483","A","3800","520 SE 5 Avenue Unit#1203","LAS OLAS BY THE RIVER COND ","","$400,000","","3","2","0","1,447","Condo","2001","2","No","No","","0"
"1001","A12036553","A","3280","350 SE 2nd St Unit#980","350 LAS OLAS PLACE CONDO 350 LAS OLAS PLACE CONDO","","$399,999","","1","1","0","¤847","Condo","2005","1","","No","",""
"1001","A12032985","A","3560","2424 NE 9th St Unit#207","COLONIAL MANOR WEST APART COLONIAL MANOR WEST APART"," ","$399,999","","2","2","0","¤1,209","Condo","1969","1","","No","",""
"1001","F10556531","A","3290","1317 NW 7th Terrace","PROGRESSO "," ","$399,990","","2","1","0","955","Single","1953","0","No","No","","6,756"
"1001","B26039460","A","3400","1657 Lauderdale Manor Drive","Lauderdale Manors ","","$399,900","","2","2","0","814","Single","1952","","No","No","Ranch",""
"1001","B26010977","A","3470","1301 River Reach Drive Unit#110","RIVER REACH CONDOMINIUM V "," ","$399,900","","2","2","0","1,110","Condo","1974","","No","Yes","Substantially Remodeled","0"
"1001","A12019408","A","3160","720 Bayshore Dr Unit#301","NAUTICAL TOWERS CONDO NAUTICAL TOWERS CONDO","","$399,500","","2","2","0","¤1,473","Condo","1971","0","","No","",""
"1001","B26017783","A","3260","1160 N Federal Highway Unit#1022","EAST POINT TOWERS CONDO "," ","$399,500","","2","2","0","1,344","Condo","1978","1","No","Yes","Substantially Remodeled","0"
"1001","B26020811","A","","1212 SE 2nd Court Unit#303","LAS OLAS MANOR 2 CONDO ","","$399,000","","2","1","1","1,034","Condo","1975","","No","No","Patio/Cluster","0"
"1001","B26046102","A","3160","336 N Birch Road Unit#6d","BIRCH CREST APARTMENTS INC ","","$399,000","","1","1","1","819","Condo","1970","","No","Yes","","0"
"1001","B26037758","A","3160","95 N Birch Road Unit#606","HARBOR HAVEN CONDO ","","$399,000","","1","1","0","795","Condo","1970","","No","No","","0"
"1001","A12017400","A","3170","2100 S OCEAN DR Unit#10B","SKY HARBOUR EAST SKY HARBOUR EAST","","$399,000","","1","1","0","900","Condo","1964","0","","Yes","",""
"1001","F10530479","A","3170","1900 S Ocean Drive Unit#1002","Breakwater Tower Breakwater Tower","","$399,000","","2","2","0","1,036","Co-Op","1962","0","","No","",""
"1001","B26048333","A","3370","119 NE 19th Court Unit#118g","MANOR GROVE VILLAGE TWO CO ","","$399,000","","2","2","0","1,180","Condo","1971","","Yes","No","","0"
"1001","B26010598","A","3470","1350 River Reach Drive Unit#115","RIVER REACH CONDOMINIUM VI ","","$399,000","","2","2","0","1,250","Condo","1972","","No","No","Garden Apartment, Other","0"
"1001","A11706391","A","3470","1820 SW 11th Ct","RIVERSIDE PARK ADD AMEN P "," ","$398,000","","2","1","0","¤878","Single","1955","0","No","No","Detached","¤8,250"
"1001","A11989823","A","3600","700 SE 14th St Unit#G","SOUTHPORT TOWNHOMES SOUTHPORT TOWNHOMES"," ","$398,000","","2","2","1","¤1,250","Townhouse","1984","0","","No","",""
"1001","F10541180","A","3160","601 N Ft Lauderdale Bch Boulevard Unit#1213","THE ATLANTIC HOTEL CONDO THE ATLANTIC HOTEL CONDO","","$397,000","","1","1","0","975","Condo","2004","1","","Yes","",""
"1001","B26039235","A","3270","1501 E Broward Boulevard Unit#705","PINE CREST VILLAGE I AT ","","$396,000","","2","2","0","1,200","Condo","1966","1","No","No","Substantially Remodeled","0"
"1001","B26008921","A","3600","1700 SE 15th Street Unit#306","CARAVEL CONDOMINIUM APARTM ","","$396,000","","2","2","0","1,250","Condo","1965","","No","Yes","Other, Substantially Remodeled","0"
"1001","B26023350","A","3160","720 Orton Avenue Unit#505","LEISURE SANDS CONDO ","","$395,000","","2","1","0","810","Condo","1970","","No","No","","0"
"1001","B26045350","A","3390","670 Tennis Club Drive Unit#312","TENNIS CLUB DAVIS CONDO ","","$395,000","","2","2","1","1,496","Condo","1973","","No","No","Patio/Cluster","0"
"1001","A12049371","A","3600","1617 SE 15th St Unit#303","SOUTHAMPTON CONDO SOUTHAMPTON CONDO","","$395,000","","2","2","0","¤1,240","Condo","1969","0","","Yes","",""
"1001","A12037102","A","3600","1617 SE 15th St Unit#605","SOUTHAMPTON CONDO SOUTHAMPTON","","$395,000","","2","2","","¤1,240","Condo","1969","0","","Yes","",""
"1001","A12022077","A","3700","315 NE 3rd Ave Unit#2009","STRADA 315 CONDO STRADA 315 CONDO","","$395,000","","1","1","1","¤826","Condo","2007","0","","No","",""
"1001","A11986756","A","3400","1804 NW 18th Ct","LAUDERDALE MANORS 19 ST "," ","$390,000","","3","2","0","¤1,068","Single","1959","0","No","No","Detached","¤7,012"
"1001","A11876377","A","3560","839 NW 13th Ave","LINCOLN PARK THIRD ADD "," ","$390,000","","3","1","0","¤1,059","Single","1972","0","No","No","Detached","¤5,000"
"1001","B26037117","A","3160","200 S Birch Road Unit#208","LEISURE BEACH ","","$389,900","","2","1","0","756","Condo","1970","","Yes","No","Substantially Remodeled","0"
"1001","A11991738","A","3160","209 N Fort Lauderdale Beach Blvd Unit#7F","SEASONS CONDO The Seasons"," ","$389,900","","1","2","0","¤710","Condo","1981","1","","Yes","",""
"1001","B26030960","A","3160","550 Bayshore Drive Unit#314","BAYSHORE EMBASSY CONDO ","","$389,000","","2","2","0","740","Condo","1970","","No","No","","0"
"1001","F10536948","A","3160","2840 N Ocean Boulevard Unit#308","Sea Tower Sea Tower"," ","$389,000","","1","1","0","769","Co-Op","1958","0","","Yes","",""
"1001","B26035395","A","3800","520 SE 5th Avenue Unit#3209","LAS OLAS BY THE RIVER COND ","","$389,000","","2","2","0","1,120","Condo","2001","1","No","No","Garden Apartment, Substantially Remodeled","0"
"1001","A11890182","A","3090","1712 NW 15th Ter","LAUDERDALE MANORS RESUB O ","","$385,000","","3","1","0","¤912","Single","1953","0","No","No","Detached","¤6,000"
"1001","B26029858","A","3160","200 S Birch Road Unit#906","LEISURE BEACH ","","$385,000","","1","1","0","647","Condo","1970","","No","No","","0"
"1001","A11986337","A","3160","601 N Fort Lauderdale Beach Blvd Unit#713","THE ATLANTIC HOTEL THE ATLANTIC HOTEL","","$385,000","","1","1","","990","Condo","2005","1","","Yes","",""
"1001","F10534326","A","3160","601 N Ft Lauderdale Bch Boulevard Unit#1113","THE ATLANTIC HOTEL CONDO THE ATLANTIC HOTEL CONDO"," ","$385,000","","1","1","0","975","Condo","2004","1","","Yes","",""
"1001","B26049135","A","3470","1101 River Reach Drive Unit#415","RIVER REACH CONDOMINIUM II ","","$385,000","","2","2","0","1,110","Condo","1982","","No","Yes","","0"
"1001","B26026957","A","3160","3015 N Ocean Boulevard Unit#15a","BERKLEY SOUTH CONDO ","","$380,000","","2","2","0","1,328","Condo","1974","1","No","No","","0"
"1001","A12029797","A","3390","1241 NW 6th Ave","PROGRESSO ","","$380,000","","2","1","0","¤1,015","Single","1952","0","No","No","Detached","¤8,445"
"1001","B26009812","A","3400","1749 NW 18th Street","LAUDERDALE MANORS 19 ST "," ","$380,000","","3","2","0","1,303","Single","1959","","No","No","","7,000"
"1001","B26005705","A","3700","533 NE 3rd Avenue Unit#131","SOLE AT FORT LAUDERDALE CO ","","$380,000","","2","2","0","1,270","Condo","2005","1","Yes","No","Garden Apartment, Other, Patio/Cluster","0"
"1001","A11952284","A","3460","436 NW 15th Ave","FIRST ADD TO TUSKEGEE PAR "," ","$379,999","","3","2","0","¤1,036","Single","1947","0","No","No","Attached","¤5,650"
"1001","B26000245","A","3370","614 NE 28th Street Unit#106","HERON HOUSE CONDO "," ","$379,900","","2","1","0","695","Condo","1950","","Yes","No","Patio/Cluster, Ranch, Substantially Remodeled","0"
"1001","R11166092","A","3390","1708 NW 8th Avenue","PROGRESSO "," ","$379,900","","3","1","0","925","Single","1954","","No","No","Ranch","7,771"
"1001","B26024688","A","3600","2125 SE 10th Avenue Unit#1008","VILLAGE EAST CONDO "," ","$379,900","","2","2","0","1,054","Condo","2000","","No","No","","0"
"1001","B26043210","A","3170","1850 S Ocean Drive Unit#111","LAKE MAYAN APTS CO-OP ","","$379,000","","2","1","0","760","Co-Op","1963","","No","Yes","Garden Apartment",""
"1001","B26053399","A","3370","1930 NE 2ND Avenue Unit#216L","MANOR GROVE VILLAGE FOUR C ","","$379,000","","2","2","0","1,200","Condo","1973","","Yes","No","Penthouse","0"
"1001","F10543975","A","3160","3020 NE 32nd Avenue Unit#805","TIDES AT BRIDGESIDE TIDES AT BRIDGESIDE"," ","$375,000","","1","1","0","750","Condo","2002","1","","Yes","","0"
"1001","F10548385","A","3260","1160 N Federal Highway Unit#522","EAST POINT TOWERS EAST POINT TOWERS","","$375,000","","2","2","0","1,344","Condo","1978","1","No","Yes","","0"
"1001","A12051255","A","3280","535 Hendricks Isle Apt Unit#306","BURTON POINT Burton Point"," ","$375,000","","2","1","1","¤800","Condo","1963","0","","Yes","",""
"1001","F10456328","A","3280","54 Isle Of Venice Drive Unit#3","CRANWELL HOUSE CONDO CRANWELL HOUSE CONDO"," ","$375,000","","1","1","0","550","Condo","1963","0","","Yes","",""
"1001","R11165631","A","3460","400 NW 18th Avenue","DORSEY PARK THIRD ADD ","","$375,000","","3","1","0","1,034","Single","1952","","No","No","Ranch","6,131"
"1001","A12039963","A","3470","900 River Reach Dr Unit#404","RIVER REACH CONDOMINIUM I River Reach Condominiums","","$375,000","","2","2","0","¤1,025","Condo","1971","0","","Yes","",""
"1001","B26021945","A","3470","1000 River Reach Drive Unit#505","RIVER REACH CONDOMINIUM II "," ","$375,000","","2","2","0","1,025","Condo","1971","","No","No","Penthouse","0"
"1001","F10525161","A","3800","520 SE 5th Avenue Unit#1202","LAS OLAS BY THE RIVER LAS OLAS BY THE RIVER"," ","$375,000","","2","2","0","1,148","Condo","2001","1","","No","","0"
"1001","B26011536","A","3160","95 N Birch Road Unit#605","HARBOR HAVEN CONDO "," ","$374,999","","1","1","0","720","Condo","1970","","No","Yes","","0"
"1001","B26053556","A","3400","1200 NW 19TH Avenue","LAUDERDALE MANORS AMD PLAT "," ","$374,999","","2","1","0","768","Single","1954","","No","No","Ranch","8,400"
"1001","F10543909","A","3280","347 N New River Drive Unit#606","WATERGARDEN WATERGARDEN"," ","$374,000","","1","1","0","820","Condo","2004","1","","Yes","",""
"1001","B26023374","A","3600","2119 SE 10th Avenue Unit#901","VILLAGE EAST CONDO "," ","$372,777","","2","2","0","1,054","Condo","2000","1","No","No","Garden Apartment","0"
"1001","A11965778","A","3470","1101 River Reach Dr Unit#418","RIVER REACH CONDOMINIUM I River Reach"," ","$370,000","","2","2","0","¤1,250","Condo","1983","1","","Yes","",""
"1001","A11954684","A","3600","2039 SE 10th Ave Unit#517","VILLAGE EAST CONDO VILLAGE EAST"," ","$370,000","","2","2","0","¤1,054","Condo","2000","0","","No","",""
"1001","A12039796","A","3700","533 NE 3rd Ave Unit#503","SOLE AT FORT LAUDERDALE C SOLE AT FORT LAUDERDALE"," ","$369,999","","2","2","0","¤1,240","Condo","2005","1","","No","",""
"1001","B26034926","A","3700","313 NE 2nd Street Unit#901","NOLA LOFTS CONDOMINIUM I "," ","$369,900","","1","1","0","804","Condo","2005","","No","No","","0"
"1001","B26020415","A","3160","95 N Birch Road Unit#304","HARBOR HAVEN CONDO "," ","$369,000","","1","1","0","795","Condo","1970","","No","Yes","","0"
"1001","F10487867","A","3160","2841 N Ocean Boulevard Unit#603","VANTAGE VIEW VANTAGE VIEW"," ","$369,000","","2","2","0","1,100","Condo","1976","1","Yes","No","","0"
"1001","A12015056","A","3390","2005 NW 11th Ave","HILLMONT-MIDDLE RIVER VIS ","","$369,000","","4","2","0","¤1,162","Single","1971","0","No","No","Detached","¤6,825"
"1001","F10556876","A","3470","1301 River Reach Drive Unit#201","River Reach River Reach","","$369,000","","1","1","1","900","Condo","1974","0","","Yes","",""
"1001","R11169279","A","3700","533 NE 3rd Avenue Unit#204","SOLE AT FORT LAUDERDALE CO "," ","$365,999","","2","2","0","1,240","Condo","2005","1","No","No","","0"
"1001","F10532717","A","3170","1900 S Ocean Drive Unit#812","Breakwater Towers Co-op Breakwater Towers","","$365,000","","3","2","0","1,293","Co-Op","1962","","Yes","No","",""
"1001","B26038837","A","3270","1515 E Broward Boulevard Unit#323","PINE CREST VILLAGE I AT VI ","","$365,000","","2","2","0","960","Condo","1966","","No","No","","0"
"1001","B26053758","A","3370","47 NE 20th Court Unit#1H","MANOR GROVE VILLAGE THREE  ","","$365,000","","2","1","1","960","Townhouse","1972","","No","No","","0"
"1001","B26020718","A","3390","670 Tennis Club  Drive Unit#303","TENNIS CLUB DAVIS CONDO ","","$365,000","","3","2","1","1,496","Condo","1973","","No","No","","0"
"1001","F10540490","A","3240","2900 NE 30th Street Unit#G8","LAUDERDALE TOWER LAUDERDALE TOWER"," ","$364,000","","2","2","0","1,040","Condo","2006","0","","No","",""
"1001","F10554141","A","3260","1160 N Federal Highway Unit#1118","East Point Towers East Point Towers","","$360,000","","1","1","1","1,211","Condo","1978","1","","Yes","",""
"1001","F10552480","A","3470","1301 River Reach Drive Unit#306","River Reach Condominium River Reach Condominium"," ","$360,000","","2","2","0","900","Condo","1974","0","","Yes","",""
"1001","F10529256","A","3470","1301 River Reach Drive Unit#515","River Reach Condominiums River Reach Condominiums"," ","$360,000","","2","2","0","1,250","Condo","1974","0","","Yes","",""
"1001","F10549114","A","3600","2131 SE 10th Avenue Unit#1117","VILLAGE EAST VILLAGE EAST"," ","$359,999","","2","2","0","1,054","Condo","2000","","","No","","0"
"1001","A11864535","A","3160","3020 NE 32nd Ave Unit#721","TIDES AT BRIDGESIDE SQUAR TIDES AT BRIDGESIDE SQUAR"," ","$359,000","","1","1","0","¤720","Condo","2002","1","","No","",""
"1001","B26010781","A","3470","1101 River Reach Drive Unit#311","RIVER REACH CONDOMINIUM II ","","$359,000","","2","2","0","1,110","Condo","1982","","No","Yes","Substantially Remodeled","0"
"1001","F10544876","A","3470","1101 River Reach Drive Unit#205","River Reach River Reach","","$359,000","","2","2","0","1,110","Condo","1982","","","Yes","","0"
"1001","B26034125","A","3470","1201 River Reach Drive Unit#202","RIVER REACH CONDOMINIUM IV "," ","$355,000","","2","2","0","1,110","Condo","1981","","No","Yes","","0"
"1001","A12024388","A","3600","1600 SE 15th St Unit#601","PLAZA 15 CONDO PLAZA 15"," ","$355,000","","2","2","0","¤1,020","Condo","1973","0","","No","",""
"1001","B26018720","A","3700","315 NE 3rd Avenue Unit#1509","Flagler Village "," ","$355,000","","1","1","1","826","Condo","2007","1","No","No","","0"
"1001","F10542898","A","3700","405 NW 18th Avenue","Dorsey Park Third Add 24- ","","$355,000","","2","1","0","918","Single","1955","0","No","No","","5,250"
"1001","A11974979","A","3170","2900 Banyan St Unit#408","LEISURE BEACH SOUTH CONDO Leisure Beach South"," ","$354,900","","2","1","0","¤920","Condo","1970","0","","No","",""
"1001","A12018195","A","3010","1809 NW 8th Pl","LAUDERDALE HOMESITES FIRS ","","$350,000","","2","1","0","¤850","Single","2023","0","No","No","Detached","¤2,475"
"1001","B26012744","A","3260","1170 N Federal Highway Unit#411","EAST POINT TOWERS CONDO ","","$350,000","","2","2","0","1,491","Condo","1973","","No","No","Substantially Remodeled","0"
"1001","B26045927","A","3280","40 Isle Of Venice Drive Unit#3","ISLAND HOUSE EAST CONDO ","","$350,000","","1","1","0","560","Condo","1961","","No","Yes","Substantially Remodeled","0"
"1001","A12045996","A","3400","1201 NW 10th Pl","LAUDERDALE MANORS ADD ","","$350,000","","2","1","","¤810","Single","1953","0","No","No","Detached","¤6,850"
"1001","A11784468","A","3460","723 NW 15th Way","CARVER PARK "," ","$350,000","","4","1","0","¤1,080","Single","1951","0","No","No","Detached","¤5,500"
"1001","A12041599","A","3600","1777 SE 15th St Unit#407","CROMWELL EAST CONDO Cromwell East","","$350,000","","2","1","1","¤840","Condo","1974","0","","Yes","",""
"1001","F10541373","A","3800","2131 SE 10th Avenue Unit#1120","Village East Village East","","$350,000","","2","2","0","1,054","Condo","2002","0","","No","",""
"1001","B26036675","A","3260","2900 NE 30th Street Unit#Apt 8j","LAUDERDALE TOWER CONDO ","","$349,900","","1","1","0","730","Condo","1964","","No","Yes","","0"
"1001","B26042208","A","3400","942 NW 12th Street","LAUDERDALE MANORS ADD-REV  ","","$349,900","","2","1","0","720","Single","1953","1","No","No","Other","6,600"
"1001","B26043565","A","3700","533 NE 3rd Avenue Unit#512","SOLE AT FORT LAUDERDALE CO ","","$349,900","","1","1","0","760","Condo","2005","1","No","No","","0"
"1001","B26022236","A","3260","1308 Bayview Drive Unit#1c","HAMPTON EAST CONDO "," ","$349,500","","2","2","0","815","Condo","1961","","No","Yes","Garden Apartment, Substantially Remodeled","0"
"1001","B26052677","A","","347 N NEW RIVER Drive Unit#406","WATERGARDEN CONDO ","","$349,000","","1","1","0","820","Condo","2004","1","No","No","","0"
"1001","F10539859","A","3150","3020 NE 32nd Avenue Unit#905","The Tides of Bridgeside The Tides of Bridgeside"," ","$349,000","","1","1","0","750","Condo","2002","1","","Yes","","0"
"1001","F10488667","A","3170","1900 S Ocean Drive Unit#905","Breakwater Towers Breakwater Towers"," ","$349,000","","1","1","0","805","Co-Op","1962","0","","No","",""
"1001","B26041545","A","3470","1301 River Reach Drive Unit#202","RIVER REACH CONDOMINIUM V ","","$349,000","","1","2","0","1,110","Condo","1974","","No","Yes","","0"
"1001","A12034476","A","3470","610 W Las Olas Blvd Unit#312N","SYMPHONY NORTH CONDO The Symphony","","$349,000","","1","1","0","¤776","Condo","2005","1","","Yes","",""
"1001","A12013019","A","3160","2715 N Ocean Blvd Unit#2E","EMBASSY TOWER II INC COND EMBASSY TOWER"," ","$345,000","","2","2","0","¤1,200","Condo","1973","1","","No","",""
"1001","B26022531","A","3160","505 N Fort Lauderdale Beach Boulevard Unit#605","Q CLUB RESORT & RESIDENCES "," ","$345,000","","1","1","1","906","Condo","2006","1","No","No","Patio/Cluster","0"
"1001","F10492095","A","3160","505 N Fort Lauderdale Beach Unit#1809","HILTON CLUB Q RESIDENCES HILTON CLUB Q RESIDENCES"," ","$345,000","","1","1","1","584","","2006","1","No","Yes","",""
"1001","A12010749","A","3260","1160 N Federal Hwy Unit#822","EAST POINT TOWERS CONDO East Point Towers","","$345,000","","2","2","0","¤1,344","Condo","1978","273","","Yes","",""
"1001","B26010310","A","3280","2500 E Las Olas Boulevard Unit#404","MARINE TOWER CONDO "," ","$345,000","","2","2","0","1,230","Condo","1969","","No","No","","0"
"1001","A11976766","A","3600","2033 SE 10th Ave Unit#614","VILLAGE EAST CONDO Village East"," ","$345,000","","2","2","0","¤1,054","Condo","2000","2","","No","",""
"1001","F10529132","A","3260","2900 NE 30th Street Unit#G-1","Lauderdale Tower Condos Lauderdale Tower Condos"," ","$344,500","","2","2","0","1,040","Condo","1964","","","Yes","","0"
"1001","F10491075","A","3170","1920 S Ocean Drive Unit#1508","Atlantic Towers Atlantic Towers"," ","$340,000","","1","1","0","805","Co-Op","1961","0","","Yes","",""
"1001","F10556129","A","3600","1777 SE 15th Street Unit#404","Cromwell East Cromwell East"," ","$340,000","","1","1","0","724","Condo","1974","","","Yes","","0"
"1001","B26038791","A","3470","900 River Reach Drive Unit#425","RIVER REACH CONDOMINIUM I ","","$339,900","","2","2","0","900","Condo","1971","","No","Yes","","0"
"1001","B26000676","A","3470","1101 River Reach Drive Unit#308","RIVER REACH CONDOMINIUM II "," ","$339,900","","2","2","0","1,250","Condo","1982","1","Yes","Yes","Other, Patio/Cluster","0"
"1001","B26025896","A","3160","3020 NE 32nd Avenue Unit#807","TIDES AT BRIDGESIDE SQUARE "," ","$339,000","","1","1","0","640","Condo","2002","1","No","No","","0"
"1001","A11999400","A","3280","340 Sunset Dr Unit#407","ESSEX TOWER CONDO ESSEX TOWER"," ","$339,000","","1","1","1","¤841","Condo","1971","1","","No","",""
"1001","B26052586","A","3470","1350 RIVER REACH Drive Unit#106","RIVER REACH CONDOMINIUM VI ","","$339,000","","1","1","1","900","Condo","1972","","No","Yes","","0"
"1001","F10548593","A","3800","520 SE 5th Avenue Unit#2202","LAS OLAS BY THE RIVER LAS OLAS BY THE RIVER"," ","$339,000","","2","2","0","1,148","Condo","2001","1","","No","","0"
"1001","A12035186","A","3600","2107 SE 10th Ave Unit#809","VILLAGE EAST CONDO Village East Condo","","$335,420","","1","1","0","¤878","Condo","2001","1","","No","",""
"1001","B26014257","A","3370","1920 NE 1st Terrace Unit#118h","MANOR GROVE VILLAGE TWO CO "," ","$335,000","","2","2","0","1,180","Condo","1971","","No","No","","0"
"1001","B26054610","A","3470","900 RIVER REACH Drive Unit#104","RIVER REACH CONDOMINIUM I ","","$335,000","","2","2","0","1,025","Condo","1971","","No","No","","0"
"1001","A11978187","A","3600","2107 SE 10th Ave Unit#833","VILLAGE EAST CONDO Village East"," ","$335,000","","1","1","0","¤878","Townhouse","2001","1","","No","",""
"1001","A11998437","A","3600","1777 SE 15th St Unit#217","CROMWELL EAST CONDO Cromwell East"," ","$333,999","","2","1","1","¤840","Condo","1974","0","","Yes","",""
"1001","B26053805","A","3270","1501 E Broward Boulevard Unit#810","PINE CREST VILLAGE I AT ","","$330,000","","2","1","0","980","Condo","1966","","No","No","","0"
"1001","B26024107","A","3800","511 SE 5th Avenue Unit#1118","NURIVER LANDING CONDO "," ","$330,000","","0","1","0","634","Condo","2006","1","Yes","Yes","","0"
"1001","A11992677","A","3160","505 N Fort Lauderdale Beach Blvd Unit#2205","Q CLUB RESORT & RESIDENCE Q Club"," ","$329,000","","1","1","1","¤906","Condo","2006","1","","No","",""
"1001","A12031452","A","3470","1301 River Reach Dr Unit#106","RIVER REACH CONDOMINIUM V RIVER REACH CONDOMINIUM","","$329,000","","1","1","1","¤900","Condo","1974","0","","Yes","",""
"1001","B26054929","A","3600","1535 SE 15TH Street Unit#305","HARBOR VIEW APTS CONDO ","","$329,000","","2","2","0","977","Condo","1963","","Yes","Yes","","0"
"1001","B26047768","A","3160","200 S Birch Road Unit#701","LEISURE BEACH CONDO ","","$328,000","","2","1","0","756","Condo","1970","","No","Yes","","0"
"1001","A12008401","A","3600","1625 SE 10th Ave Unit#101","RUNAWAY BAY CONDO Runaway Bay"," ","$327,000","","2","2","0","¤1,040","Condo","1975","1","","No","",""
"1001","B26032896","A","3370","1940 NE 2nd Avenue Unit#106j","MANOR GROVE VILLAGE FOUR C "," ","$325,900","","2","2","0","1,200","Condo","1973","","No","No","Garden Apartment, Patio/Cluster","0"
"1001","B26014676","A","3170","1900 S Ocean Drive Unit#1504","BREAKWATER TOWERS CO-OP ","","$325,000","","1","1","0","805","Co-Op","1962","","No","No","",""
"1001","F10502914","A","3260","888 Intracoastal Drive Unit#14F","Sunrise Tower Sunrise Tower"," ","$325,000","","1","1","1","955","Condo","1963","0","","Yes","",""
"1001","B26007711","A","3270","1515 E Broward Boulevard Unit#426","PINE CREST VILLAGE I AT "," ","$325,000","","2","2","0","960","Condo","1966","","Yes","No","","0"
"1001","A12041459","A","3280","1790 E Las Olas Blvd Unit#11","MAYFAIR ARMS CO-OP MAYFAIR ARMS","","$325,000","","2","2","0","¤1,150","Co-Op","1959","0","","Yes","",""
"1001","B26044647","A","3470","1350 River Reach Drive Unit#111","RIVER REACH CONDOMINIUM VI ","","$325,000","","2","2","0","1,110","Condo","1972","","No","Yes","","0"
"1001","B26014319","A","3470","900 River Reach Drive Unit#518","RIVER REACH CONDOMINIUM I ","","$325,000","","2","1","1","850","Condo","1971","","No","No","","0"
"1001","B26016656","A","3600","1600 SE 15th Street Unit#305","PLAZA 15 CONDO "," ","$325,000","","2","2","0","1,020","Condo","1973","","No","Yes","","0"
"1001","A11967707","A","3600","2009 SE 10th Ave Unit#302","VILLAGE EAST CONDO VILLAGE EAST"," ","$325,000","","2","2","0","¤1,054","Condo","2000","0","","No","",""
"1001","F10531214","A","3800","520 SE 5th Avenue Unit#3704","LAS OLAS BY THE RIVER LAS OLAS BY THE RIVER"," ","$325,000","","1","1","0","786","Condo","2001","1","","No","","0"
"1001","B26017121","A","3160","550 Bayshore Drive Unit#104","BAYSHORE EMBASSY CONDO ","","$324,900","","2","1","1","1,000","Condo","1970","","No","No","Substantially Remodeled","0"
"1001","B26052531","A","3260","1839 Middle River Drive Unit#105","RIVERS BEND CONDO ","","$320,000","","2","2","0","1,196","Condo","1972","","No","No","Other","0"
"1001","A12032339","A","3270","150 NE 15th Ave Unit#140","PINE CREST VILLAGE II AT PINE CREST VILLAGE II"," ","$320,000","","2","2","0","¤1,280","Condo","1970","0","","No","",""
"1001","F10518548","A","3270","744 NE 14th Avenue Unit#4","Sevilla Courts Sevilla Courts"," ","$320,000","","2","2","0","832","Condo","1968","0","","No","",""
"1001","B26044107","A","3280","1750 E Las Olas Boulevard Unit#502","SEVENTEEN FIFTY LAS OLAS C ","","$320,000","","1","1","1","625","Co-Op","1958","","Yes","Yes","",""
"1001","B26005344","A","3370","9 NE 19th Court Unit#212c","MANOR GROVE VILLAGE ONE IN ","","$320,000","","2","2","0","1,180","Condo","1970","","No","No","Other","0"
"1001","A12044680","A","3460","1316 NW 3rd St","SEMINOLE FOREST Tango Village","","$320,000","","2","2","1","¤1,250","Townhouse","2008","1","","No","",""
"1001","A11997620","A","3600","1731 SE 15th St Unit#315","CROMWELL WEST CONDO Cromwell West"," ","$320,000","","2","1","1","¤814","Condo","1973","0","","Yes","",""
"1001","A12035945","A","3800","520 SE 5th Ave Unit#2307","LAS OLAS BY THE RIVER CON las olas by the river","","$320,000","","1","1","0","¤816","Condo","2001","1","","Yes","",""
"1001","B26047839","A","3160","3020 NE 32nd Avenue Unit#623","TIDES AT BRIDGESIDE SQUARE ","","$319,999","","1","1","0","720","Condo","2002","2","No","No","","0"
"1001","B26050603","A","3160","550 Bayshore Drive Unit#102","BAYSHORE EMBASSY CONDO ","","$319,900","","1","1","0","680","Condo","1970","","No","No","Other, Substantially Remodeled","0"
"1001","A12004425","A","3620","723 NW 15th Ter","CARVER PARK "," ","$319,900","","3","1","1","¤1,408","Single","1970","0","No","No","Detached","¤5,625"
"1001","B26050910","A","3170","1920 S Ocean Drive Unit#503","ATLANTIC TOWERS CO-OP ","","$319,000","","1","1","0","805","Condo","1961","","No","No","","0"
"1001","R11151354","A","3170","1900 S Ocean Drive Unit#1702","BREAKWATER TOWERS CO-OP "," ","$319,000","","2","2","0","1,036","Condo","1963","","No","No","High Rise","0"
"1001","B26008204","A","3370","3004 NE 5th Terrace Unit#206-c","RIVER MANOR CONDO ","","$319,000","","2","2","0","1,000","Condo","1973","","Yes","Yes","","0"
"1001","B26044310","A","3380","1455 Holly Heights Drive Unit#2","FUSION GARDENS CONDO ","","$318,000","","2","2","0","1,012","Condo","1987","","No","No","Split Level","0"
"1001","F10503565","A","3800","520 SE 5th Avenue Unit#3404","LAS OLAS BY THE RIVER LAS OLAS BY THE RIVER"," ","$315,000","","1","1","0","786","Condo","2001","1","","No","","0"
"1001","B26042933","A","3170","1920 S Ocean Drive Unit#306","ATLANTIC TOWERS CO-OP "," ","$314,900","","3","3","0","1,329","Co-Op","1961","","No","No","",""
"1001","A12001738","A","3260","2900 NE 30th St Unit#F2","LAUDERDALE TOWER CONDO Lauderdale Tower","","$313,500","","1","1","0","¤730","Condo","1964","0","","No","",""
"1001","B26047338","A","3370","3010 NE 16th Avenue Unit#502","RIVER BEND CONDO ","","$312,000","","2","2","0","1,100","Condo","1972","","No","Yes","","0"
"1001","A12011109","A","3480","1100 SW 12th St Unit#300","RIO NUEVO C CONDO RIO NUEVO C CONDO","","$310,000","","2","2","0","¤1,020","Condo","1967","1","","Yes","",""
"1001","A12024366","A","3150","3015 N Ocean Blvd Unit#6A","BERKLEY SOUTH CONDO BERKLEY SOUTH CONDO"," ","$309,000","","2","2","0","¤1,328","Condo","1974","1","","No","",""
"1001","A12040288","A","3270","611 NE 14th Ave Unit#206","PARK COURT CONDO PARK COURT CONDO","","$309,000","","2","2","0","¤820","Condo","1973","0","","No","",""
"1001","F10541979","A","3600","1531 SE 15th Unit#6","Quarterdeck Condominium Quarterdeck Condominium","","$309,000","","2","2","1","1,008","Condo","1974","0","","Yes","",""
"1001","A11845977","A","3160","200 S Birch Rd Unit#1212","LEISURE BEACH CONDO Leisure Beach Condo"," ","$300,000","","1","1","0","¤647","Condo","1970","1","","No","",""
"1001","B26045208","A","3270","744 NE 14th Avenue Unit#21","SEVILLA COURTS CONDO ","","$300,000","","2","2","0","760","Condo","1968","","No","No","Garden Apartment","0"
"1001","F10543202","A","3400","924 NW 14 Court","LAUDERDALE MANORS ADD "," ","$300,000","","3","1","0","1,079","Single","1957","0","No","No","",""
"1001","R11164780","A","5220","505 N Fort Lauderdale Beach Boulevard Unit#1512","Q CLUB RESORT & RESIDENCES ","","$300,000","","0","1","0","533","Condo","2007","1","No","Yes","","0"
"1001","B26053643","A","3700","533 NE 3rd Avenue Unit#148","SOLE AT FORT LAUDERDALE CO ","","$299,995","","1","1","0","667","Condo","2005","1","No","No","Other","0"
"1001","A11942867","A","3160","200 S Birch Rd Unit#1111","LEISURE BEACH CONDO Leisure beach condo","","$299,900","","1","1","0","¤647","Condo","1971","0","","No","",""
"1001","B26043085","A","3370","3004 NE 5th Terrace Unit#216-c","RIVER MANOR CONDO ","","$299,900","","2","2","0","1,000","Condo","1973","","No","Yes","Garden Apartment","0"
"1001","B26029280","A","3270","510 NE 17th Avenue Unit#103","ELIZABETHAN CONDO "," ","$299,800","","2","2","0","751","Condo","1973","","No","No","Garden Apartment","0"
"1001","B26023118","A","3160","625 Orton Avenue Unit#18","BEACH BREEZE APTS CO-OP ","","$299,000","","2","1","0","882","Co-Op","1956","","No","No","",""
"1001","B26038520","A","3170","1920 S Ocean Drive Unit#511","ATLANTIC TOWERS CO-OP ","","$299,000","","3","2","0","1,293","Condo","1961","","No","No","","0"
"1001","B26028760","A","3170","1920 S Ocean Drive Unit#1009","ATLANTIC TOWERS CO-OP "," ","$299,000","","1","1","0","805","Co-Op","1961","","No","Yes","Substantially Remodeled",""
"1001","B26021555","A","3170","1920 S Ocean Drive Unit#1504","ATLANTIC TOWERS CO-OP ","","$299,000","","1","1","0","805","Co-Op","1961","","No","No","",""
"1001","F10529174","A","3170","1750 S Ocean Lane Unit#205","LAGO MAR PLACE LAGO MAR PLACE"," ","$299,000","","1","1","0","699","Co-Op","1962","","","Yes","",""
"1001","B26015532","A","3260","1160 N Federal Highway Unit#517","EAST POINT TOWERS CONDO ","","$299,000","","1","1","1","1,005","Condo","1978","","No","Yes","","0"
"1001","B26001441","A","3260","2555 NE 11th Street Unit#609","HORIZON HOUSE CONDO ","","$299,000","","2","1","0","970","Condo","1981","","No","No","","0"
"1001","A12044514","A","3470","1000 River Reach Dr Unit#516","RIVER REACH CONDOMINIUM I RIVER REACH","","$299,000","","2","2","0","¤900","Condo","1972","0","","Yes","",""
"1001","F10537958","A","3700","533 NE 3rd Avenue Unit#541","SOLE AT FORT LAUDERDALE SOLE AT FORT LAUDERDALE","","$299,000","","1","1","0","760","Condo","2005","1","","No","","0"
"1001","A11954681","A","3170","2424 SE 17th Cswy Unit#312B","VILLAGE AT HARBOR BEACH C VILLAGE AT HARBOR BEACH"," ","$295,000","","2","2","0","¤875","Condo","1967","1","","No","",""
"1001","F10525781","A","3260","2555 NE 11th Street Unit#902","Horizon House Horizon House","","$295,000","","2","1","0","970","Condo","1965","0","","No","",""
"1001","A12052577","A","3270","809 NE 17th Ave Unit#4","ARTIST COLONY CONDO ARTIST COLONY","","$295,000","","2","2","0","¤850","Condo","1958","0","","No","",""
"1001","F10549922","A","3370","2607 NE 8th Avenue Unit#34","WILTON VILLAGE CONDO WILTON VILLAGE CONDO"," ","$295,000","","2","1","0","846","Condo","1975","","","No","","0"
"1001","A12007027","A","3480","900 SW 12th St Unit#108","RIO NUEVO A CONDO RIO NUEVO A CONDO","","$295,000","","2","2","0","¤1,000","Condo","1966","2","","No","",""
"1001","R11135138","A","3270","744 NE 14th Avenue Unit#12","SEVILLA COURTS "," ","$294,999","","2","2","0","790","Condo","1968","","No","No","","0"
"1001","A11931278","A","3600","1510 SE 15th St Unit#210","MARINA DEL MAR CONDO MARINA DEL MAR CONDO"," ","$294,000","","3","2","0","¤1,070","Condo","1964","1","","Yes","",""
"1001","A12015816","A","3800","520 SE 5th Ave Unit#2501","LAS OLAS BY THE RIVER CON LAS OLAS BY THE RIVER"," ","$294,000","","1","1","0","¤894","Condo","2001","1","","No","",""
"1001","A12006881","A","3270","150 NE 15th Ave Unit#235","PINE CREST VILLAGE II AT PINE CREST VILLAGE II","","$290,900","","1","1","0","¤625","Condo","1970","1","","No","",""
"1001","A11991843","A","3160","3250 NE 28th St Unit#212","LE CERCLE BY THE BEACH CO Le Cercle","","$290,000","","2","1","0","¤850","Condo","1966","1","","No","",""
"1001","A11921450","A","3600","1535 SE 15th St Unit#208","HARBOR VIEW APTS CONDO HARBOR VIEW"," ","$289,900","","2","2","0","¤966","Condo","1980","0","","Yes","",""
"1001","A11942686","A","3010","518 NW 13th Ave","FIRST ADD TO TUSKEGEE PAR "," ","$289,000","","3","2","1","","Single","2026","0","No","No","Detached","¤3,955"
"1001","B26043774","A","3260","1170 N Federal Highway Unit#309","EAST POINT TOWERS CONDO ","","$289,000","","2","2","0","1,344","Condo","1973","","No","Yes","","0"
"1001","B26048390","A","3160","2400 NE 33rd Avenue Unit#211","OCEAN GARDEN CONDO ","","$287,495","","2","2","0","930","Condo","1968","","No","No","","0"
"1001","A12029962","A","3800","520 SE 5th Ave Unit#1307","LAS OLAS BY THE RIVER CON LAS OLAS BY THE RIVER","","$285,500","","1","1","0","¤816","Condo","2001","1","","No","",""
"1001","A12007846","A","3370","1423 Holly Heights Dr Unit#11","CASCADE AT HOLLY HEIGHTS Cascades","","$285,000","","2","1","0","¤745","Condo","1988","1","","No","",""
"1001","A12052653","A","3470","417 SW 13th Ter Unit#417","VILLAGE AT SAILBOAT BEND Village at Sailboat bend"," ","$285,000","","1","1","0","¤762","Condo","2005","0","","No","",""
"1001","A12008225","A","3800","520 SE 5th Ave Unit#3305","LAS OLAS BY THE RIVER CON LAS OLAS BY THE RIVER","","$285,000","","1","1","0","¤808","Condo","2001","1","","No","",""
"1001","A11984979","A","3800","520 SE 5th Ave Unit#3403","LAS OLAS BY THE RIVER CON LAS OLAS BY THE RIVER","","$285,000","","1","1","0","¤793","Condo","2001","1","","No","",""
"1001","B26046057","A","3160","3000 Riomar Street Unit#210","LEISURE HOUSE CONDO ","","$284,500","","1","1","0","640","Condo","1969","","No","No","","0"
"1001","B26034811","A","3270","615 NE 12th Avenue Unit#312","Victoria Park "," ","$284,000","","1","1","0","720","Condo","1974","","No","No","","0"
"1001","B26027477","A","3270","900 NE 18th Avenue Unit#1406","VICTORIA PARK TOWER CONDO "," ","$283,000","","2","1","0","850","Condo","1970","","No","No","Penthouse","0"
"1501","B26044303","A","3170","2420 SE 17th Street Unit#401c","VILLAGE AT HARBOR BEACH CO ","","$280,000","","2","2","0","932","Condo","1967","","No","No","","0"
"1501","A12034068","A","3170","1900 S Ocean Dr Unit#1704","BREAKWATER TOWERS CO-OP Breakwater towers","","$280,000","","1","1","0","¤805","Co-Op","1962","0","","Yes","",""
"1501","B26050627","A","3260","2701 Middle River Drive Unit#11","PARK RIDGE NORTH APTS COND ","","$280,000","","2","2","0","1,000","Condo","1965","","No","No","Garden Apartment","0"
"1501","A11728426","A","3160","3015 N Ocean Blvd Unit#3J","BERKLEY SOUTH CONDO Berkley South"," ","$279,500","","2","2","0","¤1,144","Condo","1974","0","","No","",""
"1501","B26034863","A","3160","505 N Fort Lauderdale Beach Boulevard Unit#2509","Q CLUB RESORT & RESIDENCES ","","$279,000","","1","1","0","584","Condo","2006","","No","No","","0"
"1501","F10529450","A","3170","1900 S Ocean Drive Unit#810","Breakwater Towers Breakwater Towers"," ","$279,000","","1","1","0","805","Co-Op","1962","0","","No","",""
"1501","B26042260","A","3380","1460 NE 18th Street Unit#104","POINSETTIA LANDINGS CONDO ","","$279,000","","2","1","0","725","Condo","1972","","No","No","Substantially Remodeled","0"
"1501","A11974232","A","3470","1350 River Reach Dr Unit#314","RIVER REACH CONDOMINIUM V River Reach","","$279,000","","1","1","1","¤900","Condo","1972","2","","No","",""
"1501","F10552207","A","3460","1602 NW 7th Place","Lincoln Park First Add "," ","$278,990","","2","1","0","625","Single","1953","","No","No","","3,745"
"1501","F10519804","A","3460","712 NW 17th Avenue","Lincoln Park First Add "," ","$278,990","","2","1","0","600","Single","1952","","No","No","","2,666"
"1501","B26037631","A","3160","720 Orton Avenue Unit#402","LEISURE SANDS CONDO ","","$278,500","","1","1","0","690","Condo","1970","","No","No","","0"
"1501","A11939947","A","3380","1423 Holly Heights Dr Unit#15","CASCADE AT HOLLY HEIGHTS CASCADE AT HOLLY HEIGHTS","","$277,500","","3","2","0","¤1,032","Condo","2007","0","","No","",""
"1501","B26008895","A","3160","3250 NE 28th Street Unit#404","LE CERCLE BY THE BEACH CON ","","$275,000","","2","1","0","760","Condo","1966","","No","No","","0"
"1501","F10555492","A","3160","720 Orton Avenue Unit#206","Leisure Sands Leisure Sands","","$275,000","","2","1","0","810","Condo","1970","","","No","","0"
"1501","B26021265","A","3480","1200 SW 12th Street Unit#305","RIO NUEVO D CONDO ","","$275,000","","1","1","1","890","Condo","1968","","No","Yes","Other","0"
"1501","F10544615","A","3480","1100 SW 12th Street Unit#109","Rio Nuervo Rio Nuervo","","$275,000","","2","2","0","1,020","Condo","1968","","No","Yes","","0"
"1501","B26046864","A","3600","1535 SE 15th Street Unit#206","HARBOR VIEW APTS CONDO ","","$275,000","","2","2","0","1,016","Condo","1963","","No","Yes","","0"
"1501","B26040858","A","3160","3250 NE 28th Street Unit#Unit 302","LE CERCLE BY THE BEACH CON ","","$272,500","","2","1","0","760","Condo","1966","","No","No","Other","0"
"1501","B26027528","A","3270","900 NE 18th Avenue Unit#1407","VICTORIA PARK TOWER CONDO "," ","$272,000","","2","1","0","850","Condo","1970","","No","No","Penthouse","0"
"1501","B26052700","A","3170","1900 S OCEAN Drive Unit#710","BREAKWATER TOWERS CO-OP ","","$270,000","","1","1","0","805","Co-Op","1962","","No","No","",""
"1501","F10556588","A","3170","1900 S Ocean Drive Unit#910","Breakwater Towers Breakwater Towers","","$270,000","","1","1","0","805","Co-Op","1962","","","No","",""
"1501","F10526947","A","3260","2555 NE 11th Street Unit#302","Horizon House Horizon House","","$270,000","","2","1","0","970","Condo","1965","0","","No","",""
"1501","A11954316","A","3600","1531 SE 15th St Unit#5","QUARTERDECK CONDO QUARTERDECK CONDO"," ","$270,000","","2","2","1","¤1,008","Condo","1980","0","","Yes","",""
"1501","B26031737","A","3390","640 Tennis Club Drive Unit#103","TENNIS CLUB MC LOUGHLIN CO ","","$269,999","","2","2","1","1,496","Condo","1972","","Yes","No","","0"
"1501","A11885110","A","3270","150 NE 15th Ave Unit#144","PINE CREST VILLAGE II AT PINE CREST VILLAGE II AT"," ","$269,500","","1","1","0","¤625","Condo","1970","0","","No","",""
"1501","B26039106","A","3160","505 N Fort Lauderdale Beach Boulevard Unit#2214","Q CLUB RESORT & RESIDENCES ","","$269,000","","1","1","0","662","Condo","2006","","No","Yes","","0"
"1501","B26044319","A","3370","9 NE 19th Court Unit#C112","MANOR GROVE VILLAGE ONE IN ","","$269,000","","2","2","0","1,180","Condo","1970","","No","No","Garden Apartment, Substantially Remodeled","0"
"1501","A12011565","A","3480","1000 SW 12th St Unit#203","RIO NUEVO ""B"" CONDO RIO NUEVO"," ","$267,650","","1","1","1","¤879","Condo","1966","1","","Yes","",""
"1501","A11888235","A","3130","505 N Fort Lauderdale Beach Blvd Unit#1215","Q CLUB RESORT & RESIDENCE Q CLUB RESORT & RESIDENCE"," ","$265,000","","1","1","0","¤533","Hotel","2006","1","","Yes","",""
"1501","B26029078","A","3160","505 N Fort Lauderdale Beach Boulevard Unit#713","Q CLUB RESORT & RESIDENCES ","","$265,000","","1","1","1","868","Condo","2006","","No","Yes","Substantially Remodeled","0"
"1501","A12013529","A","3160","505 N Fort Lauderdale Beach Blvd Unit#2103","Q CLUB RESORT & RESIDENCE Beach House Hilton","","$265,000","","1","1","0","¤584","Condo","2006","1","","Yes","",""
"1501","B26025354","A","3170","1900 S Ocean Drive Unit#1006","BREAKWATER TOWERS CO-OP ","","$265,000","","1","1","0","750","Co-Op","1962","","No","No","",""
"1501","B26047475","A","3260","2400 NE 9th Street Unit#402","OCEAN SUNRISE CO-OP ","","$265,000","","2","1","0","650","Co-Op","1974","","No","No","",""
"1501","B26050278","A","3370","2607 NE 8th Avenue Unit#33","WILTON VILLAGE CONDO ","","$265,000","","2","1","0","846","Condo","1975","","No","No","Garden Apartment","0"
"1501","A12007531","A","3480","900 SW 12th St Unit#110","RIO NUEVO A CONDO RIO NUEVO A CONDO","","$265,000","","2","2","0","¤1,000","Condo","1966","1","","Yes","",""
"1501","A11936115","A","3600","1731 SE 15th St Unit#511","CROMWELL WEST CONDO CROMWELL WEST"," ","$265,000","","1","1","0","¤704","Condo","1974","0","","Yes","",""
"1501","F10515882","A","3600","1731 SE 15TH Street Unit#505","CROMWELL WEST CONDO Cromwell West Condo"," ","$265,000","","1","1","0","704","Condo","1973","","No","No","","0"
"1501","B26026699","A","3260","1160 N Federal Highway Unit#215","EAST POINT TOWERS CONDO ","","$264,900","","1","1","0","896","Condo","1978","","No","Yes","","0"
"1501","F10503675","A","3270","805 NE 17th Avenue Unit#3","Artist Colony Condo Artist Colony Condo"," ","$264,900","","1","1","0","616","Condo","1958","0","","No","",""
"1501","F10503534","A","3270","805 NE 17th Avenue Unit#4","Artist Colony Condo Artist Colony Condo"," ","$264,900","","1","1","0","616","Condo","1958","0","","No","",""
"1501","B26037682","A","3470","1301 River Reach Drive Unit#514","RIVER REACH CONDOMINIUM V ","","$264,900","","1","1","1","900","Condo","1974","","No","No","","0"
"1501","A11785999","A","3260","2670 E Sunrise Blvd Unit#623","GALLERY ONE CONDO GALLERY ONE CONDO","","$260,000","","1","1","0","¤617","Condo","1988","1","","Yes","",""
"1501","F10550430","A","3460","729 NW 17th Avenue","Durrs "," ","$260,000","","2","1","0","709","Single","1953","0","No","No","",""
"1501","B26034769","A","3480","2550 SW 18th Terrace Unit#2102","MARINA OAKS CONDO ","","$260,000","","2","2","0","858","Condo","1988","","No","No","","0"
"1501","B26034765","A","3480","2445 SW 18th Terrace Unit#922","MARINA OAKS CONDO ","","$260,000","","2","2","0","858","Condo","1987","","No","No","","0"
"1501","B26034761","A","3480","2445 SW 18th Terrace Unit#703","MARINA OAKS CONDO ","","$260,000","","2","2","0","858","Condo","1987","","No","No","","0"
"1501","B26031559","A","3600","1510 SE 15th Street Unit#308","MARINA DEL MAR CONDO "," ","$260,000","","2","1","1","975","Condo","1964","","Yes","Yes","","0"
"1501","A12044749","A","3160","3000 N Ocean Blvd Unit#407","EAST SHORE CONDO East Shore Condo","","$259,900","","1","1","1","¤621","Condo","1981","0","","No","",""
"1501","B26037689","A","3470","1101 River Reach Drive Unit#212","RIVER REACH CONDOMINIUM II ","","$259,900","","1","1","1","931","Condo","1982","","No","Yes","","0"
"1501","B26001850","A","3170","1900 S Ocean Drive Unit#702","BREAKWATER TOWERS CO-OP "," ","$259,500","","2","2","0","1,036","Co-Op","1962","","No","No","Other","0"
"1501","F10541341","A","3160","505 N Ft Lauderdale Bch Boulevard Unit#1914","Q Club Resort & Residence Q Club Resort & Residence","","$259,000","","1","1","0","662","Condo","2006","","","Yes","","0"
"1501","B26054047","A","3370","9 NE 19th Court Unit#C216","MANOR GROVE VILLAGE ONE IN ","","$259,000","","2","2","0","1,180","Condo","1970","","Yes","No","Garden Apartment, Substantially Remodeled","0"
"1501","B26038351","A","3470","1301 River Reach Drive Unit#507","RIVER REACH CONDOMINIUM V ","","$259,000","","1","1","1","900","Condo","1974","","No","Yes","","0"
"1501","F10552821","A","3470","1000 River Reach Drive Unit#212","River Reach River Reach"," ","$259,000","","2","2","0","1,025","Condo","1971","","No","Yes","","0"
"1501","F10555381","A","3470","1350 River Reach Drive Unit#401","RIVER REACH RIVER REACH"," ","$257,000","","1","1","1","900","Condo","1972","","","Yes","","0"
"1501","A11936512","A","3170","1900 S Ocean Dr Unit#1406","BREAKWATER TOWERS CO-OP BREAKWATER TOWERS","","$255,000","","1","1","0","¤750","Condo","1962","0","","No","",""
"1501","B26017158","A","3600","601 SE 5th Court Unit#108","RIVERVIEW SOUTH CONDO "," ","$255,000","","2","1","0","620","Condo","1969","","No","No","","0"
"1501","A11889385","A","3270","900 NE 18th Ave Unit#709","LEISURE PARK VICTORIA PARK TOWER","","$254,950","","2","1","0","¤850","Condo","1970","0","","No","",""
"1501","F10540226","A","3600","1531 SE 15th Street Unit#7","Quarterdeck Condominium Quarterdeck Condominium"," ","$254,000","","2","2","1","1,008","Condo","1974","0","","Yes","",""
"1501","A11917418","A","3800","2015 SE 10th Ave Unit#130","VILLAGE EAST CONDO Village East"," ","$254,000","","1","1","0","¤794","Condo","2002","1","","No","",""
"1501","B26037988","A","3160","505 N Fort Lauderdale Beach Boulevard Unit##221","Q CLUB RESORT & RESIDENCES ","","$250,000","","1","1","1","978","Condo","2006","1","No","Yes","Patio/Cluster","0"
"1501","A12046603","A","3270","900 NE 18th Ave Unit#505","VICTORIA PARK TOWER CONDO VICTORIA PARK TOWER CONDO","","$250,000","","2","1","0","¤850","Condo","1970","0","","No","",""
"1501","F10518549","A","3270","917 NE 16th Avenue Unit#7","CROSSROADS CONDO Crossroads Condo"," ","$250,000","","2","2","0","960","Condo","1977","","No","No","","0"
"1501","B26035476","A","3280","2500 E Las Olas Boulevard Unit#1505","MARINE TOWER CONDO ","","$250,000","","1","1","1","870","Condo","1969","","No","Yes","","0"
"1501","A12052045","A","3400","1430 NW 7th St","LINCOLN PARK CORR PLAT ","","$250,000","","2","1","0","¤630","Single","1955","0","No","No","Detached","¤2,500"
"1501","B26041267","A","3480","2550 SW 18th Terrace Unit#2103","MARINA OAKS CONDO ","","$250,000","","2","2","0","858","Condo","1988","","No","No","","0"
"1501","F10467968","A","3600","1731 SE 15th Street Unit#206","CROMWELL WEST CONDO Cromwell West"," ","$250,000","","1","1","0","704","Condo","1973","","No","No","","0"
"1501","B26001090","A","3280","924 SE 2nd Street Unit#32","GULFSTREAM CONDO OF LAS OL ","","$249,999","","1","1","0","459","Condo","1969","","No","No","Substantially Remodeled","0"
"1501","B26053234","A","3160","624 Antioch Avenue Unit#6","BEACHSIDE APTS CO-OP ","","$249,900","","2","1","0","880","Co-Op","1956","","No","No","Garden Apartment, Other","0"
"1501","A11942872","A","3160","200 S Birch Rd Unit#512","LEISURE BEACH CONDO Leisure beach","","$249,900","","1","1","0","¤647","Condo","1971","0","","No","",""
"1501","F10527053","A","3170","200 S Birch Road Unit#305","Leisure Beach Leisure Beach"," ","$249,900","","1","1","0","647","Condo","1970","1","","No","","0"
"1501","F10546268","A","3370","12 NE 19th Court Unit#204A","MANOR GROVE VILLAGE ONE I MANOR GROVE VILLAGE ONE I","","$249,900","","2","2","0","1,180","Condo","1970","0","","Yes","",""
"1501","F10544905","A","3480","1200 SW 12th Street Unit#201","RIO NUEVO RIO NUEVO"," ","$249,500","","2","2","0","1,020","Condo","1968","","","Yes","","0"
"1501","B26023696","A","3370","67 NE 20th Court Unit#6h","MANOR GROVE VILLAGE THREE  "," ","$249,000","","2","1","1","960","Condo","1972","","No","No","","0"
"1501","B26039335","A","3260","2670 E Sunrise Boulevard Unit#1109","GALLERY ONE CONDO ","","$248,700","","2","2","0","836","Condo","1988","","No","Yes","","0"
"1501","A12014183","A","3160","505 N Fort Lauderdale Beach Blvd Unit#2412","Q CLUB RESORT & RESIDENCE Beach House Hilton","","$245,000","","1","1","0","¤533","Condo","2006","1","","Yes","",""
"1501","F10545711","A","3370","1800 N Andrews Avenue Unit#2f","Drake Tower Drake Tower"," ","$245,000","","2","2","0","980","Condo","1975","","","Yes","","0"
"1501","F10543342","A","3370","2660 NE 8th Avenue Unit#211","THE GROVE THE GROVE"," ","$245,000","","2","1","0","616","Condo","1969","","Yes","No","","0"
"1501","A12040354","A","3400","630 Tennis Club Dr Unit#107","TENNIS CLUB OUTERBRIDGE C Tennis Club Outerbridge C","","$245,000","","2","2","0","¤960","Condo","1972","2","","No","",""
"1501","A12050044","A","3600","1000 SE 15th St Unit#205","HARBORDALE CONDO HARBORDALE CONDO","","$245,000","","2","1","0","¤670","Condo","1966","0","","No","",""
"1501","A12009533","A","3160","1601 SE 15 Unit#1B","PORT REPOSE CO-OP PORT REPOSE CO-OP"," ","$244,900","","1","1","0","¤580","Co-Op","1964","2","","Yes","",""
"1501","B26049806","A","3370","136 NE 19th Court Unit#112f","MANOR GROVE VILLAGE TWO CO ","","$244,900","","1","1","0","750","Condo","1971","","No","No","","0"
"1501","B26026024","A","3160","2825 NE 33rd Unit#201","MARLIN BAY APTS CO-OP ","","$240,500","","2","1","0","940","","1957","","Yes","Yes","Patio/Cluster","0"
"1501","A11954808","A","3170","1850 S Ocean Dr Unit#305","LAKE MAYAN APTS CO-OP Lake Mayan Apartments"," ","$240,000","","1","1","0","¤640","Condo","1964","0","","Yes","",""
"1501","A12045805","A","3390","610 Tennis Club Dr Unit#104","TENNIS CLUB WINGFIELD CON Tennis Club"," ","$240,000","","2","2","0","¤960","Condo","1971","0","","Yes","",""
"1501","F10545533","A","3390","701 NW 19th Street Unit#401","TENNIS CLUB II TENNIS CLUB II"," ","$240,000","","2","2","0","1,000","Condo","1986","","","No","","0"
"1501","B26041108","A","3160","3015 N Ocean Boulevard Unit#3d","BERKLEY SOUTH  "," ","$239,900","","1","1","1","995","Condo","1974","1","No","No","","0"
"1501","B26026288","A","3370","2660 NE 8th Avenue Unit#106","GROVE AT WILTON MANORS CON "," ","$239,900","","2","1","0","614","Condo","1970","","No","No","Garden Apartment, Substantially Remodeled","0"
"1501","B26049023","A","3390","650 Tennis Club Drive Unit#305","TENNIS CLUB LENGLEN CONDO ","","$239,900","","2","1","1","1,056","Condo","1972","","No","No","Patio/Cluster, Split Level","0"
"1501","B26052686","A","3470","900 RIVER REACH Drive Unit#510","RIVER REACH CONDOMINIUM I ","","$239,900","","1","1","0","784","Condo","1971","","Yes","No","Substantially Remodeled","0"
"1501","A12036861","A","3480","1000 SW 12th St Unit#201","RIO NUEVO B CONDO RIO NUEVO B CONDO","","$239,900","","2","1","1","¤879","Condo","1966","2","","Yes","",""
"1501","A12036280","A","3600","1535 SE 15th St Unit#304","HARBOR VIEW APTS CONDO Harbor View","","$239,900","","1","1","0","¤688","Condo","1963","1","","Yes","",""
"1501","A11994477","A","3160","200 S Birch Rd Unit#211","LEISURE BEACH CONDO LEISURE BEACH CONDO","","$239,000","","1","1","0","¤647","Condo","1970","0","","No","",""
"1501","F10546455","A","3160","700 Bayshore Drive Unit#13","Beach Shore Apts. CO-OP Beach Shore Apts. CO-OP"," ","$239,000","","1","1","0","748","Co-Op","1957","0","","No","",""
"1501","B26015250","A","3260","2829 NE 30th Street Unit#302","REGENCY HOUSE CO-OP "," ","$239,000","","2","2","0","858","Co-Op","1962","","No","No","","0"
"1501","A11994552","A","3260","1881 Middle River Dr Unit#704","MIDDLE RIVER TOWER CONDO Middle River Tower Condo"," ","$239,000","","1","1","1","¤800","Condo","1970","1","","Yes","",""
"1501","A11887714","A","3260","1160 N Federal Hwy Unit#1018","EAST POINT TOWERS CONDO EAST POINT TOWERS CONDO"," ","$239,000","","1","1","1","¤1,138","Condo","1978","1","","Yes","",""
"1501","B26051577","A","3480","900 SW 12th Street Unit#206","Rio Nuevo A ","","$239,000","","2","2","0","1,000","Condo","1965","","Yes","Yes","Garden Apartment","0"
"1501","A12030441","A","3480","2445 SW 18th Ter Unit#107","MARINA OAKS CONDO MARINA OAKS CONDO"," ","$239,000","","2","2","0","¤858","Condo","1987","0","","No","",""
"1501","B26048172","A","3700","533 NE 3rd Avenue Unit#237","SOLE AT FORT LAUDERDALE CO "," ","$239,000","","1","1","0","960","Condo","2005","1","No","No","","0"
"1501","B26033882","A","3160","505 N Fort Lauderdale Beach Boulevard Unit#1403","Q CLUB RESORT & RESIDENCES ","","$238,500","","0","1","0","584","Condo","2006","","No","Yes","","0"
"1501","B26006996","A","3160","2701 N Ocean Boulevard Unit#2f","EMBASSY TOWER INC CONDO "," ","$235,000","","1","1","0","900","Condo","1972","1","Yes","No","Other","0"
"1501","A11896774","A","3160","505 N Fort Lauderdale Beach Blvd Unit#1711","Q CLUB RESORT & RESIDENCE Q Club Resort & Residence","","$235,000","","1","1","0","¤533","Hotel","2006","0","","Yes","",""
"1501","A12017316","A","3390","660 Tennis Club Dr Unit#101","TENNIS CLUB JOHNSTON COND TENNIS CLUB JOHNSTON"," ","$235,000","","2","2","0","¤960","Condo","1973","2","","No","",""
"1501","B26002853","A","3390","630 Tennis Club Drive Unit#Apt 204","TENNIS CLUB OUTERBRIDGE CO "," ","$235,000","","2","2","0","960","Condo","1972","1","No","Yes","","0"
"1501","F10549761","A","3480","1100 SW 12th Street Unit#108","Rio Nuevo Rio Nuevo"," ","$235,000","","2","2","0","1,020","Condo","1967","","","No","","0"
"1501","A11820171","A","3160","200 S Birch Rd Unit#206","LEISURE BEACH CONDO LEISURE BEACH"," ","$234,900","","1","1","0","¤647","Condo","1970","0","","No","",""
"1501","B26044803","A","3160","700 Bayshore Drive Unit#21","BEACH SHORE APTS CO-OP ","","$230,000","","1","1","0","748","Co-Op","1957","1","No","No","Garden Apartment",""
"1501","B26003577","A","3370","3040 NE 16th Avenue Unit#A405","RIVER SHORES CONDO ","","$230,000","","1","1","0","600","Condo","1963","","No","No","","0"
"1501","A11907960","A","3600","1435 SE 15th St Unit#103","RIVERBEND CONDO Riverbend Condominiums"," ","$230,000","","1","1","0","¤550","Condo","1970","0","","Yes","",""
"1501","B26029552","A","3370","2660 NE 8th Avenue Unit#302","GROVE AT WILTON MANORS CON ","","$229,900","","2","1","0","616","Condo","1970","","No","No","Garden Apartment","0"
"1501","B26037705","A","3160","505 N Fort Lauderdale Beach Boulevard Unit#1103","Q CLUB RESORT & RESIDENCES ","","$229,500","","1","1","0","584","Condo","2006","","No","Yes","","0"
"1501","B26037706","A","3160","505 N Fort Lauderdale Beach Boulevard Unit#915","Q CLUB RESORT & RESIDENCES ","","$229,500","","0","1","0","533","Condo","2006","","No","Yes","","0"
"1501","F10556899","A","3480","900 SW 12th Street Unit#202","RIO NUEVO RIO NUEVO"," ","$229,000","","1","1","0","750","Condo","1966","","Yes","Yes","","0"
"1501","B26021039","A","3600","1625 SE 10th Avenue Unit#Unit 905","RUNAWAY BAY CONDO "," ","$228,000","","1","1","0","870","Condo","1975","1","No","No","Substantially Remodeled","0"
"1501","A12048538","A","3170","1900 S Ocean Dr Unit#508","BREAKWATER TOWERS CO-OP Breakwater Towers","","$225,000","","1","1","0","","Co-Op","1963","0","","No","",""
"1501","B26048364","A","3170","1920 S Ocean Drive Unit#408","ATLANTIC TOWERS CO-OP ","","$225,000","","1","1","0","805","Co-Op","1961","","No","No","Other",""
"1501","B26029303","A","3170","1900 S Ocean Drive Unit#1706","BREAKWATER TOWERS CO-OP "," ","$225,000","","1","1","0","750","Co-Op","1962","","No","No","",""
"1501","F10539418","A","3170","1900 S Ocean Drive Unit#503","Breakwater Towers CO-OP Breakwater Towers CO-OP"," ","$225,000","","1","1","0","805","Co-Op","1962","","Yes","No","",""
"1501","B26052271","A","3270","600 NE 7TH Avenue Unit#14","HIBISCUS HOUSE CONDO ","","$225,000","","1","1","0","544","Condo","1977","","No","No","Garden Apartment","0"
"1501","A12024489","A","3270","401 NE 16th Ave Unit#2","THE VICTORIAN CONDO THE VICTORIAN CONDO"," ","$225,000","","1","1","0","¤568","Condo","1960","0","","No","",""
"1501","B26042084","A","3370","905 NE 28th Street Unit#206","ANNIES CASTLE CONDO ","","$225,000","","2","1","0","770","Condo","1979","","No","No","Garden Apartment, Other","0"
"1501","B26029382","A","3370","2660 NE 8th Avenue Unit#Unit 219","The Grove "," ","$225,000","","2","1","0","607","Condo","1969","","No","No","Garden Apartment","0"
"1501","A11976924","A","3370","3050 NE 5th Ter Unit#8","WINDSOR COURT CONDOMINIUM WINDSOR COURT","","$225,000","","2","1","0","¤788","Condo","1973","0","","No","",""
"1501","B26036925","A","3160","720 Orton Avenue Unit#704","LEISURE SANDS CONDO "," ","$224,500","","1","1","0","690","Condo","1970","","No","No","","0"
"1501","B26013159","A","3480","900 SW 12th Street Unit#100","RIO NUEVO A CONDO "," ","$224,000","","1","1","0","800","Condo","1966","","No","Yes","Garden Apartment","0"
"1501","B26039984","A","3600","1045 SE 15th Street Unit#13c","CLIFF LAKE VILLAS CO-OP ","","$220,200","","1","1","0","600","","1958","","No","No","Substantially Remodeled","0"
"1501","F10554790","A","3160","625 Antioch Avenue Unit#104","HARWICK HOUSE HARWICK HOUSE","","$220,000","","1","1","0","670","Condo","1971","0","","No","",""
"1501","F10509901","A","3240","2670 E Sunrise Boulevard Unit#1105","GALLERY ONE CONDO GALLERY ONE CONDO","","$220,000","","1","1","0","591","Condo","1988","1","","Yes","","0"
"1501","A11907364","A","3370","2970 NE 16th Ave Unit#413","RIVER SHORES CONDO RIVER SHORES CONDO","","$220,000","","1","1","0","¤600","Condo","1965","0","","Yes","",""
"1501","A11907347","A","3370","3040 NE 16th Ave Unit#216","RIVER SHORES CONDO RIVERS SHORE CONDO","","$220,000","","1","1","0","¤600","Condo","1963","0","","No","",""
"1501","B26034776","A","3480","2550 SW 18th Terrace Unit#2111","MARINA OAKS CONDO ","","$220,000","","1","1","0","632","Condo","1988","","No","No","","0"
"1501","B26033585","A","3480","2550 SW 18th Terrace Unit#2005","MARINA OAKS CONDO ","","$220,000","","1","1","0","632","Condo","1988","","No","No","","0"
"1501","A12047435","A","3590","716 SW 14th Ave Unit#3","RIVERSIDE VILLAS CONDO BL Riverside Villas","","$220,000","","2","1","0","¤611","Condo","1966","0","","No","",""
"1501","A11939851","A","3260","1160 N Federal Hwy Unit#815","EAST POINT TOWERS CONDO EAST POINT TOWERS","","$219,000","","1","1","0","¤896","Condo","1978","0","","Yes","",""
"1501","F10539076","A","3370","119 NE 19th Court Unit#215 G","MANOR GROVE VILLAGE TWO MANOR GROVE VILLAGE TWO"," ","$219,000","","1","1","0","750","Condo","1971","","No","No","","0"
"1501","A11890717","A","3370","2970 NE 16th Ave Unit#208","RIVER SHORES CONDO RIVER SHORES CONDO"," ","$215,500","","1","1","0","¤600","Condo","1965","0","","Yes","",""
"1501","B26027043","A","3160","505 N Fort Lauderdale Beach Boulevard Unit#2314","Q CLUB RESORT & RESIDENCES ","","$215,000","","0","1","0","380","Condo","2006","1","No","Yes","","0"
"1501","B26015648","A","3260","2900 NE 30 Street Unit#C5","LAUDERDALE TOWER CONDO "," ","$215,000","","0","1","0","440","Condo","1964","","Yes","Yes","Other, Substantially Remodeled","0"
"1501","F10538797","A","3370","1800 N Andrews Avenue Unit#4B","Drake Tower Condo Drake Tower Condo"," ","$214,999","","1","1","1","850","Condo","1975","0","","Yes","",""
"1501","F10555842","A","3470","1000 River Reach Drive Unit#406","River Reach Condo II River Reach Condo II"," ","$214,999","","1","1","0","900","Condo","1971","","No","Yes","","0"
"1501","A11766423","A","3370","3040 NE 16th Ave Unit#104","RIVER SHORES CONDO RIVER SHORES"," ","$214,990","","1","1","0","¤600","Condo","1963","1","","No","",""
"1501","A12054097","A","3240","1125 NE 16th Pl Unit#201","TUDOR MANOR CONDO TUDOR MANOR","","$210,000","","2","1","0","¤740","Condo","1974","0","","No","",""
"1501","B26022070","A","3260","2900 NE 30th Street Unit#B-2","LAUDERDALE TOWER CONDO "," ","$210,000","","0","1","0","440","Condo","1964","","No","Yes","Other, Substantially Remodeled","0"
"1501","B26036962","A","3370","2741 NE 8th Avenue Unit#14 ","WILTON COMMONS CONDOMINIUM ","","$210,000","","2","1","0","600","Condo","1970","","No","No","Garden Apartment","0"
"1501","F10551456","A","3370","1330 Holly Heights Drive Unit#2","Asoka Asoka"," ","$210,000","","2","1","0","721","Condo","1968","","No","No","","0"
"1501","A12015136","A","3390","3050 NE 5th Ter Unit#13","WINDSOR COURT CONDOMINIUM Windsor Court"," ","$209,999","","2","1","0","¤788","Condo","1973","0","","No","",""
"1501","F10468807","A","3260","2555 NE 11th Street Unit#806","HORIZON HOUSE HORIZON HOUSE"," ","$209,000","","1","1","0","710","Condo","1965","0","","No","",""
"1501","A12003097","A","3370","124 NE 19th Ct Unit#114B","MANOR GROVE VILLAGE 1 CON Manor Grove Village","","$209,000","","1","1","0","¤750","Condo","1970","1","","Yes","",""
"1501","B26003448","A","3370","2607 NE 8th Avenue Unit##25","WILTON VILLAGE CONDO ","","$209,000","","1","1","0","597","Condo","1969","","No","No","","0"
"1501","A11894829","A","3170","2424 SE 17th St Unit#B307","VILLAGE AT HARBOR BEACH C VILLAGE AT HARBOR BEACH"," ","$208,000","","1","1","0","¤685","Condo","1969","1","","No","",""
"1501","F10544996","A","3160","2900 NE 30th Street Unit#A4","Lauderdale Tower Lauderdale Tower"," ","$204,900","","1","1","0","730","Condo","1964","0","","Yes","",""
"1501","F10545049","A","3370","119 NE 19th Court Unit#203g","Manor Grove 2 Manor Grove 2"," ","$204,900","","1","1","0","750","Condo","1971","","","No","","0"
"1501","F10537245","A","3390","620 Tennis Club Drive Unit#105","TENNIS CLUB TILDEN CONDO LAUDERDALE TENNIS CLUB"," ","$202,000","","2","1","1","1,056","Condo","1972","","No","No","","0"
"1501","R11161153","A","3170","2424 SE 17th Street Unit#208b","VILLAGE AT HARBOR BEACH CO "," ","$200,000","","1","1","0","685","Condo","1967","","No","No","Garden Apartment","0"
"1501","B26027126","A","3260","1170 N Federal Highway Unit#305","EAST POINT TOWERS CONDO ","","$200,000","","1","1","1","1,005","Condo","1973","","No","Yes","","0"
"1501","B26044466","A","3480","1200 Davie Boulevard Unit#11","RIO NUEVO ISLE ","","$200,000","","0","0","0","0","","1997","","No","Yes","","0"
"1501","A11933589","A","3600","1600 SE 15th St Unit#607","PLAZA 15 CONDO PLAZA 15 CONDO"," ","$199,999","","1","1","0","¤720","Condo","1974","0","","Yes","",""
"1501","A12014447","A","3270","1900 NE 8th Ct Unit#105","GATEWAY ARMS CONDO GATEWAY ARMS CONDO"," ","$199,900","","2","2","0","¤800","Condo","1966","0","","No","",""
"1501","B26040693","A","3370","2607 NE 8th Avenue Unit#29","WILTON VILLAGE CONDO ","","$199,900","","1","1","0","597","Condo","1969","","No","No","","0"
"1501","F10524987","A","3470","900 River Reach Drive Unit#517","River Reach Condominiums River Reach Condominiums"," ","$199,900","","0","1","0","650","Condo","1971","0","","No","",""
"1501","A12036232","A","3270","2500 NE 9th St Unit#111","COLONIAL MANOR EAST APART COLONIAL MANOR EAST","","$199,000","","1","1","1","¤806","Condo","1968","1","","No","",""
"1501","B26045216","A","3270","215 NE 16th Avenue Unit#203","VICTORIA PALMS CONDO "," ","$195,000","","1","1","0","640","Condo","1972","","No","No","Garden Apartment, Other","0"
"1501","B26048904","A","3370","119 NE 19th Court Unit#209g","MANOR GROVE VILLAGE TWO CO ","","$195,000","","1","1","0","750","Condo","1971","","No","No","","0"
"1501","F10536878","A","3370","3040 NE 16th Avenue Unit#A210","river shores river shores"," ","$195,000","","1","1","0","600","Condo","1963","0","","No","",""
"1501","B26019379","A","3600","1001 SE 16th Street Unit#7","HARBORDALE CONDO "," ","$194,700","","1","1","0","600","Condo","1967","","No","No","Garden Apartment, Substantially Remodeled","0"
"1501","A11998114","A","3112","1125 NE 16th Pl Unit#208","TUDOR MANOR CONDO TUDOR MANOR"," ","$194,000","","2","1","0","¤740","Condo","1974","0","","No","",""
"1501","F10491550","A","3270","2670 E Sunrise Boulevard Unit#903","Gallery One Condo Gallery One Condo"," ","$192,650","","1","1","0","548","","1988","1","","Yes","",""
"1501","A12043946","A","3560","1100 NE 9th Ave Unit#105","SOUTHDALE CONDO SOUTHDALE CONDO","","$192,000","","1","1","0","¤600","Condo","1972","0","","No","",""
"1501","A12050901","A","3270","609 NE 13th Ave Unit#302","PARK PLACE CONDO Park Place Condo","","$190,000","","1","1","0","¤580","Condo","1974","1","","No","",""
"1501","B26021776","A","3270","900 NE 18th Avenue Unit#409","VICTORIA PARK TOWER CONDO "," ","$190,000","","2","1","0","850","Condo","1970","","No","No","","0"
"1501","A12052452","A","3390","1901 N Andrews Ave Unit#100","WOODS CONDO The Woods Condominium","","$190,000","","1","1","0","¤685","Condo","1973","0","","No","",""
"1501","F10556565","A","3600","1055 SE 15th Street Unit#14c","Cliff Lake Villas Cliff Lake Villas","","$190,000","","1","1","0","600","Co-Op","1958","","","No","",""
"1501","A11814504","A","3170","2426 SE 17th Cswy Unit#109A","VILLAGE AT HARBOR BEACH C Village at Harbor Beach"," ","$189,900","","1","1","0","¤685","Condo","1967","0","","No","",""
"1501","F10549490","A","3600","1035 SE 15th Street Unit#10B","CLIFF LAKE VILLAS CLIFF LAKE VILLAS","","$189,900","","2","1","0","800","Co-Op","1958","0","","No","",""
"1501","B26039359","A","3260","2670 E Sunrise Boulevard Unit#1201","GALLERY ONE CONDO ","","$189,300","","1","1","0","636","Condo","1988","","No","Yes","","0"
"1501","A12046624","A","3270","660 NE 11th Ave Unit#102","CAPRI COURTS CONDO Capri Courts","","$189,000","","1","1","0","¤476","Condo","1969","1","","No","",""
"1501","F10549875","A","3341","490 19th Avenue Unit#106","NORTH HAMPTON COURT NORTH HAMPTON COURT","","$189,000","","1","1","0","680","Condo","1968","1","","No","",""
"1501","F10556694","A","3370","3040 NE 16th Avenue Unit#402","River Shores River Shores","","$189,000","","1","1","0","600","Condo","1963","","","Yes","","0"
"1501","B26010832","A","3600","1500 SE 15th Street Unit#219","MARINA DEL MAR CONDO "," ","$189,000","","1","1","0","670","Condo","1964","","No","Yes","Other","0"
"1501","B26026850","A","3600","1510 SE 15th Street Unit#302","MARINA DEL MAR CONDOMINI "," ","$187,500","","1","1","0","670","Condo","1964","","No","Yes","","0"
"1501","F10545438","A","3600","1700 SE 15th Street Unit#308","Caravel Condominium Caravel Condominium"," ","$187,000","","1","1","0","900","Condo","1965","","","No","","0"
"1501","A11985799","A","3170","2426 SE 17th Cswy Unit#209A","VILLAGE AT HARBOR BEACH C Village at Harbor Beach","","$185,000","","1","1","0","¤685","Condo","1967","0","","No","",""
"1501","B26052029","A","3260","1160 N Federal Highway Unit#1017","EAST POINT TOWERS CONDOMIN ","","$185,000","","1","1","1","1,005","Condo","1978","","Yes","Yes","","0"
"1501","F10555690","A","3370","9 NE 19th Court Unit#211C","MANOR GROVE VILLAGE ONE MANOR GROVE VILLAGE ONE","","$185,000","","1","1","0","750","Condo","1970","0","","No","",""
"1501","A11939715","A","3370","1423 Holly Heights Dr Unit#17","CASCADE AT HOLLY HEIGHTS Cascades at Holly Heights","","$185,000","","1","1","0","¤585","Condo","2007","1","","No","",""
"1501","B26051699","A","3380","1470 N Dixie Highway Unit#43","WISTERIA COURT CONDO ","","$185,000","","1","1","0","587","Condo","1974","","No","No","","0"
"1501","F10539992","A","3600","1015 SE 15th Street Unit#6d","Cliff Lake Villas Cliff Lake Villas"," ","$184,900","","2","1","0","800","Co-Op","1958","","Yes","Yes","",""
"1501","F10546416","A","3380","811 NE 14th Place Unit#6","Middle River Manor Condo Middle River Manor Condo"," ","$180,000","","2","1","0","702","Condo","2008","0","","No","",""
"1501","A12015289","A","3170","2426 SE 17th Cswy Unit#303A","VILLAGE AT HARBOR BEACH VILLAGE AT HARBOR BEACH","","$179,999","","1","1","0","¤685","Condo","1967","0","","No","",""
"1501","R11157147","A","3160","505 N Fort Lauderdale Beach Boulevard Unit##1708","Q CLUB RESORT & RESIDENCES ","","$179,900","","1","1","0","533","Condo","2007","","No","Yes","High Rise","0"
"1501","A12001823","A","3270","924 NE 17th Ter Unit#1","17TH TERRACE CONDOMINIUM 17TH TERRACE CONDOMINIUM"," ","$179,900","","1","1","0","¤433","Condo","1966","0","","No","",""
"1501","F10535230","A","3270","900 NE 18th Avenue Unit#602","Victoria Park Tower Condo Victoria Park Tower Condo"," ","$179,500","","1","1","0","690","Condo","1970","","No","No","","0"
"1501","B26029086","A","3160","505 N Fort Lauderdale Beach Boulevard Unit#1207","Q CLUB RESORT & RESIDENCES ","","$179,000","","1","1","0","584","Condo","2006","","No","Yes","","0"
"1501","A11983713","A","3260","2670 E Sunrise Blvd Unit#830","GALLERY ONE CONDO Gallery One","","$179,000","","1","1","0","¤548","Hotel","1988","0","","Yes","",""
"1501","R11157093","A","3260","2670 E Sunrise Boulevard Unit#320","GALLERY ONE CONDO "," ","$179,000","","1","1","0","554","Condo","2006","","No","Yes","","0"
"1501","B26014772","A","3270","900 NE 18th Avenue Unit#1004","VICTORIA PARK TOWER CONDO ","","$179,000","","1","1","0","690","Condo","1970","","No","No","Other","0"
"1501","B26008345","A","3370","9 NE 19th Court Unit#214c","Manor Grove Village ","","$179,000","","1","1","0","750","Condo","1970","","Yes","No","","0"
"1501","B26028629","A","3480","2445 SW 18th Terrace Unit#205","MARINA OAKS CONDO ","","$179,000","","1","1","0","632","Condo","1987","","No","No","","0"
"1501","F10552577","A","3600","2424 SE 17th Street Unit#305B","Village at Harbor Beach Village at Harbor Beach"," ","$179,000","","1","1","0","685","Condo","1967","0","","No","",""
"1501","A11999416","A","3640","2670 E Sunrise Blvd Unit#309","GALLERY ONE CONDO Gallery One"," ","$179,000","","2","2","0","¤836","Condo","1988","1","","Yes","",""
"1501","F10538860","A","3370","900 NE 26 Street Unit#15","WILTON PLACE WILTON PLACE"," ","$178,000","","1","1","0","636","Condo","1973","","No","No","","0"
"1501","A12002782","A","3720","900 NE 18th Ave Unit#1103","VICTORIA PARK TOWER CONDO Victoria Park"," ","$178,000","","1","1","0","¤690","Condo","1970","1","","No","",""
"1501","A12003093","A","3260","2400 NE 9th St Unit#603","OCEAN SUNRISE CO-OP Ocean Sunrise"," ","$175,000","","2","1","0","¤650","Co-Op","1974","0","","No","",""
"1501","A11947177","A","3600","1125 SE 14th Pl Unit#21C","CLIFF LAKE VILLAS CO-OP CLIFF LAKE VILLAS"," ","$174,900","","1","1","0","¤600","Co-Op","1959","0","","No","",""
"1501","A12021207","A","3380","1100 NE 9th Ave Unit#305","SOUTHDALE CONDO SOUTHDALE CONDO"," ","$170,000","","1","1","0","¤750","Condo","1972","1","","No","",""
"1501","A12031047","A","3260","2670 E Sunrise Blvd Unit#1132","GALLERY ONE CONDO GALLERY ONE","","$169,999","","1","1","0","¤643","Condo","1988","0","","Yes","",""
"1501","A11985053","A","3260","2624 NE 30th Pl Unit#101B","SUTTON PLACE CONDO SUTTON PLACE CONDO"," ","$169,999","","1","1","0","¤567","Condo","1957","0","","No","",""
"1501","B26011905","A","3170","2426 SE 17th Street Unit#307a","VILLAGE AT HARBOR BEACH CO ","","$169,900","","1","1","0","685","Condo","1967","","No","No","","0"
"1501","A11882816","A","3260","2670 E Sunrise Blvd Unit#1103","GALLERY ONE CONDO GALLERY ONE","","$169,900","","1","1","0","¤548","Hotel","1988","1","","Yes","",""
"1501","B26049800","A","3270","510 NE 17th Avenue Unit#105","ELIZABETHAN CONDO "," ","$169,900","","1","1","0","493","Condo","1973","","No","No","Garden Apartment, Other","0"
"1501","B26039527","A","3260","2555 NE 11th Street Unit#104","HORIZON HOUSE CONDO "," ","$169,000","","1","1","0","710","Condo","1965","","No","No","","0"
"1501","B26011181","A","3370","12 NE 19th Court Unit#118a","Manor Grove Village 1 ","","$169,000","","1","1","0","750","Condo","1970","","Yes","No","","0"
"1501","B26010572","A","3370","1800 N Andrews Avenue Unit#Ph-b","DRAKE TOWER CONDO "," ","$169,000","","1","1","1","850","Condo","1975","","No","Yes","Other, Penthouse","0"
"1501","A11985849","A","3170","2424 SE 17th Cswy Unit#111B","VILLAGE AT HARBOR BEACH C Village at Harbor Beach","","$165,000","","1","1","0","¤685","Condo","1967","0","","No","",""
"1501","B26024666","A","3370","3020 NE 16th Avenue Unit#102","RIVER SHORES CONDO ","","$165,000","","2","1","0","850","Condo","1967","","Yes","No","Garden Apartment","0"
"1501","B26019631","A","3390","1901 N Andrews Avenue Unit#206","WOODS CONDO "," ","$165,000","","1","1","0","685","Condo","1973","","No","No","","0"
"1501","A11987243","A","3270","900 NE 18th Avenue Unit#304","VICTORIA PARK TOWER CONDO VICTORIA PARK TOWER"," ","$164,000","","1","1","0","¤690","Condo","1970","0","","No","",""
"1501","A11953984","A","3260","2400 NE 9th St Unit#201","OCEAN SUNRISE CO-OP OCEAN SUNRISE"," ","$159,900","","2","1","0","¤650","Condo","1974","0","","No","",""
"1501","A11923522","A","3260","2716 NE 30th Pl Unit#103C","SUTTON PLACE CONDO SUTTON PLACE","","$159,900","","1","1","0","¤580","Condo","1957","0","","No","",""
"1501","B26015004","A","3390","1150 NW 30th Court Unit#203","WILTON SHORES EAST CONDO "," ","$159,000","","2","1","0","925","Condo","1964","","No","Yes","","0"
"1501","A12027838","A","3100","1950 N Andrews Ave Unit#205D","MANOR GROVE VILLAGE ONE I MANOR GROVE VILLAHE ONE","","$158,500","","1","1","0","¤750","Condo","1970","2","","No","",""
"1501","A11981625","A","3020","9 NE 19th Ct Unit#208C","MANOR GROVE VILLAGE ONE I Wilton Manors"," ","$155,000","","1","1","0","¤750","Co-Op","1970","1","","No","",""
"1501","A12018024","A","3100","1950 N Andrews Ave Unit#208D","MANOR GROVE VILLAGE ONE I MANOR GROVE VILLAGE"," ","$155,000","","1","1","0","¤750","Condo","1970","0","","No","",""
"1501","A12019758","A","3260","2670 E Sunrise Blvd Unit#315","GALLERY ONE CONDO GALLERY ONE","","$155,000","","1","1","0","¤586","Condo","1988","1","","No","",""
"1501","F10530728","A","3260","2670 E Sunrise Boulevard Unit#1119","Gallery One by Hilton Gallery One by Hilton"," ","$155,000","","1","1","0","554","Condo","1988","1","","No","",""
"1501","B26047580","A","3370","1950 N Andrews Avenue Unit#210d","MANOR GROVE VILLAGE ONE IN ","","$155,000","","1","1","0","750","Condo","1970","","No","No","Other","0"
"1501","B26013368","A","3600","1005 SE 15th Street Unit#5d","CLIFF LAKE VILLAS CO-OP "," ","$155,000","","2","1","0","800","Co-Op","1958","","No","No","Patio/Cluster",""
"1501","A11855494","A","3260","2670 E Sunrise Blvd Unit#521","GALLERY ONE CONDO GALLERY ONE CONDO"," ","$150,000","","1","1","0","¤548","Condo","1988","0","","Yes","",""
"1501","B26010437","A","3600","1115 SE 14th Place Unit#19c","CLIFF LAKE VILLAS CO-OP ","","$150,000","","1","1","0","600","Condo","1958","","No","No","","0"
"1501","A12021198","A","3370","1800 N Andrews Ave Unit#2E","DRAKE TOWER CONDO Drake Tower"," ","$149,900","","1","1","1","¤775","Condo","1975","1","","No","",""
"1501","F10554832","A","3260","2670 E Sunrise Boulevard Unit#524","Gallery One Gallery One","","$149,700","","1","1","0","639","Condo","1986","1","","Yes","","0"
"1501","F10541019","A","3370","3040 NE 16th Avenue Unit#303 A","RIVER SHORES RIVER SHORES"," ","$149,000","","1","1","0","600","Condo","1966","1","No","Yes","","0"
"1501","A12053675","A","3700","3000 NE 16th Ave Unit#405","RIVER SHORES CONDO River Shores","","$149,000","","1","1","0","¤600","Condo","1965","0","","No","",""
"1501","A12023720","A","3370","3040 NE 16th Ave Unit#310","RIVER SHORES CONDO River Shores"," ","$147,000","","1","1","0","¤600","Condo","1963","0","","Yes","",""
"1501","A11924706","A","3550","1100 NE 9th Ave Unit#203","SOUTHDALE CONDO Southdale"," ","$145,000","","1","1","0","¤680","Condo","1980","0","","No","",""
"1501","F10457071","A","3260","2670 E Sunrise Boulevard Unit#826","Gallery One Gallery One"," ","$140,000","","1","1","0","379","Condo","1988","0","","Yes","",""
"1501","A11927596","A","3260","2670 E Sunrise Blvd Unit#311","GALLERY ONE CONDO Gallery","","$139,900","","1","1","0","¤341","Condo","1988","0","","No","",""
"1501","B26028862","A","3370","1950 N Andrews Avenue Unit#103d","MANOR GROVE VILLAGE ONE IN ","","$139,900","","1","1","0","750","Condo","1970","","No","No","","0"
"1501","A11957729","A","3370","9 NE 19th Ct Unit#104C","MANOR GROVE VILLAGE ONE I Manor Grove Village"," ","$139,900","","1","1","0","¤750","Condo","1971","0","","No","",""
"1501","B26013090","A","3390","701 NW 19th Street Unit#500","TENNIS CLUB II COURTS COND "," ","$135,000","","2","2","0","968","Condo","1986","","Yes","No","","0"
"1501","B26044017","A","3600","1012 SE 15th Street Unit#102","PATIO CONDO ","","$135,000","","1","1","0","580","Condo","1965","","No","No","Patio/Cluster","0"
"1501","B26040317","A","3600","1045 SE 15th Street Unit#13d","CLIFF LAKE VILLAS CO-OP ","","$135,000","","2","1","0","800","Co-Op","1958","","No","No","","0"
"1501","B26018616","A","3370","1950 N Andrews Avenue Unit#102d","MANOR GROVE VILLAGE ONE IN "," ","$132,000","","1","1","0","750","Condo","1970","","No","No","","0"
"1501","A11975543","A","3260","2670 E Sunrise Blvd Unit#1402","GALLERY ONE CONDO Gallery One Hilton","","$125,000","","1","1","0","¤470","Hotel","1986","1","","Yes","",""
"1501","A11768381","A","3260","2670 E Sunrise Blvd Unit#419","GALLERY ONE CONDO GALLERY ONE"," ","$125,000","","1","1","0","¤554","Hotel","1988","0","","No","",""
"1501","B26052753","A","3260","2670 E SUNRISE Boulevard Unit#915","GALLERY ONE CONDO ","","$124,900","","1","1","0","586","Condo","1988","1","No","Yes","Other","0"
"1501","B26007006","A","3260","2670 E Sunrise Boulevard Unit#703","Gallery One ","","$124,900","","1","1","0","548","Condo","1986","1","Yes","Yes","","0"
"1501","R11132992","A","3260","2670 E Sunrise Boulevard Unit#318","GALLERY ONE CONDO "," ","$120,000","","1","1","0","548","Condo","1988","0","No","Yes","High Rise",""
"1501","B26041805","A","3260","2670 E Sunrise Boulevard Unit#323","GALLERY ONE CONDO ","","$115,000","","1","1","0","617","Condo","1988","1","No","Yes","","0"
"1501","A12053433","A","3260","2670 E Sunrise Blvd Unit#523","GALLERY ONE CONDO GALLERY ONE","","$109,000","","1","1","","¤617","Condo","1986","0","","Yes","",""
"1501","A11637557","A","3260","2670 E Sunrise Blvd Unit#1117","GALLERY ONE CONDO Gallery One"," ","$109,000","","1","1","0","¤548","Condo","1988","0","","Yes","",""
"1501","A12053676","A","3670","4047 NW 16 Unit#403","MAJESTIC GARDENS CONDOMINI MAJESTIC GARDENS CONDOMIN","","$105,000","","1","1","","760","Condo","1973","1","","No","",""
"1501","B26037976","A","3260","2670 E Sunrise Boulevard Unit#319","GALLERY ONE ","","$100,000","","1","1","0","554","Condo","1988","1","No","Yes","","0"
"1501","A11977822","A","3260","2670 E Sunrise Blvd Unit#302","GALLERY ONE CONDO GALLERY ONE","","$100,000","","1","1","0","¤470","Condo","1988","0","","Yes","",""
"1501","R11127696","A","3260","2670 E Sunrise Boulevard Unit#1202","GALLERY ONE CONDO "," ","$95,000","","1","1","0","470","Condo","1988","1","No","Yes","","0"
"1501","A12007816","A","3390","1125 NW 30th Ct Unit#10","WILTON TERRACE CONDO WILTON TERRACE CONDO"," ","$95,000","","1","1","0","¤670","Condo","1964","0","","No","",""
