"","MLS # Link","St","Area","Address","Subdivision/Complex","","List Price","Sale Price","#Beds","#FBaths","#HBaths","SqFt LA","Type of Property","Year Built","#Garage Spaces","Pool YN","Waterfront Property (Y/N)","Design","Lot SqFt"
"1","F10450514","C","3280","516 Mola Ave","Venice 6-4 B ","","$49,995,000","","6","7","2","9,995","Single","2020","8","Yes","Yes","","50,526"
"1","F10470129","C","3280","513 Middle River Dr","Sunrise 28-42 B ","","$49,900,000","","6","11","4","13,158","Single","2025","8","Yes","Yes","","16,539"
"1","A11902142","C","3260","733 Middle River Dr","SUNRISE ","","$39,995,000","","6","7","4","¤10,809","Single","2023","4","Yes","Yes","Attached","¤16,291"
"1","F10398661","C","3170","1400 W Lake Dr","Harbor Beach ","","$39,900,000","","7","10","2","10,400","Single","2024","3","Yes","Yes","","14,243"
"1","A11764711","C","3260","501 Middle River Dr","SUNRISE ","","$39,500,000","","8","8","3","","Single","2024","4","Yes","Yes","Attached","¤20,032"
"1","F10402991","C","3260","501 Middle River Dr","Sunrise Intracoastal ","","$39,500,000","","7","8","3","12,018","Single","2024","8","Yes","Yes","","20,032"
"1","A11740009","C","3170","1400 W Lake Dr","HARBOR BEACH ","","$36,500,000","","7","10","2","10,400","Single","2026","3","Yes","Yes","Attached","¤14,243"
"1","A11662789","C","3170","1 Harborage Isle Drive","Harborage Isle ","","$36,000,000","","6","10","","11,648","Single","2024","10","Yes","Yes","Attached","¤22,686"
"1","F10474162","C","3170","23 Isla Bahia Dr","ISLA BAHIA ","","$35,900,000","","6","7","2","10,209","Single","2024","8","Yes","Yes","","14,300"
"1","F10405028","C","3600","1812 SE 14th Street","Lauderdale Harbors ","","$35,000,000","","6","6","2","7,221","Single","2000","4","Yes","Yes","","17,183"
"1","F10421594","C","3600","1811 SE 10th St","Goulds Point 16-64 B ","","$34,995,000","","6","9","1","9,202","Single","2026","8","Yes","Yes","","14,812"
"1","F10532614","C","3280","851 Flamingo Dr","Las Olas Isles ","","$34,950,000","","5","5","4","8,113","Single","2026","3","Yes","Yes","","11,253"
"1","F10468157","C","3170","2501 Del Lago Dr","Del Lago Isle 42-2 B ","","$32,900,000","","6","7","0","8,343","Single","2026","4","Yes","Yes","","15,750"
"1","F10530624","C","3170","23 Isla Bahia Dr","ISLA BAHIA ","","$31,900,000","","6","7","2","10,000","Single","2025","8","Yes","Yes","","14,300"
"1","F10442604","C","3170","8 Isla Bahia Dr","Isla Bahia 47-27 B ","","$31,900,000","","7","8","1","10,500","Single","2024","8","Yes","Yes","","26,000"
"1","F10501259","C","3280","529 Bontona Ave","VENICE RESUB OF BLKS 5 & ","","$29,500,000","","6","9","1","10,259","Single","2018","0","Yes","Yes","","37,021"
"1","F10410804","C","3170","51 Isla Bahia Dr","Isla Bahia 47-27 B ","","$27,900,000","","6","6","2","","Single","2025","20","Yes","Yes","","20,520"
"1","F10457610","C","3260","745 Middle River Dr","Sunrise 28-42 B ","","$25,000,000","","7","7","1","8,138","Single","2024","4","Yes","Yes","","15,150"
"1","F10471356","C","3280","632 2ND KEY DR","SUNRISE KEY ","","$25,000,000","","8","8","2","8,962","Single","2019","8","Yes","Yes","","28,135"
"1","F10451065","C","3280","525 Isle Of Capri Dr","South Las Olas Isles ","","$24,995,000","","6","6","2","8,000","Single","2025","3","Yes","Yes","","14,070"
"1","F10537705","C","3170","51 Isla Bahia Dr","Isla Bahia 47-27 B ","","$24,900,000","","6","6","2","13,000","Single","2025","20","Yes","Yes","","20,520"
"1","F10468598","C","3260","671 Middle River Dr","Sunrise 28-42 B ","","$22,900,000","","6","7","2","13,084","Single","2020","4","Yes","Yes","","16,787"
"1","F10424740","C","3280","2519 Aqua Vista Blvd","Sea Island ","","$22,500,000","","8","7","2","8,060","Single","2005","4","Yes","Yes","","12,001"
"1","A11566320","C","3600","1822 SE 9th St","SUNRISE POINT ","","$22,500,000","","7","8","1","","Single","2023","4","Yes","Yes","Detached","¤17,402"
"1","F10532077","C","3160","801 Seabreeze Blvd Unit#R PH2406","St Regis Residences St Regis Residences","","$22,000,000","","4","4","1","5,552","Condo","2027","4","","Yes","",""
"1","F10503103","C","3280","725 Poinciana Drive","Idlewyld ","","$21,990,000","","6","7","2","9,000","Single","2025","20","Yes","Yes","","15,000"
"1","F10466787","C","3280","57 Nurmi Dr","Nurmi Isles Island 2 ","","$21,900,000","","4","4","2","6,700","Single","2024","2","Yes","Yes","","12,000"
"1","F10520613","C","3600","1721 SE 11th Street","Rio Vista Isles ","","$21,900,000","","8","6","2","7,030","Single","2026","3","Yes","Yes","","9,375"
"1","F10527556","C","3170","14 N Isla Bahia Drive","ISLA BAHIA ","","$19,999,999","","6","7","2","10,814","Single","1995","3","Yes","Yes","","13,000"
"1","A11765732","C","3170","22 Isla Bahia Dr","ISLA BAHIA ","","$19,900,000","","6","6","2","¤7,341","Single","2019","3","Yes","Yes","Attached","¤13,000"
"1","A11685131","C","3280","501 Solar Isle Dr","RIVIERA ","","$18,975,000","","6","8","1","","Single","2025","4","Yes","Yes","Attached","¤17,277"
"1","A11568883","C","3280","2721 Sea Island Dr","SEVEN ISLES ","","$18,500,000","","7","8","","","Single","2024","4","No","Yes","Attached","¤19,676"
"1","A11968333","C","3170","22 Isla Bahia Dr","ISLA BAHIA ","","$17,900,000","","6","6","2","¤7,341","Single","2019","3","Yes","Yes","Attached","¤13,000"
"1","F10479124","C","3260","2880 NE 28th St","CORAL RIDGE GALT ADD 1 ","","$17,900,000","","6","8","0","8,315","Single","2025","4","Yes","Yes","","15,098"
"1","F10531019","C","3170","8 HARBORAGE","The Harborage ","","$17,500,000","","6","8","1","8,908","Single","1979","3","Yes","Yes","",""
"1","R11055299","C","3280","615 Idlewyld Drive","IDLEWYLD ","","$16,900,000","","5","6","1","6,037","Single","1939","2","Yes","Yes","Garden Apartment","23,520"
"1","A11623934","C","3160","2200 N Ocean Blvd Unit#N1701","2200 FORT LAUDERDALE BEAC AUBERGE BEACH","","$15,650,000","","5","6","1","¤5,000","Condo","2018","2","","Yes","",""
"1","F10468543","C","3280","633 5th Key Drive","SUNRISE KEY ","","$14,995,000","","5","7","2","11,150","Single","2026","3","Yes","Yes","","21,873"
"1","A11891869","C","3614","2131 NE 15th St","LAUDER GATE ISLES ","","$14,995,000","","5","4","2","¤8,315","Single","2023","4","Yes","Yes","Attached","25,138"
"1","A11905995","C","3280","430 Royal Plaza Dr","STILWELL ISLES ","","$14,900,000","","5","5","1","6,024","Single","2026","6","Yes","Yes","Detached","¤12,000"
"1","F10505791","C","3280","10 Pelican Drive","Pelican Isle 21-19 B ","","$14,700,000","","7","7","1","8,535","Single","2014","3","Yes","Yes","","14,313"
"1","F10449541","C","3280","821 SOLAR ISLE DR","RIVIERA ","","$14,495,000","","6","7","2","9,510","Single","2011","2","Yes","Yes","",""
"1","F10474218","C","3280","621 Riviera Drive","Riviera 6-17 B ","","$14,299,000","","5","6","1","6,619","Single","2022","3","Yes","Yes","","12,500"
"1","F10382531","C","3600","1015 N Rio Vista Blvd","Rio Vista C J Hectors Res ","","$13,990,000","","4","4","1","0","Single","2014","2","Yes","Yes","","22,786"
"1","A11761184","C","3280","2605 Castilla Isle","LAUDERDALE SHORES REAMEN ","","$13,500,000","","7","4","2","6,000","Single","2025","3","Yes","Yes","Attached","¤11,800"
"1","F10505250","C","3170","2519 Lucille Dr","Lucille Island 37-19 B ","","$12,995,000","","6","6","2","7,190","Single","2020","3","Yes","Yes","","11,875"
"1","F10500263","C","3260","1317 Middle River Dr","Beach Way Heights ","","$12,950,000","","8","8","2","10,161","Single","2007","4","Yes","Yes","","14,250"
"1","A11812745","C","3280","630 Isle Of Palms Dr","STILWELL ISLES ISLES OF P ","","$12,950,000","","7","7","1","7,000","Single","2025","3","Yes","Yes","Detached","¤12,999"
"1","A11404959","C","3280","630 Isle Of Palms Dr","STILWELL ISLES ISLES OF P ","","$12,950,000","","7","7","1","7,000","Single","2025","3","Yes","Yes","Detached","¤12,999"
"1","F10538052","C","3280","2617 AQUA VISTA BLVD","LAS OLAS SEVEN ISLES ","","$12,900,000","","4","3","0","3,200","Single","1970","2","Yes","Yes","",""
"1","F10441120","C","3260","2733 NE 16th St","CORAL RIDGE ","","$12,000,000","","5","6","1","7,545","Single","2024","3","Yes","Yes","","12,500"
"1","F10457138","C","3280","24 Fiesta Way","Nurmi Isles Island 3 ","","$11,975,000","","6","6","1","6,479","Single","2024","3","Yes","Yes","","10,200"
"1","F10448416","C","3160","623 Bayshore Dr","Birch Ocean Front Sub 2 ","","$11,900,000","","12","11","0","8,134","Single","1949","0","Yes","Yes","","17,000"
"1","A11566086","C","3300","2932 N Atlantic Blvd","LAUDERDALE BEACH ","","$11,850,000","","0","0","","","Single","2024","0","No","Yes","Detached","¤18,112"
"1","F10411706","C","3160","151 N Seabreeze blv Unit#2702PH-S","SELENE OCEANFRONT RESIDEN SELENE OCEANFRONT RESIDEN","","$11,799,000","","3","5","1","5,183","Condo","2025","3","","Yes","",""
"1","F10415347","C","3600","1739 SE 11th St","Rio Vista Isles ","","$11,500,000","","7","6","1","8,424","Single","2016","6","Yes","Yes","","14,875"
"1","F10460922","C","3160","151 N Seabreeze blv Unit#2602PH-E","SELENE OCEANFRONT RESIDEN SELENE OCEANFRONT RESIDEN","","$11,399,000","","3","4","1","5,183","Condo","2025","3","","Yes","",""
"1","A12004015","C","3160","3030 N Atlantic Blvd","LAUDERDALE BEACH ","","$11,000,000","","3","3","0","¤2,112","Single","1950","2","No","Yes","Detached","¤12,596"
"1","B26003169","C","3280","2520 Delmar Place","GOULD ISLAND ","","$10,999,000","","7","6","3","6,872","Single","2028","3","Yes","Yes","","9,150"
"1","F10500157","C","3280","2617 Aqua Vista Blvd","Sea Island ","","$10,900,000","","4","3","0","2,664","Single","1970","2","Yes","Yes","","12,428"
"1","F10448622","C","3280","2617 Aqua Vista Blvd","AQUA VISTA LAS OLAS 7ISLE ","","$10,900,000","","9","10","0","10,000","Single","2025","6","Yes","Yes","",""
"1","F10425455","C","3280","500 Isle Of Capri Drive","VENICE RESUB IN BLKS 3&4 ","","$10,900,000","","6","7","1","7,788","Single","2015","4","Yes","Yes","","16,500"
"1","R10998664","C","3280","510 Coral Way","Coral Isles ","","$10,700,000","","6","5","1","5,625","Single","1990","2","Yes","Yes","","10,500"
"1","F10551402","C","3280","2400 Barcelona Drive","Sea Island ","","$10,499,000","","6","6","2","6,058","Single","2026","3","Yes","Yes","","10,400"
"1","F10477419","C","3280","520 San Marco Dr","Coral Isles 15-60 B ","","$10,250,000","","6","7","1","6,363","Single","2001","3","Yes","Yes","","11,000"
"1","F10498917","C","3160","1813 N Fort Lauderdale Beach Blvd","Las Olas By The Sea ","","$10,000,000","","5","5","1","5,049","Single","2024","3","Yes","Yes","","7,827"
"1","A11588251","C","3280","400 Mola Ave","Venice 6-4 B ","","$10,000,000","","6","5","1","6,036","Single","2022","3","Yes","Yes","Detached","¤14,080"
"1","F10532657","C","3170","2200 Inlet Drive","Harbour Heights Add Amd 3 ","","$9,999,000","","4","4","1","3,254","Single","1988","3","Yes","Yes","","12,500"
"1","F10403202","C","3260","797 Middle River Dr","SUNRISE INTRACOASTAL ","","$9,990,000","","6","5","2","6,994","Single","2018","5","Yes","Yes","","17,195"
"1","A11586052","C","3260","2010 Intracoastal Dr","CORAL RIDGE NORTH ","","$9,950,000","","5","6","1","¤5,332","Single","2024","3","Yes","Yes","Attached","¤10,426"
"1","A11902077","C","3280","520 San Marco Dr","CORAL ISLES ","","$9,900,000","","6","7","1","¤4,995","Single","2000","3","Yes","Yes","Attached","¤11,000"
"1","F10471484","C","3280","607 3rd Key Dr","Sunrise Key 45-6 B ","","$9,900,000","","0","0","0","0","Single","2026","20","No","Yes","","28,000"
"1","A11924369","C","3260","2218 NE 16th St","BAL HARBOUR 1ST ADD ","","$9,750,000","","5","7","","6,500","Single","2025","3","Yes","Yes","Detached","¤8,844"
"1","F10449490","C","3280","401 Lido Dr","LAS OLAS ","","$9,295,000","","8","8","1","6,845","Single","2022","3","Yes","Yes","","10,500"
"1","F10493438","C","3280","401 Lido Dr","Las Olas Isles ","","$8,995,000","","8","8","1","6,845","Single","2022","3","Yes","Yes","","10,500"
"1","F10466620","C","3160","3108 NE 26th ST","LAUDERDALE BEACH EXT ","","$8,950,000","","6","7","2","6,482","Single","2025","3","Yes","Yes","","11,528"
"1","B26012645","C","3600","1607 SE 12th Court","LAUDERDALE HARBORS SEC A R ","","$8,900,000","","4","4","0","2,889","Single","1953","2","No","Yes","Substantially Remodeled","17,600"
"1","F10455544","C","3600","1637 SE 14th St","Lauderdale Harbors ","","$8,900,000","","7","6","2","5,765","Single","2024","2","Yes","Yes","","7,700"
"1","A11863116","C","3280","401 Lido Dr","Las Olas Isles ","","$8,700,000","","8","8","1","¤6,446","Single","2022","3","Yes","Yes","Detached","¤10,500"
"1","A11719633","C","3280","401 Bontona Ave","VENICE RESUB OF BLKS 5 & ","","$8,500,000","","5","5","3","6,026","Single","2025","4","Yes","Yes","Attached","¤9,488"
"1","F10489005","C","3600","1500 SE 14th","Lauderdale Harbors Sec A ","","$8,499,000","","5","6","2","8,433","Single","2025","6","Yes","Yes","",""
"1","F10464077","C","3600","1500 SE 14th St","Lauderdale Harbors Sec A ","","$8,499,000","","5","6","2","8,433","Single","2025","6","Yes","Yes","","8,800"
"1","F10429391","C","3260","2849 NE 29th St","Coral Ridge Galt Add 1 ","","$8,395,000","","5","6","2","6,436","Single","2025","3","Yes","Yes","","10,004"
"1","F10489042","C","3260","2870 NE 24th Place","Coral Ridge Galt Add 27-4 ","","$8,000,000","","5","5","0","5,003","Single","2017","2","Yes","Yes","","10,000"
"1","F10489043","C","3260","2836 NE 29th St","Coral Ridge Galt Add 1 ","","$8,000,000","","4","6","1","5,947","Single","2025","3","Yes","Yes","","10,004"
"1","F10493352","C","3280","625 ISLE OF PALMS DR","Las Olas Isles ","","$7,995,000","","6","5","1","6,970","Single","2000","3","Yes","Yes","","13,000"
"1","A11683479","C","3170","1236 E Lake Dr","HARBOR BEACH ","","$7,990,000","","5","5","1","6,366","Single","2026","3","Yes","No","Attached","¤13,050"
"1","A11610075","C","3260","1328 Seminole Dr","BEACH WAY HEIGHTS UNIT ","","$7,795,000","","4","4","0","¤6,788","Single","1999","2","Yes","Yes","Detached","¤12,651"
"1","A11783673","C","3280","401 Royal Plaza Dr","STILWELL ISLES ","","$7,700,000","","4","4","0","¤4,036","Single","2020","2","Yes","Yes","Detached","¤12,000"
"1","R11039532","C","3160","3021 NE 26th Street","LAUDERDALE BEACH EXT UNIT ","","$7,500,000","","6","7","1","9,894","Single","2026","3","Yes","Yes","","14,054"
"1","F10437387","C","3260","2406 Fryer Pt","Coral Ridge Galt Add 27-4 ","","$7,500,000","","5","6","1","5,940","Single","2024","2","Yes","Yes","","10,730"
"1","F10489342","C","3280","441 Royal Plaza Dr","Stilwell Isles 15-26 B ","","$7,500,000","","6","6","2","6,602","Single","2008","3","Yes","Yes","","12,000"
"1","F10491979","C","3260","920 Intracoastal Drive Unit#PH1","AQUABLU AQUABLU","","$7,495,000","","3","3","1","4,295","Condo","2018","3","","Yes","",""
"1","F10531793","C","3280","625 Isle Of Palms Drive","Las Olas Isles ","","$7,495,000","","6","5","1","6,970","Single","2000","3","Yes","Yes","","13,000"
"1","A11886978","C","3280","620 Solar Isle Dr","RIVIERA ","","$7,200,000","","4","5","1","¤3,949","Single","2025","2","Yes","Yes","Attached",""
"1","A11812148","C","3280","401 Bontona Ave","VENICE RESUB OF BLKS 5 & ","","$7,200,000","","5","5","2","6,026","Single","2025","2","Yes","Yes","Attached","¤9,488"
"1","A11927656","C","3600","1537 SE 13th St","LAUDERDALE HARBORS SECTIO ","","$7,000,000","","5","5","0","¤4,495","Single","2021","2","Yes","Yes","Detached","¤7,700"
"1","F10501528","C","3280","432 Coconut Isle Dr","Venice 8-12 B ","","$6,999,999","","6","6","2","6,046","Single","2020","6","Yes","Yes","","9,375"
"1","F10459472","C","3280","432 Coconut Isle Dr","Venice 8-12 B ","","$6,999,999","","6","6","2","6,046","Single","2020","6","Yes","Yes","","9,375"
"1","F10530763","C","3260","920 Intracoastal Drive Unit#PH1","AQUABLU AQUABLU","","$6,999,000","","3","3","1","4,295","Condo","2018","3","","Yes","",""
"1","F10468252","C","3160","2200 N Ocean Blvd Unit#n1501","Auberge Beach Auberge Beach","","$6,995,000","","3","4","0","3,422","Condo","2018","2","","Yes","",""
"1","F10392522","C","3170","2000 Harbourview Dr","Harbour Heights Add 35-21 ","","$6,995,000","","4","5","1","4,964","Single","2024","3","Yes","No","","8,500"
"1","F10481675","C","3280","620 Coral Way","Coral Isles 15-47 B ","","$6,995,000","","6","6","2","4,945","Single","2000","4","Yes","Yes","","10,500"
"1","F10341936","C","3280","2425 DELMAR PL","GOULD ISLAND ","","$6,995,000","","5","5","0","4,714","Single","2020","4","Yes","Yes","","9,000"
"1","A11545722","C","3260","2891 NE 28th St","CORAL RIDGE GALT ADD NO 1 ","","$6,990,000","","4","4","0","¤3,116","Single","1958","2","Yes","Yes","Attached","¤12,964"
"1","F10451340","C","3280","337 Coconut Isle Dr","Venice 8-12 B ","","$6,900,000","","5","6","1","4,511","Single","2024","2","Yes","Yes","","6,250"
"1","F10503466","C","3160","525 N Fort Lauderdale Beach Blvd Unit#1801","Four Seasons Four Seasons","","$6,750,000","","3","3","1","2,634","Condo","2022","2","","Yes","",""
"1","A11475483","C","3170","2537 Lucille Dr","LUCILLE ISLAND ","","$6,690,000","","4","4","","¤2,998","Single","1958","2","Yes","Yes","Attached","¤11,875"
"1","A11656760","C","3280","50 Isle Of Venice Dr Unit#50","NURMI ISLES ISLAND NO 4 NURMI ISLES ISLAND NO 4","","$6,600,000","","0","0","","","Unimproved Agri/Recreatn/Moblhome","1987","0","","Yes","",""
"1","F10509638","C","3260","2035 Intracoastal Dr","Coral Ridge North 28-37 B ","","$6,500,000","","7","7","1","6,147","Single","2025","3","Yes","No","","13,339"
"1","A11927281","C","3160","2200 N Ocean Blvd Unit#S1701","2200 FORT LAUDERDALE BEAC AUBERGE RESIDENCES","","$6,499,000","","3","5","0","¤3,301","Condo","2019","2","","Yes","",""
"1","A11472159","C","3280","168 Fiesta Way","NURMI ISLES ISLAND NO 3 ","","$6,390,000","","6","5","1","¤4,632","Single","1994","2","Yes","Yes","Attached","¤10,800"
"1","R10940290","C","3260","1335 Seminole Drive","BEACH WAY HEIGHTS UNIT B ","","$6,300,000","","5","6","1","6,627","Single","2001","3","Yes","Yes","Garden Apartment","9,900"
"1","F10532574","C","3470","522 SW 9th Terrace","TROPICAL POINT NO 2 ","","$6,299,888","","5","6","1","5,000","Single","2025","6","Yes","Yes","","11,415"
"1","A11532508","C","3280","307 Seven Isles Dr","BARCELONA ISLE ","","$6,295,000","","5","5","0","¤4,858","Single","2018","6","Yes","Yes","Detached","¤10,400"
"1","A11832249","C","3280","168 Fiesta Way","NURMI ISLES ISLAND NO 3 ","","$6,290,000","","5","5","1","¤4,632","Single","1998","2","Yes","Yes","Attached","¤10,800"
"1","F10509104","C","3280","30 Fiesta Way","Nurmi Isles Island 3 ","","$6,250,000","","7","6","0","5,510","Single","2000","3","Yes","Yes","","10,200"
"1","A11993250","C","3160","3318 NE 16th Pl","LAS OLAS BY THE SEA EXT ","","$6,000,000","","5","7","1","¤4,644","Single","2026","2","Yes","No","Attached","¤8,107"
"1","A11903266","C","3160","2508 Center Ave","LAUDERDALE BEACH ","","$6,000,000","","5","5","0","¤1,485","Single","2025","2","Yes","No","Detached","¤5,625"
"1","A11656973","C","3280","94-96 Hendricks Isle Unit#94","VICTORIA ISLES VICTORIA ISLES","","$6,000,000","","0","0","","¤4,252","Duplex","1956","0","","Yes","",""
"1","F10490810","C","3600","1523 SE 12th St","RIO VISTA ISLES ","","$5,975,000","","5","5","1","4,102","Single","2024","2","Yes","Yes","","8,125"
"1","A11732274","C","3160","2200 N Ocean Blvd Unit#N401","Auberge Beach Auberge Beach","","$5,950,000","","4","6","0","3,422","Condo","2018","2","","Yes","",""
"1","F10446505","C","3160","3318 NE 16th Pl","Las Olas By The Sea Ext 7 ","","$5,950,000","","6","7","0","4,600","Single","2025","2","Yes","No","","8,107"
"1","R11120604","C","3600","1740 SE 7th Street","RIO VISTA ISLES ","","$5,950,000","","6","5","0","3,034","Single","1965","2","Yes","Yes","","12,500"
"1","F10434171","C","3260","2210 Intracoastal Drive","Coral Ridge North 28-37 B ","","$5,900,000","","5","4","1","4,082","Single","2022","2","Yes","Yes","","12,000"
"1","A11783764","C","3380","1220-1226 NE 15th Ave","PROGRESSO 1220 townhomes","","$5,800,000","","17","13","","","Townhouse","2023","2","","No","",""
"1","R11046632","C","3280","516 Royal Plaza Drive","STILWELL ISLES ","","$5,775,000","","4","4","1","3,084","Single","1987","2","Yes","Yes","","12,000"
"1","A11574350","C","3160","3306 NE 16th St","LAS OLAS BY THE SEA EXT ","","$5,725,000","","5","5","1","","Single","2024","2","Yes","No","Detached","¤6,212"
"1","F10485191","C","3160","2100 N Ocean Blvd Unit#GPH30A","The Palms The Palms","","$5,650,000","","3","3","1","4,738","Condo","1999","2","","Yes","",""
"1","F10554863","C","3280","330 Royal Plaza Drive","Las Olas Isles ","","$5,650,000","","4","4","2","3,606","Single","1982","2","Yes","Yes","","12,000"
"1","A11506986","C","3260","2815 NE 26th Pl","CORAL RIDGE GALT ADD NO 1 ","","$5,649,000","","3","2","1","¤2,690","Single","2017","2","Yes","Yes","Attached","¤12,004"
"1","A11669884","C","3280","337 Coconut Isle Dr","Las Olas Isles ","","$5,595,000","","6","6","1","4,511","Single","2024","2","Yes","Yes","Detached","¤6,250"
"1","R11127874","C","3160","525 N Fort Lauderdale Beach Boulevard Unit#901","Four Seasons ","","$5,575,000","","2","2","1","2,031","Condo","2022","2","No","Yes","",""
"1","A11766572","C","3260","2816 NE 25th Ct","CORAL RIDGE GALT ADD ","","$5,500,000","","5","5","1","¤5,761","Single","2000","2","Yes","Yes","Detached","¤10,000"
"1","F10434794","C","3160","3325 NE 18th St","LAS OLAS BY THE SEA EXT ","","$5,499,000","","5","5","1","8,000","Single","2020","1","Yes","No","","9,403"
"1","A11530475","C","3160","3320 NE 17th St","LAS OLAS BY THE SEA EXT ","","$5,499,000","","6","6","","","Single","2024","2","Yes","No","Attached","¤6,236"
"1","B26000328","C","3280","122 Nurmi Drive","NURMI ISLES ISLAND NO 2 ","","$5,499,000","","4","7","0","4,821","Single","1992","2","Yes","Yes","","12,000"
"1","F10498525","C","3170","1628 Haskins Avenue","HARBOR BEACH ","","$5,490,000","","4","5","0","4,100","Single","2025","3","Yes","No","","14,546"
"1","F10436060","C","3160","151 N Seabreeze blvd Unit#E-2101","SELENE OCEANFRONT RESIDEN SELENE OCEANFRONT RESIDEN","","$5,449,000","","3","4","0","3,122","Condo","2025","2","","Yes","",""
"1","F10530178","C","3280","609 Poinciana Drive","Idlewyld ","","$5,395,000","","4","4","1","4,539","Single","2022","2","Yes","Yes","","6,250"
"1","A11681583","C","3260","2886 NE 25th St","CORAL RIDGE GALT ADD ","","$5,390,000","","4","5","1","¤4,022","Single","1971","1","Yes","Yes","Detached","¤6,962"
"1","A11734914","C","3160","2200 N Ocean Blvd Unit#N804","2200 FORT LAUDERDALE BEAC Auberge Beach Residences","","$5,350,000","","3","3","1","¤2,501","Condo","2018","2","","Yes","",""
"1","A11686638","C","3160","2613 Center Ave","LAUDERDALE BEACH ","","$5,299,999","","6","6","","4,000","Single","2024","2","Yes","No","Detached","7,731"
"1","F10463628","C","3800","100 E Las Olas Blvd Unit#4301","One Hundred Las Olas One Hundred Las Olas","","$5,250,000","","4","4","1","3,626","Condo","2020","2","","No","",""
"1","F10541384","C","3260","900 Intracoastal Drive Unit#2702","Sage Intracoastal Sage Intracoastal","","$5,225,000","","4","4","1","3,191","Condo","2025","2","","Yes","",""
"1","F10461931","C","3260","2406 NE 13th Court","Beach Way Heights ","","$5,200,000","","5","6","0","4,595","Single","2025","5","Yes","No","","13,000"
"1","F10435238","C","3260","2506 NE 14th St","Beach Way Heights ","","$5,200,000","","5","5","1","5,088","Single","2025","2","Yes","No","","10,500"
"1","A11641568","C","3280","324 Coconut Isle Dr","VENICE ","","$5,200,000","","6","6","1","¤5,526","Single","2003","4","Yes","Yes","Detached","¤10,000"
"1","A11938336","C","3380","1332 NE 16th Ter","PROGESSO LAKE RIDGE","","$5,200,000","","12","12","4","¤2,385","Townhouse","2026","4","","No","",""
"1","F10535804","C","3600","1744 SE 9th Street","Rio Vista Isles ","","$5,200,000","","5","5","0","4,159","Single","2011","2","Yes","Yes","","9,375"
"1","R11041109","C","3260","2890 NE 27th Street","CORAL RIDGE GALT ADD NO 1 ","","$5,199,999","","4","3","2","5,046","Single","2001","2","Yes","Yes","Garden Apartment","11,505"
"1","A11776298","C","3280","2340 Aqua Vista Blvd","LAUDERDALE ISLES RE-AMEND ","","$5,175,000","","4","5","","¤3,736","Single","1989","2","Yes","Yes","Detached","¤11,543"
"1","F10508964","C","3260","2890 NE 27th St","Coral Ridge Galt Add 1 ","","$5,000,000","","5","3","2","5,046","Single","2001","2","Yes","Yes","","11,505"
"1","A11629527","C","3160","2401 NE 13 Street","Beach Way Heights ","","$4,999,999","","5","5","1","6,323","Single","2020","4","Yes","No","Attached","11,700"
"1","A11814079","C","3160","2200 N Ocean Blvd Unit#S1801","2200 FORT LAUDERDALE BEAC Auberge Beach Residences","","$4,999,000","","4","5","0","¤3,500","Condo","2018","2","","Yes","",""
"1","A11676379","C","3160","3306 NE 16th St","LAS OLAS BY THE SEA EXT ","","$4,995,000","","5","5","1","¤4,123","Single","2024","2","Yes","No","Attached","¤6,212"
"1","F10441573","C","3160","2100 N Ocean Blvd Unit#16E","The Palms The Palms","","$4,995,000","","4","4","1","4,795","Condo","1999","1","","Yes","",""
"1","A12022668","C","3260","2508 NE 22nd Ter","NORTH BAL HARBOUR ","","$4,995,000","","4","4","","","Single","2026","6","Yes","Yes","Detached","¤8,908"
"1","A11716909","C","3170","1925 Harbourview Dr","HARBOUR HEIGHTS ADD ","","$4,980,000","","4","4","1","¤4,306","Single","1998","2","Yes","Yes","Detached","¤11,690"
"1","A11676411","C","3160","3310 NE 16th St","LAS OLAS BY THE SEA EXT ","","$4,950,000","","5","5","1","4,171","Single","2025","2","Yes","No","Attached","¤6,212"
"1","A11666871","C","3160","3310 NE 16th St","LAS OLAS BY THE SEA EXT ","","$4,950,000","","5","5","1","","Single","2025","2","Yes","No","Detached","¤6,212"
"1","F10534343","C","3470","629 SW 8th Ter","Ft Lauderdale B-40 D ","","$4,950,000","","4","4","0","3,420","Single","1959","3","No","Yes","","23,721"
"1","F10400050","C","3600","1833 SE 7th St","Rio Vista Isles ","","$4,950,000","","4","4","1","3,739","Single","1986","2","Yes","Yes","","7,073"
"1","R11034880","C","3280","2300 Castilla Isle","Lauderdale Shores Reamen ","","$4,940,000","","6","5","1","3,554","Single","1941","0","Yes","Yes","Garden Apartment",""
"1","B26045055","C","3160","3318 NE 17th Street","LAS OLAS BY THE SEA EXT ","","$4,900,000","","5","5","1","3,641","Single","2018","2","Yes","No","","6,237"
"1","A11679061","C","3280","2615 E Las Olas Blvd","LAUDERDALE SHORES CORR PL ","","$4,900,000","","5","5","0","¤3,773","Single","1989","2","Yes","Yes","Detached","¤7,800"
"1","F10500034","C","3600","1550 Ponce De Leon Dr","Rio Vista ","","$4,895,000","","5","5","0","4,040","Single","2025","3","Yes","No","","9,025"
"1","F10465716","C","3600","1550 Ponce De Leon Dr","Rio Vista ","","$4,895,000","","5","5","0","4,040","Single","2025","3","Yes","No","","9,025"
"1","F10515254","C","3280","2615 E Las Olas Blvd","Lauderdale Shores Corr ","","$4,880,000","","5","5","0","3,773","Single","1989","2","Yes","Yes","","7,800"
"1","F10448366","C","3280","2300 Castilla Isle","Lauderdale Shores Reamen ","","$4,872,000","","6","5","1","3,554","Single","1941","0","Yes","Yes","","9,000"
"1","A11983367","C","3160","2613 Center Ave","LAUDERDALE BEACH ","","$4,850,000","","5","6","","","Single","2026","2","Yes","No","Detached","¤7,439"
"1","A11934684","C","3160","2613 Center Ave","LAUDERDALE BEACH ","","$4,850,000","","5","6","","","Single","2025","2","Yes","No","Detached","¤7,439"
"1","B26023725","C","3160","551 Bayshore Drive Unit#705-b","Ritz Carlton Residences |  ","","$4,834,000","","3","3","1","2,860","Condo","2029","","Yes","Yes","","0"
"1","F10509263","C","3280","56 Fiesta Way","Nurmi Isles Island 3 ","","$4,800,000","","4","5","0","5,197","Single","1991","2","Yes","Yes","","10,200"
"1","A11362737","C","3160","551 Bayshore Dr. Unit#501-S","The EDITION The EDITION Residences","","$4,785,000","","3","4","","¤2,860","Condo","2026","2","","Yes","",""
"1","R11088247","C","3280","2300 Castilla Isle","Lauderdale Shores Reamen ","","$4,750,000","","6","5","1","3,718","Single","1941","0","Yes","Yes","Garden Apartment","9,000"
"1","A11682707","C","3160","701 N Fort Lauderdale Blvd Unit#501","PARAMOUNT FT LAUDERDALE C PARAMOUNT FORT LAUDERDALE","","$4,700,000","","4","4","1","¤3,214","Condo","2017","2","","Yes","",""
"1","A11739196","C","3280","2615 E Las Olas Blvd","LAUDERDALE SHORES CORR PL ","","$4,600,000","","5","5","0","¤3,773","Single","1990","2","Yes","Yes","Detached","¤7,800"
"1","F10540533","C","3160","151 N Seabreeze Boulevard Unit#1904-e","Selene Oceanfront Selene Oceanfront","","$4,595,000","","4","3","1","2,901","Condo","2025","2","","Yes","","0"
"1","F10533977","C","3480","621 SW 5 Place","RESIDENCES AT NEW RIVER RESIDENCES AT NEW RIVER","","$4,595,000","","4","5","1","3,500","Townhouse","2025","1","","Yes","",""
"1","F10504160","C","3160","525 Fort Lauderdale Beach Blvd Unit#602","Four Seasons Four Seasons","","$4,500,000","","2","2","1","2,291","Condo","2024","2","","No","",""
"1","F10518938","C","3260","2625 NE 29th Ct","CORAL RIDGE GALT ADD NO 1 ","","$4,500,000","","5","5","0","4,752","Single","2005","3","Yes","No","","11,588"
"1","F10517881","C","3280","2615 E Las Olas Blvd","Lauderdale Shores Corr ","","$4,500,000","","5","5","0","3,773","Single","1989","2","Yes","Yes","","7,800"
"1","F10450947","C","3470","1115 SW 5th Pl","Riverside Add Amd 1-13 B ","","$4,500,000","","5","5","0","4,438","Single","2010","2","Yes","Yes","","12,225"
"1","F10459180","C","3280","1625 SE 1st Street","Colee Hammock  ","","$4,499,000","","5","5","1","4,594","Single","2025","2","Yes","No","","6,250"
"1","A11858364","C","3660","1200 Cordova Rd","RIO VISTA ","","$4,499,000","","4","4","1","¤4,274","Single","2016","2","Yes","Yes","Attached","¤6,231"
"1","F10520726","C","3170","2512 Barbara Dr","HARBOR BEACH EXTENSION ","","$4,495,000","","0","0","0","5,000","Single","2027","3","Yes","No","","13,658"
"1","A11692312","C","3600","801 SE 11th Ct","RIO VISTA ISLES ","","$4,495,000","","5","5","","","Single","2024","2","Yes","No","Attached","¤8,674"
"1","F10425282","C","3600","1401 SE 9th Street","Rio Vista ","","$4,495,000","","4","4","0","2,930","Single","1949","2","No","Yes","","18,220"
"1","F10509203","C","3280","455 Bontona Avenue","Venice ","","$4,490,000","","5","8","1","7,577","Single","2026","4","Yes","Yes","","12,650"
"1","F10395008","C","3600","1550 Ponce De Leon Dr","Rio Vista ","","$4,479,000","","5","5","0","4,040","Single","2024","3","Yes","No","","9,025"
"1","F10434652","C","3280","2620 AURELIA PL","IDLEWYLD ","","$4,475,000","","5","5","0","4,798","Single","2024","2","Yes","No","","8,243"
"1","F10433968","C","3800","521 E LAS OLAS BLVD Unit#1603/1604","ANDARE ANDARE","","$4,460,900","","5","5","1","4,328","Condo","2026","3","","No","",""
"1","A11553109","C","3470","1401 SW 5th Ct","RIVERSIDE ADD AMEN PLAT ","","$4,458,000","","5","4","","4,809","Single","2023","3","Yes","Yes","Detached","¤33,938"
"1","F10468615","C","3600","1544 Ponce De Leon Dr","Rio Vista ","","$4,450,000","","5","5","1","3,710","Single","2025","3","Yes","No","","7,125"
"1","F10427199","C","3160","2200 N Ocean Boulevard Unit#S706","AUBERGE BEACH AUBERGE BEACH","","$4,415,000","","3","2","1","2,792","Condo","2019","2","","Yes","",""
"1","B26009741","C","3260","2875 NE 25th Court","CORAL RIDGE GALT ADD ","","$4,399,000","","5","5","1","3,910","Single","1966","2","Yes","Yes","","10,000"
"1","F10491582","C","3260","2875 NE 25 Court","CORAL RIDGE GALT ","","$4,399,000","","5","5","1","3,910","Single","1966","2","Yes","Yes","","10,000"
"1","F10478816","C","3280","417 Coconut Isle Dr","VENICE8-12 ","","$4,399,000","","4","4","1","4,367","Single","2020","2","Yes","Yes","","6,250"
"1","F10543874","C","3280","1702 E Broward Boulevard","Colee Hammock ","","$4,395,000","","5","5","1","4,001","Single","2025","2","Yes","No","","6,633"
"1","F10488366","C","3280","1702 E Broward Blvd","Colee Hammock ","","$4,395,000","","5","5","1","4,001","Single","2025","2","Yes","No","","6,633"
"1","F10430273","C","3280","2611 Clematis Place","Idlewyld 1-19 B ","","$4,395,000","","5","5","1","4,594","Single","2026","2","Yes","No","","7,500"
"1","F10472097","C","3800","100 E Las Olas Blvd Unit#4301","One Hundred Las Olas One Hundred Las Olas","","$4,395,000","","4","4","1","3,626","Condo","2020","2","","No","",""
"1","F10554592","C","3160","153 N Seabreeze Boulevard Unit#1002","SELENE OCEANFRONT RESIDEN SELENE OCEANFRONT RESIDEN","","$4,350,000","","4","3","1","3,240","Condo","2025","2","No","Yes","","0"
"1","F10518900","C","3260","2500 Middle River Drive","CORAL RIDGE ","","$4,350,000","","5","5","1","4,717","Single","2024","3","Yes","No","","11,825"
"1","R11006237","C","3280","405 Bontona Avenue","VENICE RESUB ","","$4,350,000","","4","2","1","3,342","Single","1984","2","Yes","Yes","","9,487"
"1","F10414415","C","3280","411 N New River Dr E Unit#PH 39A","Las Olas Grand Las Olas Grand","","$4,350,000","","4","3","1","3,700","Condo","2005","3","","Yes","",""
"1","A11711116","C","3160","2200 N Ocean Blvd Unit#S303","2200 FORT LAUDERDALE BEAC AUBERGE","","$4,295,000","","3","3","1","¤2,623","Condo","2018","2","","Yes","",""
"1","F10496883","C","3280","349 Idlewyld Dr","Idlewyld 1-19 B ","","$4,250,000","","3","3","1","3,077","Single","1994","2","Yes","Yes","","7,149"
"1","F10395033","C","3600","1544 Ponce De Leon Dr","Rio Vista ","","$4,250,000","","5","5","1","3,710","Single","2024","3","Yes","No","","7,125"
"1","A11859736","C","3260","2877 NE 29th St","CORAL RIDGE GALT ADD NO 1 ","","$4,200,000","","4","3","1","¤3,079","Single","1964","2","Yes","Yes","Detached","¤9,835"
"1","F10532861","C","3280","2626 Barcelona Dr","Lauderdale Isles ","","$4,200,000","","5","5","0","4,302","Single","1990","2","Yes","Yes","","9,750"
"1","F10485542","C","3280","2626 Barcelona Dr","Lauderdale Isles ","","$4,200,000","","5","5","0","4,302","Single","1990","2","Yes","Yes","","9,750"
"1","F10411716","C","3160","153 N Seabreeze Blvd Unit#S-602","SELENE OCEANFRONT RESIDEN SELENE OCEANFRONT RESIDEN","","$4,199,000","","3","3","1","3,240","Condo","2025","2","","Yes","",""
"1","F10493337","C","3270","508 NE 9th Ave","Holmberg & Mc Kees Sub 1- ","","$4,199,000","","4","4","1","3,986","Single","2025","2","Yes","No","","8,100"
"1","F10462580","C","3160","2200 N Ocean Blvd Unit#S906","AUBERGE BEACH RESIDENCES AUBERGE BEACH RESIDENCES","","$4,195,000","","3","3","1","2,792","Condo","2018","2","","Yes","",""
"1","A11942194","C","3280","335 Coral Way","CORAL ISLES ","","$4,195,000","","3","3","0","¤2,683","Single","1956","0","No","Yes","Detached","¤10,500"
"1","F10532975","C","3800","100 E Las Olas Boulevard Unit#4301","One Hundred Las Olas One Hundred Las Olas","","$4,180,000","","4","4","1","3,896","Condo","2020","2","","No","",""
"1","F10530661","C","3800","100 E Las Olas Blvd Unit#4301","One Hundred Las Olas One Hundred Las Olas","","$4,180,000","","4","4","1","3,896","Condo","2020","2","","No","",""
"1","A11661792","C","3800","100 E Las Olas Blvd Unit#4001","100 LAS OLAS CONDO 100 Las Olas","","$4,180,000","","4","4","1","¤3,626","Condo","2020","2","","No","",""
"1","B26025107","C","3160","551 Bayshore Drive Unit#706-7b","Ritz Carlton Residences |  ","","$4,127,760","","2","2","1","2,600","Condo","2029","1","Yes","Yes","","0"
"1","A11633873","C","3160","525 N Fort Lauderdale Beach Blvd Unit#1505","Four Seasons Four Seasons","","$4,100,000","","2","2","1","¤1,597","Condo","2022","1","","Yes","",""
"1","F10511929","C","3800","100 E Las Olas Blvd Unit#4001","100 Las Olas 100 Las Olas","","$4,100,000","","4","4","1","3,626","Condo","2020","2","","No","",""
"1","A11913290","C","3270","528 NE 13th Ave","VICTORIA PARK ","","$4,000,000","","6","7","","¤4,707","Single","2025","2","Yes","No","Detached","¤7,800"
"1","A11696048","C","3350","2033 NE 22nd St","Wilton Manors ","","$4,000,000","","5","5","1","4,718","Single","2025","2","Yes","Yes","Attached","¤8,777"
"1","F10436164","C","3260","2108 NE 22nd Ter","BAL HARBOUR ","","$3,999,000","","4","5","0","3,100","Single","2024","2","Yes","Yes","","8,800"
"1","F10446722","C","3160","321 N Birch Road Unit#1002","321 at Water's Edge 321 at Water's Edge","","$3,995,000","","3","2","1","2,805","Condo","2020","2","","Yes","",""
"1","A11516886","C","3160","3304 Ne 14 Ct","LAS OLAS BY THE SEA EXT ","","$3,995,000","","4","4","","","Single","2024","2","Yes","No","Attached","¤6,212"
"1","F10554301","C","3280","416 Isle Of Capri Drive","Venice Resub In Blks 3 & ","","$3,995,000","","3","3","0","2,781","Single","1957","2","Yes","Yes","","9,900"
"1","F10512195","C","3480","1205 Avocado Isle","South New River Isles Sec ","","$3,995,000","","5","5","0","4,311","Single","1955","2","Yes","Yes","","7,950"
"1","A11905281","C","3170","11 Sylvan Ln","HARBOR BEACH ","","$3,990,000","","5","5","0","¤3,056","Single","2005","0","Yes","No","Detached","¤20,963"
"1","R10994435","C","3280","141 Isle Of Venice Drive Unit#Penthouse North","Casa Murano Las Olas ","","$3,990,000","","3","4","1","3,131","Condo","2024","2","No","Yes","",""
"1","F10445752","C","3280","2615 Clematis Place","Idlewyld ","","$3,979,000","","5","5","1","3,550","Single","2025","2","Yes","No","","7,500"
"1","R11104516","C","3880","2300 Castilla Isle","LAUDERDALE SHORES REAMEN  ","","$3,974,000","","6","5","1","3,718","Single","1941","0","Yes","Yes","","9,000"
"1","R11057692","C","3280","87 Isle Of Venice Drive Unit#S402","NURMI ISLES ISLAND NO 4 ","","$3,973,740","","4","4","1","2,960","Condo","2026","2","No","Yes","High Rise","14,400"
"1","A11888982","C","3160","2200 N Ocean Blvd Unit#S906","2200 FORT LAUDERDALE BEAC AUBERGE BEACH RESIDENCES","","$3,950,000","","3","3","1","¤2,661","Condo","2018","2","","Yes","",""
"1","A11599792","C","3170","1817 Harbourview Dr","Harbour Heights ","","$3,950,000","","4","3","1","¤3,050","Single","1963","2","Yes","Yes","Detached","¤9,375"
"1","R11000368","C","3470","716 Bryan Place","RIO ALTA RESUB BLK 34 ","","$3,950,000","","5","3","1","3,812","Single","2014","3","No","Yes","Garden Apartment","14,128"
"1","F10433964","C","3280","521 E LAS OLAS BLVD Unit#2401","ANDARE ANDARE","","$3,949,400","","4","4","0","2,502","Condo","2026","2","","No","",""
"1","A11524951","C","3280","160 Isle Of Venice Dr. Unit#301","Isle of Venice 160 Marina Bay","","$3,949,000","","3","3","1","2,875","Condo","2024","2","","Yes","",""
"1","F10480086","C","3160","2100 N Ocean Blvd Unit#16E","The Palms The Palms","","$3,900,000","","4","4","1","4,795","Condo","1999","2","","Yes","",""
"1","R11105255","C","3260","2878 NE 26th Street","CORAL RIDGE GALT ADD ","","$3,900,000","","5","4","0","3,142","Single","1956","0","Yes","Yes","","10,000"
"1","F10470669","C","3280","79 Fiesta Way","Nurmi Isles Island 3 ","","$3,900,000","","3","3","0","2,740","Single","1949","2","Yes","Yes","","10,200"
"1","F10545303","C","3600","823 Ponce De Leon Drive","Rio Vista Isles ","","$3,899,000","","4","5","0","3,819","Single","2024","2","Yes","Yes","","9,679"
"1","F10536342","C","3170","1621 Seabreeze Blvd","HARBOR BEACH ","","$3,875,000","","3","4","0","3,123","Single","1989","2","Yes","No","","14,230"
"1","A11737003","C","3280","510 SE 25th Ave","RIVIERA ","","$3,875,000","","4","3","0","¤1,830","Single","1980","0","Yes","Yes","Attached","¤12,500"
"1","F10466406","C","3170","2606 Grace Drive","Harbor Beach Ext 31-13 B ","","$3,850,000","","7","6","0","6,814","Single","2008","2","Yes","Yes","","9,600"
"1","F10415955","C","3160","525 N Fort Lauderdale Beach Blvd Unit#1204","Four Seasons Four Seasons","","$3,845,000","","2","3","0","2,069","Condo","2022","1","","Yes","",""
"1","A11537662","C","3240","2033 NE 22nd St","Wilton Manors ","","$3,800,000","","4","4","1","4,718","Single","2024","2","Yes","Yes","Attached","¤8,777"
"1","F10533400","C","3280","323 Hendricks Isle","Victoria Isles 15-67 B ","","$3,800,000","","4","4","1","3,395","Single","2020","1","Yes","Yes","","3,125"
"1","A11779351","C","3370","2033 NE 22nd St","WILTON MANORS ","","$3,800,000","","5","5","1","¤4,718","Single","2025","2","Yes","Yes","Attached","¤8,777"
"1","F10484256","C","3160","525 N Fort Lauderdale Beach blvd Unit#1504","Four Seasons Four Seasons","","$3,795,000","","2","3","0","2,069","Condo","2022","1","","No","",""
"1","A11788010","C","3260","2709 NE 25th Ct","CORAL RIDGE GALT ADD ","","$3,790,000","","4","4","1","3,182","Single","2025","3","Yes","No","Detached",""
"1","F10476184","C","3280","512 Riviera Dr","Riviera 6-17 B ","","$3,785,000","","5","4","0","3,281","Single","1940","1","Yes","Yes","","12,500"
"1","F10454346","C","3280","408 Seven Isles Drive","BARCELONA ISLE ","","$3,750,000","","4","5","0","4,228","Single","2003","3","Yes","No","","10,016"
"1","F10456190","C","3600","1524 SE 13th St","Lauderdale Harbors Sec A ","","$3,750,000","","6","7","0","4,576","Single","2025","2","Yes","Yes","","7,700"
"1","R11057679","C","3280","87 Isle Of Venice Drive Unit#N201","NURMI ISLES ISLAND NO 4 ","","$3,699,936","","4","4","1","2,939","Condo","2026","2","No","Yes","High Rise","14,400"
"1","F10533911","C","3600","1111 SE 9th AVE","RIO VISTA ISLES ","","$3,675,000","","4","5","1","3,600","Single","2021","2","Yes","No","",""
"1","F10540622","C","3170","2311 SE 17th Street Unit#204","Pier Sixty Six Pier Sixty Six","","$3,650,000","","3","3","0","1,645","Condo","2024","1","No","Yes","","0"
"1","F10443558","C","3170","435 Bayshore Dr Unit#404","ADAGIO ADAGIO","","$3,650,000","","4","3","1","3,211","Condo","2019","3","","Yes","",""
"1","A11819570","C","3240","2033 NE 22nd St","WILTON MANORS ","","$3,600,000","","5","5","1","¤4,718","Single","2025","2","Yes","Yes","Detached","¤8,777"
"1","F10487897","C","3260","1710 Middle River Dr","Coral Ridge ","","$3,600,000","","4","4","1","3,722","Single","2015","2","Yes","No","","12,000"
"1","R11146905","C","3280","516 Bontona Avenue","VENICE RESUB OF BLKS 5 & 6 ","","$3,600,000","","4","4","1","4,452","Single","1987","2","Yes","Yes","","9,314"
"1","A11913264","C","3280","323 Hendricks Isle","VICTORIA ISLES ","","$3,600,000","","4","4","1","3,395","Single","2025","1","Yes","Yes","Attached","6,250"
"1","A11913078","C","3280","321 Hendricks Isle","VICTORIA ISLES ","","$3,600,000","","4","4","1","3,395","Single","2025","1","Yes","Yes","Attached","6,250"
"1","F10469545","C","3160","527 Orton Avenue Unit#701A","The Terraces The Terraces","","$3,595,000","","3","3","1","2,674","Condo","2025","2","","No","",""
"1","F10498250","C","3280","350 SE 2nd St Unit#GPH10","350 LAS OLAS PLACE 350 LAS OLAS PLACE","","$3,595,000","","3","3","0","3,150","Condo","2005","3","","No","",""
"1","A11840720","C","3370","2033 NE 22nd St","CORAL POINT ","","$3,575,000","","5","5","1","¤4,718","Single","2025","2","Yes","Yes","Attached","¤8,777"
"1","A11637077","C","3370","2217 NE 17th Ter","MIDDLE RIVER MANOR ADD ","","$3,550,000","","4","3","1","¤3,804","Single","2018","2","Yes","Yes","Attached","¤7,000"
"1","B26025096","C","3160","551 Bayshore Drive Unit#901-c","Ritz Carlton Residences |  ","","$3,505,000","","2","2","1","2,400","Condo","2029","","Yes","Yes","","0"
"1","A11668682","C","3260","2813 NE 29th St","CORAL RIDGE GALT ADD NO 1 ","","$3,500,000","","3","2","1","¤2,152","Single","1954","2","Yes","Yes","Attached","¤9,503"
"1","F10494102","C","3480","1008 Mandarin Isle","South New River Isles Sec ","","$3,500,000","","5","6","1","4,177","Single","2007","3","Yes","Yes","","10,600"
"1","A11587020","C","3600","1762 SE 7th St","RIO VISTA ISLES ","","$3,499,999","","3","3","0","¤2,062","Single","1946","0","Yes","Yes","Detached","¤6,250"
"1","A11526336","C","3280","160 Isle Of Venice Dr. Unit#203","Isle of Venice 160 Marina Bay","","$3,499,900","","3","3","1","¤2,918","Condo","2024","2","","Yes","",""
"1","F10488472","C","3170","1 Las Olas Circle Unit#1501","Venetian Condominium Venetian Condominium","","$3,499,000","","3","4","1","3,425","Condo","1971","2","","Yes","",""
"1","A11719321","C","3160","3301 NE 16th Ct","LAS OLAS BY THE SEA EXT ","","$3,495,000","","4","3","1","¤3,019","Single","1986","2","Yes","Yes","Detached","¤7,327"
"1","F10458519","C","3280","21 Isle of Venice Unit#301","AquaMar Las Olas AquaMar Las Olas","","$3,495,000","","4","3","1","3,308","Condo","2017","2","","Yes","",""
"1","A11715561","C","3170","1206 E Lake Dr","HARBOR BEACH ","","$3,490,000","","4","4","0","¤3,500","Single","2015","2","Yes","No","Detached","¤13,400"
"1","R11109892","C","3480","1317 Tangelo Isle","SOUTH NEW RIVER ISLES SEC ","","$3,490,000","","5","5","1","4,023","Single","2025","2","Yes","Yes","Garden Apartment","7,781"
"1","F10409788","C","3160","153 N Seabreeze blvd Unit#S-2101","SELENE OCEANFRONT RESIDEN SELENE OCEANFRONT RESIDEN","","$3,479,000","","2","3","1","2,395","Condo","2025","2","","Yes","",""
"1","F10519819","C","3600","721 SE 9th St","Rio Vista C J Hectors Res ","","$3,479,000","","5","6","0","4,366","Single","2025","2","Yes","No","","6,250"
"1","F10466920","C","3160","525 N Fort Lauderdale Beach Blvd Unit#1509","Four Seasons Four Seasons","","$3,450,000","","2","2","1","1,867","Condo","2022","1","","No","",""
"1","F10445788","C","3600","1111 SE 9th AVE","RIO VISTA ISLES ","","$3,425,000","","4","5","1","3,600","Single","2021","2","Yes","No","",""
"1","F10408831","C","3280","500 Hendricks Isle Unit#3N","Lumiere Lumiere","","$3,420,000","","3","3","1","2,941","Condo","2025","2","","Yes","",""
"1","A11483009","C","3160","2200 N Ocean Blvd Unit#N704","2200 FORT LAUDERDALE BEAC Auberge","","$3,400,000","","2","3","0","¤1,885","Condo","2018","2","","Yes","",""
"1","A11686148","C","3280","121 S Gordon Rd","NAVARRO ISLE ","","$3,400,000","","3","3","0","¤2,371","Single","2018","0","Yes","Yes","Detached","¤6,500"
"1","F10530934","C","3160","435 Bayshore Dr Unit#703","ADAGIO ADAGIO","","$3,395,000","","3","3","1","2,870","Condo","2019","2","","Yes","",""
"1","F10508787","C","3270","1765 NE 6th Court","Victoria Park ","","$3,395,000","","4","4","1","3,888","Single","2025","2","Yes","No","","6,088"
"1","F10540415","C","3600","1329 SE 13th Terrace","Lauderdale Harbors ","","$3,395,000","","4","4","0","4,061","Single","2011","2","Yes","No","","7,000"
"1","B26002782","C","3280","353 Sunset Drive Unit#202","353 SUNSET LAS OLAS CONDO ","","$3,380,000","","3","3","1","3,515","Condo","2017","2","No","Yes","","0"
"1","A11490465","C","3160","2200 N Ocean Blvd Unit#N201","2200 FORT LAUDERDALE BEAC AUBERGE BEACH","","$3,300,000","","2","2","1","¤1,990","Condo","2018","2","","Yes","",""
"1","F10533674","C","3370","2015 NE 4th Ave","WILTON MANORS FIRST ADD ","","$3,299,999","","4","4","1","3,755","Single","2025","2","Yes","No","","6,832"
"1","F10494452","C","3260","1710 Middle River Dr","Coral Ridge ","","$3,299,000","","4","4","1","3,722","Single","2015","2","Yes","No","","12,000"
"1","F10478676","C","3480","1212 Avocado Isle","Citrus Isles ","","$3,299,000","","5","5","0","3,387","Single","2025","2","Yes","Yes","","6,400"
"1","F10485091","C","3600","1417 Ponce De Leon Dr","Rio Vista Isles ","","$3,299,000","","4","2","1","4,092","Single","1987","2","Yes","Yes","","6,450"
"1","F10457648","C","3270","456 Victoria Ter","Victoria Park Re-Amended ","","$3,295,460","","4","2","1","2,187","Single","2021","2","Yes","Yes","","7,616"
"1","R11088448","C","3160","435 Bayshore Drive Unit#602","ADAGIO FORT LAUDERDALE BE ","","$3,295,000","","3","3","1","2,795","Condo","2019","2","No","Yes","",""
"1","F10479658","C","3600","1111 SE 9th AVE","RIO VISTA ISLES ","","$3,295,000","","4","5","1","3,600","Single","2021","2","Yes","No","",""
"1","A11737202","C","3470","1407 SW 5th Ct","RIVERSIDE ADD AMEN PLAT ","","$3,290,000","","5","4","0","","Single","2023","4","Yes","Yes","Detached","¤22,808"
"1","A11470481","C","3470","1407 SW 5th Ct","RIVERSIDE ADD AMEN PLAT ","","$3,290,000","","5","4","0","","Single","2023","4","Yes","Yes","Detached","¤22,808"
"1","A11897837","C","3480","1321 Tangelo Isle","SOUTH NEW RIVER ISLES SEC ","","$3,290,000","","3","3","1","¤2,489","Single","2018","2","Yes","Yes","Detached","¤14,308"
"1","A11543335","C","3280","404 Coconut Isle Dr","VENICE 8-12 B ","","$3,285,000","","3","3","1","","Single","1953","1","Yes","Yes","Attached","¤9,375"
"1","A11505896","C","3160","2019 NE 31st Ave","LAUDERDALE BEACH EXT ","","$3,250,000","","3","2","0","¤1,754","Single","1956","2","No","Yes","Attached","¤9,279"
"1","A11674741","C","3600","829 Ponce De Leon Dr","RIO VISTA ISLES ","","$3,250,000","","3","3","","¤2,770","Single","2022","2","Yes","Yes","Detached","¤10,219"
"1","A11640528","C","3160","2521 Center Ave","LAUDERDALE BEACH ","","$3,249,000","","4","4","1","¤3,424","Single","1998","2","No","No","Attached","¤7,827"
"1","F10426084","C","3280","30 Isle Of Venice Dr Unit#PH3","Aqualuna Las Olas Aqualuna Las Olas","","$3,245,000","","3","2","0","2,590","Condo","2016","2","","Yes","",""
"1","F10531354","C","3270","727 NE 17th Avenue","Victoria Courts 9-49 B ","","$3,200,000","","5","5","1","4,086","Single","2025","2","Yes","No","","4,814"
"1","F10443542","C","3270","550 NE 11th Ave","VICTORIA PARK ","","$3,200,000","","4","5","1","3,883","Single","2025","2","Yes","No","","6,500"
"1","F10511044","C","3480","1308 Avocado Isle","South New River Isles Sec ","","$3,200,000","","5","5","0","3,387","Single","2025","2","Yes","Yes","","6,360"
"1","F10495701","C","3600","801 SE 6th Court","Rio Vista ","","$3,199,900","","4","4","1","3,000","Single","2025","1","Yes","No","","9,380"
"1","F10478140","C","3260","2733 NE 28th St","Coral Ridge Galt Add 1 ","","$3,199,000","","4","4","0","3,100","Single","2024","2","Yes","No","",""
"1","F10473468","C","3260","2733 NE 28th St","Coral Ridge Galt Add 1 ","","$3,199,000","","4","4","0","3,100","Single","2024","2","Yes","No","",""
"1","B26005470","C","3270","719 N Victoria Park Road","Victoria Park ","","$3,199,000","","4","4","1","3,780","Single","2023","2","Yes","No","","7,500"
"1","A11983998","C","3370","2217 NE 17th Ter","MIDDLE RIVER MANOR ADD ","","$3,199,000","","4","3","1","¤3,804","Single","2018","2","Yes","Yes","Attached","¤7,000"
"1","F10511947","C","3600","1417 Ponce De Leon Dr","Rio Vista Isles ","","$3,199,000","","4","2","1","4,092","Single","1987","2","Yes","Yes","","6,450"
"1","F10488514","C","3160","2200 N Ocean Blvd Unit#N403","AUBERGE BEACH RESIDENCES AUBERGE BEACH RESIDENCES","","$3,195,000","","2","2","1","1,870","Condo","2018","2","","Yes","",""
"1","A11871855","C","3270","618 NE 17th Way","VICTORIA PARK ","","$3,195,000","","4","4","1","¤3,801","Single","2025","2","Yes","No","Detached","¤6,258"
"1","A11831556","C","3270","531 NE 10th Ave","HOLMBERG & MC KEES ","","$3,195,000","","4","5","","","Single","2025","2","Yes","No","Detached","¤8,100"
"1","F10413672","C","3270","1765 NE 6th Ct","Victoria Park ","","$3,195,000","","4","4","1","3,868","Single","2024","2","Yes","No","","6,099"
"1","A11725037","C","3600","1132 SE 6th Ter","RIO VISTA ISLES ","","$3,150,000","","4","4","1","¤3,642","Single","2025","2","Yes","No","Attached","¤7,500"
"1","R11071858","C","3160","3305 NE 16th Court","LAS OLAS BY THE SEA EXT ","","$3,125,000","","4","2","0","1,772","Single","1944","0","No","No","","6,236"
"1","A11731578","C","3160","3305 NE 16th Ct","LAS OLAS BY THE SEA EXT ","","$3,125,000","","4","2","0","¤1,772","Single","1944","0","No","No","Detached","¤6,236"
"1","A11845602","C","3270","618 NE 17th Way","VICTORIA PARK CORR AMEN P ","","$3,125,000","","4","4","1","¤3,801","Single","2025","2","Yes","No","Detached","¤6,258"
"1","F10531696","C","3480","1317 Tangelo Isle","SOUTH NEW RIVER ISLES SEC ","","$3,125,000","","5","5","1","4,023","Single","2025","2","Yes","Yes","","7,781"
"1","A11769337","C","3270","531 NE 10th Ave","HOLMBERG & MC KEES ","","$3,100,000","","4","5","","","Single","2025","2","Yes","No","Detached","¤8,100"
"1","A11718438","C","3270","728 NE 17th Ter","RICHARDS SUB ","","$3,100,000","","4","4","1","¤1,253","Single","2025","2","Yes","No","Detached","¤7,562"
"1","A11711357","C","3270","412 NE 10th Ave","Victoria Park ","","$3,100,000","","4","4","1","¤4,002","Single","2025","2","Yes","No","Detached","¤6,500"
"1","A11681726","C","3270","412 NE 10th Ave","Victoria Park ","","$3,100,000","","4","4","1","¤1,224","Single","2025","2","Yes","No","Detached","¤6,500"
"1","F10388186","C","3160","101 S Fort Lauderdale Beach Blvd Unit#1501","LAS OLAS BEACH CLUB LAS OLAS BEACH CLUB","","$3,099,095","","3","3","0","2,950","Condo","2007","2","","Yes","",""
"1","A11655412","C","3270","600 N Victoria Ter","VICTORIA PARK RE-AMENDED ","","$3,099,000","","3","3","0","¤3,004","Single","1979","2","Yes","Yes","Detached","¤7,174"
"1","A11781233","C","3600","1132 SE 6th Ter","RIO VISTA ISLES ","","$3,095,000","","4","4","1","¤3,642","Single","2025","2","Yes","No","Attached","¤7,500"
"1","A11771639","C","3600","1132 SE 6th Ter","RIO VISTA ISLES ","","$3,095,000","","4","4","1","¤3,828","Single","2025","2","Yes","No","Attached","¤7,500"
"1","A11775292","C","3270","618 NE 17th Way","VICTORIA PARK CORR AMEN P ","","$3,050,000","","4","4","1","¤4,002","Single","2025","2","Yes","No","Detached","¤6,258"
"1","A11773584","C","3270","618 NE 17th Way","VICTORIA PARK CORR AMEN P ","","$3,050,000","","4","4","1","¤1,246","Single","2025","2","Yes","No","Detached","¤6,258"
"1","F10540578","C","3260","900 Intracoastal Drive Unit#801","Sage Intracoastal Sage Intracoastal","","$3,000,000","","3","3","1","2,792","Condo","2025","2","","Yes","",""
"1","F10482297","C","3260","2733 NE 28th St","Coral Ridge Galt Add 1 ","","$3,000,000","","4","4","0","3,100","Single","2024","2","Yes","No","",""
"1","A11571713","C","3270","618 NE 17th Way","VICTORIA PARK ","","$3,000,000","","4","4","1","¤4,002","Single","2025","2","Yes","No","Detached","¤6,258"
"1","A11733907","C","3470","1321 Mandarin Isle","SOUTH NEW RIVER ISLES SEC ","","$3,000,000","","3","3","0","¤1,847","Single","1960","2","Yes","Yes","Attached","¤15,013"
"1","F10469273","C","3600","805 SE 10th Street","Rio Vista Isles ","","$3,000,000","","3","3","1","2,408","Single","1979","2","No","No","","9,375"
"1","A11720945","C","3260","2816 NE 24th Pl","CORAL RIDGE GALT ADD ","","$2,999,999","","4","3","","","Single","1968","2","Yes","Yes","Detached","¤10,000"
"1","F10495330","C","3480","1212 Avocado Isle","Citrus Isles ","","$2,999,900","","5","5","0","3,387","Single","2025","2","Yes","Yes","","6,400"
"1","F10542169","C","3160","3209 NE 26th Street","Lauderdale Beach Ext ","","$2,999,500","","4","4","0","2,750","Single","2026","2","Yes","No","","4,676"
"1","A11660919","C","3170","101 S Fort Lauderdale Beach Blvd Unit#1201","Las Olas Beach Club Condo Las Olas Beach Club Condo","","$2,999,000","","4","4","0","¤2,950","Condo","2007","1","","Yes","",""
"1","F10473818","C","3160","2200 N Ocean Blvd Unit#N201","AUBERGE BEACH RESIDENCES AUBERGE BEACH RESIDENCES","","$2,995,000","","2","2","1","1,990","Condo","2018","2","","Yes","",""
"1","B26012601","C","3170","2681 Harbor Beach Parkway","HARBOR BEACH ","","$2,995,000","","4","3","0","2,419","Single","1952","","Yes","No","","20,812"
"1","F10546612","C","3170","1200 Holiday Drive Unit#402","Coconut Grove Residneces Coconut Grove Residneces","","$2,995,000","","2","2","1","2,623","Condo","2007","2","","Yes","",""
"1","F10533924","C","3170","3055 Harbor Dr Unit#1603","HARBOURGAGE PLACE HARBOURGAGE PLACE","","$2,995,000","","3","2","1","3,368","Condo","1998","2","","Yes","",""
"1","A11846291","C","3270","500 NE 14th Ave","LAS OLAS PARK CORR PLAT ","","$2,995,000","","5","4","1","¤3,372","Single","2019","2","Yes","No","Attached","¤6,648"
"1","F10524398","C","3280","63 Isle Of Venice Drive Unit#63","Seaside Villas Seaside Villas","","$2,995,000","","4","4","1","4,194","Townhouse","2009","2","","Yes","",""
"1","A11559396","C","3470","1501 SW 4th Ct","GILL ISLES ","","$2,995,000","","5","5","1","5,278","Single","2026","2","Yes","Yes","Attached","¤9,934"
"1","A11826715","C","3600","1132 SE 6th Ter","RIO VISTA ISLES ","","$2,995,000","","4","4","1","¤3,828","Single","2025","2","Yes","No","Attached","¤7,500"
"1","A11696648","C","3160","2200 N Ocean Blvd Unit#N206","2200 FORT LAUDERDALE BEAC Auberge Ft Lauderdale","","$2,990,000","","3","3","1","¤2,071","Condo","2018","2","","Yes","",""
"1","F10545254","C","3260","920 Intracoastal Dr Unit#1003","AquaBlu AquaBlu","","$2,990,000","","3","3","1","3,258","Condo","2018","2","","Yes","",""
"1","F10443874","C","3260","2259 NE 20th St","North Bal Harbour 45-3 B ","","$2,990,000","","3","2","1","2,495","Single","1969","2","No","Yes","","8,788"
"1","F10504536","C","3270","739 N Victoria Park Rd","Victoria Highlands Amd ","","$2,990,000","","2","1","0","1,044","Single","1941","1","No","No","","18,137"
"1","F10435560","C","3170","2008 Admirals Way","Harbour Inlet ","","$2,975,000","","3","2","1","1,944","Single","1955","2","Yes","No","","9,375"
"1","A11650072","C","3270","456 Victoria Ter","Victoria Park Re-Amended ","","$2,975,000","","4","2","1","¤2,187","Single","2021","2","Yes","Yes","Detached","¤7,616"
"1","F10465804","C","3280","635 Riviera Isle Dr","Riviera 6-17 B ","","$2,975,000","","4","3","0","2,767","Single","1983","2","Yes","Yes","","6,250"
"1","F10525722","C","3160","2200 N Ocean Blvd Unit#N403","AUBERGE BEACH RESIDENCES AUBERGE BEACH RESIDENCES","","$2,950,000","","2","2","1","1,870","Condo","2018","2","","Yes","",""
"1","A11765178","C","3160","525 N Fort Lauderdale Beach Blvd Unit#1708","Condo Four Seasons","","$2,950,000","","2","2","1","¤1,721","Condo","2022","1","","Yes","",""
"1","A11688891","C","3260","2500 Bayview Dr","CORAL RIDGE GALT ADD ","","$2,950,000","","5","4","1","¤2,309","Single","1956","0","Yes","Yes","Detached","¤13,309"
"1","F10546481","C","3280","350 SE 2nd St Unit#GPH10","350 LAS OLAS PLACE 350 LAS OLAS PLACE","","$2,950,000","","3","3","0","3,150","Condo","2005","3","","No","",""
"1","F10534147","C","3160","153 N Seabreeze Boulevard Unit#S-1501","SELENE OCEANFRONT SELENE OCEANFRONT","","$2,940,000","","2","3","1","2,315","Condo","2025","2","","Yes","",""
"1","A11841899","C","3600","1132 SE 6th Ter","RIO VISTA ISLES ","","$2,900,000","","4","4","1","¤3,642","Single","2025","2","Yes","No","Detached","¤7,500"
"1","A11608528","C","3240","727 NE 17th Way","VICTORIA PARK ","","$2,890,000","","4","4","1","¤4,002","Single","2024","2","Yes","No","Attached","¤6,354"
"1","F10514658","C","3170","701 N Fort Lauderdale Beach Blvd Unit#1205","PARAMOUNT FT LAUDERDALE PARAMOUNT FT LAUDERDALE","","$2,850,000","","3","3","1","2,419","Condo","2017","2","","Yes","",""
"1","A11845161","C","3270","750 NE 16th Ave","MACARTHUR PARK ","","$2,849,000","","5","4","1","¤3,184","Single","2025","2","Yes","No","Attached","¤7,702"
"1","A11667965","C","3240","727 NE 17th Way","VICTORIA HIGHLANDS AMD PL ","","$2,840,000","","4","4","1","¤4,002","Single","2024","2","Yes","No","Detached","¤6,354"
"1","A11928946","C","3160","153 N Seabreeze Blvd Unit#0401-S","Selene Oceanfront Selene Oceanfront","","$2,800,000","","2","3","1","2,395","Condo","2025","2","","Yes","",""
"1","F10542382","C","3260","2813 NE 29th St","Coral Ridge Galt Add 1 ","","$2,800,000","","3","2","0","2,152","Single","1954","2","Yes","Yes","","9,503"
"1","R11113447","C","3270","500 NE 14th Avenue","LAS OLAS PARK CORR PLAT ","","$2,800,000","","5","4","1","4,418","Single","2019","2","Yes","No","Garden Apartment","6,648"
"1","F10537724","C","3270","500 NE 14th Avenue","Las Olas Park Corr 6-12 B ","","$2,799,999","","5","4","1","4,036","Single","2019","2","Yes","No","","6,648"
"1","F10469548","C","3160","527 Orton Avenue Unit#603C","The Terraces The Terraces","","$2,795,000","","3","3","0","2,027","Condo","2025","2","","No","",""
"1","F10399452","C","3170","101 S Fort Lauderdale Beach Blvd Unit#1104","Las Olas Beach Club Las Olas Beach Club","","$2,795,000","","3","3","0","2,380","Condo","2007","2","","Yes","",""
"1","F10505775","C","3280","635 SE 25th Ave","Riviera 6-17 B ","","$2,790,000","","4","3","0","2,767","Single","1983","2","Yes","Yes","","6,250"
"1","R11156283","C","3270","750 NE 16th Avenue","Victoria Park ","","$2,779,000","","5","4","1","3,531","Single","2025","2","Yes","No","Garden Apartment","7,702"
"1","F10460729","C","3160","2110 N Ocean Blvd Unit#16B","The Palms Condo Two The Palms Condo Two","","$2,769,000","","3","2","1","2,623","Condo","2001","1","","Yes","",""
"1","F10520699","C","3170","701 N Fort Lauderdale Beach Boulevard Unit#1205","PARAMOUNT PARAMOUNT","","$2,750,000","","3","3","1","2,419","Condo","2017","2","","Yes","",""
"1","A11740264","C","3260","2816 NE 24th Pl","CORAL RIDGE GALT ADD ","","$2,750,000","","4","3","","","Single","1954","2","Yes","Yes","Detached","¤10,000"
"1","A11925950","C","3280","1675 Coral Gardens Dr","MIDDLE RIVER ESTATES ","","$2,750,000","","5","4","0","¤3,611","Single","1957","0","Yes","Yes","Attached","¤11,343"
"1","A11925786","C","3280","1675 Coral Gardens Dr","MIDDLE RIVER ESTATES ","","$2,750,000","","5","4","0","¤3,611","Single","1957","0","Yes","Yes","Attached","¤11,343"
"1","F10420412","C","3370","317 NE 21st St","Wilton Manors ","","$2,750,000","","4","3","1","2,796","Single","2024","2","Yes","No","","9,373"
"1","F10433773","C","3280","301 Hendricks Isle Unit#PENTHOUSE 7","PLACE DES ARTS PLACE DES ARTS","","$2,749,999","","4","4","1","4,445","Condo","2005","1","","Yes","",""
"1","F10541232","C","3160","151 N Seabreeze Boulevard Unit#2103-E","Selene Selene","","$2,749,000","","2","3","0","1,680","Condo","2025","1","","Yes","",""
"1","A11732412","C","3600","501 SE 6th Avenue Unit#303","Sixth & Rio Sixth & Rio","","$2,745,000","","4","3","","¤2,296","Condo","2026","2","","Yes","",""
"1","A11787780","C","3470","1505 SW 5th Pl","VALENTINES SUB B-29 ","","$2,725,000","","5","5","1","","Single","2023","2","Yes","Yes","Attached","¤12,683"
"1","A11685552","C","3120","525 N Fort Lauderdale Beach Blvd Unit#1607","FTL CONDO Four Seasons","","$2,700,000","","2","2","0","¤1,308","Condo","2022","1","","Yes","",""
"1","A11959811","C","3270","1629 NE 4th Pl","MIDDLE RIVER PARK ","","$2,699,999","","4","5","0","¤2,871","Single","2023","2","Yes","No","Attached","¤6,250"
"1","F10546437","C","3370","2015 NE 4th Avenue","WILTON MANORS FIRST ADD ","","$2,699,999","","4","4","1","3,755","Single","2025","2","Yes","No","","6,832"
"1","B26018092","C","3380","1628 NE 17th Avenue","Poinsettia Heights ","","$2,699,000","","3","3","1","2,924","Single","2026","2","Yes","No","","6,751"
"1","F10469073","C","3380","1628 NE 17th Avenue","Progresso 2-18 D ","","$2,699,000","","3","3","1","2,924","Single","2025","2","Yes","No","","6,751"
"1","F10527337","C","3700","505 NE 2nd Ave","North Lauderdale Amd 1-18 ","","$2,699,000","","3","2","0","1,976","Single","1943","2","No","No","","12,750"
"1","F10504690","C","3160","527 Orton Ave. Unit#902B","The Terraces The Terraces","","$2,695,000","","2","3","0","1,775","Condo","2024","2","","No","",""
"1","R11169391","C","3270","750 NE 16th Avenue","Victoria Park ","","$2,695,000","","5","4","1","3,531","Single","2025","2","Yes","No","Garden Apartment","7,702"
"1","A11653217","C","3270","539 NE 14th Ave","ADD HALL ","","$2,695,000","","4","5","","","Single","2024","2","Yes","No","Detached","¤6,500"
"1","A11653187","C","3270","537 NE 14th Ave","HALLS ADD ","","$2,695,000","","4","5","","","Single","2024","2","Yes","No","Detached","¤6,500"
"1","F10495792","C","3280","20 Isle Of Venice Dr Unit#Penthouse 2","AQUALUNA LAS OLAS AQUALUNA LAS OLAS","","$2,695,000","","3","3","0","2,590","Condo","2016","2","","Yes","",""
"1","A11943849","C","3370","301 NE 27th Dr","TROPICAL MANORS ","","$2,695,000","","4","3","1","2,687","Single","2025","2","Yes","No","Attached","¤9,208"
"1","A11440705","C","3470","1127 SW 9th Ave","JOLLY FIELDS ","","$2,695,000","","4","4","","3,513","Single","2024","2","Yes","Yes","Detached","¤8,750"
"1","F10545065","C","3370","301 NE 27th Dr","Tropical Manors 33-31 B ","","$2,679,500","","4","3","1","2,687","Single","2025","2","Yes","No","","9,208"
"1","A11701277","C","3270","739 NE 17th Way","VICTORIA HIGHLANDS AMD PL ","","$2,675,000","","4","5","0","¤3,007","Single","2022","2","Yes","No","Detached","¤6,349"
"1","F10495743","C","3600","621 SE 5th Ct","Rio Vista C J Hectors Res ","","$2,659,000","","5","4","0","6,676","Single","1958","0","Yes","No","","7,513"
"1","R11108172","C","3160","2724 N Ocean Boulevard","LAUDERDALE BEACH ","","$2,650,000","","4","4","1","2,554","Single","1981","0","Yes","No","","4,136"
"1","F10449986","C","3160","3321 NE 16th Ct","LAS OLAS BY THE SEA EXT ","","$2,650,000","","3","2","0","1,896","Single","1954","0","Yes","No","","6,236"
"1","A11958721","C","3170","1500 S Ocean Dr","HARBOR BEACH ","","$2,650,000","","5","4","","¤4,194","Single","1962","0","Yes","No","Detached","¤18,600"
"1","B26031938","C","3260","2813 NE 29th Street","CORAL RIDGE GALT ADD NO 1 ","","$2,650,000","","3","2","1","2,152","Single","1954","2","Yes","Yes","Substantially Remodeled","9,503"
"1","A12006556","C","3270","739 NE 17th Way","VICTORIA HIGHLANDS AMD PL ","","$2,650,000","","4","5","0","¤3,007","Single","2022","2","Yes","No","Detached","¤6,349"
"1","A11798625","C","3270","739 NE 17th Way","VICTORIA HIGHLANDS AMD PL ","","$2,649,000","","4","5","0","¤3,007","Single","2022","2","Yes","No","Detached","¤6,349"
"1","A11670845","C","3160","2800 E Sunrise Blvd Unit#PHG","SUNRISE EAST CONDO SUNRISE EAST CONDO","","$2,625,000","","3","3","1","","Condo","1969","0","","Yes","",""
"1","A12042473","C","3280","1332 NE 16th Ter","PROGRESSO ","","$2,625,000","","4","4","1","¤2,385","Single","2027","2","Yes","No","Detached","¤3,377"
"1","F10467660","C","3260","2516 NE 26th Ave","Coral Ridge Galt Add 27-4 ","","$2,600,000","","3","3","1","3,011","Single","1953","2","Yes","No","","10,334"
"1","A11678604","C","3270","624 N Victoria Park Rd","VICTORIA PARK CORR AMEN P ","","$2,600,000","","4","4","1","¤2,879","Single","2020","2","Yes","No","Attached","¤6,327"
"1","F10498844","C","3280","80 Hendricks Isle Unit#PH 2","Aquavita Las Olas Aquavita Las Olas","","$2,600,000","","3","3","1","2,904","Condo","2015","2","","Yes","",""
"1","A11792746","C","3600","920 SE 6th St","RIO VISTA C J HECTORS RES ","","$2,600,000","","5","4","0","¤3,191","Single","2002","2","Yes","No","Attached","¤5,975"
"1","F10526088","C","3800","350 SE 2nd Street Unit#Gph-90","350 Las Olas Place 350 Las Olas Place","","$2,600,000","","3","2","1","3,280","Condo","2005","2","","No","","0"
"1","F10488979","C","3600","17 Port Side Dr Unit#17A","PORTSIDE YACHT CLUB PORTSIDE YACHT CLUB","","$2,599,000","","3","3","0","2,813","Townhouse","1981","2","","Yes","",""
"1","F10531625","C","3170","701 N Fort Lauderdale Beach Blvd Unit#705","PARAMOUNT PARAMOUNT","","$2,595,000","","3","3","1","2,419","Condo","2017","2","","Yes","",""
"1","A11770602","C","3260","1825 NE 26th Ave","LIVERMORE ESTATES ","","$2,595,000","","5","4","1","¤3,486","Single","2025","1","Yes","No","Attached","¤4,582"
"1","A11755165","C","3260","1825 NE 26th Ave","LIVERMORE ESTATES ","","$2,595,000","","5","4","0","¤3,041","Single","2025","1","Yes","No","Attached","¤4,582"
"1","F10483772","C","3280","347 N New River Dr Unit#PH 7","WATERGARDEN WATERGARDEN","","$2,590,000","","3","2","1","1,880","Condo","2004","3","","Yes","",""
"1","F10539885","C","3160","151 N Seabreeze Boulevard Unit#1803-E","Selene Selene","","$2,575,000","","2","3","0","1,680","Condo","2025","1","","Yes","",""
"1","A11752662","C","3260","1823 NE 26th Ave","LIVERMORE ESTATES THE VILLAS AT CORAL RIDGE","","$2,575,000","","4","4","0","","Townhouse","2025","1","","No","",""
"1","A11709534","C","3260","1823 NE 26th Ave Unit#B","LIVERMORE ESTATES THE VILLAS AT CORAL RIDGE","","$2,575,000","","4","4","1","","Townhouse","2025","1","","No","",""
"1","A11590411","C","3260","1823 NE 26th Ave Unit#B","LIVERMORE ESTATES THE VILLAS AT CORAL RIDGE","","$2,575,000","","4","4","1","¤3,984","Townhouse","2025","2","","No","",""
"1","A11822848","C","3380","1700 NE 18th St","PROGRESSO ","","$2,575,000","","5","4","0","","Single","2025","2","Yes","No","Attached","¤7,505"
"1","F10432887","C","3260","2516 NE 26th Ave","Coral Ridge Galt Add 27-4 ","","$2,570,000","","3","3","1","3,011","Single","1953","2","Yes","No","","10,334"
"1","A11807979","C","3170","101 S Fort Lauderdale Beach Blvd Unit#1001","LAS OLAS BEACH CLUB CONDO Las Olas Beach Club","","$2,550,000","","3","4","0","¤2,950","Condo","2007","2","","Yes","",""
"1","A11457663","C","3800","333 Las Olas Way Unit#3706","LAS OLAS RIVER HOUSE COND Las Olas River House","","$2,550,000","","3","3","1","¤3,189","Condo","2004","1","","Yes","",""
"1","A11732528","C","3600","501 SE 6th Avenue Unit#208","Sixth & Rio Sixth & Rio","","$2,515,000","","3","3","","¤2,076","Condo","2026","2","","Yes","",""
"1","F10477045","C","3370","208 NE 23rd Street","Wilton Manors ","","$2,500,000","","3","3","1","2,704","Single","2025","2","Yes","No","","9,372"
"1","F10476094","C","3370","317 NE 21st St","WILTON RESIDENTIAL ","","$2,500,000","","4","3","0","2,796","Single","2025","2","Yes","No","","9,373"
"1","F10451817","C","3170","1627 Seabreeze Blvd","Harbor Beach ","","$2,495,000","","4","3","0","2,540","Single","1953","1","Yes","No","","13,636"
"1","A11774445","C","3260","1825 NE 26th Ave Unit#C","LIVERMORE ESTATES THE VILLAS AT CORAL RIDGE","","$2,495,000","","4","4","1","¤3,486","Townhouse","2025","1","","No","",""
"1","A11759447","C","3260","1823 NE 26th Ave","LIVERMORE ESTATES ","","$2,495,000","","4","4","1","","Single","2025","1","Yes","No","Attached","4,500"
"1","F10489774","C","3260","1514 Middle River Dr","Coral Ridge 21-50 B ","","$2,495,000","","3","3","0","2,704","Single","1952","2","Yes","No","","11,821"
"1","F10479577","C","3260","2516 NE 26th Ave","Coral Ridge Galt Add 27-4 ","","$2,495,000","","3","3","1","3,011","Single","1953","2","Yes","No","","10,334"
"1","A11690252","C","3260","1825 NE 26th Ave Unit#C","LIVERMORE ESTATES THE VILLAS AT CORAL RIDGE","","$2,495,000","","4","4","1","","Townhouse","2025","1","","No","",""
"1","F10448117","C","3270","1418 NE 6th St Unit#1418","VICTORIA PARK VICTORIA PARK","","$2,495,000","","3","2","2","3,369","Townhouse","2024","1","","No","",""
"1","F10448096","C","3270","1416 NE 6th St Unit#1416","VICTORIA PARK VICTORIA PARK","","$2,495,000","","3","2","2","3,369","Townhouse","2024","1","","No","",""
"1","F10457555","C","3470","931 SW 8th St","Tarpon River ","","$2,495,000","","4","4","0","3,733","Single","2024","2","Yes","No","","6,549"
"1","F10478723","C","3700","505 NE 2nd Street Unit#43B","Viceroy Viceroy","","$2,495,000","","3","3","1","1,579","Condo","2029","1","","No","",""
"1","F10478711","C","3700","505 NE 2nd Street Unit#41C","Viceroy Viceroy","","$2,495,000","","3","3","0","1,582","Condo","2029","1","","No","",""
"1","F10431883","C","3800","333 Las Olas Way Unit#1610","LAS OLAS RIVERHOUSE LAS OLAS RIVERHOUSE","","$2,495,000","","3","3","1","3,239","Condo","2004","1","","Yes","",""
"1","F10339171","C","3800","350 SE 2nd St Unit#GPH-90","350 Las Olas Place 350 Las Olas Place","","$2,495,000","","3","2","1","3,280","Condo","2005","2","","No","",""
"1","F10535301","C","3270","600 N Victoria Terrace","Victoria Park Re-Amended ","","$2,490,000","","3","3","0","3,004","Single","1979","2","Yes","Yes","","7,174"
"1","A11957266","C","3240","1700 NE 18th St","PROGRESSO ","","$2,475,000","","5","4","","3,540","Single","2026","2","Yes","No","Attached","¤7,505"
"1","F10450212","C","3260","920 Intracoastal Drive Unit#801","AquaBlu AquaBlu","","$2,475,000","","3","3","1","3,196","Condo","2018","2","","Yes","",""
"1","F10496974","C","3170","2008 Admirals Way","Harbour Inlet ","","$2,450,000","","3","2","1","1,944","Single","1955","2","Yes","No","","9,375"
"1","R11048713","C","3800","333 Las Olas Way Unit#1210","LAS OLAS RIVER HOUSE COND ","","$2,450,000","","3","3","1","3,470","Condo","2004","1","No","Yes","",""
"1","F10454868","C","3280","41 Isle of Venice dr. Unit#402","Aquamar Las Olas Aquamar Las Olas","","$2,449,000","","3","3","0","2,531","Condo","2017","2","","Yes","",""
"1","F10430644","C","3800","333 Las Olas Way Unit#3803","Las Olas RiverHouse Las Olas RiverHouse","","$2,449,000","","3","3","1","3,189","Condo","2004","1","","Yes","",""
"1","F10467114","C","3160","3321 NE 16th Ct","LAS OLAS BY THE SEA EXT ","","$2,424,999","","3","2","0","1,896","Single","1954","0","Yes","No","","6,236"
"1","F10514252","C","3600","17 Port Side Dr Unit#17A","PORTSIDE YACHT CLUB PORTSIDE YACHT CLUB","","$2,400,000","","3","3","0","2,813","Townhouse","1981","2","","Yes","",""
"1","F10446858","C","3800","100 E Las Olas Blvd Unit#3303","100 Las Olas Condo 100 Las Olas Condo","","$2,400,000","","3","3","1","2,658","Condo","2020","2","","No","",""
"1","F10421538","C","3160","527 Orton Avenue Unit#603 C","The Terraces The Terraces","","$2,399,000","","3","3","0","2,027","Condo","2025","2","","No","",""
"1","A11497397","C","3170","701 N Fort Lauderdale Beach Boulevard Unit#405","PARAMOUNT FT LAUDERDALE C Paramount","","$2,399,000","","3","3","1","¤2,419","Condo","2017","2","","Yes","",""
"1","F10460198","C","3280","521 E Las Olas Blvd Unit#2004","ANDARE ANDARE","","$2,398,400","","3","3","1","2,182","Condo","2026","2","","No","",""
"1","F10495662","C","3170","701 N Fort Lauderdale Beach Blvd Unit#1704","Paramount Paramount","","$2,395,000","","2","2","1","1,910","Condo","2018","2","","Yes","",""
"1","F10415087","C","3260","920 Intracoastal Dr Unit#603","AQUABLU AQUABLU","","$2,395,000","","3","3","1","3,258","Condo","2018","2","","Yes","",""
"1","F10468858","C","3270","1416 NE 6th St Unit#1416","VICTORIA PARK VICTORIA PARK","","$2,395,000","","3","2","2","3,369","Townhouse","2024","1","","No","",""
"1","F10468867","C","3270","1418 NE 6th St Unit#1418","VICTORIA PARK VICTORIA PARK","","$2,395,000","","3","2","2","3,369","Townhouse","2024","1","","No","",""
"1","F10470046","C","3370","208 NE 23rd Street","Wilton Manors ","","$2,395,000","","3","3","1","2,704","Single","2025","2","Yes","No","","9,372"
"1","A11787963","C","3380","1733 NE 16th Ter","PROGRESSO ","","$2,395,000","","4","3","0","¤2,554","Single","2025","2","Yes","No","Detached","¤6,751"
"1","A11885861","C","3170","1236 E Lake Dr","HARBOR BEACH ","","$2,390,000","","4","2","1","¤2,400","Single","1960","1","No","No","Detached","¤13,050"
"1","F10520896","C","3170","209 N Birch Rd Unit#1002","ALhambra Place ALhambra Place","","$2,390,000","","3","4","1","3,910","Condo","2001","2","","Yes","",""
"1","F10478036","C","3280","220 Hendricks Isle","Victoria Isles Victoria Isles","","$2,375,000","","3","3","1","3,127","Townhouse","2009","2","","Yes","",""
"1","A11761369","C","3160","2800 E Sunrise Blvd Unit#PHG","SUNRISE EAST CONDO SUNRISE EAST CONDO","","$2,360,000","","3","3","1","","Condo","1969","2","","Yes","",""
"1","F10419982","C","3160","2505 Center Ave","Lauderdale Beach 4-2 B ","","$2,350,000","","4","4","0","2,731","Single","1950","0","Yes","No","","5,583"
"1","F10486917","C","3700","505 NE 2nd Street Unit#30C","Viceroy Fort Lauderdale Viceroy Fort Lauderdale","","$2,350,000","","3","3","0","1,582","Condo","2029","2","","No","",""
"1","F10468162","C","3800","333 LAS OLAS WAY Unit#310","LAS OLAS RIVER HOUSE LAS OLAS RIVER HOUSE","","$2,350,000","","3","2","1","3,223","Condo","2004","2","","Yes","",""
"1","F10405131","C","3800","333 Las Olas Way Unit#910","Las Olas River House Las Olas River House","","$2,350,000","","3","3","1","3,470","Condo","2004","1","","Yes","",""
"1","F10502693","C","3270","1621 E Broward Blvd Unit#A","VICTORIA PARK VICTORIA PARK","","$2,349,000","","4","4","1","3,227","Townhouse","2025","1","","No","",""
"1","F10475309","C","3270","1621 E Broward Blvd Unit#A","VICTORIA PARK VICTORIA PARK","","$2,349,000","","4","4","1","3,227","Townhouse","2025","1","","No","",""
"1","F10533412","C","3470","1260 SW 14th Ave","SOUTH FORK ESTATES ","","$2,345,000","","3","2","0","2,236","Single","1962","2","No","Yes","","13,459"
"1","A11767690","C","3160","530 N Birch Road Unit#702","Bungalow East Bungalow East","","$2,324,000","","3","3","","¤2,105","Condo","2027","2","","No","",""
"1","A11749744","C","3160","3301 NE 17th Ct","LAS OLAS BY THE SEA EXT ","","$2,300,000","","0","0","","","Single","2025","0","No","Yes","Detached","¤8,518"
"1","F10452612","C","3160","551 N Fort Lauderdale Beach Blvd Unit#R1902","551 FLB Condominium Hotel 551 FLB Condominium Hotel","","$2,300,000","","3","3","1","1,590","Condo","2009","2","","Yes","",""
"1","F10472206","C","3280","301 Hendricks Isle Unit#PENTHOUSE 7","PLACE DES ARTS PLACE DES ARTS","","$2,300,000","","4","4","1","4,445","Condo","2005","1","","Yes","",""
"1","A11725057","C","3524","1807 NE 18th St","NORTH RIDGE ","","$2,300,000","","4","4","1","¤3,424","Single","2023","2","Yes","No","Detached","¤6,627"
"1","A11634444","C","3600","709 SE 7th St","RIO VISTA C J HECTORS RES ","","$2,299,000","","4","4","0","2,603","Single","1951","0","Yes","No","Detached","¤9,225"
"1","R11157340","C","3160","2724 N Ocean Boulevard","LAUDERDALE BEACH ","","$2,295,000","","4","4","1","2,554","Single","1981","0","Yes","No","","4,136"
"1","F10517807","C","3160","2412 N Ocean Boulevard","LAUDERDALE BEACH ","","$2,295,000","","4","4","0","2,514","Single","1944","0","No","No","","9,564"
"1","F10528041","C","3170","701 N Fort Lauderdale Beach Boulevard Unit#1603","Paramount Paramount","","$2,295,000","","2","2","1","1,910","Condo","2017","2","","Yes","",""
"1","A11869176","C","3260","1825 NE 26th Ave","LIVERMORE ESTATES ","","$2,295,000","","4","4","1","¤3,041","Single","2025","1","Yes","No","Attached","¤4,582"
"1","F10503716","C","3270","1621 E Broward Blvd Unit#B","VICTORIA PARK VICTORIA PARK","","$2,295,000","","4","4","1","3,227","Townhouse","2025","1","","No","",""
"1","F10475525","C","3270","1621 E Broward Blvd Unit#B","VICTORIA PARK VICTORIA PARK","","$2,295,000","","4","4","1","3,227","Townhouse","2025","1","","No","",""
"1","F10438459","C","3280","411 N New River Dr Unit#2306","LAS OLAS GRAND LAS OLAS GRAND","","$2,295,000","","3","3","1","2,635","Condo","2005","2","","Yes","",""
"1","F10413064","C","3280","9 SE 11th Ave","The Beverly Las Olas The Beverly Las Olas","","$2,295,000","","3","3","1","3,280","Townhouse","2023","2","","No","",""
"1","A11624597","C","3160","3304 NE 15th Ct","LAS OLAS BY THE SEA EXT ","","$2,290,000","","3","2","0","¤1,954","Single","1992","0","Yes","Yes","Attached","¤6,213"
"1","F10548373","C","3260","2614 NE 15th Street","Coral Ridge 21-50 B ","","$2,290,000","","5","4","0","2,614","Single","1950","0","Yes","No","","21,651"
"1","B26018924","C","3380","1720 NE 17th Avenue","PROGRESSO ","","$2,275,700","","3","3","0","2,380","Single","1951","","Yes","No","Substantially Remodeled","8,508"
"1","A11818502","C","3800","333 Las Olas Way Unit#3902","LAS OLAS RIVER HOUSE COND LAS OLAS RIVER HOUSE","","$2,275,000","","3","3","1","¤2,726","Condo","2004","1","","Yes","",""
"1","F10456684","C","3170","1627 Seabreeze Blvd","Harbor Beach ","","$2,250,000","","4","3","0","2,540","Single","1953","1","Yes","No","","13,636"
"1","A11899512","C","3260","1180 N Federal Hwy Unit#1102","RIVA CONDOMINIUM RIVA CONDOMINIUM","","$2,250,000","","3","3","1","¤2,251","Condo","2018","2","","Yes","",""
"1","F10477595","C","3270","1416 NE 6th St Unit#1416","VICTORIA PARK VICTORIA PARK","","$2,250,000","","3","2","2","3,369","Townhouse","2024","1","","No","",""
"1","F10459018","C","3280","324 Riviera Isle Drive","Riviera Isles ","","$2,250,000","","3","2","1","2,524","Single","1985","0","Yes","No","",""
"1","F10453392","C","3280","359 Poinciana Dr","Idlewyld 1-19 B ","","$2,250,000","","3","3","1","2,344","Single","1978","0","Yes","No","","8,625"
"1","F10403137","C","3260","1180 N Federal Hwy Unit#1008","RIVA RIVA","","$2,249,000","","3","3","1","2,251","Condo","2018","3","","Yes","",""
"1","F10433176","C","3280","5 SE 11 Ave Unit#5","The Beverly The Beverly","","$2,249,000","","3","3","1","3,246","Townhouse","2023","2","","No","",""
"1","A11663004","C","3370","2112 NE 17th Ave","MIDDLE RIVER MANOR ADD ","","$2,249,000","","4","4","","¤2,984","Single","2016","0","Yes","Yes","Attached","¤6,953"
"501","F10475344","C","3280","11 SE 11th Ave","The Beverly Las Olas The Beverly Las Olas","","$2,245,000","","3","3","1","3,280","Townhouse","2024","2","","No","",""
"501","F10495320","C","3270","1180 N Federal Hwy Unit#804","RIVA RIVA","","$2,235,000","","3","3","1","2,418","Condo","2018","2","","Yes","",""
"501","F10484883","C","3470","1304 Orange Isle","Mrs E F Marshalls Sub Rev ","","$2,225,000","","4","3","0","2,422","Single","1960","1","Yes","Yes","","9,675"
"501","F10534826","C","3160","153 N Seabreeze Blvd Unit#1405-S","Selene Selene","","$2,200,000","","2","3","0","1,858","Condo","2025","2","","Yes","",""
"501","F10517685","C","3160","505 N Fort Lauderdale Bch Boulevard Unit#2500","Q Club Resort & Residence Q Club Resort & Residence","","$2,200,000","","3","3","1","2,740","Condo","2006","0","","Yes","",""
"501","F10507541","C","3160","2901 NE 9th Court Unit#4F","Sereno Fort Lauderdale Sereno Fort Lauderdale","","$2,200,000","","3","3","1","1,790","Condo","2028","2","","No","",""
"501","F10489587","C","3170","1900 Admirals Way","Harbour Heights Add 35-21 ","","$2,200,000","","4","3","0","2,681","Single","1955","2","Yes","No","","9,375"
"501","A11854212","C","3221","2901 NE 9th Ct Unit#4F","Sereno Fort Lauderdale Sereno Fort Lauderdale","","$2,200,000","","2","2","","","Condo","2028","2","","No","",""
"501","F10477639","C","3260","2440 NE 25th Pl","Coral Ridge Galt Add 27-4 ","","$2,200,000","","4","2","0","2,660","Single","1970","2","Yes","Yes","","13,085"
"501","A11910100","C","3470","809 SW 12th Ave","RIVERSIDE ADD AMEN PLAT ","","$2,200,000","","5","3","1","¤3,347","Single","2025","2","Yes","No","Detached","¤6,459"
"501","R11028054","C","3600","1507 SE 15th Street Unit#302","HARBORS EDGE CONDO ","","$2,200,000","","2","3","0","2,372","Condo","2022","2","No","Yes","",""
"501","F10449119","C","3600","805 SE 10th St","RIO VISTA ISLES ","","$2,200,000","","3","3","1","2,408","Single","1980","2","No","No","","9,375"
"501","F10426151","C","3160","3316 NE 18th St","Las Olas By The Sea Ext 7 ","","$2,199,000","","3","3","0","1,630","Single","1935","0","Yes","No","","6,236"
"501","F10471188","C","3600","1340 Cordova Rd","Lauderdale Harbors ","","$2,199,000","","3","2","0","1,816","Single","1951","0","No","Yes","","9,767"
"501","F10451983","C","3600","1340 Cordova Rd","Lauderdale Harbors ","","$2,199,000","","3","2","0","1,816","Single","1951","0","No","Yes","","9,767"
"501","F10467885","C","3170","2612 Grace Dr","Harbor Beach Extension ","","$2,195,000","","2","3","0","1,823","Single","1953","2","No","Yes","","9,600"
"501","F10511690","C","3260","2524 NE 26th Ter","Coral Ridge Galt Add 27-4 ","","$2,195,000","","4","4","0","3,020","Single","1957","0","Yes","No","","10,285"
"501","F10490679","C","3280","301 Isle Of Capri Dr Unit#301","N/A N/A","","$2,195,000","","5","4","1","2,684","Townhouse","1988","1","","Yes","",""
"501","F10461147","C","3470","1336 SW 10th Street","Valentines Sub B-29 D ","","$2,195,000","","3","2","0","1,790","Single","1972","1","Yes","Yes","","9,214"
"501","F10492900","C","3600","1507 SE 15th Street Unit#302","Harbors Edge Condo Harbors Edge Condo","","$2,195,000","","2","3","0","2,372","Condo","2022","2","","Yes","",""
"501","F10459111","C","3800","100 E Las Olas Blvd Unit#3403","100 Las Olas 100 Las Olas","","$2,195,000","","3","3","1","2,658","Condo","2020","2","","No","",""
"501","R10982408","C","3800","100 E Las Olas Boulevard Unit#3301","100 LAS OLAS ","","$2,195,000","","3","2","1","2,395","Condo","2020","2","No","Yes","",""
"501","F10450777","C","3600","1001 SE 5th Ct","Rio Vista C J Hectors Res ","","$2,175,000","","3","3","0","2,654","Single","1973","0","Yes","No","","9,001"
"501","F10481210","C","3270","809 NE 16th Avenue Unit#5","Victoria Park Townhomes Victoria Park Townhomes","","$2,160,000","","4","4","2","2,626","Townhouse","2026","2","","No","",""
"501","F10527143","C","3280","1205 SE 1st St","Colee Hammock Colee Hammock","","$2,149,000","","3","3","1","2,786","Townhouse","2020","2","","No","",""
"501","F10424468","C","3260","1849 Middle River Dr Unit#201","Marina Del Rio Residences Marina Del Rio Residences","","$2,115,000","","3","3","0","2,223","Condo","2024","2","","Yes","",""
"501","F10433946","C","3800","521 E Las olas blvd Unit#1504","ANDARE ANDARE","","$2,110,700","","3","3","1","2,182","Condo","2026","2","","No","",""
"501","F10544140","C","3170","701 N Fort Lauderdale Beach Boulevard Unit#704","Paramount Fort Lauderdale Paramount Fort Lauderdale","","$2,100,000","","2","2","1","1,910","Condo","2017","2","","Yes","",""
"501","F10495309","C","3260","2711 NE 20th St","Coral Ridge North Add 24- ","","$2,100,000","","4","3","0","2,561","Single","2014","2","Yes","No","","10,001"
"501","F10429924","C","3260","2711 NE 20th St","Coral Ridge North Add 24- ","","$2,100,000","","4","3","0","2,561","Single","2014","2","Yes","No","","10,001"
"501","A11916253","C","3270","707 NE 7th Ave Unit#1-2","PROGRESSO THE SANCTUARY","","$2,100,000","","4","3","1","¤3,111","Townhouse","2025","1","","No","",""
"501","F10473445","C","3270","1504 NE 6th Ct","Victoria Park ","","$2,100,000","","4","4","1","3,302","Single","2025","2","Yes","No","",""
"501","A11768529","C","3370","2131 NE 15th Ter","EDGEWATER ESTATES ","","$2,100,000","","3","2","0","¤1,988","Single","1958","2","Yes","Yes","Detached","¤7,623"
"501","A11796455","C","3280","429 Hendricks Isle","VICTORIA ISLES Victoria Isles","","$2,095,000","","3","3","1","¤2,457","Townhouse","2004","1","","Yes","",""
"501","A11796196","C","3280","429 Hendricks Isle","VICTORIA ISLES ","","$2,095,000","","3","3","0","¤2,457","Single","2004","1","No","Yes","Attached","¤2,022"
"501","F10475343","C","3280","9 SE 11th Ave","The Beverly Las Olas The Beverly Las Olas","","$2,095,000","","3","3","1","3,257","Townhouse","2024","2","","No","",""
"501","B26012368","C","3160","701 N Fort Lauderdale Beach Boulevard Unit#1104","Paramount ","","$2,065,000","","2","2","1","1,750","Condo","2017","2","No","Yes","","0"
"501","A11933908","C","3160","3030 N Ocean Blvd Unit#S101","30 THIRTY NORTH OCEAN CON 30-Thirty N. Ocean","","$2,050,000","","3","3","1","¤2,119","Condo","2021","2","","No","",""
"501","A11464491","C","3270","1639 E E Broward","VICTORIA PARK CORR AMEND ","","$2,050,000","","3","2","1","3,074","Single","2023","2","Yes","No","Attached",""
"501","A11319453","C","3270","1639 E Broward Blvd","VICTORIA PARK CORR AMEND NO NAME","","$2,050,000","","3","2","1","3,074","Townhouse","2023","2","","No","",""
"501","A11817360","C","3160","2901 NE 9th Court Unit#7D","Sereno Fort Lauderdale Sereno Fort Lauderdale","","$2,030,000","","3","2","","","Condo","2028","2","","No","",""
"501","F10511398","C","3160","2026 NE 32nd Ave","Lauderdale Beach Ext 27-4 ","","$2,000,000","","5","5","0","3,152","Single","1986","2","Yes","No","","8,250"
"501","A11787368","C","3170","701 N Fort Lauderdale Beach Boulevard Unit#405","PARAMOUNT FT LAUDERDALE C Paramount","","$2,000,000","","3","3","1","¤2,419","Condo","2017","2","","Yes","",""
"501","F10531813","C","3280","301 Hendricks Isle Unit#7","PLACE DES ARTS PLACE DES ARTS","","$2,000,000","","4","4","1","4,445","Condo","2005","1","","Yes","",""
"501","F10525278","C","3160","2026 NE 32nd Ave","Lauderdale Beach Ext 27-4 ","","$1,999,999","","4","4","0","3,152","Single","1986","2","Yes","No","","8,250"
"501","F10459229","C","3160","209 N Fort Lauderdale Beach Blvd Unit#5C","THE SEASONS THE SEASONS","","$1,999,999","","2","2","0","1,310","Condo","1981","1","","Yes","",""
"501","F10456559","C","3170","2112 Manatee Dr","HARBOUR HEIGHTS ","","$1,999,999","","4","3","0","2,511","Single","1957","0","Yes","No","","8,500"
"501","F10532174","C","3270","500 N Victoria Park Road","VICTORIA PARK CORR AMEN P ","","$1,999,999","","5","3","1","2,944","Single","1939","0","Yes","No","","11,453"
"501","R11032644","C","3370","325 NE 21st Court","Petite ","","$1,999,999","","4","4","0","2,618","Single","1956","0","Yes","No","","9,372"
"501","A12018736","C","3600","18 Port Side Dr Unit#19C","PORTSIDE YACHT CLUB CONDO PORTSIDE YACHT CLUB","","$1,999,999","","4","3","1","¤2,813","Townhouse","1981","2","","Yes","",""
"501","F10537661","C","3380","1401 NE 16th Ave","Poinsettia Heights ","","$1,999,900","","3","2","1","2,419","Single","2025","2","Yes","No","","6,302"
"501","F10511867","C","3280","45 Hendricks Isle Unit#301","Hendricks Isle Hendricks Isle","","$1,999,000","","3","3","1","2,700","Condo","2007","2","","Yes","",""
"501","A11904804","C","3370","2801 Coral Shores Dr","CORAL SHORES AMEND PLAT ","","$1,999,000","","4","3","1","¤2,307","Single","1957","2","Yes","Yes","Detached","¤10,490"
"501","F10431861","C","3370","2140 NE 24th St","Coral Point 31-27 B ","","$1,999,000","","2","2","1","2,127","Single","1956","1","Yes","Yes","","8,280"
"501","A11689428","C","3160","2100 N Ocean Blvd Unit#18D","PALMS TOWER ONE CONDO THE PALMS","","$1,995,000","","3","2","1","¤2,172","Condo","1999","1","","Yes","",""
"501","F10476459","C","3170","701 N Fort Lauderdale Beach Boulevard Unit#TH1","Paramount Residences Paramount Residences","","$1,995,000","","3","4","1","2,470","Condo","2017","2","","Yes","",""
"501","F10409543","C","3280","700 Poinciana Dr","Idlewyld 1-19 B ","","$1,995,000","","3","3","0","1,920","Single","1938","0","Yes","No","","7,500"
"501","A11880601","C","3480","1998 SW 16th Ct","Shady Banks ","","$1,995,000","","4","4","1","¤2,716","Single","1972","2","Yes","Yes","Detached","¤6,547"
"501","F10437908","C","3480","1998 SW 16th Ct","Shady Banks ","","$1,995,000","","4","4","1","2,870","Single","1972","2","Yes","Yes","","6,547"
"501","A11412963","C","3480","843 SW 14th Ct Unit#843","EIGHT AT CROISSANT PARK EIGHT AT CROISSANT PARK","","$1,995,000","","4","3","1","¤2,400","Townhouse","2024","2","","No","",""
"501","A11412952","C","3480","847 SW 14th Ct Unit#847","EIGHT AT CROISSANT PARK EIGHT AT CROISSANT PARK","","$1,995,000","","4","3","1","¤2,500","Townhouse","2024","2","","No","",""
"501","A11412948","C","3480","849 SW 14th Ct Unit#849","EIGHT AT CROISSANT PARK EIGHT AT CROISSANT PARK","","$1,995,000","","5","3","1","¤2,600","Townhouse","2024","2","","No","",""
"501","F10449079","C","3600","1111 Ponce De Leon Dr","Rio Vista Isles ","","$1,995,000","","2","2","0","1,590","Single","1953","2","No","Yes","","8,304"
"501","R11033146","C","3800","100 E Las Olas Boulevard Unit#3301","100 Las Olas ","","$1,995,000","","3","2","1","2,395","Condo","2020","2","No","Yes","","0"
"501","A11738474","C","3260","2600 Yacht Club Blvd","CORAL RIDGE SOUTH ADD ","","$1,989,999","","4","3","1","¤2,462","Single","1953","0","Yes","No","Attached","¤10,004"
"501","A11806966","C","3170","1635 Seabreeze Blvd","HARBOR BEACH ","","$1,980,000","","3","2","0","¤1,584","Single","1953","2","Yes","No","Detached","¤13,639"
"501","F10517614","C","3260","2317 NE 12th St","Beach Way Heights ","","$1,975,000","","4","3","0","2,571","Single","1950","1","Yes","No","","11,819"
"501","F10518826","C","3160","715 Bayshore Dr Unit#1004","La Rive La Rive","","$1,959,000","","3","3","1","2,992","Condo","2004","2","","Yes","",""
"501","F10507751","C","3160","2901 NE 9th court Unit#9B","Sereno Fort Lauderdale Sereno Fort Lauderdale","","$1,950,000","","2","2","0","1,585","Condo","2028","2","","No","",""
"501","A11788263","C","3160","2110 N Ocean Blvd Unit#24D","PALMS TOWER TWO CONDO The Palms","","$1,950,000","","3","3","1","¤2,130","Condo","2001","1","","Yes","",""
"501","A11854172","C","3221","2901 NE 9th Ct Unit#9B","Sereno Sereno Fort Lauderdale","","$1,950,000","","2","2","","","Condo","2028","2","","No","",""
"501","A11929055","C","3280","17 SE 12th Ave","BEVERLY HEIGHTS na","","$1,950,000","","4","4","1","2,509","Townhouse","2025","1","","No","",""
"501","F10514885","C","3370","1520 NE 1st Avenue","Progresso 2-18 D ","","$1,950,000","","4","3","1","2,324","Single","2025","2","Yes","No","","6,754"
"501","F10555658","C","3800","333 Las Olas Way Unit#910","Las Olas River House Las Olas River House","","$1,950,000","","3","3","1","3,470","Condo","2004","1","","Yes","","0"
"501","F10539986","C","3280","30 Isle Of Venice Drive Unit#403","Aqualuna Aqualuna","","$1,945,000","","3","2","0","2,590","Condo","2016","2","","Yes","",""
"501","A11784186","C","3260","2431 NE 18th St","LIVERMORE ESTATES Coral Ridge Villas","","$1,900,000","","4","3","1","¤2,557","Townhouse","2024","2","","No","",""
"501","A11897637","C","3700","1516 SE 1st St","COLEE HAMMOCK ","","$1,900,000","","5","4","0","¤3,066","Single","2020","2","No","No","Attached","¤3,522"
"501","F10490013","C","3800","333 Las Olas Way Unit#1210","LAS OLAS RIVER HOUSE LAS OLAS RIVER HOUSE","","$1,900,000","","3","3","1","3,239","Condo","2004","1","","Yes","",""
"501","A11646854","C","3260","1735 NE 23rd Ave","BAL HARBOUR ","","$1,899,990","","3","2","0","¤1,658","Single","1968","2","Yes","Yes","Detached","¤8,580"
"501","F10462644","C","3470","609 SW 12th St","CROISSANT PARK RIVER SEC ","","$1,899,000","","5","4","0","2,815","Single","2024","2","Yes","Yes","","4,823"
"501","A11965352","C","3160","2110 N Ocean Blvd Unit#24D","PALMS TOWER TWO CONDO THE PALMS","","$1,895,000","","3","3","1","¤2,130","Condo","2002","1","","Yes","",""
"501","F10479408","C","3260","2700 NE 26th Ter","CORAL RIDGE GALT ADD 1 ","","$1,895,000","","5","3","0","2,392","Single","1956","1","Yes","No","","10,295"
"501","F10512784","C","3280","301 Isle Of Capri Dr Unit#301","N/A N/A","","$1,895,000","","5","4","1","2,684","Townhouse","1988","1","","Yes","",""
"501","F10503641","C","3370","540 NE 25th St","Wilton Manors ","","$1,895,000","","5","5","0","2,174","Single","1948","0","Yes","No","","10,087"
"501","A11585770","C","3170","100 S Birch Rd Unit#2306B","JACKSON TOWER LAS OLAS CO Jackson Tower Las Olas","","$1,890,000","","3","2","1","¤1,958","Condo","2001","2","","No","",""
"501","F10445476","C","3370","2100 NE 24th St","Coral Point 31-27 B ","","$1,890,000","","3","3","0","2,121","Single","1957","2","Yes","Yes","","7,581"
"501","F10471550","C","3380","1323 NE 15 Avenue Unit#1323","Gold Engrave Gold Engrave","","$1,876,000","","5","5","0","3,076","Townhouse","2025","2","","No","",""
"501","R10982266","C","3260","2514 NE 21 Street Unit#A","CORAL RIDGE ESTATES ","","$1,875,000","","3","3","1","2,750","Single","2021","1","Yes","No","Garden Apartment",""
"501","A11485216","C","3280","30 Isle Of Venice Dr Unit#303","AQUALUNA LAS OLAS CONDO Aqualuna","","$1,875,000","","3","2","0","¤2,590","Condo","2016","2","","Yes","",""
"501","F10486911","C","3700","505 NE 2nd Street Unit#32J","Viceroy Fort Lauderdale Viceroy Fort Lauderdale","","$1,865,000","","2","2","1","1,349","Condo","2029","2","","No","",""
"501","F10454595","C","3170","2200 S Ocean Ln Unit#1604","Point of Americas II Point of Americas II","","$1,850,000","","2","2","0","2,011","Condo","1971","2","","Yes","",""
"501","F10542401","C","3240","1122 NE 10th Ave Unit#A","1122 ne 10th 1122 ne 10th","","$1,850,000","","4","4","0","2,850","Townhouse","2025","2","","No","",""
"501","A11849193","C","3260","2600 Yacht Club Blvd","CORAL RIDGE SOUTH ADD ","","$1,850,000","","4","3","1","¤2,367","Single","1959","0","Yes","No","Attached","¤10,004"
"501","A11914815","C","3270","207 NE 17th Ave","VICTORIA PARK VICTORIA PARK","","$1,850,000","","4","3","1","¤2,392","Townhouse","2025","1","","No","",""
"501","A11914768","C","3270","205 NE 17th Ave","VICTORIA PARK THE RETREAT","","$1,850,000","","4","3","1","¤2,392","Townhouse","2025","1","","No","",""
"501","A11739935","C","3270","1107 NE 2nd St","STRANAHANS SUB Victoria Park","","$1,850,000","","4","4","1","¤3,654","Townhouse","2007","2","","No","",""
"501","F10467673","C","3270","1105 NE 2nd St","STRANAHANS SUB ","","$1,850,000","","4","4","1","3,654","Single","2007","2","Yes","No","","3,500"
"501","A11504906","C","3270","1635 E Broward Bulevard","VICTORIA PARK CORR AMEND NO NAME","","$1,850,000","","3","2","1","3,074","Townhouse","2023","2","","No","",""
"501","A11464497","C","3270","1635 E E Broward","VICTORIA PARK CORR AMEND ","","$1,850,000","","3","2","1","2,986","Single","2023","2","Yes","No","Attached",""
"501","F10456698","C","3370","2701 NE 2nd Ave","Sunset Manors Amd 27-26 B ","","$1,850,000","","3","2","0","2,584","Single","2013","2","Yes","No","","10,009"
"501","F10403373","C","3380","1315 NE 17th Ave","Poinsettia Heights ","","$1,850,000","","4","3","1","2,526","Single","2024","2","Yes","No","","6,754"
"501","F10490934","C","3160","2112 NE 32 Ave","Dolphin Isles ","","$1,849,000","","4","4","0","2,200","Single","1968","2","Yes","No","","8,251"
"501","A11836123","C","3270","400 NE 8th Ave","HOLMBERG & MC KEES ","","$1,849,000","","5","4","0","¤3,130","Single","2003","2","Yes","No","Detached","¤6,750"
"501","F10550052","C","3380","1401 NE 16th Avenue","Poinsettia Heights ","","$1,849,000","","3","2","1","2,419","Single","2025","2","Yes","No","","6,302"
"501","B26021997","C","3600","800 SE 11th Court","RIO VISTA ISLES ","","$1,849,000","","4","2","1","1,787","Single","1936","","Yes","No","","8,750"
"501","F10421419","C","3160","612 Bayshore Drive Unit#402","The Wave on Bayshore The Wave on Bayshore","","$1,845,000","","3","2","1","2,104","Condo","2020","2","","Yes","",""
"501","A11652781","C","3270","1616 NE 5th Ct Unit#B","Victoria Park Victoria Park","","$1,845,000","","4","4","","¤2,764","Townhouse","2023","2","","No","",""
"501","F10513929","C","3260","2743 NE 20th Ct Unit#1","None None","","$1,799,999","","5","4","0","3,750","Townhouse","2008","1","","No","",""
"501","F10527508","C","3370","2701 NE 2nd Avenue","Sunset Manors Amd 27-26 B ","","$1,799,999","","3","2","0","2,584","Single","2013","2","Yes","No","","10,009"
"501","A11740479","C","3160","3312 NE 16th Ct","LAS OLAS BY THE SEA EXT ","","$1,799,000","","5","7","","","Single","2025","2","No","No","Detached","¤6,198"
"501","F10480223","C","3160","3030 N Ocean Blvd Unit#S106","30 Thirty North Ocean 30 Thirty North Ocean","","$1,799,000","","3","3","1","2,306","Condo","2020","2","","No","",""
"501","A11771730","C","3170","2200 S Ocean Ln Unit#2204","POINT OF AMERICAS PHASE I POINT OF AMERICAS","","$1,799,000","","2","2","0","¤2,011","Condo","1971","2","","Yes","",""
"501","A11952254","C","3380","2216 NE 18th Ave","MIDDLE RIVER MANOR ","","$1,799,000","","4","3","1","¤2,768","Single","1956","2","Yes","Yes","Detached","¤7,000"
"501","A11741714","C","3480","1613 SW 17th Ave","BOSSERT ISLES ","","$1,799,000","","3","2","1","¤2,040","Single","1979","0","Yes","Yes","Attached","¤8,362"
"501","R11037092","C","3170","2201 Manatee Drive","HARBOUR HEIGHTS ADD ","","$1,797,000","","4","3","0","2,194","Single","1959","2","Yes","No","","9,375"
"501","F10515283","C","3160","301 Birch Rd Unit#8N","Birch Pointe Birch Pointe","","$1,795,000","","3","3","1","3,309","Condo","1996","2","","Yes","",""
"501","A11539933","C","3270","734 NE 14th Ave Unit#1","Bijou Victoria Park Bijou Victoria Park","","$1,795,000","","4","4","","¤2,505","Townhouse","2025","2","","No","",""
"501","F10540720","C","3280","516 Hendricks Isle Unit#4C","ARIA ARIA","","$1,795,000","","2","2","0","2,394","Condo","2007","2","","Yes","",""
"501","A11650361","C","3370","1981 Coral Gardens Dr","CORAL GARDENS ","","$1,795,000","","4","2","0","¤1,889","Single","1956","2","Yes","Yes","Detached","¤8,630"
"501","F10488931","C","3470","1304 Orange Isle","Mrs E F Marshalls Sub Rev ","","$1,790,000","","4","3","0","2,422","Single","1960","1","Yes","Yes","","9,675"
"501","A11790322","C","3270","734 NE 14th Ave","PROGRESSO Villas at Victoria Park","","$1,775,000","","4","4","","2,505","Townhouse","2025","2","","No","",""
"501","F10516020","C","3480","921 SW 17th St","YELLOWSTONE PARK AMEN PLA ","","$1,775,000","","6","4","0","3,123","Single","1990","1","No","Yes","","8,101"
"501","F10484911","C","3160","527 Orton Avenue Unit#303 D","The Terraces The Terraces","","$1,770,000","","2","2","1","1,955","Condo","2025","2","","No","",""
"501","F10495053","C","3160","2613 NE 33rd Ave","LAUDERDALE BEACH EXT UNIT ","","$1,750,000","","4","5","0","2,189","Single","1953","0","Yes","No","","9,778"
"501","F10468892","C","3170","100 S Birch Rd Unit#1001A","JACKSON TOWER JACKSON TOWER","","$1,750,000","","3","2","1","1,998","Condo","2001","1","","No","",""
"501","F10412917","C","3260","2404 NE 28th Ave","CORAL RIDGE GALT ADD ","","$1,750,000","","3","2","0","1,901","Single","1955","1","Yes","Yes","","9,059"
"501","F10485020","C","3270","510 NE 8th Ave","Holmberg & Mc Kees Sub 1- ","","$1,750,000","","3","2","0","1,736","Single","1931","1","Yes","No","","8,100"
"501","A11494991","C","3270","459 NE 17th Way Unit#A","VICTORIA PARK CORR AMEN P Victoria Park","","$1,750,000","","4","3","1","2,391","Townhouse","2024","1","","No","",""
"501","A11824897","C","3280","23 SE 12th Ave Unit#A","BEVERLY HEIGHTS none","","$1,750,000","","3","3","1","¤2,509","Townhouse","2025","1","","No","",""
"501","B26020512","C","3370","2125 NE 17th Terrace","MIDDLE RIVER MANOR ADD ","","$1,750,000","","3","2","0","1,619","Single","1959","2","Yes","Yes","Ranch","7,000"
"501","A11472064","C","3470","711 Coconut Dr","UTOPIA ","","$1,750,000","","2","2","0","¤1,517","Single","1955","0","No","Yes","Detached","¤7,404"
"501","A12000978","C","3810","1007 Citrus Isle","RIO NUEVO ISLE ","","$1,750,000","","4","2","1","¤2,494","Single","1966","0","No","Yes","Detached","¤7,500"
"501","F10526902","C","3280","100 E Las Olas Blvd Unit#3004","100 E Las Olas Blvd 100 E Las Olas Blvd","","$1,749,500","","2","3","0","1,867","Condo","2020","2","","No","",""
"501","F10479203","C","3270","625 NE 15th Ave","Victoria Park ","","$1,749,000","","5","4","0","2,574","Single","1935","0","Yes","No","","5,563"
"501","F10540568","C","3280","45 Hendricks Isle Unit#403","45 Hendricks Condo 45 Hendricks Condo","","$1,749,000","","3","3","0","2,100","Condo","2007","2","","Yes","","0"
"501","F10444917","C","3270","818 NE 2nd Street","8Hundred North 8Hundred North","","$1,739,000","","3","3","1","2,667","Townhouse","2024","2","","No","",""
"501","F10376009","C","3270","804 NE 2nd Street","8Hundred North 8Hundred North","","$1,739,000","","3","3","1","2,639","Townhouse","2024","2","","No","",""
"501","F10355252","C","3270","808 NE 2nd Street","8Hundred North 8Hundred North","","$1,739,000","","3","3","1","2,639","Townhouse","2024","2","","No","",""
"501","F10538984","C","3380","1527 NE 15th Avenue","Poinsettia Heights Poinsettia Heights","","$1,730,000","","3","3","1","2,775","Townhouse","2025","1","Yes","No","",""
"501","F10538979","C","3380","1525 NE 15th Avenue","Poinsettia Heights Poinsettia Heights","","$1,730,000","","3","3","1","2,775","Townhouse","2025","1","Yes","No","",""
"501","A11628831","C","3280","1512 SE 1st St Unit#B","COLEE HAMMOCK 1512 SE 1st St","","$1,725,000","","5","5","0","¤3,066","Townhouse","2020","2","","No","",""
"501","A11609541","C","3280","1512 SE 1st St","COLEE HAMMOCK ","","$1,725,000","","5","5","0","¤3,066","Single","2020","2","No","No","Attached","¤3,227"
"501","F10490871","C","3800","100 E Las Olas Blvd Unit#1901","100 LAS OLAS 100 LAS OLAS","","$1,725,000","","3","2","1","2,395","Condo","2020","2","","No","",""
"501","R10980096","C","3170","2100 S Ocean Lane Unit#101-02","POINT OF AMERICAS CONDO ","","$1,700,000","","4","4","0","3,003","Condo","1969","2","No","Yes","",""
"501","F10467748","C","3280","115 SE 17th Ave","Colee Hammock ","","$1,700,000","","3","2","1","2,107","Single","1941","0","Yes","No","","6,000"
"501","A11656045","C","3260","1801 NE 23rd Ave","BAL HARBOUR ","","$1,699,990","","3","3","0","¤1,630","Single","1970","2","Yes","Yes","Detached","¤8,580"
"501","A12006943","C","3260","2739 NE 15th St","CORAL RIDGE Coral Place","","$1,699,500","","3","3","1","¤2,995","Townhouse","1998","1","","Yes","",""
"501","F10540323","C","3160","2026 NE 32nd Ave","Dolphin Isles ","","$1,699,000","","4","4","0","3,152","Single","1986","2","Yes","No","","8,250"
"501","F10541692","C","3170","2711 Mayan Drive","Harbor Beach ","","$1,699,000","","3","2","0","1,846","Single","1962","2","Yes","No","","17,553"
"501","A11704155","C","3470","1711 W Las Olas Blvd","RIVER VISTA ","","$1,699,000","","3","2","","¤2,364","Single","1964","2","No","Yes","Attached","¤7,573"
"501","A11548074","C","3480","1112 Mandarin Isle","SOUTH NEW RIVER ISLES SEC ","","$1,699,000","","3","2","0","¤1,642","Single","1956","1","Yes","Yes","Attached","¤6,890"
"501","F10542201","C","3270","1408 NE 5th Court Unit#1408A","Victoria Park Victoria Park","","$1,695,000","","4","4","0","2,467","Townhouse","2025","1","","No","",""
"501","A11766309","C","3270","1408 NE 5th St Unit#A","LAS OLAS PARK CORR PLAT Victoria Park","","$1,695,000","","3","3","1","","Townhouse","2025","1","","No","",""
"501","A11711366","C","3270","1408 NE 5th St Unit#B","LAS OLAS PARK CORR PLAT Victoria park","","$1,695,000","","3","3","1","¤2,316","Townhouse","2025","1","","No","",""
"501","A11702695","C","3270","1408 NE 5th St Unit#A","LAS OLAS PARK CORR PLAT Victoria Park","","$1,695,000","","3","3","1","¤2,316","Townhouse","2025","1","","No","",""
"501","A11888094","C","3370","41 NE 24th St","Petite ","","$1,695,000","","4","3","1","¤2,211","Single","2023","2","Yes","No","Detached","¤6,253"
"501","A11843792","C","3470","100 E Las Olas Blvd Unit#2802","100 LAS OLAS CONDO 100 las olas","","$1,695,000","","2","2","1","¤1,501","Condo","2020","2","","Yes","",""
"501","A11824054","C","3480","1007-1009 Citrus Isle","RIO NUEVO ISLE ","","$1,695,000","","4","2","1","¤2,494","Single","1967","6","No","Yes","Attached","¤7,500"
"501","A11664247","C","3480","2109 SW 18 Ave","OSCEOLA PARK ","","$1,695,000","","6","6","2","¤3,616","Single","2024","1","No","No","Attached",""
"501","F10471058","C","3600","1532 SE 12th St Unit#304","Vela Vista Vela Vista","","$1,695,000","","2","3","0","2,067","Condo","2016","2","","Yes","",""
"501","F10465919","C","3270","804 NE 2nd Street","8Hundred North 8Hundred North","","$1,689,000","","3","3","1","2,639","Townhouse","2024","2","","No","",""
"501","F10483423","C","3170","701 N Fort Lauderdale Beach Blvd Unit#212","Paramount Paramount","","$1,675,000","","2","2","0","1,667","Condo","2017","2","","Yes","",""
"501","F10423458","C","3260","2500 NE 26th Ave","Coral Ridge Galt Add 27-4 ","","$1,675,000","","3","2","1","2,258","Single","1953","2","Yes","No","","11,488"
"501","A11738873","C","3380","1524 NE 18th Ave","LAKELAND RESUB ","","$1,675,000","","4","3","1","¤2,685","Single","1974","2","Yes","Yes","Detached","¤9,618"
"501","R11031633","C","3600","1424 SE 12th Street Unit#3a","HEMINGWAY LANDINGS CONDO ","","$1,675,000","","3","3","1","2,288","Condo","2009","2","No","Yes","",""
"501","F10478662","C","3160","3101 Bayshore Drive Unit#2409","W Residences W Residences","","$1,670,000","","2","2","0","1,255","Condo","2010","1","","Yes","",""
"501","A11794858","C","3270","549 NE 12th Ave #1","Victoria Park ","","$1,670,000","","4","4","0","¤2,517","Single","1956","1","Yes","No","Detached","¤11,700"
"501","F10482809","C","3270","804 NE 2nd Street","8Hundred North 8Hundred North","","$1,659,000","","3","3","1","2,639","Townhouse","2024","2","","No","",""
"501","A11992043","C","3080","1122 NE 10th Ave Unit#B","PROGRESSO LAKE RIDGE","","$1,650,000","","4","4","1","","Townhouse","2025","2","","No","",""
"501","A11817476","C","3160","2901 NE 9th Court Unit#8C","Sereno Fort Lauderdale Sereno Fort Lauderdale","","$1,650,000","","2","2","","","Condo","2028","2","","No","",""
"501","F10419270","C","3160","2821 N Ocean Blvd Unit#903S","Sapphire Sapphire","","$1,650,000","","3","3","0","1,888","Condo","2009","1","","No","",""
"501","F10485131","C","3260","2740 NE 29th St","Coral Ridge Galt Add 1 ","","$1,650,000","","4","3","0","2,297","Single","1955","2","Yes","No","","10,001"
"501","A11825644","C","3270","808 NE 17th Ter","PROGRESSO Victoria Park","","$1,650,000","","3","3","1","2,509","Townhouse","2025","1","","No","",""
"501","F10498473","C","3270","616 NE 16th Ter","VICTORIA PARK ","","$1,650,000","","3","3","0","1,962","Single","1946","1","Yes","No","","7,221"
"501","A11943440","C","3380","1122 NE 10th Ave","PROGRESSO LAKE RIDGE","","$1,650,000","","4","4","","2,814","Townhouse","2025","2","","No","",""
"501","A11680512","C","3380","1705 NE 24th St","MAX SWARTZ ","","$1,650,000","","3","3","0","2,368","Single","1959","1","No","No","Detached","¤9,348"
"501","B26025890","C","3270","610 NE 16th Terrace","VICTORIA PARK ","","$1,649,900","","4","3","1","1,810","Single","1946","","Yes","No","Substantially Remodeled","7,236"
"501","A11829310","C","3170","2100 S Ocean Ln Unit#1911","POINT OF AMERICAS POINT OF AMERICAS","","$1,649,000","","2","2","0","¤1,912","Condo","1969","1","","Yes","",""
"501","A11830899","C","3270","820 NE 2nd St","8 Hundred North 8 Hundred North","","$1,649,000","","3","3","1","¤2,064","Lease","2024","2","","No","",""
"501","B26033816","C","3260","1806 NE 26th Avenue","Coral Ridge ","","$1,625,000","","4","3","1","3,024","Townhouse","2006","2","No","No","",""
"501","F10525694","C","3270","915B NE 17th Ter","ONE PALM ONE PALM","","$1,625,000","","3","3","1","2,532","Townhouse","2025","1","","No","",""
"501","A11855773","C","3270","810 NE 17th","VICTORIA PARK ","","$1,625,000","","3","3","1","","Single","2025","1","Yes","No","Attached",""
"501","A11736757","C","3270","918 NE 17th Ave Unit#A","PROGRESSO ONE PALM","","$1,625,000","","3","3","1","¤2,540","Townhouse","2025","1","","No","",""
"501","A11736748","C","3270","915 NE 17th Ter Unit#A","PROGRESSO ONE PALM","","$1,625,000","","3","3","1","","Townhouse","2025","1","","No","",""
"501","F10484218","C","3270","919 NE 17th Ter","ONE PALM ONE PALM","","$1,625,000","","3","3","1","2,532","Townhouse","2025","1","","No","",""
"501","F10482683","C","3270","1608 NE 5th St","Victoria Park Victoria Park","","$1,625,000","","4","3","1","2,910","Townhouse","2006","2","","No","",""
"501","F10472438","C","3280","1606 SE 1st Street","COLEE HAMMOCK ","","$1,625,000","","3","2","0","1,806","Single","1936","0","Yes","No","","6,750"
"501","A11774319","C","3380","1320 ne 16th ave Unit#B","Lake Ridge VILLA SIA","","$1,625,000","","3","3","1","2,736","Townhouse","2025","2","","No","",""
"501","A11774313","C","3380","1320 NE 16th Ave Unit#A","Lake Ridge Lake Ridge","","$1,625,000","","3","3","1","¤2,330","Townhouse","2025","2","","No","",""
"501","A11546266","C","3160","1 N Fort Lauderdale Beach Blvd Unit#1501","The Ritz Carlton The Ritz Carlton","","$1,600,000","","2","2","1","¤1,550","Condo","2007","1","","Yes","",""
"501","A11723090","C","3240","920 NE 17th Ave","PROGRESSO One Palm Victoria","","$1,600,000","","3","3","1","","Townhouse","2025","1","","No","",""
"501","A11599630","C","3240","917 NE 17th Ter Unit#3","Victoria Park Victoria Park","","$1,600,000","","3","3","1","¤2,532","Townhouse","2024","1","","No","",""
"501","F10477811","C","3270","921 NE 17th Ter","ONE PALM ONE PALM","","$1,600,000","","3","3","1","2,532","Townhouse","2025","1","","No","",""
"501","F10471592","C","3270","921 NE 17th TER","ONE PALM ","","$1,600,000","","3","3","1","2,532","Single","2025","1","Yes","No","",""
"501","F10451508","C","3270","916 NE 17th Ave","ONE PALM ONE PALM","","$1,600,000","","3","3","1","2,532","Townhouse","2025","1","","No","",""
"501","F10448706","C","3270","919 NE 17th Ter","ONE PALM ONE PALM","","$1,600,000","","3","3","1","2,532","Townhouse","2025","1","","No","",""
"501","F10418668","C","3270","450 N Victoria Park Rd","Victoria Park Corr Amd ","","$1,600,000","","4","4","0","2,420","Single","1931","0","No","No","","6,609"
"501","A11681755","C","3370","915 NE 17th Ter","Victoria Park ","","$1,600,000","","3","3","1","2,532","Single","2025","1","Yes","No","Attached","¤6,750"
"501","A11557430","C","3370","915 NE 17th Ter Unit#2","Victoria Park Victoria Park","","$1,600,000","","3","3","1","¤2,532","Townhouse","2024","1","","No","",""
"501","F10424726","C","3370","2016 NE 24th St","Coral Point 31-27 B ","","$1,600,000","","3","3","0","1,726","Single","1955","1","Yes","Yes","","7,004"
"501","A11863257","C","3380","1319 NE 13th Ave","HOLIDAY HEIGHTS 1319 SINGLE-FAMILY ATTACH","","$1,600,000","","3","3","1","¤901","Townhouse","2025","2","","No","",""
"501","A11775403","C","3380","2417 NE 18th Ave","MIDDLE RIVER MANOR ","","$1,600,000","","3","2","","¤1,404","Single","1955","2","Yes","Yes","Detached","¤7,000"
"501","A11565243","C","3480","853 SW 14th Ct Unit#853","EIGHT AT CROISSANT PARK EIGHT AT CROISSANT PARK","","$1,600,000","","4","3","1","","Townhouse","2024","2","","No","",""
"501","A11539867","C","3600","1490 SE 15th St Unit#201","DOCKSIDE LOFTS CONDO DOCKSIDE LOFTS","","$1,600,000","","2","2","0","¤1,459","Condo","2006","0","","Yes","",""
"501","A11757771","C","3270","920 NE 17th Ave Unit#A","PROGRESSO One Palm","","$1,599,999","","3","3","1","¤2,540","Townhouse","2025","1","","No","",""
"501","F10456566","C","3270","312 NE 14th Ave Unit#A","Victoria Park Victoria Park","","$1,599,999","","4","3","1","2,400","Townhouse","2023","1","","No","",""
"501","F10463532","C","3170","2100 S Ocean Lane Unit#1707","Point of Americas Point of Americas","","$1,599,000","","2","2","0","2,116","Condo","1969","1","","Yes","",""
"501","A11593742","C","3170","2308 SE 18 St","HARBOUR HEIGHTS ADD ","","$1,599,000","","3","3","0","¤1,658","Single","1956","0","No","No","Detached","¤8,625"
"501","R11154714","C","3280","411 N New River Drive Unit#401","LAS OLAS GRAND CONDO ","","$1,599,000","","3","3","1","2,900","Condo","2006","1","No","Yes","",""
"501","F10533425","C","3270","744 NE 18th Avenue","Victoria Highlands Amd ","","$1,595,000","","3","3","0","2,738","Single","1947","1","Yes","No","","8,386"
"501","A11896001","C","3270","609 NE 8th Ave Unit#A","PROGRESSO None","","$1,595,000","","4","3","1","2,316","Townhouse","2023","1","","No","",""
"501","A11736762","C","3270","920 NE 17th Ave Unit#A","PROGRESSO One Palm","","$1,595,000","","3","3","1","","Townhouse","2025","1","","No","",""
"501","A11726539","C","3280","100 E Las Olas Blvd Unit#3602","100 LAS OLAS CONDO 100 Las Olas","","$1,595,000","","2","2","1","¤1,404","Condo","2020","2","","No","",""
"501","F10545009","C","3370","309 NE 21st Court","Wilton Manors ","","$1,595,000","","4","3","2","2,129","Single","2019","0","Yes","No","","6,249"
"501","A11943451","C","3380","1135 NE 11th Ave","PROGRESSO LAKE RIDGE","","$1,595,000","","4","3","1","¤2,434","Townhouse","2026","2","","No","",""
"501","A11602296","C","3380","1657 Poinsettia Dr","POINSETTIA HEIGHTS RIVER ","","$1,595,000","","3","2","0","¤1,862","Single","1960","2","Yes","Yes","Detached","¤9,578"
"501","F10409140","C","3260","1801 NE 23rd Ave","BAL HARBOUR ","","$1,590,000","","4","2","1","1,630","Single","1970","1","Yes","Yes","","8,580"
"501","F10548941","C","3270","715 N Victoria Park Road","VICTORIA HIGHLANDS AMD PL ","","$1,590,000","","4","3","0","1,800","Single","1940","1","Yes","No","","7,318"
"501","F10467365","C","3370","2000 Coral Gardens Dr","Coral Gardens Amd 32-21 B ","","$1,589,000","","4","3","0","1,895","Single","1954","0","Yes","No","","9,512"
"501","F10400921","C","3260","1222 Bayview Dr","Beach Way Heights ","","$1,582,440","","2","2","0","1,803","","1951","0","No","Yes","","13,491"
"501","F10504098","C","3170","1710 S Ocean Ln Unit#201","Lago Mar North Lodge Lago Mar North Lodge","","$1,575,000","","2","2","0","1,444","Condo","1984","0","","Yes","",""
"501","A11605466","C","3370","634 NE 20th St","TROPICAL GARDENS AMENDED ","","$1,575,000","","4","4","0","¤3,136","Single","1972","2","Yes","Yes","Attached","¤12,037"
"501","F10462337","C","3170","2100 Manatee Dr","Harbour Heights Add 35-21 ","","$1,574,000","","3","2","0","2,050","Single","1958","0","No","No","","10,619"
"501","A12028353","C","3380","1135 NE 11th Ave","PROGRESSO LAKE RIDGE","","$1,565,000","","4","3","1","2,434","Townhouse","2026","2","","No","",""
"501","A11797925","C","3470","798 SW 8th Way Unit#798","Tarpon River SEAWANNA PARK","","$1,565,000","","5","5","0","3,000","Townhouse","2025","2","","No","",""
"501","A11674403","C","3160","2020 NE 32nd Ave","LAUDERDALE BEACH EXT ","","$1,550,000","","3","2","0","¤1,442","Single","1953","2","Yes","No","Detached","¤8,250"
"501","F10418813","C","3160","525 N Fort Lauderdale Beach Blvd Unit#1610","Four Seasons Four Seasons","","$1,550,000","","1","2","0","775","Condo","2022","1","","No","",""
"501","B26013674","C","3260","2514 NE 21st Street Unit#A","LIVERMORE ESTATES ","","$1,550,000","","3","3","1","2,106","Townhouse","2021","1","Yes","No","","2,750"
"501","F10469871","C","3260","2625 NE 30th St","CORAL RIDGE GALT ADD 1 ","","$1,550,000","","3","2","0","2,299","Single","1957","2","Yes","No","","14,110"
"501","A11744421","C","3270","915 NE 17th Ter","PROGRESSO ","","$1,550,000","","3","3","1","¤2,540","Single","2025","1","Yes","No","Attached","¤6,750"
"501","F10515132","C","3370","539 NE 25th St","Re-Amended Wilton Manors ","","$1,550,000","","4","2","0","1,798","Single","1952","0","Yes","No","","9,812"
"501","A11605305","C","3380","1619 NE 11th St Unit#1","PROGRESSO n/a","","$1,550,000","","4","4","1","2,633","Townhouse","2024","2","","No","",""
"501","A11757292","C","3480","2110 SW 14th Ave","RIVER OAKS ","","$1,550,000","","5","4","0","¤3,089","Single","2019","2","Yes","No","Detached","¤5,720"
"501","A11957341","C","3160","153 N SEABREEZE BLVD Unit#2003S","Selene Oceanfront Residenc Selene Oceanfront Residen","","$1,549,000","","2","2","1","1,372","Condo","2025","0","","Yes","",""
"501","F10477788","C","3270","320 NE 16th Ave","Victoria Park Corr Amd ","","$1,549,000","","3","3","2","3,204","Single","2004","2","Yes","No","","4,107"
"501","F10484130","C","3380","1628 NE 17th Way","Progresso 2-18 D ","","$1,549,000","","4","4","0","2,868","Single","2005","2","Yes","No","","7,693"
"501","F10476982","C","3600","808 SE 12th Street Unit#808","RIO SOUTH RESIDENCES RIO SOUTH RESIDENCES","","$1,549,000","","4","4","0","2,832","Townhouse","2025","1","","No","",""
"501","A11943647","C","3800","100 E Las Olas Blvd Unit#2802","100 LAS OLAS CONDO Hyatt centric","","$1,545,000","","2","2","1","¤1,404","Condo","2021","2","","Yes","",""
"501","F10437419","C","3600","812 SE 12th Street Unit#812","RIO SOUTH RESIDENCES RIO SOUTH RESIDENCES","","$1,540,000","","4","4","0","2,841","Townhouse","2025","1","","No","",""
"501","F10508143","C","3700","300 NE 3rd Ave Unit#4302S","Ombelle Fort Lauderdale Ombelle Fort Lauderdale","","$1,515,509","","3","3","0","1,359","Condo","2028","2","","No","",""
"501","F10514060","C","3260","1801 NE 23rd Ave","Bal Harbour ","","$1,500,000","","4","2","1","1,987","Single","1970","1","Yes","Yes","","8,580"
"501","F10515743","C","3370","101 NE 21st St","Wilton Manors ","","$1,500,000","","4","4","0","3,022","Single","2006","2","Yes","No","","6,249"
"501","A11874919","C","3380","1320 NE 16th Ave","Lake Ridge Lake Ridge","","$1,500,000","","3","3","1","¤975","Townhouse","2025","2","","No","",""
"501","A12031280","C","3470","1713 SW 5th St","GILL ISLES ","","$1,500,000","","4","3","","¤1,532","Single","1957","0","Yes","Yes","Attached","¤6,825"
"501","F10548994","C","3600","1318 SE 12th Way","Lauderdale Harbors ","","$1,500,000","","2","2","0","1,295","Single","1952","1","Yes","No","","7,000"
"501","F10554251","C","3160","101 S Fort Lauderdale Beach Boulevard Unit#907","LAS OLAS BEACH CLUB LAS OLAS BEACH CLUB","","$1,499,999","","2","2","0","1,905","Condo","2007","1","","Yes","",""
"501","F10555090","C","3270","430 NE 7th Avenue Unit#430","Courtyard Townhomes Courtyard Townhomes","","$1,499,999","","4","3","1","2,920","Townhouse","2007","2","","No","",""
"501","A11799765","C","3380","1320 NE 16th Ave","Lake Ridge LAKE RIDGE","","$1,499,999","","3","3","1","¤2,330","Townhouse","2025","2","","No","",""
"501","A11777744","C","3270","620 NE 17th Ter","VICTORIA PARK CORR AMEN P ","","$1,499,990","","3","2","0","1,859","Single","1944","0","Yes","No","Attached","¤6,250"
"501","F10539300","C","3160","777 Bayshore Drive Unit#1501","Americas on the Park Cond Americas on the Park Cond","","$1,499,900","","3","2","1","2,200","Condo","1976","1","","Yes","","0"
"501","F10422775","C","3160","3036 NE 19  St","Lauderdale Beach Ext 27-4 ","","$1,499,000","","2","2","1","1,917","Single","1951","2","Yes","No","","9,270"
"501","F10505991","C","3170","77 S Birch Rd Unit#5D","The Portofino The Portofino","","$1,499,000","","2","3","0","1,580","Condo","1982","1","","Yes","",""
"501","F10481050","C","3170","100 S Birch Rd Unit#2201","Jackson Tower Jackson Tower","","$1,499,000","","3","2","1","1,998","Condo","2001","1","","Yes","",""
"501","A11686774","C","3270","437 NE 8th Ave","HOLMBERG & MC KEES ","","$1,499,000","","4","3","0","¤1,911","Single","1945","0","Yes","No","Attached","¤8,437"
"501","F10459021","C","3280","328 Riviera Isle Drive","Riviera Isles ","","$1,499,000","","2","2","0","1,366","Single","1978","0","Yes","No","",""
"501","F10471850","C","3380","1524 NE 17th Ave","Progresso 2-18 D ","","$1,499,000","","4","4","0","2,826","Single","2006","2","Yes","No","","8,100"
"501","F10461955","C","3380","1501 NE 15th St","POINSETTIA HEIGHTS ","","$1,499,000","","4","2","1","2,532","Single","2017","2","Yes","No","","7,804"
"501","A11649957","C","3380","1657 Poinsettia Dr","POINSETTIA HEIGHTS RIVER ","","$1,499,000","","3","2","0","¤1,862","Single","1960","2","Yes","Yes","Detached","¤9,578"
"501","F10435826","C","3380","1501 NE 15th St","POINSETTIA HEIGHTS ","","$1,499,000","","4","2","1","2,532","Single","2017","2","Yes","No","","7,804"
"501","A11571620","C","3380","1103 NE 16th Ter Unit#1","n/a n/a","","$1,499,000","","4","3","1","3,600","Townhouse","2024","1","","No","",""
"501","A11781854","C","3470","1509 SW 5th Place","GILL ISLES ","","$1,499,000","","3","2","0","¤1,964","Single","1968","1","No","Yes","Attached","¤7,281"
"501","F10454608","C","3600","1004 SE 11th St","Rio Vista Isles ","","$1,499,000","","3","2","0","1,891","Single","1949","0","No","No","","6,250"
"501","F10465448","C","3380","1657 Poinsettia Dr","POINSETTIA HEIGHTS RIVER ","","$1,498,000","","3","2","0","1,862","Single","1960","2","Yes","Yes","","9,578"
"501","A11457409","C","3470","724 SW 8th Way Unit#724","Tarpon River Villas III Tarpon River Villas III","","$1,497,000","","5","5","","2,935","Townhouse","2023","2","","No","",""
"501","A11658221","C","3170","2200 S Ocean Ln Unit#702","POINT OF AMERICAS POINT OF AMERICAS","","$1,495,000","","2","2","","¤2,003","Condo","1971","1","","Yes","",""
"501","F10500809","C","3270","918 NE 17th Ave","ONE PALM ONE PALM","","$1,495,000","","3","3","1","2,532","Townhouse","2025","1","","No","",""
"501","A11787367","C","3270","915 NE 17th Ter","Victoria Park Victoria Park","","$1,495,000","","3","3","1","","Townhouse","2025","1","","No","",""
"501","F10484219","C","3270","916 NE 17th Ave","ONE PALM ONE PALM","","$1,495,000","","3","3","1","2,532","Townhouse","2025","1","","No","",""
"501","A11626000","C","3270","1411 NE 7th St Unit#1","PROGRESSO Sabrina Village","","$1,495,000","","4","4","0","¤2,586","Townhouse","2003","2","","No","",""
"501","A11979861","C","3280","609 NE 8th Ave Unit#B","PROGRESSO PROGRESSO","","$1,495,000","","4","3","1","¤2,264","Townhouse","2023","1","","No","",""
"501","F10536904","C","3800","333 Las Olas Way Unit#2604","Las Olas River House Las Olas River House","","$1,495,000","","2","3","0","2,129","Condo","2004","1","","Yes","",""
"501","F10528466","C","3270","920B NE 17th Ave","ONE PALM ONE PALM","","$1,494,999","","3","3","1","2,532","Townhouse","2025","1","","No","",""
"501","F10489407","C","3170","2000 S Ocean Dr Unit#610","EVERGLADES HOUSE EVERGLADES HOUSE","","$1,490,000","","3","3","0","2,650","Condo","1965","0","","Yes","",""
"501","A11592183","C","3380","1442 NE 18th Ave","LAKELAND RESUB ","","$1,490,000","","4","4","0","¤2,650","Single","1953","0","No","Yes","Attached","¤9,618"
"501","A11787392","C","3800","200 W Broward Blvd Unit#3301","Natiivo Fort Lauderdale Natiivo Fort Lauderdale","","$1,487,000","","3","2","","","Condo","2028","1","","No","",""
"501","F10434322","C","3170","100 S Birch Rd Unit#2504","Jackson Tower Las Olas Jackson Tower Las Olas","","$1,485,000","","3","2","1","1,934","Condo","2001","2","","Yes","",""
"501","A11849780","C","3480","1207 SW 21st St","FLORAL RIDGE ADDITION ","","$1,475,995","","6","5","0","¤3,669","Single","2004","0","Yes","No","Detached","¤6,599"
"501","R11025902","C","3370","2300 NE 15th Terrace","EDGEWATER ESTATES ","","$1,475,000","","3","2","0","1,434","Single","1956","1","Yes","Yes","","7,704"
"501","F10540157","C","3600","808 SE 12th Street Unit#808","RIO SOUTH RESIDENCES RIO SOUTH RESIDENCES","","$1,475,000","","4","4","0","2,832","Townhouse","2025","1","","No","",""
"501","F10535491","C","3600","812 SE 12th Street Unit#812","RIO SOUTH RESIDENCES RIO SOUTH RESIDENCES","","$1,475,000","","4","4","0","2,841","Townhouse","2025","1","","No","",""
"501","A12012838","C","3800","100 E Las Olas Blvd Unit#2802","100 LAS OLAS CONDO Hyatt centric","","$1,475,000","","2","2","1","¤1,404","Condo","2020","2","","No","",""
"501","A11730882","C","3270","605 NE 15th Ave","Victoria Park ","","$1,470,000","","3","2","1","¤2,100","Single","2016","2","Yes","No","Attached","¤4,917"
"501","A11512406","C","3270","605 NE 15th Ave","Victoria Park ","","$1,470,000","","3","2","1","¤2,100","Single","2016","2","Yes","No","Attached","¤4,917"
"501","A11823743","C","3380","2515 NE 18th St","LIVERMORE ESTATES La Coralina","","$1,470,000","","3","3","1","¤2,946","Townhouse","2005","2","","No","",""
"501","F10480962","C","3170","101 S FORT LAUDERDALE BEACH BLVD Unit#607","LAS OLAS BEACH CLUB LAS OLAS BEACH CLUB","","$1,469,999","","2","2","0","1,905","Condo","2007","1","","Yes","",""
"501","A11782236","C","3800","325 SW 16th St #B","LAUDERDALE ","","$1,469,000","","4","4","","¤2,454","Single","2024","1","Yes","No","Attached","¤3,375"
"501","A11709903","C","3370","2757 NE 14th Ave","MIDDLE RIVER ESTATES ","","$1,450,118","","4","3","0","¤1,824","Single","1957","0","Yes","Yes","Detached","¤10,943"
"501","A11631042","C","3370","2757 NE 14th Ave","MIDDLE RIVER ESTATES ","","$1,450,118","","4","3","0","¤1,824","Single","1956","0","Yes","Yes","Detached","¤10,943"
"501","F10473466","C","3170","2200 S Ocean Ln Unit#209","Point of Americas Point of Americas","","$1,450,000","","2","2","0","1,641","Condo","1971","1","","Yes","",""
"501","A11868723","C","3270","308 NE 14th Ave Unit#A","VICTORIA PARK CORR AMEN P none","","$1,450,000","","4","3","1","¤2,326","Townhouse","2024","1","","No","",""
"501","F10477106","C","3270","808 N Victoria Park Rd Unit#0","Victoria Park Townhomes Victoria Park Townhomes","","$1,450,000","","4","4","1","3,336","Townhouse","2006","2","","No","",""
"501","F10530072","C","3160","2845 NE 9th St Unit#806","LE CLUB INTERNATIONAL LE CLUB INTERNATIONAL","","$1,449,000","","3","3","1","2,630","Condo","2002","2","","Yes","",""
"501","F10540504","C","3170","1710 S Ocean Lane Unit#203","Lago Mar North Lodge Lago Mar North Lodge","","$1,449,000","","2","2","0","1,444","Condo","1984","0","","Yes","",""
"501","F10451942","C","3600","804 SE 10th St","RIO VISTA ISLES ","","$1,449,000","","3","2","1","1,970","Single","1921","1","Yes","No","","6,779"
"501","F10448902","C","3390","701 NW 24th St","Hillbrook 30-4 B ","","$1,447,000","","3","3","1","2,916","Single","1959","2","Yes","No","","11,887"
"501","A11732397","C","3600","501 SE 6th Avenue Unit#UPH11","Sixth & Rio Sixth & Rio","","$1,444,000","","2","2","","¤1,144","Condo","2026","2","","Yes","",""
"501","A11645613","C","3380","1321 NE 15th Ave Unit#1321","PROGRESSO Gold Engrave","","$1,440,000","","4","4","0","","Townhouse","2025","2","","No","",""
"501","F10443674","C","3280","424 Hendricks Isle Unit#10","The Boathouse The Boathouse","","$1,435,000","","2","2","1","2,260","Condo","1979","0","","Yes","",""
"501","A11898872","C","3480","1207 SW 21st St","FLORAL RIDGE ADDITION ","","$1,429,000","","6","5","0","¤3,669","Single","2004","0","Yes","No","Detached","¤6,599"
"501","A11795647","C","3500","325 SW 16th St Unit#B","lauderdale none","","$1,429,000","","4","4","","¤2,454","Townhouse","2024","1","","No","",""
"501","A12028178","C","3160","2821 N Ocean Blvd Unit#703S","SAPPHIRE FORT LAUDERDALE SAPPHIRE FORT LAUDERDALE","","$1,425,000","","3","3","0","¤1,888","Condo","2009","1","","No","",""
"501","A11572175","C","3270","925 NE 6th St","PROGRESSO Victoria Park","","$1,425,000","","3","3","0","¤2,239","Townhouse","2019","2","","No","",""
"501","A11935835","C","3380","1321 NE 13th Ave","HOLIDAY HEIGHTS HOLIDAY HEIGHTS","","$1,425,000","","3","3","1","2,300","Townhouse","2025","2","","No","",""
"501","F10514768","C","3470","530 SW 11th Ave","Riverside Park ","","$1,425,000","","3","2","0","1,541","Single","1968","0","Yes","Yes","","7,125"
"501","A11457753","C","3270","909 NE 16th Ave","Victoria Park Victoria Park Townhomes","","$1,420,000","","4","3","1","¤2,482","Townhouse","2023","1","","No","",""
"501","F10482798","C","3700","300 NE 3rd Ave Unit#3601S","Ombelle Fort Lauderdale Ombelle Fort Lauderdale","","$1,415,375","","3","3","0","1,462","Condo","2028","2","","No","",""
"501","A11976456","C","3380","1321 NE 13th Ave","HOLIDAY HEIGHTS 1321 NE 13 Ave","","$1,415,000","","3","3","1","","Townhouse","2026","2","","No","",""
"501","A11861927","C","3010","1412 NE 17th St","ALLENWOOD DUPLEX","","$1,400,000","","4","4","1","","Townhouse","2025","1","","No","",""
"501","A11880722","C","3040","1320 NE 16th Ter","PROGRESSO LAKE RIDGE","","$1,400,000","","3","3","1","¤993","Townhouse","2026","1","","No","",""
"501","A11817388","C","3160","2901 NE 9th Court Unit#6A","Sereno Fort Lauderdale Sereno Fort Lauderdale","","$1,400,000","","1","1","1","","Condo","2028","2","","No","",""
"501","A11638800","C","3160","3304 NE 15th court","LAS OLAS BY THE SEA EXT ","","$1,400,000","","3","2","0","¤1,954","Single","1992","0","Yes","Yes","Detached","¤6,213"
"501","A11847324","C","3260","2716 NE 27th Ct","CORAL RIDGE GALT ADD NO 1 ","","$1,400,000","","3","2","1","¤2,004","Single","1954","2","Yes","No","Detached","¤10,001"
"501","A11825653","C","3380","1220 NE 13th Ave","PROGRESSO Lake Ridge","","$1,400,000","","3","3","1","2,583","Townhouse","2025","1","","No","",""
"501","A11627295","C","3380","1321 NE 15th Ave Unit#1321","PROGRESSO Gold Engrave","","$1,400,000","","4","4","0","¤972","Townhouse","2025","2","","No","",""
"501","A11914760","C","3480","608 SW 16th Ct","LAUDERDALE PINES LAUDERDALE PINES","","$1,400,000","","4","3","1","","Townhouse","2025","1","","No","",""
"501","B26011952","C","3170","2100 S Ocean Lane Unit#1608","POINT OF AMERICAS CONDO ","","$1,399,999","","2","2","0","1,880","Condo","1969","1","No","No","","0"
"501","F10511459","C","3240","1228 & 1231 NE 17th Ter & Ave","Lake Ridge ","","$1,399,990","","5","4","0","2,840","Single","1951","2","Yes","No","","17,014"
"501","F10516440","C","3370","929 NE 18th Ct","Lauderdale Park 6-33 1/2 ","","$1,399,990","","3","3","1","3,800","Single","2005","2","Yes","Yes","","7,773"
"501","F10484507","C","3270","748 NE 17th Way","Victoria Highlands ","","$1,399,900","","3","2","0","1,862","Single","1931","1","Yes","No","","6,261"
"501","F10459756","C","3800","333 Las Olas Way Unit#1009","LAS OLAS RIVER HOUSE LAS OLAS RIVER HOUSE","","$1,399,900","","2","2","1","2,141","Condo","2005","1","","Yes","",""
"501","F10499794","C","3170","2100 S Ocean Lane Unit#2508","POINT OF AMERICAS POINT OF AMERICAS","","$1,399,000","","2","2","0","1,880","Condo","1969","1","","Yes","",""
"501","F10467014","C","3170","77 S Birch Rd Unit#12C","The Portofino The Portofino","","$1,399,000","","2","2","1","1,435","Condo","1982","1","","Yes","",""
"501","A11617206","C","3480","1207 SW 21st St","FLORAL RIDGE ADDITION ","","$1,399,000","","6","5","0","¤3,669","Single","2004","0","Yes","No","Detached","¤6,599"
"501","A11630874","C","3800","200 W Broward Blvd Unit#2801","NATIIVO FORT LAUDERDALE NATIIVO FORT LAUDERDALE","","$1,397,000","","3","2","0","1,150","Condo","2027","1","","No","",""
"501","A11334767","C","3160","551 N Fort Lauderdale Beach Blvd Unit#R204","551 FLB CONDOMINIUM RESID OCEAN RESORT RESIDENCES","","$1,395,000","","2","2","1","¤1,061","Condo","2009","2","","Yes","",""
"501","R11147132","C","3170","1578 S Ocean Lane Unit#115","OCEANAGE CONDO ","","$1,395,000","","3","2","0","1,273","Condo","1974","0","No","No","",""
"501","F10527687","C","3170","1578 S Ocean Lane Unit#115","OCEANAGE CONDO OCEANAGE CONDO","","$1,395,000","","3","2","0","1,273","Condo","1973","0","","Yes","",""
"501","F10527240","C","3170","1578 S Ocean Lane Unit#114","Oceanage Oceanage","","$1,395,000","","2","2","0","1,264","Condo","1973","0","","Yes","",""
"501","A11662188","C","3170","2100 S Ocean Ln Unit#2008","POINT OF AMERICAS POINT OF AMERICAS","","$1,395,000","","2","2","0","¤1,880","Condo","1969","1","","Yes","",""
"501","A12026782","C","3260","1319 NE 13th Ave","HOLIDAY HEIGHTS POINSETTIA TOWNHOME","","$1,395,000","","3","3","1","","Townhouse","2026","2","","No","",""
"501","F10481130","C","3260","1725 NE 22nd Ter","BAL HARBOUR ","","$1,395,000","","5","3","0","2,470","Single","1958","1","Yes","No","","9,697"
"501","F10440566","C","3260","1410 NE 26 Ave Unit#1410","BELLA VISTA BELLA VISTA","","$1,395,000","","3","3","1","2,722","Townhouse","2004","1","","No","",""
"501","A12006544","C","3270","1321 NE 13th Ave","HOLIDAY HEIGHTS Lazul","","$1,395,000","","3","3","1","¤2,496","Townhouse","2026","2","","No","",""
"501","F10495205","C","3270","925 NE 6th St","Victoria Park Victoria Park","","$1,395,000","","3","3","0","2,239","Townhouse","2019","2","","No","",""
"501","F10488368","C","3270","925 NE 6th St","Victoria Park Victoria Park","","$1,395,000","","3","3","0","2,239","Townhouse","2019","2","","No","",""
"501","F10479220","C","3270","925 NE 6th St Unit#1","Victoria Park Victoria Park","","$1,395,000","","3","3","0","2,239","Townhouse","2019","2","","No","",""
"501","F10464814","C","3270","925 NE 6th St","Victoria Park Victoria Park","","$1,395,000","","3","3","0","2,239","Townhouse","2019","2","","No","",""
"501","A11693158","C","3370","2741 NE 6th Avenue","TROPICAL MANORS ","","$1,395,000","","4","4","0","¤1,767","Single","1962","0","Yes","No","Detached","¤6,651"
"501","A11902628","C","3380","1215 NE 11th Ave Unit#B","LAKE RIDGE LAKE RIDGE","","$1,395,000","","3","3","","","Townhouse","2024","1","","No","",""
"501","F10475900","C","3390","624 NW 22nd St","HILLBROOK ","","$1,395,000","","4","3","0","2,365","Single","1956","2","Yes","No","","10,054"
"501","F10403016","C","3470","1443 SW 5th Ct","Riverside Add Amd 1-13 B ","","$1,395,000","","3","2","0","2,085","Single","1931","2","No","Yes","","10,075"
"501","A11564543","C","3480","2150 SW 14th Ter","RIVER OAKS ","","$1,395,000","","4","4","0","¤2,979","Single","2011","2","Yes","Yes","Attached","¤7,045"
"501","F10486894","C","3700","505 NE 2nd Street Unit#28G","Viceroy Fort Lauderdale Viceroy Fort Lauderdale","","$1,395,000","","2","2","0","1,224","Condo","2029","1","","No","",""
"501","R11131340","C","3800","333 Las Olas Way Unit#2406","LAS OLAS RIVER HOUSE COND ","","$1,395,000","","2","2","1","1,869","Condo","2004","1","No","Yes","",""
"501","F10416907","C","3160","3101 Bayshore Dr Unit#1909","W RESIDENCES W RESIDENCES","","$1,390,000","","2","2","0","1,255","Condo","2010","1","","Yes","",""
"501","F10482515","C","3370","201 NE 28th Ct","Sunset Manors Amd 27-26 B ","","$1,390,000","","3","3","0","2,058","Single","1952","0","Yes","No","","10,281"
"501","A11827231","C","3600","820 SE 9th St","RIO VISTA ISLES ","","$1,390,000","","3","2","0","¤1,683","Single","1952","1","Yes","No","Detached","¤6,250"
"501","A11720068","C","3270","1315 NE 4th St","HALLS ","","$1,375,000","","4","3","0","¤2,020","Single","1957","0","Yes","No","Detached","¤6,000"
"501","A11897384","C","3370","117 NE 20th St","MANOR GROVE ","","$1,375,000","","4","3","0","¤2,240","Single","1977","0","Yes","No","Detached","¤9,404"
"501","A11855552","C","3380","1800 N Victoria Park Rd","NORTH RIDGE ","","$1,375,000","","4","3","0","¤1,846","Single","1952","0","Yes","No","Detached","¤9,247"
"501","F10462526","C","3480","1205 Orange Isle","South New River Isles Sec ","","$1,375,000","","2","2","0","2,099","Single","1957","2","No","Yes","","7,950"
"501","F10418954","C","3160","551 N Fort Lauderdale Beach Blvd Unit#R606","551 FLB CONDOMINIUM HOTEL 551 FLB CONDOMINIUM HOTEL","","$1,374,900","","1","1","1","1,037","Condo","2009","1","","Yes","",""
"501","A11699054","C","3370","3045 NE 16th Ave","CORAL BROOK ","","$1,360,000","","5","4","0","¤2,171","Single","1969","0","Yes","Yes","Detached","¤7,771"
"501","F10418958","C","3160","551 N Fort Lauderdale Beach Blvd Unit#R2105","551 FLB CONDOMINIUM HOTEL 551 FLB CONDOMINIUM HOTEL","","$1,355,900","","2","2","0","1,184","Condo","2009","1","","Yes","",""
"501","F10524693","C","3700","300 NE 3rd Ave Unit#3602S","Ombelle Fort Lauderdale Ombelle Fort Lauderdale","","$1,350,327","","3","3","0","1,359","Condo","2028","2","","No","",""
"501","R11110300","C","3160","3101 Bayshore Drive Unit#2308","FORT LAUDERDALE RESIDENCE ","","$1,350,000","","2","2","0","1,214","","2011","1","No","Yes","",""
"501","A11599835","C","3160","3101 Bayshore Dr Unit#2308","FORT LAUDERDALE RESIDENCE W Residences Fort Lauderd","","$1,350,000","","2","2","0","¤1,214","Condo","2011","1","","Yes","",""
"501","R11117505","C","3270","925 NE 6th Street","Victoria Park ","","$1,350,000","","3","3","0","2,239","Townhouse","2019","2","No","No","","3,000"
"501","F10489025","C","3280","1314 SE 1st St","Colee Hammock 1-17 B ","","$1,350,000","","6","3","0","2,388","Single","1958","0","No","No","","6,750"
"501","F10423975","C","3470","1455 SW 18th Ter","Lauderdale Isles 1 31-23 ","","$1,350,000","","3","3","1","2,109","Single","1953","0","Yes","Yes","","6,431"
"501","F10468152","C","3270","1503 NE 2nd St Unit#1503","VICTORIA PARK VICTORIA PARK","","$1,349,999","","3","3","0","2,654","Townhouse","2012","2","","No","",""
"501","F10536043","C","3370","2757 NE 14th Avenue","Middle River Estates 29-4 ","","$1,349,999","","4","3","0","1,824","Single","1956","0","Yes","Yes","","10,943"
"501","A11807553","C","3820","1226 NE 15 Ave Unit#D","Lake Ridge Progresso","","$1,349,995","","4","4","0","¤2,405","Townhouse","2023","2","","No","",""
"501","A11785157","C","3820","1222 NE 15th Ave","Lake Ridge ","","$1,349,995","","4","4","0","¤2,405","Single","2023","2","Yes","No","Attached",""
"501","A11637829","C","3820","1222 NE 15th Ave Unit#0","Lake Ridge Progresso","","$1,349,995","","4","4","0","¤2,405","Townhouse","2023","2","","No","",""
"501","A11808555","C","3600","1213 Cordova Rd","LAUDERDALE HARBORS ","","$1,349,900","","4","4","","¤2,321","Single","1966","0","Yes","No","Detached","¤7,000"
"501","R11119089","C","3370","12 NE 26th Street","Petite ","","$1,349,000","","3","2","1","1,596","Single","2004","1","Yes","No","Garden Apartment","6,245"
"501","A11775298","C","3380","1233 NE 12th Ave Unit#B","LAKE RIDGE Lake Ridge","","$1,349,000","","4","5","","","Townhouse","2025","1","","No","",""
"501","A11713021","C","3170","2200 S Ocean Ln Unit#2204","POINT OF AMERICAS PHASE I POINT OF AMERICAS PHASE I","","$1,330,000","","2","2","0","¤2,011","Condo","1971","2","","Yes","",""
"501","F10536571","C","","411 N New River Drive Unit#1402","Las Olas Grand LAS OLAS GRAND","","$1,325,000","","2","2","0","1,630","Condo","2005","1","Yes","Yes","","0"
"501","F10488759","C","3380","1501 NE 15th Street","POINSETTIA HEIGHTS ","","$1,325,000","","4","2","1","2,266","Single","2017","2","Yes","No","","7,804"
"501","A11800749","C","3600","1812 Miami Rd","EVERGLADE LAND SALES CO Fort Lauderdale","","$1,325,000","","3","3","1","¤2,460","Townhouse","2025","1","","No","",""
"501","A11640556","C","3500","1733 SW 5th Pl","GILL ISLES ","","$1,320,000","","4","2","0","¤1,678","Single","1972","2","Yes","Yes","Detached","¤10,027"
"501","F10471434","C","3380","1321 NE 15th Avenue Unit#1321","Gold Engrave Gold Engrave","","$1,310,400","","4","4","0","2,400","Townhouse","2025","2","","No","",""
"501","A11707649","C","3260","1180 N Federal Hwy Unit#1105","RIVA CONDOMINIUM RIVA CONDOMINIUM","","$1,300,000","","2","2","1","¤1,783","Condo","2018","1","","No","",""
"501","F10517347","C","3270","815 NE 17th Ave Unit#5","ZUNA ZUNA","","$1,300,000","","3","2","1","1,823","Townhouse","2021","2","","No","",""
"501","A11805741","C","3380","1233 NE 12th Ave Unit#B","Lake Ridge Gallery at 12","","$1,300,000","","4","5","","","Townhouse","2025","1","","No","",""
"501","A11775275","C","3380","1233 NE 12th Ave Unit#A","LAKE RIDGE LAKERIDGE","","$1,300,000","","4","4","1","","Townhouse","2025","1","","No","",""
"501","A11771102","C","3380","1233 NE 12th Ave","Lake Ridge ","","$1,300,000","","4","5","","","Single","2025","2","Yes","No","Attached","¤6,748"
"501","R11102859","C","3480","1013 SW 18th Street","YELLOWSTONE PARK AMEN PLA ","","$1,300,000","","3","3","0","2,146","Single","1951","0","Yes","No","","6,248"
"501","A11732863","C","3500","313 SW 10th St","CROISSANT PARK RIVER SEC 313 A/B","","$1,300,000","","6","6","2","","Townhouse","2025","2","","No","",""
"501","F10386413","C","3600","824 SE 12th Ct Unit#1","La Linda - Harbor Vista La Linda - Harbor Vista","","$1,300,000","","3","2","2","2,006","Townhouse","2024","2","","No","",""
"501","F10378065","C","3600","826 SE 12th Ct Unit#2","La Linda - Harbor Vista La Linda - Harbor Vista","","$1,300,000","","3","2","2","2,006","Townhouse","2024","2","","No","",""
"501","A11978298","C","3370","2416 NE 19th Ter","CORAL POINT ","","$1,299,999","","3","3","0","¤1,823","Single","1956","0","No","Yes","Attached","¤6,983"
"501","A11579634","C","3370","2117 Coral Gardens Dr","CORAL GARDENS ","","$1,299,999","","3","3","1","¤1,733","Single","1955","0","Yes","Yes","Detached","¤10,526"
"501","R11168524","C","3380","1123 NE 12th Avenue Unit#Unit A","N/A ","","$1,299,999","","3","3","1","2,316","Townhouse","2023","1","Yes","No","",""
"501","F10517932","C","3380","1245 NE 17th Way","Lake Ridge 24-47 B ","","$1,299,999","","4","4","0","2,976","Single","1951","0","Yes","No","","7,698"
"501","F10489050","C","3370","2700 NE 9th Ave Unit#18","Wilton Yards Wilton Yards","","$1,299,900","","3","3","1","2,065","Townhouse","2026","2","","No","",""
"501","F10430432","C","3390","601 NW 30th St","March Estates Amd 39-2 B ","","$1,299,900","","6","4","0","4,568","Single","2018","2","Yes","Yes","","11,530"
"501","F10546176","C","3160","1151 N Fort Lauderdale Beach Boulevard Unit#12a","Park Tower Condo Park Tower Condo","","$1,299,000","","2","2","0","1,700","Condo","1966","67","Yes","Yes","","0"
"501","R10991810","C","3160","615 Bayshore Drive Unit#303","LA CASCADE CONDO ","","$1,299,000","","3","3","0","2,365","Condo","2003","2","No","Yes","Garden Apartment",""
"501","A11571001","C","3160","3101 Bayshore Dr Unit#2205","FORT LAUDERDALE RESIDENCE W Residences","","$1,299,000","","2","2","0","¤1,176","Condo","2011","2","","Yes","",""
"501","R11001880","C","3370","2016 NE 22nd Street","CORAL POINT ","","$1,299,000","","4","3","0","1,941","Single","1956","0","Yes","No","Garden Apartment, Ranch","7,003"
"501","F10488192","C","3390","2748 NW 9th Ln","Jenada Villas 1 Add 42-7 ","","$1,299,000","","4","3","1","1,969","Single","1957","0","Yes","No","","7,220"
"501","F10527030","C","3480","1221 SW 18th St","RIVER OAKS ","","$1,299,000","","4","2","1","2,651","Single","1952","0","Yes","No","","11,117"
"501","F10436234","C","3370","2831 NE 6th Ave","WILTON LANDINGS ","","$1,298,000","","4","4","0","3,376","Single","2011","2","No","Yes","","9,039"
"501","A11711157","C","3270","909 NE 16th Ave","PROGRESSO Victoria Park Towers","","$1,297,000","","4","3","1","¤2,483","Townhouse","2023","1","","No","",""
"501","F10515137","C","3160","2713 NE 33rd Ave","Dolphin Isles ","","$1,295,000","","4","4","0","2,300","Single","1954","0","No","No","","9,778"
"501","F10495995","C","3170","2100 S Ocean Ln Unit#1202","Point of Americas 1 Point of Americas 1","","$1,295,000","","2","2","0","1,879","Condo","1970","1","","Yes","",""
"501","A11586876","C","3240","1209 ne 11th ave Unit#2","Lake Ridge Lake Ridge","","$1,295,000","","3","3","1","","Townhouse","2024","1","","No","",""
"501","A11599674","C","3270","1209 NE 11th Ave Unit#A","Lake ridge Lake Ridge","","$1,295,000","","3","3","1","¤2,316","Townhouse","2024","1","","No","",""
"501","F10554924","C","3280","411 N New River Drive Unit#3402","LAS OLAS GRAND LAS OLAS GRAND","","$1,295,000","","2","2","0","1,630","Condo","2005","1","No","Yes","","0"
"501","F10513139","C","3370","3045 NE 16th Ave","Coral Brook 37-18 B ","","$1,295,000","","5","4","0","2,171","Single","1956","3","Yes","Yes","","7,771"
"501","A12016842","C","3380","1800 N Victoria Park Rd","NORTH RIDGE ","","$1,295,000","","4","3","0","¤1,846","Single","1952","0","Yes","No","Detached","¤9,247"
"501","A11988747","C","3380","1800 N Victoria Park Rd","NORTH RIDGE ","","$1,295,000","","4","3","0","¤1,846","Single","1952","0","Yes","No","Detached","¤9,247"
"501","F10441582","C","3380","1239 NE 12th Ave Unit#A","Lake Ridge Lake Ridge","","$1,295,000","","3","3","1","2,400","Townhouse","2024","1","","No","",""
"501","R10985367","C","3380","1900 NE 16th Terrace","Poinsettia Heights ","","$1,295,000","","3","2","0","2,000","Single","1950","0","Yes","No","Garden Apartment","10,495"
"501","A11781242","C","3600","1812 S Miami Rd","EVERGLADE LAND SALES CO HARBORDALE PARK","","$1,295,000","","3","3","1","","Townhouse","2025","1","","No","",""
"501","A11880919","C","3800","333 Las Olas Way Unit#1207","LAS OLAS RIVER HOUSE COND Las Olas River House","","$1,295,000","","2","2","1","¤1,522","Condo","2004","1","","Yes","",""
"501","A11579646","C","3170","2200 S Ocean Ln Unit#2204","POINT OF AMERICAS PHASE I POINT OF AMERICAS PHASE I","","$1,290,000","","2","2","0","¤2,011","Condo","1971","2","","Yes","",""
"501","F10542138","C","3480","1423 23","marina landings ","","$1,289,000","","4","3","0","2,751","Single","2026","2","No","No","",""
"501","F10486618","C","3480","1421 SW 23rd Court","Marina Landings ","","$1,280,000","","4","3","0","2,751","Single","2025","2","No","No","","4,050"
"501","F10448288","C","3160","209 N Fort Lauderdale Beach Blvd Unit#6C","The Seasons The Seasons","","$1,275,000","","2","2","0","1,310","Condo","1981","1","","Yes","",""
"501","F10537247","C","3170","1710 S Ocean Ln Unit#104","Lago Mar North Lodge Lago Mar North Lodge","","$1,275,000","","2","2","0","1,444","Condo","1984","0","","Yes","",""
"501","F10447748","C","3170","100 S Birch Rd Unit#2403","JACKSON TOWER JACKSON TOWER","","$1,275,000","","2","2","0","1,722","Condo","2001","2","","Yes","",""
"501","A11725281","C","3270","433 NE 11th Ave","Victoria Park ","","$1,275,000","","3","3","0","¤1,650","Single","1960","2","Yes","No","Attached","¤6,500"
"501","A11540065","C","3270","1108 NE 4th Street","Victoria Park Conch Key Villas","","$1,275,000","","4","3","1","¤2,676","Townhouse","2007","1","","No","",""
"501","F10490857","C","3280","347 N New River Dr E Unit#1401","WATERGARDEN WATERGARDEN","","$1,275,000","","2","2","0","1,615","Condo","2004","3","","Yes","",""
"501","F10470345","C","3480","1205 Orange Isle","South New River Isles Sec ","","$1,275,000","","2","2","0","1,460","Single","1957","0","No","Yes","","7,950"
"501","F10490545","C","3380","1239 NE 12th Ave Unit## 2","Lake Ridge Lake Ridge","","$1,269,000","","3","3","1","2,320","Townhouse","2024","1","","No","",""
"501","A11696837","C","3380","1239 ne 12th ave Unit#2","Lake ridge lake ridge","","$1,269,000","","3","3","1","","Townhouse","2024","1","","No","",""
"501","F10493067","C","3160","2011 N Ocean Blvd Unit#1601","The Vue The Vue","","$1,265,000","","3","3","0","1,686","Condo","2005","2","","No","",""
"501","F10495953","C","3370","3057 NE 16th Ave","CORAL BROOK ","","$1,265,000","","4","2","1","1,194","Single","1956","0","Yes","Yes","","7,771"
"501","A11962936","C","3160","3101 Bayshore Dr Unit#2202","FORT LAUDERDALE RESIDENCE W Residences","","$1,250,000","","2","2","0","¤1,329","Condo","2012","0","","Yes","",""
"501","A11784347","C","3160","2100 N Ocean Blvd Unit#5B","PALMS TOWER ONE CONDO The Palms","","$1,250,000","","2","2","1","¤1,998","Condo","1999","1","","Yes","",""
"501","R11065815","C","3260","1180 N Federal Highway Unit#1409","RIVA CONDOMINIUM ","","$1,250,000","","2","2","0","1,538","Condo","2018","2","No","Yes","",""
"501","F10474849","C","3260","1512 NE 18th Ave","Lakeland Resub 27-22b ","","$1,250,000","","3","2","0","1,690","Single","1952","2","Yes","Yes","","9,618"
"501","F10543714","C","3270","714 NE 16th Ave","Macarthur Park 19-31 B ","","$1,250,000","","3","3","0","1,750","Single","1949","0","Yes","No","","7,000"
"501","F10504021","C","3270","648 NE 16th Ter","Greens Sub 19-18 B ","","$1,250,000","","3","3","0","1,428","Single","1939","0","No","No","","5,020"
"501","A11631272","C","3270","314 NE 15th Ave","VICTORIA PARK CORR AMEND VICTORIA PARK CORR AMEND","","$1,250,000","","4","3","1","¤2,738","Townhouse","2017","2","","No","",""
"501","F10430758","C","3280","1705 E Las Olas Blvd Unit#1705","VILLAS LAS OLAS VILLAS LAS OLAS","","$1,250,000","","3","2","1","1,930","Condo","1989","2","","Yes","",""
"501","F10415293","C","3370","1617 NE 28th Dr","Middle River Estates 29-4 ","","$1,250,000","","3","2","0","1,875","Single","1956","0","No","Yes","","10,980"
"501","F10465415","C","3380","1732 NE 18th Ave","Lakeland Resub 27-22 B ","","$1,250,000","","3","2","0","1,519","Single","1951","0","No","Yes","","11,022"
"501","F10414824","C","3380","1120 NE 10th Ave Unit#1120","Bijou Lake Ridge Bijou Lake Ridge","","$1,250,000","","4","3","1","2,200","Townhouse","2023","1","","No","",""
"501","A11725946","C","3390","400 NW 20th Street","MEADOWBROOK ","","$1,250,000","","5","3","","2,251","Single","2024","0","Yes","Yes","Attached","7,699"
"501","A11725125","C","3390","400 NW 20th St","MEADOWBROOK ","","$1,250,000","","5","3","0","¤1,731","Single","1957","0","Yes","Yes","Attached","¤7,699"
"501","A11685475","C","3390","400 NW 20th St","MEADOWBROOK ","","$1,250,000","","5","3","","2,251","Single","1956","0","Yes","Yes","Attached","7,699"
"501","A11969053","C","3460","707 NE 15th St","NORFOLK GARDENS AMD PLAT ","","$1,250,000","","4","3","0","¤2,357","Single","1970","0","No","No","Attached","¤11,681"
"501","F10523585","C","3470","604 SW 7th Ave","Tarpon Sky Tarpon Sky","","$1,250,000","","3","3","1","2,316","Townhouse","2025","1","","No","",""
"501","A11692025","C","3470","1722 W Las Olas Blvd","RIVER VISTA ","","$1,250,000","","3","2","0","¤1,708","Single","1971","0","Yes","Yes","Detached","¤6,900"
"501","F10464601","C","3470","1455 SW 18th Ter","Lauderdale Isles 1 31-23 ","","$1,250,000","","3","3","1","2,045","Single","1953","0","Yes","Yes","","6,431"
"501","F10448878","C","3470","1601 SW 5th Pl","Gill Isles 44-13 B ","","$1,250,000","","5","4","0","2,744","Single","1984","2","Yes","Yes","","9,741"
"501","F10530997","C","3480","1247 SW 4TH AVE","croissantpark south river ","","$1,250,000","","5","4","0","2,067","Single","1954","1","No","No","",""
"501","A11815521","C","3600","1812 Miami Rd","EVERGLADE LAND SALES CO ","","$1,250,000","","3","3","1","","Single","2025","1","Yes","No","Attached","¤6,968"
"501","F10541805","C","3480","1507 SW 18th Avenue","Shady Banks & Lauderdale ","","$1,249,999","","3","2","0","1,956","Single","1953","1","Yes","Yes","","6,809"
"501","F10531742","C","3480","1507 SW 18th Ave","Shady Banks ","","$1,249,999","","3","2","0","1,956","Single","1953","1","Yes","Yes","","6,809"
"501","F10485534","C","3380","1232 NE 17th Way","LAKE RIDGE ","","$1,249,000","","4","3","1","2,146","Single","1950","0","Yes","No","","8,240"
"501","F10449196","C","3380","1052 N Victoria Park Rd Unit#1052","LINEO Lake Ridge LINEO Lake Ridge","","$1,249,000","","3","3","1","2,257","Townhouse","2022","2","","No","",""
"501","F10464576","C","3390","1017 NW 30th Street","Jenada Isle 50-39 B ","","$1,249,000","","4","3","0","2,355","Single","1973","2","Yes","Yes","","7,501"
"501","A11787375","C","3480","701 SW 17th St","LAUDERDALE PINES Croissant Park","","$1,249,000","","5","4","0","","Townhouse","2025","1","","No","",""
"501","A11884376","C","3740","744 NE 16th Ave","VICTORIA PARK ","","$1,245,000","","4","3","0","¤1,649","Single","1946","0","Yes","No","Detached","¤7,171"
"501","F10489035","C","3370","2700 NE 9th Ave Unit#13","Wilton Yards Wilton Yards","","$1,239,000","","3","3","1","2,065","Townhouse","2026","2","","No","",""
"501","F10460170","C","3160","401 N Birch Rd Unit#TH4","TIFFANY HOUSE TIFFANY HOUSE","","$1,225,000","","2","2","1","1,488","Townhouse","2018","2","","No","",""
"501","F10468188","C","3370","1617 NE 28th Dr","Middle River Estates 29-4 ","","$1,225,000","","3","2","0","1,875","Single","1956","0","No","Yes","","10,980"
"501","F10461574","C","3380","1052 N Victoria Park Rd Unit#1052","LINEO Lake Ridge LINEO Lake Ridge","","$1,225,000","","3","3","1","2,257","Townhouse","2022","2","","No","",""
"501","F10452166","C","3390","400 NW 20th St","Meadowbrook 37-37 B ","","$1,225,000","","5","3","0","2,251","Single","1956","0","Yes","Yes","","7,699"
"501","F10480188","C","3800","200 W Broward Boulevard Unit#1201","Natiivo Fort Lauderdale Natiivo Fort Lauderdale","","$1,204,000","","3","2","0","1,150","Condo","2027","1","","No","",""
"501","A11975117","C","3160","3101 Bayshore Dr Unit#608","FORT LAUDERDALE RESIDENCE W Ft Lauderdale Residence","","$1,200,000","","2","2","0","¤1,214","Condo","2011","1","","No","",""
"501","A11869857","C","3160","401 N Birch Rd Unit#603","TIFFANY HOUSE CONDO TIFFANY HOUSE","","$1,200,000","","2","2","0","¤1,285","Condo","2018","2","","No","",""
"501","F10452615","C","3160","551 N Fort Lauderdale Beach Blvd Unit#H1217","Ocean Resort Residences Ocean Resort Residences","","$1,200,000","","1","1","1","839","Condo","2009","1","","Yes","",""
"501","A11657950","C","3260","1180 N Federal Hwy Unit#1105","RIVA CONDOMINIUM RIVA CONDOMINIUM","","$1,200,000","","2","2","1","¤1,620","Condo","2018","1","","No","",""
"501","F10549500","C","3270","643 18th Avenue","Victoria Park ","","$1,200,000","","5","5","0","1,500","Single","1950","1","Yes","No","","8,880"
"501","F10445171","C","3370","2149 NE 27th Dr","Coral Gardens 30-7 B ","","$1,200,000","","3","2","0","1,758","Single","1953","0","Yes","Yes","","6,838"
"501","F10522929","C","3470","602 SW 7th Ave","Tarpon Sky Tarpon Sky","","$1,200,000","","3","3","1","2,316","Townhouse","2025","1","","No","",""
"501","F10514242","C","3470","509 SW 11th Street Unit#509","Stratus Stratus","","$1,200,000","","4","3","1","2,265","Townhouse","2026","1","","No","",""
"501","F10491239","C","3170","100 S Birch Rd Unit#1103","JACKSON TOWER LAS OLAS CO JACKSON TOWER LAS OLAS CO","","$1,199,999","","2","2","0","1,722","Condo","2001","208","","No","",""
"501","A12028096","C","3160","2318 N Ocean Blvd","LAUDERDALE BEACH ","","$1,199,900","","5","4","","¤2,423","Single","1952","0","No","No","Detached","¤6,610"
"501","F10442125","C","3800","333 Las Olas Way Unit#2303","LAS OLAS RIVER HOUSE LAS OLAS RIVER HOUSE","","$1,199,500","","2","2","1","1,869","Condo","2005","1","","Yes","",""
"501","A11763069","C","3380","1785 NE 15th St","PROGRESSO ","","$1,199,049","","4","3","0","¤1,830","Single","2015","1","Yes","No","Attached","¤5,993"
"501","A11750462","C","3160","2845 NE 9th St Unit#605","LE CLUB INTERNATIONAL CON LE CLUB INTERNATIONAL","","$1,199,000","","2","2","1","¤2,450","Condo","2002","2","","Yes","",""
"501","R11143969","C","3170","2100 S Ocean Lane Unit#101-102","POINT OF AMERICAS CONDO ","","$1,199,000","","4","4","0","3,003","Condo","1970","2","No","No","","0"
"501","F10526647","C","3170","2000 S Ocean Dr Unit#610","EVERGLADES HOUSE EVERGLADES HOUSE","","$1,199,000","","3","3","0","2,650","Condo","1965","1","","Yes","",""
"501","F10467831","C","3170","100 S Birch Road Unit#2403","Jackson Tower Las Olas Jackson Tower Las Olas","","$1,199,000","","2","2","0","1,722","Condo","2001","1","","Yes","",""
"501","F10514421","C","3270","714 NE 16th Ave","Macarthur Park 19-31 B ","","$1,199,000","","3","3","0","1,750","Single","1949","0","Yes","No","","7,000"
"501","F10524278","C","3370","1743 NE 27th St","Coral Estates 32-29 B ","","$1,199,000","","3","2","0","1,440","Single","1954","1","Yes","No","","7,834"
"501","F10459892","C","3370","3044 NE 15th Ter","CORAL BROOK ","","$1,199,000","","3","2","0","2,485","Single","1956","0","Yes","Yes","","7,778"
"501","F10465943","C","3380","1052 N Victoria Park Rd","Progresso 2-18 D ","","$1,199,000","","3","3","1","2,074","Single","2022","2","Yes","No","","1,596"
"501","B26016890","C","3470","811 SW 10th Terrace","ALMEDA ","","$1,199,000","","3","3","1","2,108","Townhouse","2023","1","Yes","No","Other, Substantially Remodeled","3,125"
"501","A11543711","C","3470","521 SW 7th Ave Unit#9","TARPON RIVER CLUB TARPON RIVER CLUB","","$1,199,000","","3","2","1","¤2,050","Townhouse","1994","2","","No","",""
"501","A11633782","C","3470","816 SW 10th St","Tarpon River ","","$1,195,997","","3","3","1","3,200","Single","2007","2","Yes","Yes","Attached","6,000"
"501","A11626146","C","3470","816 SW 10th St Unit#816","LAUDERDALE Tarpon River","","$1,195,997","","3","3","1","¤3,269","Townhouse","2007","2","","Yes","",""
"501","F10432786","C","3160","2401 N Ocean Blvd Unit#702","FOUNTAINS ON OCEAN BOUL FOUNTAINS ON OCEAN BOUL","","$1,195,000","","3","3","1","2,080","Condo","2008","2","","No","",""
"501","F10416873","C","3160","551 N Fort Lauderdale Beach Blvd Unit#H1014","551 FLB CONDOMINIUM HOTEL 551 FLB CONDOMINIUM HOTEL","","$1,195,000","","2","2","0","1,149","Condo","2009","1","","Yes","",""
"501","R11030616","C","3370","2935 NE 21st Terrace","CORAL SHORES ","","$1,195,000","","3","2","0","2,075","Single","1954","2","Yes","No","","8,002"
"501","R11046776","C","3800","100 E Las Olas Boulevard Unit#1802","100 LAS OLAS ","","$1,195,000","","2","2","1","1,501","Condo","2020","2","No","No","",""
"501","F10502936","C","3470","606 SW 7th Ave","Tarpon Sky Tarpon Sky","","$1,191,000","","3","3","1","2,316","Townhouse","2025","1","","No","",""
"501","A11776578","C","3500","309 SW 10th St","CROISSANT PARK RIVER SEC 309","","$1,190,000","","3","3","1","","Townhouse","2024","1","","No","",""
"501","A11676684","C","3500","309 SW 10th St","CROISSANT PARK RIVER SEC 309","","$1,190,000","","3","3","1","","Townhouse","2024","1","","No","",""
"501","F10479088","C","3800","333 Las Olas Way Unit#2303","LAS OLAS RIVER HOUSE LAS OLAS RIVER HOUSE","","$1,189,900","","2","2","1","1,869","Condo","2005","1","","Yes","",""
"501","F10495939","C","3480","1112 Tangelo Isle","South New River Isles Sec ","","$1,185,000","","2","2","0","1,632","Single","1957","1","No","Yes","","6,890"
"501","F10470502","C","3160","401 N Birch Rd Unit#703","TIFFANY HOUSE CONDO TIFFANY HOUSE CONDO","","$1,175,000","","2","2","0","1,285","Condo","2018","2","","No","",""
"501","F10419549","C","3170","2100 S Ocean Ln Unit#1502","POINT OF AMERICAS POINT OF AMERICAS","","$1,175,000","","2","2","0","1,789","Condo","1969","1","","Yes","",""
"501","A11733200","C","3370","100 NE 22nd St","Petite ","","$1,175,000","","3","3","0","","Single","1959","0","Yes","No","Attached","¤6,249"
"501","A11674337","C","3380","1708 NE 17th Ave","PROGRESSO ","","$1,175,000","","3","2","0","¤1,449","Single","1952","1","Yes","No","Detached","¤7,433"
"501","A11671107","C","3380","1708 NE 17th Ave","PROGRESSO ","","$1,175,000","","3","2","0","¤1,449","Single","1952","1","Yes","No","Detached","¤7,433"
"501","A12012037","C","3470","808 SW 9th St Unit#808-B","LAUDERDALE AQUAMARINE SHINE 3","","$1,165,000","","3","2","1","2,662","Townhouse","2025","1","","No","",""
"501","A11590298","C","3470","808 SW 9th St Unit#808-B","LAUDERDALE AQUAMARINE SHINE 3","","$1,165,000","","3","2","1","2,662","Townhouse","2025","1","","No","",""
"501","A11950211","C","3170","2100 S Ocean Ln Unit#2308","POINT OF AMERICAS CONDO POINT OF AMERICAS","","$1,150,000","","2","2","0","¤1,880","Condo","1970","1","","Yes","",""
"501","F10468720","C","3170","1662 S Ocean Ln Unit#259","THE OCEANAGE THE OCEANAGE","","$1,150,000","","2","2","0","1,264","Condo","1973","0","","Yes","",""
"501","A11580670","C","3170","2100 S Ocean Ln Unit#2308","POINT OF AMERICAS CONDO POINT OF AMERICAS CONDO","","$1,150,000","","2","2","0","¤1,880","Condo","1969","1","","Yes","",""
"1001","A11658207","C","3270","1610 NE 1st St Unit#6","VICTORIA PARK CORR AMEN P Collee Hammock East","","$1,150,000","","4","2","1","¤2,266","Townhouse","1988","2","","No","",""
"1001","A11963230","C","3370","913 NE 15th St","LAUDERDALE PARK 6-33 1/2 ","","$1,150,000","","4","3","1","¤2,228","Single","2024","1","No","No","Attached","¤5,500"
"1001","F10498591","C","3380","1123 NE 18th Ave Unit#1123","9 Lakeridge 9 Lakeridge","","$1,150,000","","4","3","1","2,810","Townhouse","2008","2","","No","",""
"1001","F10535352","C","3460","1704 SW 4th Court","Gill Isles 44-13 B ","","$1,150,000","","3","2","0","1,462","Single","1957","","Yes","Yes","","6,825"
"1001","A11846426","C","3470","1724 SW 5th St","GILL ISLES ","","$1,150,000","","3","3","1","","Single","1957","0","Yes","Yes","Detached","¤6,825"
"1001","A11845700","C","3470","1724 SW 5th St","GILL ISLES ","","$1,150,000","","3","3","1","¤1,197","Single","1957","0","Yes","Yes","Detached","¤6,825"
"1001","F10478433","C","3470","1724 SW 5th St","Gill Isles 44-13 B ","","$1,150,000","","3","3","1","1,516","Single","1957","0","Yes","Yes","","6,825"
"1001","A11982820","C","3480","1419 SW 21st Ct","RIVER OAKS ","","$1,150,000","","4","4","0","¤2,878","Single","2010","2","Yes","No","Detached","¤5,000"
"1001","A11834559","C","3500","313 SW 10th St Unit#B","CROISSANT PARK RIVER SEC 313 B","","$1,150,000","","3","3","1","","Townhouse","2025","1","","No","",""
"1001","A11846509","C","3840","1703 SW 23rd St","OSCEOLA PARK River Oaks Villas","","$1,150,000","","4","3","","2,508","Townhouse","2025","2","","No","",""
"1001","F10504586","C","3170","100 S Birch Rd Unit#2403","JACKSON TOWER LAS OLAS JACKSON TOWER LAS OLAS","","$1,149,000","","2","2","0","1,722","Condo","2001","2","","Yes","",""
"1001","F10551322","C","3370","1743 NE 27th Street","Coral Estates 32-29 B ","","$1,149,000","","3","2","0","1,440","Single","1954","1","Yes","No","","7,834"
"1001","F10491215","C","3380","1223 NE 14th Ave","Ridge Pointe Ridge Pointe","","$1,149,000","","3","2","1","2,538","Townhouse","2011","2","","No","",""
"1001","A11899436","C","3480","701 SW 17th St","LAUDERDALE PINES N/A","","$1,149,000","","5","4","0","¤2,519","Townhouse","2025","1","","No","",""
"1001","F10523170","C","3800","333 Las Olas Way Unit#2303","LAS OLAS RIVER HOUSE COND LAS OLAS RIVER HOUSE COND","","$1,149,000","","2","2","1","1,869","Condo","2004","1","","Yes","",""
"1001","A11787405","C","3800","200 W Broward Blvd Unit#1105","Natiivo Fort Lauderdale Natiivo Fort Lauderdale","","$1,149,000","","2","2","","","Condo","2028","1","","No","",""
"1001","A11742379","C","3160","3101 Bayshore Dr Unit#1808","FORT LAUDERDALE RESIDENCE W RESIDENCES","","$1,145,000","","2","2","0","¤1,214","Condo","2011","2","","Yes","",""
"1001","F10465343","C","3170","2000 SE 26th Ave","Breakwater 42-19 B ","","$1,145,000","","3","2","0","1,334","Single","1956","0","No","No","","6,358"
"1001","A11556048","C","3300","922 NE 17th Way","PROGRESSO ","","$1,140,000","","3","3","1","¤2,428","Single","2016","2","No","No","Detached","¤2,731"
"1001","R11123114","C","3160","2800 E Sunrise Boulevard Unit#19a","SUNRISE EAST CONDO ","","$1,136,250","","3","2","1","2,498","Condo","1969","2","No","Yes","","0"
"1001","A11498910","C","3270","540 NE 11th Ave","Victoria Park ","","$1,135,000","","3","2","1","¤1,412","Single","1946","0","Yes","No","Detached","¤6,500"
"1001","A11513418","C","3470","1709 SW 5th Pl","GILL ISLES ","","$1,125,000","","3","2","0","¤1,433","Single","1962","1","Yes","Yes","Detached","¤7,680"
"1001","F10509312","C","3480","1540 SW 16th St","Shady Banks ","","$1,125,000","","4","2","0","1,715","Single","1958","1","Yes","Yes","","9,584"
"1001","A11854352","C","3600","622 SE 6th Ct","GORDONS ADD ","","$1,125,000","","4","3","0","","Single","1945","0","No","No","Detached","¤6,750"
"1001","F10470294","C","3160","401 N Birch Rd Unit#504","Tiffany House Tiffany House","","$1,100,000","","2","2","0","1,285","Condo","2018","2","","No","",""
"1001","F10493945","C","3270","620 NE 7th Ave","Progresso 2-18 D ","","$1,100,000","","3","3","1","2,464","Single","2007","2","No","No","","2,778"
"1001","F10438017","C","3270","1749 NE 9th St","Village at Victoria Park ","","$1,100,000","","3","3","1","2,436","Single","2016","2","No","No","","2,924"
"1001","F10549902","C","3370","2925 NE 1st Ave","Almar Estates Resub 32-36 ","","$1,100,000","","3","2","0","1,387","Single","1956","0","Yes","Yes","","6,501"
"1001","F10540329","C","3370","2213 NE 16th Ave","Edgewater Estates 40-7 B ","","$1,100,000","","3","2","0","1,550","Single","1957","1","No","Yes","","7,697"
"1001","F10518956","C","3370","2716 NE 10th Ter","Amadale 29-6 B ","","$1,100,000","","3","2","1","1,521","Single","1953","0","Yes","No","","8,073"
"1001","R11092979","C","3380","1054 N Victoria Park Road","Lake Ridge ","","$1,100,000","","3","3","1","1,988","Townhouse","2022","2","Yes","No","",""
"1001","A11840219","C","3600","707 SE 11th Ct","RIO VISTA ISLES ","","$1,100,000","","2","1","0","¤1,196","Single","1951","0","No","No","Detached","¤6,250"
"1001","F10459444","C","3390","400 NW 20th St","Meadowbrook 37-37 B ","","$1,099,999","","5","3","0","2,251","Single","1956","0","Yes","Yes","","7,699"
"1001","B26005718","C","3470","1625 SW 5th Court","GILL ISLES ","","$1,099,999","","3","2","0","1,521","Single","1957","2","Yes","Yes","Ranch","7,150"
"1001","F10495262","C","3370","2016 NE 22nd St","Coral Point 31-27 B ","","$1,099,900","","4","3","0","1,941","Single","1956","0","Yes","No","","7,003"
"1001","F10488479","C","3160","2001 N Ocean Blvd Unit#1101","THE VUE THE VUE","","$1,099,000","","3","3","0","1,686","Condo","2005","1","","No","",""
"1001","F10454248","C","3270","739 NE 17th Rd","Victoria Courts 9-49 B ","","$1,099,000","","3","2","0","1,045","Single","1941","0","No","No","","4,814"
"1001","A11794504","C","3370","324 NE 28th St","TROPICAL MANORS ","","$1,099,000","","3","2","0","¤1,669","Single","2025","1","Yes","No","Detached","¤7,002"
"1001","F10488392","C","3370","2700 NE 9th Avenue Unit#2","Wilton Yards Wilton Yards","","$1,099,000","","3","3","1","2,055","Townhouse","2026","2","","No","",""
"1001","F10494640","C","3390","2836 NW 11th Ave","Jenada Isle 50-39 B ","","$1,099,000","","4","3","0","2,712","Single","1962","2","Yes","No","","10,792"
"1001","A11755717","C","3160","612 Bayshore Dr Unit#301","WAVE ON BAYSHORE CONDO The Wave On Bayshore","","$1,097,000","","3","2","0","¤1,664","Condo","2020","2","","No","",""
"1001","A11499812","C","3170","101 S Fort Lauderdale Beach Blvd Unit#707","LAS OLAS BEACH CLUB CONDO LAS OLAS BEACH CLUB","","$1,095,000","","2","2","0","¤1,905","Condo","2007","1","","Yes","",""
"1001","F10429473","C","3380","1517 NE 17th Ter","Progresso 2-18 D ","","$1,095,000","","4","4","0","2,766","Single","1953","0","Yes","No","","6,750"
"1001","A11818831","C","3600","801 SE 7th St","RIO VISTA C J HECTORS RES ","","$1,095,000","","2","2","0","","Single","1936","1","No","No","Detached","¤6,150"
"1001","F10480496","C","3600","801 SE 7th St","Rio Vista C J Hectors Res ","","$1,095,000","","2","2","0","1,100","Single","1936","1","No","No","","6,150"
"1001","F10420231","C","3270","906 NE 15th Ave","VICTORIA904 ","","$1,090,000","","3","3","1","2,600","Single","2017","2","No","No","",""
"1001","A11775518","C","3800","200 W Broward Blvd Unit#903","Natiivo Fort Lauderdale Natiivo Fort Lauderdale","","$1,090,000","","2","2","","","Condo","2028","1","","No","",""
"1001","F10498833","C","3470","608 SW 7th Ave Unit#608","Tarpon Sky Tarpon Sky","","$1,089,000","","3","3","1","2,316","Townhouse","2025","1","","No","",""
"1001","F10455481","C","3470","610 SW 10th St","Croissant Park River Sec ","","$1,080,000","","3","2","1","2,675","Single","2010","2","Yes","No","","3,113"
"1001","F10444420","C","3470","610 SW 10th St Unit#610","CROISSANT PARK RIVER CROISSANT PARK RIVER","","$1,080,000","","3","2","1","2,675","Townhouse","2010","2","","No","",""
"1001","F10442354","C","3270","Nine Eleven N Victoria Park Rd","Village at Victoria Park ","","$1,075,000","","3","3","1","2,324","Single","2018","2","No","No","","2,869"
"1001","F10417862","C","3270","368 NE 7th Ave Unit#368","VICTORIA MEWS VICTORIA MEWS","","$1,075,000","","3","2","1","2,207","Townhouse","1998","2","","No","",""
"1001","B26000413","C","3160","100 S Birch Road Unit#803","JACKSON TOWER LAS OLAS CON ","","$1,069,000","","2","2","0","1,722","Condo","2001","1","No","Yes","","0"
"1001","F10509191","C","3500","600 W Las Olas Blvd Unit#1901S","SYMPHONY SYMPHONY","","$1,069,000","","3","2","1","1,782","Condo","2005","2","","Yes","",""
"1001","F10543450","C","3280","347 N New River Drive Unit#1104","WATERGARDEN WATERGARDEN","","$1,067,000","","3","2","0","1,469","Condo","2004","1","","Yes","","0"
"1001","A11753207","C","3800","200 W Broward Blvd Unit#3202","Natiivo Fort Lauderdale Natiivo Fort Lauderdale","","$1,056,000","","2","1","","","Condo","2028","1","","No","",""
"1001","A11670602","C","3390","601 NW 22nd St","HILLBROOK ","","$1,055,000","","5","3","0","¤2,220","Single","1954","0","Yes","No","Detached","¤20,001"
"1001","F10480705","C","3160","209 N Birch Rd Unit#402","Alhambra Alhambra","","$1,050,000","","3","3","1","2,410","Condo","2001","2","","Yes","",""
"1001","A11678780","C","3160","401 N Birch Rd Unit#505","TIFFANY HOUSE CONDO TIFFANY HOUSE CONDO","","$1,050,000","","2","2","0","¤1,284","Condo","2018","2","","No","",""
"1001","F10503914","C","3270","739 NE 17th Rd","Victoria Courts 9-49 B ","","$1,050,000","","3","2","0","1,010","Single","1941","0","No","No","","4,814"
"1001","F10514113","C","3370","1120 NE 2nd Ave","Progresso 2-18 D ","","$1,050,000","","5","3","0","2,120","Single","1931","0","Yes","No","","10,129"
"1001","A11875282","C","3600","622 SE 6th Ct","GORDONS ADD ","","$1,050,000","","4","3","0","","Single","1945","0","No","No","Detached","¤6,750"
"1001","F10448047","C","3370","2217 NE 20th Ave","Coral Point 31-27 B ","","$1,049,000","","3","2","0","1,678","Single","1961","0","No","Yes","","7,000"
"1001","A11814332","C","3470","604 SW 11th Ct","CROISSANT PARK RIVER SEC ","","$1,049,000","","2","2","","¤1,180","Single","1947","3","No","Yes","Attached","¤7,610"
"1001","F10505789","C","3370","2200 NE 19th Ave","CORAL POINT ","","$1,048,000","","4","4","0","2,159","Single","1956","0","No","Yes","","7,000"
"1001","F10514142","C","3370","1643 NE 8th Ave","Middle River Terrace Amd ","","$1,045,000","","4","2","0","2,608","Single","1953","0","Yes","No","","6,420"
"1001","F10486861","C","3700","505 NE 2nd Street Unit#32E","Viceroy Fort Lauderdale Viceroy Fort Lauderdale","","$1,037,000","","1","1","0","949","Condo","2029","1","","No","",""
"1001","F10472192","C","3260","2770 NE 15th St","Coral Ridge Courtyard Con ","","$1,030,000","","2","2","0","1,730","Single","1996","1","Yes","Yes","","12,478"
"1001","F10475606","C","3480","1009 Mango Isle","South New River Isles Sec ","","$1,030,000","","2","1","0","1,168","Single","1954","0","No","Yes","","6,360"
"1001","F10460874","C","3480","1009 Mango Isle","South New River Isles Sec ","","$1,030,000","","2","1","0","1,168","Single","1954","0","No","Yes","","6,360"
"1001","A11584712","C","3160","3101 Bayshore Dr Unit#1007","FORT LAUDERDALE RESIDENCE W FORT LAUDERDALE","","$1,028,988","","2","2","0","¤1,176","Condo","2010","1","","Yes","",""
"1001","A11762370","C","3260","1180 N Federal Hwy Unit#609","RIVA RIVA Residences","","$1,025,000","","2","2","","¤1,411","Condo","2018","2","","Yes","",""
"1001","A11793709","C","3270","1631 NE 9th St","PROGRESSO Capri Villas","","$1,025,000","","3","3","1","¤1,913","Townhouse","2017","2","","No","",""
"1001","A11787427","C","3800","200 W Broward Blvd Unit#2602","Natiivo Fort Lauderdale Natiivo Fort Lauderdale","","$1,019,000","","2","1","","","Condo","2028","1","","No","",""
"1001","F10448717","C","3270","1733 NE 8th St Unit#A","Victoria Park Victoria Park","","$1,011,000","","3","3","1","2,594","Townhouse","2015","2","","No","",""
"1001","A11957390","C","3080","1324 NE 14th Ave","PROGRESSO ","","$1,009,999","","3","3","0","¤1,785","Single","2003","4","Yes","No","Attached","¤6,749"
"1001","A11614305","C","3370","2156 NE 18th Ave","MIDDLE RIVER MANOR ","","$1,000,000","","3","3","0","¤1,624","Single","1955","0","Yes","Yes","Attached","¤7,000"
"1001","F10477036","C","3270","919 N Victoria Park Rd","Village at Victoria Park ","","$999,999","","3","3","1","2,324","Single","2018","2","No","No","","2,583"
"1001","F10539341","C","3380","1112 NE 17th Way Unit#1112","Lakes of Treasure Village Lakes of Treasure Village","","$999,999","","3","3","1","2,829","Townhouse","2010","2","","No","",""
"1001","A11589854","C","3600","902 SE 12th Ct","EVERGLADE LAND SALES CO ","","$999,999","","3","2","0","¤2,104","Single","1952","0","No","No","Detached","¤8,580"
"1001","A11606241","C","3480","1401 SW 20th St","YELLOWSTONE PARK ","","$999,990","","4","3","0","¤1,666","Single","2022","0","Yes","No","Detached","¤7,409"
"1001","F10473498","C","3370","332 NE 29th St","Tropical Manors Add 35-1 ","","$999,750","","2","2","0","1,458","Single","1956","0","No","No","","8,256"
"1001","F10461947","C","3160","2401 N Ocean Blvd Unit#702","FOUNTAINS ON OCEAN BOUL FOUNTAINS ON OCEAN BOUL","","$999,000","","3","3","1","2,100","Condo","2008","2","","No","",""
"1001","F10496908","C","3170","2100 S Ocean Ln Unit#1608","POINT OF AMERICAS POINT OF AMERICAS","","$999,000","","2","2","0","1,880","Condo","1969","1","","Yes","",""
"1001","F10482981","C","3270","1617 NE 3rd Ct","VICTORIA PARK CORR AMEN P ","","$999,000","","3","2","0","1,732","Single","1931","0","No","No","","6,232"
"1001","F10454257","C","3270","742 NE 17th Ave","Victoria Courts 9-49 B ","","$999,000","","2","2","0","895","Single","1950","0","No","No","","4,814"
"1001","A11648938","C","3280","1524 SE 12th St Unit#5","LA CASA DEL RIO VISTA CON LA CASA DEL RIO","","$999,000","","2","2","1","¤1,208","Condo","1981","2","","Yes","",""
"1001","A11874042","C","3370","3045 NE 16th Ave","CORAL BROOK ","","$999,000","","5","4","0","¤2,171","Single","1956","1","Yes","No","Detached","¤7,771"
"1001","F10459134","C","3370","2040 Coral Gardens Dr","Coral Gardens Amd 32-21 B ","","$999,000","","3","3","0","2,163","Single","1954","0","No","No","","8,977"
"1001","F10452674","C","3370","132 Almar Dr","Almar Estates Resub 32-36 ","","$999,000","","3","2","0","1,272","Single","1954","0","Yes","No","","7,486"
"1001","F10438835","C","3370","108 NE 26th Dr","Sunset Manors Amd 27-26 B ","","$999,000","","4","3","0","1,900","Single","1952","0","Yes","No","","13,288"
"1001","F10462591","C","3800","333 Las Olas Way Unit#1007","LAS OLAS RIVER HOUSE LAS OLAS RIVER HOUSE","","$999,000","","2","2","1","1,522","Condo","2004","1","","No","",""
"1001","A11737450","C","3160","2001 N Ocean Blvd Unit#701","Vue condominium Vue","","$998,500","","3","3","0","¤1,686","Condo","2005","2","","Yes","",""
"1001","F10415560","C","3390","801 NW 24th St","Babco Park 42-6 B ","","$998,000","","4","3","0","2,208","Single","1957","2","Yes","No","","11,941"
"1001","F10458796","C","3700","704 NE 3rd Ave","Bamboo Flats Bamboo Flats","","$998,000","","4","4","1","2,762","Townhouse","2007","2","","No","",""
"1001","R11028923","C","3390","400 NW 20th Street","MEADOWBROOK ","","$997,111","","5","3","0","2,251","Single","1956","0","Yes","Yes","","7,699"
"1001","F10456606","C","3370","2217 NE 20th Ave","Coral Point 31-27 B ","","$997,000","","3","2","0","1,678","Single","1961","0","No","Yes","","7,000"
"1001","F10476722","C","3700","300 NE 3rd Ave Unit#1203S","Ombelle Fort Lauderdale Ombelle Fort Lauderdale","","$996,471","","2","2","0","1,144","Condo","2028","1","","No","",""
"1001","A11610866","C","3170","1578 S ocean lane Unit#114","OCEANAGE CONDO Oceanage","","$995,000","","2","2","0","¤1,264","Condo","1973","0","","Yes","",""
"1001","A11779942","C","3370","2679 NE 8th Ave","HIGHLANDS ESTATES Wilton Springs","","$995,000","","3","2","1","¤1,579","Townhouse","2022","2","","No","",""
"1001","A11684957","C","3370","913 NE 15th St","LAUDERDALE PARK 6-33 1/2 ","","$995,000","","4","3","1","2,236","Single","2024","1","No","No","Attached","¤5,500"
"1001","F10455018","C","3370","403 NE 27th St","Sunset Manors Amd 27-26 B ","","$995,000","","3","2","0","1,624","Single","1952","1","No","No","","10,811"
"1001","F10520432","C","3600","720 SE 7th Street","Rio Vista ","","$994,750","","2","1","0","1,200","Single","1924","0","No","No","","6,250"
"1001","R11150959","C","3113","1031 NE 13th Avenue","PROGRESSO ","","$990,000","","4","3","1","2,780","","2019","2","Yes","No","","5,037"
"1001","F10494861","C","3370","3044 NE 15th Terrace","Coral Brook 37-18 B ","","$990,000","","3","2","0","2,485","Single","1956","0","Yes","Yes","","7,772"
"1001","F10474052","C","3370","2217 NE 20th Ave","Coral Point 31-27 B ","","$989,000","","3","2","0","1,678","Single","1961","0","No","Yes","","7,000"
"1001","A11693613","C","3370","2141 NE 18th Ave","MIDDLE RIVER MANOR ","","$988,000","","3","2","0","¤1,272","Single","1960","1","Yes","Yes","Detached","¤6,998"
"1001","A11677801","C","3370","2141 NE 18th Ave","MIDDLE RIVER MANOR ","","$988,000","","3","2","0","¤1,272","Single","1955","1","Yes","Yes","Attached","¤6,998"
"1001","A11610281","C","3370","2141 NE 18th Ave","MIDDLE RIVER MANOR ","","$988,000","","3","2","0","¤1,272","Single","1955","2","Yes","Yes","Attached","¤6,998"
"1001","A11730478","C","3270","428 NE 17th Ave","VICTORIA PARK CORR AMEN P ","","$985,000","","2","1","0","¤1,155","Single","1960","1","No","No","Attached","¤5,826"
"1001","F10555315","C","3480","1514 Davie Boulevard","Hendricks Heights 22-49 B ","","$985,000","","4","3","1","2,236","Single","2016","2","No","No","","7,590"
"1001","F10434239","C","3270","1225 NE 5th St","Halls Add 1-134 D ","","$982,500","","3","3","0","1,912","Single","1951","0","Yes","No","","6,500"
"1001","F10486485","C","3160","715 Bayshore Unit#506","La Rive La Rive","","$979,000","","2","3","0","1,733","Condo","2004","2","","Yes","",""
"1001","R11129183","C","3280","810 SE 2nd Street Unit#F","CARIBBEAN TOWNHOMES ","","$979,000","","2","2","1","1,350","Townhouse","1981","0","No","No","",""
"1001","F10450215","C","3280","347 N New River Dr E Unit#3011","Watergarden Watergarden","","$979,000","","2","2","0","1,178","Condo","2004","1","","Yes","",""
"1001","F10384284","C","3280","347 N New River Dr E Unit#2504","WATERGARDEN WATERGARDEN","","$979,000","","3","2","0","1,469","Condo","2004","1","","Yes","",""
"1001","F10506222","C","3370","2299 NE 9th Ave Unit#2299","Belle Isle Belle Isle","","$979,000","","3","3","0","1,880","Townhouse","2006","2","","No","",""
"1001","A11513139","C","3160","3101 Bayshore Dr Unit#704","FORT LAUDERDALE RESIDENCE W Fort Lauderdale","","$977,900","","2","2","0","¤1,176","Condo","2010","1","","Yes","",""
"1001","A11787039","C","3010","829 SW 4th Ct","Sailboat bend ","","$975,000","","3","2","0","¤1,208","Single","1956","0","No","No","Detached","¤7,000"
"1001","A11669500","C","3040","829 SW 4th Ct","Sailboat bend ","","$975,000","","3","2","0","¤1,208","Single","1956","0","No","No","Detached","¤7,000"
"1001","A11595470","C","3280","347 N New River Dr E Unit#2709","WATERGARDEN CONDO WATERGARDEN CONDO","","$975,000","","3","2","0","¤1,469","Condo","2004","1","","Yes","",""
"1001","A11895028","C","3370","2141 NE 18th Ave","MIDDLE RIVER MANOR ","","$975,000","","3","2","0","¤1,272","Single","1955","0","Yes","Yes","Detached","¤6,998"
"1001","A11633296","C","3470","829 SW 4th Ct","Sailboat Bend ","","$975,000","","3","2","0","¤1,208","Single","1956","0","No","No","Detached","¤7,000"
"1001","A11682110","C","3270","1749 NE 9th St","Village at Victoria Park ","","$974,999","","3","3","1","¤2,436","Single","2016","2","No","No","Attached","¤2,924"
"1001","A11572490","C","3160","551 N Fort Lauderdale Beach Blvd Unit#R1803 & R1804","551 FLB CONDOMINIUM RESID THE OCEAN RESORT","","$970,000","","2","2","1","","Condo","2009","2","","No","",""
"1001","R10957068","C","3380","1031 NE 13 Avenue","PROGRESSO ","","$970,000","","4","3","1","2,680","Townhouse","2019","2","Yes","No","","5,037"
"1001","A11632195","C","3470","411 SW 12th Ave","Sailboat bend ","","$970,000","","4","3","0","¤2,650","Single","2020","2","No","No","Detached","¤6,750"
"1001","F10478383","C","3370","1400 NE 24 St.","Middle River Plaza ","","$969,900","","3","2","1","2,653","Single","2007","2","No","No","",""
"1001","A11701496","C","3270","605 NE 11th Ave","PROGRESSO Victoria Park","","$965,000","","3","3","1","¤2,371","Townhouse","2005","2","","No","",""
"1001","F10445724","C","3370","2800 NE 10th Ave","Amadale Add 36-48 B ","","$965,000","","3","2","0","1,908","Single","1955","0","Yes","No","","6,941"
"1001","F10431870","C","3470","1516 SW 4th ave Unit#1516","lauderdale lauderdale","","$965,000","","3","2","1","2,200","Townhouse","2022","1","","No","",""
"1001","A11675687","C","3480","1201 SW 21st Ct","FLORAL RIDGE ADDITION ","","$960,000","","3","2","0","¤1,281","Single","1955","0","Yes","No","Attached","¤8,903"
"1001","F10525294","C","3170","1 Las Olas Circle Unit#512","Venetian Condominium Venetian Condominium","","$959,000","","2","2","0","1,500","Condo","1971","1","","Yes","",""
"1001","F10548146","C","3270","431-433 NE 15th Ave","Las Olas Park Corr 6-12 B ","","$959,000","","3","2","0","1,543","Single","1954","0","No","No","","6,116"
"1001","F10514580","C","3270","739 NE 17th Rd","Victoria Courts 9-49 B ","","$950,000","","3","2","0","1,010","Single","1941","0","No","No","","4,814"
"1001","F10503991","C","3270","742 NE 17th Ave","Victoria Courts 9-49 B ","","$950,000","","2","2","0","877","Single","1950","0","No","No","","4,814"
"1001","F10478041","C","3370","525 NE 27th St","Sunset Manors Amd 27-26 B ","","$950,000","","5","3","0","1,775","Single","1952","0","Yes","No","","12,823"
"1001","F10527603","C","3380","1121 NE 14th Avenue","Villa Valentina Villa Valentina","","$950,000","","3","2","1","2,262","Townhouse","2006","2","","No","",""
"1001","A11725364","C","3380","1520 NE 14th Ter","ALLENWOOD ADD NO 2 ","","$950,000","","3","2","0","¤1,000","Single","2000","0","Yes","No","Detached","¤5,988"
"1001","F10434655","C","3380","1225 NE 16 Terrace","Lake Ridge ","","$950,000","","5","5","0","2,587","Single","1950","0","Yes","No","","6,753"
"1001","A11771723","C","3800","333 Las Olas Way Unit#1007","LAS OLAS RIVER HOUSE COND Las Olas River House","","$950,000","","2","2","1","¤1,522","Condo","2004","1","","Yes","",""
"1001","A11998746","C","3800","347 N New River Dr E Unit#1403","WATERGARDEN CONDO Watergarden Condominum","","$949,999","","2","2","0","¤1,204","Condo","2004","1","","Yes","",""
"1001","R11057843","C","3470","1701 SW 4th Court","GILL ISLES ","","$949,900","","4","3","1","2,198","Single","1958","0","No","No","","9,350"
"1001","A12000680","C","3480","822 SW 10th Street","Tarpon River ","","$949,900","","3","3","1","2,630","Single","2007","2","Yes","No","Attached",""
"1001","F10522670","C","3160","2110 N Ocean Blvd Unit#6F","The Palms The Palms","","$949,000","","2","2","0","1,410","Condo","2001","1","","Yes","",""
"1001","R11092745","C","3160","2800 E Sunrise Boulevard Unit#4c","SUNRISE EAST CONDO ","","$949,000","","2","2","0","1,575","Condo","1969","1","No","No","",""
"1001","F10424824","C","3160","715 Bayshore Dr Unit#506","La Rive La Rive","","$949,000","","2","3","0","1,733","Condo","2004","2","","Yes","",""
"1001","F10464574","C","3270","722 NE 15 Ave Unit#1","Urban Villas Urban Villas","","$949,000","","4","3","1","2,056","Townhouse","2019","1","","No","",""
"1001","F10474627","C","3280","347 N New River Drive Unit#1509","WATERGARDEN CONDO WATERGARDEN CONDO","","$949,000","","3","2","0","1,469","Condo","2004","2","","Yes","",""
"1001","A11716765","C","3370","2141 NE 18th Ave","MIDDLE RIVER MANOR ","","$949,000","","3","2","0","¤1,272","Single","1960","2","Yes","Yes","Detached","¤6,998"
"1001","F10477865","C","3380","1108 NE 16th Ave Unit#1108","Lake Ridge Lake Ridge","","$949,000","","3","3","1","2,754","Townhouse","2008","2","","No","",""
"1001","F10416119","C","3700","708 NE 3rd Ave Unit#708","Bamboo Flats Bamboo Flats","","$949,000","","4","3","2","2,400","Townhouse","2006","2","","No","",""
"1001","F10478064","C","3700","505 NE 2nd Street Unit#7B","VICEROY FORT LAUDERDALE VICEROY FORT LAUDERDALE","","$948,000","","2","2","0","976","Condo","2029","1","","No","",""
"1001","F10433648","C","3260","936 Intracoastal Dr Unit#5A","THE CORINTHIAN THE CORINTHIAN","","$945,000","","2","2","0","1,620","Condo","1974","2","","Yes","",""
"1001","F10472373","C","3370","2500 NE 19th Ave","Wilton Manors ","","$945,000","","3","2","0","1,977","Single","1955","0","No","No","","7,444"
"1001","R11006436","C","3370","3000 NE 2 Ter Terrace","ALMAR ESTATES RESUB ","","$945,000","","4","3","0","2,050","Single","1959","0","Yes","No","Garden Apartment","8,485"
"1001","A11689103","C","3390","2856 NW 10th Ave","JENADA ISLE ","","$945,000","","3","2","0","¤2,151","Single","1962","2","No","Yes","Detached","¤9,432"
"1001","F10486843","C","3700","505 NE 2nd Street Unit#16B","Viceroy Fort Lauderdale Viceroy Fort Lauderdale","","$941,000","","1","1","1","912","Condo","2029","1","","No","",""
"1001","F10446341","C","3470","218 SW 14th Ct","Lauderdale 2-9 D ","","$940,000","","7","4","0","6,738","Single","1953","0","No","No","","6,750"
"1001","R11126902","C","3370","2133 Coral Gardens Drive","CORAL GARDENS ","","$939,900","","3","2","0","1,865","Single","1955","2","Yes","Yes","","7,497"
"1001","A11901639","C","3270","623 NE 11th Ave","PROGRESSO ","","$939,000","","3","3","1","¤2,063","Single","2004","2","No","No","Attached","¤3,833"
"1001","A11872618","C","3270","1631 NE 9th St Unit#1631","PROGRESSO Capri Villas","","$939,000","","3","3","1","¤1,913","Townhouse","2017","2","","No","",""
"1001","A11742797","C","3390","1317 Andrews Ave","progresso ","","$939,000","","3","3","","1,240","Single","1952","0","Yes","No","Attached","6,005"
"1001","R11015433","C","3370","3000 NE 2nd Terrace","ALMAR ESTATES RESUB ","","$935,000","","4","3","0","2,100","Single","1964","0","Yes","No","Garden Apartment","8,485"
"1001","A11945007","C","3370","2101 NE 25th St","WILTON MANORS CORAL POINT ","","$930,000","","3","3","0","¤1,867","Single","1957","0","Yes","No","Detached","¤6,998"
"1001","F10489213","C","3370","810 NE 21st Dr","The Pines 25-31 B ","","$930,000","","3","2","1","2,271","Single","1999","2","Yes","No","","7,793"
"1001","F10474760","C","3370","2140 NE 25th St","Coral Point 31-27 B ","","$930,000","","3","2","1","2,140","Single","1959","0","No","Yes","","7,382"
"1001","R11138072","C","3370","2016 NE 22nd Street","CORAL POINT ","","$929,900","","4","3","0","1,941","Single","1956","0","Yes","No","Ranch","7,003"
"1001","F10518706","C","3800","1141 SE 4th Avenue","LAUDERDALE ","","$929,000","","4","3","0","1,667","Single","1942","0","No","No","","7,000"
"1001","A11787420","C","3800","200 W Broward Blvd Unit#1612","Natiivo Fort Lauderdale Natiivo Fort Lauderdale","","$929,000","","2","1","1","","Condo","2028","1","","No","",""
"1001","F10473435","C","3160","3101 Bayshore Unit#1007","W Residence W Residence","","$925,000","","2","2","0","1,176","Condo","2010","1","","Yes","",""
"1001","A11674452","C","3260","936 Intracoastal Dr Unit#16A","CORINTHIAN ON THE INTRACO Corinthian","","$925,000","","2","2","0","¤1,620","Condo","1974","1","","Yes","",""
"1001","A11666153","C","3260","2614 NE 11th Ct Unit#2614","CORAL RIDGE SOUTH ADD BAYVIEW TOWNHOMES","","$925,000","","4","3","0","¤2,410","Townhouse","2006","1","","No","",""
"1001","F10548889","C","3270","1617 NE 2nd Court Unit#None","Pineapple Place Pineapple Place","","$925,000","","4","3","1","2,652","Townhouse","2005","2","No","No","",""
"1001","A11951380","C","3370","424 NE 27th Dr","TROPICAL MANORS ","","$925,000","","3","2","0","¤1,344","Single","1978","0","Yes","No","Detached","¤6,987"
"1001","A11832967","C","3370","424 NE 27th Dr","TROPICAL MANORS ","","$925,000","","3","2","0","¤1,344","Single","1954","0","Yes","No","Attached","¤6,987"
"1001","F10431450","C","3370","2506 NE 6th Ave","Wilton Manors ","","$925,000","","3","3","0","1,274","Single","1948","0","Yes","No","","6,264"
"1001","A11934360","C","3470","407 SW 5th St","SAILBOAT BEND ","","$925,000","","3","3","1","¤2,498","Single","2008","2","No","No","Detached","¤2,909"
"1001","A11843249","C","3470","426 SW 9th St","LAUDERDALE Tarpon River","","$925,000","","3","2","1","¤2,218","Townhouse","2006","1","","No","",""
"1001","A11832048","C","3480","1328 Mango Isle","SOUTH NEW RIVER ISLES SEC ","","$925,000","","2","1","0","¤1,298","Single","1953","0","No","Yes","Attached","¤6,890"
"1001","A11695917","C","3160","3101 Bayshore Dr Unit#1602","W FORT LAUDERDALE W Fort Lauderdale","","$924,900","","2","2","0","¤1,329","Condo","2011","1","","No","",""
"1001","R11025188","C","3370","3000 NE 2nd Terrace","ALMAR ESTATES RESUB ","","$920,000","","4","3","0","2,100","Single","1964","0","Yes","No","Garden Apartment","8,485"
"1001","B26016282","C","3700","419 NE 2nd Avenue","NORTH LAUDERDALE AMENDED P ","","$920,000","","2","1","0","1,016","Single","1938","","No","No","","6,375"
"1001","F10484914","C","3800","2212 SE 4th Ave","Lauderdale 2-9 D ","","$920,000","","3","3","0","2,431","Single","1949","2","Yes","No","","9,099"
"1001","A11630878","C","3800","200 W Broward Blvd Unit#1712","NATIIVO FORT LAUDERDALE NATIIVO FORT LAUDERDALE","","$919,000","","2","1","1","885","Condo","2027","1","","No","",""
"1001","A11775495","C","3800","200 W Broward Blvd Unit#3707","Natiivo Fort Lauderdale Natiivo Fort Lauderdale","","$918,000","","1","1","","","Condo","2028","1","","No","",""
"1001","A11818964","C","3480","1421 SW 24th Ct Unit#1","The Oaks The Oaks","","$915,000","","3","2","1","1,985","Townhouse","2025","1","","No","",""
"1001","A11719198","C","3480","847 SW 29th St","WOODLAWN Bijou","","$915,000","","4","3","1","2,447","Townhouse","2024","1","","No","",""
"1001","A11664344","C","3480","1720 SW 20th St","OSCEOLA PARK Bijou Marina","","$915,000","","4","3","1","2,226","Townhouse","2024","1","","No","",""
"1001","A11779329","C","3270","1749 NE 9th St","Village at Victoria Park ","","$914,999","","3","3","1","¤2,436","Single","2016","2","No","No","Detached","¤2,924"
"1001","B26054240","C","","610 W LAS OLAS Boulevard Unit#1118N","SYMPHONY NORTH CONDO ","","$910,000","","2","2","1","1,436","Condo","2005","1","No","No","","0"
"1001","F10486864","C","3380","1910 NE 17th Ter","Poinsettia Heights River ","","$907,000","","3","2","0","1,641","Single","1952","0","Yes","No","","7,203"
"1001","F10476717","C","3700","300 NE 3rd Ave Unit#1104S","Ombelle Fort Lauderdale Ombelle Fort Lauderdale","","$902,277","","2","2","0","1,023","Condo","2028","1","","No","",""
"1001","F10416159","C","3160","511 Bayshore Dr Unit#Ph-10","Bayshore Towers Bayshore Towers","","$900,000","","2","2","0","1,330","Condo","1971","1","","Yes","",""
"1001","R11029757","C","3270","909 NE 16th Terrace Unit#2","PROGRESSO ","","$900,000","","3","2","1","1,976","Townhouse","2019","2","No","No","","953"
"1001","R10987287","C","3270","909 NE 16th Terrace Unit#2","Victoria Park ","","$900,000","","3","2","1","2,433","Townhouse","2019","2","No","No","",""
"1001","A11735023","C","3370","117 Almar Dr","ALMAR ESTATES RESUB ","","$900,000","","3","2","0","","Single","1961","1","Yes","Yes","Detached","¤6,504"
"1001","A11637295","C","3480","1004 SW 19th St","REAMEN PLAT YELLOWSTONE P ","","$900,000","","4","2","0","¤1,516","Single","1969","1","No","No","Detached","¤6,248"
"1001","A11858251","C","3700","505 NE 2nd Street Unit#3B","Viceroy Residences Viceroy Residences","","$900,000","","2","2","","","Condo","2029","1","","No","",""
"1001","F10478159","C","3370","43 NE 25th St","Petite ","","$899,999","","3","2","0","1,591","Single","1953","1","No","No","","6,244"
"1001","R11035747","C","3370","3000 NE 2nd Terrace","ALMAR ESTATES RESUB ","","$899,999","","4","3","0","2,100","Single","1964","0","Yes","No","Garden Apartment","8,485"
"1001","A11806988","C","3470","828 SW 14th Ct","ESMONDA GARDENS GARDEN VIEW VILLAS","","$899,999","","3","2","1","¤1,791","Townhouse","2020","1","","No","",""
"1001","F10550441","C","3380","1145 NE 17th Way","Progresso 2-18 D ","","$899,900","","3","3","0","1,593","Single","1960","1","Yes","No","","6,747"
"1001","B26002957","C","3390","2625 NW 3rd Avenue","BABCO HEIGHTS ","","$899,900","","3","2","0","1,944","Single","1957","","Yes","No","Ranch",""
"1001","F10484468","C","3160","3020 NE 32nd Ave Unit#408","Tides at Bridgeside Squar Tides at Bridgeside Squar","","$899,000","","3","2","0","1,750","Condo","2002","1","","No","",""
"1001","A11671104","C","3170","1 Las Olas Cir Unit#1204","VENETIAN CONDO Venetian Condominium","","$899,000","","2","2","0","¤1,500","Condo","1970","1","","Yes","",""
"1001","A11766649","C","3270","1500 NE 4th Pl","LAS OLAS PARK CORR PLAT ","","$899,000","","3","2","","¤2,330","Single","1941","0","No","No","Detached","7,266"
"1001","F10454260","C","3270","713 NE 17th Rd","Victoria Courts 9-49 B ","","$899,000","","2","1","0","943","Single","1926","0","No","No","","4,814"
"1001","A11612216","C","3270","1500 NE 4th Pl","LAS OLAS PARK CORR PLAT ","","$899,000","","3","2","","¤2,330","Single","1941","0","No","No","Detached","7,266"
"1001","F10505632","C","3280","333 Sunset Dr Unit#508","The Four Seasons The Four Seasons","","$899,000","","3","2","1","1,952","Condo","1959","1","","Yes","",""
"1001","F10493335","C","3280","1604 NE 16th Ave","Progresso 2-18 D ","","$899,000","","4","3","0","1,520","Single","1954","0","No","No","","6,748"
"1001","F10450577","C","3280","347 N New River Dr E Unit#304","WATERGARDEN WATERGARDEN","","$899,000","","3","2","0","1,469","Condo","2004","2","","Yes","",""
"1001","A11844659","C","3370","817 NW 30th St","JENADA VILLAS ","","$899,000","","4","3","0","¤2,204","Single","1957","0","No","Yes","Detached","¤6,824"
"1001","A11606089","C","3370","421 NW 17th St Unit#421","GARDENIA PARK GARDENIA PARK","","$899,000","","3","2","1","¤1,900","Townhouse","2022","1","","No","",""
"1001","A11896329","C","3380","1212 NE 17th Ter","LAKE RIDGE ","","$899,000","","3","2","","¤1,380","Single","1950","0","Yes","No","Detached","¤8,102"
"1001","F10494651","C","3470","1031 SW 4th Street","Waverly Place 2-19 D ","","$899,000","","3","2","0","1,508","Single","1923","0","No","No","","8,749"
"1001","F10456037","C","3470","610 SW 10th St Unit#610","Tarpon River Tarpon River","","$899,000","","3","3","1","2,675","Townhouse","2010","2","","No","",""
"1001","A11993600","C","3160","3101 Bayshore Dr Unit#1508","FORT LAUDERDALE RESIDENCE W FORT LAUDERDALE RESID","","$898,000","","2","2","0","¤1,214","Condo","2011","1","","Yes","",""
"1001","F10378060","C","3600","854 SE 12th Ct Unit#8","La Linda - Harbor Vista La Linda - Harbor Vista","","$898,000","","3","2","2","1,822","Townhouse","2024","2","","No","",""
"1001","A11835134","C","3170","2200 S Ocean Ln Unit#1503","POINT OF AMERICAS POINT OF AMERICAS","","$895,000","","2","2","","¤1,258","Condo","1971","1","","Yes","",""
"1001","A11660798","C","3250","1528 NE 17th Ter","PROGRESSO ","","$895,000","","4","2","0","¤931","Single","1950","0","Yes","No","Detached","¤7,704"
"1001","F10472693","C","3260","2770 NE 15th Unit#201","CORAL RIDGE COURTYARD CORAL RIDGE COURTYARD","","$895,000","","2","2","0","1,334","Condo","1996","1","","Yes","",""
"1001","F10490759","C","3380","1428 NE 17th Ave","Progresso 2-18 D ","","$895,000","","4","2","0","1,829","Single","1951","0","Yes","No","","7,830"
"1001","A11705501","C","3380","1118 NE 10th Ave Unit#1118","PROGRESSO Bijou Lake Ridge","","$895,000","","3","2","1","¤2,097","Townhouse","2024","1","","No","",""
"1001","A11891021","C","3390","2856 NW 10th Ave","JENADA ISLE ","","$895,000","","3","2","0","¤2,151","Single","1962","2","No","Yes","Detached","¤9,432"
"1001","F10497359","C","3390","2817 NW 9th Ter","JENADA VILLAS 1 ADD ","","$895,000","","3","2","0","1,350","Single","1959","0","Yes","Yes","","8,813"
"1001","F10294391","C","3470","1017 SW 4th Street","Waverly Place 2-19 D ","","$895,000","","3","2","1","1,806","Single","1938","0","No","No","","3,160"
"1001","A11737611","C","3480","1421 SW 24th Ct Unit#2","The Oaks The Oaks","","$895,000","","3","2","1","1,842","Townhouse","2025","1","","No","",""
"1001","A11632487","C","3480","1720 SW 20th St","OSCEOLA PARK ","","$895,000","","4","3","1","2,226","Single","2024","1","No","No","Attached",""
"1001","A11508708","C","3480","1720 SW 20th St","OSCEOLA PARK Bijou River Oaks","","$895,000","","4","3","1","2,226","Townhouse","2024","1","","No","",""
"1001","A11826625","C","3600","824 SE 12 ct Unit#1","EVERGLADE LAND SALES CO La Linda Harbor Vista","","$895,000","","4","2","2","2,006","Townhouse","2025","2","","No","",""
"1001","A11708754","C","3600","824 SE 12 ct Unit#01","EVERGLADE LAND SALES CO La Linda Harbor Vista","","$895,000","","4","2","2","2,006","Townhouse","2025","2","","No","",""
"1001","R10969637","C","3390","2541 NW 9th Terrace","Boniello Villas ","","$894,999","","4","2","0","2,019","Single","1966","1","Yes","Yes","Garden Apartment","8,252"
"1001","R10950266","C","3160","1901 N Ocean Boulevard Unit#Penthouse B","SHORE CLUB CONDO ","","$889,000","","2","2","0","1,500","Condo","1976","1","No","Yes","Garden Apartment",""
"1001","F10475328","C","3470","717 SW 12th Ave","Riverside Add Amd 1-13 B ","","$889,000","","3","2","0","1,833","Single","1959","0","No","No","","6,476"
"1001","F10486826","C","3700","505 NE 2nd Street Unit#18F","Viceroy Fort Lauderdale Viceroy Fort Lauderdale","","$889,000","","1","1","1","834","Condo","2029","1","","No","",""
"1001","A11742902","C","3270","1315 NE 1st St Unit#2","SAN MARCO TOWNHOMES 2 CON SAN MARCO TOWNHOUSE","","$885,000","","3","2","1","¤1,666","Townhouse","1990","1","","No","",""
"1001","F10516394","C","3280","347 N New River Drive Unit#3011","The Watergarden The Watergarden","","$885,000","","2","2","0","1,178","Condo","2004","1","","Yes","",""
"1001","A11638088","C","3480","901 Guava Isle","SOUTH NEW RIVER ISLES SEC ","","$885,000","","2","1","0","¤1,874","Single","1956","1","No","Yes","Detached","¤9,558"
"1001","F10421674","C","3480","925 SW 21st St","Rickel Add 26-31 B ","","$880,000","","4","3","0","2,025","Single","1950","0","No","No","","9,254"
"1001","F10482785","C","3260","936 Intracoastal Dr Unit#6H","Corinthian Corinthian","","$879,000","","2","2","0","1,629","Condo","1974","1","","Yes","",""
"1001","F10442950","C","3260","936 Intracoastal Drive Unit#6H","Corinthian Corinthian","","$879,000","","2","2","0","1,620","Condo","1974","1","","Yes","",""
"1001","A11805069","C","3370","2627 NE 10th Ave","none ","","$879,000","","4","3","1","¤1,840","Single","1951","0","No","No","Detached","¤7,811"
"1001","F10475445","C","3810","410 NW 1st Ave Unit#701","MILL LOFTS MILL LOFTS","","$879,000","","2","2","0","1,629","Condo","2007","1","","No","",""
"1001","F10456805","C","3390","2400 NW 6TH AV","HILLBROOK 30-4 B ","","$876,543","","3","2","0","1,687","Single","1959","1","Yes","No","","13,423"
"1001","B26049029","C","3160","511 Bayshore Drive Unit#401","BAYSHORE TOWERS ","","$875,000","","2","2","0","1,436","Condo","1971","2","No","No","","0"
"1001","A11639133","C","3260","2656 NE 30th Pl","CORAL RIDGE GALT ADD NO 1 CORAL RIDGE","","$875,000","","3","2","1","¤1,978","Townhouse","2006","2","","No","",""
"1001","F10514581","C","3280","1604 NE 16th Ave","Progresso 2-18 D ","","$875,000","","4","3","0","1,520","Single","1954","0","No","No","","6,748"
"1001","R11082691","C","3380","1401 NE 17th Way","PROGRESSO ","","$875,000","","3","2","0","1,532","Single","1950","0","No","No","","10,136"
"1001","A11693933","C","3390","2225 NW 3rd Ave","HILLBROOK ","","$875,000","","3","3","0","¤2,124","Single","1953","2","Yes","No","Detached","¤10,506"
"1001","A11605053","C","3480","841 SW 29th St","WOODLAWN Bijou VI","","$875,000","","4","3","1","¤2,447","Townhouse","2024","1","","No","",""
"1001","A11711053","C","3600","844 SE 12 ct Unit#12","EVERGLADE LAND SALES CO La Linda Harbor Vista","","$875,000","","4","2","2","1,822","Townhouse","2025","2","","No","",""
"1001","F10462598","C","3700","717 NE 4th Ave Unit#717","BAMBOO FLATS BAMBOO FLATS","","$875,000","","3","3","1","1,852","Townhouse","2007","2","","No","",""
"1001","F10534578","C","3470","637 SW 12 Avenue Unit#637","RIVERSIDE LANDING RIVERSIDE LANDING","","$873,000","","3","2","1","2,077","Townhouse","2018","2","","No","",""
"1001","A11959244","C","3370","2749 NE 10th Ave","AMADALE ","","$870,000","","3","2","0","¤1,415","Single","1956","0","No","No","Attached","¤6,504"
"1001","F10539525","C","3390","2224 NW 6th Terrace","Hillbrook 30-4 B ","","$870,000","","3","2","0","1,700","Single","1958","","Yes","No","","9,637"
"1001","A11643134","C","3400","2541 NW 9th Ter","Boniello Villas ","","$869,000","","4","2","0","¤2,019","Single","1966","1","Yes","Yes","Detached","¤8,252"
"1001","R11013787","C","5940 Florida Other","2541 NW 9th Terrace","Boniello Villas ","","$869,000","","4","2","0","2,019","Single","1966","1","Yes","Yes","","8,252"
"1001","A11726045","C","3600","501 SE 6th Avenue Unit#614","Sixth & Rio Sixth & Rio","","$867,000","","1","1","","¤742","Condo","2026","1","","Yes","",""
"1001","F10490166","C","3370","2133 NE 25th St","Coral Point ","","$865,000","","2","2","0","1,176","Single","1954","1","Yes","No","","6,998"
"1001","A11997011","C","3380","1126 NE 16th Ct","LAUDERDALE PARK 6-33 1/2 ","","$865,000","","3","2","0","¤1,763","Single","2020","1","No","No","Attached","¤8,251"
"1001","F10516933","C","3380","1428 NE 17th Ave","Progresso 2-18 D ","","$865,000","","4","2","0","1,829","Single","1951","0","Yes","No","","7,830"
"1001","F10552687","C","3480","508 SW 13th Street","Lauderdale 2-9 D ","","$865,000","","3","2","0","1,490","Single","1949","1","Yes","No","","6,490"
"1001","A11639351","C","3800","417 SE 22nd St","CROISSANT PARK ","","$865,000","","4","2","0","¤1,712","Single","1941","2","No","No","Attached","¤6,840"
"1001","A11848615","C","3810","803 NW 1st Ave","PROGRESSO NONE","","$865,000","","3","3","1","¤2,196","Townhouse","2010","1","","No","",""
"1001","F10448600","C","3470","600 SW 14th Ave","RIVERSIDE ADD AMD ","","$861,000","","3","2","0","1,500","Single","1957","0","Yes","No","","6,500"
"1001","R11050270","C","3600","801 SE 12th Court","EVERGLADE LAND SALES CO FI ","","$860,000","","3","3","1","2,192","Townhouse","2008","2","No","No","High Rise","2,742"
"1001","A11883569","C","3880","1904 SW 28th St","CLAIR LAKE ","","$860,000","","5","3","0","¤2,440","Single","1954","1","No","No","Detached","¤7,083"
"1001","R11099869","C","3380","1212 NE 17th Avenue","LAKE RIDGE ","","$859,999","","3","2","0","1,246","Single","1950","2","Yes","No","","8,512"
"1001","A11899953","C","3080","1315 NE 16th Ave","PROGRESSO ","","$859,000","","3","2","","1,338","Single","1951","0","Yes","No","Detached",""
"1001","A11897656","C","3160","1151 N Fort Lauderdale Beach Blvd Unit#6B","PARK TOWER CONDO PARK TOWER CONDO","","$859,000","","2","2","0","¤1,700","Condo","1966","1","","Yes","",""
"1001","A11720314","C","3370","208 NE 16th Pl","PLACIDO PLACE ","","$859,000","","3","3","","¤1,744","Single","1968","0","Yes","No","Detached","¤8,913"
"1001","F10508161","C","3700","300 NE 3rd Ave Unit#3106S","Ombelle Fort Lauderdale Ombelle Fort Lauderdale","","$852,323","","1","1","0","726","Condo","2028","1","","No","",""
"1001","A11766360","C","3160","401 N Birch Rd Unit#1111","TIFFANY HOUSE CONDO GALE CONDO","","$850,000","","1","1","0","¤850","Condo","2018","0","","Yes","",""
"1001","F10478667","C","3170","2100 S Ocean Dr Unit#7-CD","SKY HARBOUR EAST SKY HARBOUR EAST","","$850,000","","3","2","1","1,920","Condo","1965","0","","Yes","",""
"1001","F10460357","C","3170","2100 S Ocean Dr Unit#7-CD","SKY HARBOUR EAST SKY HARBOUR EAST","","$850,000","","3","2","1","1,920","Condo","1965","0","","Yes","",""
"1001","A11618212","C","3260","2708 NE 30th Pl","CORAL RIDGE GALT ADD NO 1 CORAL RIDGE VILLAS","","$850,000","","3","2","1","¤2,154","Townhouse","2014","1","","No","",""
"1001","F10503903","C","3270","713 NE 17th Rd","Victoria Courts 9-49 B ","","$850,000","","2","1","0","943","Single","1926","0","No","No","","4,814"
"1001","F10454708","C","3370","1720 NE 9th Ave","Lauderdale Park 6-33 1/2 ","","$850,000","","3","2","0","2,736","Single","1955","0","No","No","","5,625"
"1001","R11152754","C","3380","1339 NE 15th Avenue","Poinsettia Heights ","","$850,000","","3","2","0","1,464","Single","1951","0","No","No","Ranch","6,498"
"1001","A11805788","C","3470","1031 SW 4th St","WAVERLY PLACE ","","$850,000","","3","2","0","¤1,508","Single","1923","0","No","No","Detached","¤8,749"
"1001","R11040580","C","3370","3000 NE 2nd Terrace","ALMAR ESTATES RESUB ","","$849,999","","4","3","0","2,000","Single","2011","0","Yes","No","Garden Apartment","8,485"
"1001","A11640285","C","3370","421 NW 17th St Unit#421","GARDENIA PARK GARDENIA PARK","","$849,999","","3","2","1","¤1,900","Townhouse","2022","1","","No","",""
"1001","F10458996","C","3370","2817 NE 10th Ave","Amadale Add 36-48 B ","","$849,950","","3","2","1","1,645","Single","1955","1","Yes","No","","8,423"
"1001","A11633802","C","3160","511 Bayshore Dr Unit#308","BAYSHORE TOWERS BAYSHORE TOWERS","","$849,900","","2","2","0","¤1,330","Condo","1971","1","","Yes","",""
"1001","A11637940","C","3270","619 NE 8th Ave Unit#619","PROGRESSO Victoria Park Townhomes","","$849,900","","3","3","1","¤2,376","Townhouse","2007","1","","No","",""
"1001","F10528966","C","3170","2000 S Ocean Drive Unit#407","Everglades House Everglades House","","$849,000","","2","2","0","1,688","Condo","1965","","","Yes","","0"
"1001","F10421912","C","3170","1 Las Olas Circle Unit#1415","Venetian Condominium Venetian Condominium","","$849,000","","2","2","0","1,200","Condo","1970","1","","Yes","",""
"1001","F10400953","C","3170","200 S Birch Rd Unit#809","Leisure Beach Leisure Beach","","$849,000","","2","1","0","756","Condo","1970","0","","No","",""
"1001","F10366427","C","3170","200 S Birch Road Unit#401","Leisure Beach Leisure Beach","","$849,000","","2","1","0","756","Condo","1970","0","","Yes","",""
"1001","F10351440","C","3170","200 S Birch Road Unit#1205","Leisure Beach Leisure Beach","","$849,000","","1","1","0","647","Condo","1970","0","","Yes","",""
"1001","A12003233","C","3270","31 NE 27th Dr","BABCO MANORS ","","$849,000","","3","2","0","¤1,248","Single","1956","1","Yes","No","Detached","¤9,402"
"1001","B26010717","C","3370","2101 NE 25th Street","CORAL POINT ","","$849,000","","3","3","0","1,867","Single","1954","","Yes","No","","6,998"
"1001","F10516158","C","3370","332 NE 29th Street","Tropical Manors Add 35-1 ","","$849,000","","2","2","0","1,458","Single","1956","0","No","No","","8,256"
"1001","F10511607","C","3500","610 W Las Olas Blvd Unit#517","Symphony Symphony","","$849,000","","3","2","1","1,678","Condo","2005","2","","Yes","",""
"1001","A11598668","C","3380","1612 NE 16th Ave","PROGRESSO ","","$848,000","","3","2","0","¤1,498","Single","1950","0","Yes","No","Detached","¤7,693"
"1001","A11787415","C","3800","200 W Broward Blvd Unit#3009","Natiivo Fort Lauderdale Natiivo Fort Lauderdale","","$845,000","","1","1","","","Condo","2028","1","","No","",""
"1001","F10351437","C","3170","200 S Birch Road Unit#504","Leisure Beach Leisure Beach","","$839,000","","1","1","0","647","Condo","1970","0","","No","",""
"1001","F10351413","C","3170","200 S Birch Road Unit#1005","Leisure Beach Leisure Beach","","$839,000","","1","1","0","647","Condo","1970","0","","Yes","",""
"1001","F10458753","C","3270","904 NE 17th Ter","Progresso 2-18 D ","","$839,000","","3","2","0","1,217","Single","1949","0","No","No","","6,750"
"1001","A11810553","C","3370","810 NE 21st Dr","THE PINES ","","$838,900","","3","3","","¤2,271","Single","2000","2","Yes","No","Detached","¤7,793"
"1001","A11711487","C","3260","2708 NE 30th Pl","CORAL RIDGE GALT ADD NO 1 CORAL RIDGE VILLAS","","$830,000","","3","2","","¤2,154","Townhouse","2014","1","","No","",""
"1001","A11787497","C","3500","218 SW 14th Ct","LAUDERDALE ","","$829,999","","4","4","0","¤6,168","Single","1953","0","No","No","Attached","¤6,750"
"1001","F10432055","C","3160","3101 Bayshore Dr Unit#2303","THE W RESIDENCES THE W RESIDENCES","","$829,900","","1","1","0","724","Condo","2011","1","","Yes","",""
"1001","F10436779","C","3500","1604 SW 4th Ave","Portofino Residences Portofino Residences","","$829,500","","3","2","1","1,745","Townhouse","2019","2","","No","",""
"1001","F10416977","C","3810","410 NW 1st Ave Unit#202","Mill Lofts Mill Lofts","","$829,000","","2","2","0","1,596","Condo","2007","1","","No","",""
"1001","A11696611","C","3470","605 SW 10th St","LAUDERDALE Tarpon River","","$827,000","","3","2","1","¤1,984","Townhouse","2005","2","","No","",""
"1001","A11548438","C","3010","3101 Bayshore Dr Unit#1704","FORT LAUDERDALE RESIDENCE W Residences","","$825,000","","2","2","0","¤1,176","Condo","2011","1","","Yes","",""
"1001","A11645690","C","3160","511 Bayshore Dr Unit#308","BAYSHORE TOWERS BAYSHORE TOWERS","","$825,000","","2","2","0","¤1,330","Condo","1971","1","","Yes","",""
"1001","A11602363","C","3160","1151 N Fort Lauderdale Beach Blvd Unit#6B","PARK TOWER CONDO Park Tower Condo","","$825,000","","2","2","0","¤1,700","Condo","1966","1","","Yes","",""
"1001","F10420696","C","3160","511 Bayshore Dr Unit#1009","BAYSHORE TOWERS BAYSHORE TOWERS","","$825,000","","2","2","0","1,330","Condo","1971","1","","Yes","",""
"1001","F10488525","C","3170","2000 S Ocean Ln Unit#13","Orleans Chateau & Villas Orleans Chateau & Villas","","$825,000","","2","2","0","1,010","Co-Op","1954","1","","Yes","",""
"1001","R11031623","C","3270","1600 NE 9th Street","PROGRESSO ","","$825,000","","3","2","1","1,972","Townhouse","2007","2","No","No","","3,098"
"1001","F10525315","C","3390","2424 NW 8th Avenue","Babco Park 42-6 B ","","$825,000","","3","2","0","1,339","Single","1957","1","Yes","No","","9,599"
"1001","F10552619","C","3470","1121 SW 2nd Ct","Waverly Place 2-19 D ","","$825,000","","3","2","1","2,093","Single","2018","1","No","No","","6,250"
"1001","F10482510","C","3470","639 SW 5th Avenue","TARPON RIVER ","","$825,000","","3","2","0","1,504","Single","1977","0","No","No","",""
"1001","A11948476","C","3480","1708 SW 20th St","OSCEOLA PARK ","","$825,000","","4","2","","¤1,785","Single","1974","0","No","No","Detached",""
"1001","A11948461","C","3480","1702 SW 20 St","OSCEOLA PARK ","","$825,000","","4","2","","¤1,785","Single","1968","0","No","No","Attached","¤5,980"
"1001","F10487398","C","3700","721 NE 4th Ave","Bamboo Flats Bamboo Flats","","$825,000","","3","3","1","1,520","Townhouse","2007","2","","No","",""
"1001","A11773254","C","3800","333 Las Olas Way Unit#1608","LAS OLAS RIVER HOUSE COND Las Olas River House","","$825,000","","2","2","0","¤1,161","Condo","2004","1","","Yes","",""
"1001","A11659047","C","3800","333 Las Olas Way Unit#1608","LAS OLAS RIVER HOUSE COND LAS OLAS RIVER HOUSE","","$825,000","","2","2","0","¤1,161","Condo","2004","1","","Yes","",""
"1001","R11042123","C","6331 Indian River – Central County","2541 NW 9th Terrace","Boniello Villas ","","$825,000","","4","2","0","2,019","Single","1966","1","Yes","Yes","",""
"1001","F10530275","C","3470","1010 Middle St Unit#1010","Sailboat bend townhomes Sailboat bend townhomes","","$824,900","","3","2","1","2,030","Townhouse","2020","1","","No","",""
"1001","A11775532","C","3800","200 W Broward Blvd Unit#2006","Natiivo Fort Lauderdale Natiivo Fort Lauderdale","","$820,000","","1","1","","","Condo","2028","1","","No","",""
"1001","F10474458","C","3390","2117 NW 2nd Ave","Tropical Palms 54-17 B ","","$819,999","","3","3","0","1,628","Single","1961","0","Yes","No","","9,041"
"1001","A11978842","C","3470","819 SW 7th Ave","Tarpon River Tarpon River","","$819,999","","4","4","1","¤3,034","Townhouse","2009","2","","No","",""
"1001","F10473244","C","3160","3020 NE 32nd Avenue Unit#601","The Tides at Bridgeside The Tides at Bridgeside","","$819,000","","3","2","0","1,510","Condo","2002","2","","No","",""
"1001","F10433920","C","3280","347 N New River Dr E Unit#302","WATERGARDEN WATERGARDEN","","$819,000","","2","2","0","1,178","Condo","2004","1","","Yes","",""
"1001","A11801771","C","3600","824 SE 12 ct Unit#08","EVERGLADE LAND SALES CO La Linda Harbor Vista","","$819,000","","3","3","1","1,822","Townhouse","2025","2","","No","",""
"1001","F10445263","C","3380","1512 NE 17th Way","Progresso 2-18 D ","","$814,900","","2","1","0","1,123","Single","1950","1","Yes","No","","8,704"
"1001","F10447201","C","3170","2100 S Ocean Dr Unit#7-CD","SKY HARBOUR EAST SKY HARBOUR EAST","","$810,000","","3","2","1","1,920","Condo","1965","0","","Yes","",""
"1001","A11636134","C","3270","1616 NE 9th St","Preserve At Victoria Park ","","$810,000","","4","3","1","¤2,318","Single","2006","2","No","No","Detached","¤1,455"
"1001","F10449653","C","3270","835 NE 17th Ter Unit#9","The Mandarin The Mandarin","","$810,000","","3","3","1","1,912","Townhouse","2017","2","","No","",""
"1001","A11826629","C","3600","854 SE 12 ct Unit#8","EVERGLADE LAND SALES CO La Linda Harbor Vista","","$810,000","","3","2","2","1,822","Townhouse","2025","2","","No","",""
"1001","A11837007","C","3370","117 Almar Dr","ALMAR ESTATES RESUB ","","$800,000","","3","2","0","","Single","1961","1","Yes","Yes","Detached","¤6,504"
"1001","A11812951","C","3370","324 NE 28th St","TROPICAL MANORS ","","$800,000","","3","2","0","¤1,669","Single","1954","1","Yes","No","Detached","¤7,002"
"1001","F10513298","C","3470","607 SW 5th Ave","Harbor Sound Harbor Sound","","$800,000","","3","2","1","1,722","Townhouse","1997","1","","No","",""
"1001","F10448701","C","3810","445 N Andrews Ave Unit#203","Avenue Lofts Avenue Lofts","","$800,000","","2","2","0","1,566","Condo","2005","1","","No","",""
"1001","A11472091","C","3170","2100 S Ocean Dr Unit#6CD","SKY HARBOUR EAST CONDO SKY HARBOUR EAST CONDO","","$799,999","","3","2","1","¤2,161","Condo","1965","1","","Yes","",""
"1001","F10509709","C","3370","8 NE 29th St","Almar Estates Resub 32-36 ","","$799,900","","3","2","0","1,591","Single","1956","0","Yes","No","","6,500"
"1001","F10484392","C","3370","3016 NE 1st Ter","Almar Estates Resub 32-36 ","","$799,900","","3","2","0","1,528","Single","1956","0","No","Yes","","6,715"
"1001","F10495428","C","3810","410 NW 1st Ave Unit#701","MILL LOFTS MILL LOFTS","","$799,900","","2","2","0","1,629","Condo","2007","1","","No","",""
"1001","A11657850","C","3160","511 Bayshore Dr Unit#308","BAYSHORE TOWERS BAYSHORE TOWERS","","$799,000","","2","2","0","¤1,330","Condo","1971","1","","Yes","",""
"1001","F10483747","C","3170","2000 S Ocean Dr Unit#902","Everglades House Everglades House","","$799,000","","2","2","0","1,524","Condo","1965","0","","Yes","",""
"1001","A11620025","C","3170","1 Las Olas Circle Unit#506","VENETIAN CONDO Venetian Condominium","","$799,000","","2","2","0","¤1,500","Condo","1970","1","","Yes","",""
"1001","F10412779","C","3170","1 Las Olas Circle Unit#905","Venetian Condominium Venetian Condominium","","$799,000","","2","2","0","1,200","Condo","1971","1","","Yes","",""
"1001","A11623312","C","3200","1806 NE 20th St","NORTH RIDGE ","","$799,000","","2","2","0","¤1,282","Single","1953","1","Yes","No","Attached","¤6,603"
"1001","A11952640","C","3270","3024 NE 2nd Ter","ALMAR ESTATES WILTON MANOR ","","$799,000","","7","4","0","¤1,475","Single","1963","0","Yes","No","Detached","¤6,498"
"1001","A11768400","C","3270","306 NE 8th Ave Unit#306","RESUB BLKS 9-12 HOLMBERG Victoria's Point","","$799,000","","3","3","1","¤1,988","Townhouse","2006","2","","No","",""
"1001","F10454864","C","3270","730 NE 7th Ave Unit#730","Park Place Park Place","","$799,000","","4","3","1","2,429","Townhouse","2005","1","","No","",""
"1001","B26018298","C","3370","625 NE 22nd Drive","VILLAGE AT WILTON MANORS I ","","$799,000","","3","2","1","1,580","Townhouse","2020","1","No","No","","1,160"
"1001","F10483549","C","3370","2800 NE 18th Ter","Coral Estates 32-29 B ","","$799,000","","2","2","0","1,442","Single","1954","1","No","No","","7,497"
"1001","A11595077","C","3370","509 NE 28th St","TROPICAL MANORS ","","$799,000","","4","2","0","¤2,030","Single","1956","0","No","No","Attached","¤6,998"
"1001","F10458026","C","3380","1504 NE 18th St","Progresso 2-18 D ","","$799,000","","2","2","0","1,080","Single","1951","0","Yes","No","","6,009"
"1001","A11910851","C","3470","329 SW 18th Avenue","ROBERTSON PARK ","","$799,000","","3","2","0","","Single","1952","0","No","No","Detached","12,900"
"1001","F10516882","C","3470","615 SW 14th Ave","Riverside Add Amd 1-13 B ","","$799,000","","4","2","0","2,924","Single","1931","0","No","No","","6,837"
"1001","F10514070","C","3480","1402 SW 4th Ave Unit#1402","14 South 14 South","","$799,000","","3","3","1","2,105","Townhouse","2021","2","","No","",""
"1001","F10556203","C","3500","610 W Las Olas Boulevard Unit#517","Symphony Symphony","","$799,000","","3","2","1","1,678","Condo","2005","1","No","Yes","","0"
"1001","F10519979","C","3600","1819 SE 17th St Unit#705","Port Condo Port Condo","","$799,000","","3","2","1","1,960","Condo","2005","0","","Yes","",""
"1001","F10551565","C","3800","428 SE 12th Court Unit#428","Parc 12 Parc 12","","$799,000","","3","3","1","1,850","Townhouse","2023","2","No","No","",""
"1001","R11067299","C","3370","1521 NE 5th Terrace","MIDDLE RIVER TERRACE ","","$798,000","","4","2","0","1,586","Single","1956","1","Yes","No","Ranch","12,345"
"1001","F10533292","C","3390","729 NW 29th Court","Jenada Villas 37-36 B ","","$798,000","","3","2","0","1,520","Single","1956","1","Yes","No","","6,912"
"1001","A11598989","C","3390","2932 NW 8th Ave","JENADA VILLAS ","","$798,000","","4","2","0","¤1,931","Single","1956","0","No","No","Detached","¤7,079"
"1001","F10516309","C","3600","630 SE 15th St Unit#7","Harbor Vista Harbor Vista","","$798,000","","4","4","0","2,270","Townhouse","2007","2","","No","",""
"1001","A11762588","C","3270","1616 NE 9th St","PROGRESSO Preserve at Victoria Park","","$797,000","","4","3","1","¤2,318","Townhouse","2006","2","","No","",""
"1001","F10437074","C","3160","511 Bayshore Dr Unit#410","BAYSHORE TOWERS BAYSHORE TOWERS","","$795,000","","2","2","0","1,330","Condo","1971","1","","Yes","",""
"1001","F10341234","C","3160","551 N Fort Lauderdale Beach Blvd Unit#1116","The Ocean Resort The Ocean Resort","","$795,000","","1","1","1","720","Condo","2009","1","","Yes","",""
"1001","F10536759","C","3170","2000 S Ocean Drive Unit#1006","Everglades House Everglades House","","$795,000","","2","2","0","1,688","Condo","1965","0","","Yes","",""
"1001","R11042306","C","3270","1600 NE 9th Street","PROGRESSO ","","$795,000","","3","3","1","1,972","Townhouse","2008","2","No","No","","3,098"
"1001","A11949352","C","3390","120 NW 16th St","PROGRESSO ","","$795,000","","5","3","0","¤2,441","Single","1942","0","No","No","Detached","¤10,125"
"1001","A11683838","C","3390","2109 NW 2nd Avenue","TROPICAL PALMS ","","$795,000","","4","2","0","¤1,624","Single","1961","0","Yes","No","Detached","¤10,150"
"1001","A11579983","C","3390","2109 NW 2nd Ave","TROPICAL PALMS ","","$795,000","","4","2","0","¤1,624","Single","1961","0","Yes","No","Detached","¤10,150"
"1001","R10993868","C","3480","1426 SW 16th Terrace","SHADY BANKS ON NEW RIVER R ","","$795,000","","4","2","0","1,665","Single","1955","0","No","No","Ranch","9,852"
"1001","A11978865","C","3490","1904 SW 28th St","CLAIR LAKE ","","$795,000","","5","3","0","¤2,440","Single","1953","1","No","No","Detached","¤7,083"
"1001","F10441862","C","3500","610 W Las Olas Blvd Unit#1712","The Symphony The Symphony","","$795,000","","2","2","1","1,298","Condo","2005","1","","Yes","",""
"1001","F10489336","C","3800","200 W Broward Blvd Unit#2309","Natiivo Fort Lauderdale Natiivo Fort Lauderdale","","$793,000","","1","1","0","610","Condo","2028","1","","No","",""
"1001","F10508167","C","3700","300 NE 3rd Ave Unit#2607S","Ombelle Fort Lauderdale Ombelle Fort Lauderdale","","$792,944","","1","1","0","745","Condo","2028","1","","No","",""
"1001","A11657810","C","3390","2116 NW 3rd Ave","TROPICAL PALMS ","","$790,000","","3","2","0","¤1,748","Single","1961","2","No","No","Detached","¤8,958"
"1001","A11921995","C","3470","204 SW 19th Ave","ROBERTSON PARK ","","$790,000","","3","2","","¤1,494","Single","1965","0","Yes","No","Detached","¤9,606"
"1001","F10542643","C","3370","553 NE 21st Ct","Village At Wilton Manors ","","$789,900","","2","2","2","1,723","Single","2022","2","Yes","No","","1,068"
"1001","F10508189","C","3700","300 NE 3rd Ave Unit#304S","Ombelle Fort Lauderdale Ombelle Fort Lauderdale","","$789,051","","1","1","1","916","Condo","2028","1","","No","",""
"1001","A11796686","C","3370","1649 NE 8th Ave","MIDDLE RIVER TERRACE AMD ","","$789,000","","5","3","0","¤1,776","Single","1954","0","Yes","No","Attached","¤6,955"
"1001","F10450308","C","3370","1713 NE 7th Terrace","Middle River Terrace Amd ","","$786,000","","3","2","0","1,535","Single","1953","2","Yes","No","","6,421"
"1001","A11695876","C","3270","801 NE 1st St Unit#2","CASCADES TOWNHOMES CONDO The Cascades","","$785,000","","3","2","1","¤1,605","Townhouse","1989","0","","No","",""
"1001","F10508176","C","3700","300 NE 3rd Ave Unit#2208S","Ombelle Fort Lauderdale Ombelle Fort Lauderdale","","$784,236","","1","1","0","740","Condo","2028","1","","No","",""
"1001","A11743218","C","3280","3101 Bayshore Dr Unit#1201","W RESIDENCES W HOTEL","","$780,000","","1","1","0","¤709","Condo","2011","1","","Yes","",""
"1001","A11894004","C","3380","1025 NE 17th Way","PROGRESSO ","","$780,000","","2","1","0","¤1,031","Single","1956","1","No","No","Attached","¤6,747"
"1001","B26005431","C","3470","1205 SW 4th Street","WAVERLY PLACE ","","$779,900","","3","2","0","1,231","Single","1923","","No","No","","4,202"
"1001","R10928676","C","3370","141 NE 30th Street","ALMAR ESTATES ","","$779,000","","3","2","0","1,214","Single","1959","1","Yes","No","","10,175"
"1001","A11734066","C","3470","204 SW 19th Ave","ROBERTSON PARK ","","$779,000","","3","2","","¤1,494","Single","1965","0","Yes","No","Detached","¤9,606"
"1001","A11701659","C","3160","511 Bayshore Dr Unit#308","BAYSHORE TOWERS BAYSHORE TOWERS","","$775,000","","2","2","0","¤1,330","Condo","1971","1","","Yes","",""
"1001","A11482508","C","3160","3101 Bayshore Dr Unit#1601","FORT LAUDERDALE RESIDENCE FORT LAUDERDALE RESIDENCE","","$775,000","","1","1","0","¤709","Condo","2010","1","","Yes","",""
"1001","F10554378","C","3370","832 NE 22nd Drive","WILTON MANORS ","","$775,000","","4","4","0","1,835","","1966","0","No","No","","6,250"
"1001","F10484094","C","3380","1912 NE 16th Ter","Poinsettia Heights River ","","$775,000","","3","2","0","1,730","Single","1952","2","No","No","","9,329"
"1001","A11651170","C","3390","2932 NW 8th Ave","JENADA VILLAS ","","$775,000","","4","2","0","¤1,931","Single","1956","0","No","No","Detached","¤7,079"
"1001","A11974654","C","3600","1819 SE 17th St Unit#906","THE PORT RESIDENCES PORT CONDOMINIUM","","$775,000","","2","2","1","¤1,750","Condo","2005","2","","Yes","",""
"1001","A11856149","C","3600","1819 SE 17th St Unit#906","PORT CONDOMINIUM RESIDENCES","","$775,000","","2","2","1","¤1,750","Condo","2005","2","","Yes","",""
"1001","A11835004","C","3800","333 Las Olas Way Unit#405","LAS OLAS RIVER HOUSE COND Las Olas River House","","$775,000","","1","1","1","¤1,113","Condo","2004","1","","Yes","",""
"1001","F10543216","C","3480","1004 SW 19 Street","REAMEN PLAT YELLOWSTONE P ","","$774,900","","3","2","0","1,984","Single","1970","0","No","No","","6,248"
"1001","A11731149","C","3380","1770 NE 12th St","PROGRESSO ","","$769,000","","2","1","0","","Single","1952","0","No","No","Detached","¤5,840"
"1001","F10539267","C","3470","615 SW 14th Ave","Riverside Add Amd 1-13 B ","","$769,000","","4","2","0","2,924","Single","1931","0","No","No","","6,837"
"1001","R11078184","C","3480","2361 SW 18 Avenue","Osceola Park ","","$769,000","","1","2","0","1,065","Single","2016","0","No","No","",""
"1001","F10512737","C","3500","600 W Las Olas Blvd Unit#902-S","Symphony Symphony","","$769,000","","2","2","1","1,345","Condo","2005","2","","Yes","",""
"1001","F10479103","C","3810","410 NW 1st Ave Unit#202","mill lofts mill lofts","","$769,000","","2","2","0","1,596","Condo","2007","1","","No","",""
"1001","F10458076","C","3370","1501 NE 3rd Ave","Progresso 2-18 D ","","$760,000","","5","3","0","2,016","Single","1950","0","No","No","","6,757"
"1001","F10474756","C","3370","1501 NE 3rd Ave","Progresso 2-18 D ","","$759,900","","5","3","0","2,016","Single","1950","0","No","No","","6,757"
"1001","R11097883","C","3390","812 NW 26th Street","BABCO PARK ","","$759,000","","2","2","0","1,846","Single","1962","2","Yes","No","Garden Apartment","6,883"
"1001","A11798380","C","3720","2901 NW 9th Ter","JENADA VILLAS 1 ADD ","","$752,000","","3","2","0","¤2,023","Single","1957","2","No","Yes","Attached","¤8,865"
"1001","F10492806","C","3160","505 N Ft Lauderdale Bch Boulevard Unit#224","Q Club Resort & Residence Q Club Resort & Residence","","$750,000","","3","3","1","2,757","Condo","2006","0","","","",""
"1001","F10473359","C","3160","401 N Birch Rd Unit#409","Tiffany House Tiffany House","","$750,000","","1","1","0","844","Condo","2018","1","","No","",""
"1001","F10523154","C","3170","1922 S Ocean Ln Unit#20","Ocean Lane Villas Ocean Lane Villas","","$750,000","","2","2","0","940","Co-Op","1956","0","","Yes","",""
"1001","A11519871","C","3170","2100 S Ocean Ln Unit#103","POINT OF AMERICAS CONDO POINT OF AMERICAS","","$750,000","","2","2","0","¤1,500","Condo","1969","1","","No","",""
"1001","A11709887","C","3380","1025 NE 17th Way","PROGRESSO ","","$750,000","","2","1","0","¤1,031","Single","1956","1","No","No","Attached","¤6,747"
"1001","A11784863","C","3470","705 SW 8th Ave","SEAWANNA PARK ","","$750,000","","2","1","0","¤763","Single","1946","0","No","No","Detached","¤7,200"
"1001","A11819297","C","3500","1604 SW 4th Ave","PORTOFINO PORTOFINO","","$750,000","","3","2","1","¤1,745","Townhouse","2019","2","","No","",""
"1001","A11709262","C","3600","902 SE 12th Ct","EVERGLADE LAND SALES CO ","","$750,000","","3","2","0","¤2,104","Single","1952","0","No","No","Detached","¤8,580"
"1001","F10499005","C","3810","411 NW 1st Ave Unit#204","Foundry Lofts Foundry Lofts","","$750,000","","2","2","0","1,363","Condo","2007","1","","No","",""
"1001","F10424146","C","3370","909 NE 18 Street","Middle River Terrace ","","$749,999","","3","3","0","1,638","Single","1957","0","Yes","No","","6,000"
"1001","R11130278","C","3170","215 N Birch Road Unit#5b","Versailles ","","$749,900","","2","2","0","1,318","Condo","1959","0","No","Yes","","1,318"
"1001","R11039832","C","3370","11 NE 26th Street","SUN SET MANORS FIRST ADD ","","$749,900","","3","2","0","1,235","Single","1954","0","Yes","No","","7,146"
"1001","F10449341","C","3370","2633 NE 14th Ave Unit#505","Wilton Station Wilton Station","","$749,900","","3","3","0","1,930","Condo","2007","1","","No","",""
"1001","A11780883","C","3390","2109 NW 2nd Avenue","TROPICAL PALMS ","","$749,900","","4","2","0","¤1,624","Single","1961","0","Yes","No","Detached","¤10,150"
"1001","A11689855","C","3480","812/814 SW 13th St","ISLAND VIEW ","","$749,500","","6","2","0","¤2,297","Single","1968","2","No","No","Detached","¤8,640"
"1001","F10491407","C","3160","1 Las Olas Cir Unit#511","Venetian Condominium Venetian Condominium","","$749,000","","2","2","0","1,200","Condo","1970","1","","Yes","",""
"1001","F10472721","C","3160","551 N Fort Lauderdale Beach Blvd Unit#1116","The Ocean Resort The Ocean Resort","","$749,000","","1","1","1","720","Condo","2009","1","","Yes","",""
"1001","F10544590","C","3170","2100 S Ocean Dr Unit#7CD","Sky Harbour East Sky Harbour East","","$749,000","","3","2","0","2,161","Condo","1965","0","","Yes","",""
"1001","F10411035","C","3170","1 Las Olas Circle Unit#605","Venetian Condominium Venetian Condominium","","$749,000","","2","2","0","1,200","Condo","1971","1","","Yes","",""
"1001","A11707016","C","3260","936 Intracoastal Dr Unit#14C","CORINTHIAN ON THE INTRACO n/a","","$749,000","","2","2","0","¤1,500","Residential","1974","1","","No","",""
"1001","B26030536","C","3370","2609 NE 14th Avenue Unit#105","WILTON STATION RES CONDO ","","$749,000","","2","2","1","1,738","Townhouse","2007","1","No","No","","0"
"1001","A11976530","C","3370","3024 NE 2nd Ter","ALMAR ESTATES RESUB ","","$749,000","","4","3","0","¤1,916","Single","1959","4","Yes","No","Attached","¤6,498"
"1001","A11835048","C","3370","2249 NE 9th Ave","WILTON MANORS Belle Isle","","$749,000","","3","3","","¤1,880","Townhouse","2004","2","","No","",""
"1001","F10509921","C","3390","2717 NW 7th Ave","WILTON ESTATES RESUB ","","$749,000","","3","2","0","1,375","Single","1960","1","Yes","No","","7,298"
"1001","F10434449","C","3390","818 NW 28th Court","Jenada Villas 37-36 B ","","$749,000","","3","2","0","1,687","Single","1958","0","Yes","No","","7,249"
"1001","A11699758","C","3700","315 NE 7th St","Bamboo Flats Bamboo Flats","","$749,000","","3","3","1","¤1,520","Townhouse","2008","2","","No","",""
"1001","A11976833","C","3400","1236 NE 16th Ave","PROGRESSO ","","$747,500","","4","2","","¤1,359","Single","1959","0","No","No","Detached","¤6,753"
"1001","A11987921","C","3160","2800 E Sunrise Blvd Unit#7F","SUNRISE EAST CONDO SUNRISE EAST","","$745,000","","2","2","0","¤1,900","Condo","1969","2","","Yes","",""
"1001","R11143229","C","3440","537 NE 14th Court","LAUDERDALE GARDENS ","","$744,000","","3","2","0","1,668","Single","1938","0","No","No","","6,800"
"1001","A11812967","C","3470","1001 SW 4th Ave","LAUDERDALE ","","$739,999","","3","2","0","¤1,978","Single","1958","2","No","No","Detached","¤9,999"
"1001","F10496934","C","3370","2113 NE 29th Ct","Coral Shores 30-44 B ","","$739,000","","3","2","0","1,384","Single","1955","0","No","No","","7,510"
"1001","A11628019","C","3390","437 NW 17th St Unit#437","GARDENIA PARK GARDENIA PARK","","$739,000","","4","2","1","¤1,900","Townhouse","2022","1","","No","",""
"1001","A11639163","C","3810","435 N Andrews Ave Unit#301","AVENUE LOFTS CONDO TWO AVENUE LOFTS II","","$738,000","","2","2","0","¤1,569","Condo","2004","1","","No","",""
"1001","A12013613","C","3720","113 NE 6th St Unit#1101","PROGRESSO flagler village","","$736,000","","3","2","1","","Townhouse","2018","2","","No","",""
"1001","F10381849","C","3160","2409 N Ocean Blvd Unit#427","Fountains on  Ocean Blvd Fountains on  Ocean Blvd","","$730,000","","2","2","0","1,570","Condo","2008","2","","Yes","",""
"1001","A11902066","C","3560","1040 NW 30th Ct","OAKLAND BOULEVARD DEV ","","$730,000","","3","2","0","¤1,560","Single","1961","0","Yes","Yes","Detached","¤8,900"
"1001","A11819463","C","3800","436 SE 12th Ct","CROISSANT PARK ","","$729,921","","3","3","1","¤1,649","Single","2023","2","No","No","Attached","¤903"
"1001","F10481961","C","3160","511 Bayshore Dr Unit#504","Bayshore Towers Bayshore Towers","","$729,900","","2","2","0","1,330","Condo","1971","1","","Yes","",""
"1001","A12010258","C","3370","3024 NE 2nd Ter","ALMAR ESTATES RESUB ","","$729,000","","4","3","0","¤1,916","Single","1959","4","Yes","No","Attached","¤6,498"
"1001","A11795290","C","3390","609 NW 30th Ct","BOULEVARD ESTATES AMEN ","","$728,500","","3","2","0","¤1,482","Single","1956","4","Yes","No","Attached","¤8,166"
"1001","A11578794","C","3280","347 N New River Dr E Unit#1908","WATERGARDEN CONDO WaterGarden","","$725,000","","2","2","0","¤1,080","Condo","2004","1","","Yes","",""
"1001","A11586357","C","3331","2841 NW 9th Ave","JENADA VILLAS 1 ADD ","","$725,000","","3","2","0","¤1,560","Single","1959","2","No","No","Attached","¤7,002"
"1001","F10497216","C","3480","1601 SW 20th Ave","Shady Banks ","","$725,000","","4","3","0","1,894","Single","1957","0","No","No","","9,728"
"1001","A11844009","C","3800","417 SE 13th St","CROISSANT PARK Croissant Park Villas","","$725,000","","3","3","1","¤2,008","Townhouse","2008","2","","No","",""
"1001","F10513001","C","3810","434 NW 1st Ave Unit#501","Avenue Lofts Avenue Lofts","","$725,000","","2","2","0","1,576","Condo","2006","1","","No","",""
"1001","F10460319","C","3170","2000 S Ocean Dr Unit#305","Everglades House Everglades House","","$720,000","","2","2","0","1,688","Condo","1965","0","","Yes","",""
"1001","A11857927","C","3370","421 NW 17th St","GARDENIA PARK GARDENIA PARK","","$720,000","","3","2","1","¤1,900","Townhouse","2022","1","","No","",""
"1001","F10439067","C","3380","1325 NE 17th Ave","Progresso 2-18 D ","","$720,000","","2","2","0","1,119","Single","1950","1","Yes","No","","6,754"
"1001","F10433324","C","3390","201 NW 20th St","Meadowbrook 37-37 B ","","$720,000","","3","2","0","1,305","Single","1955","0","No","No","","7,699"
"1001","A11766430","C","3600","904 SE 13th St","EVERGLADE LAND SALES CO ","","$720,000","","3","2","0","","Single","1951","0","No","No","Attached","6,750"
"1001","A11630785","C","3800","200 W Broward Blvd Unit#1409","NATIIVO FORT LAUDERDALE NATIIVO FORT LAUDERDALE","","$720,000","","1","1","0","610","Condo","2027","1","","No","",""
"1001","A11693353","C","3370","2267 NE 9th Ave","WILTON MANORS Belle Isle","","$715,000","","4","3","0","¤1,880","Townhouse","2005","2","","No","",""
"1001","A11853779","C","3370","1730 NE 9th Ave","LAUDERDALE PARK 6-33 1/2 ","","$714,499","","3","2","0","¤1,200","Single","1958","1","Yes","No","Attached","¤5,625"
"1001","F10495216","C","3080","737 NE 16th St","Resub Of Por Of Norfolk G ","","$713,900","","2","2","0","1,075","Single","1953","0","Yes","No","","6,042"
"1001","F10485352","C","3500","342 SW 22nd St","Croissant Park ","","$712,000","","4","3","0","2,166","Single","1952","0","No","No","","7,687"
"1001","F10483080","C","3390","1504 NW 2ND AVE","PROGRESSO ","","$710,000","","4","3","0","1,870","Single","1951","0","No","No","",""
"1001","F10555360","C","3600","711 SE 16th Court","New Harbor Lofts New Harbor Lofts","","$710,000","","3","3","1","1,762","Townhouse","2006","2","","No","",""
"1001","A12004016","C","3800","333 S Las Olas Way Unit#304","LAS OLAS RIVER HOUSE COND LAS OLAS RIVER HOUSE","","$710,000","","1","1","1","¤1,113","Condo","2004","1","","Yes","",""
"1001","A11615938","C","3800","817 SW 12th Street","VINIK NO 2 ","","$710,000","","4","3","0","¤1,679","Single","1949","0","No","No","Attached","¤6,391"
"1001","A11908429","C","3627","317 NW 27th St","BABCO HEIGHTS ","","$707,000","","3","2","0","¤1,248","Single","1958","0","No","No","Detached","¤7,528"
"1001","A11724685","C","3160","3101 Bayshore Dr Unit#601","FORT LAUDERDALE RESIDENCE W RESIDENCES","","$700,000","","1","1","0","¤709","Condo","2010","1","","Yes","",""
"1001","A11890280","C","3380","1441 NE 17th Way","PROGRESSO ","","$700,000","","2","2","0","¤970","Single","1950","0","Yes","No","Detached","¤6,759"
"1001","A11576661","C","3390","1609 NW 7th Ter","PROGRESSO ","","$700,000","","4","2","0","¤2,034","Single","1954","0","No","No","Attached","¤6,757"
"1001","R10972538","C","3170","1920 S Ocean Drive Unit#701","ATLANTIC TOWERS ","","$699,999","","2","2","0","1,185","Condo","1961","0","No","No","",""
"1001","A11589066","C","3470","424 SW 13th Ter Unit#424","VILLAGE AT SAILBOAT BEND VILLAGE AT SAILBOAT BEND","","$699,999","","4","3","1","¤2,539","Condo","2005","2","","No","",""
"1001","F10448373","C","3370","2601 NE 14th Ave Unit#507","Wilton Station Wilton Station","","$699,900","","2","2","0","1,688","Condo","2005","1","","No","",""
"1001","F10417111","C","3370","814-816 NE 16th Pl","MIDDLE RIVER TERRACE ","","$699,900","","3","2","0","1,662","Single","1960","0","No","No","",""
"1001","F10504664","C","3160","200 S Birch Rd Unit#901","Leisure Beach Leisure Beach","","$699,000","","2","1","0","756","Condo","1970","0","","Yes","",""
"1001","F10431817","C","3160","2011 N Ocean Blvd Unit#305","VUE CONDO VUE CONDO","","$699,000","","2","2","0","1,382","Condo","2005","1","","No","",""
"1001","F10380545","C","3260","2800 NE 30th St Unit#3","Villoresi Villoresi","","$699,000","","3","3","0","2,036","Condo","1962","0","","Yes","",""
"1001","A11643580","C","3280","347 N New River Dr E Unit#1908","WATERGARDEN CONDO WaterGarden","","$699,000","","2","2","0","¤1,080","Condo","2004","1","","Yes","",""
"1001","A11871840","C","3370","233 NE 11th St","PROGRESSO Vanguard Townhomes","","$699,000","","3","2","1","¤2,130","Townhouse","2018","1","","No","",""
"1001","A11640642","C","3370","437 NW 17th St Unit#437","GARDENIA PARK GARDENIA PARK","","$699,000","","4","2","1","¤1,900","Townhouse","2022","1","","No","",""
"1001","A11838473","C","3380","1420 NE 15th Ave","PROGRESSO ","","$699,000","","3","2","0","¤1,276","Single","1950","0","No","No","Detached","¤7,804"
"1001","A11586256","C","3470","1724 SW 4th St","SANFORD D ADLER ","","$699,000","","3","2","0","¤1,425","Single","1972","0","No","No","Detached","¤11,440"
"1001","A11756339","C","3480","1701 SW 12th Ave","YELLOWSTONE PARK AMEN PLA ","","$699,000","","3","2","0","¤1,125","Single","1957","1","No","No","Detached","¤8,493"
"1001","F10520975","C","3500","508 SW 11th St","tarpon river ","","$699,000","","5","2","0","1,447","Single","1940","0","No","No","","6,250"
"1001","F10470642","C","3700","315 3 Ave Unit#2107","STRADA 315 STRADA 315","","$699,000","","2","2","1","1,350","Condo","2008","2","","No","",""
"1001","F10472877","C","3800","200 SE 19th St","Croissant Park 4-28 B ","","$699,000","","3","2","0","2,000","Single","1968","0","Yes","No","","6,950"
"1001","F10416020","C","3390","1304 NW 1st Ave","Progresso ","","$698,999","","4","4","0","1,918","Single","1950","0","Yes","No","","6,755"
"1001","A11755038","C","3370","1537 NE 5th Ave","PROGRESSO ","","$698,000","","3","3","0","¤1,235","Single","1955","0","No","No","Detached","¤6,748"
"1001","A11728671","C","3800","511 SE 5th Ave Unit#605","NURIVER LANDING CONDO NURIVER LANDING","","$697,000","","3","2","0","¤1,692","Condo","2006","2","","No","",""
"1001","F10418455","C","3160","3020 NE 32 Ave Unit#1116","TIDES TIDES","","$695,000","","2","2","0","1,170","Condo","2002","3","","No","",""
"1001","F10528132","C","3170","2000 S Ocean Drive Unit#305","EVERGLADES HOUSE EVERGLADES HOUSE","","$695,000","","2","2","0","1,688","Condo","1965","","","No","","0"
"1001","F10504094","C","3270","1009 NE 6th Street","Victoria Park ","","$695,000","","1","1","0","704","Single","1946","0","No","No","","3,062"
"1001","F10442592","C","3480","1508 SW 23RD ST Unit#1508","RIVER OAKS VILLAS RIVER OAKS VILLAS","","$695,000","","3","2","1","1,850","Townhouse","2004","2","","No","",""
"1001","A11713672","C","3280","180 Isle Of Venice Dr Unit#206","OASIS-NURMI ISLE CO-OP Oasis","","$690,000","","2","2","0","¤1,140","Co-Op","1959","0","","Yes","",""
"1001","F10446351","C","3470","228 SW 14th Ct","Lauderdale 2-9 D ","","$690,000","","5","2","0","1,435","Single","1949","0","No","No","","7,560"
"1001","A11860105","C","3800","436 SE 12th Ct","CROISSANT PARK PARK 12 TOWNHOUSE","","$689,921","","3","3","1","¤1,649","Townhouse","2023","2","","No","",""
"1001","A11688342","C","3270","1401 NE 9th St Unit#26","VICTORIA PARK PLACE Victoria Park Place","","$689,000","","3","2","1","¤1,658","Townhouse","1986","2","","No","",""
"1001","F10504695","C","3370","2725 NE 8th Ave Unit#113","Palm Island Villas Palm Island Villas","","$689,000","","3","3","1","2,294","Townhouse","2008","2","","No","",""
"1001","R11160747","C","3570","1812 SW 9th Street","RIVERSIDE PARK ","","$689,000","","3","3","0","1,454","Single","1959","0","Yes","No","Garden Apartment","6,050"
"1501","A11836911","C","3600","904 SE 13th St","EVERGLADE LAND SALES CO ","","$689,000","","3","2","0","¤976","Single","1951","0","No","No","Detached","¤3,375"
"1501","F10534256","C","3810","411 NW 1st Avenue Unit#303","THE FOUNDRY LOFTS THE FOUNDRY LOFTS","","$689,000","","2","2","0","1,363","Condo","2007","1","","No","","0"
"1501","F10478728","C","3700","505 NE 2nd Street Unit#14J","Viceroy Viceroy","","$685,000","","1","1","0","679","Condo","2029","1","","No","",""
"1501","A11630598","C","3480","1806 SW 23rd St Unit#0","OSCEOLA PARK OSCEOLA PARK","","$684,999","","3","2","1","¤2,739","Townhouse","2007","2","","No","",""
"1501","A11725482","C","3160","551 N Fort Lauderdale Beach Blvd Unit#H1003","OCEAN RESORT RESIDENCES OCEAN RESORT RESIDENCES","","$680,000","","1","1","1","¤731","Condo","2009","1","","Yes","",""
"1501","A11791607","C","3280","347 N New River Dr E Unit#1908","WATERGARDEN CONDO watergarden","","$680,000","","2","2","0","¤1,080","Condo","2004","1","","Yes","",""
"1501","F10407906","C","3480","1312 SW 19th Ave","Riverside Estates 2nd Rev ","","$680,000","","3","2","0","984","Single","1954","0","Yes","No","","6,611"
"1501","A11941415","C","3370","1464 NE 24th St","MIDDLE RIVER PLAZA ","","$679,900","","2","1","0","¤896","Single","1958","0","Yes","No","Detached","¤6,898"
"1501","F10541021","C","3370","1464 NE 24th Ct","Wilton Manors ","","$679,900","","3","2","0","1,134","Single","1950","0","No","No","","4,504"
"1501","A11696031","C","3560","2908 NW 6th Ave","MARCH ESTATES AMEN ","","$679,500","","3","2","0","¤1,260","Single","1961","0","No","No","Detached","¤6,488"
"1501","F10489904","C","3160","2011 N Ocean Blvd Unit#201","THE VUE THE VUE","","$679,000","","3","2","0","1,359","Condo","2005","1","","No","",""
"1501","A11917432","C","3280","347 N New River Dr E Unit#411","WATERGARDEN CONDO WATERGARDEN CONDO","","$679,000","","2","2","0","¤1,178","Condo","2004","1","","Yes","",""
"1501","A11787374","C","3280","2520 NE 9th St","SUNRISE Las Casas Galleria","","$679,000","","2","2","0","¤1,345","Townhouse","1981","1","","No","",""
"1501","F10487007","C","3370","681 Kensington Place","TownHouse Shores TownHouse Shores","","$679,000","","2","1","1","1,250","Townhouse","1974","0","","Yes","",""
"1501","A11648830","C","3390","1421 NW 1st Ave","PROGRESSO ","","$678,900","","4","2","0","¤1,444","Single","1950","0","Yes","No","Detached","¤10,123"
"1501","R11090120","C","3130","215 N Birch Road Unit#8c","central beach ","","$675,000","","1","1","1","1,000","Co-Op","1959","0","No","Yes","",""
"1501","A11689988","C","3160","2715 N Ocean Blvd Unit#5E","EMBASSY TOWER II INC COND EMBASSY TOWER II","","$675,000","","2","2","0","¤1,200","Condo","1973","1","","No","",""
"1501","A11638923","C","3160","2715 N Ocean Blvd Unit#5E","EMBASSY TOWER II INC COND EMBASSY TOWER II","","$675,000","","2","2","0","¤1,200","Condo","1973","1","","No","",""
"1501","A11407024","C","3160","551 N Fort Lauderdale Beach Blvd Unit#H1715","551 FLB CONDOMINIUM HOTEL The Ocean Resort Residenc","","$675,000","","0","1","0","¤451","Condo","2015","1","","No","",""
"1501","R11020630","C","3270","110 N Federal Highway Unit#1502","WAVERLY AT LAS OLAS CONDO ","","$675,000","","3","2","0","1,369","Condo","2005","3","No","No","",""
"1501","A11663035","C","3280","347 N New River Dr E Unit#1908","WATERGARDEN CONDO WaterGarden","","$675,000","","2","2","0","¤1,080","Condo","2004","1","","Yes","",""
"1501","F10527777","C","3370","624 NE 29th DR Unit#D","624 NE 29 Drive Townhomes 624 NE 29 Drive Townhomes","","$675,000","","3","2","2","2,324","Townhouse","2010","0","","No","",""
"1501","A11730468","C","3370","516 NE 28th Dr","TROPICAL MANORS ","","$675,000","","3","2","0","¤1,238","Single","1956","1","No","No","Attached","¤7,005"
"1501","R11051722","C","3390","825 NW 28th Street","JENADA VILLAS ","","$675,000","","3","2","0","1,320","Single","1959","0","Yes","No","Garden Apartment","7,237"
"1501","R11072429","C","3460","533 NW 16th Avenue","DORSEY PARK SECOND ADD ","","$675,000","","3","2","1","1,410","Single","2024","0","No","No","","5,400"
"1501","A11784868","C","3480","509 SW 13th St","CROISSANT PARK SOUTH RIVE ","","$675,000","","2","1","0","¤858","Single","1950","0","Yes","No","Detached","¤6,820"
"1501","F10490933","C","3480","1320 SW 19th Avenue","RIVERSIDE ESTATES 2ND REV ","","$675,000","","3","2","0","1,272","Single","1953","0","No","No","","6,638"
"1501","A12013775","C","3500","1604 SW 4th Ave","PORTOFINO PORTOFINO","","$675,000","","3","2","1","¤1,745","Townhouse","2019","2","","No","",""
"1501","A11576669","C","3500","220 SW 11th St","CROISSANT PARK RIVER SEC ","","$675,000","","4","3","0","¤1,343","Single","1949","0","No","No","Detached","¤6,250"
"1501","R10972789","C","3270","100 N Federal Highway Unit#1139","WAVERLY AT LAS OLAS CONDO ","","$674,900","","3","2","0","1,529","Condo","2005","3","No","No","","0"
"1501","B26026629","C","3380","1739 N Victoria Park Road","PROGRESSO ","","$670,000","","4","2","0","1,417","Single","1951","","No","No","","8,099"
"1501","A11894010","C","3380","1636 NE 15th Ave","PROGRESSO ","","$670,000","","3","1","0","¤1,080","Single","1950","0","No","No","Attached","¤7,802"
"1501","R11094054","C","3400","1517 NW 12th Avenue","LAUDERDALE VILLAS ","","$670,000","","4","3","0","1,985","Single","1952","0","Yes","No","Garden Apartment","10,107"
"1501","F10466084","C","3160","3020 NE 32nd Ave Unit#418","THE TIDES AT BRIDGESIDE THE TIDES AT BRIDGESIDE","","$669,900","","2","2","0","1,196","Condo","2002","2","","Yes","",""
"1501","A11874035","C","3370","1643 NE 8th Ave","MIDDLE RIVER TERRACE AMD ","","$669,000","","4","2","0","¤2,608","Single","1953","0","Yes","No","Detached","¤6,420"
"1501","F10480718","C","3380","1110 NE 14th Ave","PALMERA AT LAKE RIDGE PALMERA AT LAKE RIDGE","","$669,000","","3","2","1","1,583","Townhouse","2020","2","","No","",""
"1501","B26024240","C","3470","413 SW 11th Street","LAUDERDALE ","","$669,000","","3","2","1","1,614","Single","1946","","No","No","",""
"1501","A11978392","C","3480","2361 SW 18th Ave","OSCEOLA PARK ","","$669,000","","1","2","0","¤1,065","Single","2016","0","No","No","Detached","¤6,749"
"1501","A11827334","C","3480","510 SW 19th St","LAUDERDALE ","","$669,000","","3","2","0","¤1,274","Single","1947","0","No","No","Detached","¤7,830"
"1501","A11873176","C","3370","3083 NE 5th Ter","RIVER RANCHES ","","$665,000","","3","2","0","¤1,260","Single","1957","6","No","No","Attached","¤6,295"
"1501","A11745571","C","3390","1421 NW 1st Ave","PROGRESSO ","","$665,000","","4","2","0","¤1,444","Single","1950","2","Yes","No","Detached","¤10,123"
"1501","F10511232","C","3480","1462 SW 16th Ter","Shady Banks On New River ","","$665,000","","4","3","0","1,504","Single","1957","0","No","No","","7,475"
"1501","F10497696","C","3480","1462 SW 16th Ter","Shady Banks On New River ","","$665,000","","4","3","0","1,504","Single","1957","0","No","No","","7,475"
"1501","A11712616","C","3480","830 SW 18th St","PINEHURST ","","$665,000","","3","2","0","¤1,394","Single","1972","1","No","No","Detached","¤6,736"
"1501","F10459034","C","3480","1508 SW 23RD ST Unit#1508","RIVER OAKS VILLAS RIVER OAKS VILLAS","","$665,000","","3","2","1","1,850","Townhouse","2004","2","","No","",""
"1501","A12020303","C","3500","610 W Las Olas Blvd Unit#117N","SYMPHONY NORTH CONDO Symphony","","$665,000","","2","2","0","¤1,180","Condo","2005","1","","Yes","",""
"1501","R11005053","C","3160","505 N Fort Lauderdale Beach Boulevard Unit#2117","Q CLUB RESORT & RESIDENCE ","","$660,000","","1","2","0","1,028","Condo","2006","0","No","Yes","",""
"1501","A11771350","C","3370","508 NW 28th Ct","WILTON ESTATES ","","$660,000","","3","2","0","¤1,330","Single","1957","0","Yes","No","Detached","¤8,405"
"1501","A11634273","C","3860","1508 SW 20 th ave","Shady Banks ","","$660,000","","3","2","","","Single","1956","0","No","No","Detached",""
"1501","F10506234","C","3370","681 Kensington Place","TownHouse Shores ","","$659,000","","2","1","1","1,250","Single","1974","0","No","Yes","",""
"1501","F10498911","C","3500","808 SW 4th Ave","Heritage Place Heritage Place","","$659,000","","3","2","1","1,650","Townhouse","2000","1","","No","",""
"1501","F10494591","C","3800","436 SE 16th St Unit#436","Mackenzie Manor Mackenzie Manor","","$659,000","","3","2","1","1,620","Townhouse","2016","2","","No","",""
"1501","A11663672","C","3160","505 N Fort Lauderdale Beach Blvd Unit#1817","Q CLUB RESORT & RESIDENCE Hilton","","$658,000","","1","2","0","¤1,028","Condo","2006","1","","Yes","",""
"1501","A11690166","C","3160","505 N Fort Lauderdale Beach Blvd Unit#1817","Q CLUB RESORT & RESIDENCE Hilton","","$656,000","","1","2","0","¤1,028","Condo","2006","1","","Yes","",""
"1501","A11669351","C","3280","347 N New River Dr E Unit#1908","WATERGARDEN CONDO WaterGarden","","$655,000","","2","2","0","¤1,080","Condo","2004","1","","Yes","",""
"1501","A11699802","C","3390","2900 NW 9th Ave","JENADA VILLAS ","","$655,000","","4","2","0","¤1,761","Single","1968","2","No","No","Attached","¤7,344"
"1501","F10480455","C","3390","201 NW 20th St","Meadowbrook 37-37 B ","","$654,900","","3","2","0","1,305","Single","1955","0","No","No","","7,699"
"1501","A11689457","C","3160","3020 NE 32nd Ave Unit#906","TIDES AT BRIDGESIDE SQUAR Tides at Bridgeside","","$650,000","","2","2","0","¤1,200","Condo","2002","1","","No","",""
"1501","A11643765","C","3160","3020 NE 32nd Ave Unit#906","TIDES AT BRIDGESIDE SQUAR Tides at Bridgeside","","$650,000","","2","2","0","¤1,200","Condo","2002","2","","No","",""
"1501","F10498214","C","3370","38 NE 27th Dr","Babco Manors 39-15 B ","","$650,000","","3","2","0","1,248","Single","1956","0","No","No","","7,503"
"1501","R11054064","C","3370","904 NE 28th Street","HIGHLAND ESTATES ","","$650,000","","3","3","1","1,686","Townhouse","2005","2","No","No","Garden Apartment",""
"1501","A11683699","C","3370","2752 NE 8th Ave Unit#15","HIGHLAND ESTATES LOFT OF WILTON","","$650,000","","2","2","1","¤1,584","Townhouse","2005","2","","No","",""
"1501","A11715965","C","3380","1636 NE 15th Ave","PROGRESSO ","","$650,000","","3","1","0","¤1,080","Single","1950","0","No","No","Attached","¤7,802"
"1501","R11107409","C","3400","1517 NW 12th Avenue","LAUDERDALE VILLAS ","","$650,000","","4","3","0","1,985","Single","1952","0","Yes","No","Garden Apartment",""
"1501","A11638295","C","3400","1613 NW 11th Ave","LAUDERDALE VILLAS ","","$650,000","","5","3","","¤1,612","Single","1953","2","Yes","No","Detached","¤8,928"
"1501","A11742523","C","3460","532 NW 17th Ave Unit#532","DORSEY PARK SECOND ADD Dorsey Park","","$650,000","","3","2","1","","Townhouse","2025","0","","No","",""
"1501","A11742185","C","3460","538 NW 17th Ave Unit#538","DORSEY PARK SECOND ADD Liberty Park","","$650,000","","3","2","1","","Townhouse","2025","0","","No","",""
"1501","F10507144","C","3470","828 W Las Olas Blvd","Bryan (Sailboat Bend) ","","$650,000","","2","2","0","1,126","Single","1926","0","No","No","","7,000"
"1501","A11847059","C","3480","1121 SW 18th Ct","YELLOWSTONE PARK AMEN PLA ","","$650,000","","2","1","0","¤862","Single","1951","0","No","No","Detached","¤6,369"
"1501","R11076149","C","3810","645 NW 2nd Avenue","Old Progresso Village ","","$650,000","","3","2","1","1,640","Townhouse","2006","1","No","No","","3,375"
"1501","A11717325","C","3500","220 SW 11th St","CROISSANT PARK RIVER SEC ","","$649,999","","4","3","0","¤1,343","Single","1949","0","No","No","Detached","¤6,250"
"1501","F10413081","C","3160","551 N Fort Lauderdale Beach Blvd Unit#R2018","Ocean Resort Residences Ocean Resort Residences","","$649,900","","1","1","1","767","Condo","2009","1","","Yes","",""
"1501","A11610230","C","3370","1515 NE 12th St","PROGRESSO ","","$649,500","","2","2","0","¤1,231","Single","1952","0","No","No","Attached","¤6,755"
"1501","R11091976","C","3390","2924 NW 6th Avenue","MARCH ESTATES AMEN ","","$649,500","","2","2","0","1,292","Single","1956","0","No","No","","6,500"
"1501","A11891431","C","3080","1760 NE 13th St","LAKE RIDGE ","","$649,000","","4","3","0","¤1,486","Single","1950","0","No","No","Attached","¤5,253"
"1501","F10341233","C","3160","551 N Fort Lauderdale Beach Blvd Unit#1115","THE OCEAN RESORT THE OCEAN RESORT","","$649,000","","0","1","0","451","Condo","2016","1","","Yes","",""
"1501","A11795485","C","3170","3073 Harbor Dr Unit#15","HARBOR CLUB OF FORT LAUDE Harbor Club","","$649,000","","2","2","","¤936","Co-Op","1957","0","","Yes","",""
"1501","F10485771","C","3170","2900 Banyan St Unit#101","Leisure Beach South Leisure Beach South","","$649,000","","2","2","0","850","Condo","1970","0","","No","",""
"1501","A11689196","C","3370","501 NW 17th St","GARDENIA PARK ","","$649,000","","4","2","1","¤1,900","Single","2022","0","No","No","Attached","¤2,727"
"1501","F10482192","C","3380","1703 NE 24th St","MAX SWARTZ ","","$649,000","","3","2","0","1,685","Single","1960","2","No","No","","9,339"
"1501","A11669210","C","3500","220 SW 11th St","CROISSANT PARK RIVER SEC ","","$649,000","","4","3","0","¤1,343","Single","1949","0","No","No","Detached","¤6,250"
"1501","F10516322","C","3810","435 N Andrews Ave Unit#301","Avenue Lofts Condo Assoc Avenue Lofts Condo Assoc","","$649,000","","2","2","0","1,569","Condo","2004","1","","No","",""
"1501","B26003059","C","3370","1805 N Dixie Highway","LAUDERDALE PARK 6-33 1/2 ","","$648,000","","3","2","0","1,655","Single","1954","","No","No","","5,768"
"1501","R11078185","C","3480","2321 SW 18th Terrace","OSCEOLA PARK ","","$648,000","","1","1","0","1,376","Single","1958","0","No","No","",""
"1501","F10495588","C","3380","1110 NE 14th Ave","PALMERA AT LAKE RIDGE PALMERA AT LAKE RIDGE","","$645,000","","3","2","1","1,583","Townhouse","2020","2","","No","",""
"1501","F10443724","C","3800","511 SE 5th Ave Unit#1902","NURIVER LANDING NURIVER LANDING","","$643,999","","2","2","0","1,246","Condo","2006","9","","Yes","",""
"1501","F10446827","C","3390","117 NW 24th St","Beulaland 7-33 B ","","$641,000","","4","2","0","1,456","Single","1953","0","No","No","","7,201"
"1501","A11813180","C","3160","2841 N Ocean Blvd Unit#1801","VANTAGE VIEW CONDO vantage view condo","","$640,000","","2","2","0","¤1,200","Condo","1976","1","","Yes","",""
"1501","A11745321","C","3370","1009 NE 18th St","LAUDERDALE PARK 6-33 1/2 ","","$640,000","","3","2","","¤1,424","Single","1957","0","No","No","Detached","¤4,723"
"1501","F10449265","C","3390","1023 NW 2nd Ave","Progresso 2-18 D ","","$640,000","","3","1","1","1,285","Single","1948","0","No","No","","13,493"
"1501","A11835867","C","3390","817 NW 17th St","PROGRESSO ","","$639,900","","4","2","0","¤925","Single","1953","0","No","No","Detached","¤7,367"
"1501","A12048082","C","3480","1014 SW 20th St","BANYAN GROVE ","","$639,400","","3","2","0","¤1,074","Single","1949","2","No","No","Detached","¤7,499"
"1501","R11004928","C","3280","347 N New River Drive Unit#1408","WATERGARDEN CONDO ","","$639,000","","2","2","0","1,080","Condo","2004","1","No","Yes","",""
"1501","F10502830","C","3390","801 NW 26th St","Babco Park 42-6 B ","","$639,000","","3","2","0","1,485","Single","1957","0","No","No","","7,819"
"1501","A11694448","C","3390","1701 NW 6th Ave","PROGRESSO ","","$639,000","","3","2","0","¤1,379","Single","2000","2","No","No","Detached","¤6,751"
"1501","A11886387","C","3490","823 SW 27th St","LAKEWAY ADDITION ","","$639,000","","4","3","0","¤1,377","Single","1953","5","No","No","Attached","¤7,150"
"1501","A11866013","C","3600","1819 SE 17th St Unit#604","PORT CONDO RESIDENCES","","$639,000","","2","2","0","¤1,375","Condo","2005","2","","Yes","",""
"1501","F10518151","C","3800","510 SE 7th St Unit#401","Villa Tuscany Villa Tuscany","","$638,000","","3","3","1","1,994","Townhouse","2004","2","","No","",""
"1501","F10455977","C","3160","2715 N Ocean Blvd Unit#12D","EMBASSY TOWER II EMBASSY TOWER II","","$635,000","","2","2","0","1,200","Condo","1973","1","","No","",""
"1501","A11762779","C","3370","1009 NE 18th St","LAUDERDALE PARK 6-33 1/2 ","","$635,000","","3","2","","¤1,424","Single","1957","0","No","No","Detached","¤4,723"
"1501","F10459725","C","3390","824 NW 29th St","Jenada Villas 37-36 B ","","$635,000","","3","2","0","1,032","Single","1957","0","Yes","No","","7,135"
"1501","A11716028","C","3280","2500 E Las Olas Blvd Unit#408","MARINE TOWER CONDO Marine Tower","","$634,999","","2","2","1","¤1,706","Condo","1969","1","","Yes","",""
"1501","A11631546","C","3370","1628 NE 7th Ave","MIDDLE RIVER TERRACE AMD ","","$630,000","","4","2","","¤1,168","Single","1952","0","No","No","Detached","¤6,472"
"1501","A11582035","C","3370","545 NW 17th St","GARDENIA PARK GARDENIA PARK","","$630,000","","3","2","1","¤1,844","Townhouse","2022","1","","No","",""
"1501","F10530853","C","3700","315 NE 3rd Ave Unit#2107","Strada 315 Strada 315","","$630,000","","2","2","1","1,294","Condo","2007","2","","No","",""
"1501","F10507880","C","3160","2800 E Sunrise Blvd Unit#5C","SUNRISE EAST SUNRISE EAST","","$629,999","","2","2","0","1,575","Condo","1970","0","","Yes","",""
"1501","R11042111","C","3380","1025 NE 18th Avenue Unit#105","GALLERIA LOFTS CONDO ","","$629,999","","3","2","1","1,825","Townhouse","2017","1","Yes","No","",""
"1501","F10539159","C","3370","2301 Wilton Dr Unit#R309","Island City Lofts Island City Lofts","","$629,250","","1","2","0","1,386","Condo","2008","2","","No","",""
"1501","F10454863","C","3020","350 SE 2nd St Unit#1640","350 Las Olas 350 Las Olas","","$629,000","","2","2","0","1,200","Condo","2005","1","","No","",""
"1501","F10435407","C","3160","2701 N Ocean Blvd Unit#12C","Embassy Tower Embassy Tower","","$629,000","","2","2","0","1,200","Condo","1972","1","","No","",""
"1501","A11569861","C","3160","3020 NE 32nd Ave Unit#904","TIDES AT BRIDGESIDE SQUAR The Tides","","$629,000","","2","2","0","¤1,200","Condo","2002","1","","No","",""
"1501","F10429002","C","3160","601 N Fort Lauderdale Beach Blvd Unit#1106","THE ATLANTIC HOTEL CONDO THE ATLANTIC HOTEL CONDO","","$629,000","","1","1","0","600","Condo","2004","1","","Yes","",""
"1501","A11790632","C","3370","1009 NE 18th St","LAUDERDALE PARK 6-33 1/2 ","","$629,000","","3","2","","¤1,424","Single","1957","0","No","No","Detached","¤4,723"
"1501","A11799425","C","3470","1813 SW 10th St","RIVERSIDE PARK ","","$629,000","","4","3","0","¤1,584","Single","1931","0","No","No","Detached","¤5,500"
"1501","A12037096","C","3470","1813 SW 10th St","RIVERSIDE PARK ","","$628,000","","4","3","0","¤1,821","Single","1931","0","No","No","Attached","¤5,500"
"1501","A11726696","C","3160","551 N Fort Lauderdale Beach Blvd Unit#R2201","551 FLB CONDOMINIUM RESID Conrad","","$625,000","","1","1","1","¤641","Condo","2009","1","","Yes","",""
"1501","A11717379","C","3160","2715 N Ocean Blvd Unit#7C","EMBASSY TOWER II INC COND Embassy Tower","","$625,000","","2","2","0","¤1,200","Condo","1973","1","","No","",""
"1501","F10453056","C","3160","2409 N Ocean Blvd Unit#327","Fountains on Ocean Blvd Fountains on Ocean Blvd","","$625,000","","2","2","0","1,290","Condo","2008","2","","No","",""
"1501","F10523429","C","3280","350 SE 2nd Street Unit#1030","350 Las Olas Place 350 Las Olas Place","","$625,000","","2","2","0","1,297","Condo","2005","1","","No","",""
"1501","R11107872","C","3280","340 Sunset Drive Unit#505","ESSEX TOWER CONDO ","","$625,000","","2","2","0","1,218","Condo","1971","0","No","No","",""
"1501","A11901133","C","3370","1328 N Andrews Ave","PROGRESSO ","","$625,000","","3","2","0","¤1,099","Single","1949","0","Yes","No","Attached","¤6,010"
"1501","R11123816","C","3370","1317 NE 1st Avenue","PROGRESSO ","","$625,000","","3","2","0","1,414","Single","1949","0","No","No","","6,760"
"1501","A11798375","C","3370","1328 N Andrews Ave","PROGRESSO ","","$625,000","","3","2","0","¤1,099","Single","1949","0","Yes","No","Attached","¤6,010"
"1501","F10480629","C","3370","62 NE 26th St","Petite ","","$625,000","","3","2","0","1,365","Single","2016","1","No","No","","3,122"
"1501","A11585874","C","3370","3060 NE 4th Ave","RIVER RANCHES ","","$625,000","","3","2","0","¤1,644","Single","1955","0","No","No","Detached","¤6,827"
"1501","F10474075","C","3390","732 NW 28th St","Jenada Villas 37-36 B ","","$625,000","","4","2","0","1,560","Single","1958","2","No","No","","7,413"
"1501","A11749729","C","3460","538 NW 17th Ave","DORSEY PARK SECOND ADD ","","$625,000","","3","2","1","","Single","2025","0","No","No","Detached",""
"1501","A11749612","C","3460","532 NW 17th Ave","DORSEY PARK SECOND ADD ","","$625,000","","3","2","1","","Single","2025","0","No","No","Detached",""
"1501","A11601890","C","3470","509 SW 11th St","LAUDERDALE ","","$625,000","","2","1","0","¤866","Single","1946","0","No","No","Attached","¤6,250"
"1501","F10466939","C","3480","1717 SW 14th St","Shady Banks ","","$625,000","","3","2","0","1,516","Single","1952","0","No","No","","6,300"
"1501","F10450591","C","3480","1448 SW 16th Ter","Shady Banks On New River ","","$625,000","","3","2","0","1,226","Single","1956","1","No","No","","7,475"
"1501","A11911669","C","3500","610 W Las Olas Blvd Unit#313N","SYMPHONY NORTH CONDO Symphony","","$625,000","","2","2","0","¤1,298","Condo","2005","1","","Yes","",""
"1501","F10459714","C","3600","902 SE 12th Ct","EVERGLADE LAND SALES CO ","","$625,000","","3","2","0","2,104","Single","1952","0","Yes","No","","8,580"
"1501","A11753206","C","3800","200 W Broward Blvd Unit#904","Natiivo Fort Lauderdale Natiivo Fort Lauderdale","","$625,000","","0","1","","","Condo","2028","1","","No","",""
"1501","A11739456","C","3800","301 SE 22nd St Unit#6","LAUDERDALE Poinciana Court","","$625,000","","2","2","1","¤1,500","Townhouse","2004","1","","No","",""
"1501","F10480211","C","3800","200 W Broward Blvd Unit#1504","Natiivo Fort Lauderdale Natiivo Fort Lauderdale","","$625,000","","1","1","0","515","Condo","2027","2","","No","",""
"1501","A11630864","C","3800","200 W Broward Blvd Unit#1104","NATIIVO FORT LAUDERDALE NATIIVO FORT LAUDERDALE","","$624,000","","0","1","0","515","Condo","2027","1","","No","",""
"1501","F10418370","C","3160","551 N Fort Lauderdale Beach Blvd Unit#R2309","551 FLB CONDOMINIUM HOTEL 551 FLB CONDOMINIUM HOTEL","","$620,900","","1","1","0","655","Condo","2009","1","","Yes","",""
"1501","F10418390","C","3160","551 N Fort Lauderdale Beach Blvd Unit#H1418","551 FLB CONDOMINIUM HOTE 551 FLB CONDOMINIUM HOTE","","$620,900","","1","1","1","767","Condo","2009","1","","Yes","",""
"1501","F10413103","C","3160","551 N Fort Lauderdale Beach Blvd Unit#H1601","551 FLB CONDOMINIUM HOTEL 551 FLB CONDOMINIUM HOTEL","","$620,900","","1","1","1","767","Condo","2009","1","","Yes","",""
"1501","A11854004","C","3480","1121 SW 18th Ct","YELLOWSTONE PARK AMEN PLA ","","$620,000","","2","1","0","¤862","Single","1951","0","No","No","Detached","¤6,369"
"1501","F10405150","C","3160","2841 N Ocean Blvd Unit#1807","Vantage View Vantage View","","$619,000","","2","2","0","1,100","Condo","1976","1","","No","",""
"1501","F10462130","C","3370","2725 NE 6th Ln","Resub Of Highland Estates ","","$619,000","","3","2","0","1,200","Single","1946","0","No","No","","4,746"
"1501","A11969623","C","3270","835 NE 17th Way","PROGRESSO Villa Victoria","","$618,000","","2","2","1","¤1,680","Townhouse","1995","1","","No","",""
"1501","F10458727","C","3270","1637 NE 5th St Unit#2","CRESSID COMMONS CONDO CRESSID COMMONS CONDO","","$615,000","","3","2","0","1,800","Townhouse","1978","0","","No","",""
"1501","A11895799","C","3380","1413 NE 17th Way","Poinsettia Heights ","","$615,000","","3","1","0","¤1,108","Single","1951","0","Yes","No","Attached","¤8,111"
"1501","A11907703","C","3490","1823 SW 29th St","F A BARRETTS SUB OF W1/2 ","","$615,000","","3","2","0","¤1,242","Single","1962","0","Yes","No","Detached","¤6,598"
"1501","A11566395","C","3500","610 W Las Olas Blvd Unit#513N","SYMPHONY NORTH CONDO SYMPHONY NORTH CONDO","","$614,999","","2","2","0","¤1,298","Condo","2005","1","","Yes","",""
"1501","A11523246","C","3370","1700 NE 7th Ave","MIDDLE RIVER TERRACE AMD ","","$614,900","","4","2","0","¤1,406","Single","1953","0","No","No","Detached","¤6,472"
"1501","A11937227","C","3390","1214 NW 4th Ave","PROGRESSO ","","$614,900","","4","3","","1,583","Single","2025","4","No","No","Attached","¤5,067"
"1501","A11877847","C","3390","1214 NW 4th Ave","PROGRESSO ","","$614,900","","4","3","","1,583","Single","2025","4","No","No","Attached","¤5,067"
"1501","A11877532","C","3390","1212 NW 4th Ave","PROGRESSO ","","$614,900","","4","3","","1,583","Single","2025","4","No","No","Attached","¤5,068"
"1501","F10512781","C","3270","1637 NE 5th St Unit#2","CRESSID COMMONS CONDO CRESSID COMMONS CONDO","","$610,000","","3","2","0","1,800","Townhouse","1978","0","","No","",""
"1501","B26034179","C","3370","1805 N Dixie Highway Unit#1805","LAUDERDALE PARK 6-33 1/2 ","","$610,000","","3","2","0","1,370","Single","1954","","No","No","","5,768"
"1501","F10458244","C","3390","1142 NW 2nd Ave","PROGRESSO ","","$610,000","","3","2","0","1,102","Single","1953","0","No","No","","10,124"
"1501","F10440779","C","3480","1312 SW 19th St","River Oaks ","","$610,000","","3","2","0","1,439","Single","1952","1","Yes","No","","7,498"
"1501","A11612977","C","3520","333 Sunset Dr Unit#104","FOUR SEASONS CONDO Four Seasons Condominiums","","$610,000","","2","1","1","","Condo","1959","1","","Yes","",""
"1501","A11829492","C","3470","1125 SW 15th Ter","RIVERSIDE NO 3 ","","$609,990","","3","2","0","¤840","Single","1948","0","No","No","Detached","¤6,819"
"1501","A11966466","C","3370","1628 NE 7th Ave","MIDDLE RIVER TERRACE AMD ","","$600,000","","4","2","","¤1,168","Single","1952","0","No","No","Detached","¤6,472"
"1501","F10448870","C","3370","407 NW 17th St","Gardenia Park 183-376 B ","","$600,000","","3","2","1","1,844","Single","2022","1","No","No","","2,222"
"1501","F10555149","C","3380","1413 NE 17th Way","Poinsettia Heights ","","$600,000","","3","1","0","1,108","Single","1951","0","Yes","No","","8,111"
"1501","F10484990","C","3390","1544 NW 4th Ave","PROGRESSO ","","$600,000","","3","2","0","1,689","Single","1958","2","No","No","","6,754"
"1501","F10486919","C","3460","520 NW 20th Ave","River Bend 25-50 B ","","$600,000","","5","3","0","2,223","Single","1972","0","No","No","","5,750"
"1501","F10554935","C","3480","517 SW 14th Street","LAUDERDALE ","","$600,000","","3","2","0","1,356","Single","1950","0","No","No","","6,750"
"1501","R10974490","C","3480","516 SW 17th Street","Croissant Park ","","$600,000","","3","2","0","1,250","Single","1951","1","No","No","",""
"1501","A12025000","C","3560","1042 NW 13th St","LAUDERDALE MANORS ADD ","","$600,000","","4","3","0","¤1,851","Single","1955","0","No","No","Detached","¤7,749"
"1501","A11899201","C","3370","1139 NE 3rd Ave","PROGRESSO ","","$599,999","","3","2","1","¤2,439","Single","2014","1","No","No","Attached","¤3,376"
"1501","A11708415","C","3500","610 W Las Olas Blvd Unit#513N","SYMPHONY NORTH CONDO SYMPHONY NORTH CONDO","","$599,999","","2","2","0","¤1,298","Condo","2005","1","","No","",""
"1501","A11772305","C","3800","501 SE 21st St","CROISSANT PARK ","","$599,999","","2","1","0","¤768","Single","1951","0","No","No","Detached","¤6,776"
"1501","R11058607","C","3480","1721 SW 13th Street","Shady Banks ","","$599,900","","3","2","0","1,235","Single","1952","0","No","No","Garden Apartment","6,300"
"1501","F10444990","C","3390","1732 NW 7th Ter","PROGRESSO ","","$599,111","","3","2","0","1,435","Single","1955","0","No","No","","6,755"
"1501","F10533804","C","3160","2409 N Ocean Blvd Unit#327","Fountains on Ocean Blvd Fountains on Ocean Blvd","","$599,000","","2","2","0","1,290","Condo","2008","2","","No","",""
"1501","F10472720","C","3160","551 N Fort Lauderdale Beach Blvd Unit#1115","THE OCEAN RESORT THE OCEAN RESORT","","$599,000","","1","1","0","451","Condo","2009","1","","Yes","",""
"1501","A11572492","C","3160","551 N Fort Lauderdale Beach Blvd Unit#R1803","551 FLB CONDOMINIUM RESID THE OCEAN RESORT","","$599,000","","1","1","1","¤731","Condo","2009","1","","Yes","",""
"1501","F10416054","C","3160","341 N Birch Road Unit#415","FLL Yacht @ Beach Club FLL Yacht @ Beach Club","","$599,000","","1","1","0","685","Condo","1993","","","Yes","","0"
"1501","F10533506","C","3260","1839 Middle River Dr","Rivers Bend Condo ","","$599,000","","2","2","0","1,196","Single","1972","1","Yes","Yes","","14,502"
"1501","F10444270","C","3270","100 N Federal Highway Unit#642","The Waverly The Waverly","","$599,000","","3","2","0","1,518","Condo","2005","3","","No","",""
"1501","A12009335","C","3370","1118 NE 1st Ave","PROGRESSO Progresso Villas","","$599,000","","3","2","1","¤2,118","Townhouse","2007","2","","No","",""
"1501","A11874034","C","3370","1120 NE 2nd Ave","PROGRESSO ","","$599,000","","5","3","0","¤2,120","Single","1931","0","Yes","No","Detached","¤10,129"
"1501","A11813750","C","3370","928 NE 18th Ct","LAUDERDALE PARK 6-33 1/2 ","","$599,000","","3","2","0","¤1,255","Single","1961","0","No","No","Detached","¤5,106"
"1501","A11743926","C","3370","1328 N Andrews Ave","PROGRESSO ","","$599,000","","3","2","0","¤1,099","Single","1949","0","Yes","No","Attached","¤6,010"
"1501","F10480199","C","3380","1044 NE 18th Ave Unit#104","GALLERIA LOFTS GALLERIA LOFTS","","$599,000","","3","2","1","1,534","Townhouse","2018","1","","No","",""
"1501","A11874552","C","3390","1625 NW 9th Ave","LAUDERDALE VILLAS ","","$599,000","","5","4","0","¤1,538","Single","1953","0","No","No","Detached","¤10,175"
"1501","A11706345","C","3460","417 NW 9th Ave","TUSKEGEE PARK 0","","$599,000","","3","2","1","¤1,940","Townhouse","2018","2","","No","",""
"1501","B26010648","C","3470","838 SW 11th Court","VINIK NO 2 ","","$599,000","","2","1","0","927","Single","1949","","No","No","","6,249"
"1501","A11842542","C","3470","519 SW 7th Ave Unit#8","TARPON RIVER CLUB TARPON RIVER CLUB","","$599,000","","3","2","1","¤1,912","Townhouse","1994","1","","No","",""
"1501","R11001512","C","3470","1224 SW 2 Court","WAVERLY PLACE ","","$599,000","","3","3","0","1,587","Single","1924","0","No","No","","3,111"
"1501","R10996652","C","3470","401 SW 4th Avenue Unit#201","ESPLANADE ON THE NEW RIVE ","","$599,000","","2","2","0","1,227","Condo","2004","1","No","Yes","",""
"1501","F10489323","C","3480","1228 SW 9th Ave","Island View 33-2 B ","","$599,000","","2","2","0","1,386","Single","1955","0","No","No","","6,934"
"1501","F10514518","C","3600","904 SE 13th Street","EVERGLADE LAND SALES CO ","","$599,000","","3","2","0","976","Single","1951","0","No","No","","3,375"
"1501","A11771216","C","3280","333 Sunset Dr Unit#804","FOUR SEASONS CONDO FOUR SEASONS CONDO","","$598,000","","2","1","","¤1,402","Condo","1959","1","","Yes","",""
"1501","F10475417","C","3270","1101 NE 6th St Unit#C","CASA VICTORIA CASA VICTORIA","","$597,000","","2","2","1","1,418","Townhouse","1989","0","","No","",""
"1501","F10548218","C","3160","2701 N Ocean Boulevard Unit#15C","Embassy tower Embassy tower","","$595,000","","2","2","0","1,200","Condo","1972","1","","No","",""
"1501","A11737266","C","3160","3020 NE 32nd Ave Unit#618","TIDES AT BRIDGESIDE SQUAR Tides At Bridgeside","","$595,000","","2","2","0","¤1,200","Condo","2002","1","","No","",""
"1501","A11685306","C","3160","511 Bayshore Dr Unit#309","BAYSHORE TOWERS BAYSHORE TOWERS","","$595,000","","2","2","0","¤1,330","Condo","1971","1","","Yes","",""
"1501","A11611585","C","3160","2701 Ocean Blvd Unit#10C","EMBASSY TOWER INC CONDO EMBASSY TOWER 1","","$595,000","","2","2","0","¤1,200","Condo","1972","1","","Yes","",""
"1501","F10468753","C","3270","917 NE 3rd St Unit#11","WINDSOR SQUARE CONDO WINDSOR SQUARE CONDO","","$595,000","","3","2","1","1,470","Condo","1990","0","","No","",""
"1501","A11857606","C","3370","461 NW 17th Pl","MIDDLE RIVER HEIGHTS ","","$595,000","","6","2","0","¤1,808","Single","1967","0","No","No","Attached","¤8,005"
"1501","A11732185","C","3370","2617 NE 14th Ave Unit#115","WILTON STATION RES CONDO WILTON STATION","","$595,000","","2","2","1","¤1,650","Condo","2006","1","","No","",""
"1501","A11658937","C","3380","1045 NE 18th Ave Unit#307","GALLERIA LOFTS CONDO GALLERIA LOFTS","","$595,000","","2","2","1","¤2,085","Condo","2017","1","","No","",""
"1501","A11832250","C","3390","2900 NW 9th Ave","JENADA VILLAS ","","$595,000","","4","3","0","¤1,761","Single","1967","2","No","No","Attached","¤7,344"
"1501","A11703027","C","3470","401 SW 4th Ave Unit#401","ESPLANADE ON THE NEW RIVE ESPLANADE ON THE NEW RIVE","","$595,000","","2","2","0","¤1,227","Condo","2004","2","","Yes","",""
"1501","R11066445","C","3500","804 SW 4th Avenue","FT LAUDERDALE LAND & DEV C ","","$595,000","","3","2","1","1,650","Townhouse","2000","1","No","No","","1,625"
"1501","A11834959","C","3560","2917 NW 6th Ave","MARCH ESTATES AMEN ","","$595,000","","2","1","0","¤936","Single","1956","1","No","No","Attached","¤6,500"
"1501","F10418368","C","3160","551 N Fort Lauderdale Beach Blvd Unit#R2008","551 FLB CONDOMINIUM HOTEL 551 FLB CONDOMINIUM HOTEL","","$594,900","","1","1","0","648","Condo","2009","1","","Yes","",""
"1501","R10981458","C","3390","507 NW 17th Street","GARDENIA PARK ","","$594,000","","3","2","1","1,844","Townhouse","2022","1","No","No","","2,222"
"1501","A11947487","C","3470","1526 SW 29th St","RESERVE AT EDGEWOOD The Edge on 15","","$590,000","","4","2","1","¤1,921","Townhouse","2021","1","","No","",""
"1501","A11870729","C","3480","1121 SW 18th Ct","YELLOWSTONE PARK AMEN PLA ","","$590,000","","2","1","0","¤862","Single","1951","0","No","No","Detached","¤6,369"
"1501","A11862294","C","3480","1121 SW 18th Ct","YELLOWSTONE PARK AMEN PLA ","","$590,000","","2","1","0","¤862","Single","1951","0","No","No","Detached","¤6,369"
"1501","F10513188","C","3480","1317 SW 18th Ave","Shady Banks ","","$589,900","","3","1","0","1,219","Single","1952","0","No","No","","6,300"
"1501","F10435841","C","3160","2300 NE 33rd Ave Unit#802","EVERGLADES CLUB CONDO EVERGLADES CLUB CONDO","","$589,500","","2","2","1","1,369","Condo","1986","1","","No","",""
"1501","F10457949","C","3260","1170 N Federal Highway","East Point Towers ","","$589,000","","2","2","0","1,920","Single","1973","1","Yes","Yes","",""
"1501","F10461077","C","3370","1445 NE 2nd Ave","Progresso 2-18 D ","","$589,000","","3","2","1","0","Single","1949","0","No","No","","6,753"
"1501","F10448977","C","3480","420 SW 13th St","Lauderdale 2-9 D ","","$589,000","","2","1","0","1,042","Single","1950","0","No","No","","6,490"
"1501","A11844959","C","3560","2917 NW 6th Ave","MARCH ESTATES AMEN ","","$589,000","","2","1","0","","Single","1956","1","No","No","Attached","¤6,500"
"1501","F10443847","C","3570","900 SW 15th Ter","RIVERSIDE NO 3 ","","$589,000","","2","1","0","1,026","Single","1946","0","Yes","No","","9,000"
"1501","R11049528","C","3270","100 N Federal Highway Unit#1021","WAVERLY AT LAS OLAS CONDO ","","$588,000","","2","2","0","1,259","Condo","2005","1","No","No","","210"
"1501","F10537165","C","3370","17 Middlesex Dr","TOWNHOUSE ISLE ","","$585,000","","2","1","1","1,300","Single","1962","1","Yes","Yes","",""
"1501","F10511961","C","3470","1301 SW 4th St Unit#1301","Villages at Sailboat Bend Villages at Sailboat Bend","","$585,000","","4","3","1","2,643","Townhouse","2005","2","","No","",""
"1501","A11658099","C","3580","1510 SW 29th St","RESERVE AT EDGEWOOD ","","$585,000","","3","2","1","¤1,646","Single","2020","1","No","No","Attached","¤1,669"
"1501","F10418365","C","3160","551 N Fort Lauderdale Beach Blvd Unit#R2206","551 FLB CONDOMINIUM HOTEL 551 FLB CONDOMINIUM HOTEL","","$584,900","","1","1","0","648","Condo","2009","1","","Yes","",""
"1501","F10525703","C","3380","1412 NE 14TH PL","VERENA PARK 29-9 B ","","$584,000","","3","2","0","1,196","Single","1960","0","No","No","","6,000"
"1501","F10504095","C","3020","350 SE 2nd St Unit#1640","350 Las Olas 350 Las Olas","","$580,000","","2","2","0","1,200","Condo","2005","1","","No","",""
"1501","F10483361","C","3280","340 Sunset Dr Unit#1808","Essex Tower Condo Essex Tower Condo","","$580,000","","2","2","0","1,218","Condo","1971","1","","No","",""
"1501","F10438467","C","3280","180 Isle Of Venice Dr Unit#227","The Oasis The Oasis","","$580,000","","2","2","0","1,140","Co-Op","1959","0","","Yes","",""
"1501","F10415231","C","3370","1201 & 217 NE 3rd Ave","Progresso 2-18 D ","","$580,000","","4","2","0","1,281","Single","1958","0","No","No","","6,952"
"1501","A11787863","C","3380","1412 NE 17th St","ALLENWOOD ","","$580,000","","2","1","","¤736","Single","1959","2","No","No","Detached","¤7,499"
"1501","A11884305","C","3390","1440 NW 7th Ter","PROGRESSO ","","$580,000","","3","2","0","¤1,128","Single","1954","1","Yes","No","Attached","¤6,751"
"1501","F10550936","C","3470","1616 SW 9th St","Sherwood Forest 30-28 B ","","$579,999","","4","2","0","1,120","Single","1953","0","No","No","","6,987"
"1501","F10418349","C","3160","551 N Fort Lauderdale Beach Blvd Unit#H601","551 FLB CONDOMINIUM HOTEL 551 FLB CONDOMINIUM HOTEL","","$579,900","","1","1","1","767","Condo","2009","1","","Yes","",""
"1501","F10418367","C","3160","551 N Fort Lauderdale Beach Blvd Unit#R1907","551 FLB CONDOMINIUM HOTE 551 FLB CONDOMINIUM HOTE","","$579,900","","1","1","0","648","Condo","2009","1","","Yes","",""
"1501","F10519539","C","3370","2601 NE 14th Ave Unit#105","Wilton Station Wilton Station","","$579,900","","2","2","1","1,738","Townhouse","2006","1","","No","",""
"1501","A11841879","C","3380","1779 NE 16th St","PROGRESSO ","","$579,900","","3","2","0","¤1,369","Single","1951","0","Yes","No","Detached","¤6,002"
"1501","A11738063","C","3260","1142 Seminole Dr Unit#A4","BA-PART CONDO Bay Club","","$579,000","","2","2","0","¤810","Condo","1956","0","","Yes","",""
"1501","F10479286","C","3380","1044 NE 18th Ave Unit#204","GALLERIA LOFTS GALLERIA LOFTS","","$579,000","","3","2","1","1,806","Townhouse","2018","1","","No","",""
"1501","F10491587","C","3390","1504 NW 2ND AVE","PROGRESSO ","","$579,000","","4","3","0","1,870","Single","1951","0","No","No","",""
"1501","A11666089","C","3480","1508 SW 20th Ave","RIVERSIDE ESTATES ADD REV ","","$579,000","","3","2","0","¤1,047","Single","1956","0","No","No","Detached","¤6,195"
"1501","A11627069","C","3480","1500 SW 13th Ct","HENDRICKS HEIGHTS ","","$579,000","","2","1","0","¤828","Single","1948","0","No","No","Detached","¤6,382"
"1501","A11888947","C","3600","1341 SE 10th Ave","EVERGLADE LAND SALES CO ","","$579,000","","2","1","","¤900","Single","1955","0","No","No","Detached","¤3,000"
"1501","F10464353","C","3480","420 SW 13th St","Lauderdale 2-9 D ","","$577,000","","2","1","0","1,042","Single","1950","0","No","No","","6,490"
"1501","B26018545","C","3160","3000 E Sunrise Boulevard Unit#14f","CARLTON TOWER CONDO ","","$575,000","","2","2","0","1,202","Condo","1969","","No","Yes","","0"
"1501","F10532688","C","3370","657 Cypress Ln Unit#26A","Cypress Cove Cypress Cove","","$575,000","","2","2","1","1,350","Townhouse","1976","2","","No","",""
"1501","A11671073","C","3370","828 NE 16th Ct","LAUDERDALE PARK 6-33 1/2 ","","$575,000","","2","1","0","¤962","Single","1953","0","No","No","Detached","¤6,539"
"1501","F10495314","C","3380","1044 NE 18th Ave Unit#204","GALLERIA LOFTS GALLERIA LOFTS","","$575,000","","3","2","1","1,806","Townhouse","2018","1","","No","",""
"1501","A11722452","C","3390","1324 NW 1st Ave","PROGRESSO ","","$575,000","","2","2","0","¤875","Single","1953","0","No","No","Detached","¤6,755"
"1501","F10478277","C","3390","113 NW 11th St","PROGRESSO PROGRESSO","","$575,000","","3","2","1","2,062","Townhouse","2007","2","","No","",""
"1501","F10437457","C","3390","2601 NW 9th Ter","Boniello Villas ","","$575,000","","3","2","0","1,598","Single","1965","2","No","Yes","","8,243"
"1501","F10489655","C","3470","1526 SW 29th St Unit#1526","RESERVE AT EDGEWOOD RESERVE AT EDGEWOOD","","$575,000","","4","2","1","1,921","Townhouse","2020","1","","No","",""
"1501","R11149779","C","3600","1819 SE 17th Street Unit#710","PORT CONDO ","","$575,000","","2","2","1","1,440","Condo","2006","1","No","Yes","","0"
"1501","A11586325","C","3840","2100 SW 3rd Ter","LAUDERDALE 2-9 D ","","$575,000","","3","1","0","¤880","Single","1948","3","No","No","Detached","¤8,190"
"1501","F10480339","C","3800","511 SE 5th Ave Unit#1202","Nuriver Landing Nuriver Landing","","$574,950","","2","2","0","1,246","Condo","2006","1","","Yes","",""
"1501","A11697098","C","3490","1601 SW 28th St","RESERVE AT EDGEWOOD ","","$572,000","","3","2","1","¤1,646","Single","2020","1","No","No","Attached","¤1,701"
"1501","F10418339","C","3160","551 N Fort Lauderdale Beach Blvd Unit#H1001","551 FLB CONDOMINIUM HOTEL 551 FLB CONDOMINIUM HOTEL","","$570,900","","1","1","1","767","Condo","2009","1","","Yes","",""
"1501","A11813503","C","3160","2841 N Ocean Blvd Unit#1809","VANTAGE VIEW CONDO VANTAGE VIEW CONDO","","$570,000","","2","2","0","¤1,100","Condo","1976","1","","Yes","",""
"1501","F10495612","C","3170","2000 S Ocean Dr Unit#1009","Everglades House Everglades House","","$570,000","","2","1","1","1,205","Condo","1965","1","","Yes","",""
"1501","F10499965","C","3500","1835 Park Ln","CROISSANT PARK PARK ","","$570,000","","3","3","0","1,095","Single","1953","1","No","No","","5,600"
"1501","F10507605","C","3500","1835 Park Ln","CROISSANT PARK ","","$569,900","","3","3","0","1,095","Single","1953","1","No","No","","5,600"
"1501","F10479965","C","3370","1445 NE 2nd Ave","Progresso 2-18 D ","","$569,500","","3","2","1","0","Single","1949","0","No","No","","6,753"
"1501","F10504662","C","3160","200 S Birch Rd Unit#1205","Leisure Beach Leisure Beach","","$569,000","","1","1","0","647","Condo","1970","0","","Yes","",""
"1501","A11716060","C","3370","828 NE 16th Ct","LAUDERDALE PARK 6-33 1/2 ","","$569,000","","2","1","0","¤962","Single","1953","0","No","No","Detached","¤6,539"
"1501","F10333913","C","3470","1131 SW 8th Ave","Vinik 2 25-33 B ","","$569,000","","2","2","0","1,124","Single","1949","0","No","Yes","","6,571"
"1501","F10495546","C","3480","1425 SW 19th Ave","RIVERSIDE ESTATES ADD REV ","","$569,000","","2","2","0","1,302","Single","1955","0","No","No","","7,916"
"1501","F10459107","C","3160","601 N Fort Lauderdale Beach Blvd Unit#1106","THE ATLANTIC HOTEL CONDO THE ATLANTIC HOTEL CONDO","","$565,000","","1","1","0","600","Condo","2004","1","","Yes","",""
"1501","R10989689","C","3160","2029 N Ocean Boulevard Unit#502","TRADEWINDS BY THE SEA ","","$565,000","","2","2","0","1,100","Condo","1980","1","No","No","High Rise",""
"1501","F10481115","C","3280","818 SE 4th St Unit#404","Rivercrest Rivercrest","","$565,000","","2","2","0","1,300","Condo","1963","0","","Yes","",""
"1501","F10459404","C","3280","818 SE 4th St Unit#404","Rivercrest Rivercrest","","$565,000","","2","2","0","1,300","Condo","1963","0","","Yes","",""
"1501","A11598398","C","3280","543 NE 7th Ave Unit#2A","7 EAST CONDO 7 East Condominium","","$565,000","","2","2","1","¤1,204","Townhouse","1981","0","","No","",""
"1501","A11822594","C","3331","232 SW 22nd St","LAUDERDALE ","","$565,000","","3","2","0","¤1,194","Single","1950","0","No","No","Attached","¤6,750"
"1501","A11790905","C","3390","1421 NW 1st Ave","PROGRESSO ","","$565,000","","4","2","0","¤1,444","Single","1950","2","Yes","No","Detached","¤10,123"
"1501","A11673328","C","3500","2100 SW 3rd Ter","LAUDERDALE ","","$564,900","","3","1","0","¤880","Single","1948","3","No","No","Attached","¤8,190"
"1501","A11753640","C","3370","1835 N Dixie Hwy","LAUDERDALE PARK 6-33 1/2 Middle River Terrace","","$562,500","","3","3","1","¤1,775","Townhouse","2006","1","","No","",""
"1501","F10390410","C","3160","341 N Birch Rd Unit#204","Ft Lauderdale Yacht & Ft Lauderdale Yacht &","","$561,600","","1","1","0","601","Condo","1993","0","","Yes","",""
"1501","F10474539","C","3810","445 N Andrews Ave Unit#304","Avenue Lofts Avenue Lofts","","$560,000","","1","1","0","1,178","Condo","2005","1","","No","",""
"1501","A11590760","C","3380","1033 NE 17th Way Unit#2102","VILLA MEDICI CONDO Villa Medici","","$559,990","","3","3","1","¤1,780","Townhouse","2005","2","","No","",""
"1501","F10416714","C","3260","936 E Intracoastal Dr Unit#3E","Corinthian Corinthian","","$559,900","","2","2","0","1,500","Condo","1974","1","","Yes","",""
"1501","F10470815","C","3500","600 W Las Olas Blvd Unit#1109","Symphony Symphony","","$559,900","","2","2","0","1,093","Condo","2005","1","","Yes","",""
"1501","A11769744","C","3400","1701 NW 13th Avenue","LAUDERDALE VILLAS ","","$559,400","","5","2","","","Single","1963","0","No","No","Attached","¤10,366"
"1501","F10478260","C","3370","2631 NE 14th Ave Unit#404","Wilton Station Wilton Station","","$559,000","","2","2","0","1,346","Condo","2006","0","","No","",""
"1501","A11883206","C","3560","1042 NW 13th St","LAUDERDALE MANORS ADD ","","$559,000","","4","3","0","¤1,851","Single","1955","2","No","No","Detached","¤7,749"
"1501","F10484419","C","3270","547 NE 7th Ave Unit#3A","7 EAST TOWNHOMES 7 EAST TOWNHOMES","","$557,000","","2","2","1","1,204","Townhouse","1981","0","","No","",""
"1501","F10486484","C","3160","2800 E Sunrise Blvd Unit#4D","SUNRISE EAST SUNRISE EAST","","$555,000","","1","1","1","1,000","Condo","1969","1","","Yes","",""
"1501","F10481908","C","3370","2625 NE 14th Ave Unit#303","WILTON STATION RES CONDO WILTON STATION RES CONDO","","$555,000","","2","2","0","1,681","Condo","2005","1","","No","",""
"1501","A11805904","C","3400","919 NW 13th St","LAUDERDALE MANORS ADD ","","$555,000","","5","3","0","¤1,478","Single","1960","0","No","No","Attached","¤10,758"
"1501","A11738301","C","3400","919 NW 13th St","LAUDERDALE MANORS ADD ","","$555,000","","5","3","0","¤1,478","Single","1960","0","No","No","Attached","¤10,758"
"1501","A11737783","C","3500","307 SW 15th St","LAUDERDALE ","","$552,100","","3","2","0","¤1,056","Single","1956","0","No","No","Detached","¤7,560"
"1501","F10521133","C","3260","1321 Bayview Dr Unit#4","Casa Bayview II Casa Bayview II","","$550,000","","2","2","1","1,349","Condo","1988","0","","No","",""
"1501","F10507643","C","3280","2500 E Las Olas Blvd Unit#603","Marine Tower Marine Tower","","$550,000","","2","2","0","1,230","Condo","1969","1","","Yes","",""
"1501","A11674585","C","3280","2500 E Las Olas Blvd Unit#406","MARINE TOWER CONDO Marine Tower","","$550,000","","3","2","1","¤1,896","Condo","1969","1","","No","",""
"1501","F10489851","C","3380","1033 NE 17th Way Unit#1204","Villa Medici Villa Medici","","$550,000","","3","3","1","2,100","Townhouse","2005","2","","No","",""
"1501","F10448997","C","3390","1432 NW 7th Ter","Progresso 2-18 D ","","$550,000","","3","2","0","1,141","Single","1954","0","No","No","","6,751"
"1501","A11582624","C","3480","905 SW 22nd St","RICKEL ADDITION ","","$550,000","","2","2","0","¤834","Single","1951","0","No","No","Detached","¤8,637"
"1501","A11582593","C","3490","2720 SW 13th Ave","DEVONSHIRE ","","$550,000","","3","2","0","¤1,178","Single","1951","0","No","No","Attached","¤6,120"
"1501","A11858201","C","3700","505 NE 2nd Street Unit#14H","Viceroy Residences Viceroy Residence","","$550,000","","0","1","","","Condo","2029","1","","No","",""
"1501","A11786415","C","3800","511 SE 5th Ave Unit#2109","NURIVER LANDING CONDO NURIVER LANDING CONDO","","$550,000","","2","2","0","¤1,246","Condo","2006","1","","Yes","",""
"1501","A11750842","C","3490","1918 SW 5th Blvd","RIVERSIDE NO 2 Thye Edge on 20","","$549,999","","3","2","1","¤1,516","Townhouse","2021","1","","No","",""
"1501","F10445620","C","3810","434 NW 1 Avenue Unit#303","Avenue Lofts Phase V Avenue Lofts Phase V","","$549,999","","1","1","0","1,097","Condo","2006","1","","No","",""
"1501","R11151979","C","3270","1101 NE 6th Street Unit#C","CASA VICTORIA CONDO ","","$549,900","","2","2","1","1,418","Condo","1990","0","No","No","",""
"1501","F10483151","C","3390","125 NW 23rd St","Maurers Highpoint First A ","","$549,900","","2","2","0","1,200","Single","1958","0","No","No","","7,499"
"1501","A11730906","C","3470","1224 SW 2nd CT","WAVERLY PLACE ","","$549,900","","4","3","0","¤1,587","Single","1936","0","No","No","Detached","¤3,111"
"1501","A11572420","C","3010","551 N Fort Lauderdale Beach Blvd Unit#H1403","551 FLB CONDOMINIUM HOTEL FLB Condominium hotel","","$549,000","","1","1","1","¤731","Condo","2009","1","","Yes","",""
"1501","A11684543","C","3160","2200 NE 33rd Ave Unit#7J","WHITE EGRET CONDO WHITE EGRET","","$549,000","","2","2","0","¤1,425","Condo","1971","1","","Yes","",""
"1501","F10436623","C","3160","3020 NE 32nd Ave Unit#720","TIDES AT BRIDGESIDE SQUAR TIDES AT BRIDGESIDE SQUAR","","$549,000","","2","2","0","1,170","Condo","2002","1","","Yes","",""
"1501","F10477298","C","3170","3000 Holiday Dr Unit#804","Maya Marca Maya Marca","","$549,000","","1","1","1","1,060","Condo","1966","1","","Yes","",""
"1501","A11634773","C","3370","532 NE 16th Ct","MILLER GARDENS ","","$549,000","","2","1","0","¤759","Single","1952","0","No","No","Detached","¤5,880"
"1501","F10481176","C","3390","2917 NW 9th Ave","Jenada Villas 1 Add 42-7 ","","$549,000","","3","2","0","1,205","Single","1969","0","No","No","","6,505"
"1501","F10429869","C","3470","1101 River Reach Dr Unit#302","River Reach Condominium River Reach Condominium","","$549,000","","2","2","0","1,250","Condo","1982","1","","Yes","",""
"1501","F10438042","C","3480","1328 SW 19th Ave","Shady Banks ","","$549,000","","2","1","0","832","Single","1953","0","No","No","","6,665"
"1501","A11554502","C","3480","1811 SW 9th Ave","YELLOWSTONE PARK AMEN PLA ","","$549,000","","2","2","0","¤1,090","Single","1948","0","No","No","Attached","¤5,624"
"1501","A11634301","C","3600","1819 SE 17th St Unit#703","THE PORT CONDO RESIDENCES","","$549,000","","2","2","1","¤1,475","Condo","2005","2","","Yes","",""
"1501","F10494665","C","3800","422 SE 16th St Unit#422","Mackenzie Manor Mackenzie Manor","","$549,000","","3","2","1","1,911","Townhouse","2016","2","","No","",""
"1501","A11595114","C","3800","511 SE 5th Ave Unit#614","NURIVER LANDING CONDO NURIVER LANDING","","$549,000","","2","2","0","¤1,379","Condo","2006","1","","Yes","",""
"1501","A11682947","C","3160","2841 N Ocean Blvd Unit#1105","VANTAGE VIEW CONDO VANTAGE VIEW CONDO","","$547,000","","2","2","0","¤1,100","Condo","1976","2","","Yes","",""
"1501","F10448985","C","3370","1646 NE 7th Ave","Middle River Terrace Amd ","","$547,000","","2","1","0","988","Single","1952","0","No","No","","6,472"
"1501","A11615529","C","3400","1436 NW 11th Ct","LAUDERDALE MANORS ADD ","","$547,000","","4","2","0","¤1,686","Single","1953","2","No","No","Detached","¤8,809"
"1501","F10493664","C","3160","2800 E Sunrise Blvd Unit#19D","SUNRISE EAST CONDO SUNRISE EAST CONDO","","$545,000","","1","1","1","1,000","Condo","1970","0","","Yes","",""
"1501","F10451355","C","3160","2841 N Ocean Blvd Unit#1009","Vantage View Vantage View","","$545,000","","2","2","0","1,100","Condo","1976","1","","Yes","",""
"1501","A11601395","C","3800","520 SE 5th Ave Unit#3402","LAS OLAS BY THE RIVER CON Las Olas by the River","","$545,000","","3","2","0","¤1,462","Condo","2001","2","","No","",""
"1501","F10518012","C","3500","1835 Park Ln","CROISSANT PARK ","","$544,900","","3","3","0","1,095","Single","1953","1","No","No","","5,600"
"1501","F10502878","C","3570","1015 SW 15th Ter","RIVERSIDE NO 3 ","","$544,500","","2","2","0","840","Single","1924","0","No","No","","6,000"
"1501","A11627652","C","3260","936 Intracoastal Dr Unit#3E","CORINTHIAN ON THE INTRACO Corinthian","","$544,000","","2","2","0","¤1,500","Condo","1974","1","","Yes","",""
"1501","R11135168","C","3600","1819 SE 17th Street Unit#901","PORT CONDO ","","$542,500","","1","1","1","1,384","Condo","2005","1","No","Yes","",""
"1501","A11860289","C","3500","307 SW 15th St","LAUDERDALE ","","$541,009","","3","2","0","¤1,056","Single","1951","0","No","No","Detached","¤7,560"
"1501","A11438185","C","3160","551 N Fort Lauderdale Beach Blvd Unit#H811","551 FLB CONDOMINIUM HOTEL The Ocean Resort Residenc","","$540,000","","0","1","0","¤577","Condo","2015","1","","No","",""
"1501","A11956656","C","3380","1033 NE 17th Way Unit#1905","VILLA MEDICI CONDO VILLA MEDICI CONDO","","$540,000","","2","2","1","¤2,080","Townhouse","2005","2","","No","",""
"1501","F10460383","C","3460","741 NW 2nd Ave","Progresso 2-18 D ","","$540,000","","3","2","0","1,709","Single","2017","1","No","No","","3,250"
"1501","F10459830","C","3460","739 NW 2nd Ave","Progresso 2-18 D ","","$540,000","","3","2","0","1,709","Single","2017","1","No","No","","3,250"
"1501","A11983284","C","3490","2927 SW 18th Ter","Edgewood Townhomes Edgewood Townhomes","","$540,000","","3","2","1","¤2,350","Townhouse","2006","1","","No","",""
"1501","F10426609","C","3400","2012 NW 11th Ave","Hillmont-Middle River Vis ","","$539,999","","3","2","0","1,513","Single","1958","2","Yes","No","","6,500"
"1501","A11763650","C","3370","1747 NE 4th Ave Unit#F2","River Landings RIVER LANDINGS","","$539,000","","3","2","1","¤1,760","Townhouse","2002","1","","No","",""
"1501","B26022651","C","3390","2216 NW 2nd Avenue","MAURERS HIGHPOINT FIRST AD ","","$539,000","","3","2","0","1,232","Single","1958","","No","No","","4,705"
"1501","A11802955","C","3460","1201 NE 1st Ave","PROGRESSO ","","$539,000","","2","1","","¤728","Single","1946","0","No","No","Detached","¤10,142"
"1501","B26005637","C","3470","1032 SW 15th Terrace","RIVERSIDE NO 3 ","","$539,000","","2","1","0","1,026","Single","1956","","No","No","Substantially Remodeled","6,000"
"1501","F10518076","C","3500","251 SW 22nd Street","Crossaint Park ","","$539,000","","2","1","0","697","Single","1954","0","No","No","","6,750"
"1501","F10545316","C","3800","511 SE 5th Ave Unit#1913","NURIVER LANDING NURIVER LANDING","","$539,000","","2","2","0","1,270","Condo","2005","1","","Yes","",""
"1501","F10490266","C","3160","2029 N Ocean Blvd Unit#303","TRADEWINDS BY THE SEA TRADEWINDS BY THE SEA","","$535,000","","2","2","0","1,100","Condo","1980","1","","No","",""
"1501","A11858043","C","3700","505 Northeast 2nd Unit#16L","Viceroy Fort Lauderdale Viceroy Fort Lauderdale","","$535,000","","0","1","","","Condo","2029","1","","No","",""
"1501","F10496374","C","3800","511 SE 5th Ave Unit#1119","NURIVER LANDING CONDO NURIVER LANDING CONDO","","$535,000","","2","2","0","1,113","Condo","2005","1","","Yes","",""
"1501","A11727717","C","3331","2841 NW 9th Ave","JENADA VILLAS 1 ADD ","","$534,995","","3","2","0","¤1,560","Single","1959","2","No","No","Attached","¤7,002"
"1501","A11663963","C","3380","1033 NE 17th Way Unit#2102","VILLA MEDICI CONDO Villa Medici","","$534,990","","3","3","1","¤1,780","Townhouse","2005","2","","No","",""
"1501","A11689471","C","3700","454 NE 2nd Ave Unit#27","NORTH LAUDERDALE AMENDED East Villas","","$534,917","","2","2","1","¤1,710","Condo","2003","1","","No","",""
"1501","A11722594","C","3370","81 NE 17th Ct","MIDDLE RIVER TOWNHOUSES MIDDLE RIVER TOWNHOUSES","","$534,000","","2","2","1","¤1,791","Townhouse","1981","0","","Yes","",""
"1501","A11935520","C","3470","1101 SW 19th Ave","RIVERSIDE PARK ","","$534,000","","3","2","0","¤950","Single","1960","0","No","No","Detached","¤5,366"
"1501","A11626560","C","3160","551 N Fort Lauderdale Beach Blvd Unit#H1007","551 FLB CONDOMINIUM HOTEL The Ocean Resort Residenc","","$530,000","","1","1","0","¤579","Condo","2009","1","","Yes","",""
"1501","R11003764","C","3400","1108 NW 3rd Avenue","PROGRESSO ","","$530,000","","3","2","0","1,160","Single","1950","0","No","No","","6,748"
"1501","B26020012","C","3490","2660 SW 12th Terrace","DEVONSHIRE ","","$530,000","","3","2","0","1,304","Single","1940","","No","No","Ranch","6,085"
"1501","A11924103","C","3490","2927 SW 18th Ter","CLAIRE LAKE Edgewood Townhomes","","$530,000","","3","2","1","¤2,350","Townhouse","2007","1","","No","",""
"1501","F10486701","C","3700","505 NE 2nd Street Unit#15L","Viceroy Fort Lauderdale Viceroy Fort Lauderdale","","$530,000","","0","1","0","539","Condo","2029","1","","No","",""
"1501","A11668424","C","3480","501 SW 14th St","LAUDERDALE ","","$529,999","","2","1","0","¤1,072","Single","1950","0","Yes","No","Detached","¤6,750"
"1501","R11094779","C","3400","1530 NW 18 Court","LAUDERDALE MANORS AMEN RES ","","$529,900","","3","2","0","1,122","Single","1954","0","No","No","Garden Apartment","8,785"
"1501","R11059777","C","3260","2717 Yacht Club Boulevard Unit#6a","SUNRISE BAY CLUB CO-OP ","","$529,000","","2","2","0","1,030","Co-Op","1956","0","No","Yes","","51,150"
"1501","F10435296","C","3260","1160 N Federal Hwy Unit#1014","East Point Towers East Point Towers","","$529,000","","2","2","0","1,920","Condo","1978","1","","Yes","",""
"1501","F10471706","C","3370","2617 NE 14th Ave Unit#308","Wilton Station Wilton Station","","$527,900","","2","2","0","1,402","Condo","2006","0","","No","",""
"1501","F10451750","C","3160","2841 N Ocean Blvd Unit#301","Vantage View Vantage View","","$525,000","","2","2","0","1,200","Condo","1976","1","","No","",""
"1501","A11610475","C","3160","520 Orton Ave Unit#201","GARDEN VIEW APARTMENTS CO Garden View","","$525,000","","2","2","0","¤1,267","Condo","1985","0","","No","",""
"1501","A11610434","C","3160","520 Orton Ave Unit#204","GARDEN VIEW APARTMENTS CO CENTRAL BEACH","","$525,000","","2","2","0","¤1,267","Condo","1985","0","","No","",""
"1501","A11609766","C","3160","520 Orton Ave Unit#403","GARDEN VIEW APARTMENTS CO GARDEN VIEW","","$525,000","","2","2","0","¤1,266","Condo","1985","0","","No","",""
"1501","F10425980","C","3160","9 N Birch Rd Unit#403","HARBOR HOUSE EAST CONDO HARBOR HOUSE EAST CONDO","","$525,000","","1","1","0","640","Condo","1966","1","","Yes","",""
"1501","R11035867","C","3170","2000 S Ocean Drive Unit#208","EVERGLADES HOUSE CONDO ","","$525,000","","1","1","1","1,092","Condo","1965","0","No","Yes","",""
"1501","F10468621","C","3170","3000 Holiday Dr Unit#606","Maya Marca Condominium Maya Marca Condominium","","$525,000","","2","2","0","1,214","Condo","1966","1","","Yes","",""
"1501","F10457556","C","3170","3000 Holiday Dr Unit#1102","Maya Marca Maya Marca","","$525,000","","1","1","1","1,179","Condo","1966","1","","Yes","",""
"1501","F10493688","C","3280","2500 E Las Olas Blvd Unit#307","Marine Tower Marine Tower","","$525,000","","2","2","0","1,230","Condo","1969","1","","No","",""
"1501","A11847409","C","3370","1401 NE 5th Ter","PROGRESSO ","","$525,000","","3","2","0","¤1,249","Single","1942","0","No","No","Detached","¤6,760"
"1501","A11917164","C","3380","1412 NE 17th St","ALLENWOOD ","","$525,000","","2","1","1","¤736","Single","1959","0","No","No","Detached","¤7,499"
"1501","F10528816","C","3380","1025 NE 18th Ave Unit#103","Galleria Lofts Condos Galleria Lofts Condos","","$525,000","","2","2","1","1,938","Condo","2017","1","","No","",""
"1501","A11678172","C","3380","520 SE 5th Ave Unit#2211","LAS OLAS BY THE RIVER CON LAS OLAS BY THE RIVER","","$525,000","","3","2","0","¤1,447","Condo","2001","2","","No","",""
"1501","A11915645","C","3470","1928 SW 5th Blvd","RIVERSIDE NO 2 The Edge on 20th","","$525,000","","3","2","1","¤1,586","Townhouse","2021","1","","No","",""
"1501","F10475624","C","3470","243 SW 13th Ter Unit#243","Sailboat Bend Sailboat Bend","","$525,000","","3","2","1","1,939","Condo","2005","0","","No","",""
"1501","F10471367","C","3470","1200 SW 4th St","Waverly Place 2-19 D ","","$525,000","","2","1","0","768","Single","1940","0","Yes","No","","6,750"
"1501","A11643831","C","3560","1535 NW 9th Ave","LAUDERDALE VILLAS ","","$525,000","","4","2","0","¤1,504","Single","1952","0","No","No","Detached","¤12,465"
"1501","F10478718","C","3700","505 NE 2nd Street Unit#16L","Viceroy Viceroy","","$525,000","","0","1","0","539","Condo","2029","1","","No","",""
"1501","F10465837","C","3260","1170 N Federal Highway Unit#702","East Point Tower East Point Tower","","$523,000","","2","2","0","1,920","Condo","1973","1","","Yes","",""
"1501","A11682105","C","3010","536 NW 13th Ave","FIRST ADD TO TUSKEGEE PAR ","","$520,000","","3","2","1","","Single","2024","0","No","No","Attached","¤3,955"
"1501","A11859882","C","3160","2701 N Ocean Blvd Unit#14B","EMBASSY TOWER INC CONDO Embassy Tower 1","","$520,000","","2","2","0","¤1,200","Condo","1972","1","","No","",""
"1501","A11749698","C","3160","551 N Fort Lauderdale Beach Blvd Unit#H1007","FLB CONDOMINIUM HOTEL The Ocean Resort Residenc","","$520,000","","1","1","","579","Condo","2009","1","","Yes","",""
"1501","R11093695","C","3270","100 N Federal Highway Unit#1004","WAVERLY AT LAS OLAS CONDO ","","$520,000","","2","2","0","1,271","Condo","2005","1","No","No","","365"
"1501","A11892458","C","3390","1106 NW 7th Ter","PROGRESSO ","","$520,000","","2","1","0","¤984","Single","1950","2","No","No","Detached","¤6,747"
"1501","A11638218","C","3460","530 NW 13th Ave","FIRST ADD TO TUSKEGEE PAR ","","$520,000","","3","2","1","","Single","2024","0","No","No","Detached","¤3,955"
"1501","A11912087","C","3270","731 NE 16th St","RESUB OF POR OF NORFOLK G ","","$519,900","","3","2","","","Single","1953","0","No","No","Detached","¤6,174"
"1501","A11681358","C","3460","823 NW 2nd St","FT LAUDERDALE LAND & DEV ","","$519,900","","4","2","0","¤1,424","Single","2000","1","No","No","Detached","¤7,750"
"1501","F10532010","C","3500","1835 Park Lane","CROISSANT PARK ","","$519,900","","3","3","0","1,095","Single","1953","1","No","No","","5,600"
"1501","F10504659","C","3160","200 S Birch Rd Unit#1005","Leisure Beach Leisure Beach","","$519,000","","1","1","0","647","Condo","1970","0","","Yes","",""
"1501","F10472653","C","3212","100 N Federal Hwy Unit#1224","Waverly at Las Olas Waverly at Las Olas","","$519,000","","2","2","0","1,228","Co-Op","2005","1","","No","",""
"1501","A11765327","C","3390","2917 NW 6th Ave","MARCH ESTATES AMEN ","","$519,000","","2","1","0","¤936","Single","1956","1","No","No","Detached","¤6,500"
"1501","F10467960","C","3400","814 SW 12th Pl","KIRK ESTATES 88-25 B LOT  ","","$519,000","","3","2","0","1,250","Single","1977","0","No","No","","3,701"
"1501","F10491612","C","3700","315 NE 3rd Ave Unit#1705","STRADA STRADA","","$519,000","","2","2","0","1,155","Condo","2007","1","","No","",""
"1501","A11736741","C","3800","511 SE 5th Ave Unit#2111","NURIVER LANDING CONDO NURIVER LANDING CONDO","","$516,000","","2","2","0","¤1,246","Condo","2006","1","","No","",""
"1501","A11485859","C","3270","100 N Federal Hwy Unit#526","WAVERLY AT LAS OLAS CONDO Waverly at Las Olas","","$515,000","","2","2","0","¤1,245","Condo","2005","1","","No","",""
"1501","A11753797","C","3380","1033 NE 17th Way Unit#404","VILLA MEDICI CONDO Villa Medici Condo","","$515,000","","3","3","1","¤1,780","Townhouse","2006","2","","No","",""
"1501","F10443660","C","3380","1033 NE 17th Way Unit#1204","Villa Medici Villa Medici","","$515,000","","3","3","1","2,100","Townhouse","2005","2","","No","",""
"1501","A11860012","C","3390","1324 NW 1st Ave","PROGRESSO ","","$515,000","","2","2","0","¤875","Single","1953","0","No","No","Detached","¤6,755"
"1501","F10492553","C","3470","531 SW 18th Ave #45","Oak Hammock ","","$515,000","","3","2","1","1,877","Single","2006","2","No","No","",""
"1501","A11708932","C","3800","511 SE 5th Ave Unit#614","NURIVER LANDING CONDO NU RIVER LANDING","","$515,000","","2","2","0","¤1,379","Condo","2006","1","","Yes","",""
"1501","F10500000","C","3810","425 N Andrews Ave Unit#303","avenue lofts avenue lofts","","$515,000","","1","1","0","1,022","Condo","2003","1","","No","",""
"1501","A11778008","C","3490","553 SW 19th Ter Unit#553","RIVERSIDE NO 2 The Edge on 20th","","$514,995","","3","2","1","¤1,484","Townhouse","2021","1","","No","",""
"1501","R10995920","C","3270","110 N Federal Hwy Unit#505","The Waverly ","","$514,000","","2","2","0","1,350","Condo","2005","1","No","No","",""
"1501","F10483548","C","3380","814 NE 14th Ct","Middle River Terrace ","","$512,000","","2","2","0","1,200","Single","1958","0","No","No","","6,250"
"1501","B26035702","C","3700","300 NE 3rd Avenue Unit#301n","GEO M PHIPPENS ","","$511,361","","1","1","0","587","Condo","2028","1","No","No","","0"
"1501","F10470323","C","3370","2631 NE 14th Ave Unit#211","WILTON STATION WILTON STATION","","$510,000","","2","2","0","1,072","Condo","2006","0","","No","",""
"1501","F10546694","C","3460","1136 NW 5th Court","Tuskegee Park 3-9 B ","","$510,000","","4","3","0","1,256","Single","1997","1","No","No","","7,000"
"1501","A11786788","C","3470","1960 Riverside Dr","RIVERSIDE PARK ","","$510,000","","4","3","0","¤1,262","Single","1946","0","Yes","No","Detached","¤7,509"
"1501","A11960475","C","3390","1213 NW 6th Ave","PROGRESSO ","","$509,999","","4","2","0","¤1,323","Single","1955","1","No","No","Detached","¤10,135"
"1501","F10442314","C","3280","1212 SE 2nd Ct Unit#304","Las Olas Manor 2 Las Olas Manor 2","","$509,000","","2","2","0","1,218","Condo","1975","0","","No","",""
"1501","F10520880","C","3370","2124 NE 9th Ave Unit#2124","Wilton Pines Townhomes Wilton Pines Townhomes","","$509,000","","2","2","1","1,292","Townhouse","1982","0","","No","",""
"1501","A11825468","C","3470","1332 SW 2nd Ct Unit#1332","VILLAGE AT SAILBOAT BEND VILLAGE AT SAILBOAT BEND","","$509,000","","3","2","1","¤1,977","Condo","2005","0","","No","",""
"1501","F10481186","C","3170","2100 S Ocean Dr Unit#5H","SKY HARBOUR EAST SKY HARBOUR EAST","","$507,000","","1","1","0","900","Condo","1964","1","","Yes","",""
"1501","F10484833","C","3260","1142 Seminole Dr Unit#A2","Bay Club Bay Club","","$503,000","","2","2","0","810","Condo","1956","0","","Yes","",""
"1501","F10462031","C","3260","1142 Seminole Dr Unit#A2","Bay Club Bay Club","","$503,000","","2","2","0","810","Condo","1956","0","","Yes","",""
"1501","A11891924","C","3810","425 N Andrews Ave","AVENUE LOFTS CONDO ONE ","","$502,500","","1","1","0","¤1,015","Single","2003","0","Yes","No","Attached",""
"1501","F10397926","C","3010","1005 NW 18th Ct","Lauderdale Villas 29-37 B ","","$500,000","","3","2","0","1,592","Single","1953","0","Yes","No","","10,391"
"1501","R11125935","C","3160","550 Bayshore Drive Unit#506","BAYSHORE EMBASSY CONDO ","","$500,000","","2","2","0","1,100","Condo","1970","0","No","No","High Rise",""
"1501","A11753869","C","3160","551 N Fort Lauderdale Beach Blvd Unit#R1810","551 FLB CONDOMINIUM RESID Conrad","","$500,000","","1","1","0","¤579","Condo","2009","1","","Yes","",""
"1501","F10434781","C","3160","2841 N Ocean Blvd Unit#810","Vantage View Condo Vantage View Condo","","$500,000","","2","2","0","1,200","Condo","1976","1","","No","",""
"1501","A11786182","C","3240","2200 NE 33rd Ave Unit#10F","WHITE EGRET CONDO White Egret Condo","","$500,000","","2","1","1","¤1,103","Condo","1971","0","","No","",""
"1501","A11612823","C","3331","232 SW 22nd St","LAUDERDALE ","","$500,000","","2","1","0","¤1,194","Single","1950","2","No","No","Attached","¤6,750"
"1501","R11086219","C","3400","2012 NW 11th Avenue","Hillmont-Middle River Vist ","","$500,000","","3","2","0","1,513","Single","1958","0","Yes","No","Garden Apartment",""
"1501","A11790192","C","3400","1100 NW 7th Ave","PROGRESSO ","","$500,000","","3","2","0","¤1,258","Single","1950","0","No","No","Detached","¤6,755"
"1501","A11933331","C","3470","609 SW 20th St","PINEHURST REV PL OF PORTI ","","$500,000","","3","1","0","¤1,155","Single","1948","0","Yes","No","Detached","¤7,712"
"1501","A11770182","C","3500","216 SW 9th St","LAUDERDALE ","","$500,000","","4","4","1","¤875","Single","2025","1","No","No","Detached","¤3,323"
"1501","A11880807","C","3560","612 NW 15th Ave","LINCOLN PARK CORR PLAT ","","$500,000","","4","2","","¤1,254","Single","1997","0","No","No","Detached","¤5,000"
"1501","F10445257","C","3600","919 SE 13TH ST Unit#2","Rio Vista Townhomes Rio Vista Townhomes","","$500,000","","2","2","1","1,240","Townhouse","1986","0","","No","",""
"1501","A11899009","C","3800","511 SE 5th Ave Unit#2209","NURIVER LANDING CONDO NURIVER","","$500,000","","2","2","0","¤1,246","Condo","2006","1","","No","",""
"1501","A11746518","C","3380","1967 NE 15th Ave Unit##1967","RESUBDIVISION OF LINDA EDGEWATER TOWNHOMES","","$499,999","","2","2","1","¤1,056","Townhouse","1987","0","","Yes","",""
"1501","A11717304","C","3480","905 SW 22nd St","RICKEL ADDITION ","","$499,959","","2","2","0","¤834","Single","1951","0","No","No","Detached","¤8,637"
"1501","A11717309","C","3490","2720 SW 13th Ave","DEVONSHIRE ","","$499,959","","3","2","0","¤1,178","Single","1951","0","No","No","Attached","¤6,120"
"1501","R11001914","C","3390","1607 NW 2nd Avenue","PROGRESSO AM PLAT OF BLKS ","","$499,933","","4","2","0","1,468","Single","1950","0","No","No","Ranch","6,003"
"1501","F10535544","C","3270","100 N Federal Highway Unit#1226","The Waverly at Las Olas The Waverly at Las Olas","","$499,900","","2","2","0","1,325","Condo","2005","1","No","No","","0"
"1501","F10543417","C","3370","1743 NE 4th Avenue","River Landings River Landings","","$499,900","","2","2","1","1,760","Townhouse","2002","1","","No","",""
"1501","A11981551","C","3390","1544 NW 4th Ave","PROGRESSO ","","$499,900","","3","2","0","¤1,689","Single","1953","0","No","No","Detached","¤6,754"
"1501","F10461333","C","3390","2825 NW 9th Ave","Jenada Villas 1 Add 42-7 ","","$499,900","","3","2","0","1,205","Single","1957","0","No","No","","6,504"
"1501","F10534482","C","3470","401 SW 4th Avenue Unit#301","Esplanade Esplanade","","$499,900","","2","2","0","1,227","Condo","2004","1","","Yes","",""
"1501","F10431101","C","3270","100 N Federal Hwy Unit#1224","WAVERLY WAVERLY","","$499,500","","2","2","0","1,228","Condo","2005","1","","No","",""
"1501","A11689299","C","3010","551 N Fort Lauderdale Beach Blvd Unit#H1403","551 FLB CONDOMINIUM HOTEL Ocean Resort","","$499,000","","1","1","1","¤731","Condo","2009","1","","Yes","",""
"1501","A11978934","C","3160","601 N Ft Lauderdale Bch Blvd Unit#713","THE ATLANTIC HOTEL THE ATLANTIC HOTEL","","$499,000","","1","1","","","Hotel","2025","1","","Yes","",""
"1501","F10531737","C","3160","720 Bayshore Dr Unit#701","Nautical Towers Condo Nautical Towers Condo","","$499,000","","2","2","0","1,473","Condo","1971","0","","No","",""
"1501","F10468310","C","3160","601 N Ft Lauderdale Bch Blvd Unit#1116","THE ATLANTIC HOTEL CONDO THE ATLANTIC HOTEL CONDO","","$499,000","","1","1","0","465","Condo","2004","1","","Yes","",""
"1501","A11625072","C","3160","551 N Fort Lauderdale Beach Blvd Unit#H1712","551 FLB CONDOMINIUM HOTEL OCEAN RESORT RESIDENCES","","$499,000","","1","1","0","¤579","Condo","2009","1","","Yes","",""
"1501","F10476477","C","3270","110 N Federal Hwy Unit#807","WAVERLY AT LAS OLAS WAVERLY AT LAS OLAS","","$499,000","","2","2","0","1,220","Condo","2005","1","","No","",""
"1501","F10550694","C","3280","535 Hendricks Isle Unit#209","Burton Point Burton Point","","$499,000","","2","1","1","800","Condo","1969","0","","","",""
"1501","F10544183","C","3280","2500 E Las Olas Boulevard Unit#603","Marine Tower Marine Tower","","$499,000","","2","2","0","1,230","Condo","1969","1","","","",""
"1501","F10458595","C","3280","333 Sunset Dr Unit#103","THE FOUR SEASONS CONDO THE FOUR SEASONS CONDO","","$499,000","","1","1","1","1,455","Condo","1959","1","","Yes","",""
"1501","F10502997","C","3370","812 NE 17th Ct","Lauderdale Park 6-33 1/2 ","","$499,000","","3","3","0","1,560","Single","1955","0","Yes","No","","8,256"
"1501","A11725501","C","3380","1754 NE 17th St","PROGRESSO ","","$499,000","","2","1","0","¤985","Single","1969","0","Yes","No","Attached","¤5,995"
"1501","R11121188","C","3400","2012 NW 11th Avenue","Hillmont-Middle River Vist ","","$499,000","","3","2","0","1,513","Single","1958","0","Yes","No","Garden Apartment",""
"1501","F10483257","C","3400","814 SW 12th Pl","KIRK ESTATES 88-25 B LOT  ","","$499,000","","3","2","0","1,290","Single","1977","0","No","No","","3,701"
"1501","A11768774","C","3470","312 SW 14th Ave Unit#312","VILLAGE AT SAILBOAT BEND VILLAGE AT SAILBOAT BEND","","$499,000","","3","2","1","¤1,939","Condo","2005","0","","Yes","",""
"1501","A11669321","C","3480","905 SW 22nd St","RICKEL ADDITION ","","$499,000","","2","2","0","¤834","Single","1951","0","No","No","Detached","¤8,637"
"1501","A11669313","C","3490","2720 SW 13th Ave","DEVONSHIRE ","","$499,000","","3","2","0","¤1,178","Single","1951","0","No","No","Attached","¤6,120"
"1501","A11632794","C","3490","2831 SW 16th Ter Unit#2831","RESERVE AT EDGEWOOD The Edge 15","","$499,000","","3","2","1","¤1,377","Townhouse","2019","1","","No","",""
"1501","F10519113","C","3500","301 SW 17th St","Lauderdale 2-9 D ","","$499,000","","2","1","0","1,288","Single","1946","0","No","No","","8,610"
"1501","A12001880","C","3400","1606 NW 12th Ave","LAUDERDALE VILLAS ","","$497,400","","3","2","0","¤1,252","Single","1953","8","No","No","Attached","¤12,758"
"1501","A11814982","C","3030","817 NW 3rd Ave","PROGRESSO n/a","","$495,000","","3","2","1","¤1,032","Townhouse","2022","1","","No","",""
"1501","A11995945","C","3160","2840 N Ocean Boulevard Blvd Unit#404","SEA TOWER SEA TOWER","","$495,000","","1","1","0","¤769","Co-Op","1958","0","","No","",""
"1501","F10432857","C","3280","347 N New River Dr E Unit#2107","WATERGARDEN WATERGARDEN","","$495,000","","1","1","0","820","Condo","2004","1","","Yes","",""
"1501","F10532013","C","3390","1630 NW 4th Avenue","SOUTH MIDDLE RIVER ","","$495,000","","3","1","0","1,274","Single","1952","0","No","No","","6,003"
"1501","F10462328","C","3460","739 NW 2nd Ave","Progresso Village Progresso Village","","$495,000","","3","2","0","1,469","Villa","2017","1","","No","",""
"1501","A11704919","C","3370","2609 NE 14th Ave Unit#116","WILTON STATION RES CONDO Wilton Station","","$492,998","","2","2","1","¤1,738","Condo","2007","0","","No","",""
"1501","A11899897","C","3160","2701 N Ocean Blvd Unit#14B","EMBASSY TOWER INC CONDO Embassy Tower 1","","$490,000","","2","2","0","¤1,200","Condo","1972","1","","No","",""
"1501","F10484579","C","3170","2000 S Ocean Dr Unit#904","Everglades House Everglades House","","$490,000","","1","1","1","1,068","Condo","1965","0","","Yes","",""
"1501","A11687805","C","3321","1001 NW 13th Ct","LAUDERDALE MANORS ADD ","","$490,000","","3","1","","¤1,318","Single","1955","0","No","No","Detached","¤9,687"
"1501","A11699616","C","3810","410 NW 1st Ave Unit#504","MILL CONDO Mill Loft","","$490,000","","1","1","0","¤1,074","Condo","2007","1","","No","",""
"1501","F10501898","C","3370","2631 NE 14th Ave Unit#200","Wilton Station Wilton Station","","$489,900","","2","2","1","1,506","Condo","2006","0","","No","",""
"1501","F10429506","C","3270","715 NE 1st St Unit#C","Phase III Townhomes Phase III Townhomes","","$489,000","","2","1","1","0","Townhouse","1980","0","","No","",""
"1501","A11754398","C","3400","1218 NW 13th Ct","LAUDERDALE MANORS ADDLAUDE ","","$489,000","","4","2","0","¤1,288","Single","1955","0","No","No","Detached","¤6,587"
"1501","A11677036","C","3400","1800 NW 14th Ave","LAUDERDALE VILLAS ","","$489,000","","3","2","0","¤1,127","Single","1971","0","No","No","Detached","¤9,795"
"1501","F10455354","C","3810","639 NW 1st Ave","PROGRESSO 2-18 D LOT 4 BL PROGRESSO 2-18 D LOT 4 BL","","$489,000","","2","2","1","1,216","Townhouse","2004","0","","No","",""
"1501","A11613264","C","3810","425 N Andrews Ave Unit#304","AVENUE LOFTS CONDO ONE AVENUE LOFTS","","$489,000","","1","1","0","¤1,022","Condo","2003","1","","No","",""
"1501","A11970463","C","3390","1221 NW 7th Ave","PROGRESSO ","","$487,000","","3","1","0","¤913","Single","1953","0","No","No","Detached","¤6,752"
"1501","F10440907","C","3160","3020 NE 32nd Ave Unit#616","The Tides at Bridgeside The Tides at Bridgeside","","$485,000","","1","1","0","815","Condo","2002","1","","No","",""
"1501","A11571621","C","3160","551 N Fort Lauderdale Beach Blvd Unit#H906","551 FLB CONDOMINIUM HOTEL CONRAD HOTEL","","$485,000","","0","1","0","","Condo","2009","1","","Yes","",""
"1501","F10502516","C","3380","1033 NE 17th Way Unit#605","Villa Medici Villa Medici","","$485,000","","4","4","1","2,100","Townhouse","2005","2","","No","",""
"1501","F10462301","C","3470","1101 River Reach Dr Unit#209","River Reach Condominiums River Reach Condominiums","","$485,000","","2","2","0","1,500","Condo","1982","1","","Yes","",""
"1501","A11872191","C","3810","935 NW 2nd Ave","PROGRESSO ","","$485,000","","3","2","","¤1,428","Single","2018","3","No","No","Detached","¤4,219"
"1501","A11712460","C","3390","1223 NW 2nd Ave","PROGRESSO ","","$480,000","","2","2","0","¤806","Single","1955","3","No","No","Attached","¤6,750"
"1501","A11591141","C","3460","1021 NW 5th St","TUSKEGEE PARK ","","$480,000","","3","2","0","¤1,428","Single","2006","2","No","No","Attached","¤7,645"
"1501","A11836932","C","3490","2831 SW 16th Ter Unit#2831","RESERVE AT EDGEWOOD The Edge 15","","$480,000","","3","2","1","¤1,377","Townhouse","2019","1","","No","",""
"1501","B26036008","C","3800","511 SE 5th Avenue Unit#1111","NURIVER LANDING CONDO ","","$480,000","","2","2","0","1,246","Condo","2006","1","No","No","Patio/Cluster","0"
"1501","F10444651","C","3800","511 SE 5th Ave Unit#1010","NURIVER LANDING CONDO NURIVER LANDING CONDO","","$480,000","","2","2","0","1,246","Condo","2005","1","","No","",""
"1501","A11719206","C","3160","520 Orton Ave Unit#303","GARDEN VIEW APARTMENTS CO GARDEN VIEW APART CONDO","","$479,999","","2","2","0","¤1,266","Condo","1985","0","","No","",""
"1501","A11731167","C","3380","1959 NE 15th Ave","RESUBDIVISION OF LINDA TE Edgewater Townhomes","","$479,999","","2","1","1","¤1,060","Townhouse","1988","0","","No","",""
"1501","A11687241","C","3480","2536 SW 14th Ave Unit#1103","BETA PLAT The Grove","","$479,999","","3","3","0","¤1,455","Townhouse","2006","2","","No","",""
"1501","F10455337","C","3280","1000 SE 4th St Unit#225","RIVERVIEW GARDEN CONDO RIVERVIEW GARDEN CONDO","","$479,900","","2","2","0","850","Condo","1956","0","","Yes","",""
"1501","A11914969","C","3400","1218 NW 2nd Ave","PROGRESSO ","","$479,900","","3","2","0","¤1,209","Single","1950","0","No","No","Attached","¤6,750"
"1501","A11763017","C","3470","900 River Reach Dr Unit#504","RIVER REACH CONDOMINIUM I RIVER REACH CONDOMINIUM I","","$479,900","","2","2","0","¤1,025","Condo","1971","0","","No","",""
"1501","A11902537","C","3280","535 Hendricks Isle Apt Unit#306","BURTON POINT Burton Point","","$479,000","","2","1","1","¤800","Condo","1963","0","","Yes","",""
"1501","F10477280","C","3370","2113 NE 11th Ave Unit#2113","Wilton Pines Townhomes Wilton Pines Townhomes","","$479,000","","2","2","1","1,292","Townhouse","1982","0","","No","",""
"1501","A12017749","C","3460","910 NW 17th Ave","LINCOLN PARK FIFTH ADD ","","$479,000","","4","2","0","¤1,453","Single","1963","0","No","No","Detached","¤4,500"
"1501","A11735620","C","3460","1136 NW 7th Ter","PROGRESSO ","","$479,000","","3","1","","¤978","Single","1956","0","No","No","Attached","¤6,748"
"1501","R11020466","C","3460","517 NW 16th Avenue","Dorsey Park Second Add 23 ","","$479,000","","4","2","0","1,800","Single","1960","0","No","No","",""
"1501","A11729493","C","3470","412 SW 13th Ter Unit#412","VILLAGE AT SAILBOAT BEND Sailboat Bend","","$479,000","","2","2","0","¤1,216","Condo","2005","1","","No","",""
"1501","A11635069","C","3490","1021 SW 29th St","OAK GROVE ","","$479,000","","2","2","0","¤960","Single","1952","0","No","No","Attached","¤6,863"
"1501","A11760348","C","3380","1885 NE 15th Ave","Edgewater Townhomes Edgewater Townhomes","","$478,000","","2","1","1","¤1,056","Townhouse","1986","0","","No","",""
"1501","F10446648","C","3160","2701 N Ocean Blvd Unit#4C","Embassy Tower One Embassy Tower One","","$477,000","","2","2","0","1,200","Condo","1972","1","","No","",""
"1501","F10500123","C","3160","341 N Birch Rd Unit#204","Ft Lauderdale Yacht & Ft Lauderdale Yacht &","","$475,000","","1","1","0","601","Condo","1993","0","","Yes","",""
"1501","A11763517","C","3160","720 Bayshore Dr Unit#804","NAUTICAL TOWERS CONDO NAUTICAL TOWERS","","$475,000","","2","2","0","¤1,266","Condo","1971","1","","No","",""
"1501","F10464026","C","3160","2841 N Ocean Blvd Unit#408","VANTAGE VIEW CONDO VANTAGE VIEW CONDO","","$475,000","","2","2","0","1,100","Condo","1976","1","","No","",""
"1501","F10519658","C","3170","3000 Holiday Dr Unit#1104","Maya Marca Condominium Ap Maya Marca Condominium Ap","","$475,000","","1","1","1","1,060","Condo","1966","1","","Yes","",""
"1501","F10517081","C","3170","2100 S Ocean Dr Unit#9L","Sky Harbour East Sky Harbour East","","$475,000","","1","1","0","900","Condo","1965","0","","Yes","",""
"1501","A11586517","C","3170","2100 S Ocean Dr Unit#11B","SKY HARBOUR EAST CONDO Sky Harbour East Condo","","$475,000","","1","1","0","¤900","Condo","1965","0","","Yes","",""
"1501","F10459826","C","3370","1323 NE 5th Ave Unit#1323","Acapulco TownHomes Acapulco TownHomes","","$475,000","","2","2","1","1,292","Townhouse","2005","0","","No","",""
"1501","F10492200","C","3460","1133 NW 2nd Street Unit#A","n/a n/a","","$475,000","","4","3","0","1,620","Townhouse","2024","0","","No","",""
"2001","F10497243","C","3470","1101 River Reach Dr Unit#502","River Reach Condominium River Reach Condominium","","$475,000","","2","2","0","1,110","Condo","1982","1","","Yes","",""
"2001","A11843699","C","3600","700 SE 14th St Unit#J","SOUTHPORT TOWNHOMES 3 CON SOUTHPORT TOWNHOMES","","$475,000","","2","2","1","¤1,250","Condo","1984","0","","No","",""
"2001","A11717961","C","3600","1819 SE 17th St Unit#703","THE PORT CONDO RESIDENCES","","$475,000","","2","2","1","¤1,475","Condo","2005","1","","Yes","",""
"2001","F10409410","C","3600","1731 SE 15th St Unit#615","CROMWELL WEST CROMWELL WEST","","$474,747","","2","2","0","814","Condo","1973","0","","Yes","",""
"2001","R11071532","C","3160","720 Bayshore Drive Unit#605","NAUTICAL TOWERS CONDO ","","$474,000","","2","2","0","1,243","Condo","1971","0","Yes","No","","365"
"2001","F10508468","C","3400","1632 NW 7th Ter","PROGRESSO ","","$474,000","","2","1","0","980","Single","1954","0","Yes","No","","6,754"
"2001","A11961857","C","3800","511 SE 5th Ave Unit#1113","NURIVER LANDING CONDO Nuriver Landing","","$473,000","","2","2","0","¤1,270","Condo","2007","1","","No","",""
"2001","A11688249","C","3400","1032 NW 11th Pl","LAUDERDALE MANORS ADD ","","$472,500","","3","2","","¤984","Single","1953","4","No","No","Attached","¤9,632"
"2001","A11746111","C","3480","2508 SW 14th Ave Unit#701","BETA PLAT The Groves at River Oaks","","$472,500","","3","3","0","¤1,455","Townhouse","2006","2","","No","",""
"2001","R11058441","C","3170","2000 S Ocean Drive Unit#208","EVERGLADES HOUSE CONDO ","","$470,000","","1","1","1","1,092","Condo","1965","0","No","No","",""
"2001","F10512296","C","3400","814 SW 12th Pl","KIRK ESTATES KIRK ESTATES","","$470,000","","3","2","0","1,250","Townhouse","1977","0","","No","",""
"2001","A11634847","C","3160","2715 N Ocean Blvd Unit#2B","EMBASSY TOWER II INC COND Embassy Tower II","","$469,999","","2","2","0","¤1,200","Condo","1973","1","","No","",""
"2001","A11435817","C","3370","1345 NE 5th Ter","PROGRESSO ","","$469,900","","3","2","0","¤1,156","Single","1925","0","No","No","Detached","¤6,760"
"2001","F10435669","C","3370","2631 NE 14th Ave Unit#302","Wilton Station Wilton Station","","$469,888","","2","2","0","1,471","Condo","2006","0","","No","",""
"2001","F10504654","C","3160","200 S Birch Rd Unit#504","Leisure Beach Leisure Beach","","$469,000","","1","1","0","647","Condo","1970","0","","Yes","",""
"2001","F10504443","C","3160","200 S Birch Rd Unit#303","Leisure Beach Leisure Beach","","$469,000","","1","1","0","647","Condo","1970","0","","Yes","",""
"2001","R11084451","C","3160","3400 NE 25th Street Unit#Share D","LAUDERDALE BEACH ","","$469,000","","4","4","0","3,444","","2020","2","Yes","No","","6,099"
"2001","F10452956","C","3170","1920 S Ocean Dr Unit#606","Atlantic Towers Atlantic Towers","","$469,000","","3","3","0","1,329","Co-Op","1961","0","","No","",""
"2001","F10490056","C","3400","814 SW 12th Pl","KIRK ESTATES KIRK ESTATES","","$469,000","","3","2","0","1,250","Townhouse","1977","0","","No","",""
"2001","F10452484","C","3460","517 NW 16th Ave","Dorsey Park Second Add 23 ","","$469,000","","4","2","0","1,800","Single","1960","0","No","No","","5,400"
"2001","A11643844","C","3470","367 SW 13th Ter Unit#367","VILLAGE AT SAILBOAT BEND VILLAGE AT SAILBOAT BEND","","$469,000","","2","2","1","¤1,679","Condo","2005","1","","No","",""
"2001","R11075954","C","3600","610 SE 14th Court Unit#6","CASA BAYVIEW III CONDO ","","$469,000","","2","2","1","1,230","Townhouse","1989","0","No","No","",""
"2001","A11607915","C","3170","2900 Banyan St Unit#408","LEISURE BEACH SOUTH CONDO Leisure Beach South","","$467,000","","2","1","0","¤920","Condo","1970","0","","No","",""
"2001","A11884730","C","3460","830 NW 19th Ter","DURRS SUB ","","$465,000","","4","2","","¤1,400","Single","2024","0","No","No","Detached","¤3,750"
"2001","A11681507","C","3480","2315 SW 17th Ave","OSCEOLA PARK ","","$465,000","","4","2","0","¤1,560","Single","1938","0","No","No","Attached","¤6,099"
"2001","A11782137","C","3390","1520 NW 15th Way","LAUDERDALE MANORS AMEN RE ","","$464,400","","4","2","0","¤888","Single","1954","4","No","No","Attached","¤7,542"
"2001","F10537447","C","3370","201 NE 16th Place Unit#104","Spanish Springs Townhomes Spanish Springs Townhomes","","$463,000","","2","2","1","1,368","Townhouse","1988","0","","No","",""
"2001","F10508213","C","3700","300 NE 3rd Ave Unit#305S","Ombelle Fort Lauderdale Ombelle Fort Lauderdale","","$462,765","","0","1","0","549","Condo","2028","1","","No","",""
"2001","F10535832","C","3470","523 SW 19th Ter Unit#523","The Edge on 20th The Edge on 20th","","$460,000","","3","2","1","1,328","Townhouse","2021","1","","No","",""
"2001","F10530519","C","3600","921 SE 13th St Unit#3","RIO VISTA TOWNHOMES RIO VISTA TOWNHOMES","","$460,000","","2","2","1","1,240","Townhouse","1985","0","","No","",""
"2001","A12015409","C","3400","1206 NW 11th St","CHATEAU PARK SEC ","","$459,999","","4","2","0","","Single","1956","0","No","No","Detached","¤7,992"
"2001","F10462764","C","3160","3015 N Ocean Blvd Unit#8B","BERKLEY SOUTH CONDOMINIUM BERKLEY SOUTH CONDOMINIUM","","$459,900","","2","2","0","1,144","Condo","1974","1","","No","",""
"2001","R11013554","C","3280","40 Isle Of Venice Drive Unit#2","Island House East ","","$459,900","","2","1","0","840","Condo","1993","0","No","Yes","High Rise","180"
"2001","F10518092","C","3311","1036 NW 13th St","LAUDERDALE MANORS ADD ","","$459,000","","3","2","0","1,318","Single","1955","0","No","No","","9,430"
"2001","R11144224","C","3390","1132 NW 7th Terrace","PROGRESSO ","","$459,000","","2","1","0","1,175","Single","1956","0","No","No","","6,748"
"2001","A11936999","C","3400","1155 NW 9th Ave","LAUDERDALE MANORS ADD-REV ","","$459,000","","4","2","","¤1,448","Single","1955","0","No","No","Detached","¤7,205"
"2001","R11125376","C","3400","1108 NW 3rd Avenue","PROGRESSO ","","$459,000","","3","2","0","1,160","Single","1950","0","No","No","","6,748"
"2001","A11729740","C","3270","1501 E Broward Blvd Unit#703","PINE CREST VILLAGE I AT Pine Crest Village","","$457,000","","3","2","0","¤1,440","Condo","1966","0","","No","",""
"2001","A11747228","C","3400","1032 NW 11th Place","LAUDERDALE MANORS ADD ","","$456,900","","3","2","","¤984","Single","1953","0","No","No","Detached","¤9,632"
"2001","R11096538","C","3160","3400 NE 25th Street Unit#Share C","LAUDERDALE BEACH ","","$455,000","","4","4","0","3,444","","2020","2","Yes","No","","6,099"
"2001","R11093000","C","3160","3400 NE 25th Street Unit#Share C","LAUDERDALE BEACH ","","$455,000","","4","4","0","3,039","","2020","2","Yes","No","","6,232"
"2001","A11781971","C","3390","1408 NW 9th Ave","PROGRESSO ","","$455,000","","3","2","","¤1,331","Single","1954","0","No","No","Detached","¤6,748"
"2001","A11897212","C","3130","1127 NW 2nd Ave","PROGRESSO ","","$454,000","","3","1","","¤1,088","Single","1949","2","No","No","Detached","¤6,748"
"2001","R11084445","C","3160","3400 NE 25th Street Unit#Share B","LAUDERDALE BEACH ","","$454,000","","4","4","0","3,444","","2020","2","Yes","No","","6,099"
"2001","R11082173","C","3160","3400 NE 25th Street Unit#Share A","LAUDERDALE BEACH ","","$454,000","","4","4","0","3,444","","2020","2","Yes","No","","6,099"
"2001","F10549183","C","3280","347 N New River Drive Unit#2707","WATERGARDEN WATERGARDEN","","$454,000","","1","1","0","820","Condo","2004","1","","Yes","","0"
"2001","A11705708","C","3560","1000 NW 13th Ct","LAUDERDALE MANORS ADD ","","$451,000","","5","2","0","","Single","1955","0","No","No","Detached","¤7,979"
"2001","A11815256","C","3030","811 NW 3rd Ave","PROGRESSO progresso","","$450,000","","3","2","1","¤1,032","Townhouse","2022","1","","No","",""
"2001","A11815220","C","3030","813 NW 3rd Ave","PROGRESSO n/a","","$450,000","","3","2","1","¤1,032","Townhouse","2022","1","","No","",""
"2001","A11815034","C","3030","815 NW 3rd Ave","PROGRESSO n/a","","$450,000","","3","2","1","¤1,032","Townhouse","2022","1","","No","",""
"2001","F10529978","C","3160","520 Orton Ave Unit#104","Garden View Apartments Garden View Apartments","","$450,000","","2","2","0","1,267","Condo","1985","0","","No","",""
"2001","F10478838","C","3170","2100 S OCEAN DR Unit#17E","SKY HARBOUR EAST SKY HARBOUR EAST","","$450,000","","1","1","0","900","Condo","1964","1","","Yes","",""
"2001","F10546764","C","3260","1170 N Federal Highway Unit#311","East Point Towers East Point Towers","","$450,000","","2","2","0","1,491","Condo","1973","0","","Yes","",""
"2001","F10473281","C","3260","1332 Bayview Dr Unit#101","Hawthorne Bay Hawthorne Bay","","$450,000","","2","2","0","1,150","Condo","1966","0","","Yes","",""
"2001","F10481582","C","3280","1000 SE 4th St Unit#225","RVG RVG","","$450,000","","2","2","0","859","Condo","1956","0","","Yes","",""
"2001","A11678097","C","3340","1600 NW 15th Ave","LAUDERDALE VILLAS ","","$450,000","","3","2","0","¤1,116","Single","1952","0","No","No","Detached","¤10,249"
"2001","F10446706","C","3370","3010 NE 16th Ave Unit#701","River Bend River Bend","","$450,000","","2","2","0","1,100","Condo","1972","0","","Yes","",""
"2001","R11066849","C","3390","1329 NW 4th Avenue","Progresso 2-18 D ","","$450,000","","3","1","0","926","Single","1950","0","No","No","Garden Apartment","6,755"
"2001","R11132951","C","3400","1800 NW 14th Avenue","LAUDERDALE VILLAS ","","$450,000","","3","2","0","1,250","Single","1971","0","No","No","Garden Apartment","9,795"
"2001","A11729103","C","3400","1800 NW 14th Ave","LAUDERDALE VILLAS ","","$450,000","","3","2","0","¤1,127","Single","1972","0","No","No","Detached","¤9,795"
"2001","A11717528","C","3460","841 NW 15th Ter","LINCOLN PARK SIXTH ADD ","","$450,000","","4","2","0","¤1,160","Single","1951","0","No","No","Detached","¤5,000"
"2001","F10483990","C","3600","801 SE 16th Ct Unit#11","Harbour Oaks Town Home Harbour Oaks Town Home","","$450,000","","2","2","1","1,220","Townhouse","1987","0","","No","",""
"2001","A11823355","C","3480","905 SW 22nd St","RICKEL ADDITION ","","$449,999","","2","2","0","¤834","Single","1951","0","No","No","Detached","¤8,637"
"2001","A11754543","C","3480","905 SW 22nd St","RICKEL ADDITION ","","$449,999","","2","2","0","¤834","Single","1951","0","No","No","Detached","¤8,637"
"2001","A11823363","C","3490","2720 SW 13th Ave","DEVONSHIRE ","","$449,999","","3","2","0","¤1,178","Single","1951","0","No","No","Attached","¤6,120"
"2001","A11754542","C","3490","2720 SW 13th Ave","DEVONSHIRE ","","$449,999","","3","2","0","¤1,178","Single","1951","0","No","No","Attached","¤6,120"
"2001","A11799893","C","3560","1520 NW 15th Way","LAUDERDALE MANORS AMEN RE ","","$449,998","","4","2","0","¤888","Single","1954","0","No","No","Attached","¤7,542"
"2001","F10436220","C","3400","1720 NW 18th St","Lauderdale Manors Amd Res ","","$449,990","","4","2","0","1,271","Single","1958","0","No","No","","7,320"
"2001","F10418354","C","3160","551 N Fort Lauderdale Beach Blvd Unit#R1904","551 FLB CONDOMINIUM HOTEL 551 FLB CONDOMINIUM HOTEL","","$449,900","","1","1","0","479","Condo","2009","1","","Yes","",""
"2001","F10427855","C","3270","151 NE 16th Ave Unit#380","PINE CREST VILLAGE 11 PINE CREST VILLAGE 11","","$449,900","","2","2","0","1,273","Condo","1970","0","","No","",""
"2001","F10481046","C","3390","2825 NW 9th Ave","Jenada Villas 1 Add 42-7 ","","$449,900","","3","2","0","1,367","Single","1957","0","No","No","","6,504"
"2001","F10454878","C","3390","1529 NW 2nd Ave","Progresso 2-18 D ","","$449,900","","4","3","0","1,532","Single","1954","0","No","No","","6,752"
"2001","B26037526","C","3160","720 Bayshore Drive Unit#504","NAUTICAL TOWERS CONDO ","","$449,000","","2","2","0","1,266","Condo","1971","","No","No","","0"
"2001","A11614078","C","3160","2841 N Ocean Blvd Unit#1105","VANTAGE VIEW CONDO VANTAGE VIEW","","$449,000","","2","2","0","¤1,100","Condo","1976","2","","No","",""
"2001","A11585281","C","3160","551 N Fort Lauderdale Beach Blvd Unit#R2109","Ocean Resort Residences Ocean Resort Residences","","$449,000","","1","1","0","¤567","Condo","2009","1","","Yes","",""
"2001","F10427792","C","3160","2300 NE 33rd Ave Unit#703","Everglades Club Everglades Club","","$449,000","","2","2","0","1,350","Condo","1986","1","","No","",""
"2001","F10415913","C","3160","720 Bayshore Dr Unit#504","Nautical Towers Nautical Towers","","$449,000","","2","2","0","1,266","Condo","1974","1","","No","",""
"2001","F10469112","C","3170","1900 S Ocean Dr Unit#401","Breakwater Towers Breakwater Towers","","$449,000","","2","2","0","1,185","Co-Op","1962","0","","No","",""
"2001","F10436754","C","3260","2820 NE 30th St Unit#5","Laurel Terrace Laurel Terrace","","$449,000","","2","2","0","1,100","Condo","1964","0","","Yes","",""
"2001","F10531768","C","3280","340 Sunset Drive Unit#401","ESSEX TOWER ESSEX TOWER","","$449,000","","2","2","0","1,228","Condo","1970","1","","No","",""
"2001","F10554284","C","3370","2056 NE 9th Avenue","Wilton Manors ","","$449,000","","2","1","1","775","Single","1947","","No","No","","4,888"
"2001","A11840239","C","3390","1605 NW 7th Ter","PROGRESSO ","","$449,000","","2","1","0","¤965","Single","1955","0","Yes","No","Attached","¤6,757"
"2001","A11857774","C","3400","1413 NW 11th St","LAUDERDALE MANORS ADD ","","$449,000","","5","2","0","¤1,329","Single","1953","0","No","No","Detached","¤7,398"
"2001","A11847037","C","3400","2024 NW 10th Ave","HILLMONT MIDDLE RIVER VIS ","","$449,000","","2","2","0","¤1,608","Single","1965","0","No","Yes","Detached","¤8,823"
"2001","A11681528","C","3400","1613 NW 11th St","LAUDERDALE MANOR ","","$449,000","","3","2","0","¤1,201","Single","1951","0","No","No","Detached","¤7,808"
"2001","A11677805","C","3470","367 SW 13th Ter Unit#367","VILLAGE AT SAILBOAT BEND VILLAGE AT SAILBOAT BEND","","$449,000","","2","2","1","¤1,679","Condo","2005","1","","No","",""
"2001","A11576569","C","3600","1600 SE 15th St Unit#502","PLAZA 15 CONDO Plaza 15","","$449,000","","2","2","0","¤1,020","Condo","1973","0","","Yes","",""
"2001","F10427157","C","3370","676 Kensington Place Unit#2B","CYPRESS COVE CONDO CYPRESS COVE CONDO","","$448,000","","2","2","1","1,200","Townhouse","1974","0","","No","",""
"2001","A11703835","C","3460","615 NW 10th Ter Unit#1","PROGRESSO none","","$447,500","","3","2","1","¤1,056","Townhouse","2009","0","","No","",""
"2001","A11855991","C","3160","200 S Birch Rd Unit#208","LEISURE BEACH CONDO LEISURE BEACH CONDO","","$445,000","","2","1","0","¤756","Condo","1970","0","","No","",""
"2001","F10433279","C","3160","601 N Ft Lauderdale Bch Blvd Unit#713","THE ATLANTIC HOTEL CONDO THE ATLANTIC HOTEL CONDO","","$445,000","","1","1","0","975","Condo","2004","1","","Yes","",""
"2001","F10466057","C","3170","2100 S Ocean Dr Unit#11B","Sky Harbour East Sky Harbour East","","$445,000","","1","1","0","900","Condo","1966","1","","Yes","",""
"2001","F10445734","C","3170","1750 S Ocean Ln Unit#201","Lago Mar Place Lago Mar Place","","$445,000","","2","2","0","1,002","Co-Op","1962","0","","Yes","",""
"2001","A11815541","C","3380","1881 NE 15th Ave","EDGEWATER TOWNHOMES EDGEWATER TOWNHOMES","","$445,000","","2","1","1","¤1,060","Townhouse","1986","0","","No","",""
"2001","A11974173","C","3390","1408 NW 9th Ave","PROGRESSO ","","$445,000","","3","2","","¤1,331","Single","1954","0","No","No","Detached","¤6,748"
"2001","A11561317","C","3390","804 NW 19th St","PROGRESSO ","","$445,000","","3","1","0","¤1,065","Single","1953","0","No","No","Detached","¤7,670"
"2001","F10498805","C","3470","1201 River Reach Dr Unit#403","River Reach River Reach","","$443,900","","2","2","0","1,500","Condo","1981","1","","Yes","",""
"2001","F10452779","C","3600","2125 SE 10th Ave Unit#1003","Village East Village East","","$440,000","","2","2","0","1,054","Condo","2000","1","","No","",""
"2001","A11659493","C","3370","1018 NE 2nd Ave","PROGRESSO ","","$439,900","","3","2","","¤800","Single","1956","1","No","No","Detached","¤6,749"
"2001","A11993095","C","3160","2001 N Ocean Blvd Unit#603","veu VUE","","$439,000","","1","1","0","¤890","Condo","2005","1","","No","",""
"2001","A11980367","C","3160","2001 N Ocean Blvd","veu ","","$439,000","","1","1","0","¤890","Single","2005","1","Yes","No","Attached",""
"2001","A11573860","C","3160","505 N Fort Lauderdale Beach Blvd Unit#717","Q CLUB RESORT & RESIDENCE Q Club Resort & Residence","","$439,000","","1","2","0","¤1,028","Condo","2006","1","","Yes","",""
"2001","A11814391","C","3800","520 SE 5th Ave Unit#2404","LAS OLAS BY THE RIVER CON Las Olas by The River","","$439,000","","2","2","0","¤1,083","Condo","2001","1","","No","",""
"2001","A11594996","C","3460","215 NW 14th Ave Unit#215","SEMINOLE FOREST Tango Village","","$438,900","","3","2","1","¤1,435","Townhouse","2007","2","","No","",""
"2001","F10476446","C","3160","3020 NE 32nd Ave Unit#816","TIDES AT BRIDGESIDE SQUAR TIDES AT BRIDGESIDE SQUAR","","$435,000","","1","1","0","815","Condo","2002","1","","No","",""
"2001","A11722959","C","3340","1600 NW 15th Ave","LAUDERDALE VILLAS ","","$435,000","","3","2","0","¤1,116","Single","1953","0","No","No","Detached","¤10,249"
"2001","A11814150","C","3390","1336 NW 6th Ave","PROGRESSO ","","$435,000","","3","2","0","¤918","Single","1955","0","No","No","Detached","¤6,751"
"2001","A11557053","C","3390","1410 NW 19th Ave","LAUDERDALE MANORS AMD PLA ","","$435,000","","3","2","0","¤1,188","Single","1952","0","No","No","Attached","¤10,871"
"2001","A11530496","C","3440","2900 Banyan St Unit#303","LEISURE BEACH SOUTH CONDO Leisure Beach South","","$435,000","","2","1","0","¤850","Condo","1970","0","","No","",""
"2001","A11821019","C","3460","533 NW 20th Ave","RIVER BEND ","","$435,000","","4","2","0","¤1,470","Single","1950","0","No","No","Attached","¤5,500"
"2001","F10529090","C","3560","1237 NW 17 Street","LAUDERDALE MANORS ","","$435,000","","4","2","0","1,460","Single","1954","0","No","No","",""
"2001","B26017027","C","3600","1700 SE 15th Street Unit#309","CARAVEL CONDOMINIUM APARTM ","","$435,000","","2","2","0","1,200","Condo","1965","","Yes","Yes","Garden Apartment","0"
"2001","A11777880","C","3800","2005 SE 10th Ave Unit#412","VILLAGE EAST CONDO VILLAGE EAST CONDO","","$434,000","","2","2","0","¤1,054","Condo","2000","0","","No","",""
"2001","A11637493","C","3700","533 NE 3rd Ave Unit#244","SOLE AT FORT LAUDERDALE C SOLE","","$430,000","","2","2","0","¤1,240","Condo","2005","1","","No","",""
"2001","F10548966","C","3800","520 SE 5th Avenue Unit#1602","LAS OLAS BY THE RIVER LAS OLAS BY THE RIVER","","$430,000","","2","2","0","1,148","Condo","2006","1","","No","","0"
"2001","A11648955","C","3170","1920 S Ocean Dr Unit#1002","ATLANTIC TOWERS CO-OP Atlantic Towers","","$429,999","","2","2","0","¤1,036","Co-Op","1961","1","","Yes","",""
"2001","A11866679","C","3400","1631 NW 12th Ct","LAUDERDALE MANORS AMD PLA ","","$429,999","","5","2","","¤1,331","Single","1952","0","No","No","Attached","¤7,701"
"2001","A11767317","C","3400","1725 NW 9th Ave","LAUDERDALE VILLAS ","","$429,999","","3","2","0","¤2,338","Single","1953","1","No","No","Attached","¤9,780"
"2001","R10993351","C","3560","1170 NW 19th Court","HILL-MONT HEIGHTS ","","$429,900","","3","1","0","1,099","Single","1960","0","No","No","Ranch","7,406"
"2001","A11807101","C","3470","1020 SW 19th Ave","RIVERSIDE PARK ","","$429,800","","3","1","0","¤987","Single","1953","0","No","No","Detached",""
"2001","F10545198","C","3470","1201 River Reach Dr Unit#202","River Reach River Reach","","$429,000","","2","2","0","1,110","Condo","1981","0","","Yes","",""
"2001","A11907945","C","3380","1921 NE 15th Ave","RESUBDIVISION OF LINDA TER EDGEWATER TOWNHOMES","","$427,000","","2","1","1","","Townhouse","2000","1","","No","",""
"2001","A11778952","C","3170","2100 S OCEAN DR Unit#10B","SKY HARBOUR EAST SKY HARBOUR EAST","","$425,000","","1","1","0","900","Condo","1964","0","","Yes","",""
"2001","R10944262","C","3170","3000 Holiday Drive Unit#306","MAYA MARCA ","","$425,000","","1","1","1","1,214","Condo","1966","1","No","Yes","",""
"2001","F10533683","C","3260","2900 NE 30th St Unit#7H","Lauderdale Tower Lauderdale Tower","","$425,000","","2","2","0","1,040","Condo","1964","0","","Yes","",""
"2001","A11740296","C","3260","1811 Middle River Dr","ORCHID CONDO ","","$425,000","","2","2","0","¤1,260","Single","1965","1","No","Yes","Attached",""
"2001","R11021828","C","3260","1170 N Federal Highway Unit#911","EAST POINT TOWERS CONDO ","","$425,000","","2","2","0","1,491","Condo","1973","1","No","No","",""
"2001","A11824393","C","3370","515 NE 11th St","PROGRESSO ","","$425,000","","2","1","0","¤995","Single","1972","0","No","No","Detached","¤3,375"
"2001","A11771103","C","3380","3016 NE 21st Ter Unit#3016","CORAL SHORES Coral Coast","","$425,000","","2","2","1","¤1,257","Townhouse","1996","2","","No","",""
"2001","A11820499","C","3400","1167 NW 9th Ave","LAUDERDALE MANORS ADD-REV ","","$425,000","","3","2","","¤984","Single","1954","0","No","No","Detached","¤7,095"
"2001","R10982110","C","3400","1536 NW 15th Avenue","LAUDERDALE MONORS ","","$425,000","","3","2","0","1,344","Single","1952","0","No","No","Ranch","13,049"
"2001","F10494671","C","3470","1301 River Reach Dr Unit#306","River Reach Condominium River Reach Condominium","","$425,000","","2","2","0","900","Condo","1974","0","","Yes","",""
"2001","A11700366","C","3470","1409 Arpeika St","RIVER HIGHLANDS AMEN PLAT ","","$425,000","","2","1","","¤966","Single","1941","0","No","No","Detached","¤6,901"
"2001","A11641263","C","3490","2661 SW 12th Ter","DEVONSHIRE ","","$425,000","","3","2","0","¤1,444","Single","1951","0","No","No","Detached","¤6,120"
"2001","F10522684","C","3600","2131 SE 10th Ave Unit#1117","Village East Village East","","$425,000","","2","2","0","1,054","Condo","2000","0","","No","",""
"2001","F10427174","C","3600","2033 SE 10th Ave Unit#619","Village East Condo Village East Condo","","$425,000","","2","2","0","1,054","Condo","2000","0","","No","",""
"2001","A11862796","C","3800","511 SE 5th Ave Unit#707","NURIVER LANDING CONDO NURIVER LANDING","","$425,000","","2","2","0","¤1,233","Condo","2006","1","","Yes","",""
"2001","A11601234","C","3800","520 SE 5th Ave Unit#1604","LAS OLAS BY THE RIVER CON Las Olas by the River","","$425,000","","2","2","0","¤1,083","Condo","2001","1","","No","",""
"2001","A11908565","C","3800","511 SE 5th Ave Unit#806","NURIVER LANDING CONDO NURIVER LANDING CONDO","","$424,999","","2","1","0","¤1,017","Condo","2006","1","","No","",""
"2001","F10541811","C","3380","1921 NE 15th Ave","EDGEWATER TOWNHOMES EDGEWATER TOWNHOMES","","$424,990","","2","1","1","1,060","Townhouse","1987","0","","No","",""
"2001","F10497560","C","3160","720 Bayshore Dr Unit#202","Nautical Towers Nautical Towers","","$424,000","","2","2","0","1,427","Condo","1971","1","","No","",""
"2001","R10978335","C","3160","3015 N Ocean Boulevard Unit#4l","BERKLEY SOUTH CONDO ","","$423,000","","2","2","0","1,328","Condo","1974","0","No","No","High Rise",""
"2001","F10463980","C","3800","511 SE 5TH AVE Unit#2415","NURIVER LANDING NURIVER LANDING","","$422,000","","1","1","0","803","Condo","2006","1","","Yes","",""
"2001","F10528815","C","3380","1921 NE 15th Ave Unit#1921","Edgewater Townhomes Edgewater Townhomes","","$420,000","","2","1","1","1,060","Townhouse","1987","0","","Yes","",""
"2001","R11090728","C","3560","1237 NW 17 Street","LAUDERDALE MANORS ","","$420,000","","4","2","0","1,460","Single","1954","0","Yes","No","",""
"2001","A11692031","C","3390","1213 Chateau Park Dr","LAUDERDALE MANORS ADD REV ","","$419,999","","3","2","0","¤984","Single","1954","0","No","No","Detached","¤7,942"
"2001","A11876113","C","3390","1336 NW 6th Ave","PROGRESSO ","","$419,900","","3","2","0","¤918","Single","1955","0","No","No","Detached","¤6,751"
"2001","R11086864","C","3470","410 Olssen Avenue","VILLAGE AT SAILBOAT BEND  ","","$419,900","","2","2","1","1,679","Condo","2005","0","No","No","",""
"2001","A11706259","C","3480","2532 SW 14th Ave Unit#304","BETA PLAT The Grove at River Oaks","","$419,900","","2","2","1","¤1,455","Townhouse","2006","2","","No","",""
"2001","A11592296","C","3480","2532 SW 14th Ave Unit#304","BETA PLAT The Grove at River Oaks","","$419,900","","2","2","1","¤1,455","Townhouse","2006","2","","No","",""
"2001","A11819535","C","3160","3015 N Ocean Blvd Unit#4K","BERKLEY SOUTH CONDO THE BERKEY SOUTH","","$419,000","","2","2","0","¤1,144","Condo","1974","1","","No","",""
"2001","R11016588","C","3170","3000 Holiday Drive Unit#306","MAYA MARCA ","","$419,000","","1","1","1","1,214","Condo","1966","1","No","Yes","",""
"2001","F10422930","C","3280","347 N New River Dr Unit#1506","WaterGarden WaterGarden","","$419,000","","1","1","0","820","Condo","2004","1","","Yes","",""
"2001","F10442383","C","3390","1613 NW 4th Ave","Progresso 2-18 D ","","$419,000","","2","1","0","903","Single","1952","0","No","No","","6,753"
"2001","A11958460","C","3560","1617 NW 15th St","LAUDERDALE MANORS AMD PLA ","","$419,000","","3","2","","¤984","Single","1954","0","No","No","Detached","¤8,398"
"2001","F10459152","C","3600","905 SE 12th Ct Unit#16","Capistrano Townhomes Capistrano Townhomes","","$419,000","","2","2","1","1,430","Townhouse","1948","0","","No","",""
"2001","F10525254","C","3800","520 SE 5th Avenue Unit#1504","LAS OLAS BY THE RIVER LAS OLAS BY THE RIVER","","$419,000","","2","2","0","1,083","Condo","2001","1","","No","",""
"2001","F10462861","C","3370","1920 NE 1st Ter Unit#116 H","MANOR GROVEVILLAGE TWO MANOR GROVEVILLAGE TWO","","$418,900","","2","2","0","1,180","Condo","1971","0","","No","",""
"2001","A11743372","C","3260","1839 Middle River Dr Unit#205","RIVERS BEND CONDO Rivers Bend","","$418,000","","2","2","0","¤1,196","Condo","1972","1","","Yes","",""
"2001","F10528935","C","3380","1989 NE 15th Avenue Unit#1989","Edgewater Townhomes Edgewater Townhomes","","$418,000","","2","2","1","1,056","Townhouse","1989","0","","No","",""
"2001","F10539758","C","3810","410 NW 1st Avenue Unit#604","MILL LOFTS MILL LOFTS","","$418,000","","1","1","0","1,074","Condo","2007","1","","No","","0"
"2001","A11548992","C","3150","3015 N Ocean Blvd Unit#6A","BERKLEY SOUTH CONDO BERKLEY SOUTH CONDO","","$415,000","","2","2","0","¤1,328","Condo","1974","1","","No","",""
"2001","A11749087","C","3270","1501 E Broward Blvd Unit#705","PINE CREST VILLAGE I AT Pine Crest Village","","$415,000","","2","2","0","¤1,200","Condo","1966","1","","No","",""
"2001","A11933679","C","3290","1317 NW 7th Ter","PROGRESSO ","","$415,000","","2","1","0","¤955","Single","1953","0","No","No","Detached","¤6,756"
"2001","A11740309","C","3400","1167 NW 9th Ave","LAUDERDALE MANORS ADD-REV ","","$415,000","","3","2","","¤984","Single","1954","0","No","No","Detached","¤7,095"
"2001","F10480117","C","3400","1512 NW 16th Ln","Lauderdale Manors Resub O ","","$415,000","","4","2","0","1,410","Single","1953","0","No","No","","12,913"
"2001","F10480120","C","3423","1213 NW 6th Ct","Home Beautiful Park 2-47 ","","$415,000","","4","3","0","1,708","Single","1955","0","No","No","","7,000"
"2001","R11163952","C","3560","1148 NW 15th Court","LAUDERDALE VILLAS ","","$415,000","","4","3","0","1,470","Single","1953","0","No","No","","11,326"
"2001","A11899947","C","3560","809 NW 12th Ave","LINCOLN PARK THIRD ADD ","","$415,000","","3","2","0","¤1,249","Single","1957","0","No","No","Detached","¤4,578"
"2001","A11876124","C","3160","3020 NE 32nd Ave Unit#716","TIDES AT BRIDGESIDE SQUAR THE TIDES","","$410,000","","1","1","0","¤815","Condo","2002","1","","No","",""
"2001","A11769937","C","3330","315 NE 3rd Ave Unit#2009","STRADA 315 CONDO Strada 315","","$410,000","","1","1","1","¤826","Condo","2007","1","","No","",""
"2001","A11779264","C","3370","1940 NE 2nd Ave Unit#118J","MANOR GROVE VILLAGE FOUR MANOR GROVE VILLAGE FOUR","","$410,000","","2","2","0","¤1,200","Condo","1973","1","","No","",""
"2001","A11737885","C","3400","1930 NW 12th Ave","HILLMONT HGTS REV & ADD ","","$410,000","","3","2","0","¤1,052","Single","1957","0","No","No","Detached","¤8,264"
"2001","A11620637","C","3800","520 SE 5th Ave Unit#2206","LAS OLAS BY THE RIVER CON LAS OLAS BY THE RIVER","","$410,000","","2","2","0","¤1,136","Condo","2001","1","","No","",""
"2001","A11818611","C","3400","1722 NW 8th Ct","LAUDERDALE HOMESITES ","","$409,997","","4","2","0","¤1,256","Single","1996","0","No","No","Detached","¤4,950"
"2001","A11857467","C","3390","1608 NW 7th Ave","PROGRESSO ","","$409,000","","3","2","0","¤1,000","Single","1954","4","No","No","Attached","¤6,752"
"2001","F10483326","C","3260","2424 NE 9th St Unit#302","Colonial Manor West Colonial Manor West","","$407,500","","2","2","0","1,209","Condo","1969","0","","No","",""
"2001","A11983986","C","3270","1501 E Broward Blvd Unit#705","PINE CREST VILLAGE I AT Pine Crest Village","","$407,500","","2","2","0","¤1,200","Condo","1966","1","","No","",""
"2001","A11561430","C","3600","2005 SE 10th Ave Unit#403","VILLAGE EAST CONDO Village east","","$406,000","","2","2","0","¤1,054","Condo","2000","0","","No","",""
"2001","F10466658","C","3810","357 City View Dr","Near Northwest ","","$404,990","","2","1","1","888","Single","1985","0","No","No","","996"
"2001","R11074476","C","3400","1134 NW 18th Avenue","LAUDERDALE MANORS AMD PLAT ","","$404,900","","3","2","0","1,452","Single","1954","0","No","No","Ranch","8,425"
"2001","R11163814","C","3160","3020 NE 32nd Avenue Unit#1405","TIDES AT BRIDGESIDE SQUARE ","","$400,000","","1","1","0","750","Condo","2005","2","No","No","High Rise",""
"2001","A11615847","C","3600","1600 SE 15th St Unit#313","PLAZA 15 CONDO PLAZA 15 CONDO","","$400,000","","2","2","0","¤1,020","Condo","1973","1","","Yes","",""
"2001","F10507550","C","3700","533 NE 3rd Ave Unit#229","SOLE AT FORT LAUDERDALE SOLE AT FORT LAUDERDALE","","$400,000","","1","1","0","780","Condo","2005","1","","No","",""
"2001","F10430381","C","3800","520 SE 5th Avenue Unit#2508","Las Olas by the River Las Olas by the River","","$400,000","","2","2","0","1,136","Condo","2001","2","","No","",""
"2001","A11809080","C","3400","1167 NW 9th Ave","LAUDERDALE MANORS ADD-REV ","","$399,990","","3","2","","¤984","Single","1954","0","No","No","Detached","¤7,095"
"2001","A11928383","C","3460","634 NW 15th Ave","LINCOLN PARK CORR PLAT ","","$399,990","","3","2","0","¤1,118","Single","2001","0","No","No","Detached","¤7,500"
"2001","F10496739","C","3240","2670 E Sunrise Blvd Unit#1105","GALLERY ONE CONDO GALLERY ONE CONDO","","$399,950","","1","1","0","591","Condo","1988","1","","Yes","",""
"2001","A11477385","C","3280","535 Hendricks Isle Unit#105","BURTON POINT CONDO Burton Point","","$399,950","","2","1","0","¤850","Condo","1969","0","","Yes","",""
"2001","A11752314","C","3160","3015 N Ocean Blvd Unit#5B","BERKLEY SOUTH CONDO BERKLEY SOUTH CONDO","","$399,900","","2","2","0","¤1,144","Condo","1974","1","","No","",""
"2001","F10459001","C","3170","3020 NE 32nd Ave Unit#1405","THE TIDES AT BRIDGESIDE THE TIDES AT BRIDGESIDE","","$399,900","","1","1","0","750","Condo","2002","2","","Yes","",""
"2001","F10542288","C","3260","1170 N Federal Highway Unit#707","East Point Towers East Point Towers","","$399,900","","1","1","1","1,138","Condo","1973","1","","Yes","",""
"2001","R11134165","C","3400","1134 NW 18th Avenue","LAUDERDALE MANORS AMD PLAT ","","$399,900","","3","2","0","1,452","Single","1954","0","No","No","Ranch","8,425"
"2001","F10470089","C","3470","1350 River Reach Dr Unit#118","River Reach River Reach","","$399,900","","2","2","0","1,250","Condo","1972","0","","Yes","",""
"2001","F10460317","C","3470","1000 River Reach Dr Unit#401","RIVER REACH RIVER REACH","","$399,900","","2","2","0","1,100","Condo","1972","0","","Yes","",""
"2001","F10530029","C","3400","632-634 NW 14th Ter","LINCOLN PARK CORR PLAT 5- ","","$399,888","","2","2","0","880","Single","1959","0","No","No","","5,000"
"2001","F10478776","C","3160","3020 NE 32nd Ave Unit#923","The Tides at Bridgeside The Tides at Bridgeside","","$399,000","","1","1","0","720","Condo","2002","1","","No","",""
"2001","A11709397","C","3160","2841 N Ocean Blvd Unit#1105","VANTAGE VIEW CONDO VANTAGE VIEW CONDO","","$399,000","","2","2","0","¤1,100","Condo","1976","2","","Yes","",""
"2001","A11659384","C","3160","2841 N Ocean Blvd Unit#1105","VANTAGE VIEW CONDO VANTAGE VIEW CONDO","","$399,000","","2","2","0","¤1,100","Condo","1976","2","","Yes","",""
"2001","A11572494","C","3160","551 N Fort Lauderdale Beach Blvd Unit#R1804","551 FLB CONDOMINIUM RESID THE OCEAN RESORT","","$399,000","","0","1","0","¤445","Condo","2009","1","","No","",""
"2001","F10454779","C","3280","333 Sunset Dr Unit#B","THE FOUR SEASONS THE FOUR SEASONS","","$399,000","","1","1","0","870","Condo","1959","1","","Yes","",""
"2001","F10501285","C","3460","981 NW 16th Avenue","Lincoln Park Fifth Add ","","$399,000","","2","1","0","720","Single","1950","","No","No","","5,000"
"2001","A12007813","C","3560","809 NW 12th Ave","LINCOLN PARK THIRD ADD ","","$399,000","","3","2","0","¤1,249","Single","1957","0","No","No","Detached","¤4,578"
"2001","F10445514","C","3160","711 N Birch Unit#102","Hawthorne East Hawthorne East","","$398,750","","2","2","0","1,025","Condo","1956","0","","No","",""
"2001","F10543249","C","3460","525 NW 15th Ter","Dorsey Park First Add 21- ","","$398,000","","3","2","0","1,014","Single","1963","0","No","No","","5,650"
"2001","A11771773","C","3470","1101 River Reach Dr Unit#102","RIVER REACH CONDOMINIUM I River Reach","","$397,000","","2","2","0","¤1,250","Condo","1982","0","","Yes","",""
"2001","F10526289","C","3160","95 N Birch Rd Unit#304","Harbor Haven Harbor Haven","","$395,000","","1","1","0","795","Condo","1970","0","","Yes","",""
"2001","A11687033","C","3280","347 N New River Dr E Unit#1506","WATERGARDEN CONDO WATERGARDEN","","$395,000","","1","1","0","¤820","Condo","2004","1","","Yes","",""
"2001","F10525512","C","3370","1417 N Andrews Ave","Progresso 2-18 D ","","$395,000","","2","1","0","806","Single","1953","0","No","No","","6,005"
"2001","F10495835","C","3370","3000 NE 16th Ave Unit#406","River Shores River Shores","","$395,000","","2","2","0","1,200","Condo","1965","0","","Yes","",""
"2001","R11157773","C","3390","650 Tennis Club Drive Unit#311","TENNIS CLUB LENGLEN CONDO  ","","$395,000","","3","2","1","1,496","Condo","1973","","No","No","","0"
"2001","A11942102","C","3800","520 SE 5th Ave Unit#3209","LAS OLAS BY THE RIVER CON LAS OLAS BY THE RIVER","","$395,000","","2","2","0","¤1,120","Condo","2006","1","","No","",""
"2001","F10536058","C","3800","520 SE 6th Avenue Unit#3208","LAS OLAS BY THE RIVER CON LAS OLAS BY THE RIVER CON","","$395,000","","2","2","0","1,168","Condo","2001","1","","No","",""
"2001","A11707344","C","3800","2009 SE 10th Ave Unit#303","VILLAGE EAST CONDO VILLAGE EAST CONDO","","$395,000","","2","2","0","¤1,054","Condo","2000","0","","No","",""
"2001","A11575252","C","3470","1201 River Reach Dr Unit#206","RIVER REACH CONDOMINIUM I River Reach","","$392,500","","2","2","0","¤1,250","Condo","1981","1","","Yes","",""
"2001","A11878779","C","3400","1620 NW 15th Pl","LAUDERDALE MANORS AMEND ","","$390,000","","3","2","0","¤1,127","Single","1954","0","No","No","Detached","¤7,682"
"2001","A11950329","C","3460","525 NW 15th Ter","DORSEY PARK FIRST ADD ","","$390,000","","3","2","0","¤1,014","Single","1967","0","No","No","Detached","¤5,650"
"2001","F10474484","C","3470","1301 River Reach Dr Unit#201","River Reach River Reach","","$389,900","","1","1","1","900","Condo","1974","0","","Yes","",""
"2001","A11982664","C","3560","1632 NW 18th Ave","LAUDERDALE MANORS RESUB O ","","$389,900","","3","1","","¤1,083","Single","1953","0","No","No","Detached","¤6,012"
"2001","A11881527","C","3150","3015 N Ocean Blvd Unit#6A","BERKLEY SOUTH CONDO BERKLEY SOUTH CONDO","","$389,000","","2","2","0","¤1,328","Condo","1974","1","","No","",""
"2001","A11672764","C","3800","520 SE 5th AVE Unit#1104","LAS OLAS BY THE RIVER LAS OLAS BY THE RIVER","","$389,000","","2","2","","","Condo","2001","1","","No","",""
"2001","F10505872","C","3700","315 NE 3rd Avenue Unit#1209","Strada Strada","","$387,000","","1","1","1","826","Condo","2007","1","No","No","","0"
"2001","F10518816","C","3160","711 N Birch Rd Unit#102","Hawthorne East Hawthorne East","","$385,000","","2","2","0","1,025","Co-Op","1956","0","","No","",""
"2001","A11714778","C","3280","340 Sunset Dr Unit#306","ESSEX TOWER CONDO ESSEX TOWER","","$385,000","","2","2","0","¤1,218","Condo","1971","0","","No","",""
"2001","A11914225","C","3423","1213 NW 6th Ct","HOME BEAUTIFUL PARK ","","$385,000","","3","2","","¤1,708","Single","1955","0","No","No","Detached","¤7,000"
"2001","A11982900","C","3460","525 NW 15th Ter","DORSEY PARK FIRST ADD ","","$385,000","","3","2","0","¤1,014","Single","1967","0","No","No","Detached","¤5,650"
"2001","A11755223","C","3470","401 SW 4th Ave Unit#1100","ESPLANADE ON THE NEW RIVE Esplanade","","$385,000","","1","1","1","¤892","Condo","2004","1","","Yes","",""
"2001","F10460593","C","3480","900 SW 12th St Unit#306","Rio Neuvo A Rio Neuvo A","","$385,000","","2","2","0","1,000","Condo","1966","0","","Yes","",""
"2001","F10479933","C","3600","2107 SE 10th Ave Unit#815","VILLAGE EAST VILLAGE EAST","","$385,000","","1","1","0","878","Condo","2001","1","","No","",""
"2001","A11964126","C","3800","520 SE 5th Ave Unit#1109","LAS OLAS BY THE RIVER CON Las Olas By The River","","$385,000","","2","2","0","¤1,153","Condo","2006","1","","No","",""
"2001","A11873485","C","3400","1613 NW 12th St","LAUDERDALE MANOR ","","$384,900","","3","2","0","¤936","Single","1952","2","No","No","Detached","¤6,751"
"2001","A11657166","C","3600","2119 SE 10th Ave Unit#906","VILLAGE EAST CONDO VILLAGE EAST CONDO","","$384,900","","2","2","0","¤1,054","Condo","2000","1","","No","",""
"2001","F10454328","C","3390","1617 NW 15th Ct","LAUDERDALE MANORS AMEN PL ","","$383,000","","3","2","0","1,127","Single","1954","0","No","No","","7,682"
"2001","A11719434","C","3070","3050 NE 16th Ave Unit#406","RIVER TERRACE CONDO RIVER TERRACE CONDO","","$380,000","","2","2","0","¤912","Condo","1972","0","","Yes","",""
"2001","F10499519","C","3370","2631 NE 14th Ave Unit#203","Wilton Station Wilton Station","","$380,000","","1","1","1","1,082","Condo","2006","0","","No","",""
"2001","A11679819","C","3460","1606 NW 7th Pl","LINCOLN PARK 1ST ADD ","","$380,000","","3","2","0","¤1,116","Single","2008","0","No","No","Detached","¤3,750"
"2001","A11588518","C","3460","723 NW 15th Way","CARVER PARK ","","$380,000","","4","1","0","¤1,080","Single","1951","0","No","No","Detached","¤5,500"
"2001","A11908459","C","3470","1101 River Reach Dr Unit#209","RIVER REACH CONDOMINIUM I RIVER REACH CONDOMINIUM","","$380,000","","2","2","0","¤1,500","Condo","1982","0","","Yes","",""
"2001","F10511885","C","3600","1625 SE 10th Ave Unit#301","RUNAWAY BAY CONDO RUNAWAY BAY CONDO","","$380,000","","2","2","0","1,120","Condo","1975","2","","No","",""
"2001","F10532719","C","3490","1403 SW 27th Ct","Hibiscus Gardens 10-1 B ","","$379,999","","2","1","0","911","Single","1997","0","No","No","","5,259"
"2001","F10422957","C","3400","1525 NW 18th Ave","LAUDERDALE MANORS AMD PLA ","","$379,990","","4","2","0","1,380","Single","1955","0","No","No","","7,700"
"2001","A11808612","C","3160","2841 N Ocean Blvd Unit#1105","VANTAGE VIEW CONDO VANTAGE VIEW CONDO","","$379,000","","2","2","0","¤1,100","Condo","1976","2","","Yes","",""
"2001","A11973805","C","3260","1308 Bayview Dr Unit#2B","HAMPTON EAST CONDO HAMPTON EAST CONDO","","$379,000","","2","2","0","¤815","Condo","1961","0","","Yes","",""
"2001","F10417608","C","3270","1501 E Broward Blvd Unit#807","Pine Crest Village Pine Crest Village","","$379,000","","2","1","0","980","Condo","1966","0","","No","",""
"2001","F10505493","C","3700","313 NE 2nd St Unit#602","NOLA LOFTS NOLA LOFTS","","$379,000","","1","1","0","755","Condo","2005","0","","No","",""
"2001","A11754038","C","3700","533 NE 3rd Ave Unit#304","SOLE AT FORT LAUDERDALE Sole","","$379,000","","2","2","0","¤1,240","Condo","2005","1","","No","",""
"2001","F10479553","C","3700","533 NE 3rd Avenue Unit#506","SOLE AT FORT LAUDERDALE SOLE AT FORT LAUDERDALE","","$379,000","","2","2","0","1,240","Condo","2005","0","","No","",""
"2001","F10448934","C","3700","533 NE 3rd Ave Unit#401","SOLE AT FORT LAUDERDALE SOLE AT FORT LAUDERDALE","","$379,000","","2","2","0","1,240","Condo","2005","0","","No","",""
"2001","A11820151","C","3800","520 SE 5th Ave Unit#1109","LAS OLAS BY THE RIVER CON Las Olas BY The River","","$379,000","","2","2","0","¤1,153","Condo","2001","1","","No","",""
"2001","F10432812","C","3800","520 SE 5th Ave Unit#1101","LAS OLAS BY THE RIVER LAS OLAS BY THE RIVER","","$379,000","","1","1","0","894","Condo","2001","1","","No","",""
"2001","A11596258","C","3470","1101 River Reach Dr Unit#102","RIVER REACH CONDOMINIUM I River Reach","","$377,000","","2","2","0","¤1,250","Condo","1982","0","","Yes","",""
"2001","F10462567","C","3160","505 N Fort Lauderdale Beach Blvd Unit#813","Q Club Resort & Residence Q Club Resort & Residence","","$375,000","","1","1","1","868","Condo","2006","0","","Yes","",""
"2001","F10449950","C","3160","550 Bayshore Dr Unit#102","Bayshore embassy Bayshore embassy","","$375,000","","1","1","0","680","Condo","1970","0","","No","",""
"2001","A11392821","C","3160","3020 NE 32nd Ave Unit#621","TIDES AT BRIDGESIDE SQUAR Tides at Bridgeside","","$375,000","","1","1","0","¤720","Condo","2002","1","","Yes","",""
"2001","A11668367","C","3460","417 NW 15th Way","DORSEY PARK FIRST ADD ","","$375,000","","3","1","0","¤980","Single","1950","0","No","No","Attached","¤5,650"
"2001","F10480941","C","3470","1000 River Reach Dr Unit#516","RIVER REACH RIVER REACH","","$375,000","","2","2","0","900","Condo","1971","0","","Yes","",""
"2001","A11715784","C","3600","1600 SE 15th St Unit#313","PLAZA 15 CONDO PLAZA 15 CONDO","","$375,000","","2","2","0","¤1,020","Condo","1973","1","","Yes","",""
"2001","F10411971","C","3600","1625 SE 10th Ave Unit#503","Runaway Bay Runaway Bay","","$375,000","","2","2","0","1,142","Condo","1975","1","","No","",""
"2001","F10525511","C","3700","533 NE 3rd Avenue Unit#229","SOLE AT FORT LAUDERDALE SOLE AT FORT LAUDERDALE","","$375,000","","1","1","0","780","Condo","2005","1","","No","",""
"2001","A11790107","C","3810","226 City View Dr","City View Townhomes City View Townhomes","","$375,000","","2","1","1","¤1,149","Townhouse","2000","0","","No","",""
"2001","F10466967","C","3470","1350 River Reach Dr Unit#402","River Reach River Reach","","$374,900","","2","2","0","1,250","Condo","1972","0","","Yes","",""
"2001","A11698186","C","3600","2119 SE 10th Ave Unit#906","VILLAGE EAST CONDO VILLAGE EAST CONDO","","$374,500","","2","2","0","¤1,054","Condo","2000","1","","No","",""
"2001","F10469602","C","3600","1475 SE 15th St Unit#209","EMBASSY CONDO APTS EMBASSY CONDO APTS","","$374,000","","2","2","0","830","Condo","1966","1","","Yes","",""
"2001","A11678392","C","3600","2119 SE 10th Avenue Unit#906","VILLAGE EAST CONDO VILLAGE EAST CONDO","","$373,900","","2","2","0","¤1,054","Condo","2000","1","","No","",""
"2001","A11676577","C","3370","351 NE 19th Pl Unit#210K","MANOR GROVE VILLAGE FOUR MANOR GROVE VILLAGE FOUR","","$370,000","","2","2","0","¤1,200","Condo","1973","0","","No","",""
"2001","A11996562","C","3400","1218 NW 15th St","LAUDERDALE VILLAS ","","$370,000","","3","2","0","¤1,116","Single","1952","0","No","No","Detached","¤8,925"
"2001","F10502476","C","3810","344 City View Drive","City View Townhomes City View Townhomes","","$370,000","","2","1","1","888","Townhouse","1987","0","","No","",""
"2001","A11895865","C","3390","2005 NW 11th Ave","HILLMONT-MIDDLE RIVER VIS ","","$369,900","","4","2","0","¤1,162","Single","1971","0","No","No","Detached","¤6,825"
"2001","F10480003","C","3400","1632 Lauderdale Manor Dr","Lauderdale Manors Rev ","","$369,900","","3","2","0","1,064","Single","1953","0","No","No","","3,969"
"2001","F10407450","C","3480","900 SW 12th St Unit#105","Rio Nuevo Rio Nuevo","","$369,900","","2","2","0","1,000","Condo","1967","0","","Yes","",""
"2001","A11698530","C","3160","524 Orton Ave Unit#604","BRITANNIA CONDO BRITANNIA CONDO","","$369,000","","1","1","0","¤622","Condo","1964","1","","No","",""
"2001","B26000513","C","3370","1930 NE 2nd Avenue Unit#216l","MANOR GROVE VILLAGE FOUR C ","","$369,000","","2","2","0","1,180","Condo","1973","","No","No","Penthouse","0"
"2001","A11601244","C","3460","1308 NW 3rd St Unit#1308","SEMINOLE FOREST TANGO VILLAGE","","$369,000","","2","2","1","¤1,250","Townhouse","2008","1","","No","",""
"2001","F10450275","C","3470","900 River Reach Dr Unit#120","River Reach Condominiums River Reach Condominiums","","$369,000","","2","2","0","1,025","Condo","1971","0","","Yes","",""
"2001","F10525755","C","3560","416 NW 19th Ave","Dorsey Park 4th Add 25-26 ","","$369,000","","3","1","0","796","Single","1950","0","No","No","","5,250"
"2001","F10535430","C","3810","344 City View Drive","City View Townhomes City View Townhomes","","$367,000","","2","1","1","888","Townhouse","1987","0","","No","",""
"2001","F10448343","C","3280","340 Sunset Dr Unit#308","Essex Tower Condominium Essex Tower Condominium","","$365,000","","2","2","0","1,218","Condo","1971","1","","No","",""
"2001","B26001464","C","3470","1201 River Reach Drive Unit#202","RIVER REACH CONDOMINIUM IV ","","$365,000","","2","2","0","1,110","Condo","1981","","No","No","Substantially Remodeled","0"
"2001","A11976302","C","3470","1201 River Reach Dr Unit#202","RIVER REACH CONDOMINIUM I River Reach","","$365,000","","2","2","0","¤1,110","Condo","1981","0","","Yes","",""
"2001","F10528840","C","3470","232 Seminole Avenue","Waverly Place 2-19 D ","","$365,000","","2","1","0","608","Single","1924","0","No","No","","1,800"
"2001","A11888266","C","3600","1600 SE 15th St Unit#601","PLAZA 15 CONDO Plaza 15 Condo","","$365,000","","2","2","0","¤1,020","Condo","1973","0","","No","",""
"2001","A11802123","C","3800","520 SE 5th Ave Unit#2206","LAS OLAS BY THE RIVER CON LAS OLAS BY THE RIVER","","$365,000","","2","2","0","¤1,136","Condo","2001","1","","No","",""
"2001","A11833792","C","3280","401 SE 25th Ave Unit#605","RIVIERA TOWERS CO-OP Riviera Towers","","$364,900","","1","1","0","¤1,265","Co-Op","1958","0","","Yes","",""
"2001","R11070620","C","3270","100 N Federal Highway Unit#528","WAVERLY AT LAS OLAS ","","$362,000","","1","1","0","790","Condo","2005","1","No","No","High Rise",""
"2001","F10524546","C","3260","1170 N Federal Hwy Unit#311","East Point Towers East Point Towers","","$360,000","","2","2","0","1,491","Condo","1973","0","","Yes","",""
"2001","A11834240","C","3400","1112 NW 15th Ave","LAUDERDALE MANORS ADD ","","$360,000","","2","1","0","¤720","Single","1953","0","No","No","Attached","¤6,300"
"2001","A11531680","C","3460","524 NW 21st Ave","RIVER BEND ","","$360,000","","3","1","0","¤870","Single","1954","0","No","No","Detached","¤7,487"
"2001","A11288247","C","3460","700 NW 19th Ter","LIBERTY PARK ","","$360,000","","3","2","","¤1,025","Single","2002","0","No","No","Detached","¤4,500"
"2001","F10501999","C","3600","2107 SE 10th Ave Unit#815","VILLAGE EAST VILLAGE EAST","","$360,000","","1","1","0","878","Townhouse","2001","1","","No","",""
"2001","A11783085","C","3700","533 NE 3rd ave Unit#229","SOLE AT FORT LAUDERDALE C SOLE AT FORT LAUDERDALE","","$360,000","","1","1","0","¤780","Condo","2005","1","","No","",""
"2001","F10491391","C","3700","533 NE 3rd Ave Unit#229","SOLE AT FORT LAUDERDALE SOLE AT FORT LAUDERDALE","","$360,000","","1","1","0","780","Condo","2005","1","","No","",""
"2001","F10482265","C","3260","1160 N Federal Hwy Unit#623","East Point Towers East Point Towers","","$359,900","","2","2","1","1,491","Condo","1978","1","","Yes","",""
"2001","F10492251","C","3370","119 NE 19th Ct Unit#118G","MANOR GROVE VILLAGE TWO C MANOR GROVE VILLAGE TWO C","","$359,900","","2","2","0","1,180","Condo","1971","0","","No","",""
"2001","A11745215","C","3460","800 NW 15th Ave","LINCOLN PARK THIRD ADD ","","$359,900","","3","1","","¤906","Single","1997","0","No","No","Detached","¤5,000"
"2001","A11551004","C","3560","1220 NW 3rd Ct","SEMINOLE FOREST ","","$359,600","","2","1","0","¤840","Single","1962","0","No","No","Detached","¤6,000"
"2001","A11708582","C","3280","924 SE 2nd St Unit#27","GULFSTREAM CONDO OF LAS O GULFSTREAM CONDO OF LAS O","","$355,000","","2","2","0","¤895","Condo","1969","1","","No","",""
"2001","A11708537","C","3280","924 SE 2nd St Unit#17","GULFSTREAM CONDO OF LAS O GULFSTREAM CONDO OF LAS O","","$355,000","","2","2","0","¤895","Condo","1969","1","","No","",""
"2001","A11459036","C","3390","1408 NW 9th Ave","PROGRESSO ","","$355,000","","3","2","","¤1,331","Single","1954","0","No","No","Detached","¤6,748"
"2001","A11478600","C","3500","610 W Las Olas Blvd Unit#312N","SYMPHONY NORTH CONDO SYMPHONY NORTH CONDO","","$354,500","","1","1","0","¤776","Condo","2005","1","","Yes","",""
"2001","F10498314","C","3160","2200 NE 33rd Ave Unit#5E","WHITE EGRET WHITE EGRET","","$350,000","","1","1","1","1,103","Condo","1971","0","","No","",""
"2001","A11700551","C","3160","3000 Riomar St Unit#503","LEISURE HOUSE CONDO LEISURE HOUSE","","$350,000","","1","1","0","¤640","Condo","1969","1","","No","",""
"2001","F10443382","C","3270","1515 E Broward Blvd Unit#228","Pine Crest Village Pine Crest Village","","$350,000","","2","2","0","960","Condo","1966","0","","No","",""
"2001","F10464591","C","3400","1632 Lauderdale Manor Dr","Lauderdale Manors Rev ","","$350,000","","3","2","0","1,064","Single","1953","0","No","No","","3,969"
"2001","F10467635","C","3460","518 NW 17th Ave","Dorsey Park Second Add 23 ","","$350,000","","3","2","0","1,584","Single","1959","0","No","No","","5,400"
"2001","A11986192","C","3600","2107 SE 10th Ave Unit#817","VILLAGE EAST CONDO VILLAGE EAST","","$350,000","","1","1","0","¤878","Condo","2001","1","","No","",""
"2001","F10502613","C","3700","533 NE 3rd ave Unit#229","SOLE AT FORT LAUDERDALE SOLE AT FORT LAUDERDALE","","$350,000","","1","1","0","780","Condo","2005","1","","No","",""
"2001","F10491130","C","3170","3000 Holiday Dr Unit#904","Maya Marca Condominium Ap Maya Marca Condominium Ap","","$349,999","","1","1","1","1,060","Condo","1966","1","","Yes","",""
"2001","F10502596","C","3700","533 NE 3rd ave Unit#229","SOLE AT FORT LAUDERDALE SOLE AT FORT LAUDERDALE","","$349,999","","1","1","0","780","Condo","2005","1","","No","",""
"2001","F10460481","C","3270","1515 E Broward Blvd Unit#406","Pine Crest Village Pine Crest Village","","$349,900","","2","2","0","960","Condo","1966","0","","No","",""
"2001","F10451566","C","3270","1515 E Broward Blvd Unit#308","PINE CREST VILLAGE PINE CREST VILLAGE","","$349,900","","2","2","0","960","Condo","1966","0","","No","",""
"2001","F10507555","C","3700","533 NE 3rd Ave Unit#243","Sole Sole","","$349,900","","2","2","0","1,129","Condo","2005","1","","No","",""
"2001","A11889592","C","3160","3020 NE 32ND AVE Unit#510","TIDES AT BRIDGESIDE SQUAR TIDES AT BRIDGESIDE","","$349,888","","1","1","0","¤815","Condo","2004","1","","Yes","",""
"2001","F10500423","C","3170","1920 S Ocean Dr Unit#1504","Atlantic Towers Atlantic Towers","","$349,500","","1","1","0","900","Co-Op","1961","0","","No","",""
"2001","F10538348","C","3260","1839 Middle River Drive Unit#105","Rivers Bend Rivers Bend","","$349,500","","2","2","0","1,196","Condo","1972","1","","Yes","",""
"2001","F10502957","C","3160","3020 NE 32nd Ave Unit#510","THE TIDES THE TIDES","","$349,000","","1","1","0","815","Condo","2005","1","","Yes","",""
"2001","F10454671","C","3160","3000 Riomar St Unit#105","LEISURE HOUSE LEISURE HOUSE","","$349,000","","1","1","0","640","Condo","1969","0","","No","",""
"2001","R11130166","C","3440","1304 NW 3rd Street","SEMINOLE FOREST ","","$349,000","","2","2","1","1,250","Townhouse","2008","1","No","No","","2,132"
"2001","B26020696","C","3480","900 SW 12th Street Unit#105","RIO NUEVO A CONDO ","","$349,000","","2","2","0","1,000","Condo","1966","","No","Yes","","0"
"2001","F10448626","C","3480","1200 SW 12th St Unit#200","Rio Nuevo Rio Nuevo","","$349,000","","2","2","0","1,020","Condo","1968","0","","Yes","",""
"2001","A11658028","C","3550","610 W Las Olas Blvd Unit#312N","SYMPHONY NORTH CONDO The Symphony","","$349,000","","1","1","0","¤776","Condo","2005","1","","No","",""
"2001","F10473371","C","3600","1625 SE 10th Avenue Unit#503","Runaway Bay Condominium Runaway Bay Condominium","","$349,000","","2","2","0","1,042","Condo","1975","1","","No","",""
"2001","A11490892","C","3160","3020 NE 32nd Ave Unit#1407","TIDES AT BRIDGESIDE SQUAR TIDES AT BRIDGESIDE SQUAR","","$348,000","","1","1","0","¤640","Condo","2002","1","","No","",""
"2001","A11762464","C","3260","1881 Middle River Dr Unit#207","MIDDLE RIVER TOWER CONDO Middle River Tower","","$345,000","","1","1","1","¤1,030","Condo","1970","1","","Yes","",""
"2001","F10508731","C","3470","900 River Reach Dr Unit#518","River Reach Condominiums River Reach Condominiums","","$345,000","","2","1","1","1,110","Condo","1971","0","","Yes","",""
"2001","F10458107","C","3470","1000 River Reach Dr Unit#120","River Reach Condominiums River Reach Condominiums","","$345,000","","2","2","0","1,025","Condo","1971","0","","Yes","",""
"2001","F10497527","C","3600","1600 SE 15th St Unit#305","PLAZA 15 PLAZA 15","","$345,000","","2","2","0","1,020","Condo","1973","0","","Yes","",""
"2001","F10499078","C","3700","533 NE 3rd ave Unit#229","SOLE AT FORT LAUDERDALE SOLE AT FORT LAUDERDALE","","$345,000","","1","1","0","780","Condo","2005","1","","No","",""
"2001","R11060243","C","3370","1951 NE 2nd Avenue Unit#216","MANOR GROVE VILLAGE ","","$344,900","","2","2","0","1,200","Condo","1973","0","No","No","",""
"2001","A11686543","C","3370","59 NE 20th Ct","MANOR GROVE VILLAGE THREE ","","$344,900","","2","1","1","¤960","Single","1972","0","No","No","Attached",""
"2001","F10446901","C","3370","1940 NE 2nd Ave Unit#J218","Manor Grove Village 4 Con Manor Grove Village 4 Con","","$344,900","","2","2","0","1,180","Condo","1973","0","","No","",""
"2001","F10471130","C","3370","100 NE 20th Ct Unit#10D","Manor Grove Village Three Manor Grove Village Three","","$344,777","","2","1","1","960","Condo","1972","0","","No","",""
"2001","F10494042","C","3070","3050 NE 16th Ave Unit#406","River Terrace Condo River Terrace Condo","","$344,000","","2","2","0","912","Condo","1972","0","","No","",""
"2001","F10470560","C","3600","2027 SE 10th Unit#719","Village East Condo Village East Condo","","$344,000","","1","1","0","878","Townhouse","2001","1","","No","",""
"2001","A11593452","C","3170","1920 S Ocean Dr Unit#1009","ATLANTIC TOWERS CO-OP Atlantic Towers","","$342,999","","1","1","0","¤805","Co-Op","1961","0","","Yes","",""
"2001","A11849676","C","3010","518 NW 13th Ave","FIRST ADD TO TUSKEGEE PAR ","","$340,000","","3","2","1","","Single","2026","0","No","No","Detached","¤3,955"
"2001","A11564752","C","3260","1160 N Federal Hwy Unit#1222","EAST POINT TOWERS CONDO EAST POINT TOWERS","","$340,000","","2","2","0","¤1,344","Condo","1978","1","","Yes","",""
"2001","A11881381","C","3600","1600 SE 15th St Unit#305","PLAZA 15 CONDO PLAZA 15","","$340,000","","2","2","0","¤1,020","Condo","1973","0","","Yes","",""
"2001","F10466803","C","3280","333 Sunset Dr Unit#B","THE FOUR SEASONS THE FOUR SEASONS","","$339,999","","1","1","0","870","Condo","1959","1","","Yes","",""
"2001","A11555726","C","3260","1170 N Federal Hwy Unit#1011","EAST POINT TOWERS CONDO East Point Towers","","$339,995","","2","2","0","¤1,491","Condo","1973","1","","Yes","",""
"2001","F10418407","C","3160","2200 NE 33rd Ave Unit#6E","WHITE EGRET WHITE EGRET","","$339,900","","1","1","1","1,103","Condo","1971","0","","No","",""
"2001","A11728764","C","3400","1318 NW 11th St","LAUDERDALE MANORS ADD ","","$339,900","","3","1","0","¤720","Single","1955","0","No","No","Attached","¤8,266"
"2001","F10466420","C","3270","1515 E Broward Blvd Unit#228","Pine Crest Village Pine Crest Village","","$339,500","","2","2","0","960","Condo","1966","0","","No","",""
"2001","F10543157","C","3270","150 NE 15th Avenue Unit#140","Pine Crest Village Pine Crest Village","","$339,000","","2","2","0","1,280","Condo","1970","","","No","","0"
"2001","A11731869","C","3270","1515 E Broward Blvd Unit#404","PINE CREST VILLAGE I AT Pine crest Village","","$339,000","","2","2","0","¤960","Condo","1966","0","","No","",""
"2001","F10545632","C","3370","1920 NE 1st Terrace Unit#212h","Manor Grove II Manor Grove II","","$339,000","","2","2","0","1,180","Condo","1971","","No","No","","0"
"2001","F10427810","C","3370","3004 NE 5th Ter Unit#208-C","RIVER MANOR RIVER MANOR","","$339,000","","2","2","0","1,000","Condo","1973","0","","Yes","",""
"2001","A11929048","C","3415","1809 NW 8th Pl","LAUDERDALE HOMESITES FIRS ","","$339,000","","2","1","0","¤850","Single","2023","2","No","No","Detached","¤2,475"
"2001","F10515313","C","3370","1336 NE 2nd Ave","Progresso 2-18 D ","","$338,990","","2","1","0","1,020","Single","1948","0","No","No","","6,755"
"2001","F10457888","C","3370","200 NE 19th Ct Unit#206-M","MANOR GROVE VILLAGE FOUR MANOR GROVE VILLAGE FOUR","","$338,000","","2","2","0","1,180","Condo","1973","0","","No","",""
"2001","A11677744","C","3090","437 NW 14th Way","FIRST ADD TO TUSKEGEE PAR ","","$335,000","","2","1","0","¤672","Single","1954","4","No","No","Attached","¤5,650"
"2001","A11957097","C","3280","1280 SE 2nd Ct Unit#1","LAS OLAS MANOR 1 CONDO Las Olas Manor","","$335,000","","2","2","0","¤1,000","Condo","1974","1","","No","",""
"2001","A11665993","C","3342","437 NW 14th Way","FIRST ADD TO TUSKEGEE PAR ","","$335,000","","2","1","0","¤672","Single","1954","3","No","No","Attached","¤5,650"
"2001","F10533330","C","3370","3010 NE 16th Avenue Unit#405","River Bend River Bend","","$335,000","","2","2","0","1,100","Condo","1972","0","","Yes","",""
"2001","A11785147","C","3400","1201 NW 10th Pl","LAUDERDALE MANORS ADD ","","$335,000","","2","1","","¤810","Single","1953","0","No","No","Detached","¤6,850"
"2001","A11504728","C","3400","931 Chateau Park Dr","LAUDERDALE MANORS ADD ","","$335,000","","3","1","","¤911","Single","1954","0","No","No","Detached","¤6,600"
"2001","R11004291","C","3600","1625 SE 10th Avenue Unit#608","RUNAWAY BAY CONDO ","","$335,000","","2","2","0","1,020","Condo","1975","2","No","No","",""
"2001","F10527696","C","3700","315 NE 3rd Ave Unit#1802","STRADA 315 STRADA 315","","$335,000","","1","1","0","607","Condo","2007","1","","No","",""
"2001","A11728756","C","3600","2009 SE 10th Ave Unit#302","VILLAGE EAST CONDO VILLAGE EAST CONDO","","$334,000","","2","2","0","¤1,054","Condo","2007","0","","No","",""
"2001","F10486906","C","3150","3100 NE 28th St Unit#505","alagon alagon","","$330,000","","1","1","0","1,030","Co-Op","1961","0","","Yes","",""
"2001","A11720692","C","3170","2420 SE 17th Street Cswy Unit#401C","VILLAGE AT HARBOR BEACH C The Village at Harbour Be","","$330,000","","2","2","0","¤932","Condo","1967","0","","No","",""
"2001","A11678161","C","3170","2420 SE 17th Cswy Unit#407C","VILLAGE AT HARBOR BEACH C VILLAGE AT HARBOR BEACH","","$330,000","","2","2","0","¤900","Condo","1967","1","","No","",""
"2001","F10508228","C","3280","924 SE 2nd St Unit#17","Gulfsteam of Las Olas Gulfsteam of Las Olas","","$330,000","","2","2","0","895","Condo","1969","1","","Yes","",""
"2001","F10508208","C","3280","924 SE 2nd St Unit#27","Gulfstream of Las Olas Gulfstream of Las Olas","","$330,000","","2","2","0","895","Condo","1969","1","","Yes","",""
"2001","A11903259","C","3460","844 NW 15th Ave","LINCOLN PARK THIRD ADD ","","$329,999","","2","1","0","¤625","Single","1953","0","No","No","Attached","¤5,000"
"2001","A11846689","C","3330","720 Bayshore Dr Unit#602","NAUTICAL TOWERS CONDO NAUTICAL TOWERS","","$329,900","","2","2","","","Condo","1971","0","","No","",""
"2001","A11682772","C","3600","1625 SE 10th Ave Unit#903","RUNAWAY BAY CONDO RUNAWAY BAY CONDO","","$329,900","","2","2","0","¤1,260","Condo","1975","1","","No","",""
"2001","F10388058","C","3280","401 SE 25th Ave Unit#402","Riviera Towers Riviera Towers","","$329,500","","1","1","0","685","Co-Op","1958","0","","Yes","",""
"2001","A11945048","C","3800","520 SE 5th Ave Unit#2213","LAS OLAS BY THE RIVER CON Las Olas By The River","","$329,500","","2","1","0","¤894","Condo","2001","1","","No","",""
"2001","F10455297","C","3160","3000 Riomar St Unit#105","LEISURE HOUSE LEISURE HOUSE","","$329,000","","1","1","0","640","Condo","1969","0","","No","",""
"2001","F10436439","C","3260","2555 NE 11th St Unit#503","Horizon House Horizon House","","$329,000","","1","1","0","940","Condo","1980","0","","No","",""
"2001","F10488078","C","3170","1920 S Ocean Dr Unit#609","ATLANTIC TOWERS CO-OP ATLANTIC TOWERS CO-OP","","$327,900","","1","1","0","805","Co-Op","1961","0","","No","",""
"2001","A11737180","C","3160","3020 NE 32 Avenue Unit#621","TIDES AT BRIDGESIDE SQUAR Tides at Bridgeside","","$325,000","","1","1","0","¤720","Condo","2002","1","","Yes","",""
"2001","F10431728","C","3160","3105 NE 28th St Unit#2B","J-MAR CONDO J-MAR CONDO","","$325,000","","2","2","0","870","Condo","1974","1","","Yes","",""
"2001","A11728784","C","3170","2420 SE 17th Cswy Unit#401C","VILLAGE AT HARBOR BEACH C The Village at Harbor Bea","","$325,000","","2","2","0","¤932","Condo","1967","0","","No","",""
"2001","F10500183","C","3260","2555 NE 11th St Unit#PH01","HORIZON HOUSE HORIZON HOUSE","","$325,000","","1","1","0","976","Condo","1980","0","","No","",""
"2001","A11652363","C","3260","1160 N Federal Hwy Unit#1222","EAST POINT TOWERS CONDO EAST POINT TOWERS","","$325,000","","2","2","0","¤1,344","Condo","1978","1","","Yes","",""
"2001","F10434723","C","3280","180 Isle Of Venice Dr Unit#432","The Oasis-Nurmi Isle The Oasis-Nurmi Isle","","$325,000","","1","1","0","760","Co-Op","1959","0","","Yes","",""
"2001","F10449086","C","3380","1455 Holly Heights Dr Unit#2","Fusion Gardens Fusion Gardens","","$325,000","","2","2","0","1,012","Condo","1987","0","","No","",""
"2001","F10512677","C","3460","1403 NW 2 ST Unit#1403","Tango Village Tango Village","","$325,000","","2","2","1","1,226","Townhouse","2008","1","","No","",""
"2001","F10483898","C","3470","1301 River Reach Dr Unit#507","River Reach River Reach","","$325,000","","1","1","1","900","Condo","1974","0","","Yes","",""
"2001","F10475890","C","3370","59 NE 20th Ct Unit#4H","Manor Grove Village 3 Manor Grove Village 3","","$324,900","","2","1","1","960","Townhouse","1972","0","","No","",""
"2001","A11724223","C","3180","9770 NW 10th St Unit#85","Westview Condo Eight Westview Condominium","","$320,000","","2","2","1","¤278,543","Townhouse","1986","0","","No","",""
"2001","A11710021","C","3370","136 NE 19th Ct Unit#105F","MANOR GROVE VILLAGE TWO C MANOR GROVE VILLAGE TWO C","","$320,000","","2","2","0","¤1,180","Condo","1971","0","","No","",""
"2001","B26026396","C","3380","1455 Holly Heights Drive Unit#2","FUSION GARDENS CONDO ","","$320,000","","2","2","0","1,012","Condo","1987","","No","No","Split Level","0"
"2001","A11996531","C","3460","202 NW 14th Ave Unit#C-1","SEMINOLE FOREST Tango Village Homeowners","","$320,000","","2","2","1","¤1,250","Townhouse","2007","1","","No","",""
"2001","A11936702","C","3460","844 NW 15th Ave","LINCOLN PARK THIRD ADD ","","$319,999","","3","1","0","¤625","Single","1953","0","No","No","Attached","¤5,000"
"2001","A11808953","C","3600","1625 SE 10th Ave Unit#804","RUNAWAY BAY CONDO RUNAWAY BAY CONDO","","$319,999","","2","2","0","¤1,020","Condo","1975","0","","No","",""
"2001","R11005456","C","3390","650 Tennis Club Unit#312","Tennis Club Lenglen Condo ","","$319,997","","3","3","0","1,342","Condo","1972","0","No","No","",""
"2001","B26036475","C","3470","1301 River Reach Drive Unit#111","RIVER REACH CONDOMINIUM V ","","$319,900","","2","2","0","1,250","Condo","1974","","No","No","","0"
"2001","A12013012","C","3600","1625 SE 10th Ave Unit#804","RUNAWAY BAY CONDO Runaway Bay Condo","","$319,900","","2","2","0","¤1,020","Condo","1975","0","","No","",""
"2001","F10530748","C","3170","1920 S Ocean Drive Unit#1504","Atlantic Towers Atlantic Towers","","$319,500","","1","1","0","0","Co-Op","1961","","No","No","",""
"2001","B26023619","C","3260","2900 NE 30th Street Unit#L2","LAUDERDALE TOWER CONDO ","","$319,000","","1","1","0","730","Condo","1964","","No","Yes","Substantially Remodeled","0"
"2001","F10502993","C","3370","3050 NE 16th Ave Unit#201","River Terrace River Terrace","","$319,000","","2","2","0","912","Condo","1972","0","","No","",""
"2001","A11729121","C","3490","1421 sw 27th ct","Hibiscus Gardens 10-1 B ","","$319,000","","2","1","","","Single","1945","0","No","No","Detached","4,738"
"2001","F10500754","C","3160","2200 NE 33rd Ave Unit#6E","WHITE EGRET WHITE EGRET","","$315,000","","1","1","1","1,103","Condo","1971","0","","No","",""
"2001","F10479473","C","3160","2200 NE 33rd Ave Unit#6E","White Egret White Egret","","$315,000","","1","1","1","1,103","Condo","1971","1","","No","",""
"2001","F10447948","C","3160","505 N Fort Lauderdale Beach Blvd Unit#1114","Q Club Resort & Residence Q Club Resort & Residence","","$315,000","","1","1","0","662","Condo","2007","0","","Yes","",""
"2001","R10958162","C","3260","2900 NE 30th Street Unit#8a","LAUDERDALE TOWER ","","$315,000","","1","1","0","730","Condo","1964","0","Yes","Yes","",""
"2001","A11624012","C","3700","533 NE 3rd Ave Unit#210","SOLE AT FORT LAUDERDALE C SOLE","","$315,000","","1","1","0","¤774","Condo","2005","1","","No","",""
"2001","A11804124","C","3400","1606 NW 12th Ave","LAUDERDALE VILLAS ","","$314,900","","3","2","0","¤1,252","Single","1953","0","No","No","Detached","¤12,758"
"2001","A11736037","C","3470","1301 River Reach Dr Unit#114","RIVER REACH CONDOMINIUM V RIVER REACH CONDOMINIUM","","$313,000","","1","1","1","¤900","Condo","1974","1","","No","",""
"2001","A11625367","C","3010","215 NE 16th Ave Unit#105","VICTORIA PALMS CONDO VICTORIA PALMS CONDO","","$310,000","","1","1","0","¤600","Condo","1972","1","","No","",""
"2001","A11755807","C","3040","1421 SW 27th Ct","HIBISCUS GARDENS ","","$310,000","","2","1","0","¤888","Single","1945","0","No","No","Detached","¤4,738"
"2001","F10446016","C","3370","3050 NE 16th Avenue Unit#107","RIVER TERRACE CONDO RIVER TERRACE CONDO","","$310,000","","2","2","0","912","Condo","1972","0","","Yes","",""
"2001","A11965757","C","3470","1000 River Reach Dr Unit#516","RIVER REACH CONDOMINIUM I RIVER REACH","","$310,000","","2","2","0","¤900","Condo","1972","0","","Yes","",""
"2001","F10509062","C","3480","1200 SW 12th St Unit#201","RIO NUEVO RIO NUEVO","","$310,000","","2","2","0","1,020","Condo","1968","0","","Yes","",""
"2001","F10488133","C","3600","1600 SE 15th St Unit#unit 309","Plaza 15 Plaza 15","","$310,000","","1","1","0","720","Condo","1973","1","","Yes","",""
"2001","A11608797","C","3600","1600 SE 15th St Unit#309","PLAZA 15 CONDO Plaza 15","","$310,000","","1","1","0","¤720","Condo","1973","1","","Yes","",""
"2001","A11885726","C","3370","1116 NE 5th Ave","PROGRESSO ","","$309,900","","2","2","0","¤1,165","Single","1945","0","No","No","Detached","¤6,752"
"2001","A11696986","C","3600","1535 SE 15th St Unit#208","Harbordale HARBOR VIEW APTS","","$309,900","","2","2","0","¤966","Condo","1980","1","","Yes","",""
"2001","F10451819","C","3700","533 NE 3rd Ave Unit#208","Sole of Fort Lauderdale Sole of Fort Lauderdale","","$309,900","","1","1","0","780","Condo","2005","1","","No","",""
"2001","A12009514","C","3260","1839 Middle River Dr Unit#501","RIVERS BEND CONDO Rivers Bend Condo","","$308,000","","1","1","1","¤740","Condo","1972","1","","Yes","",""
"2001","F10431105","C","3370","3002 NE 5th Ter Unit#102B","River Manor River Manor","","$305,000","","2","2","0","1,000","Condo","1973","0","","No","",""
"2001","F10463648","C","3380","1444 Windsor Ct Unit#6","Windsor Court Windsor Court","","$305,000","","2","2","0","830","Condo","1990","0","","No","",""
"2001","F10463644","C","3380","1444 Windsor Ct Unit#4","Windsor Court Windsor Court","","$305,000","","2","2","0","830","Condo","1990","0","","No","",""
"2001","F10463642","C","3380","1444 Windsor Ct Unit#1","Windsor Court Windsor Court","","$305,000","","2","2","0","830","Condo","1990","0","","No","",""
"2001","F10463649","C","3390","1444 Windsor Ct Unit#8","Windsor Ct Windsor Ct","","$305,000","","2","2","0","830","Condo","1990","0","","No","",""
"2001","A11760171","C","3470","1301 River Reach Dr Unit#110","RIVER REACH CONDOMINIUM V River reach","","$305,000","","2","2","0","¤1,110","Condo","1975","0","","Yes","",""
"2001","R11136319","C","3700","533 NE 3rd Avenue Unit#120","sole ","","$305,000","","1","1","0","891","Condo","2005","1","No","No","",""
"2001","A11731327","C","3380","1423 Holly Heights Dr Unit#15","CASCADE AT HOLLY HEIGHTS NA","","$304,900","","3","2","0","¤1,032","Condo","1988","0","","No","",""
"2001","F10358237","C","3170","1900 S Ocean Dr Unit#1106","Breakwater Towers Breakwater Towers","","$304,000","","1","1","0","750","Co-Op","1962","0","","No","",""
"2001","F10554807","C","3160","200 S Birch Road Unit#806","LEISURE BEACH CONDO LEISURE BEACH CONDO","","$300,000","","1","1","0","0","Condo","1970","","Yes","Yes","","0"
"2001","F10493266","C","3280","1000 SE 4th St Unit#311","Riverview Garden Apartmen Riverview Garden Apartmen","","$300,000","","1","1","0","620","Condo","1956","0","","Yes","",""
"2001","F10493124","C","3280","1000 SE 4th St","Riverview Garden Apts ","","$300,000","","1","1","0","620","Single","1956","0","Yes","Yes","",""
"2001","A11686245","C","3280","180 Isle Of Venice Dr Unit#432","The Oasis-Nurmi Isle The Oasis-Nurmi Isle","","$300,000","","1","1","0","¤760","Co-Op","1959","0","","Yes","",""
"2001","F10464005","C","3280","1000 SE 4th St Unit#103","Riverview Garden Condos Riverview Garden Condos","","$300,000","","1","1","0","620","Condo","1959","0","","Yes","",""
"2001","F10443989","C","3280","1000 SE 4th St Unit#315","Riverview Garden Condos Riverview Garden Condos","","$300,000","","1","1","0","620","Condo","1959","0","","Yes","",""
"2001","A11967960","C","3420","505 N Fort Lauderdale Beach Blvd Unit#1512","Q CLUB RESORT & RESIDENCE Q CLUB RESORT & RESIDENCE","","$300,000","","0","1","0","¤533","Hotel","2007","1","","Yes","",""
"2001","A11915011","C","3480","1100 SW 12th St Unit#108","RIO NUEVO C CONDO Rio Nuevo","","$300,000","","2","2","0","¤1,020","Condo","1967","0","","No","",""
"2001","F10437524","C","3800","520 SE 5 Avenue Unit#1607","Las Olas by the River Las Olas by the River","","$300,000","","1","1","0","816","Condo","2000","1","","No","",""
"2001","F10487444","C","3160","625 Orton Avenue Unit#18","Beach Breeze Beach Breeze","","$299,900","","2","1","0","882","Co-Op","1956","0","","No","",""
"2001","A11618521","C","3160","550 Bayshore Dr Unit#412","BAYSHORE EMBASSY CONDO BAYSHORE EMBASSY","","$299,900","","1","1","0","¤680","Condo","1970","0","","No","",""
"2001","F10537475","C","3260","888 Intracoastal Drive Unit#3D","Sunrise Tower Sunrise Tower","","$299,900","","1","1","1","923","Condo","1971","0","","","",""
"2001","F10506826","C","3470","1350 River Reach Dr Unit#501","River Reach Condominium River Reach Condominium","","$299,900","","1","1","1","900","Condo","1972","0","","Yes","",""
"2001","F10519726","C","3480","1200 SW 12th St Unit#301","Rio Nuevo Rio Nuevo","","$299,900","","2","2","0","1,020","Condo","1968","0","","Yes","",""
"2001","A11639247","C","3480","900 SW 12th St Unit#305","RIO NUEVO A CONDO RIO NUEVO","","$299,900","","2","2","","¤1,000","Condo","1966","0","","Yes","",""
"2001","A11667373","C","3810","633 NE 2nd Ave Unit#2","CHATEAU CONDO NEW CHATEAU CONDO","","$299,900","","2","2","0","¤855","Condo","1974","1","","No","",""
"2001","F10474267","C","3370","3000 NE 5th Ter #315-A","River Manor Condo ","","$299,000","","2","2","0","1,000","Single","1973","0","Yes","No","","214,419"
"2001","A11625298","C","3380","1455 Holly Heights Dr Unit#42","FUSION GARDENS CONDO FUSION GARDENS","","$299,000","","2","2","0","¤1,012","Condo","1987","1","","No","",""
"2001","A11784073","C","3390","1785 N Andrews Sq Unit#308E","HIDDEN HARBOR CONDOMINIUM Hidden Harbor","","$299,000","","2","2","0","¤975","Condo","1972","0","","Yes","",""
"2001","F10443702","C","3470","1301 River Reach Dr Unit#506","River Reach Condominium River Reach Condominium","","$299,000","","1","1","1","900","Condo","1974","0","","Yes","",""
"2001","A11590204","C","3800","520 SE 5th Ave Unit#3505","LAS OLAS BY THE RIVER LAS OLAS BY THE RIVER","","$299,000","","1","1","0","¤808","Condo","2001","1","","No","",""
"2001","A11611431","C","3270","150 NE 15th Ave Unit#236","PINE CREST VILLAGE II AT PCV Condo II","","$298,000","","1","1","0","¤625","Condo","1970","1","","No","",""
"2001","F10510962","C","3600","1731 SE 15th St Unit#215","Cromwell West Cromwell West","","$297,500","","2","1","1","814","Condo","1973","0","","Yes","",""
"2001","F10515683","C","3260","2900 NE 30th Street Unit#2F","LAUDERDALE TOWER CONDO LAUDERDALE TOWER CONDO","","$295,000","","1","1","0","730","Condo","1964","0","","Yes","",""
"2001","F10461222","C","3370","3000 NE 5th Ter Unit#106-A","River Manor Condo River Manor Condo","","$295,000","","2","2","0","1,000","Condo","1973","0","","No","",""
"2001","A11530173","C","3370","3000 NE 5th Ter Unit#108-A","RIVER MANOR CONDO River Manor Condo","","$295,000","","2","2","0","¤1,000","Condo","1973","0","","No","",""
"2001","F10517392","C","3600","1050 SE 15TH ST Unit#409","MARK 1 MARK 1","","$295,000","","2","2","0","830","Condo","1983","0","","No","",""
"2001","F10525801","C","3370","3000 NE 5th Terrace Unit#109-A","RIVER MANOR RIVER MANOR","","$292,900","","2","2","0","1,000","Condo","1973","0","","","",""
"2001","A11622981","C","3280","1000 SE 4th St Unit#300","RIVERVIEW GARDEN APARTMEN Riverview Garden","","$290,000","","1","1","0","¤620","Condo","1956","1","","Yes","",""
"2001","A11828797","C","3260","1839 Middle River Dr Unit#501","RIVERS BEND CONDO Rivers Bend","","$289,900","","1","1","1","¤740","Condo","1972","0","","Yes","",""
"2001","F10459912","C","3160","2400 NE 33rd Ave Unit#204","Ocean Garden Condo Ocean Garden Condo","","$289,000","","1","1","1","700","Condo","1984","0","","No","",""
"2001","R11124794","C","3170","2420 SE 17th Street Street Unit#401c","VILLAGE AT HARBOR BEACH ","","$289,000","","2","2","0","932","Condo","1967","0","No","No","",""
"2001","F10482764","C","3170","1850 S Ocean Dr Unit#317","Lake Mayan Apartments Lake Mayan Apartments","","$289,000","","1","1","0","640","Co-Op","1963","0","","Yes","",""
"2001","A11905583","C","3260","2670 E Sunrise Blvd Unit#409","GALLERY ONE CONDO GALLERY ONE CONDO","","$289,000","","2","2","0","¤836","Condo","1988","0","","Yes","",""
"2001","F10481171","C","3370","3004 NE 5TH TER Unit#117C","RIVER MANOR CONDO RIVER MANOR CONDO","","$289,000","","2","2","0","1,000","Condo","1973","0","","No","",""
"2001","R11052490","C","3370","119 NE 19th Court Unit#112g","MANOR GROVE VILLAGE TWO C ","","$289,000","","2","2","0","1,180","Condo","1971","0","No","No","",""
"2001","F10468268","C","3380","1348 HOLLY HEIGHTS Unit#14","Asoka Condo Asoka Condo","","$289,000","","2","2","0","0","Condo","2006","0","","No","",""
"2001","A11630764","C","3390","701 NW 19th St Unit#501","TENNIS CLUB II COURTS CON Tennis Club II Courts","","$289,000","","2","2","0","¤968","Condo","1986","0","","No","",""
"2001","A11701241","C","3700","533 NE 3rd Ave Unit#219","SOLE AT FORT LAUDERDALE C n/a","","$288,000","","1","1","0","¤667","Condo","2005","0","","No","",""
"2001","F10495433","C","3170","1920 S Ocean Dr Unit#408","ATLANTIC TOWERS CO-OP ATLANTIC TOWERS CO-OP","","$285,000","","1","1","0","805","Co-Op","1961","0","","No","",""
"2001","F10468324","C","3380","1348 HOLLY HEIGHTS Unit#14","Asoka Asoka","","$285,000","","2","2","0","781","Condo","2006","0","","No","",""
"2001","A11743029","C","3600","2107 SE 10th Ave Unit#827","VILLAGE EAST CONDO VILLAGE EAST CONDO","","$285,000","","1","1","0","¤878","Condo","2001","1","","No","",""
"2001","F10555495","C","3700","533 NE 3rd Avenue Unit#208","Sole Sole","","$285,000","","1","1","0","780","Condo","2005","0","","No","",""
"2001","R11141820","C","3700","533 NE 3rd Avenue Unit#341","SOLE AT FORT LAUDERDALE CO ","","$284,900","","1","1","0","760","Condo","2005","1","No","No","High Rise",""
"2001","A11781219","C","3390","1218 NW 2nd Ave","PROGRESSO ","","$284,025","","3","2","0","¤1,209","Single","1950","0","No","No","Detached","¤6,750"
"2001","F10504946","C","3160","550 Bayshore Dr Unit#102","Bayshore embassy Bayshore embassy","","$280,000","","1","1","0","670","Condo","1970","0","","No","",""
"2001","A11767924","C","3170","2424 SE 17th St Unit#B215","VILLAGE AT HARBOR BEACH C Village at Harbor Beach","","$280,000","","2","2","0","¤796","Condo","1967","0","","No","",""
"2001","F10423877","C","3160","3250 NE 28th St Unit#311","Le Cercle By The Beach Le Cercle By The Beach","","$279,999","","2","1","0","760","Condo","1966","0","","No","",""
"2001","A11516217","C","3160","720 Orton Ave Unit#502","LEISURE SANDS CONDO LEISURE SANDS CONDO","","$279,990","","1","1","0","¤690","Condo","1970","0","","No","",""
"2001","R11019733","C","3260","2900 NE 30th Street Unit#A8","LAUDERDALE TOWER CONDO ","","$279,000","","1","1","0","730","Condo","1964","0","No","Yes","",""
"2001","A11683023","C","3390","701 NW 19th St Unit#501","TENNIS CLUB II COURTS CON Tennis Club II Courts","","$279,000","","2","2","0","¤968","Condo","1986","0","","No","",""
"2001","F10480946","C","3470","900 River Reach Dr Unit#406","River Reach River Reach","","$279,000","","1","1","0","784","Condo","1971","0","","Yes","",""
"2001","F10465994","C","3370","200 NE 19th Ct Unit#107M","Manor Grove Village Four Manor Grove Village Four","","$278,000","","1","1","1","850","Condo","1973","0","","No","",""
"2001","A11779870","C","3370","3002 NE 5th Ter Unit#216-B","RIVER MANOR CONDO River Manor","","$276,000","","2","2","0","¤1,000","Condo","1973","0","","No","",""
"2001","F10449440","C","3370","136 NE 19th Ct Unit#216F","Manor Grove Village 2 Manor Grove Village 2","","$275,000","","1","1","0","750","Condo","1971","0","","No","",""
"2001","A11902459","C","3460","1430 NW 7th St","LINCOLN PARK CORR PLAT ","","$275,000","","2","1","0","¤630","Single","1955","0","No","No","Detached","¤2,500"
"2001","F10550012","C","3470","900 River Reach Drive Unit#312","River Reach Condos River Reach Condos","","$275,000","","2","2","0","1,025","Condo","1971","","","Yes","","0"
"2001","F10470018","C","3600","1001 SE 16th St Unit#2","HARBORDALE CONDO HARBORDALE CONDO","","$275,000","","2","2","0","775","Condo","1967","0","","No","",""
"2001","F10472655","C","3600","1601 SE 15th St Unit#6B","Port Repose Co-op Port Repose Co-op","","$274,900","","1","1","0","580","Co-Op","1964","0","","Yes","",""
"2001","F10513950","C","3380","1460 NE 18TH ST Unit#104","Poinsettia Landings Poinsettia Landings","","$273,933","","2","1","0","725","Condo","1972","0","","No","",""
"2001","A11536599","C","3600","1535 SE 15th St Unit#202","HARBOR VIEW APTS CONDO HARBOR VIEW","","$270,900","","1","1","0","¤620","Condo","1963","1","","Yes","",""
"2001","R11115183","C","3260","1160 N Federal Highway Unit#1018","EAST POINT TOWERS CONDO ","","$270,000","","1","1","1","1,138","Condo","1978","1","No","Yes","High Rise",""
"2001","A11666710","C","3370","3050 NE 5th Ter Unit#10","WINDSOR COURT CONDOMINIUM WINDSOR COURT CONDOMINIUM","","$270,000","","2","1","0","¤788","Condo","1973","0","","No","",""
"2001","F10459186","C","3390","1750 NW 3rd Ter Unit#105C","Hidden Harbor Hidden Harbor","","$270,000","","2","2","0","975","Condo","1974","0","","Yes","",""
"2001","A11499913","C","3170","2670 E Sunrise Blvd Unit#519","GALLERY ONE CONDO GALLERY ONE DOUBLE TREE","","$269,999","","1","1","0","¤554","Condo","1988","1","","Yes","",""
"2001","A11929315","C","3600","1600 SE 15th St","PLAZA 15 CONDO ","","$269,999","","1","1","0","¤720","Single","1974","0","Yes","Yes","Detached",""
"2001","A11809228","C","3160","1601 SE 15th St Unit#1B","PORT REPOSE CO-OP PORT REPOSE CO-OP","","$269,900","","1","1","0","¤580","Co-Op","1964","2","","Yes","",""
"2001","F10488412","C","3270","1220 NE 3rd St Unit#301","Devonshire Condo Devonshire Condo","","$269,900","","1","1","1","630","Condo","1974","0","","No","",""
"2001","F10471979","C","3390","701 NW 19th St Unit#501","TENNIS CLUB II TENNIS CLUB II","","$269,900","","2","2","0","968","Condo","1986","0","","No","",""
"2001","A11645852","C","3600","1050 SE 15th St Unit#405","MARK I CONDO MARK I CONDO","","$269,900","","1","1","0","¤780","Condo","1972","1","","No","",""
"2001","F10551236","C","3170","200 S Birch Road Unit#603","Leisure Beach Condo Leisure Beach Condo","","$269,000","","1","1","0","647","Condo","1970","0","","No","",""
"2001","F10540478","C","3260","915 Intracoastal Drive Unit#6","SUNRISE VILLA SUNRISE VILLA","","$269,000","","1","1","0","680","Co-Op","1961","","","Yes","",""
"2001","R11076615","C","3260","2900 NE 30th Street Unit#A8","LAUDERDALE TOWER CONDO ","","$269,000","","1","1","0","730","Condo","1964","0","No","Yes","High Rise",""
"2001","A11690719","C","3370","3020 NE 16th Ave Unit#306","RIVER SHORES CONDO River Shores Condo","","$269,000","","2","1","0","¤850","Condo","1967","0","","Yes","",""
"2001","F10487320","C","3390","701 NW 19th St Unit#501","Tennis Club II Tennis Club II","","$269,000","","2","2","0","1,000","Condo","1986","0","","No","",""
"2001","A11523132","C","3390","701 NW 19th St Unit#503","TENNIS CLUB II COURTS CON Tennis Club 2","","$269,000","","2","2","0","¤990","Condo","1986","1","","No","",""
"2001","F10439421","C","3480","1200 SW 12th St Unit#305","Rio Nuevo D Condominium Rio Nuevo D Condominium","","$269,000","","1","1","1","988","Condo","1968","0","","Yes","",""
"2001","F10538744","C","3260","815 Middle River Drive Unit#117","MIDDLE RIVER VILLAS MIDDLE RIVER VILLAS","","$268,900","","1","1","0","560","Condo","1964","","No","Yes","","0"
"2001","F10466044","C","3390","670 Tennis Club Dr Unit#107","Tennis Club Tennis Club","","$268,500","","2","1","1","1,056","Condo","1975","0","","No","",""
"2501","A11687597","C","3600","1625 SE 10th Ave Unit#905","RUNAWAY BAY CONDO RUNAWAY BAY","","$267,000","","1","1","0","¤870","Condo","1975","1","","No","",""
"2501","A11851251","C","3170","2424 SE 17th St Unit#B215","VILLAGE AT HARBOR BEACH C Village at Harbor Beach","","$265,000","","2","2","0","¤796","Condo","1967","0","","No","",""
"2501","A11574195","C","3260","2670 E Sunrise Blvd Unit#1428","GALLERY ONE CONDO Gallery One Condo","","$265,000","","1","1","0","¤585","Condo","1988","1","","Yes","",""
"2501","F10495286","C","3370","905 NE 28th St Unit#208","Annie's Castle Annie's Castle","","$265,000","","2","1","1","770","Condo","1979","0","","No","",""
"2501","F10503515","C","3390","1785 N Andrews Sq Unit#308E","HIDDEN HARBOR CONDOMINIUM HIDDEN HARBOR CONDOMINIUM","","$265,000","","2","2","0","975","Condo","1972","0","","Yes","",""
"2501","F10512771","C","3470","1000 River Reach Dr Unit#220","RIVER REACH RIVER REACH","","$265,000","","3","2","0","1,025","Condo","1971","0","","Yes","",""
"2501","F10492748","C","3600","1475 SE 15th St Unit#311","EMBASSY CONDO UNIT 311 EMBASSY CONDO UNIT 311","","$265,000","","1","1","0","570","Condo","1966","0","","Yes","",""
"2501","R11129167","C","3400","1632 NW 9th Avenue","PROGRESSO ","","$264,999","","2","1","0","1,072","Single","1955","0","No","No","","6,747"
"2501","A11730880","C","3600","1535 SE 15th St Unit#304","HARBOR VIEW APTS CONDO Harbor View","","$264,900","","1","1","0","¤688","Condo","1963","1","","Yes","",""
"2501","F10535883","C","3170","1850 S Ocean Drive Unit#317","Lake Mayan Apartments Lake Mayan Apartments","","$264,000","","1","1","0","640","Co-Op","1963","0","","Yes","",""
"2501","A11919696","C","3390","333 NW 17th Ct Unit#203B","HIDDEN HARBOR CONDOMINIUM HIDDEN HARBOR","","$260,000","","2","2","0","¤975","Condo","1974","0","","Yes","",""
"2501","A11846709","C","3280","924 SE 2nd St Unit#32","GULFSTREAM CONDO OF LAS O GULFSTREAM CONDO","","$259,999","","1","1","0","¤459","Condo","1969","0","","No","",""
"2501","F10471503","C","3370","1800 N Andrews Ave Unit#PHG","Drake Tower Condominiums Drake Tower Condominiums","","$259,990","","2","2","0","980","Condo","1975","0","","Yes","",""
"2501","A11891648","C","3160","1601 SE 15th St Unit#1B","PORT REPOSE CO-OP PORT REPOSE CO-OP","","$259,900","","1","1","0","¤580","Co-Op","1964","2","","Yes","",""
"2501","F10513456","C","3260","1160 N Federal Hwy Unit#1020","East Point Towers East Point Towers","","$259,000","","1","1","1","1,138","Condo","1978","1","","Yes","",""
"2501","F10494653","C","3370","3002 NE 5th Ter Unit#110B","River Manor River Manor","","$259,000","","2","2","0","1,000","Condo","1973","0","","No","",""
"2501","F10455543","C","3390","660 Tennis Club Dr Unit#308","LAUDERDALE TENNIS CLUB LAUDERDALE TENNIS CLUB","","$258,000","","2","2","0","1,008","Condo","1974","0","","No","",""
"2501","A11640399","C","3260","2400 NE 9th Unit#202","ocean sunrise ocean sunrise","","$255,000","","2","1","","","Co-Op","1974","1","","No","",""
"2501","A11547653","C","3270","2400 NE 9th St Unit#104","OCEAN SUNRISE CO-OP Ocean Sunrise","","$255,000","","2","2","","¤650","Co-Op","1974","1","","No","",""
"2501","A11992524","C","3390","333 NW 17th Ct Unit#203B","HIDDEN HARBOR CONDOMINIUM HIDDEN HARBOR","","$255,000","","2","2","0","¤975","Condo","1974","0","","Yes","",""
"2501","A11613277","C","3160","505 N Fort Lauderdale Beach Blvd Unit#1915","Q CLUB RESORT & RESIDENCE Q Club Resort & Residence","","$250,000","","0","1","0","¤533","Condo","2006","0","","Yes","",""
"2501","F10446588","C","3170","1850 S Ocean Drive Unit#202","LAKE MAYAN APTS CO-OP LAKE MAYAN APTS CO-OP","","$250,000","","1","1","0","640","Co-Op","1963","0","","Yes","",""
"2501","F10473782","C","3270","1000 SE 4th St Unit#300","RIVERVIEW GARDEN RIVERVIEW GARDEN","","$250,000","","1","1","0","620","Condo","1986","0","","Yes","",""
"2501","F10450417","C","3270","900 NE 18th Ave Unit#607","VICTORIA PARK TOWER CONDO VICTORIA PARK TOWER CONDO","","$250,000","","2","1","0","850","Condo","1970","0","","No","",""
"2501","A11865053","C","3311","680 Tennis Club Dr Unit#312","TENNIS CLUB BROOKS CONDO TENNIS CLUB","","$250,000","","3","2","1","¤1,496","Condo","1974","2","","No","",""
"2501","A11904839","C","3360","733 NW 15th Ter","CARVER PARK ","","$250,000","","2","1","0","¤750","Single","1954","0","No","No","Detached","¤5,625"
"2501","A11800881","C","3370","3000 NE 16th Ave Unit#209","RIVER SHORES CONDO RIVER SHORES CONDO","","$250,000","","2","1","0","¤850","Condo","1965","1","","No","",""
"2501","F10489030","C","3370","3000 NE 5th Ter Unit#114-A","RIVER MANOR CONDO RIVER MANOR CONDO","","$250,000","","1","1","0","700","Condo","1973","0","","No","",""
"2501","A11950737","C","3460","1430 NW 7th St","LINCOLN PARK CORR PLAT ","","$250,000","","2","1","0","¤630","Single","1984","0","No","No","Detached","¤2,500"
"2501","A11603851","C","3800","924 SE 2nd St Unit#19","GULFSTREAM CONDO OF LAS O Gulfstream condo of las o","","$250,000","","1","1","0","¤459","Condo","1969","0","","Yes","",""
"2501","A11693807","C","3280","1000 SE 4th St Unit#300","RIVERVIEW GARDEN APARTMEN Riverview Garden Apartmen","","$249,999","","1","1","0","¤620","Condo","1956","0","","No","",""
"2501","F10397190","C","3370","1423 Holly Heights Dr Unit#1","Cascades Cascades","","$249,999","","3","2","0","902","Condo","1996","0","","No","",""
"2501","A11632417","C","3200","2670 E Sunrise Blvd Unit#1428","GALLERY ONE CONDO GALLERY ONE CONDO","","$249,900","","1","1","0","¤585","Condo","1988","1","","Yes","",""
"2501","A11786595","C","3270","2500 NE 9th St Unit#111","COLONIAL MANOR EAST APART COLONIAL MANOR EAST","","$249,900","","1","1","1","¤806","Condo","1968","1","","No","",""
"2501","F10494674","C","3270","151 NE 16th Ave Unit#330","Pine Crest Village Pine Crest Village","","$249,900","","1","1","0","625","Condo","1971","0","","No","",""
"2501","A11667383","C","3560","600 NE 7th Ave Unit#6","HIBISCUS HOUSE CONDO HIBISCUS HOUSE CONDO","","$249,900","","1","1","0","¤544","Condo","1977","1","","No","",""
"2501","A11569996","C","3600","1731 SE 15th St Unit#312","CROMWELL WEST CONDO Cromwell West","","$249,900","","1","1","0","¤704","Condo","1973","0","","Yes","",""
"2501","F10433643","C","3260","2670 E Sunrise Blvd Unit#1120","Gallery One Gallery One","","$249,500","","1","1","0","554","Condo","1988","0","","Yes","",""
"2501","R11148560","C","3370","136 NE 19th Court Unit#112f","MANOR GROVE VILLAGE TWO CO ","","$249,500","","1","1","0","750","Condo","1972","0","No","No","Garden Apartment",""
"2501","F10511467","C","3370","1800 N Andrews Ave Unit#12B","Drake Tower Drake Tower","","$249,400","","1","1","1","775","Condo","1975","0","","Yes","",""
"2501","A11942472","C","3160","1601 SE 15 Unit#1B","PORT REPOSE CO-OP PORT REPOSE CO-OP","","$249,000","","1","1","0","¤580","Co-Op","1964","2","","Yes","",""
"2501","F10543028","C","3170","1920 S Ocean Drive Unit#408","ATLANTIC TOWERS CO-OP ATLANTIC TOWERS CO-OP","","$249,000","","1","1","0","805","Co-Op","1961","","Yes","No","",""
"2501","A11758942","C","3270","2400 NE 9th St Unit#104","OCEAN SUNRISE CO-OP Ocean Sunrise","","$249,000","","2","2","","¤650","Co-Op","1974","1","","No","",""
"2501","A11692722","C","3600","1625 SE 10th Ave Unit#206","RUNAWAY BAY CONDO RUNAWAY BAY CONDO","","$248,000","","1","1","0","¤870","Condo","1975","1","","No","",""
"2501","F10511742","C","3260","2500 NE 9th St Unit#308","Colonial Manor East Colonial Manor East","","$245,000","","1","1","1","806","Condo","1968","0","","No","",""
"2501","F10407410","C","3280","924 SE 2nd St Unit#21","GULFSTREAM CONDO GULFSTREAM CONDO","","$245,000","","1","1","0","459","Condo","1969","0","","No","",""
"2501","F10486103","C","3390","1785 N Andrews Sq Unit#202E","HIDDEN HARBOR CONDOMINIUM HIDDEN HARBOR CONDOMINIUM","","$245,000","","2","2","0","975","Condo","1972","0","","Yes","",""
"2501","F10464775","C","3390","333 NW 17th Ct Unit#301","Hidden Harbor Hidden Harbor","","$245,000","","2","2","0","975","Condo","1973","0","","No","",""
"2501","F10486411","C","3600","1015 SE 15th St Unit#6D","CLIFF LAKE VILLAS CLIFF LAKE VILLAS","","$245,000","","2","1","0","800","Co-Op","1958","0","","No","",""
"2501","A11715689","C","3370","3000 NE 16th Ave Unit#312","RIVER SHORES CONDO RIVER SHORES DEVON HALL","","$244,999","","1","1","0","¤600","Condo","1965","0","","Yes","",""
"2501","R11019447","C","3370","1800 N Andrews Avenue Unit#9i","DRAKE TOWER ","","$244,999","","1","1","1","800","Condo","1975","0","No","No","",""
"2501","A11689204","C","3600","2015 SE 10th Ave Unit#127","VILLAGE EAST CONDO VILLAGE EAST CONDO","","$243,500","","1","1","0","¤794","Condo","2001","0","","No","",""
"2501","F10364502","C","3160","505 N Fort Lauderdale Beach Blvd Unit#1903","q club resort & residence q club resort & residence","","$240,000","","0","1","0","584","Condo","2006","0","","Yes","",""
"2501","A11931268","C","3280","924 SE 2nd St Unit#19","GULFSTREAM CONDO OF LAS O GULFSTREAM CONDO","","$240,000","","1","1","0","¤459","Condo","1969","0","","Yes","",""
"2501","A11828209","C","3280","924 SE 2nd St Unit#9","GULFSTREAM CONDO OF LAS OL GULFSTREAM CONDO","","$240,000","","1","1","0","¤459","Condo","1969","0","","Yes","",""
"2501","A11721436","C","3280","1000 SE 4th St Unit#300","RIVERVIEW GARDEN APARTMEN Riverview Garden","","$240,000","","1","1","0","¤620","Condo","1956","0","","Yes","",""
"2501","F10458792","C","3370","140 NE 19th Ct Unit#214E","Manor Grove Village Two Manor Grove Village Two","","$240,000","","1","1","0","750","Condo","1971","0","","Yes","",""
"2501","F10479872","C","3490","2445 SW 18th Ter Unit#706","Marina Oaks Marina Oaks","","$239,900","","2","2","0","858","Condo","1987","0","","No","",""
"2501","A11718230","C","3170","1900 S Ocean Dr Unit#406","BREAKWATER TOWERS CO-OP BREAKWATER TOWERS","","$239,500","","1","1","0","¤750","Co-Op","1962","0","","No","",""
"2501","F10531470","C","3170","1850 S Ocean Dr Unit#207","Lake Mayan Apartments Lake Mayan Apartments","","$239,000","","1","1","0","640","Co-Op","1963","0","","Yes","",""
"2501","F10491559","C","3370","119 NE 19th Ct Unit#102G","Manor Grove Village 2 Manor Grove Village 2","","$239,000","","1","1","0","750","Condo","1971","0","","No","",""
"2501","F10482344","C","3600","1625 SE 10th Ave Unit#506","Runaway Bay Runaway Bay","","$238,000","","1","1","0","870","Condo","1975","1","","No","",""
"2501","A11580522","C","3260","2670 E Sunrise Blvd Unit#1132","GALLERY ONE CONDO GALLERY ONE","","$235,000","","1","1","0","¤643","Condo","1988","0","","Yes","",""
"2501","R10977280","C","3260","2670 E Sunrise Boulevard Unit#632","GALLERY ONE ","","$235,000","","1","1","0","643","Condo","1988","1","No","Yes","High Rise",""
"2501","A11826117","C","3270","1900 NE 8th Ct Unit#201","GATEWAY ARMS CONDO Gateway Arms","","$235,000","","2","2","0","¤800","Condo","1966","0","","No","",""
"2501","F10504507","C","3270","600 NE 7 AVENUE Unit#5","HIBISCUS HOUSE HIBISCUS HOUSE","","$235,000","","1","1","0","561","Condo","1977","0","","No","",""
"2501","A11842024","C","3370","3000 NE 16th Ave Unit#209","RIVER SHORES CONDO RIVER SHORES CONDO","","$235,000","","2","1","0","¤850","Condo","1965","1","","Yes","",""
"2501","A11780603","C","3370","3000 NE 16th Ave Unit#408","RIVER SHORES CONDO RIVER SHORES CONDO","","$235,000","","1","1","0","¤600","Condo","1966","0","","Yes","",""
"2501","A11756762","C","3370","124 NE 19th Ct Unit#206B","MANOR GROVE VILLAGE ONE I Manor Grove","","$235,000","","1","1","0","¤750","Condo","1970","0","","No","",""
"2501","F10457543","C","3460","1408 NW 6th St","First Add To Tuskegee Par ","","$235,000","","2","1","0","722","Single","1950","0","No","No","","3,977"
"2501","F10529129","C","3370","200 NE 19th Ct Unit#209M","Manor Grove Village Manor Grove Village","","$234,000","","1","1","1","850","Condo","1973","0","","No","",""
"2501","F10411519","C","3470","821 Tequesta Street Unit#1","Sailboat Cove Sailboat Cove","","$234,000","","2","1","0","837","Condo","1973","0","","No","",""
"2501","A11823295","C","3600","1625 SE 10th Ave Unit#305","RUNAWAY BAY CONDO Runaway Bay","","$234,000","","1","1","0","¤870","Condo","1975","1","","No","",""
"2501","F10492977","C","3370","1800 N Andrews Avenue Unit#9i","DRAKE TOWER DRAKE TOWER","","$233,000","","1","1","1","790","Condo","1975","0","","No","",""
"2501","F10490464","C","3370","140 NE 19th Ct Unit#214E","Manor Grove Village Two Manor Grove Village Two","","$232,500","","1","1","0","750","Condo","1971","0","","Yes","",""
"2501","F10462497","C","3380","1311 NE 18th St Unit#207","Poinsettia Landings Condo Poinsettia Landings Condo","","$232,000","","1","1","0","545","Condo","1973","0","","No","",""
"2501","A12038809","C","3400","1101 NW 13th Ct","LAUDERDALE MANORS ADD-RES ","","$232,000","","2","1","","¤888","Single","1956","0","No","No","Detached","¤8,232"
"2501","F10428453","C","3260","2555 NE 11th St Unit#101","Horizon Horizon","","$230,000","","1","1","0","976","Condo","1965","0","","No","",""
"2501","A11716948","C","3280","1000 SE 4th St Unit#312","RIVERVIEW GARDEN APARTMEN Riverview Garden Condos","","$230,000","","1","1","0","¤620","Condo","1956","0","","Yes","",""
"2501","A11864821","C","3311","680 Tennis Club Dr Unit#107","TENNIS CLUB BROOKS CONDO TENNIS CLUB","","$230,000","","2","1","1","¤1,056","Condo","1974","2","","No","",""
"2501","F10448036","C","3370","2607 NE 8th Ave Unit#45","Wilton Village Wilton Village","","$230,000","","1","1","0","595","Condo","1975","0","","No","",""
"2501","A11866400","C","3390","805 NW 13th St","PROGRESSO ","","$230,000","","2","1","","¤800","Single","1986","0","No","No","Attached","¤1,089"
"2501","A11634957","C","3480","2550 SW 18th Ter Unit#2106","MARINA OAKS CONDO MARINA OAKS CONDO","","$230,000","","2","2","0","¤858","Condo","1988","0","","No","",""
"2501","A11914985","C","3370","3050 NE 16th Ave Unit#407","RIVER TERRACE CONDO River Terrace","","$229,900","","2","2","0","¤912","Condo","1972","0","","Yes","",""
"2501","F10551229","C","3470","1000 River Reach Drive Unit#220","River Reach Condominium River Reach Condominium","","$229,900","","2","2","0","1,025","Condo","1971","","","No","","0"
"2501","A11543210","C","3240","1160 N Federal Hwy Unit#219","EAST POINT TOWERS CONDO East Point","","$229,000","","1","1","1","¤1,138","Condo","1978","1","","Yes","",""
"2501","F10403409","C","3260","1160 N Federal Hwy Unit#815","East Point Towers East Point Towers","","$229,000","","1","1","0","896","Condo","1978","0","","Yes","",""
"2501","A11589872","C","3270","2500 NE 9th St Unit#111","COLONIAL MANOR EAST APART COLONIAL MANOR EAST APART","","$229,000","","1","1","1","¤806","Condo","1968","1","","No","",""
"2501","F10538442","C","3280","125 Isle Of Venice Dr Unit#10","CARAVELLE CARAVELLE","","$229,000","","1","1","0","580","Condo","1988","0","","Yes","",""
"2501","A11680602","C","3370","2643 NE 8th Ave Unit#2","ENCLAVE AT WILTON MANORS ENCLAVE AT WILTON MANORS","","$229,000","","1","1","0","¤500","Condo","1970","0","","No","",""
"2501","F10440996","C","3600","601 SE 5th Ct Unit#104","Riverview South Riverview South","","$229,000","","1","1","0","560","Condo","1969","0","","No","",""
"2501","F10463722","C","3170","3015 Seville St Unit#8","Breakers Seville Apartmnt Breakers Seville Apartmnt","","$228,000","","1","1","0","700","Co-Op","1947","0","","No","",""
"2501","F10532227","C","3370","119 NE 19th Ct Unit#205G","MANOR GROVE VILLAGE TWO MANOR GROVE VILLAGE TWO","","$227,000","","1","1","0","750","Condo","1971","0","","No","",""
"2501","F10481364","C","3270","401 NE 16th Ave Unit#4","The Victorian Condo The Victorian Condo","","$226,000","","1","1","0","568","Condo","1960","0","","No","",""
"2501","A11674536","C","3480","2550 SW 18th Ter Unit#2106","MARINA OAKS CONDO MARINA OAKS CONDO","","$225,900","","2","2","0","¤858","Condo","1988","0","","No","",""
"2501","F10471182","C","3160","505 N Fort Lauderdale Beach Blvd Unit#1908","Q Club Resort & Residence Q Club Resort & Residence","","$225,000","","1","1","0","533","Condo","2006","1","","No","",""
"2501","F10443623","C","3160","505 N Ft Lauderdale Bch Blvd Unit#1008","q club resort & residence q club resort & residence","","$225,000","","1","1","0","533","Condo","2006","0","","Yes","",""
"2501","A11694004","C","3170","1920 S Ocean Dr Unit#104","ATLANTIC TOWERS CO-OP ATLANTIC TOWERS","","$225,000","","1","1","0","¤805","Co-Op","1961","0","","No","",""
"2501","F10520929","C","3370","1800 N Andrews Avenue Unit#9i","DRAKE TOWER DRAKE TOWER","","$225,000","","1","1","1","790","Condo","1975","0","","No","",""
"2501","F10479082","C","3370","2655 NE 8th Ave Unit#104","Wilton Place Wilton Place","","$225,000","","2","1","0","630","Condo","1969","0","","No","",""
"2501","A11641181","C","3370","1423 Holly Heights Dr Unit#17","CASCADE AT HOLLY HEIGHTS Cascades at Holly Heights","","$225,000","","1","1","0","¤585","Condo","2007","1","","No","",""
"2501","A11628336","C","3370","1423 Holly Heights Dr Unit#17","CASCADE AT HOLLY HEIGHTS Cascades at Holly Heights","","$225,000","","1","1","0","¤585","Condo","2007","1","","No","",""
"2501","F10450143","C","3370","1152 NW 30 CT Unit#211","Wilton Shores East Condo Wilton Shores East Condo","","$225,000","","2","1","0","925","Condo","1964","0","","Yes","",""
"2501","F10473101","C","3380","1470 N Dixie Hwy Unit#11","Wisteria Court Condo Wisteria Court Condo","","$225,000","","2","1","0","729","Condo","1974","0","","No","",""
"2501","A11881155","C","3470","1409 SW 1st Street","RIVER HIGHLANDS AMEN PLAT ","","$225,000","","2","1","","¤966","Single","1941","0","No","No","Detached","¤6,901"
"2501","F10480673","C","3600","1525 SE 15th St Unit#23","Southeast Islanders Southeast Islanders","","$225,000","","1","1","0","565","Co-Op","1962","0","","Yes","",""
"2501","F10421297","C","3260","2900 NE 30th St Unit#D2","Lauderdale Tower Lauderdale Tower","","$224,900","","0","1","0","440","Condo","1964","0","","No","",""
"2501","A12005837","C","3360","3050 NE 16th Ave Unit#407","RIVER TERRACE CONDO River Terrace","","$224,900","","2","2","0","¤912","Condo","1972","0","","Yes","",""
"2501","F10485234","C","3370","728 NE 13th Ct Unit#14","Villa Sun Ray Villa Sun Ray","","$224,900","","2","1","0","573","Condo","1966","0","","No","",""
"2501","A11571197","C","3170","2426 SE 17th St Unit#206A","VILLAGE AT HARBOR BEACH C VILLAGE AT HARBOR BEACH","","$224,000","","1","1","0","¤685","Condo","1967","0","","No","",""
"2501","A11422616","C","3380","811 NE 14th Pl Unit#5","MIDDLE RIVER MANOR CONDO Middle River Manor","","$221,900","","2","1","0","¤675","Condo","1969","0","","No","",""
"2501","F10476354","C","3160","624 Antioch Ave Unit#3","Beachside Apts CO-OP Beachside Apts CO-OP","","$220,000","","1","1","0","690","Co-Op","1956","0","","No","",""
"2501","A11738850","C","3370","3004 NE 5th Ter Unit#214-C","RIVER MANOR CONDO River Manor","","$220,000","","1","1","0","¤700","Condo","1973","0","","No","",""
"2501","A11608120","C","3370","124 NE 19th Ct Unit#206B","MANOR GROVE VILLAGE ONE I Manor Grove","","$220,000","","1","1","0","¤750","Condo","1970","0","","No","",""
"2501","A11641664","C","3380","1470 N Dixie Hwy Unit#24","WISTERIA COURT CONDO WISTERIA COURT","","$220,000","","2","1","0","¤740","Condo","1974","0","","No","",""
"2501","F10519545","C","3600","1025 SE 15th St Unit#9C","CLIFF LAKE VILLAS CLIFF LAKE VILLAS","","$220,000","","1","1","0","600","Co-Op","1958","0","","No","",""
"2501","F10527383","C","3170","2426 SE 17th St Unit#103A","VILLAGE AT HARBOR BEACH VILLAGE AT HARBOR BEACH","","$219,900","","1","1","0","685","Condo","1967","0","","No","",""
"2501","A11935591","C","3380","1125 NE 16th Pl Unit#209","TUDOR MANOR CONDO Tudor Manor Condo","","$219,900","","2","1","0","¤740","Condo","1975","0","","No","",""
"2501","A11653435","C","3260","1160 N Federal Hwy Unit#815","EAST POINT TOWERS CONDO EAST POINT TOWERS","","$219,000","","1","1","0","¤896","Condo","1978","0","","Yes","",""
"2501","B26011286","C","3370","1940 NE 2nd Avenue Unit#101j","MANOR GROVE VILLAGE FOUR C ","","$219,000","","1","1","1","850","Condo","1973","","No","No","Garden Apartment, Other","0"
"2501","F10438783","C","3390","1125 NW 30th Ct Unit#8","Wilton Terrace Wilton Terrace","","$219,000","","2","1","0","900","Condo","1964","0","","No","",""
"2501","R10983937","C","3390","1150 NW 30th Court Unit#203","WILTON SHORES EAST CONDO ","","$219,000","","2","1","0","925","Condo","1964","0","No","Yes","",""
"2501","F10538746","C","3260","2900 NE 30th Street Unit#B-2","LAUDERDALE TOWER LAUDERDALE TOWER","","$218,000","","0","1","0","440","Condo","1964","","Yes","Yes","","0"
"2501","F10493241","C","3160","505 N Fort Lauderdale Beach Blvd Unit#1908","Q Club Resort & Residence Q Club Resort & Residence","","$215,000","","1","1","0","533","Condo","2006","1","","No","",""
"2501","A11730302","C","3260","1160 N Federal Hwy Unit#520","EAST POINT TOWERS CONDO EAST POINT TOWERS","","$215,000","","1","1","1","¤1,138","Condo","1978","1","","No","",""
"2501","A11961157","C","3270","900 NE 18th Ave Unit#306","VICTORIA PARK TOWER CONDO VICTORIA PARK TOWER CONDO","","$215,000","","2","1","0","¤850","Condo","1971","0","","No","",""
"2501","A11663051","C","3270","611 NE 14th Ave Unit#101","PARK COURT CONDO Park Court Condo","","$215,000","","1","1","0","¤620","Condo","1973","0","","No","",""
"2501","F10490479","C","3600","1005 SE 15th St Unit#5D","Cliff Lake Villas Cliff Lake Villas","","$215,000","","2","1","0","800","Co-Op","1960","0","","Yes","",""
"2501","F10484472","C","3260","2829 NE 30th St. Unit#307","Regency House Regency House","","$214,900","","2","1","1","768","Co-Op","1963","0","","No","",""
"2501","A11893795","C","3470","1000 River Reach Dr Unit#101","RIVER REACH CONDOMINIUM I River Reach","","$211,500","","0","1","0","¤510","Condo","1971","0","","No","",""
"2501","A11768158","C","3280","924 SE 2nd St Unit#7","GULFSTREAM CONDO Las Olas Gulfstream Condos Las Ola","","$210,000","","1","1","0","¤459","Condo","1969","0","","No","",""
"2501","F10496508","C","3160","624 Antioch Unit#5","BEACHSIDE BEACHSIDE","","$202,000","","1","1","0","690","Co-Op","1956","0","","No","",""
"2501","A11643067","C","3260","2670 E Sunrise Blvd Unit#521","GALLERY ONE CONDO GALLERY ONE CONDO","","$200,000","","1","1","0","¤548","Condo","1986","0","","Yes","",""
"2501","A11565270","C","3270","900 NE 18th Ave Unit#1103","VICTORIA PARK TOWER CONDO VICTORIA PARK TOWER","","$200,000","","1","1","0","¤690","Condo","1970","0","","No","",""
"2501","F10474863","C","3370","124 NE 19th Ct Unit#101B","Manor Grove Village One Manor Grove Village One","","$200,000","","2","2","0","1,180","Condo","1970","0","","No","",""
"2501","F10542859","C","3380","758 NE 13th Ct Unit#1","Asoka Bali West Asoka Bali West","","$200,000","","1","1","0","560","Condo","1965","0","","No","",""
"2501","A11779310","C","3270","609 NE 13th Ave Unit#301","PARK PLACE CONDO Park Place","","$199,999","","2","2","0","¤830","Condo","1974","0","","No","",""
"2501","F10472752","C","3390","1901 N Andrews Avenue Unit#111","THE WOODS CONDOMINIUM THE WOODS CONDOMINIUM","","$199,995","","1","1","0","685","Condo","1973","0","","Yes","",""
"2501","A11566810","C","3270","611 NE 14th Ave Unit#102","PARK COURT CONDO PARK COURT CONDO","","$199,900","","1","1","0","¤620","Condo","1973","0","","No","",""
"2501","A11771231","C","3380","1470 N Dixie Hwy Unit#24","WISTERIA COURT CONDO WISTERIA COURT CONDO","","$199,900","","2","1","0","¤740","Condo","1974","0","","No","",""
"2501","F10538917","C","3390","1901 N Andrews Avenue Unit#222","The Woods Condominiums The Woods Condominiums","","$199,900","","1","1","0","685","Condo","1980","0","","Yes","",""
"2501","F10479680","C","3390","1901 N Andrews Ave Unit#101","The Woods Condominiums The Woods Condominiums","","$199,900","","1","1","0","685","Condo","1980","0","","Yes","",""
"2501","A11611261","C","3390","1901 N Andrews Ave Unit#105","WOODS CONDO The Woods Condominium","","$199,900","","1","1","0","¤685","Condo","1980","1","","Yes","",""
"2501","A11744909","C","3160","2426 SE 17th Cswy Unit#210A","VILLAGE AT HARBOR BEACH VILLAGE AT HARBOR BEACH","","$199,000","","1","1","0","¤685","Condo","1967","0","","No","",""
"2501","F10471609","C","3170","2420 SE 17th St Unit#306C","Village At Harbor Beach Village At Harbor Beach","","$199,000","","1","1","0","630","Condo","1967","0","","No","",""
"2501","A11705585","C","3260","2670 E Sunrise Blvd Unit#315","GALLERY ONE CONDO GALLERY ONE CONDO","","$199,000","","1","1","0","¤586","Condo","1988","0","","No","",""
"2501","A11615385","C","3260","2670 E Sunrise Blvd Unit#715","GALLERY ONE CONDO GALLERY ONE CONDO","","$199,000","","1","1","0","¤586","Condo","1988","1","","Yes","",""
"2501","A11517042","C","3260","2670 E Sunrise Blvd Unit#328","GALLERY ONE CONDO GALLERY ONE CONDO","","$199,000","","1","1","0","¤585","Condo","1988","0","","Yes","",""
"2501","F10543259","C","3270","609 NE 13th Avenue Unit#303","PARK PLACE PARK PLACE","","$199,000","","1","1","0","580","Condo","1974","0","","No","",""
"2501","A11908654","C","3270","2400 NE 9th St Unit#104","OCEAN SUNRISE CO-OP Ocean Sunrise","","$199,000","","2","2","","¤650","Co-Op","1974","1","","No","",""
"2501","A11771906","C","3600","1001 SE 14th Pl Unit#2A","CLIFF LAKE VILLAS CO-OP Cliff Lakes Villas","","$199,000","","1","1","0","¤600","Co-Op","1958","0","","No","",""
"2501","F10459420","C","3370","3040 NE 16th Ave Unit#104","River Shores Condo River Shores Condo","","$198,900","","1","1","0","600","Condo","1963","0","","Yes","",""
"2501","F10438083","C","3260","2670 E Sunrise Blvd Unit#1121","Gallery One Gallery One","","$198,426","","1","1","0","548","Hotel","1988","0","","No","",""
"2501","A11829837","C","3260","2400 NE 9th St Unit#201","OCEAN SUNRISE CO-OP OCEAN SUNRISE","","$196,500","","2","1","0","¤650","Condo","1974","0","","No","",""
"2501","F10478841","C","3170","2420 SE 17th Causeway Unit#202C","VILLAGE OF HARBOR BEACH VILLAGE OF HARBOR BEACH","","$195,000","","1","1","0","630","Condo","1969","0","","No","",""
"2501","A11674773","C","3270","900 NE 18th Ave Unit#1103","VICTORIA PARK TOWER CONDO VICTORIA PARK TOWER","","$195,000","","1","1","0","¤690","Condo","1970","0","","No","",""
"2501","F10552555","C","3370","1920 NE 1st Terrace Unit#107h","Manor Grove Village Two Manor Grove Village Two","","$195,000","","1","1","0","750","Condo","1971","","","No","","0"
"2501","A11833555","C","3380","1348 Holly Heights Dr Unit#17","ASOKA CONDO Asoka Condominiums","","$195,000","","1","1","0","¤530","Condo","1966","0","","No","",""
"2501","F10543050","C","3370","1800 N Andrews Avenue Unit#3K","Drake Tower Drake Tower","","$194,999","","1","1","1","850","Condo","1975","0","","","",""
"2501","A11447630","C","3260","2624 NE 30th Pl Unit#101B","SUTTON PLACE CONDO SUTTON PLACE CONDO","","$194,900","","1","1","0","¤567","Condo","1973","1","","No","",""
"2501","F10541791","C","3400","1632 NW 9th Ave","Progresso 2-18 D ","","$193,000","","2","1","0","1,128","Single","1955","0","No","No","","6,747"
"2501","A11997036","C","3560","1100 NE 9th Ave Unit#105","SOUTHDALE CONDO SOUTHDALE CONDO","","$192,000","","1","1","0","¤600","Condo","1972","0","","No","",""
"2501","A11947189","C","3400","1218 NW 15th St","LAUDERDALE VILLAS ","","$190,000","","3","2","0","¤1,116","Single","1953","0","No","No","Detached","¤8,925"
"2501","F10483176","C","3490","2550 SW 18th Terrace Unit#2105","Marina Oaks Marina Oaks","","$190,000","","1","1","0","632","Condo","1987","0","","No","",""
"2501","F10506373","C","3600","1055 SE 15th St Unit#14C","Cliff Lake Villas Cliff Lake Villas","","$190,000","","1","1","0","600","Co-Op","1958","0","","No","",""
"2501","R11022472","C","3600","1777 SE 15th Street Unit#105","CROMWELL EAST CONDO ","","$190,000","","1","1","0","724","Condo","1974","0","No","Yes","",""
"2501","A11799035","C","3260","2624 NE 30th Pl Unit#101B","SUTTON PLACE CONDO Sutton Place","","$189,990","","1","1","0","¤567","Condo","1957","0","","No","",""
"2501","F10537387","C","3370","1901 N Andrews Ave Unit#214","The Woods The Woods","","$189,900","","1","1","0","685","Condo","1980","0","","Yes","",""
"2501","A11770118","C","3390","701 NW 19th St Unit#300","TENNIS CLUB II COURTS CON Tennis Club II","","$189,900","","2","2","0","¤968","Condo","1986","0","","No","",""
"2501","F10517922","C","3170","2424 SE 17th St Unit#209","VILLAGE AT HARBOR BEACH VILLAGE AT HARBOR BEACH","","$189,000","","1","1","0","685","Condo","1969","0","","No","",""
"2501","F10545595","C","3370","1920 NE 1st Terrace Unit#109H","Manor Grove Village Two Manor Grove Village Two","","$189,000","","1","1","0","750","Condo","1971","0","","No","",""
"2501","F10497929","C","3370","736 NE 13th Ct Unit#19","VILLA SUN RAY CONDO VILLA SUN RAY CONDO","","$189,000","","1","1","0","539","Condo","1966","0","","No","",""
"2501","A11917213","C","3600","1025 SE 15th St Unit#9C","CLIFF LAKE VILLAS CO-OP CLIFF LAKE VILLAS CO-OP","","$189,000","","1","1","0","¤600","Co-Op","1958","0","","No","",""
"2501","A11662204","C","3390","1303 NW 8th Ave","PROGRESSO N/a","","$185,999","","2","1","","¤800","Townhouse","1986","0","","No","",""
"2501","A11672382","C","3100","12 NE 19th Ct Unit#206A","MANOR GROVE VILLAGE ONE I MANOR GROVE VILLAGE 1","","$185,000","","1","1","0","¤750","Condo","1970","0","","No","",""
"2501","A11705641","C","3260","2400 NE 9th St Unit#603","OCEAN SUNRISE CO-OP Ocean Sunrise","","$185,000","","2","1","0","¤650","Co-Op","1974","0","","No","",""
"2501","F10479005","C","3370","305 NE 16th St Unit#C8","PALMA VISTA PALMA VISTA","","$185,000","","2","1","0","800","Condo","1970","0","","No","",""
"2501","F10455358","C","3370","1950 N Andrews Ave Unit#111D","Manor Grove 1 Manor Grove 1","","$182,000","","1","1","0","750","Condo","1970","0","","No","",""
"2501","F10469081","C","3260","2670 E Sunrise Blvd Unit#1115","Gallery One Gallery One","","$180,000","","1","1","0","586","Condo","1988","0","","Yes","",""
"2501","A11843597","C","3270","1900 NE 8th Ct Unit#308","GATEWAY ARMS CONDO Gateway Arms Condo","","$180,000","","1","1","0","¤600","Condo","1966","0","","No","",""
"2501","F10488084","C","3370","2741 NE 8th Avenue Unit#15","Wilton Commons Wilton Commons","","$180,000","","2","1","0","600","Condo","1970","0","","No","",""
"2501","A11692795","C","3260","2670 E Sunrise Blvd Unit#828","GALLERY ONE CONDO Gallery One","","$179,000","","1","1","0","¤585","Condo","1988","1","","Yes","",""
"2501","F10466289","C","3260","2670 E Sunrise Blvd Unit#615","GALLERY ONE CONDO GALLERY ONE CONDO","","$179,000","","1","1","0","586","Condo","1988","0","","No","",""
"2501","A11579137","C","3260","2670 E Sunrise Blvd Unit#315","GALLERY ONE CONDO GALLERY ONE CONDO","","$179,000","","1","1","0","¤586","Condo","1988","0","","Yes","",""
"2501","A11449431","C","3260","2670 E Sunrise Blvd Unit#615","GALLERY ONE GALLERY ONE","","$179,000","","1","1","0","¤586","Condo","1988","0","","Yes","",""
"2501","A11757361","C","3270","900 NE 18th Ave Unit#1004","VICTORIA PARK TOWER CONDO VICTORIA PARK TOWER CONDO","","$179,000","","1","1","0","¤690","Condo","1970","1","","No","",""
"2501","F10482990","C","3390","701 NW 19th St Unit#206","Tennis Club II Tennis Club II","","$179,000","","2","1","0","690","Condo","1986","0","","No","",""
"2501","F10506739","C","3600","1005 SE 15th St Unit#5D","Cliff Lake Villas Cliff Lake Villas","","$179,000","","2","1","0","800","Co-Op","1958","0","","No","",""
"2501","A11987556","C","3170","900 NE 18th Ave Unit#1004","VICTORIA PARK TOWER CONDO VICTORIA PARK CONDO","","$175,000","","1","1","0","¤690","Condo","1970","1","","No","",""
"2501","A11947308","C","3260","2670 E Sunrise Blvd Unit#715","GALLERY ONE CONDO GALLERY ONE CONDO","","$175,000","","1","1","0","¤586","Condo","1988","1","","Yes","",""
"2501","A11990494","C","3270","924 NE 17th Ter Unit#1","17TH TERRACE CONDOMINIUM 17TH TERRACE CONDOMINIUM","","$175,000","","1","1","0","¤433","Condo","1966","0","","No","",""
"2501","R11016585","C","3370","3040 NE 16th Avenue Unit#205","RIVER SHORES CONDO ","","$175,000","","1","1","0","600","Condo","1963","0","No","No","",""
"2501","A11759738","C","3600","1440 SE 10th Ave Unit#1A","CLIFF LAKE VILLAS CO-OP Cliff Lake Villas","","$175,000","","1","1","0","¤600","Co-Op","1958","0","","No","",""
"2501","R11056564","C","3170","2424 SE 17th Street Unit#B103","VILLAGE AT HARBOR BEACH ","","$174,000","","1","1","0","685","Condo","1967","0","No","No","","365"
"2501","F10485463","C","3370","728 NE 13th Ct Unit#13","Villa Sun Ray Villa Sun Ray","","$173,000","","0","1","0","366","Condo","1965","2","","No","",""
"2501","F10555057","C","3600","1005 SE 15th Street Unit#5D","CLIFF LAKE VILLAS CLIFF LAKE VILLAS","","$173,000","","2","1","0","800","Co-Op","1958","0","","No","",""
"2501","A11828849","C","3270","900 NE 18th Ave Unit#304","VICTORIA PARK TOWER CONDO VICTORIA PARK TOWER","","$170,000","","1","1","0","¤690","Condo","1970","0","","No","",""
"2501","F10487954","C","3270","900 NE 18th Ave Unit#1004","Victoria Park Tower Victoria Park Tower","","$170,000","","1","1","0","690","Condo","1970","0","","No","",""
"2501","F10438242","C","3390","701 NW 19th St Unit#510","TENNIS CLUB II TENNIS CLUB II","","$169,999","","1","1","0","682","Condo","1986","0","","No","",""
"2501","F10450074","C","3260","2670 E Sunrise Blvd Unit#1421","GALLERY ONE GALLERY ONE","","$169,900","","1","1","0","548","Condo","1988","1","","Yes","",""
"2501","A11485877","C","3260","2670 E Sunrise Blvd Unit#302","GALLERY ONE CONDO GALLERY ONE","","$169,000","","1","1","0","¤470","Condo","1988","0","","Yes","",""
"2501","R11063144","C","3380","1100 NE 9th Avenue Unit#307","Southdale Condo ","","$169,000","","1","1","0","680","Condo","1972","0","No","No","",""
"2501","A12013568","C","3260","2665 Middle River Dr Unit#1","PARK RIDGE APTS CONDO Park Ridge","","$168,000","","1","1","0","¤686","Condo","1965","0","","No","",""
"2501","A11782310","C","3070","9 NE 19th Ct Unit#104C","MANOR GROVE VILLAGE ONE I Manor Grove","","$165,000","","1","1","0","¤750","Condo","1970","1","","No","",""
"2501","A11923853","C","3370","1470 N Dixie Hwy Unit#42","WISTERIA COURT CONDO WISTERIA COURT CONDO","","$165,000","","1","1","0","¤576","Condo","2007","1","","No","",""
"2501","F10548242","C","3390","610 Tennis Club Drive Unit#406","LAUDERDALE TENNIS CLUB LAUDERDALE TENNIS CLUB","","$165,000","","1","1","1","702","Condo","1971","0","","","",""
"2501","A11929865","C","3400","1131 NW 18th Ave","LAUDERDALE MANORS AMD PLA ","","$165,000","","3","2","0","¤977","Single","1955","0","No","No","Detached","¤12,383"
"2501","A11803517","C","3750","1100 NE 9th Ave","SOUTHDALE CONDO ","","$165,000","","1","1","0","¤680","Single","1972","1","Yes","No","Attached",""
"2501","A11709409","C","3390","1152 NW 30th Ct Unit#111","WILTON SHORES EAST CONDO WILTON SHORES EAST","","$160,000","","2","1","0","¤925","Condo","1964","0","","Yes","",""
"2501","A11882051","C","3370","728 NE 13th Ct Unit#11","VILLA SUN RAY CONDO Villa Sun Ray","","$159,990","","1","1","0","429","Condo","1966","0","","No","",""
"2501","A11631036","C","3260","2670 E Sunrise Blvd Unit#507","GALLERY ONE CONDO GALLERIA ONE","","$159,900","","1","1","0","¤548","Condo","1988","1","","Yes","",""
"2501","R11048938","C","3390","1152 NW 30th Court Unit#212","WILTON SHORES EAST CONDO ","","$159,900","","2","1","0","925","Condo","1964","0","No","Yes","",""
"2501","A12011772","C","3010","3000 NE 16th Ave Unit#405","RIVER SHORES CONDO River Shores","","$155,000","","1","1","0","¤600","Condo","1965","1","","Yes","",""
"2501","A11966978","C","3270","2670 E Sunrise Blvd","GALLERY ONE CONDO ","","$153,499","","1","1","0","¤586","Single","2006","1","Yes","Yes","Detached",""
"2501","R10999623","C","3270","900 NE 18th Avenue Unit#402","VICTORIA PARK TOWER CONDO ","","$150,000","","1","1","0","690","Condo","1969","0","No","No","High Rise",""
"2501","F10475774","C","3280","100 N Federal Hwy Unit#838","WAVERLY AT LAS OLAS WAVERLY AT LAS OLAS","","$150,000","","1","1","0","835","Condo","2005","0","","No","",""
"2501","F10537286","C","3260","2555 NE 11th Street Unit#804","HORIZON HOUSE HORIZON HOUSE","","$149,900","","1","1","0","710","Condo","1965","","","No","","0"
"2501","A11895056","C","3370","124 NE 19th Ct Unit#110B","MANOR GROVE VILLAGE ONE I MANOR GROVE VILLAGE ONE I","","$149,900","","1","1","0","¤750","Condo","1970","0","","Yes","",""
"2501","A11695233","C","3390","1125 NW 30th Ct Unit#10","WILTON TERRACE CONDO WILTON TERRACE CONDO","","$149,900","","1","1","0","¤670","Condo","1964","0","","No","",""
"2501","A11751407","C","3260","2670 E Sunrise Blvd Unit#430","GALLERY ONE CONDO Gallery One","","$149,500","","1","1","0","¤548","Condo","1988","1","","Yes","",""
"2501","F10513993","C","3260","2670 E Sunrise Boulevard Unit#430","Gallery One Gallery One","","$149,000","","1","1","0","548","Condo","1988","1","","Yes","",""
"2501","R11063223","C","3380","1100 NE 9 Avenue Unit#103","Southdale Condo ","","$149,000","","1","1","0","540","Condo","1972","0","No","No","",""
"2501","R11120805","C","3260","2670 E Sunrise Boulevard Unit#520","GALLERY ONE CONDO ","","$145,000","","1","1","0","554","Condo","1988","1","No","Yes","",""
"2501","A11835560","C","3370","124 NE 19th Ct Unit#206B","MANOR GROVE VILLAGE ONE I Manor Grove","","$145,000","","1","1","0","¤750","Condo","1970","0","","No","",""
"2501","A11656594","C","3260","2670 E Sunrise Blvd Unit#1420","GALLERY ONE CONDO Gallery One Hotel Condo","","$140,000","","1","1","0","¤554","Condo","1988","0","","Yes","",""
"2501","A11742345","C","3390","1125 NW 30th Ct Unit#10","WILTON TERRACE CONDO WILTON TERRACE CONDO","","$139,900","","1","1","0","¤670","Condo","1964","0","","No","",""
"2501","F10468721","C","3370","9 NE 19th Ct Unit#206C","MANOR GROVE VILLAGE ONE MANOR GROVE VILLAGE ONE","","$135,000","","1","1","0","750","Condo","1970","0","","No","",""
"2501","F10516620","C","3660","3321 NW 47 Unit#232","Cypress  Chase  North Cypress  Chase  North","","$134,900","","2","2","0","1,002","Condo","1981","1","","No","",""
"2501","A11748540","C","3560","1610 NW 16th Ct","LAUDERDALE MANORS AMEND P ","","$130,000","","3","1","0","¤912","Single","1953","0","No","No","Detached","¤7,304"
"2501","F10479782","C","3370","124 NE 19th Ct Unit#214B","Manor Grove Village One Manor Grove Village One","","$125,000","","1","1","0","750","Condo","1970","0","","No","",""
"2501","F10495508","C","3260","2670 E Sunrise Blvd Unit#1211","Gallery One Condo Gallery One Condo","","$119,900","","1","1","0","341","Condo","1988","0","","No","",""
"2501","F10495506","C","3260","2670 E Sunrise Blvd Unit#1011","Gallery One Condo Gallery One Condo","","$119,900","","1","1","0","341","Condo","1988","0","","No","",""
"2501","A11760292","C","3390","1125 NW 30th Ct Unit#10","WILTON TERRACE CONDO WILTON TERRACE CONDO","","$104,900","","1","1","0","¤670","Condo","1964","0","","No","",""
"2501","A11766974","C","3370","124 Almar Dr","ALMAR ESTATES RESUB ","","$100,000","","2","1","0","¤1,504","Single","1956","2","No","No","Detached","¤7,146"
"2501","F10468571","C","3010","321 San Marco Dr","Coral Isles 15-60 B ","","$32,000","","3","2","2","5,744","Single","1958","2","Yes","Yes","","11,000"
"2501","A12039075","C","3260","1309 Middle River Dr","BEACH WAY HEIGHTS UNIT ","","$26,000","","7","7","1","¤5,807","Single","2001","3","Yes","Yes","Detached","¤14,250"
"2501","A11703513","C","3480","621 SW 15th St Unit#621","ESMONDA GARDENS The Oaks","","$10,000","","4","4","1","3,500","Townhouse","2023","2","","No","",""
"2501","A11868809","C","3270","613 NE 17th Ter","VICTORIA PARK CORR AMEN P ","","$5,500","","3","2","0","¤1,520","Single","1951","0","No","No","Detached","¤6,250"
"2501","A11833650","C","3500","610 W Las Olas Blvd Unit#1912N","SYMPHONY NORTH CONDO The Symphony","","$4,500","","3","2","0","¤1,811","Condo","2005","2","","No","",""
"2501","R11043135","C","3170","2100 S Ocean Lane Unit#1704","POINT OF AMERICAS CONDO ","","$4,000","","1","1","1","1,109","Condo","1969","1","Yes","Yes","High Rise",""
"2501","A11751446","C","3270","110 N Federal Hwy Unit#1408","WAVERLY AT LAS OLAS CONDO WAVERLY AT LAS OLAS CONDO","","$3,200","","2","2","0","¤1,219","Condo","2005","2","","Yes","",""
"2501","F10495950","C","3280","347 N New River Dr Unit#1807","Watergarden Watergarden","","$3,200","","1","1","0","820","Condo","2004","1","","Yes","",""
"2501","A11736334","C","3020","1224 NW 3rd Ave","PROGRESSO ","","$3,000","","3","1","","¤2,283","Single","1952","0","No","No","Attached","¤10,125"
"2501","A11630771","C","3490","523 SW 19th Ter","RIVERSIDE NO 2 The Edge of 20th","","$3,000","","3","2","1","¤1,328","Townhouse","2021","1","","No","",""
"2501","A11976200","C","3370","30 NE 26th St","WILTON MANORS ","","$2,900","","3","1","0","¤1,062","Single","1952","0","No","No","Detached","¤6,245"
"2501","B26013345","C","3810","401 NW 1st Avenue Unit#303","NORTH LAUDERDALE AMEN PLA ","","$2,900","","1","1","0","774","Condo","2022","1","Yes","No","","0"
"2501","A11864115","C","3190","808 SW 15th Ave","RIVERSIDE ADD AMEN PLAT ","","$2,895","","3","2","","¤1,020","Single","1957","3","No","No","Attached","¤6,000"
"2501","A11807854","C","3570","907 SW 15th Ter","RIVERSIDE NO 3 ","","$2,700","","2","1","","¤1,695","Single","1960","0","No","No","Attached","¤7,057"
"2501","A11701095","C","3390","1324 NW 3rd Ave","PROGRESSO ","","$2,650","","2","1","0","¤953","Single","1952","0","No","No","Attached","¤6,750"
"2501","B26024184","C","3470","1121 SW 15th Avenue","RIVERSIDE NO 3 ","","$2,500","","0","1","0","1,685","Single","1949","5","No","No","Garden Apartment","6,000"
"2501","B26043122","C","3260","915 Intracoastal Drive Unit#6","SUNRISE VILLA CO-OP ","","$2,050","","1","1","0","680","Co-Op","1961","","No","No","Other",""
"2501","F10491273","C","3370","2970 NE 16th Ave Unit#408","River Shores Condo River Shores Condo","","$2,000","","1","1","0","600","Condo","1965","0","","Yes","",""
"2501","F10485769","C","3380","1133 NE 16th Pl","Wayside Park 14-54 B ","","$1,950","","1","1","0","600","Single","1948","1","No","No","",""
