"","MLS # Link","St","Area","Address","Subdivision/Complex","","List Price","Sale Price","#Beds","#FBaths","#HBaths","SqFt LA","Type of Property","Year Built","#Garage Spaces","Pool YN","Waterfront Property (Y/N)","Design","Lot SqFt"
"1","F10471554","CS","3170","5 Harborage Isle","Harborage Isle ","","$70,000,000","$70,000,000","6","6","5","20,000","Single","2008","7","Yes","Yes","","117,627"
"1","F10537867","CS","3170","2406 Laguna Dr","Laguna Isle 40-1 B ","","$36,250,000","$26,000,000","3","4","7","10,646","Single","2021","4","Yes","Yes","","14,982"
"1","A11983395","CS","3170","84 Isla Bahia Dr","ISLA BAHIA ","","$34,950,000","$34,000,000","6","8","1","¤11,714","Single","2021","4","Yes","Yes","Detached","¤22,809"
"1","F10366608","CS","3280","2626 Delmar Pl","Gould Island 15-62 B ","","$31,500,000","$27,800,000","10","13","1","13,567","Single","2023","4","Yes","Yes","","24,497"
"1","F10397739","CS","3280","2724 Sea Island Dr","Seven Isles ","","$29,995,000","$22,350,000","6","7","1","8,114","Single","2002","6","Yes","Yes","","27,672"
"1","F10527338","CS","3280","529 Bontona Ave","Venice Resub Of Blks 5 & ","","$27,500,000","$23,955,000","6","9","1","10,259","Single","2015","8","Yes","Yes","","37,021"
"1","F10463177","CS","3280","600 5th Key Dr","SUNRISE KEY ","","$25,300,000","$22,350,000","6","7","2","0","Single","2022","8","Yes","Yes","","13,997"
"1","A11702343","CS","3280","2300 Aqua Vista Blvd","MERRITT ISLE ","","$25,000,000","$19,500,000","7","7","1","¤8,132","Single","1981","3","Yes","Yes","Detached","¤49,581"
"1","F10426539","CS","3280","2 PELICAN DR","PELICAN ISLE 21-19 B ","","$25,000,000","$21,500,000","6","7","1","10,216","Single","1998","6","Yes","Yes","","26,907"
"1","F10527794","CS","3280","632 2nd Key Drive","SUNRISE KEY ","","$22,500,000","$21,750,000","8","8","2","8,962","Single","2019","8","Yes","Yes","","28,135"
"1","F10459318","CS","3280","2519 Aqua Vista Blvd","Sea Island ","","$22,500,000","$19,000,000","8","7","2","8,060","Single","2005","4","Yes","Yes","","12,001"
"1","F10378016","CS","3170","2572 Mercedes Drive","HARBOR BEACH ","","$19,995,000","$17,000,000","6","6","2","7,595","Single","2023","4","Yes","Yes","","14,890"
"1","A11568061","CS","3280","2509 Aqua Vista Blvd","LAUDERDALE ISLES RE-AMEND ","","$17,875,000","$13,776,000","8","10","6","¤12,262","Single","2004","6","Yes","Yes","Attached","¤24,056"
"1","F10528177","CS","3260","2880 NE 28th Street","CORAL RIDGE GALT ADD 1 ","","$16,110,000","$13,900,000","6","8","0","8,315","Single","2025","4","Yes","Yes","","15,098"
"1","F10484180","CS","3280","725 SE POINCIANA DR","Idlewyld ","","$16,000,000","$14,000,000","6","6","2","6,700","Single","2025","10","Yes","Yes","","15,000"
"1","F10521563","CS","3280","1 Royal Palm Dr","Nurmi Isles Island 1 ","","$15,995,000","$14,250,000","5","5","2","5,715","Single","2017","4","Yes","Yes","","16,457"
"1","F10532625","CS","3280","408 Coral Way","Coral Isles 15-47 B ","","$14,500,000","$13,700,000","5","7","1","8,000","Single","2025","4","Yes","Yes","","10,500"
"1","F10548567","CS","3600","1761 SE 7th Street","RIO VISTA ISLES ","","$14,500,000","$13,430,000","4","4","2","5,872","Single","2010","3","Yes","Yes","","12,528"
"1","A11886935","CS","3280","821 Solar Isle Dr","RIVIERA ","","$14,495,000","$14,400,000","6","6","3","¤8,936","Single","2012","3","Yes","Yes","Detached","¤15,865"
"1","B26011632","CS","3170","3 Isla Bahia Drive","HARBOR BEACH ","","$14,000,000","$9,286,200","5","4","3","6,686","Single","1975","2","Yes","Yes","Substantially Remodeled","14,091"
"1","F10455688","CS","3170","38 Isla Bahia Dr","ISLA BAHIA ","","$13,500,000","$12,250,000","6","7","2","8,130","Single","2013","3","Yes","Yes","","13,000"
"1","A11808135","CS","3170","2519 Lucille Dr","LUCILLE ISLAND ","","$12,995,000","$9,250,000","6","6","2","","Single","2020","3","Yes","Yes","Detached","¤11,875"
"1","F10542832","CS","3280","100 Royal Palm Drive","Nurmi Isles Island 1 ","","$12,995,000","$12,000,000","6","6","2","7,032","Single","2025","6","Yes","Yes","","12,000"
"1","A11685125","CS","3280","41 Nurmi Dr","NURMI ISLES ISLAND NO 2 ","","$12,900,000","$12,200,000","6","7","1","7,050","Single","2024","0","Yes","Yes","Detached","¤12,000"
"1","F10478194","CS","3170","2530 Laguna Dr","Harbor Beach ","","$12,500,000","$11,600,000","6","7","1","8,531","Single","2002","3","Yes","Yes","","14,003"
"1","A11886671","CS","3600","1015 N Rio Vista Blvd","RIO VISTA C J HECTORS RES ","","$12,495,000","$11,282,000","4","4","1","¤6,823","Single","2014","2","Yes","Yes","Detached","¤22,786"
"1","A11930581","CS","3280","630 Isle Of Palms Dr","STILWELL ISLES ISLES OF P ","","$11,995,000","$10,729,500","7","7","1","¤7,050","Single","2026","3","Yes","Yes","Detached","¤12,999"
"1","F10518138","CS","3170","1957 Harbourview Drive","HARBOUR HEIGHTS ADD ","","$11,900,000","$10,700,000","5","6","2","6,456","Single","2006","3","Yes","Yes","","9,375"
"1","F10448030","CS","3260","520 Intracoastal Drive","Sunrise 28-42 B ","","$11,450,000","$9,250,000","4","5","2","5,594","Single","2018","4","Yes","Yes","",""
"1","F10470598","CS","3280","1110 SE 4th St","HIMMARSHEE PARK ","","$11,450,000","$10,325,000","5","5","2","6,244","Single","2017","3","Yes","Yes","","17,763"
"1","A11902087","CS","3280","2605 Castilla Isle","LAUDERDALE SHORES REAMEN ","","$10,995,000","$9,950,000","7","5","1","6,000","Single","2025","3","Yes","Yes","Attached","¤11,800"
"1","F10525923","CS","3280","2405 Castilla Isle","Lauderdale Shores Reamen ","","$10,975,000","$10,250,000","7","8","0","6,514","Single","2025","4","Yes","Yes","","11,800"
"1","A11771557","CS","3280","621 Riviera Isle Dr","RIVIERA ","","$10,900,000","$9,700,000","5","6","1","¤6,619","Single","2022","3","Yes","Yes","Detached","¤12,500"
"1","R11140043","CS","3480","1600 SW 15th Avenue","NEW RIVER BANKS ","","$10,900,000","$10,900,000","1","1","1","1,736","Single","2017","0","Yes","Yes","",""
"1","F10529403","CS","3260","2733 NE 16th Street","CORAL RIDGE ","","$10,500,000","$10,000,000","5","6","1","7,545","Single","2026","3","Yes","Yes","","12,500"
"1","F10490663","CS","3600","1733 SE 10th Street","Rio Vista Isles ","","$10,500,000","$9,900,000","5","6","1","5,760","Single","2011","3","Yes","Yes","","13,625"
"1","F10464571","CS","3600","1739 SE 11th St","Rio Vista Isles ","","$10,000,000","$10,000,000","7","6","1","8,424","Single","2016","6","Yes","Yes","","14,875"
"1","F10504117","CS","3160","525 Fort Lauderdale Beach Boulevard Unit#1902","Four Seasons Four Seasons","","$9,995,000","$9,300,000","6","6","1","4,516","Condo","2024","3","No","Yes","","0"
"1","F10464735","CS","3160","525 N Ft Lauderdale Beach Blvd Unit#1901","Four Seasons Four Seasons","","$9,995,000","$7,800,000","5","6","1","3,892","Condo","2023","3","","Yes","",""
"1","F10532872","CS","3260","1336 Seminole Drive","BEACH WAY HEIGHTS UNIT ","","$9,995,000","$9,200,000","5","7","1","6,861","Single","2019","3","Yes","Yes","","11,882"
"1","F10469972","CS","3280","31 Pelican Dr","SEVEN ISLES ","","$9,995,000","$9,500,000","7","7","1","6,473","Single","2020","3","Yes","Yes","","13,012"
"1","A11609360","CS","3280","628 Coral Way","CORAL ISLES ","","$9,995,000","$7,699,184","6","7","1","","Single","2004","5","Yes","Yes","Detached","¤15,750"
"1","F10391569","CS","3280","2328 Aqua Vista Blvd","LAUDERDALE ISLE AMEN PLAT ","","$9,995,000","$9,200,000","9","11","2","10,760","Single","2008","3","Yes","Yes","",""
"1","F10515495","CS","3600","1791 SE 10th Street","Rio Vista Isles ","","$9,900,000","$8,150,000","3","4","0","2,697","Single","1940","0","Yes","Yes","","12,500"
"1","F10440675","CS","3280","400 Mola Ave","Venice 6-4 B ","","$9,800,000","$8,633,000","6","6","1","6,036","Single","2022","3","Yes","Yes","","16,993"
"1","F10485087","CS","3280","144 Fiesta Way","Nurmi Isles Island 3 ","","$9,750,000","$9,250,000","5","5","2","6,200","Single","2025","4","Yes","Yes","","10,200"
"1","A11650463","CS","3280","2533 Aqua Vista Blvd","SEA ISLAND ","","$9,750,000","$8,200,000","5","5","1","¤4,661","Single","1992","2","Yes","Yes","Detached","¤10,182"
"1","F10513067","CS","3160","525 Fort Lauderdale Beach Blvd Unit#1701","Four Seasons Four Seasons","","$9,499,000","$8,126,000","4","4","1","3,358","Condo","2022","2","","No","",""
"1","F10352878","CS","3160","525 N Ft Lauderdale Beach Blvd Unit#2001","Four Seasons Four Seasons","","$9,499,000","$8,200,000","4","5","1","3,850","Condo","2022","3","","Yes","",""
"1","F10486436","CS","3280","130 Nurmi Dr","Las Olas Isles ","","$8,995,000","$8,500,000","5","6","3","6,992","Single","2021","3","Yes","Yes","","12,000"
"1","F10430641","CS","3280","615 Royal Plaza Dr","Stilwell Isles 15-26 B ","","$8,995,000","$7,900,000","6","7","1","6,600","Single","2015","4","Yes","Yes","","12,000"
"1","F10394222","CS","3280","2506 Sea Island Drive","Seven Isles ","","$8,950,000","$5,700,000","5","5","2","6,155","Single","2024","4","Yes","Yes","","10,022"
"1","F10403191","CS","3170","2521 Mercedes Dr","HARBOR BEACH ","","$8,945,000","$7,550,000","7","7","1","7,484","Single","2008","3","Yes","Yes","","13,000"
"1","A11916944","CS","3280","700 Coral Way","CORAL ISLES ","","$8,900,000","$7,250,000","4","5","1","¤4,650","Single","1964","3","Yes","Yes","Detached","¤18,744"
"1","F10519877","CS","3260","797 Middle River Drive","SUNRISE INTRACOASTAL ","","$8,750,000","$7,600,000","5","5","2","6,994","Single","2018","5","Yes","Yes","","17,195"
"1","A11635569","CS","3280","441 San Marco Dr","CORAL ISLES ","","$8,500,000","$8,100,000","7","7","2","¤5,692","Single","2019","3","Yes","Yes","Detached","¤11,000"
"1","F10478261","CS","3260","2817 NE 25th Street","Coral Ridge Galt Add 27-4 ","","$8,400,000","$7,840,000","5","5","2","6,600","Single","2025","3","Yes","Yes","","10,000"
"1","F10506346","CS","3260","2849 NE 29th St","Coral Ridge Galt Add 1 ","","$8,395,000","$7,900,000","5","7","1","6,436","Single","2025","3","Yes","Yes","","10,004"
"1","F10544611","CS","3260","2898 NE 26th Street","CORAL RIDGE ","","$8,300,000","$7,250,000","5","5","1","4,690","Single","2009","2","Yes","Yes","","11,515"
"1","F10464865","CS","3260","639 Middle River Dr","Sunrise Intracoastal ","","$8,000,000","$7,200,000","6","6","0","5,990","Single","2010","3","Yes","Yes","","14,351"
"1","R10962225","CS","3280","724 SE 25th Avenue","RIVIERA ","","$7,999,900","$7,500,000","5","5","1","4,451","Single","2023","2","Yes","Yes","","12,500"
"1","F10529932","CS","3160","3031 NE 23rd Ct","Lauderdale Beach Ext ","","$7,995,000","$7,900,000","6","6","1","7,602","Single","1998","3","Yes","Yes","","10,434"
"1","F10492156","CS","3280","2707 Sea Island Dr","Seven Isles ","","$7,995,000","$6,988,000","5","6","1","6,306","Single","2019","2","Yes","Yes","","10,021"
"1","F10460937","CS","3280","2312 Barcelona Dr","Seven Isles ","","$7,950,000","$7,160,000","5","5","1","5,699","Single","2017","3","Yes","Yes","","10,400"
"1","R10972311","CS","3280","633 Coral Way","CORAL ISLES ","","$7,950,000","$7,250,000","6","7","2","6,464","Single","2020","3","Yes","Yes","","10,500"
"1","A11726553","CS","3280","76 Royal Palm Dr","NURMI ISLES ISLAND NO 1 ","","$7,900,000","$7,300,000","5","5","1","¤5,925","Single","2003","4","Yes","Yes","Attached","¤12,000"
"1","F10483949","CS","3600","1737 SE 13 Street","Lauderdale Harbors ","","$7,900,000","$7,050,000","5","5","1","5,254","Single","2018","2","Yes","Yes","","7,700"
"1","F10529025","CS","3280","169 Fiesta Way","NURMI ISLES ISLAND NO 3 ","","$7,750,000","$6,500,000","5","6","0","6,765","Single","2007","3","Yes","Yes","","10,200"
"1","R11150920","CS","3170","4 Isla Bahia Drive","ISLA BAHIA ","","$7,500,000","$7,800,000","5","4","1","5,287","Single","1997","2","Yes","Yes","","12,363"
"1","R11033132","CS","3280","724 Riviera Isle","RIVIERA ISLES ","","$7,500,000","$7,200,000","5","5","1","4,451","Single","2024","2","Yes","Yes","","12,500"
"1","F10529030","CS","3170","1626 E Lake Drive","HARBOR BEACH ","","$7,499,900","$7,135,000","5","6","2","5,550","Single","2025","3","Yes","No","","15,513"
"1","F10419748","CS","3260","2831 NE 26th Ct","Coral Ridge ","","$7,495,000","$6,800,000","5","7","1","5,939","Single","2022","3","Yes","Yes","","12,003"
"1","F10382060","CS","3260","2763 NE 17th St","Coral Ridge 21-50 B ","","$7,495,000","$6,900,000","3","3","1","5,298","Single","1953","2","Yes","Yes","","17,947"
"1","F10439025","CS","3600","1716 SE 9TH ST","RIO VISTA ISLES ","","$7,495,000","$6,950,000","6","5","1","6,186","Single","2005","5","Yes","Yes","","11,250"
"1","F10540398","CS","3280","2412 Delmar Place","Gould Island 15-62 B ","","$7,164,446","$7,164,446","5","7","0","4,758","Single","2025","3","Yes","Yes","","9,000"
"1","F10519263","CS","3600","1637 SE 14th Street","Lauderdale Harbors ","","$7,000,000","$6,350,000","7","6","2","5,765","Single","2024","2","Yes","Yes","","7,700"
"1","B26050095","CS","3280","432 Coconut Isle Drive","Venice 8-12 B ","","$6,999,999","$6,800,000","6","6","2","6,046","Single","2020","3","Yes","Yes","","9,375"
"1","A11566254","CS","3160","2920 N Atlantic Blvd","LAUDERDALE BEACH ","","$6,999,000","$6,500,000","4","3","1","¤2,750","Single","1951","2","No","Yes","Detached","¤9,360"
"1","A11811091","CS","3280","324 Coconut Isle Dr","VENICE ","","$6,995,000","$6,200,000","6","5","1","¤5,526","Single","2003","4","Yes","Yes","Attached","¤10,000"
"1","F10498710","CS","3280","1700 Brickell Dr","Colee Hammock 1-17 B ","","$6,995,000","$6,500,000","5","5","1","4,900","Single","2026","4","Yes","Yes","","20,391"
"1","F10456676","CS","3600","1617 SE 11th St","Rio Vista Isles ","","$6,750,000","$6,500,000","5","5","1","5,105","Single","2006","2","Yes","Yes","","9,375"
"1","A11925918","CS","3280","401 Bontona Ave","VENICE RESUB OF BLKS 5 & ","","$6,595,000","$6,300,000","5","5","2","6,026","Single","2025","2","Yes","Yes","Attached","¤9,488"
"1","F10434485","CS","3280","508 Isle Of Palms Dr","LAS OLAS ISLES ","","$6,595,000","$6,115,000","6","6","1","6,586","Single","2009","2","Yes","Yes","","12,999"
"1","F10469173","CS","3160","525 N Fort Lauderdale Beach Blvd Unit#1501","Four Seasons Four Seasons","","$6,500,000","$5,750,000","4","4","1","2,575","Condo","2022","2","","Yes","",""
"1","F10517335","CS","3260","2222 Intracoastal Dr","Coral Ridge North 28-37 B ","","$6,500,000","$5,500,000","4","4","2","5,422","Single","2020","4","Yes","Yes","","10,990"
"1","F10551762","CS","3600","1520 SE 10th Street","Rio Vista ","","$6,500,000","$6,325,000","6","6","1","4,633","Single","2006","2","Yes","Yes","","9,375"
"1","F10469263","CS","3160","2200 N Ocean Blvd Unit#S1501","Auberge Residences Auberge Residences","","$6,495,000","$6,495,000","4","4","0","3,500","Condo","2018","2","","Yes","",""
"1","F10456113","CS","3160","2504 N Atlantic Blvd","Lauderdale Beach 4-2 B ","","$6,495,000","$6,000,000","3","3","1","3,042","Single","1964","2","Yes","Yes","","7,033"
"1","F10551386","CS","3280","710 Isle Of Palms Drive","Stilwell Isles Isles Of P ","","$6,495,000","$6,495,000","6","5","1","5,567","Single","2009","3","Yes","Yes","","12,999"
"1","F10541785","CS","3280","2425 Delmar Place","GOULD ISLAND ","","$6,495,000","$5,975,000","5","4","1","4,714","Single","2020","2","Yes","Yes","","9,000"
"1","F10546512","CS","3260","2732 NE 16th Street","Coral Ridge 21-50 B ","","$6,449,500","$6,400,000","5","6","2","4,698","Single","2026","3","Yes","Yes","","12,500"
"1","F10493041","CS","3280","509 Coconut Isle Drive","Venice 8-12 B ","","$6,400,000","$5,450,000","5","6","1","4,380","Single","2020","2","Yes","Yes","","12,500"
"1","A11704775","CS","3260","2726 NE 17th St","CORAL RIDGE ","","$6,300,000","$5,350,000","5","5","0","¤5,184","Single","2006","3","Yes","Yes","Detached","¤12,500"
"1","F10466007","CS","3160","2200 N Ocean Blvd Unit#S501","Auberge Residences Auberge Residences","","$6,299,000","$5,600,000","4","5","0","3,500","Condo","2018","2","","Yes","",""
"1","F10527627","CS","3280","30 Fiesta Way","Nurmi Isles Island 3 ","","$6,250,000","$5,900,000","7","6","0","5,510","Single","2000","3","Yes","Yes","","10,200"
"1","F10451265","CS","3170","2542 Lucille Drive","Harbor Beach ","","$6,000,000","$5,700,000","4","4","0","3,267","Single","1957","2","Yes","Yes","","11,875"
"1","B26012646","CS","3280","620 Coral Way","CORAL ISLES ","","$5,999,995","$5,800,000","6","5","2","4,945","Single","2000","4","Yes","Yes","Substantially Remodeled","10,500"
"1","F10503542","CS","3160","1 N Fort Lauderdale Beach Boulevard Unit#2203","Ritz Carlton Ritz Carlton","","$5,995,000","$4,700,000","3","4","1","3,833","Condo","2008","2","","Yes","",""
"1","F10464736","CS","3260","1335 Seminole Dr","Beach Way Heights ","","$5,995,000","$5,633,000","5","6","1","6,627","Single","2001","3","Yes","Yes","","9,900"
"1","F10466780","CS","3280","701 Idlewyld Dr","Idlewyld ","","$5,995,000","$5,455,000","5","5","2","5,868","Single","1995","4","Yes","Yes","","9,518"
"1","F10464988","CS","3260","2110 Intracoastal Dr","Coral Ridge ","","$5,990,000","$4,654,917","4","3","0","4,908","Single","2009","2","Yes","Yes","","12,000"
"1","F10526830","CS","3160","2140 N Ocean Blvd Unit#V","THE PALMS TOWNHOUSES THE PALMS TOWNHOUSES","","$5,800,000","$4,800,000","3","6","0","4,180","Townhouse","1999","1","","Yes","",""
"1","F10542100","CS","3260","2717 NE 29th St","Coral Ridge ","","$5,800,000","$5,550,000","5","5","1","4,982","Single","2025","3","Yes","No","","10,001"
"1","F10537753","CS","3280","2221 SE 17 Street Unit#804","Pier Sixty-Six Pier Sixty-Six","","$5,800,000","$5,500,000","3","3","1","2,837","Condo","2025","2","","Yes","",""
"1","F10531841","CS","3160","2200 N Ocean Boulevard Unit#N1003","AUBERGE BEACH RESIDENCES AUBERGE BEACH RESIDENCES","","$5,750,000","$5,055,000","4","4","1","3,591","Condo","2018","2","Yes","Yes","","0"
"1","F10551857","CS","3260","920 Intracoastal Drive Unit#Ph1","AQUABLU AQUABLU","","$5,750,000","$5,400,000","3","3","1","4,295","Condo","2018","3","No","Yes","","0"
"1","A11764965","CS","3260","1328 Seminole Dr","BEACH WAY HEIGHTS UNIT ","","$5,750,000","$6,700,000","4","4","0","¤6,788","Single","1999","2","Yes","Yes","Detached","¤12,651"
"1","F10452357","CS","3170","321 N Birch Rd Unit#801","321 Water's Edge 321 Water's Edge","","$5,700,000","$5,700,000","3","3","1","3,811","Condo","2020","2","","Yes","",""
"1","F10501844","CS","3260","2746 NE 18th Street","Coral Ridge 21-50 B ","","$5,695,000","$5,250,000","5","5","1","4,935","Single","2019","3","Yes","Yes","","10,972"
"1","F10529298","CS","3280","519 ROYAL PLAZA DR","STILWELL ISLES 15-26 B ","","$5,695,000","$5,400,000","5","7","1","5,981","Single","2000","3","Yes","Yes","",""
"1","B26016103","CS","3600","1517 SE 12th Court","LAUDERDALE HARBORS SEC A R ","","$5,690,000","$5,600,000","5","5","0","4,782","Single","2021","3","Yes","Yes","","7,700"
"1","A11922281","CS","3280","2241 SE 17th St Unit#703","Azul Condominium Pier Sixty-Six","","$5,650,000","$4,900,000","3","3","1","","Condo","2025","2","","Yes","",""
"1","F10484560","CS","3170","2400 Inlet Drive","HARBOUR HEIGHTS ADD AMEN ","","$5,595,000","$5,000,000","3","3","2","2,756","Single","1968","2","Yes","Yes","","12,500"
"1","F10512239","CS","3280","15 PELICAN DR","Las Olas Isles ","","$5,595,000","$5,350,000","4","5","0","4,790","Single","1997","3","Yes","Yes","","13,012"
"1","F10481619","CS","3260","2210 Intracoastal Dr","Coral Ridge North 28-37 B ","","$5,500,000","$5,400,000","5","4","1","4,524","Single","2022","2","Yes","Yes","","12,000"
"1","F10551995","CS","3280","603 Solar Isle Drive","Riviera 6-17 B ","","$5,500,000","$5,400,000","4","4","1","4,307","Single","2016","2","Yes","Yes","","8,125"
"1","F10545720","CS","3280","166 Royal Palm Drive","NURMI ISLES ISLAND NO 1 ","","$5,500,000","$5,350,000","5","5","2","5,752","Single","1996","3","Yes","Yes","","12,000"
"1","F10486802","CS","3280","530 Lido Dr","CORAL ISLES ","","$5,500,000","$4,820,000","5","4","3","7,450","Single","1993","2","Yes","Yes","","12,075"
"1","F10484699","CS","3280","2323 Delmar Pl","Gould Island 15-62 B ","","$5,500,000","$5,275,000","6","5","0","4,322","Single","1988","2","Yes","Yes","","11,700"
"1","A11699866","CS","3280","2506 Aqua Vista Blvd","LAUDERDALE ISLES RE-AMEND ","","$5,500,000","$5,100,000","5","5","1","¤4,438","Single","1990","2","Yes","Yes","Attached","¤9,679"
"1","F10483517","CS","3280","18 Nurmi Dr","NURMI ISLES ISLAND NO 2 ","","$5,499,000","$5,325,000","4","4","1","3,529","Single","1962","2","Yes","Yes","","13,200"
"1","F10425907","CS","3280","703 Royal Plaza Dr","Stilwell Isles 15-26 B ","","$5,499,000","$5,200,000","5","5","0","4,245","Single","1951","2","Yes","Yes","","12,000"
"1","A11684482","CS","3280","34 Pelican Dr","PELICAN ISLE ","","$5,495,000","$4,850,000","4","4","0","¤3,817","Single","1991","3","Yes","Yes","Attached","¤13,012"
"1","F10479410","CS","3600","1713 SE 7th St","Rio Vista Isles ","","$5,495,000","$4,800,000","4","3","1","3,641","Single","2001","2","Yes","Yes","","8,166"
"1","F10533513","CS","3170","2520 Laguna Terrace","Harbor Beach ","","$5,490,000","$3,600,000","7","6","2","6,931","Single","1980","3","Yes","No","","23,414"
"1","A11944116","CS","3170","2200 S Ocean Ln Unit#2609/2610","POINT OF AMERICAS PHASE II Point of Americas PhaseII","","$5,400,000","$4,000,000","4","4","0","¤3,644","Condo","1971","2","","Yes","",""
"1","A11641365","CS","3240","2719 NE 14th St","CORAL RIDGE ","","$5,395,000","$4,800,000","4","4","1","¤4,356","Single","2024","3","Yes","Yes","Attached","¤6,250"
"1","F10545492","CS","3160","153 N Seabreeze Blvd Unit#2302","Selene Selene","","$5,390,000","$5,250,000","4","3","1","3,240","Condo","2025","2","","Yes","",""
"1","F10514674","CS","3260","2885 NE 29th Street","Old Coral Ridge ","","$5,385,000","$5,385,000","7","6","1","7,382","Single","2003","2","Yes","Yes","","13,720"
"1","F10497034","CS","3160","1525 N Fort Lauderdale Beach Boulevard","Las Olas By The Sea Ext 3 ","","$5,375,000","$5,050,000","4","3","1","3,938","Single","2005","4","Yes","Yes","","7,428"
"1","F10495529","CS","3280","615 3rd Key Drive","SUNRISE KEY ","","$5,350,000","$4,900,000","4","3","1","3,606","Single","1979","2","Yes","Yes","","11,400"
"1","F10531694","CS","3280","2630 Barcelona Drive","Lauderdale Isles ","","$5,295,000","$4,900,000","5","5","0","4,324","Single","2000","2","Yes","Yes","","9,750"
"1","A11598643","CS","3280","307 Seven Isles Dr","BARCELONA ISLE ","","$5,275,000","$5,275,000","5","3","1","¤4,858","Single","1991","3","Yes","Yes","Detached","¤10,400"
"1","F10517399","CS","3160","525 N Fort Lauderdale Beach Blvd Unit#803","Four Seasons Four Seasons","","$5,250,000","$4,925,000","3","3","1","2,340","Condo","2022","2","","Yes","",""
"1","F10450511","CS","3170","2552 Mercedes Dr","Harbor Beach ","","$5,200,000","$4,950,000","5","3","0","2,845","Single","1974","2","Yes","Yes","","13,000"
"1","F10493505","CS","3260","2506 NE 14th St","Beach Way Heights ","","$5,200,000","$5,000,000","5","5","1","5,088","Single","2025","2","Yes","No","","10,500"
"1","A12009243","CS","3280","2430 Aqua Vista Blvd","LAUDERDALE ISLES RE-AMEND ","","$5,200,000","$5,100,000","5","6","1","¤6,114","Single","2002","3","Yes","Yes","Detached","¤10,883"
"1","A12002362","CS","3280","2614 Castilla Isle","LAUDERDALE SHORES REAMEN ","","$5,199,000","$4,000,000","6","7","0","4,719","Single","2000","2","Yes","Yes","Detached","¤9,000"
"1","F10527779","CS","3260","1627 Coral Ridge Drive","Coral Ridge 21-50 B ","","$5,195,001","$5,150,000","5","5","2","5,086","Single","2025","3","Yes","No","","11,949"
"1","A11916704","CS","3160","2100 N Ocean Blvd Unit#30A","PALMS TOWER ONE CONDO The Palms","","$5,195,000","$4,500,000","3","3","1","¤4,738","Condo","1999","2","","Yes","",""
"1","A11836347","CS","3280","2340 Aqua Vista Blvd","LAUDERDALE ISLES RE-AMEND ","","$5,175,000","$4,615,000","4","5","","¤3,736","Single","1989","2","Yes","Yes","Detached","¤11,543"
"1","F10535492","CS","3260","1400 Middle River Drive","Coral Ridge 21-50 B ","","$5,000,000","$4,510,000","5","6","0","4,515","Single","2024","3","Yes","No","","13,041"
"1","A11678771","CS","3280","449 Isle Of Palms Dr","STILWELL ISLES ISLE OF PA ","","$5,000,000","$4,050,000","5","4","","¤4,251","Single","2003","2","Yes","Yes","Detached","¤12,999"
"1","A11634597","CS","3160","525 N Ft Lauderdale Beach Blvd Unit#801","Four Seasons Four Seasons","","$4,999,999","$4,750,000","2","2","1","¤2,031","Condo","2022","2","","Yes","",""
"1","F10511886","CS","3170","1628 Haskins Ave","Harbor Beach ","","$4,999,000","$4,999,000","4","5","0","4,100","Single","2025","3","Yes","No","","14,546"
"1","F10531697","CS","3160","153 N Seabreeze Boulevard Unit#1902-S","SELENE OCEANFRONT RESIDEN SELENE OCEANFRONT RESIDEN","","$4,998,000","$4,675,000","4","3","1","3,240","Condo","2025","2","","Yes","",""
"1","A11664930","CS","3160","3040 Center Ave","LAUDERDALE BEACH ","","$4,995,000","$4,400,000","5","5","1","¤4,446","Single","2015","2","Yes","No","Detached","¤12,002"
"1","F10397471","CS","3160","3509 NE 27th St","Lauderdale Beach 4-2 B ","","$4,995,000","$4,625,000","4","4","2","4,157","Single","2023","2","Yes","No","","6,255"
"1","F10436991","CS","3170","1600 E Lake Dr","Harbor Beach ","","$4,995,000","$3,980,000","5","6","0","5,982","Single","2018","2","Yes","No","","14,614"
"1","F10414497","CS","3170","2600 Inlet Dr","Breakwater 42-19 B ","","$4,995,000","$4,995,000","5","5","0","4,888","Single","2010","4","Yes","Yes","","6,331"
"1","F10541457","CS","3260","716 Intracoastal Dr","Sunrise 28-42 B ","","$4,995,000","$4,900,000","3","3","0","2,793","Single","1956","2","Yes","Yes","","15,009"
"1","F10499409","CS","3280","525 Coral Way","Las Olas Isles ","","$4,995,000","$4,650,000","8","6","0","5,455","Single","1939","2","Yes","Yes","","10,500"
"1","F10475993","CS","3280","2625 CASTILLA ISLE","LAUDERDALE SHORES REAMEN ","","$4,995,000","$4,400,000","5","6","0","4,685","Single","1956","2","Yes","Yes","","10,030"
"1","F10463611","CS","3280","116 Royal Palm Drive","LAS OLAS ISLES ","","$4,995,000","$4,700,000","4","4","1","4,420","Single","2001","3","Yes","Yes","","12,000"
"1","B26033334","CS","3470","1001 Coconut Drive Unit#1001","MOORES SUBE ","","$4,995,000","$4,500,000","5","5","1","3,251","Single","1984","2","Yes","Yes","","19,579"
"1","F10506156","CS","3160","2200 N Ocean Boulevard Unit#N505","AUBERGE BEACH RESIDENCES AUBERGE BEACH RESIDENCES","","$4,950,000","$4,950,000","3","3","1","2,434","Condo","2018","2","","Yes","",""
"1","F10485753","CS","3260","2871 NE 26th Place","CORAL RIDGE GALT ADD NO 1 ","","$4,950,000","$4,950,000","5","6","0","5,523","Single","2007","3","Yes","Yes","","12,004"
"1","F10431459","CS","3270","704 NE 20TH AVE","Victoria Highlands ","","$4,950,000","$4,750,000","3","3","0","2,214","Single","1968","1","Yes","Yes","",""
"1","A11934942","CS","3280","625 Coral Way","CORAL ISLES ","","$4,900,000","$4,150,000","4","4","1","¤3,784","Single","1980","2","Yes","Yes","Attached","¤10,500"
"1","F10507430","CS","3280","2632 Sea Island Dr","Seven Isles ","","$4,900,000","$4,370,000","4","4","1","3,766","Single","1955","2","Yes","Yes","","10,022"
"1","A11760246","CS","3280","337 Coconut Isle Dr","Las Olas Isles ","","$4,900,000","$4,800,000","6","6","1","4,511","Single","2025","2","Yes","Yes","Detached","¤6,250"
"1","F10487922","CS","3280","701 Royal Plaza Dr","Stilwell Isles 15-26 B ","","$4,900,000","$4,700,000","4","4","0","3,616","Single","1940","2","Yes","Yes","","12,000"
"1","F10544045","CS","3160","2160 N Ocean Boulevard Unit#Iii","The Palms The Palms","","$4,895,000","$4,000,000","4","5","1","4,845","Townhouse","1999","2","","Yes","",""
"1","F10447368","CS","3160","2200 N Ocean Blvd Unit#S506","Auberge Beach Residences Auberge Beach Residences","","$4,895,000","$4,250,000","3","3","1","2,661","Condo","2019","2","","Yes","",""
"1","F10535244","CS","3280","56 Fiesta Way","Nurmi Isles Island 3 ","","$4,895,000","$4,680,000","4","5","0","5,197","Single","1991","2","Yes","Yes","","10,200"
"1","B26032379","CS","3280","609 Coral Way","CORAL ISLES ","","$4,875,000","$4,465,000","6","4","1","5,004","Single","1978","2","Yes","Yes","","10,500"
"1","A11805926","CS","3160","2200 N Ocean Blvd Unit#N1102","2200 FORT LAUDERDALE BEAC AUBERGE BEACH RESIDENCES","","$4,800,000","$4,200,000","2","2","1","¤2,219","Condo","2018","2","","Yes","",""
"1","A11729812","CS","3160","2615 Center Ave","LAUDERDALE BEACH ","","$4,800,000","$4,753,000","5","6","","","Single","2024","2","Yes","No","Detached","¤7,747"
"1","F10411454","CS","3260","2801 NE 20th Ct","Coral Ridge North 28-37 B ","","$4,800,000","$4,900,000","5","6","1","5,252","Single","2024","3","Yes","No","","11,107"
"1","A11911538","CS","3280","500 Coconut Isle Dr","Venice 8-12 ","","$4,800,000","$3,900,000","4","4","1","¤4,665","Single","1997","2","Yes","Yes","Detached","¤9,375"
"1","F10539930","CS","3160","2200 N Ocean Boulevard Unit#S1801","Auberge Beach Residences Auberge Beach Residences","","$4,799,000","$4,250,000","4","5","0","3,500","Condo","2018","2","","Yes","",""
"1","F10519555","CS","3280","500 Flamingo Dr","LAS OLAS ","","$4,795,000","$4,400,000","5","5","1","5,000","Single","2008","2","Yes","Yes","","7,808"
"1","A11217096","CS","3160","3500 Vista Park","LAUDERDALE BEACH ","","$4,790,000","$2,750,000","5","6","1","¤7,384","Single","2006","3","Yes","No","Detached","¤17,472"
"1","F10497116","CS","3160","3320 NE 17th St","Las Olas By The Sea Ext 7 ","","$4,750,000","$4,150,000","6","6","0","4,000","Single","2024","2","Yes","No","","6,236"
"1","F10492133","CS","3280","9 Fiesta Way","NURMI ISLES ISLAND NO 3 ","","$4,750,000","$4,247,500","6","6","1","4,297","Single","1988","2","Yes","Yes","","10,800"
"1","F10539691","CS","3260","2816 NE 25th Court","Coral Ridge Galt Add 27-4 ","","$4,700,000","$4,700,000","5","6","0","5,761","Single","1959","2","Yes","Yes","","10,000"
"1","A11924931","CS","3260","2700 NE 18th St","CORAL RIDGE ","","$4,700,000","$4,400,000","5","5","1","¤4,380","Single","2020","2","Yes","Yes","Attached","¤10,454"
"1","F10464706","CS","3600","1515 SE 9th St","RIO VISTA ISLES ","","$4,650,000","$4,000,000","4","4","0","3,786","Single","2004","2","Yes","Yes","","6,250"
"1","A11795132","CS","3170","1925 Harbourview Dr","HARBOUR HEIGHTS ADD ","","$4,600,000","$4,300,000","4","4","1","¤4,306","Single","1998","2","Yes","Yes","Detached","¤11,690"
"1","F10535049","CS","3170","701 E Fort Lauderdale Beach Boulevard Unit#1202","PARAMOUNT PARAMOUNT","","$4,559,000","$4,559,000","4","4","1","3,474","Condo","2017","2","","Yes","",""
"1","A11797404","CS","3170","2120 N Ocean Blvd Unit#VII","PALMS-TOWNHOUSES CONDO The Palms","","$4,500,000","$3,775,000","5","6","1","¤5,265","Townhouse","1999","2","","No","",""
"1","F10540468","CS","3260","2890 NE 27th Street","Coral Ridge Galt Add 1 ","","$4,500,000","$4,000,000","5","3","2","5,046","Single","2000","2","Yes","Yes","","11,505"
"1","B26007888","CS","3280","10 Nurmi Drive","NURMI ISLES ISLAND NO 2 ","","$4,500,000","$4,500,000","5","4","1","4,966","Single","1953","3","Yes","Yes","","13,200"
"1","A11755498","CS","3280","515 Lido Dr","Coral Isles 15-68 B ","","$4,500,000","$4,400,000","3","3","","¤3,193","Single","1969","2","Yes","Yes","Detached","¤11,550"
"1","A11527656","CS","3280","601 Riviera Isle Dr","RIVIERA ","","$4,500,000","$4,250,000","4","3","1","","Single","2023","2","Yes","Yes","Detached","¤6,250"
"1","A11994901","CS","3600","1524 SE 13th St","LAUDERDALE HARBORS SECTIO ","","$4,500,000","$3,650,000","6","7","","","Single","2025","2","Yes","Yes","Detached","¤7,700"
"1","F10454202","CS","3280","700 Royal Plaza Dr","Stilwell Isles 15-26 B ","","$4,499,000","$4,000,000","3","2","1","4,282","Single","1938","2","Yes","Yes","","12,000"
"1","F10553970","CS","3260","2732 NE 29th Court","Coral Ridge ","","$4,475,000","$4,300,000","4","4","0","4,070","Single","2025","3","Yes","No","",""
"1","F10525716","CS","3160","2200 N Ocean Boulevard Unit#S1804","Auberge Residences Auberge Residences","","$4,460,000","$4,460,000","3","3","1","3,500","Condo","2018","2","","Yes","",""
"1","F10533622","CS","3600","1544 Ponce De Leon Dr","Rio Vista ","","$4,450,000","$4,200,000","5","5","1","3,710","Single","2025","3","Yes","No","","7,125"
"1","F10540171","CS","3160","2150 N Ocean Blvd Unit#IV","The Palms Townhouse Condo The Palms Townhouse Condo","","$4,375,000","$4,200,000","4","4","1","3,817","Townhouse","1999","2","","Yes","",""
"1","F10519763","CS","3160","3322 NE 16th Pl","Las Olas By The Sea Ext 7 ","","$4,300,000","$4,000,000","4","4","0","4,245","Single","2009","2","Yes","No","","6,236"
"1","F10415112","CS","3160","2200 N Ocean Boulevard Unit#S903","AUBERGE BEACH RESIDENCES AUBERGE BEACH RESIDENCES","","$4,299,000","$3,800,000","3","3","1","2,787","Condo","2019","2","","Yes","",""
"1","F10544544","CS","3270","609 First Key Drive","Sunrise Key 45-6 B ","","$4,295,000","$4,100,000","5","4","1","4,016","Single","1974","2","Yes","Yes","","12,152"
"1","F10493683","CS","3280","2525 Sea Island Drive","LAS OLAS ISLES ","","$4,295,000","$4,295,000","4","3","1","3,773","Single","1991","2","Yes","Yes","",""
"1","A11710253","CS","3130","3306 NE 16th St","LAS OLAS BY THE SEA EXT ","","$4,290,000","$3,800,000","5","5","1","4,285","Single","2024","2","Yes","No","Detached","¤6,212"
"1","F10421518","CS","3160","2110 N Ocean Blvd Unit#25A","The Palms The Palms","","$4,250,000","$4,000,000","4","5","1","4,112","Condo","2001","2","","Yes","",""
"1","R10928992","CS","3260","2615 NE 14th Street","CORAL RIDGE ","","$4,250,000","$4,200,000","5","5","1","4,344","Single","2024","3","Yes","No","","15,048"
"1","A11962973","CS","3280","2309 Desota Dr","LAUDERDALE ISLES REAMEN P ","","$4,250,000","$3,825,000","3","2","0","¤2,485","Single","1986","2","Yes","Yes","Detached","¤10,731"
"1","F10546688","CS","3280","2615 E Las Olas Boulevard","Lauderdale Shores Corr ","","$4,250,000","$4,160,000","5","5","0","3,773","Single","1989","2","Yes","Yes","","7,800"
"1","F10450114","CS","3280","141 W Isle Of Venice Dr Unit#PH-S","CASA MURANO CASA MURANO","","$4,250,000","$3,775,000","3","4","1","3,131","Condo","2024","2","","Yes","",""
"1","F10410263","CS","3260","2708 NE 25th Ct","Coral Ridge ","","$4,200,000","$4,200,000","5","5","1","4,046","Single","2025","3","Yes","No","","10,000"
"1","F10502381","CS","3280","2411 Desota Dr","Seven Isles ","","$4,200,000","$3,515,000","4","3","0","3,507","Single","1982","2","Yes","Yes","","10,663"
"1","F10419239","CS","3160","525 N Ft Lauderdale Bch Blvd Unit#1604","Four Seasons Four Seasons","","$4,199,000","$3,650,000","2","3","0","2,069","Condo","2022","1","","No","",""
"1","A11568007","CS","3600","1748 SE 13th St","LAUDERDALE HARBORS SECTIO ","","$4,199,000","$3,575,000","5","3","1","¤3,599","Single","2010","2","Yes","Yes","Attached","¤8,041"
"1","A11744571","CS","3160","2200 N Ocean Blvd Unit#N302","2200 FORT LAUDERDALE BEAC Auberge Beach","","$4,175,000","$3,862,500","3","3","1","¤2,666","Condo","2018","1","","Yes","",""
"1","F10453394","CS","3280","313 N Gordon Rd","Victoria Isles 15-67 B ","","$4,150,000","$4,000,000","5","3","1","3,731","Single","1946","2","Yes","Yes","","15,320"
"1","F10478475","CS","3280","310 San Marco Dr","Coral Isles 15-60 B ","","$4,149,000","$3,950,000","4","3","1","3,637","Single","1996","3","Yes","Yes","","11,000"
"1","A11715028","CS","3600","915 SE 10th St","RIO VISTA ISLES ","","$4,050,000","$4,050,000","4","4","1","¤4,453","Single","2009","2","Yes","No","Detached","¤10,625"
"1","F10541822","CS","3160","435 Bayshore Drive Unit#PH4","Adagio Ft Laud Beach Adagio Ft Laud Beach","","$4,000,000","$4,000,000","3","3","1","3,210","Condo","2019","2","","Yes","",""
"1","F10486037","CS","3160","2200 N Ocean Blvd Unit#N903","Auberge Auberge","","$4,000,000","$3,500,000","2","2","1","2,119","Condo","2018","2","","Yes","",""
"1","F10542886","CS","3170","525 N Fort Lauderdale Beach Boulevard Unit#1904","Four Seasons Four Seasons","","$4,000,000","$4,000,000","2","2","1","2,242","Condo","2022","2","","No","",""
"1","F10497027","CS","3170","525 N Fort Lauderdale Beach Blvd Unit#1904","Four Seasons Four Seasons","","$4,000,000","$3,850,000","2","2","1","2,242","Condo","2022","2","","No","",""
"1","F10477596","CS","3260","1420 Middle River Dr","Coral Ridge ","","$4,000,000","$3,900,000","4","4","1","3,142","Single","2025","3","Yes","No","","11,821"
"1","A12020281","CS","3470","1500 SW 4th St","VALENTINES SUB B-29 ","","$4,000,000","$3,000,000","2","3","","¤3,003","Single","1952","2","Yes","Yes","Detached","¤105,985"
"1","A11699084","CS","3170","1519 S Ocean Dr","HARBOR BEACH ","","$3,999,999","$3,200,000","4","4","1","¤3,666","Single","2015","5","Yes","No","Attached","¤14,876"
"1","F10421965","CS","3260","1239 Seminole Dr","CORAL RIDGE ","","$3,999,995","$3,500,000","4","4","0","3,479","Single","1951","4","Yes","Yes","","10,139"
"1","F10438482","CS","3280","2617 Alamanda Ct","IDLEWYLD ","","$3,999,900","$3,800,000","6","3","1","4,588","Single","1988","2","Yes","No","","11,250"
"1","F10492770","CS","3600","1115 SE 7th St","Rio Vista ","","$3,999,500","$3,900,000","5","5","0","4,500","Single","2020","2","Yes","No","","7,500"
"1","F10415111","CS","3160","2200 N Ocean Blvd Unit#S303","AUBERGE BEACH RESIDENCES AUBERGE BEACH RESIDENCES","","$3,999,000","$3,500,000","3","3","1","2,787","Condo","2019","2","","Yes","",""
"1","F10455800","CS","3280","2613 Clematis Place","Idlewyld ","","$3,999,000","$3,999,000","4","5","1","3,550","Single","2025","2","Yes","No","","7,500"
"1","A11918455","CS","3660","1200 Cordova Rd","RIO VISTA ","","$3,999,000","$3,600,000","4","4","1","¤4,274","Single","2016","2","Yes","Yes","Attached","¤6,231"
"1","F10533521","CS","3160","1617 N Fort Laud Bch Blvd","LAS OLAS BY THE SEA ","","$3,995,000","$3,700,000","3","4","0","4,060","Single","2000","1","Yes","Yes","","6,651"
"1","A11734889","CS","3260","2620 NE 30th Ave","CORAL RIDGE GALT ADD NO 1 ","","$3,995,000","$3,650,000","3","2","0","¤2,458","Single","1965","2","Yes","Yes","Attached","¤11,155"
"1","R10998158","CS","3260","2738 NE 16th Street","CORAL RIDGE ","","$3,995,000","$3,350,000","3","3","0","2,888","Single","1951","2","Yes","Yes","Garden Apartment","12,500"
"1","A11742926","CS","3280","1408 SE 2nd Ct","COLEE HAMMOCK ","","$3,995,000","$3,700,000","4","5","1","¤3,951","Single","2022","2","Yes","No","Attached","¤5,500"
"1","F10484254","CS","3280","141 Isle Of Venice Dr Unit#PH-N","Casa Murano Casa Murano","","$3,995,000","$3,850,000","4","4","1","3,131","Condo","2024","2","","Yes","",""
"1","F10462371","CS","3280","2620 AURELIA PL","IDLEWYLD ","","$3,995,000","$3,600,000","5","5","0","4,798","Single","2024","2","Yes","No","","8,243"
"1","F10461805","CS","3270","431 N Victoria Park Rd","Victoria Park Corr Amd ","","$3,985,000","$3,800,000","5","4","0","2,926","Single","1924","2","Yes","No","","16,961"
"1","A11835075","CS","3260","1110 Seminole Dr Unit#502","ADAGIO ON THE BAY CONDO Adagio on the Bay","","$3,975,000","$1,660,000","5","5","2","¤5,890","Condo","2015","4","","Yes","",""
"1","F10436425","CS","3260","2017 BAYVIEW DR","CORAL RIDGE ","","$3,975,000","$3,800,000","5","5","1","4,790","Single","2012","2","Yes","No","","11,878"
"1","F10468935","CS","3260","2831 NE 26th Pl","Coral Ridge Galt Add 1 ","","$3,950,000","$3,550,000","3","3","1","2,455","Single","2019","2","Yes","Yes","","12,004"
"1","F10511482","CS","3280","316 Bontona Avenue","Venice resub of blks 5&6 ","","$3,950,000","$3,500,000","3","3","1","4,101","Single","1999","2","Yes","Yes","","6,325"
"1","F10459222","CS","3470","716 Bryan Pl","Sailboat Bend ","","$3,950,000","$3,400,000","5","3","1","3,634","Single","2014","3","No","Yes","","14,128"
"1","F10503202","CS","3260","2108 NE 22nd Ter","BAL HARBOUR ","","$3,900,000","$3,900,000","4","5","0","3,100","Single","2024","2","Yes","Yes","","8,800"
"1","F10441760","CS","3280","141 Isle of Venice Dr Unit#3-S","CASA MURANO CASA MURANO","","$3,900,000","$3,450,000","3","4","1","3,108","Condo","2024","2","","Yes","",""
"1","F10444642","CS","3600","205 Hendricks Isle","Acqua Marina Acqua Marina","","$3,900,000","$3,600,000","6","5","1","7,922","Townhouse","2020","4","","Yes","",""
"1","F10460614","CS","3470","1700 and 1701 W Las Olas Blvd","River Vista 22-38 B ","","$3,899,000","$3,000,000","7","7","0","2,933","Single","1959","0","Yes","Yes","","11,618"
"1","B26043288","CS","3600","823 Ponce De Leon Drive","RIO VISTA ISLES ","","$3,899,000","$3,550,000","4","5","0","3,819","Single","2024","2","Yes","Yes","","9,679"
"1","A11735036","CS","3280","2307 Castilla Isle","LAUDERDALE SHORES REAMEN ","","$3,895,000","$3,500,000","3","3","1","¤2,816","Single","1991","2","Yes","Yes","Detached","¤8,850"
"1","B26015070","CS","3600","1401 SE 9th Street","RIO VISTA ISLES ","","$3,890,000","$3,795,000","4","4","0","2,930","Single","1949","4","No","Yes","","21,780"
"1","A11856632","CS","3160","2200 N Ocean Blvd Unit#S303","2200 FORT LAUDERDALE BEAC AUBERGE","","$3,875,000","$3,700,000","3","3","1","¤2,623","Condo","2018","2","","Yes","",""
"1","F10450494","CS","3600","1218 Ponce De Leon Dr","Rio Vista ","","$3,875,000","$3,600,000","4","4","0","3,857","Single","2003","2","Yes","No","","9,387"
"1","F10539332","CS","3280","26 Pelican Dr","Pelican Isle ","","$3,850,000","$3,950,000","4","2","1","2,187","Single","1963","2","No","Yes","","13,012"
"1","F10533611","CS","3600","1020 Ponce De Leon Dr","RIO VISTA ISLES ","","$3,850,000","$3,850,000","5","4","1","5,211","Single","2011","2","Yes","No","","9,093"
"1","F10433481","CS","3160","2150 N Ocean Blvd Unit#IV","The Palms Townhouse Condo The Palms Townhouse Condo","","$3,800,000","$2,975,383","4","4","1","3,817","Townhouse","1999","2","","Yes","",""
"1","F10536650","CS","3160","435 Bayshore Unit#503","Adagio Ft Lauderdale Adagio Ft Lauderdale","","$3,775,000","$3,400,000","3","3","1","2,868","Condo","2019","2","","Yes","",""
"1","F10456322","CS","3170","1817 SE 21st Ave","HARBOUR HEIGHTS ADD ","","$3,750,000","$3,665,250","4","3","1","3,050","Single","1963","2","Yes","Yes","","9,375"
"1","A11577751","CS","3280","516 Royal Plaza Dr","STILWELL ISLES ","","$3,750,000","$3,450,000","4","4","1","¤3,084","Single","1986","2","Yes","Yes","Detached","¤12,000"
"1","F10435060","CS","3280","500 Bontona Ave","VENICE RESUB OF BLKS 5 & ","","$3,750,000","$3,500,000","5","3","1","4,056","Single","1989","2","Yes","Yes","","8,855"
"1","F10413601","CS","3280","708 Solar Isle Dr","Riviera 6-17 B ","","$3,750,000","$3,625,000","3","3","0","2,181","Single","1971","2","Yes","Yes","","12,500"
"1","F10485120","CS","3600","1010 SE 11th Court","Rio Vista ","","$3,750,000","$3,650,000","5","5","0","4,700","Single","2025","2","Yes","No","","7,001"
"1","F10457840","CS","3600","705 Ponce De Leon Dr","RIO VISTA ISLES ","","$3,749,000","$3,600,000","4","4","0","4,417","Single","2013","1","Yes","Yes","","8,413"
"1","A11922764","CS","3170","2321 SE 17th St Unit#202","Harbor Villa 1 Pier Sixty-Six","","$3,700,000","$3,700,000","3","3","0","","Condo","2024","2","","Yes","",""
"1","F10443530","CS","3600","1519 SE 13th St","Lauderdale Harbors Sec A ","","$3,699,900","$2,953,172","5","3","1","3,500","Single","2002","2","Yes","Yes","","7,700"
"1","R11092109","CS","3170","2606 Grace Drive","HARBOR BEACH EXTENSION ","","$3,695,000","$3,550,000","7","6","0","6,814","Single","2008","4","Yes","Yes","Garden Apartment","9,600"
"1","F10478865","CS","3260","1621 NE 26th Ave","Coral Ridge 21-50 B ","","$3,695,000","$3,525,000","5","5","1","3,940","Single","2025","3","Yes","No","","11,949"
"1","F10441856","CS","3600","915 Ponce De Leon Dr","RIO VISTA ISLES ","","$3,695,000","$3,000,000","4","4","1","2,972","Single","1978","1","Yes","Yes","","9,838"
"1","A11791021","CS","3160","2019 NE 31st Ave","LAUDERDALE BEACH EXT ","","$3,650,000","$3,200,000","3","2","0","","Single","1956","2","No","Yes","Attached","¤9,279"
"1","R11130574","CS","3260","2832 NE 21st Court","CORAL RIDGE NORTH ","","$3,650,000","$3,180,000","6","7","1","5,810","Single","2014","2","Yes","No","Garden Apartment","10,019"
"1","F10456120","CS","3280","505 Isle Of Capri Dr","VENICE RESUB IN BLKS 3 & ","","$3,650,000","$3,180,000","3","2","1","2,474","Single","1970","2","Yes","Yes","","8,250"
"1","F10450781","CS","3170","1206 E Lake Dr","Harbor Beach ","","$3,625,000","$3,437,500","4","4","0","3,483","Single","2015","2","Yes","No","","13,400"
"1","F10552136","CS","3600","1111 SE 9th Avenue","RIO VISTA ISLES ","","$3,625,000","$3,325,000","4","5","1","3,600","Single","2021","2","Yes","No","",""
"1","F10482386","CS","3170","2200 S Ocean Ln Unit#209/210","Point of Americas Point of Americas","","$3,600,000","$2,700,000","4","4","0","3,634","Condo","1971","2","","Yes","",""
"1","B26044900","CS","3260","1312 Seminole Drive","BEACH WAY HEIGHTS UNIT ","","$3,600,000","$3,600,000","4","3","0","2,165","Single","1951","2","Yes","Yes","","11,125"
"1","F10516573","CS","3260","2306 NE 12th Court","BEACHWAY HEIGHTS ","","$3,600,000","$3,300,000","5","5","1","4,513","Single","2017","3","Yes","No","","13,003"
"1","F10482735","CS","3280","629 Poinciana Drive","Idlewyld Resub Blks 8 To ","","$3,600,000","$3,600,000","3","2","1","2,365","Single","1989","1","Yes","Yes","","6,250"
"1","F10553929","CS","3280","516 Bontona Avenue","VENICE RESUB OF BLKS 5 & ","","$3,595,000","$3,050,000","4","4","1","4,452","Single","1987","2","Yes","Yes","","9,314"
"1","F10463859","CS","3600","930 SE 9th St","Rio Vista Isles ","","$3,595,000","$3,000,000","6","4","1","4,213","Single","2004","3","Yes","No","","7,812"
"1","F10496045","CS","3160","435 Bayshore Dr Unit#404","ADAGIO ADAGIO","","$3,590,000","$3,400,000","4","3","1","3,211","Condo","2019","3","","Yes","",""
"1","A11936020","CS","3270","1600 NE 6th St","MIDDLE RIVER PARK ","","$3,550,000","$3,150,000","4","4","1","¤3,734","Single","2019","2","Yes","No","Attached","¤8,162"
"1","A11878282","CS","3370","2033 NE 22nd St","CORAL POINT ","","$3,550,000","$3,350,000","5","5","1","¤4,718","Single","2025","2","Yes","Yes","Detached","¤8,777"
"1","F10452539","CS","3280","353 Sunset Dr Unit#402","353 SUNSET 353 SUNSET","","$3,535,000","$2,850,000","3","3","1","3,305","Condo","2017","2","","Yes","",""
"1","A11914971","CS","3270","714 NE 18th Ave","VICTORIA PARK ","","$3,525,000","$3,475,000","5","5","1","4,480","Single","2026","2","Yes","No","Attached","11,022"
"1","F10533408","CS","3160","701 N Fort Lauderdale Beach Boulevard Unit#1606","Paramount Paramount","","$3,500,000","$3,152,500","3","3","1","2,420","Condo","2017","2","","Yes","",""
"1","A12001544","CS","3170","2607 Grace Dr","HARBOR BEACH EXTENSION ","","$3,500,000","$3,500,000","3","3","0","¤3,107","Single","2009","3","Yes","Yes","Detached","¤9,600"
"1","F10536711","CS","3170","2620 SE 21st St","BREAKWATER ","","$3,500,000","$2,950,000","2","2","1","1,560","Single","1957","2","No","Yes","","6,093"
"1","A11825553","CS","3260","2756 NE 18th St","CORAL RIDGE ","","$3,500,000","$3,125,000","3","3","1","¤2,014","Single","1951","2","Yes","Yes","Attached","¤11,037"
"1","F10480550","CS","3260","2864 NE 24th Pl","CORAL RIDGE GALT ADD ","","$3,500,000","$3,225,000","3","3","1","2,806","Single","1957","2","Yes","Yes","","10,000"
"1","F10527257","CS","3280","2300 Castilla Isle","SEVEN ISLES ","","$3,500,000","$3,190,000","6","5","1","3,718","Single","1941","0","Yes","Yes","","9,000"
"1","F10454121","CS","3280","353 Sunset Dr Unit#401","353 SUNSET 353 SUNSET","","$3,500,000","$3,200,000","4","4","1","4,107","Condo","2017","2","","Yes","",""
"1","F10454107","CS","3280","353 Sunset Drive Unit#PH02","353 Sunset 353 Sunset","","$3,500,000","$3,200,000","3","3","2","3,515","Condo","2017","2","","Yes","",""
"1","A11707064","CS","3470","1401 SW 5th Ct","RIVERSIDE ADD AMEN PLAT ","","$3,500,000","$3,375,000","5","4","","4,809","Single","2023","3","Yes","Yes","Detached","¤33,938"
"1","A11926075","CS","3600","1601 SE 11th St","RIO VISTA ISLES ","","$3,500,000","$2,984,000","3","3","1","¤2,466","Single","1966","0","Yes","Yes","Detached","¤9,375"
"1","F10475209","CS","3280","408 Seven Isles Drive","BARCELONA ISLE ","","$3,499,999","$3,125,000","5","5","0","4,228","Single","2003","3","Yes","No","","10,016"
"1","F10461491","CS","3600","1620 SE 9 Street","RIO VISTA ISLES ","","$3,499,000","$3,150,000","4","3","0","3,315","Single","1961","2","Yes","Yes","",""
"1","R11053661","CS","3260","2727 NE 17th Street","CORAL RIDGE ","","$3,495,999","$3,500,000","4","3","1","3,109","Single","1980","2","Yes","Yes","","12,000"
"1","F10528848","CS","3280","41 Isle Of Venice Dr Unit#301","Aquamar Aquamar","","$3,495,000","$3,300,000","4","3","1","3,308","Condo","2017","2","","Yes","",""
"1","A11779178","CS","3280","121 S Gordon Rd","NAVARRO ISLE ","","$3,495,000","$3,374,000","3","3","0","¤2,371","Single","2018","0","Yes","Yes","Detached","¤6,500"
"1","A11972227","CS","3260","2709 NE 25th Ct","CORAL RIDGE GALT ADD ","","$3,490,000","$3,300,000","4","4","1","¤3,786","Single","2026","3","Yes","No","Detached","¤10,000"
"1","F10459239","CS","3260","1725 NE 26th Ave","Coral Ridge 21-50 B ","","$3,490,000","$3,147,500","5","5","1","5,105","Single","2007","2","Yes","No","","11,328"
"1","F10481013","CS","3260","2724 NE 21st Court","Coral Ridge Galt Add 27-4 ","","$3,475,000","$3,250,000","4","4","1","3,142","Single","2026","3","Yes","No","","10,000"
"1","F10481040","CS","3280","325 Coral Way","Coral Isles 15-47 B ","","$3,450,000","$3,350,000","3","4","0","2,627","Single","1948","2","Yes","Yes","","10,500"
"1","F10465094","CS","3370","2813 Coral Shores Dr","Coral Shores 30-44 B ","","$3,450,000","$3,200,000","3","3","1","3,307","Single","2018","2","Yes","Yes","","7,491"
"1","A11891142","CS","3270","507 NE 11th Ave","Victoria Park ","","$3,425,000","$3,400,000","5","5","1","¤4,462","Single","2025","2","Yes","No","Attached","¤7,800"
"1","F10542141","CS","3160","525 N Fort Lauderdale Beach Blvd Unit#1404","Four Seasons Four Seasons","","$3,400,000","$3,400,000","2","2","1","2,069","Condo","2022","1","","No","",""
"1","F10471227","CS","3160","2200 N Ocean Blvd Unit#N704","AUBERGE BEACH RESIDENCES AUBERGE BEACH RESIDENCES","","$3,400,000","$2,875,000","2","3","0","1,895","Condo","2018","2","","Yes","",""
"1","F10471063","CS","3260","2525 Middle River Dr","Coral Ridge Galt Add 27-4 ","","$3,400,000","$2,875,000","5","4","0","3,372","Single","1952","2","Yes","Yes","","13,905"
"1","F10505255","CS","3270","425 NE 10th Avenue","VICTORIA PARK ","","$3,400,000","$3,365,000","4","4","1","4,474","Single","2026","2","Yes","No","","8,100"
"1","F10509817","CS","3280","2319 Castilla Isle","Seven Isles ","","$3,400,000","$3,000,000","4","3","0","2,919","Single","1953","0","Yes","Yes","","10,305"
"1","F10554534","CS","3160","153 N Seabreeze Boulevard Unit#S-502","SELENE OCEANFRONT RESIDEN SELENE OCEANFRONT RESIDEN","","$3,399,000","$3,100,000","3","3","1","3,240","Condo","2025","2","","Yes","","0"
"1","F10528696","CS","3260","2408 NE 27th Avenue","Coral ridge galt ","","$3,399,000","$3,100,000","4","3","1","3,179","Single","2022","2","Yes","No","","10,265"
"1","F10439502","CS","3170","2200 S Ocean Ln Unit#2409/2410","Point of Americas II Point of Americas II","","$3,395,000","$3,100,000","3","4","0","3,787","Condo","1971","2","","Yes","",""
"1","F10487206","CS","3280","321 Lido Dr","Coral Isles 15-68 B ","","$3,395,000","$3,170,000","4","3","0","2,543","Single","1956","2","Yes","Yes","","10,500"
"1","A11827409","CS","3170","1206 E Lake Dr","HARBOR BEACH ","","$3,390,000","$3,225,000","4","4","0","¤3,500","Single","2015","2","Yes","No","Detached","¤13,400"
"1","F10455003","CS","3260","2864 NE 26th Pl","Coral Ridge Galt Add 1 ","","$3,300,000","$2,900,000","5","2","1","5,260","Single","1998","3","Yes","Yes","","11,403"
"1","A11620973","CS","3260","644 Middle River Dr","Sunrise Intracoastal ","","$3,300,000","$3,300,000","4","3","1","¤3,526","Single","1996","2","Yes","No","Detached","¤15,259"
"1","F10461756","CS","3600","1115 S Rio Vista Blvd","Rio Vista Isles ","","$3,300,000","$2,850,000","5","5","0","4,210","Single","2018","2","Yes","No","","7,250"
"1","F10441750","CS","3600","924 S Rio Vista Blvd","Rio Vista Isles ","","$3,299,000","$2,900,000","4","4","0","3,442","Single","1950","2","Yes","Yes","","13,343"
"1","F10494448","CS","3370","419 NE 22nd Street","Wilton Manors ","","$3,298,000","$2,870,000","4","4","1","4,078","Single","2022","2","Yes","No","","15,621"
"1","F10546656","CS","3260","2103 Bayview Drive","Coral Ridge Galt Add 27-4 ","","$3,295,000","$3,000,000","4","4","1","3,511","Single","2024","2","Yes","No","","8,976"
"1","R11147638","CS","3280","302 Coral Way","CORAL ISLES ","","$3,295,000","$2,975,000","2","2","1","1,258","Single","1951","","Yes","Yes","Garden Apartment","10,500"
"1","F10546835","CS","3600","1631 SE 14th Street","Lauderdale Harbors ","","$3,295,000","$3,100,000","3","3","0","2,744","Single","1968","0","Yes","Yes","","7,700"
"1","A12007099","CS","3280","404 Coconut Isle Dr","VENICE 8-12 B ","","$3,275,000","$3,100,000","3","3","1","¤1,805","Single","1953","1","Yes","Yes","Attached","¤9,375"
"1","F10528688","CS","3260","1710 Middle River Dr","Coral Ridge ","","$3,274,000","$3,150,000","4","4","1","3,722","Single","2015","2","Yes","No","","12,000"
"1","A11721200","CS","3280","18 Fiesta Way","NURMI ISLES ISLAND NO 3 ","","$3,250,000","$3,055,555","5","6","","","Single","2025","4","Yes","Yes","Attached","¤10,200"
"1","F10551648","CS","3170","2636 Grace Drive","Harbor Beach Extension ","","$3,249,000","$3,100,000","3","3","0","2,510","Single","1953","2","Yes","Yes","","9,600"
"1","F10532954","CS","3600","721 SE 9 Street","Rio Vista ","","$3,244,000","$3,160,000","5","6","0","4,366","Single","2025","2","Yes","No","",""
"1","F10423076","CS","3160","715 Bayshore Dr Unit#401","La Rive La Rive","","$3,200,000","$3,000,000","4","4","1","4,707","Condo","2004","3","","Yes","",""
"1","R11149227","CS","3260","2872 NE 29th Street","CORAL RIDGE GALT ADD NO 1 ","","$3,200,000","$2,850,000","4","3","0","2,910","Single","1963","2","Yes","Yes","","10,004"
"1","F10463312","CS","3260","2812 NE 28th St","CORAL RIDGE GALT ADD 1 ","","$3,200,000","$2,940,000","3","2","1","2,480","Single","1959","2","Yes","Yes","","10,004"
"1","A11780197","CS","3270","728 NE 17th Ter","VICTORIA PARK ","","$3,200,000","$3,050,000","5","5","1","¤1,253","Single","2025","2","Yes","No","Detached","¤7,562"
"1","F10527643","CS","3280","401 SE 26th Ave","IDLEWYLD ","","$3,200,000","$2,850,000","5","4","2","5,214","Single","1941","6","Yes","No","","18,000"
"1","F10517955","CS","3280","2518 Barcelona Dr","Sea Island ","","$3,200,000","$3,100,000","3","3","0","2,603","Single","1957","2","No","Yes","","12,450"
"1","F10509622","CS","3280","11 Hendricks Isle Unit#11","Lauderdale Isle Lauderdale Isle","","$3,200,000","$2,800,000","4","4","0","3,559","Townhouse","1996","2","","Yes","",""
"1","F10480209","CS","3280","808 Solar Isle Dr","Riviera 6-17 B ","","$3,199,999","$3,199,999","5","3","1","3,454","Single","1989","3","Yes","Yes","","6,667"
"1","A11795205","CS","3390","416 NW 24th St","MICKELS 2ND ADD TO WILTON ","","$3,199,995","$2,900,000","5","5","","4,220","Single","2025","4","Yes","No","Detached","¤14,233"
"1","F10551139","CS","3470","1113 Avocado Isle","CITRUS ISLES ","","$3,199,000","$2,925,000","4","4","0","3,350","Single","2026","2","Yes","Yes","","6,900"
"1","F10495762","CS","3160","435 Bayshore Drive Unit#702","Adagio Ft Laud Beach Adagio Ft Laud Beach","","$3,195,000","$2,947,500","3","3","1","2,759","Condo","2019","2","","Yes","","0"
"1","A11921839","CS","3270","618 NE 17th Way","VICTORIA PARK CORR AMEN P ","","$3,195,000","$3,050,000","4","4","1","3,804","Single","2025","2","Yes","No","Detached","¤6,258"
"1","F10436792","CS","3270","617 NE 16th Terrace","VICTORIA PARK ","","$3,195,000","$3,035,000","7","7","1","4,683","Single","1953","1","Yes","No","","12,599"
"1","A11875266","CS","3470","927 SW 7th St","Tarpon River ","","$3,190,000","$3,025,000","5","4","1","¤4,492","Single","2025","2","Yes","No","Detached","¤6,795"
"1","R11052455","CS","3280","73 Fiesta Way","NURMI ISLE ","","$3,185,000","$2,750,000","3","3","0","2,072","Single","1952","2","Yes","Yes","Garden Apartment, Ranch","10,200"
"1","F10546188","CS","3600","904 Ponce De Leon Drive","Rio Vista Isles ","","$3,175,000","$2,950,000","4","4","0","3,624","Single","2005","2","Yes","No","","6,250"
"1","F10548082","CS","3260","2400 NE 26th Avenue","Coral Ridge Galt Add 27-4 ","","$3,150,000","$2,816,000","4","4","1","2,893","Single","2026","2","Yes","No","","10,442"
"1","F10540102","CS","3260","1850 NE 26th Ave Unit#B","Contemporary Townhome Contemporary Townhome","","$3,150,000","$3,050,000","5","4","1","4,050","Townhouse","2015","2","","No","",""
"1","R11139095","CS","3260","2409 NE 12th Street","BEACH WAY HEIGHTS UNIT ","","$3,150,000","$2,750,000","5","5","0","4,182","Single","2007","2","Yes","No","","13,125"
"1","F10494596","CS","3270","550 NE 11th Ave","VICTORIA PARK ","","$3,150,000","$3,000,000","4","5","1","3,883","Single","2025","2","Yes","No","","6,500"
"1","A11950721","CS","3280","1529 SE 2nd Ct","COLEE HAMMOCK ","","$3,150,000","$3,100,000","5","5","1","¤3,451","Single","2022","2","Yes","No","Detached","¤5,500"
"1","F10530020","CS","3280","2427 Sea Island Dr","Las Olas Seven Isles ","","$3,150,000","$2,730,000","3","2","0","3,026","Single","1975","2","Yes","Yes","","10,153"
"1","A11878825","CS","3600","713 SE 6th St","RIO VISTA ","","$3,150,000","$2,975,000","4","4","1","¤3,807","Single","2025","2","Yes","No","Attached","¤5,941"
"1","A11862167","CS","3270","531 NE 10th Ave","HOLMBERG & MC KEES ","","$3,149,000","$3,000,000","4","4","1","","Single","2025","2","Yes","No","Detached","¤8,100"
"1","F10543068","CS","3600","1417 Ponce De Leon Drive","RIO VISTA ISLES ","","$3,145,000","$2,875,000","4","2","1","3,332","Single","1987","2","Yes","Yes","","6,450"
"1","F10483345","CS","3160","435 Bayshore Dr Unit#301","ADAGIO ADAGIO","","$3,100,000","$2,950,000","3","3","1","2,383","Condo","2019","2","","Yes","",""
"1","F10461161","CS","3160","1 N Fort Lauderdale Beach Blvd Unit#2002","Ritz Carlton Ritz Carlton","","$3,100,000","$2,800,000","2","2","1","2,083","Condo","2007","2","","No","",""
"1","A11663841","CS","3170","435 Bayshore Dr Unit#501","ADAGIO FORT LAUDERDALE BE ADAGIO","","$3,100,000","$3,100,000","3","3","1","¤2,400","Condo","2019","2","","Yes","",""
"1","A11833985","CS","3270","436 NE 10th Ave","Victoria Park ","","$3,100,000","$3,050,000","4","4","1","¤2,962","Single","2023","2","Yes","No","Detached","¤7,800"
"1","A11767902","CS","3270","412 NE 10th Ave","Victoria Park ","","$3,100,000","$2,970,000","4","4","1","¤1,224","Single","2025","2","Yes","No","Attached","¤6,500"
"1","A11586036","CS","3280","314 Seven Isles Dr","BARCELONA ISLE ","","$3,100,000","$3,050,000","3","3","0","¤3,240","Single","1953","2","Yes","No","Attached","¤10,400"
"1","F10473897","CS","3260","920 Intracoastal Dr Unit#903","AQUABLU AQUABLU","","$3,095,000","$2,800,000","3","3","1","3,258","Condo","2018","2","","Yes","",""
"1","F10537228","CS","3280","103 Fiesta Way","NURMI ISLES ISLAND NO 3 ","","$3,055,000","$2,993,900","5","5","0","3,919","Single","1966","2","Yes","Yes","","10,200"
"1","F10494398","CS","3170","701 N Fort Lauderdale Beach Blvd Unit#1706","Paramount Paramount","","$3,050,000","$2,950,000","3","3","1","2,420","Condo","2017","2","","Yes","",""
"1","F10456723","CS","3170","701 N Fort Lauderdale Beach Blvd Unit#1206","Paramount Residences Paramount Residences","","$3,050,000","$2,750,000","3","3","1","2,420","Condo","2019","2","","No","",""
"1","F10508634","CS","3600","1425 Ponce De Leon Dr","RIO VISTA ISLES ","","$3,050,000","$2,750,000","4","5","2","4,155","Single","1992","2","Yes","Yes","","6,750"
"1","F10493102","CS","3370","301 NE 21st Street","Wilton Manors ","","$3,035,000","$2,852,500","4","3","1","3,260","Single","2025","2","Yes","No","","9,600"
"1","F10446912","CS","3270","516 NE 9th Ave","Holmberg & Mc Kees Sub 1- ","","$3,000,000","$2,800,000","4","4","0","2,985","Single","2025","2","Yes","No","","8,100"
"1","F10443537","CS","3270","548 NE 11th Ave","VICTORIA PARK ","","$3,000,000","$3,000,000","4","4","1","3,841","Single","2025","2","Yes","No","","6,500"
"1","A11565710","CS","3270","407 NE 10th Ave","Victoria Park ","","$3,000,000","$2,950,000","4","4","1","","Single","2024","2","Yes","No","Attached","¤8,100"
"1","F10509371","CS","3280","314 Isle Of Capri Dr","Venice Resub ","","$3,000,000","$2,900,000","4","3","0","2,033","Single","1931","0","Yes","Yes","","12,558"
"1","F10490635","CS","3600","701 SE 7th St","Rio Vista C J Hectors Res ","","$3,000,000","$2,875,000","4","3","1","2,995","Single","2025","2","Yes","No","","9,225"
"1","F10492880","CS","3170","2608 Inlet Dr","Breakwater 42-19 B ","","$2,999,999","$2,850,000","4","2","0","1,834","Single","1956","0","No","Yes","","6,221"
"1","A11776347","CS","3600","1762 SE 7th St","RIO VISTA ISLES ","","$2,999,999","$2,875,000","3","3","0","¤2,062","Single","1946","0","Yes","Yes","Detached","¤6,250"
"1","F10555570","CS","3160","151 N Seabreeze Boulevard Unit#E-2502","SELENE OCEANFRONT RESIDEN SELENE OCEANFRONT RESIDEN","","$2,999,000","$2,845,000","3","3","1","2,288","Condo","2025","2","","Yes","","0"
"1","F10544501","CS","3160","1 N Fort Lauderdale Beach Blvd Unit#1907","Ritz Carlton Ritz Carlton","","$2,999,000","$2,400,000","2","2","1","2,203","Condo","2007","2","","Yes","",""
"1","F10476024","CS","3270","129 N Victoria Park Rd","Victoria Park Corr Amd ","","$2,999,000","$2,860,000","4","3","1","3,635","Single","2015","2","Yes","No","","6,451"
"1","A11932371","CS","3600","1013 SE 9th St","RIO VISTA C J HECTORS RES ","","$2,999,000","$2,999,000","4","4","1","4,002","Single","2025","2","Yes","No","Detached","¤6,250"
"1","F10545972","CS","3170","101 S Fort Lauderdale Beach Boulevard Unit#1201","LAS OLAS BEACH CLUB LAS OLAS BEACH CLUB","","$2,998,995","$2,800,000","3","4","0","2,950","Condo","2007","1","","Yes","",""
"1","F10524252","CS","3160","435 Bayshore Dr Unit#PH3","ADAGIO ADAGIO","","$2,995,000","$2,800,000","3","3","1","2,870","Condo","2019","2","","Yes","",""
"1","F10526130","CS","3170","2024 Harbourview Drive","HARBOUR heights ","","$2,995,000","$2,995,000","5","5","1","4,621","Single","2025","2","Yes","No","","10,361"
"1","F10459179","CS","3270","537 NE 12th Ave","Halls Add 1-134 D ","","$2,995,000","$2,800,000","4","4","0","2,850","Single","2025","2","Yes","No","","7,800"
"1","F10514538","CS","3280","49 Fiesta Way","NURMI ISLES ISLAND NO 3 ","","$2,995,000","$2,754,200","4","3","0","2,214","Single","1950","1","Yes","Yes","",""
"1","F10498095","CS","3280","1601 Brickell Dr","Colee Hammock 1-17 B ","","$2,995,000","$2,950,000","3","3","1","2,950","Single","1963","2","No","No","","17,296"
"1","F10496288","CS","3280","160 Isle Of Venice Dr Unit#203","160 Marina Bay 160 Marina Bay","","$2,995,000","$2,725,000","3","3","1","2,918","Condo","2024","2","","Yes","",""
"1","F10463572","CS","3280","423 Mola Ave","Las Olas Isles ","","$2,995,000","$2,650,000","5","5","1","6,500","Single","2025","3","Yes","Yes","","8,314"
"1","F10460038","CS","3600","1200 SE 7th St","Rio Vista C J Hectors Res ","","$2,995,000","$2,681,250","4","4","0","3,438","Single","2017","2","Yes","No","","6,250"
"1","F10469283","CS","3270","456 Victoria Ter","Victoria Park Re-Amended ","","$2,975,000","$2,700,000","4","2","1","2,187","Single","2021","2","Yes","Yes","","7,616"
"1","F10495970","CS","3280","20 Isle Of Venice Dr Unit#PH-1","AQUALUNA LAS OLAS AQUALUNA LAS OLAS","","$2,975,000","$2,885,000","3","3","0","3,134","Condo","2017","2","","Yes","",""
"1","F10504298","CS","3600","1318 SE 13th Ter","Lauderdale Harbors ","","$2,975,000","$2,800,000","4","4","0","3,878","Single","2024","2","Yes","No","","7,000"
"1","F10479106","CS","3160","2200 N Ocean Blvd Unit#S1402","Auberge Auberge","","$2,969,000","$2,500,000","2","3","0","1,753","Condo","2018","2","","Yes","",""
"1","A11613987","CS","3270","709 NE 18th Ave","VICTORIA PARK ","","$2,965,000","$2,875,000","4","4","1","3,599","Single","2024","2","Yes","No","Attached","¤6,969"
"1","F10536565","CS","3160","525 N Fort Lauderdale Beach Blvd Unit#1708","Four Seasons Four Seasons","","$2,950,000","$2,550,000","2","2","1","1,721","Condo","2022","1","","No","",""
"1","F10496737","CS","3170","701 N Fort Lauderdale Beach Blvd Unit#1106","Paramount Paramount","","$2,950,000","$2,650,000","3","3","1","2,420","Condo","2017","2","","Yes","",""
"1","B26001201","CS","3260","1223 Seminole Drive","BEACH WAY HEIGHTS UNIT ","","$2,950,000","$2,950,000","3","2","0","1,989","Single","1951","2","No","Yes","","11,613"
"1","F10478348","CS","3260","2259 NE 20th St","NORTH BAL HARBOUR ","","$2,950,000","$2,638,000","3","2","1","2,495","Single","1970","2","No","Yes","","8,788"
"1","F10471957","CS","3260","2733 NE 25th Pl","Coral Ridge ","","$2,950,000","$2,895,000","5","4","0","3,156","Single","2018","2","Yes","No","","10,000"
"1","A11686160","CS","3270","727 NE 17th Way","VICTORIA HIGHLANDS AMD PL ","","$2,950,000","$2,850,000","4","4","1","¤1,336","Single","2024","2","Yes","No","Detached","¤6,354"
"1","F10491687","CS","3280","330 San Marco Dr","Coral Isles 15-60 B ","","$2,950,000","$2,950,000","2","2","0","1,888","Single","1949","2","Yes","Yes","","11,000"
"1","F10448279","CS","3170","101 S Fort Lauderdale Beach Blvd Unit#1903","Las Olas Beach Club Las Olas Beach Club","","$2,900,000","$2,900,000","3","4","0","3,035","Condo","2007","2","","Yes","",""
"1","A11872604","CS","3260","2401 Fryer Pt","CORAL RIDGE GALT ADD ","","$2,900,000","$2,500,000","4","3","","¤2,646","Single","1974","2","Yes","Yes","Detached","¤11,662"
"1","A11606997","CS","3270","549 NE 11th Ave","VICTORIA PARK ","","$2,900,000","$2,775,000","4","3","1","3,465","Single","2023","2","Yes","No","Attached","¤6,500"
"1","A11882524","CS","3600","1132 SE 6th Ter","RIO VISTA ISLES ","","$2,900,000","$2,850,000","4","4","1","¤3,642","Single","2025","2","Yes","No","Attached","¤7,500"
"1","F10539278","CS","3280","2301 E Las Olas Boulevard","Las Olas Isles ","","$2,899,999","$2,650,000","4","4","0","2,014","Single","1941","0","Yes","Yes","","11,700"
"1","F10461284","CS","3260","2813 NE 28th St","CORAL RIDGE GALT ADD 1 ","","$2,899,000","$2,637,750","4","2","1","2,828","Single","1957","2","Yes","Yes","","10,004"
"1","F10498329","CS","3260","1718 NE 26th Ave","Coral Ridge 21-50 B ","","$2,895,000","$2,850,000","4","3","0","3,307","Single","2022","2","Yes","No","","14,314"
"1","F10473660","CS","3270","1215 NE 4th Street","Halls Add 1-134 D ","","$2,890,000","$2,810,000","4","4","0","3,039","Single","2024","2","Yes","No","","6,500"
"1","A11584570","CS","3270","706 NE 17th way","Victoria Park ","","$2,890,000","$2,875,000","4","4","1","3,856","Single","2024","2","Yes","No","Detached","¤6,930"
"1","A12000441","CS","3280","113 S Gordon Road","NAVARRO ISLE ","","$2,890,000","$2,860,000","3","3","0","¤2,429","Single","1967","0","Yes","Yes","Detached","¤6,500"
"1","F10503302","CS","3260","2316 NE 20th St","NORTH BAL HARBOUR ","","$2,877,000","$2,599,000","3","3","0","2,394","Single","1965","2","Yes","Yes","","9,090"
"1","F10477007","CS","3170","2215 Manatee Dr","Harbour Heights Add 35-21 ","","$2,875,000","$2,372,000","5","4","0","3,546","Single","1961","2","Yes","No","","9,375"
"1","R11141406","CS","3270","1504 NE 6th Street","LAS OLAS PARK ","","$2,875,000","$2,700,000","4","4","0","3,448","Single","2025","2","Yes","No","","6,334"
"1","F10532258","CS","3600","1200 SE 7th St","Rio Vista C J Hectors Res ","","$2,875,000","$2,750,000","4","4","0","3,438","Single","2017","2","Yes","No","","6,250"
"1","B26013884","CS","3280","144 Isle Of Venice Drive Unit#144","NURMI ISLES ISLAND NO 4 ","","$2,865,000","$2,800,000","4","5","0","3,217","Townhouse","2011","2","No","Yes","","2,690"
"1","F10478727","CS","3260","2364 NE 8th St","SUNRISE ","","$2,859,000","$2,700,000","4","4","1","2,799","Single","2024","2","Yes","No","","9,163"
"1","R11002438","CS","3600","1000 SE 11 Court","Rio Vista Isles ","","$2,859,000","$2,820,000","4","3","1","3,325","Single","2024","2","Yes","No","",""
"1","F10549448","CS","3160","321 N Birch Road Unit#1002","321 at Water's Edge 321 at Water's Edge","","$2,850,000","$2,850,000","3","2","1","2,805","Condo","2020","2","","","",""
"1","F10439437","CS","3160","3317 NE 16th Ct","Birch Park Finger Streets ","","$2,850,000","$2,550,000","4","3","0","2,794","Single","1950","2","Yes","No","","6,236"
"1","F10497220","CS","3280","1312 SE 2nd St","Colee Hammock 1-17 B ","","$2,850,000","$2,600,000","4","4","1","3,254","Single","2009","2","Yes","No","","5,500"
"1","A11566975","CS","3280","409 NE 17th Ave","VICTORIA PARK ","","$2,850,000","$2,650,000","4","4","0","¤3,319","Single","2021","2","Yes","No","Detached","¤7,365"
"1","A11831064","CS","3390","416 NW 24th St","MICKELS 2ND ADD TO WILTON ","","$2,850,000","$2,900,000","5","5","","4,220","Single","2025","4","Yes","No","Detached","¤14,233"
"1","F10466033","CS","3600","1500 SE 12th Ct","Lauderdale Harbors Sec A ","","$2,850,000","$2,805,000","4","4","0","3,473","Single","2000","0","No","Yes","","8,666"
"1","A12002023","CS","3270","750 NE 16th Ave","Victoria Park ","","$2,849,000","$2,825,000","5","4","1","3,531","Single","2025","2","Yes","No","Attached","¤7,702"
"1","F10536150","CS","3170","1710 S Ocean Ln Unit#105 & 104","Lago Mar North Lodge Lago Mar North Lodge","","$2,800,000","$2,400,000","4","4","0","2,950","Condo","1984","0","","Yes","",""
"1","F10499730","CS","3270","520 NE 9th Avenue","Holmberg & Mc Kees Sub 1- ","","$2,800,000","$2,800,000","4","5","0","3,636","Single","20032006","2","Yes","No","","8,100"
"1","R11118375","CS","3280","701 N Fort Lauderdale Beach Boulevard Unit#1206","PARAMOUNT FT LAUDERDALE CO ","","$2,800,000","$2,725,000","3","3","1","2,420","Condo","2018","2","No","Yes","",""
"1","B26035910","CS","3370","300 NE 21st Court","Petite 18-18 B ","","$2,800,000","$2,800,000","3","4","1","3,118","Single","2023","3","Yes","No","","9,374"
"1","F10537626","CS","3600","1618 SE 14th Street","Lauderdale Harbors Sec A ","","$2,800,000","$2,675,000","4","4","0","2,590","Single","1953","2","Yes","Yes","","7,700"
"1","F10402740","CS","3160","1 N Fort Lauderdale Beach blvd Unit#1802","Ritz Carlton Ritz Carlton","","$2,799,900","$2,650,000","3","3","0","1,777","Condo","2007","2","","Yes","",""
"1","F10491311","CS","3370","400 NE 22 Street","Wilton Manors ","","$2,795,000","$2,500,000","3","2","1","2,641","Single","2022","2","Yes","No","","9,372"
"1","F10508218","CS","3170","321 N Birch Road Unit#502","321 At Water's Edge 321 At Water's Edge","","$2,790,000","$2,662,500","3","2","1","2,805","Condo","2020","2","","Yes","",""
"1","F10429630","CS","3260","711 INTRACOASTAL DR","SUNRISE INTRACOASTAL ","","$2,790,000","$2,600,000","4","3","2","4,073","Single","1955","2","Yes","No","","12,382"
"1","F10530065","CS","3280","635 Riviera Isle Drive","Riviera 6-17 B ","","$2,790,000","$2,500,000","4","3","0","2,767","Single","1983","2","Yes","Yes","","6,250"
"1","F10489633","CS","3370","1825 Coral Gardens Dr","Middle River Estates 29-4 ","","$2,790,000","$2,700,000","5","4","1","3,285","Single","1955","1","Yes","Yes","","22,679"
"1","F10535019","CS","3280","410 SE 16th Avenue","COLEE HAMMOCK ","","$2,780,000","$2,410,000","4","3","0","2,285","Single","1941","1","No","No","","15,345"
"1","R11130380","CS","3160","2200 N Ocean Boulevard Unit#N201","AUBERGE BEACH RESIDENCES ","","$2,750,000","$2,300,000","2","2","1","1,990","Condo","2018","2","No","Yes","High Rise",""
"1","F10419988","CS","3270","624 NE 17th Way","Victoria Park Corr Amd ","","$2,750,000","$2,564,000","4","4","0","3,501","Single","2024","2","Yes","No","","6,258"
"1","B26019270","CS","3280","2631 Sea Island Drive","SEA ISLAND ","","$2,750,000","$2,750,000","3","2","0","1,476","Single","1953","","No","Yes","","10,021"
"1","F10544024","CS","3600","1429 SE 12th Court","Lauderdale Harbors Sec A ","","$2,750,000","$2,625,000","5","4","1","6,000","Single","1953","0","No","Yes","","7,485"
"1","F10481074","CS","3600","1612 SE 12th Ct","Lauderdale Harbors ","","$2,750,000","$2,500,000","4","4","0","2,659","Single","1954","1","Yes","Yes","","8,800"
"1","A11596386","CS","3270","1212 NE 4th St","STRANAHANS SUB ","","$2,749,900","$2,520,000","4","4","0","¤3,548","Single","2019","2","Yes","No","Detached","¤7,000"
"1","R10994034","CS","3160","2919 Center Avenue","LAUDERDALE BEACH ","","$2,740,000","$2,600,000","3","3","0","2,500","Single","1988","1","Yes","No","","6,430"
"1","R11131271","CS","3260","2541 Middle River Drive","CORAL RIDGE GALT ADD ","","$2,700,000","$2,550,000","4","2","1","3,366","Single","1952","2","Yes","Yes","",""
"1","F10484059","CS","3260","2125 Middle River Dr","Coral Ridge Galt Add 27-4 ","","$2,700,000","$2,400,000","4","4","0","2,519","Single","1953","2","Yes","Yes","","13,592"
"1","F10448132","CS","3260","2824 NE 25th St","Coral Ridge Galt Add 27-4 ","","$2,700,000","$2,500,000","3","3","0","3,341","Single","1965","3","Yes","Yes","","10,000"
"1","F10466480","CS","3260","2872 NE 25th Ct","CORAL RIDGE GALT ADD ","","$2,699,000","$2,600,000","5","5","0","3,230","Single","1959","2","Yes","Yes","","10,000"
"1","F10527476","CS","3160","2200 N Ocean Boulevard Unit#N403","AUBERGE BEACH RESIDENCES AUBERGE BEACH RESIDENCES","","$2,695,000","$2,300,000","2","2","1","1,870","Condo","2018","2","","Yes","",""
"1","A11693680","CS","3270","539 NE 14th Ave","ADD HALL ","","$2,695,000","$2,635,000","4","5","","","Single","2024","2","Yes","No","Detached","¤6,500"
"1","F10343843","CS","3270","735 NE 17th Way","Victoria Park ","","$2,695,000","$2,510,000","5","5","1","3,500","Single","2025","2","Yes","No","","6,350"
"1","F10324326","CS","3270","1612 NE 4th Place","Victoria Park ","","$2,695,000","$2,670,000","5","5","1","4,058","Single","2023","2","Yes","No","","6,250"
"1","F10554853","CS","3280","423 Hendricks Isle","423 Hendricks Isle 423 Hendricks Isle","","$2,695,000","$2,450,000","4","4","0","3,102","Townhouse","2025","1","","Yes","",""
"1","F10451960","CS","3280","921 SE 2nd St","Collee Hammock ","","$2,695,000","$2,500,000","5","4","0","3,232","Single","1924","2","Yes","No","","11,007"
"1","F10526881","CS","3380","1717 NE 17th Terrace","Poinsettia Heights ","","$2,695,000","$2,670,000","4","3","1","3,034","Single","2026","2","Yes","No","","10,133"
"1","F10531685","CS","3280","20 ISLE OF VENICE DR Unit#PH2","AQUALUNA LAS OLAS AQUALUNA LAS OLAS","","$2,694,000","$2,177,000","3","3","0","2,590","Condo","2016","2","","Yes","",""
"1","F10512048","CS","3260","920 Intracoastal Dr Unit#1501","AQUABLU AQUABLU","","$2,675,000","$2,375,000","3","3","1","3,190","Condo","2018","2","","Yes","",""
"1","F10533351","CS","3600","1252 N Rio Vista Boulevard","Rio Vista C J Hectors Res ","","$2,665,000","$2,200,000","3","3","0","2,790","Single","1937","2","Yes","No","","13,200"
"1","F10498666","CS","3160","101 S Fort Lauderdale Beach Blvd Unit#2102","Las Olas Beach Club Las Olas Beach Club","","$2,650,000","$2,310,416","3","3","0","2,380","Condo","2007","1","","Yes","",""
"1","F10526489","CS","3600","1017 SE 13th Terrace","Rio Vista Isles ","","$2,650,000","$2,100,000","5","4","0","2,733","Single","1938","2","Yes","No","","17,822"
"1","A11884915","CS","3800","333 Las Olas Way Unit#2907","LAS OLAS RIVER HOUSE COND Las Olas River House","","$2,650,000","$2,650,000","3","3","1","¤2,726","Condo","2004","1","","Yes","",""
"1","F10520037","CS","3160","3200 NE 26th St","Lauderdale Beach Ext ","","$2,649,000","$2,500,000","4","4","0","3,407","Single","2017","2","Yes","No","","4,690"
"1","A11716170","CS","3270","537 NE 14th Ave","Victoria Park ","","$2,649,000","$2,600,000","4","5","","","Single","2024","2","Yes","No","Detached","¤6,500"
"1","F10511073","CS","3260","2432 BAYVIEW DR","CORAL RIDGE GALT ","","$2,645,000","$2,550,000","4","4","1","2,633","Single","1956","2","Yes","Yes","","8,185"
"1","A11661221","CS","3260","2207 NE 15th Ct","BAL HARBOUR 1ST ADD ","","$2,645,000","$2,640,000","4","3","1","¤2,484","Single","1963","2","Yes","Yes","Detached","¤7,500"
"1","F10551815","CS","3160","401 N Birch Road Unit#1100","Tiffany House Tiffany House","","$2,630,000","$2,425,000","3","3","1","2,006","Condo","2018","3","","No","",""
"1","R11152461","CS","3600","1115 SE 5th Court","RIO VISTA C J HECTORS RESU ","","$2,625,000","$2,625,000","5","4","1","3,407","Single","2008","2","Yes","No","","6,000"
"1","A11936795","CS","3160","1 N Fort Lauderdale Beach Blvd Unit#1906","CASTILLO GRAND RESIDENCES Ritz Carlton","","$2,600,000","$2,400,000","3","3","1","¤2,536","Condo","2008","2","","Yes","",""
"1","F10494989","CS","3160","101 S Fort Lauderdale Beach Blvd Unit#1405","Las Olas Beach Club Las Olas Beach Club","","$2,600,000","$2,160,000","3","4","0","2,950","Condo","2007","1","","Yes","",""
"1","F10529746","CS","3370","215 NE 28th Ct","Sunset Manors Amd 27-26 B ","","$2,600,000","$2,600,000","4","4","1","2,829","Single","2025","2","Yes","No","","10,207"
"1","F10552688","CS","3600","1125 SE 8th Street","RIO VISTA C J HECTORS RES ","","$2,600,000","$2,600,000","5","3","1","3,274","Single","2006","2","Yes","No","","6,250"
"1","A11861486","CS","3600","920 SE 6th St","RIO VISTA C J HECTORS RES ","","$2,600,000","$2,325,000","5","4","0","¤3,191","Single","2002","2","Yes","No","Attached","¤5,975"
"1","F10475195","CS","3260","2817 NE 20th Ct","Coral Ridge North 28-37 B ","","$2,599,900","$2,400,000","4","4","0","3,000","Single","1974","2","Yes","No","","11,108"
"1","F10552189","CS","3260","1610 Middle River Drive","Coral Ridge ","","$2,599,000","$2,475,000","4","4","0","3,111","Single","1950","2","Yes","No","","11,946"
"1","F10490938","CS","3270","1611 NE 5th St","VICTORIA PARK ","","$2,599,000","$2,330,000","4","4","0","3,351","Single","2022","2","Yes","No","","6,250"
"1","F10506620","CS","3470","815 SW 11th St","LAUDERDALE ","","$2,599,000","$2,495,000","5","6","0","3,712","Single","2025","2","Yes","No","","7,125"
"1","B26015828","CS","3260","2517 NE 26th Avenue","CORAL RIDGE GALT ADD ","","$2,595,000","$2,575,000","4","3","1","2,944","Single","2023","2","Yes","No","Patio/Cluster, Ranch, Substantially Remodeled","9,862"
"1","F10451759","CS","3270","1706 NE 1st St","Victoria Park ","","$2,595,000","$2,580,000","4","4","0","3,515","Single","2009","2","Yes","No","","6,250"
"1","F10554886","CS","3280","421 Hendricks Isle","421 Hendricks Isle 421 Hendricks Isle","","$2,595,000","$2,517,000","4","4","0","3,102","Townhouse","2025","1","","Yes","",""
"1","F10423952","CS","3480","1412 SW 15th Ave","Shady Banks ","","$2,590,000","$2,250,000","4","3","1","3,229","Single","1977","2","Yes","Yes","","15,908"
"1","F10489222","CS","3270","620 NE 15th Ave","Victoria Park ","","$2,565,000","$2,475,000","4","4","1","3,922","Single","2025","2","Yes","No","",""
"1","F10441695","CS","3600","820 SE 8th St","RIO VISTA C J HECTORS RES ","","$2,550,000","$1,800,000","4","3","1","3,606","Single","1938","0","Yes","No","","9,375"
"1","A11922122","CS","3260","608 Middle River Dr","SUNRISE ","","$2,500,000","$2,175,000","4","3","0","¤3,073","Single","1982","2","Yes","No","Detached","¤12,500"
"1","F10535772","CS","3260","707 NE 26 Avenue","Sunrise Intracoastal ","","$2,500,000","$2,195,000","3","2","0","2,729","Single","1998","2","Yes","No","",""
"1","R10985631","CS","3260","2614 NE 15th Street","Coral Ridge ","","$2,500,000","$2,375,000","4","4","0","2,613","Single","1950","0","Yes","No","Garden Apartment","21,651"
"1","A11915581","CS","3270","624 N Victoria Park Rd","VICTORIA PARK CORR AMEN P ","","$2,500,000","$2,340,500","4","4","1","¤2,879","Single","2020","2","Yes","No","Detached","¤6,327"
"1","F10522964","CS","3270","317 N Victoria Park Road","VICTORIA PARK CORR AMEN P ","","$2,500,000","$2,325,000","5","4","1","3,800","Single","2004","2","Yes","No","","7,506"
"1","A11901623","CS","3470","1505 SW 5th Pl","VALENTINES SUB B-29 ","","$2,500,000","$2,300,000","6","5","1","4,203","Single","2025","2","Yes","Yes","Attached","¤12,683"
"1","B26022233","CS","3600","1601 SE 12th Court","LAUDERDALE HARBORS SEC A R ","","$2,500,000","$2,500,000","2","2","0","1,556","Single","1953","","Yes","Yes","Substantially Remodeled","8,800"
"1","A11999838","CS","3260","3001 Bayview Dr","CORAL RIDGE GALT ADD NO 1 ","","$2,499,999","$2,250,000","4","3","0","¤2,933","Single","1956","1","Yes","No","Detached","¤15,581"
"1","F10532404","CS","3260","2870 NE 26th Street","Coral Ridge Galt ","","$2,499,000","$2,300,000","4","3","0","2,284","Single","1955","0","Yes","Yes","","10,000"
"1","F10467914","CS","3260","2825 NE 24th St","Coral Ridge Galt Add 27-4 ","","$2,499,000","$2,350,000","3","2","1","2,536","Single","1957","2","Yes","Yes","","10,997"
"1","A11669202","CS","3270","440 NE 17th Ave","VICTORIA PARK ","","$2,499,000","$2,450,000","5","4","1","¤3,932","Single","2018","2","Yes","No","Detached","¤8,753"
"1","F10542971","CS","3160","153 N Seabreeze Boulevard Unit#2505","Selene Selene","","$2,495,000","$2,200,000","2","3","0","1,890","Condo","2025","2","","Yes","",""
"1","F10479604","CS","3160","3311 NE 14 COURT","LAS OLAS BY THE SEA ","","$2,495,000","$2,250,000","3","4","0","2,168","Single","1968","0","Yes","No","","6,212"
"1","B26041138","CS","3270","517 NE 17th Way","VICTORIA PARK CORR AMEN PL ","","$2,495,000","$2,495,000","5","4","1","3,448","Townhouse","2026","2","Yes","No","","4,635"
"1","R11144129","CS","3280","713 Riviera Isle Drive","Riviera Isles ","","$2,495,000","$2,300,000","3","2","0","2,180","Single","1981","","Yes","Yes","","6,250"
"1","F10525780","CS","3280","217 SE 16th Avenue","COLEE HAMMOCK ","","$2,495,000","$2,250,000","4","4","1","3,016","Single","2021","2","Yes","No","","5,500"
"1","F10464692","CS","3280","124 Hendricks Isle Unit#301","One24 Residences One24 Residences","","$2,495,000","$2,280,000","3","3","1","2,285","Condo","2023","2","","Yes","",""
"1","A11985144","CS","3370","301 NE 27th Dr","TROPICAL MANORS ","","$2,495,000","$2,495,000","4","3","1","2,687","Single","2025","2","Yes","No","Detached","¤9,208"
"1","F10465088","CS","3370","2724 NE 21st Ter","Coral Shores ","","$2,495,000","$2,495,000","3","3","1","2,305","Single","2025","2","Yes","Yes","","7,702"
"1","F10462779","CS","3370","506 NE 25th St","Re-Amended Wilton Manors ","","$2,495,000","$2,325,000","3","3","1","2,926","Single","2024","2","Yes","No","","9,195"
"1","F10473629","CS","3470","931 SW 8th St","Tarpon River ","","$2,495,000","$2,400,000","5","4","0","3,733","Single","2024","2","Yes","No","","6,549"
"1","F10449053","CS","3600","1607 SE 13th St","Lauderdale Harbors ","","$2,495,000","$2,330,000","3","2","0","1,406","Single","1952","1","Yes","Yes","","7,700"
"1","F10508808","CS","3280","224 N Gordon Rd","Las Olas - Victoria Isles ","","$2,475,000","$2,200,000","3","2","0","1,614","Single","1958","0","No","Yes","","8,750"
"1","F10445893","CS","3380","2410 NE 16th Ave","PINES AT WILTON MANORS ","","$2,475,000","$2,200,000","3","3","1","2,813","Single","2022","2","Yes","No","","8,189"
"1","F10427471","CS","3600","1758 SE 7th St","RIO VISTA ISLES ","","$2,475,000","$2,350,000","3","2","0","1,648","Single","1973","0","Yes","Yes","","6,250"
"1","A11951786","CS","3160","153 N Seabreeze Blvd Unit#2105-S","SELENE OCEANFRONT SELENE OCEANFRONT","","$2,450,000","$2,100,000","2","3","0","1,870","Condo","2025","1","","Yes","",""
"1","A11864204","CS","3160","2516 NE 32nd Ave","LAUDERDALE BEACH EXT UNIT ","","$2,450,000","$1,332,000","4","4","0","¤3,056","Single","2018","2","Yes","No","Attached","¤4,730"
"1","F10518856","CS","3160","101 S Fort Lauderdale Beach Boulevard Unit#2402","Las Olas Beach Club Las Olas Beach Club","","$2,450,000","$2,220,000","3","3","0","2,380","Condo","2007","1","","Yes","",""
"1","F10477583","CS","3170","701 N Fort Lauderdale Beach Blvd Unit#505","Paramount Fort Lauderdale Paramount Fort Lauderdale","","$2,450,000","$2,450,000","3","3","1","2,419","Condo","2017","2","","Yes","",""
"1","A11677579","CS","3260","1636 NE 18th Ave","LAKELAND RESUB ","","$2,450,000","$2,450,000","4","4","1","2,950","Single","2024","2","Yes","Yes","Attached","¤9,749"
"1","F10483071","CS","3270","514 NE 13TH AV","Victoria Park ","","$2,450,000","$2,100,000","4","4","0","3,420","Single","2005","2","Yes","No","","7,800"
"1","A11662230","CS","3600","1643 SE 13th St","LAUDERDALE HARBORS ","","$2,450,000","$2,315,000","2","2","","¤1,406","Single","1952","0","No","Yes","Detached","¤7,700"
"501","B26027209","CS","3260","2805 NE 29th Street","CORAL RIDGE GALT ADD NO 1 ","","$2,449,000","$2,150,000","4","3","0","2,431","Single","1973","2","Yes","Yes","Ranch, Substantially Remodeled","10,405"
"501","F10520571","CS","3600","1505 SE 11TH ST","RIO VISTA ISLES ","","$2,425,000","$2,425,000","4","3","0","2,732","Single","1987","2","Yes","Yes","",""
"501","F10473591","CS","3270","618 NE 15th Ave","GRACELAND PARK 18-6 B ","","$2,400,000","$2,255,000","4","4","1","3,634","Single","2025","2","Yes","No","",""
"501","F10554687","CS","3280","30 Isle Of Venice Drive Unit#304","Aqualuna Aqualuna","","$2,400,000","$2,300,000","3","3","0","3,134","Condo","2016","2","","Yes","",""
"501","F10527046","CS","3600","810 SE 5th Ct","Rio Vista C J Hectors Res ","","$2,400,000","$2,300,000","4","4","1","3,540","Single","2006","2","Yes","No","","7,200"
"501","F10479475","CS","3600","712 SE 7th St","Rio Vista C J Hectors Res ","","$2,400,000","$2,300,000","4","3","1","3,094","Single","2025","2","Yes","No","","6,500"
"501","F10482193","CS","3800","100 E Las Olas Blvd Unit#4103","100 Las Olas Condo 100 Las Olas Condo","","$2,400,000","$2,100,000","3","3","1","2,964","Condo","2020","2","","No","",""
"501","A11874683","CS","3160","3325 NE 17th Ct","LAS OLAS BY THE SEA EXT ","","$2,399,000","$2,250,000","3","3","1","¤2,907","Single","2001","2","Yes","No","Detached","¤6,236"
"501","A11651393","CS","3170","2642 Marion Dr","HARBOR BEACH EXTENSION ","","$2,399,000","$2,110,000","3","3","1","¤2,323","Single","1955","2","Yes","Yes","Detached","¤9,600"
"501","A11895257","CS","3260","1180 N Federal Hwy Unit#706","RIVA RIVA Residences","","$2,399,000","$2,187,500","3","3","1","¤2,422","Condo","2018","2","","Yes","",""
"501","F10498583","CS","3170","701 N Fort Lauderdale Beach Blvd Unit#1704","Paramount Paramount","","$2,395,000","$2,300,000","2","2","1","1,910","Condo","2018","2","","Yes","",""
"501","F10441923","CS","3260","2119 NE 14th Ct","Lauder Gate Isles 28-17 B ","","$2,395,000","$2,230,000","4","4","0","2,996","Single","2004","2","Yes","Yes","","7,503"
"501","F10513454","CS","3280","101 Isle Of Venice Dr Unit#101","Venice Harbor Venice Harbor","","$2,395,000","$2,395,000","4","4","1","3,212","Townhouse","2015","2","","Yes","",""
"501","F10505846","CS","3280","2614 Clematis Place","IDLEWYLD 1-19 B ","","$2,395,000","$2,150,000","4","4","0","2,698","Single","1996","2","Yes","No","","7,500"
"501","F10523616","CS","3270","739 N Victoria Park Rd","Victoria Highlands Amd ","","$2,390,000","$2,250,000","2","1","0","1,044","Single","1941","1","No","No","","18,136"
"501","A12012970","CS","3270","1704 NE 1st St","VICTORIA PARK CORR AMEN P ","","$2,387,500","$2,387,500","4","4","0","¤3,515","Single","2009","2","Yes","No","Attached","¤6,250"
"501","A11657739","CS","3170","1515 Seabreeze Blvd","HARBOR BEACH ","","$2,375,000","$2,200,000","6","4","0","¤3,366","Single","1960","2","Yes","No","Detached","¤14,198"
"501","F10461930","CS","3800","333 Las Olas Way Unit#3802","LAS OLAS RIVER HOUSE LAS OLAS RIVER HOUSE","","$2,375,000","$2,250,000","3","3","1","2,726","Condo","2004","1","","Yes","",""
"501","B26028988","CS","3160","101 S Fort Lauderdale Beach Boulevard Unit#2004","LAS OLAS BEACH CLUB CONDO ","","$2,350,000","$2,100,000","3","3","0","2,380","Condo","2007","1","No","Yes","","0"
"501","A11943899","CS","3160","2516 NE 32nd Ave","LAUDERDALE BEACH EXT UNIT ","","$2,350,000","$2,240,000","4","4","0","¤3,056","Single","2018","2","Yes","No","Attached","¤4,730"
"501","F10505913","CS","3260","2732 NE 16th St","Coral Ridge 21-50 B ","","$2,350,000","$2,300,000","4","3","0","2,648","Single","1951","2","Yes","Yes","","12,500"
"501","F10471207","CS","3260","2348 NE 20th St","Bal Harbour ","","$2,350,000","$2,000,000","3","2","0","2,220","Single","1971","2","Yes","Yes","","10,167"
"501","F10444147","CS","3280","215 SE 10th Ter Unit#215","THE INDUSTRIAL THE INDUSTRIAL","","$2,350,000","$2,100,000","3","3","1","2,764","Townhouse","2024","2","","No","",""
"501","F10472683","CS","3600","1108 S Rio Vista Blvd","Rio Vista ","","$2,350,000","$2,100,000","3","2","0","2,581","Single","1958","2","Yes","Yes","","8,158"
"501","F10482854","CS","3280","1760 E Las Olas Blvd Unit#300","MAISON BLANC OF LAS OLAS MAISON BLANC OF LAS OLAS","","$2,349,500","$2,300,000","3","4","1","3,886","Condo","2005","2","","Yes","",""
"501","F10517968","CS","3270","1619 E Broward Blvd Unit#A","VICTORIA PARK VICTORIA PARK","","$2,349,000","$2,200,000","4","4","1","3,227","Townhouse","2025","1","","No","",""
"501","F10456613","CS","3280","118 SE 11th Ave Unit#118","Las Olas Townhome Las Olas Townhome","","$2,349,000","$2,255,000","4","3","1","3,430","Townhouse","2007","2","","Yes","",""
"501","F10447015","CS","3480","1400 SW 18th Ct","River Oaks ","","$2,349,000","$2,275,000","5","4","1","4,740","Single","2008","2","Yes","No","","8,665"
"501","F10452271","CS","3370","542 NE 20th St","Tropical Gardens Amd ","","$2,340,000","$2,340,000","6","7","0","3,893","Single","1968","0","Yes","Yes","",""
"501","F10497041","CS","3370","208 NE 23rd Street","Wilton Manors ","","$2,330,000","$2,240,000","3","3","1","2,704","Single","2025","2","Yes","No","","9,372"
"501","F10473160","CS","3800","333 Las Olas Way Unit#2910","Las Olas River House Las Olas River House","","$2,325,000","$1,900,000","3","3","1","3,239","Condo","2004","1","","Yes","",""
"501","F10516596","CS","3260","1514 Middle River Dr","Coral Ridge 21-50 B ","","$2,300,000","$2,100,000","3","3","0","2,942","Single","1952","2","Yes","No","","11,821"
"501","F10469322","CS","3260","2823 NE 24th Pl","Coral Ridge Galt Add 27-4 ","","$2,300,000","$2,275,000","4","3","0","2,804","Single","1972","2","Yes","Yes","","10,000"
"501","F10475768","CS","3280","100 E Las Olas Blvd Unit#2303","100 Las Olas 100 Las Olas","","$2,300,000","$2,200,000","3","3","1","2,658","Condo","2020","2","","Yes","",""
"501","F10474254","CS","3280","20 Isle Of Venice Dr Unit#201","Aqualuna Aqualuna","","$2,300,000","$1,950,000","3","3","0","3,134","Condo","2016","2","","Yes","",""
"501","A11729858","CS","3800","333 Las Olas Way Unit#3302","LAS OLAS RIVER HOUSE COND Las Olas River House","","$2,300,000","$2,200,000","3","3","1","¤2,726","Condo","2004","1","","Yes","",""
"501","F10451641","CS","3260","1725 NE 23rd Ave","Bal Harbour 40-47 B ","","$2,299,000","$2,000,000","4","3","0","2,341","Single","1957","2","Yes","Yes","","11,420"
"501","A11556482","CS","3260","1180 N Federal Hwy Unit#1204","RIVA RIVA Residences","","$2,299,000","$2,100,000","3","3","1","¤2,422","Condo","2018","3","","Yes","",""
"501","F10520841","CS","3160","2925 N Atlantic Bl","LAUDERDALE BEACH 4-2 B ","","$2,295,000","$2,000,000","2","2","0","1,380","Single","1956","","No","No","","6,000"
"501","F10479582","CS","3160","2200 N Ocean Blvd Unit#S405","AUBERGE BEACH AUBERGE BEACH","","$2,295,000","$1,950,000","1","2","0","1,355","Condo","2018","1","","Yes","",""
"501","F10492014","CS","3170","701 N Fort Lauderdale Beach Boulevard Unit#605","PARAMOUNT PARAMOUNT","","$2,295,000","$2,250,000","3","3","1","2,419","Condo","2017","2","","Yes","","0"
"501","F10476475","CS","3170","701 N Fort Lauderdale Beach Blvd Unit#1703","Paramount Residences Paramount Residences","","$2,295,000","$2,295,000","2","2","1","1,750","Condo","2018","2","","Yes","",""
"501","F10525474","CS","3260","2516 NE 26th Avenue","Coral Ridge Galt Add 27-4 ","","$2,295,000","$2,195,000","3","3","1","3,011","Single","1953","2","Yes","No","","10,334"
"501","A11895494","CS","3280","1608 SE 1st St","COLEE HAMMOCK ","","$2,295,000","$2,050,000","5","4","0","¤3,140","Single","2002","2","Yes","No","Attached","¤6,750"
"501","F10477815","CS","3380","1528 NE 16th Ave","Poinsettia Heights 24-46 ","","$2,295,000","$2,150,000","4","3","0","2,950","Single","2022","2","Yes","No","","8,099"
"501","F10527914","CS","3600","1532 SE 12th Street Unit#PH-1","Vela Vista Vela Vista","","$2,295,000","$2,125,000","3","3","1","2,360","Condo","2016","3","","Yes","",""
"501","A11809226","CS","3800","100 E Las Olas Blvd Unit#2603","100 LAS OLAS CONDO 100 Las Olas","","$2,295,000","$2,200,000","3","3","1","¤2,658","Condo","2020","2","","No","",""
"501","F10449636","CS","3800","333 Las Olas Way Unit#3906","Las Olas River House Las Olas River House","","$2,295,000","$2,075,000","3","3","1","3,189","Condo","2004","1","","Yes","",""
"501","F10522943","CS","3170","2619 Barbara Dr","HARBOR BEACH EXTENSION ","","$2,290,000","$2,180,000","3","2","0","2,176","Single","1956","2","No","Yes","","12,000"
"501","F10548043","CS","3170","701 N Fort Lauderdale Beach Boulevard Unit#1603","Paramount Paramount","","$2,275,000","$2,115,000","2","2","1","1,751","Condo","2017","2","","Yes","",""
"501","R11057669","CS","3160","2200 N Ocean Boulevard Unit#N207","Auberge Beach Residences ","","$2,250,000","$2,175,000","2","3","0","1,745","Condo","2018","2","No","Yes","",""
"501","A11640689","CS","3160","3109-3111 NE 26th St Unit#3109-3111","LAUDERDALE BEACH EXT UNIT Dolphin Isles","","$2,250,000","$2,070,000","5","4","","¤4,493","Townhouse","1986","4","","Yes","",""
"501","F10477598","CS","3270","1418 NE 6th St Unit#1418","VICTORIA PARK VICTORIA PARK","","$2,250,000","$2,125,000","3","2","2","3,369","Townhouse","2024","1","","No","",""
"501","F10530537","CS","3280","116 SE 11th Avenue Unit#116","Single Family Townhome Single Family Townhome","","$2,250,000","$2,050,000","4","3","1","3,431","Townhouse","2007","2","","Yes","",""
"501","R11041999","CS","3370","200 NE 22nd Street","WILTON MANORS / PETITE ","","$2,250,000","$2,050,000","5","3","1","3,375","Single","2020","2","Yes","No","Garden Apartment","6,249"
"501","F10537090","CS","3480","1260 SW 14th Avenue","SOUTH FORK ESTATES ","","$2,250,000","$1,875,000","3","2","0","2,236","Single","1962","2","No","Yes","","13,459"
"501","B26010409","CS","3600","1212 Ponce De Leon Drive","RIO VISTA ISLES ","","$2,250,000","$2,210,000","4","3","1","2,734","Single","2014","2","No","No","","5,772"
"501","F10550952","CS","3280","347 Poinciana Drive","Idlewyld 1-19 B ","","$2,249,000","$2,195,000","3","2","1","3,325","Single","1944","","Yes","No","","8,250"
"501","F10514500","CS","3160","3304 NE 15th Ct","LAS OLAS BY THE SEA EXT ","","$2,225,000","$2,175,000","3","2","0","1,954","Single","1992","0","Yes","No","","6,213"
"501","F10474342","CS","3160","101 S Fort Lauderdale Beach Blvd Unit#901","LAS OLAS BEACH CLUB LAS OLAS BEACH CLUB","","$2,225,000","$2,110,000","3","4","0","2,950","Condo","2007","1","","Yes","",""
"501","F10455424","CS","3260","1180 N Federal Highway Unit#1006","RIVA RIVA","","$2,225,000","$2,100,000","3","3","1","2,400","Condo","2018","2","","Yes","",""
"501","F10487226","CS","3270","612 NE 17th Way","Victoria Park Corr Amd ","","$2,225,000","$2,150,000","3","2","1","2,536","Single","2023","2","Yes","No","","6,258"
"501","F10554309","CS","3600","17 Port Side Drive Unit#17A","PORTSIDE YACHT CLUB PORTSIDE YACHT CLUB","","$2,225,000","$2,100,000","3","3","0","2,813","Condo","1981","2","","Yes","",""
"501","F10513708","CS","3170","2612 Grace Drive","Harbor Beach Ext 31-13 B ","","$2,200,000","$2,100,000","2","3","0","1,823","Single","1953","2","No","Yes","","9,600"
"501","F10415572","CS","3170","101 S Fort Lauderdale Beach Blvd Unit#1001","Las Olas Beach Club Las Olas Beach Club","","$2,200,000","$1,850,000","3","4","0","2,950","Condo","2006","2","","Yes","",""
"501","A11681185","CS","3260","1180 N Federal Hwy Unit#801","RIVA RIVA Residences","","$2,200,000","$2,050,000","3","3","","¤2,407","Condo","2018","2","","Yes","",""
"501","F10437066","CS","3260","2525 Bayview Dr","CORAL RIDGE GALT ADD ","","$2,200,000","$1,900,000","4","5","0","2,726","Single","2020","0","Yes","No","","9,866"
"501","F10316268","CS","3270","1610 NE 4th Pl","Victoria Park ","","$2,200,000","$2,276,706","5","5","1","3,500","Single","2023","2","Yes","No","","4,500"
"501","F10484338","CS","3600","1742 SE 14th St","Lauderdale Harbors Sec A ","","$2,200,000","$1,700,000","3","2","0","1,680","Single","1953","0","No","Yes","","7,700"
"501","R11010066","CS","3800","100 E Las Olas Boulevard Unit#3303","100 LAS OLAS CONDO ","","$2,200,000","$2,100,000","4","3","1","2,964","Condo","2020","2","No","Yes","",""
"501","F10442551","CS","3800","806 SE 11th Ct","Rio Vista ","","$2,200,000","$2,150,000","4","4","0","3,244","Single","2022","1","Yes","No","","8,125"
"501","F10421356","CS","3800","100 E Las Olas Blvd Unit#3701","100 Las Olas 100 Las Olas","","$2,200,000","$2,000,000","3","2","1","2,395","Condo","2020","2","","Yes","",""
"501","F10538529","CS","3170","1959 SE 25th Avenue","HARBOUR HEIGHTS ADD ","","$2,199,900","$1,985,000","4","3","0","2,291","Single","1966","2","Yes","No","","9,375"
"501","A11947662","CS","3160","153 N Seabreeze Blvd Unit#1905","Selene Selene","","$2,199,000","$2,060,000","2","3","","1,890","Condo","2025","1","","Yes","",""
"501","A11942558","CS","3470","809 SW 12th Ave","RIVERSIDE ADD AMEN PLAT ","","$2,199,000","$2,125,000","4","3","1","¤3,347","Single","2025","2","Yes","No","Detached","¤6,459"
"501","F10479379","CS","3800","333 Las Olas Way Unit#3803","Las Olas River House Las Olas River House","","$2,199,000","$2,075,000","3","3","1","3,189","Condo","2004","1","","Yes","",""
"501","B26006651","CS","3260","2460 Bayview Drive","CORAL RIDGE GALT ADD ","","$2,195,000","$2,075,000","3","3","0","2,422","Single","1956","2","Yes","Yes","Ranch","13,309"
"501","F10468111","CS","3260","920 Intracoastal Dr Unit#603","AQUABLU AQUABLU","","$2,195,000","$1,950,000","3","3","1","3,258","Condo","2018","2","","Yes","",""
"501","F10434063","CS","3260","920 Intracoastal Dr Unit#1201","Aquablu Aquablu","","$2,195,000","$2,175,000","3","3","1","3,195","Condo","2018","2","","Yes","",""
"501","F10434651","CS","3270","1601 NE 4th Ct","Middle River Park 5-28 B ","","$2,195,000","$2,000,000","3","3","1","3,208","Single","2019","2","Yes","No","","4,866"
"501","F10497849","CS","3280","2417 E Las Olas Blvd","Lauderdale Shores Corr ","","$2,195,000","$2,195,000","2","2","0","3,266","Single","2002","2","No","Yes","","7,800"
"501","F10471428","CS","3380","1755 NE 15th St","Progresso 2-18 D ","","$2,195,000","$2,000,000","4","4","0","2,695","Single","2024","2","Yes","No","","7,000"
"501","F10544741","CS","3600","901 SE 6th Street","RIO VISTA ","","$2,195,000","$2,050,000","3","2","1","2,112","Single","1952","1","Yes","No","","11,939"
"501","F10529629","CS","3800","100 E Las Olas Blvd Unit#3403","100 Las Olas 100 Las Olas","","$2,195,000","$1,900,000","3","3","1","2,658","Condo","2020","2","","No","",""
"501","F10466040","CS","3280","1615 SE 4th Street","COLEE HAMMOCK ","","$2,190,000","$2,080,000","4","3","1","3,523","Single","1938","1","Yes","No","","10,875"
"501","A11922275","CS","3370","2112 NE 17th Ave","MIDDLE RIVER MANOR ADD ","","$2,190,000","$2,150,000","4","4","","¤2,984","Single","2016","0","Yes","Yes","Attached","¤6,953"
"501","B26005312","CS","3270","640 NE 17th Way","VICTORIA PARK CORR AMEN PL ","","$2,185,000","$2,175,000","5","5","1","3,962","Single","2022","1","Yes","No","Substantially Remodeled","6,258"
"501","B26004132","CS","3260","2416 NE 22nd Terrace","NORTH BAL HARBOUR ","","$2,175,000","$1,795,000","4","4","1","3,343","Single","1959","1","Yes","Yes","","9,154"
"501","F10532894","CS","3370","318 NE 25th St","Harold A Keats Add 24-40 ","","$2,175,000","$2,065,000","3","2","1","2,755","Single","2018","2","Yes","No","","7,500"
"501","A11927359","CS","3380","1729 NE 16th Ter","PROGRESSO ","","$2,175,000","$2,100,000","4","3","1","","Single","2025","2","Yes","No","Attached","¤6,752"
"501","F10464695","CS","3600","1001 SE 5th Ct","Rio Vista ","","$2,175,000","$2,075,000","3","3","0","2,654","Single","1973","0","Yes","No","","9,001"
"501","F10539272","CS","3160","615 Bayshore Drive Unit#106","La Cascade La Cascade","","$2,150,000","$1,950,000","3","3","1","2,698","Townhouse","2003","2","","Yes","",""
"501","F10479401","CS","3170","2642 Barbara Dr","Harbor Beach Ext 31-13 B ","","$2,150,000","$1,835,000","4","5","0","3,432","Single","1953","0","Yes","No","","14,216"
"501","F10524466","CS","3260","1711 Bayview Dr","Coral Ridge ","","$2,150,000","$2,000,000","3","3","0","2,742","Single","1995","2","Yes","No","","10,279"
"501","F10524447","CS","3270","525 N Victoria Park Rd","VICTORIA PARK ","","$2,150,000","$2,025,000","3","3","2","3,079","Single","2001","2","Yes","No","","5,578"
"501","F10471764","CS","3280","640 SE 26th Ave","Idlewyld 1-19 B ","","$2,150,000","$1,800,000","3","3","1","2,871","Single","1949","0","Yes","No","","9,250"
"501","F10528692","CS","3800","100 E Las Olas Blvd Unit#2803","100 Las Olas 100 Las Olas","","$2,149,950","$1,940,000","3","3","1","2,658","Condo","2020","1","","No","",""
"501","B26010122","CS","","1205 SE 1st Street","COLEE HAMMOCK ","","$2,149,000","$2,050,000","3","3","1","2,786","Townhouse","2020","2","Yes","No","","2,404"
"501","F10494498","CS","3270","1504 NE 6th Ct","Graceland Park 18-6 B ","","$2,149,000","$2,000,000","4","4","1","3,196","Single","2025","2","Yes","No","","5,149"
"501","F10471590","CS","3160","3316 NE 18th St","Las Olas By The Sea Ext 7 ","","$2,125,000","$2,025,000","3","3","0","1,630","Single","1935","0","Yes","No","","6,236"
"501","F10484687","CS","3280","21 Isle Of Venice Dr Unit#402","AquaMar AquaMar","","$2,110,000","$2,100,000","3","3","0","2,531","Condo","2017","2","","Yes","",""
"501","F10495552","CS","3260","2809 NE 25 St","CORAL RIDGE GALT ADD ","","$2,100,000","$1,950,000","3","2","1","2,342","Single","1956","2","Yes","Yes","","9,000"
"501","F10464065","CS","3280","133 Isle of Venice Dr Unit#301","AQUAVUE AQUAVUE","","$2,100,000","$1,862,500","3","3","1","2,849","Condo","2018","2","","Yes","",""
"501","A11611277","CS","3280","45 Hendricks Isle Unit#201","45 HENDRICKS CONDO 45 HENDRICKS","","$2,100,000","$1,800,000","3","3","1","2,979","Condo","2007","2","","Yes","",""
"501","F10433332","CS","3280","400 Hendricks Isle Unit#3A","LANDINGS AT LAS OLAS LANDINGS AT LAS OLAS","","$2,100,000","$2,100,000","4","3","1","2,687","Condo","2005","2","","Yes","",""
"501","F10474396","CS","3370","2124 Coral Shores Dr","Coral Shores-Amen Place O ","","$2,100,000","$1,850,000","3","3","0","2,580","Single","1961","0","Yes","Yes","","13,034"
"501","F10432717","CS","3380","1913 NE 19th St","North Ridge 30-32 B ","","$2,100,000","$1,950,000","3","3","0","2,600","Single","2024","2","Yes","No","","7,959"
"501","F10479039","CS","3470","522 SW 9th Ter","TROPICAL POINT NO 2 ","","$2,100,000","$2,100,000","4","3","1","3,278","Single","1977","2","No","Yes","","11,415"
"501","F10497382","CS","3170","1720 Marietta Dr","Harbor Beach Ext 31-13 B ","","$2,099,000","$1,774,500","3","2","1","1,929","Single","1965","2","Yes","Yes","","12,000"
"501","F10448648","CS","3380","1650 NE 14th St","Progresso 2-18 D ","","$2,099,000","$2,050,000","4","3","1","2,932","Single","2023","2","Yes","No","","6,755"
"501","A11959759","CS","3170","1511 S Ocean Dr","HARBOR BEACH ","","$2,095,000","$1,800,000","5","4","0","¤2,952","Single","1952","0","Yes","No","Detached","¤14,159"
"501","F10541387","CS","3170","2100 S Ocean Lane Unit#2306","Point of Americas Point of Americas","","$2,095,000","$1,950,000","3","3","0","2,491","Condo","1969","1","No","Yes","","0"
"501","F10455342","CS","3260","1500 Middle River Drive","Coral Ridge 21-50 B ","","$2,095,000","$1,980,000","3","3","1","2,458","Single","1951","1","Yes","No","","11,821"
"501","F10443857","CS","3380","1409 NE 17th Way","Poinsettia Heights ","","$2,095,000","$2,050,000","4","3","1","3,154","Single","2024","2","Yes","No","","10,138"
"501","A11757161","CS","3470","1416 SW 9th St","RIVERSIDE ADD AMEN PLAT ","","$2,095,000","$2,010,000","4","3","1","¤3,235","Single","2025","2","Yes","No","Detached","¤6,500"
"501","F10446710","CS","3600","1222 SE 12th Way","Lauderdale Harbors ","","$2,095,000","$1,950,000","4","3","1","4,407","Single","1952","2","Yes","No","","6,898"
"501","A11665259","CS","3260","1812 Middle River Dr Unit#1","LIVERMORE ESTATES 1800 Middle River","","$2,090,000","$1,915,000","4","3","1","","Townhouse","2024","2","","No","",""
"501","A11957114","CS","3160","151 N SEABREEZE BLVD Unit#2003E","selene oceanfront residenc selene oceanfront residen","","$2,075,000","$2,100,000","2","3","","1,615","Condo","2025","0","","Yes","",""
"501","A11950536","CS","3160","1931 NE 32nd Ave","LAUDERDALE BEACH EXT ","","$2,050,000","$2,000,000","5","3","0","¤2,631","Single","1969","2","Yes","No","Detached","¤8,800"
"501","F10538945","CS","3270","517 NE 11th Avenue","Halls Add 1-134 D ","","$2,050,000","$1,910,000","4","3","0","2,447","Single","2015","2","Yes","No","","7,800"
"501","F10542795","CS","3160","153 N Seabreeze Unit#1805-S","Selene Oceanfront Selene Oceanfront","","$2,000,000","$1,977,000","2","3","0","1,890","Condo","2025","1","","No","",""
"501","R11164466","CS","3270","500 N Victoria Park Road","VICTORIA PARK CORR AMEN PL ","","$2,000,000","$1,800,000","5","3","0","2,944","Single","1952","0","Yes","No","","11,453"
"501","F10431033","CS","3270","1632 NE 6th Ct","VICTORIA PARK ","","$2,000,000","$1,920,000","4","3","0","2,042","Single","1945","0","Yes","No","","9,958"
"501","F10482080","CS","3280","2513 E Las Olas Blvd","Lauderdale Shores Corr ","","$2,000,000","$2,000,000","3","2","0","1,420","Single","1941","1","Yes","Yes","","7,800"
"501","F10507307","CS","3370","611 NE 20th St","Wilton Manors ","","$2,000,000","$1,950,000","4","4","0","2,881","Single","2015","2","Yes","No","","14,944"
"501","F10475546","CS","3480","1340 Avocado Isle","CITRUS ISLES ","","$2,000,000","$1,975,000","3","2","0","1,900","Single","1955","2","No","Yes","","11,000"
"501","F10521516","CS","3600","1642 SE 14th St","Lauderdale Harbors Sec A ","","$2,000,000","$1,802,000","3","2","0","1,184","Single","1953","0","No","Yes","",""
"501","F10540384","CS","3800","333 Las Olas Way Unit#1610","LAS OLAS RIVER HOUSE LAS OLAS RIVER HOUSE","","$2,000,000","$1,725,000","3","3","1","3,470","Condo","2004","1","","Yes","",""
"501","F10409937","CS","3170","101 S Fort Lauderdale Beach Blvd Unit#701","Las Olas Beach Club Las Olas Beach Club","","$1,999,999","$1,400,500","3","4","0","2,950","Condo","2006","1","","Yes","",""
"501","A11573273","CS","3280","20 Isle Of Venice Dr Unit#302","AQUALUNA LAS OLAS CONDO AQUALUNA","","$1,999,999","$1,875,000","3","2","0","¤2,590","Condo","2016","2","","Yes","",""
"501","A12021440","CS","3290","2433 Middle River Dr","CORAL RIDGE GALT ADD ","","$1,999,999","$1,875,000","4","3","1","¤3,093","Single","1952","0","Yes","Yes","Detached","¤12,116"
"501","F10548675","CS","3170","1900 Admirals Way","Harbour Heights Add 35-21 ","","$1,999,000","$1,875,000","4","3","0","2,681","Single","1955","2","Yes","No","","9,375"
"501","F10538842","CS","3170","153 N Seabreeze Boulevard Unit#1704s","SELENE OCEANFRONT RESIDEN SELENE OCEANFRONT RESIDEN","","$1,999,000","$1,700,000","2","2","1","1,707","Condo","2025","1","","Yes","","0"
"501","A11645290","CS","3260","1180 N Federal Hwy Unit#1102","RIVA RIVA Residences","","$1,999,000","$1,900,000","3","3","1","¤2,251","Condo","2018","2","","Yes","",""
"501","F10481134","CS","3280","60 Hendricks Isle Unit#402","Aqua Vita Aqua Vita","","$1,999,000","$1,860,000","2","2","0","2,321","Condo","2015","2","","Yes","",""
"501","F10539973","CS","3370","317 NE 21 Street","Wilton Manors ","","$1,999,000","$1,999,000","4","3","0","2,796","Single","2025","2","Yes","No","","9,373"
"501","A11825708","CS","3600","39 Portside Drive Unit#39B","PORTSIDE YACHT CLUB CONDO Portside Yacht Club","","$1,999,000","$1,830,500","2","2","1","¤2,530","Townhouse","1981","2","","Yes","",""
"501","F10478175","CS","3600","1110 Ponce De Leon Dr","Rio Vista Isles ","","$1,999,000","$1,800,000","4","3","1","2,240","Single","1972","0","No","No","","4,993"
"501","F10458018","CS","3800","100 E Las Olas Blvd Unit#3001","100 Las Olas Condominium 100 Las Olas Condominium","","$1,998,000","$1,975,000","3","2","1","2,395","Condo","2020","2","","No","",""
"501","F10476288","CS","3160","601 N Ft Lauderdale Bch Blvd Unit#1502","THE ATLANTIC HOTEL CONDO THE ATLANTIC HOTEL CONDO","","$1,995,000","$1,875,000","2","2","1","2,450","Condo","2004","1","","Yes","",""
"501","A11985596","CS","3170","2200 S Ocean Ln Unit#905","POINT OF AMERICAS PHASE I POINT OF AMERICAS","","$1,995,000","$1,650,000","2","2","","¤2,170","Condo","1971","1","","Yes","",""
"501","F10531366","CS","3260","920 Intracoastal Drive Unit#1502","AQUABLU AQUABLU","","$1,995,000","$1,700,000","2","2","0","2,136","Condo","2018","2","","Yes","","0"
"501","F10465410","CS","3260","2727 NE 14th St Unit#3","WATER'S EDGE WATER'S EDGE","","$1,995,000","$1,885,000","3","3","1","3,051","Townhouse","2014","2","","Yes","",""
"501","F10430055","CS","3270","705 NE 17TH WAY","Victoria Park ","","$1,995,000","$1,850,000","4","3","1","3,260","Single","2006","2","Yes","No","",""
"501","F10410195","CS","3270","100 N Federal Hwy Unit#PH-1","Waverly At Las Olas Waverly At Las Olas","","$1,995,000","$1,995,000","5","4","1","5,103","Condo","2005","4","","No","",""
"501","F10309320","CS","3270","1616 NE 4th PL","Victoria Park ","","$1,995,000","$2,065,000","5","5","1","3,500","Single","2023","2","Yes","No","","6,250"
"501","F10543843","CS","3280","411 N New River Drive Unit#2401","Las Olas Grand Las Olas Grand","","$1,995,000","$1,900,000","3","3","0","2,635","Condo","2005","2","","Yes","","0"
"501","R11153787","CS","3820","12 SE 10th Avenue","The Beverly Las Olas ","","$1,995,000","$1,975,000","3","3","1","3,033","Townhouse","2023","2","Yes","No","","1,743"
"501","F10542413","CS","3160","151 N Seabreeze Boulevard Unit#1403","Selene Oceanfront Residen Selene Oceanfront Residen","","$1,990,000","$1,850,000","2","2","1","1,680","Condo","2025","2","","Yes","",""
"501","A11562880","CS","3170","2200 S Ocean Ln Unit#401 & 402","POINT OF AMERICAS PHASE I Point of Americas II","","$1,990,000","$1,750,000","4","3","1","¤3,621","Condo","1971","2","","Yes","",""
"501","F10477167","CS","3260","1222 Bayview Dr","Beach Way Heights ","","$1,990,000","$1,890,000","3","3","0","1,803","Single","1951","2","No","Yes","","13,491"
"501","F10496015","CS","3370","2040 NE 6th Ter","Letarte 172-166 B ","","$1,990,000","$1,700,000","3","3","1","2,867","Single","2005","2","Yes","No","","11,896"
"501","F10540768","CS","3470","301-311 SW 14 Way","River Highlands 10-3 B ","","$1,990,000","$1,850,000","3","3","0","1,395","Single","1971","0","Yes","Yes","","15,789"
"501","F10430914","CS","3480","2125 SW 10th Ave","RIVER OAKS ","","$1,990,000","$1,800,000","5","5","0","3,000","Single","2024","2","Yes","No","","6,650"
"501","F10485267","CS","3280","411 N New River Dr Unit#2306","LAS OLAS GRAND LAS OLAS GRAND","","$1,985,000","$1,985,000","3","3","1","2,635","Condo","2005","2","","Yes","",""
"501","F10478726","CS","3160","2100 N Ocean Blvd Unit#16B","The Palms The Palms","","$1,950,000","$1,875,000","3","2","1","2,623","Condo","1999","1","","Yes","",""
"501","A11641994","CS","3170","1217 Seabreeze Blvd","HARBOR BEACH ","","$1,950,000","$1,862,000","6","3","0","¤2,706","Single","1950","0","Yes","No","Attached","¤9,456"
"501","A11769593","CS","3270","1639 E Broward Blvd","VICTORIA PARK CORR AMEN P NA","","$1,950,000","$1,725,000","3","2","2","3,074","Townhouse","2023","2","","No","",""
"501","F10478412","CS","3370","1133 NE 18 Court Unit#1133","Contemporary Middle River Contemporary Middle River","","$1,950,000","$1,750,000","3","2","1","3,583","Villa","2025","2","","Yes","",""
"501","F10363176","CS","3380","1317 NE 17th Ave","Poinsettia Heights ","","$1,950,000","$1,850,000","5","4","1","3,391","Single","2023","2","Yes","No","","6,754"
"501","A12001859","CS","3480","1008 Mandarin Isle","SOUTH NEW RIVER ISLES SEC ","","$1,950,000","$2,225,000","5","6","1","¤4,177","Single","2007","3","Yes","Yes","Detached","¤10,600"
"501","F10449675","CS","3600","1235 SE 13th Ter","Lauderdale Harbors ","","$1,950,000","$1,800,000","4","3","0","2,105","Single","2016","2","Yes","No","","6,355"
"501","F10464521","CS","3800","121 Rose Dr","PLACIDENA FIRST UNIT ","","$1,950,000","$1,850,000","3","2","0","3,681","Single","1929","2","No","Yes","","37,406"
"501","F10461623","CS","3160","615 Bayshore Dr Unit#402","La Cascade La Cascade","","$1,949,000","$1,949,000","3","2","1","2,400","Condo","2003","2","","Yes","",""
"501","F10539478","CS","3270","400 NE 8th Avenue","Holmberg & Mc Kees Sub 1- ","","$1,949,000","$1,725,000","5","4","0","3,135","Single","2003","2","Yes","No","","6,750"
"501","F10439423","CS","3800","100 E Las Olas Boulevard Unit#4504","100 Las Olas Condo 100 Las Olas Condo","","$1,949,000","$1,810,000","2","3","0","1,867","Condo","2020","2","","No","",""
"501","A11591268","CS","3270","532 NE 17th Way","VICTORIA PARK ","","$1,945,000","$1,855,000","4","4","0","¤3,232","Single","2001","2","Yes","No","Detached","¤6,571"
"501","F10480024","CS","3160","2013 NE 32nd Avenue","Lauderdale Beach Ext 27-4 ","","$1,925,000","$1,875,000","4","3","1","2,610","Single","1952","2","Yes","No","","8,800"
"501","F10490970","CS","3280","12 SE 10th Ave","The Beverly Las Olas The Beverly Las Olas","","$1,900,000","$1,800,000","3","3","1","3,033","Townhouse","2022","2","","No","",""
"501","A11743189","CS","3370","2710 NE 6th Ln","RESUB OF HIGHLAND ESTATES ","","$1,900,000","$1,800,000","3","2","1","2,404","Single","2024","2","Yes","No","Detached","¤7,091"
"501","F10463008","CS","3370","2341 NE 19th Ave","Middle River Manor 33-29 ","","$1,900,000","$1,825,000","3","3","1","2,400","Single","2021","2","Yes","Yes","","7,003"
"501","F10494453","CS","3600","716 Ponce De Leon","Rio Vista ","","$1,900,000","$1,800,000","4","3","0","2,215","Single","2015","2","Yes","No","","7,305"
"501","A11722286","CS","3280","411 N New River Dr E Unit#2806","LAS OLAS GRAND CONDO LAS OLAS GRAND","","$1,899,999","$1,850,000","3","3","1","¤2,635","Condo","2005","2","","Yes","",""
"501","F10552585","CS","3160","101 S Fort Lauderdale Beach Boulevard Unit#1707","Las Olas Beach Club Las Olas Beach Club","","$1,899,000","$1,735,000","2","2","0","1,905","Condo","2007","2","","Yes","",""
"501","F10473351","CS","3170","1966 Admirals Way","Harbour Heights Add 35-21 ","","$1,899,000","$1,750,000","2","3","0","2,468","Single","1963","2","Yes","No","","9,375"
"501","F10484021","CS","3600","709 SE 7th St","RIO VISTA C J HECTORS RES ","","$1,899,000","$1,775,000","4","4","0","2,523","Single","1951","0","Yes","No","","9,225"
"501","A11656044","CS","3160","2709 Center Ave","LAUDERDALE BEACH ","","$1,898,000","$1,835,000","3","3","0","¤2,146","Single","1952","0","Yes","No","Detached","¤6,012"
"501","R11162219","CS","3280","15 SE 11th Avenue","BEVERLY HEIGHTS ","","$1,898,000","$1,879,000","3","3","1","3,114","Townhouse","2023","2","Yes","No","Garden Apartment","1,825"
"501","F10543663","CS","3170","101 S Fort Lauderdale Beach Boulevard Unit#1004","LAS OLAS BEACH CLUB LAS OLAS BEACH CLUB","","$1,895,000","$1,606,250","3","3","0","2,380","Condo","2007","1","","","","0"
"501","F10543404","CS","3260","2770 NE 14th Street Unit#306","Aquarius Aquarius","","$1,895,000","$1,800,000","3","3","1","1,992","Condo","2016","2","","Yes","","0"
"501","F10506079","CS","3270","1019 NE 3rd St","Victoria Park ","","$1,895,000","$1,850,000","6","6","0","4,451","Single","1955","2","Yes","No","","13,300"
"501","F10474141","CS","3280","2600 Acacia Ct","IDLEWYLD 1-19 B ","","$1,895,000","$1,800,000","3","2","1","1,936","Single","1952","1","Yes","No","",""
"501","F10411451","CS","3280","301 Hendricks Isle Unit#2","PLACE DES ARTS PLACE DES ARTS","","$1,895,000","$1,750,000","3","3","1","3,064","Condo","2005","2","","Yes","",""
"501","F10417820","CS","3370","2000 Coral Shores Dr","Coral Shores 30-44 B ","","$1,895,000","$1,850,000","5","4","1","2,400","Single","1956","0","Yes","Yes","","8,625"
"501","B26003146","CS","3470","605 SW 12th Street","CROISSANT PARK RIVER SEC ","","$1,895,000","$1,650,000","4","4","0","2,815","Single","2025","2","Yes","Yes","","4,743"
"501","F10468154","CS","3470","444 Seminole Ave","Waverly Place 2-19 D ","","$1,895,000","$1,790,000","3","2","0","1,616","Single","1959","0","Yes","Yes","","13,709"
"501","F10552592","CS","3260","2609 NE 8th Street","Sunrise 28-42 B ","","$1,890,143","$1,799,143","3","3","0","2,275","Single","1954","2","Yes","No","","9,900"
"501","F10509282","CS","3160","3114 NE 19th St","LAUDERDALE BEACH EXT ","","$1,890,000","$1,750,000","3","3","0","2,119","Single","1952","1","Yes","No","","8,914"
"501","F10481685","CS","3170","1951 Harbour Inlet Dr","Harbour Heights Add 35-21 ","","$1,890,000","$1,500,000","3","2","0","2,496","Single","1968","2","Yes","No","","8,189"
"501","F10537558","CS","3280","347 N New River Dr Unit#PH 7","WATERGARDEN WATERGARDEN","","$1,890,000","$1,800,000","3","2","1","1,880","Condo","2004","3","","Yes","",""
"501","F10478347","CS","3280","18 SE 11th Avenue Unit#1","Cole Hammock Cole Hammock","","$1,890,000","$1,700,000","3","3","1","2,758","Townhouse","2021","2","","No","",""
"501","F10472684","CS","3280","18 SE 11th Ave","Cole Hammock ","","$1,890,000","$1,700,000","3","3","1","2,758","Single","2021","2","Yes","No","","2,414"
"501","A11911195","CS","3380","2004 NE 17th Way","RIVER RIDGE ","","$1,890,000","$1,650,000","3","2","0","¤2,066","Single","1958","2","Yes","Yes","Detached","¤11,027"
"501","A11835128","CS","3600","1101 Cordova Rd","RIO VISTA ISLES ","","$1,885,000","$1,748,375","3","2","0","¤1,958","Single","1956","2","Yes","Yes","Detached","¤9,991"
"501","A11936753","CS","3620","2435 NE 18th St","LIVERMORE ESTATES 2435 NE 18th St","","$1,885,000","$1,800,000","4","4","1","¤2,557","Townhouse","2025","2","","No","",""
"501","F10555292","CS","3260","2711 NE 20th St","Coral Ridge North Add 24- ","","$1,875,000","$1,875,000","4","3","0","2,561","Single","2014","2","Yes","No","","10,001"
"501","F10504199","CS","3270","315 NE 14th Ave","Stranahans Sub 3-115 D 2- ","","$1,875,000","$1,875,000","4","4","0","2,221","Single","1937","2","Yes","No","","10,150"
"501","F10485323","CS","3370","2717 NE 2nd Ave","Sunset Manors Amd 27-26 B ","","$1,875,000","$1,800,000","4","3","1","2,566","Single","2013","3","Yes","No","","10,701"
"501","F10535962","CS","3480","909 Mango Isle","South New River Isles Sec ","","$1,875,000","$1,807,000","5","4","0","2,858","Single","2007","2","Yes","Yes","","6,360"
"501","F10468685","CS","3600","812 SE 8th St","Rio Vista C J Hectors Res ","","$1,875,000","$1,875,000","4","3","0","2,243","Single","1938","1","No","No","","6,250"
"501","F10490204","CS","3280","5 SE 11th Ave Unit#5","The Beverly The Beverly","","$1,874,950","$1,874,950","3","3","1","2,910","Townhouse","2023","2","","No","",""
"501","A11714598","CS","3370","2119 NE 7th Ave","LETARTE PLAT ","","$1,869,900","$1,635,000","3","3","1","¤2,573","Single","2006","2","Yes","No","Detached","¤8,841"
"501","F10424920","CS","3160","601 N Fort Lauderdale Beach Blvd Unit#1501","THE ATLANTIC HOTEL CONDO THE ATLANTIC HOTEL CONDO","","$1,850,000","$1,525,000","2","2","1","2,050","Condo","2004","1","","Yes","",""
"501","F10506428","CS","3250","2625 NE 28th St","Coral Ridge Galt Add 1 ","","$1,850,000","$1,930,000","4","3","0","2,785","Single","1956","2","Yes","No","","12,096"
"501","B26017696","CS","3260","2625 NE 27th Way","CORAL RIDGE GALT ADD NO 1 ","","$1,850,000","$1,515,000","3","3","0","2,281","Single","1954","2","Yes","No","Ranch, Substantially Remodeled","10,000"
"501","B26001157","CS","3260","2600 Yacht Club Boulevard","Coral Ridge ","","$1,850,000","$1,800,000","4","3","1","2,459","Single","1953","1","Yes","No","Ranch, Substantially Remodeled","10,000"
"501","F10482073","CS","3270","516 NE 12th Avenue","Victoria Park ","","$1,850,000","$1,755,000","3","2","1","2,961","Single","1954","1","Yes","No","","6,500"
"501","F10514078","CS","3370","40 NE 16th Place","Placido Place 11-43 B ","","$1,850,000","$1,700,000","4","4","1","2,254","Single","2026","2","Yes","No","","7,669"
"501","F10460047","CS","3380","1315 NE 17th Ave","Poinsettia Heights ","","$1,850,000","$1,765,000","4","3","1","2,526","Single","2024","2","Yes","No","","6,754"
"501","F10479171","CS","3470","609 SW 12th St","CROISSANT PARK RIVER SEC ","","$1,850,000","$1,700,000","4","4","0","2,815","Single","2024","2","Yes","Yes","","4,823"
"501","F10450379","CS","3470","626 SW 12th Avenue","RIVERSIDE ADD AMEN PLAT ","","$1,850,000","$1,700,000","4","4","0","2,730","Single","2022","1","Yes","No","","6,190"
"501","F10538874","CS","3600","1718 SE 14th St","LAUDERDALE HARBORS SECTIO ","","$1,850,000","$1,800,000","3","2","0","1,196","Single","1958","0","No","Yes","","7,700"
"501","F10479510","CS","3160","612 Bayshore Drive Unit#402","The Wave on Bayshore The Wave on Bayshore","","$1,845,000","$1,725,000","3","2","1","2,104","Condo","2020","2","","No","",""
"501","F10433205","CS","3170","701 N Fort Lauderdale Beach Blvd Unit#TH4","Paramount Paramount","","$1,845,000","$1,700,000","3","4","0","2,195","Townhouse","2017","2","","No","",""
"501","F10461985","CS","3800","100 E Las Olas Blvd Unit#3604","100 LAS OLAS 100 LAS OLAS","","$1,825,000","$1,710,000","2","3","0","1,867","Condo","2020","2","","Yes","",""
"501","A11930946","CS","3170","1344 Seabreeze Blvd","HARBOR BEACH ","","$1,800,000","$1,635,000","4","4","0","¤2,605","Single","1974","4","Yes","No","Detached","¤12,815"
"501","F10467312","CS","3250","2625 NE 28th St","Coral Ridge Galt Add 1 ","","$1,800,000","$1,750,000","4","3","0","2,750","Single","1956","2","Yes","No","","12,096"
"501","F10452262","CS","3260","2660 NE 26th Ter","Coral Ridge Galt Add 1 ","","$1,800,000","$1,640,000","4","3","0","2,720","Single","1959","0","Yes","No","","10,901"
"501","A11881482","CS","3270","1606 NE 6th St","Victoria park Victoria Park","","$1,800,000","$1,750,000","3","3","1","¤1,608","Townhouse","2025","1","","No","",""
"501","A11831520","CS","3270","1608 NE 6th St","Victoria Park Victoria Park","","$1,800,000","$1,725,000","3","3","1","¤2,645","Townhouse","2026","2","","No","",""
"501","F10503034","CS","3370","619 NE 21st Ct","Wilton Manors ","","$1,800,000","$1,740,000","3","3","1","2,407","Single","2018","2","Yes","No","","7,181"
"501","F10513518","CS","3600","904 SE 11th Court","Rio Vista Isles ","","$1,800,000","$1,750,000","3","3","0","2,213","Single","1947","0","No","No","","12,366"
"501","F10487820","CS","3600","24 Port Side Dr Unit#24A","Portside Yacht Club Portside Yacht Club","","$1,800,000","$1,800,000","3","4","0","2,813","Condo","1981","2","","Yes","",""
"501","F10486931","CS","3170","2200 S Ocean Ln Unit#1604","Point of Americas II Point of Americas II","","$1,799,999","$1,600,000","2","2","0","2,011","Condo","1971","2","","Yes","",""
"501","F10542714","CS","3470","626 SW 12th Avenue","RIVERSIDE ADD AMEN PLAT ","","$1,799,999","$1,750,000","5","4","0","2,714","Single","2022","1","Yes","No","","6,190"
"501","A11513774","CS","3160","3501 Vista Park","LAUDERDALE BEACH ","","$1,799,990","$1,760,000","3","3","0","¤2,318","Single","1950","1","No","No","Detached","¤8,282"
"501","F10549804","CS","3160","153 N Seabreeze Unit#1803-S","Selene Selene","","$1,799,000","$1,625,000","2","2","1","1,416","Condo","2025","1","","Yes","",""
"501","F10517479","CS","3250","2743 NE 20th Ct","CORAL RIDGE NORTH CORAL RIDGE NORTH","","$1,799,000","$1,720,000","5","4","0","3,842","Townhouse","2008","2","","No","",""
"501","A11937261","CS","3260","2808 NE 27th St","CORAL RIDGE GALT ADD NO 1 ","","$1,799,000","$1,650,000","3","3","1","¤2,298","Single","1964","2","Yes","Yes","Detached","¤10,930"
"501","A11936019","CS","3260","2728 NE 19th St","CORAL RIDGE NORTH ADD ","","$1,799,000","$1,800,000","3","3","0","","Single","1993","1","Yes","No","Detached","¤10,001"
"501","F10520512","CS","3260","2425 NE 26th Ave","Coral Ridge Galt ","","$1,799,000","$1,799,000","3","3","0","2,332","Single","1954","2","Yes","No","","10,000"
"501","F10460594","CS","3270","222 NE 15th Ave","THE ISLAND ENCLAVE THE ISLAND ENCLAVE","","$1,799,000","$1,656,000","4","4","0","3,262","Townhouse","2006","2","","No","",""
"501","A11914953","CS","3280","1601 SE 1st St","COLEE HAMMOCK ","","$1,799,000","$1,700,000","4","3","0","¤2,196","Single","1997","2","Yes","No","Detached","¤6,250"
"501","A11620664","CS","3270","824 N Victoria Park Rd","Progresso ","","$1,796,000","$1,670,000","4","4","0","¤1,997","Single","1952","0","Yes","No","Attached","¤10,125"
"501","A11965695","CS","3160","301 N Birch Rd Unit#8N","BIRCH POINTE CONDO Birch Pointe","","$1,795,000","$1,670,000","3","3","1","¤3,300","Condo","1997","2","","Yes","",""
"501","F10511677","CS","3160","101 S FORT LAUDERDALE BEACH BLVD Unit#1907","LAS OLAS BEACH CLUB LAS OLAS BEACH CLUB","","$1,795,000","$1,725,000","2","2","0","1,905","Condo","2007","1","","Yes","",""
"501","F10429275","CS","3170","101 S Fort Lauderdale Beach Blvd Unit#902","LAS OLAS BEACH CLUB LAS OLAS BEACH CLUB","","$1,795,000","$1,584,000","3","3","0","2,380","Condo","2006","1","","Yes","",""
"501","F10509288","CS","3260","2806 NE 15th St","Parc View Townhomes Parc View Townhomes","","$1,795,000","$1,675,000","3","3","0","2,604","Townhouse","1989","2","","Yes","",""
"501","F10446038","CS","3260","2457 Bayview Dr","CORAL RIDGE ","","$1,795,000","$1,635,000","4","3","0","2,399","Single","1954","2","Yes","No","","11,473"
"501","R11055847","CS","3270","736 NE 17th Way","VICTORIA HIGHLANDS ","","$1,795,000","$1,712,500","4","3","1","3,011","Single","2008","2","Yes","No","","5,840"
"501","F10438660","CS","3270","537 NE 13th Ave","Victoria Park ","","$1,795,000","$1,700,000","3","3","1","2,759","Single","1959","1","Yes","No","","6,500"
"501","A11919524","CS","3380","1522 NE 17th Way","PROGRESSO ","","$1,795,000","$1,720,000","4","3","0","¤2,533","Single","2021","1","Yes","No","Attached","¤7,692"
"501","F10423171","CS","3380","1500 NE 16th Ave","POINSETTIA HEIGHTS ","","$1,795,000","$1,880,475","3","2","1","2,286","Single","2024","2","Yes","No","","8,099"
"501","F10452896","CS","3600","1111 Ponce De Leon Dr","Rio Vista Isles ","","$1,795,000","$1,659,725","2","2","0","1,590","Single","1953","2","No","Yes","","8,304"
"501","F10437473","CS","3600","1532 SE 12th Street Unit#204","Vela Vista Vela Vista","","$1,795,000","$1,700,000","3","3","1","2,067","Condo","2016","2","","Yes","",""
"501","F10491032","CS","3170","101 S FORT LAUDERDALE BEACH BLVD Unit#1807","LAS OLAS BEACH CLUB LAS OLAS BEACH CLUB","","$1,790,000","$1,740,000","2","2","0","1,905","Condo","2007","1","","Yes","",""
"501","A11727045","CS","3270","726 NE 17th Way","VICTORIA HIGHLANDS AMD PL ","","$1,790,000","$1,775,000","4","2","1","¤2,010","Single","1952","0","Yes","No","Attached","¤9,240"
"501","F10469761","CS","3370","2157 Coral Gardens Dr","Coral Gardens 30-7 B ","","$1,790,000","$1,700,000","3","3","0","2,009","Single","1955","0","Yes","Yes","","7,501"
"501","F10522935","CS","3470","1304 Orange Isle","CITRUS ISLES ","","$1,790,000","$1,700,000","4","3","0","2,208","Single","1960","1","Yes","Yes","","9,675"
"501","A11868566","CS","3480","1004 Guava Isle","SOUTH NEW RIVER ISLES SEC ","","$1,788,000","$1,700,000","3","2","","¤1,944","Single","2025","2","Yes","Yes","Attached","¤7,950"
"501","A11912566","CS","3620","1814 Middle River Dr","LIVERMORE ESTATES 1800 Middle River Dr","","$1,785,000","$1,700,000","3","3","2","¤2,526","Townhouse","2024","2","","No","",""
"501","A11963501","CS","3260","1372 Bayview Dr","GRANDEUR Grandeur","","$1,780,000","$1,725,000","3","3","1","¤2,825","Townhouse","2007","2","","Yes","",""
"501","F10531761","CS","3160","615 Bayshore Dr Unit#105","LA CASCADE LA CASCADE","","$1,778,000","$1,700,000","3","3","1","2,710","Condo","2003","2","","Yes","",""
"501","F10461348","CS","3260","920 Intracoastal Drive Unit#702","AquaBlu AquaBlu","","$1,775,000","$1,650,000","2","2","0","2,136","Condo","2018","2","","Yes","",""
"501","A11561424","CS","3280","85 Hendricks Isle","VICTORIA ISLES Casa Las Olas","","$1,775,000","$1,600,000","3","2","1","¤2,162","Townhouse","1999","2","","Yes","",""
"501","A11496910","CS","3470","613 SW 12th St","CROISSANT PARK RIVER SEC ","","$1,765,000","$1,700,000","4","4","","2,815","Single","2024","2","Yes","Yes","Attached","¤5,208"
"501","F10481347","CS","3170","101 S Fort Lauderdale Beach Blvd Unit#2507","LAS OLAS BEACH CLUB LAS OLAS BEACH CLUB","","$1,755,000","$1,600,000","2","2","0","1,905","Condo","2006","1","","Yes","",""
"501","F10473379","CS","3170","2200 S Ocean Ln Unit#1406","Point of Americas II Point of Americas II","","$1,750,000","$1,695,000","2","2","1","2,071","Condo","1971","1","","Yes","",""
"501","B26025892","CS","3270","616 NE 16th Terrace","VICTORIA PARK ","","$1,750,000","$1,674,000","4","3","0","1,962","Single","1946","1","Yes","No","Ranch, Substantially Remodeled",""
"501","A11899882","CS","3270","734 NE 14th Ave","Victoria Park ","","$1,750,000","$1,645,000","4","4","","¤2,505","Single","2025","2","Yes","No","Attached","¤5,062"
"501","F10479219","CS","3280","161 Isle Of Venice Dr Unit#301","Palms On Venice Palms On Venice","","$1,750,000","$1,710,000","3","3","1","2,128","Condo","2016","2","","Yes","",""
"501","R11037562","CS","3280","1612 SE 2nd Street","COLEE HAMMOCK ","","$1,750,000","$1,600,000","4","3","0","2,186","Single","1928","0","No","No","Garden Apartment","5,663"
"501","F10444304","CS","3280","1616 SE 2ND ST","COLEE HAMMOCK 1-17 B ","","$1,750,000","$1,610,000","3","3","0","2,056","Single","1918","0","Yes","No","","5,750"
"501","R11040294","CS","3370","2201 NE 19th Avenue","MIDDLE RIVER MANOR ","","$1,750,000","$1,660,000","4","3","1","2,400","Single","2023","0","Yes","Yes","Ranch","7,003"
"501","F10537775","CS","3470","620 SW 12th Ave","Riverside Add Amd 1-13 B ","","$1,750,000","$1,750,000","4","4","0","2,714","Single","2022","1","Yes","No","","6,547"
"501","F10533077","CS","3480","921 SW 17th St","Citrus Isles ","","$1,750,000","$1,650,000","6","4","0","3,123","Single","1990","1","No","Yes","","8,101"
"501","A11882612","CS","3270","736 NE 14th Ave","Victoria Park ","","$1,749,000","$1,675,000","4","4","","2,505","Single","2025","2","Yes","No","Attached","¤5,062"
"501","A11769476","CS","3270","1635 E Broward Blvd","VICTORIA PARK CORR AMEN P NA","","$1,749,000","$1,600,000","3","2","2","3,074","Townhouse","2023","2","","No","",""
"501","F10490488","CS","3800","100 E Las Olas Blvd Unit#2604","100 LAS OLAS 100 LAS OLAS","","$1,749,000","$1,600,000","2","3","0","1,867","Condo","2020","2","","Yes","",""
"501","F10477859","CS","3270","540 NE 10th Ave","Halls Add 1-134 D ","","$1,745,000","$1,625,000","4","3","0","2,258","Single","1940","2","Yes","No","","7,800"
"501","F10468654","CS","3600","1108 N RIO VISTA BL","RIO VISTA C J HECTORS RE ","","$1,745,000","$1,525,000","3","3","0","2,582","Single","1974","1","Yes","No","","6,000"
"501","F10546307","CS","3170","2506 Barbara Drive","Harbor Beach Ext 31-13 B ","","$1,738,000","$1,580,000","3","3","1","3,087","Single","1954","0","Yes","No","","13,654"
"501","F10447936","CS","3280","216 SE 10th Ter Unit#216","Venetian Landing Venetian Landing","","$1,729,900","$1,665,000","4","3","1","3,540","Townhouse","2004","2","","Yes","",""
"501","B26014689","CS","3170","1601 Seabreeze Boulevard","HARBOR BEACH ","","$1,725,000","$1,650,000","3","3","0","1,997","Single","1964","2","Yes","No","","14,195"
"501","F10519842","CS","3260","2524 NE 26th Terrace","Coral Ridge Galt Add 27-4 ","","$1,725,000","$1,550,000","4","4","0","3,020","Single","1957","","Yes","No","","10,285"
"501","F10453061","CS","3260","2404 NE 28th Ave","Coral Ridge Galt Add 27-4 ","","$1,725,000","$1,620,000","3","2","0","1,697","Single","1954","1","Yes","Yes","","9,059"
"501","F10529950","CS","3270","459 NE 15th Ave","Las Olas Park Corr 6-12 B ","","$1,725,000","$1,700,000","4","3","1","3,301","Single","1939","2","Yes","No","","12,366"
"501","F10428680","CS","3280","411 N New River Dr Unit#1406","LAS OLAS GRAND LAS OLAS GRAND","","$1,725,000","$1,650,000","3","3","1","2,635","Condo","2005","2","","Yes","",""
"501","F10493331","CS","3370","2626 NE 5th Ter","Sunset Manors Amd 27-26 B ","","$1,725,000","$1,585,000","3","2","0","1,984","Single","2017","2","Yes","No","","10,261"
"501","A11793903","CS","3800","333 Las Olas Way Unit#2209","LAS OLAS RIVER HOUSE COND Las Olas River House","","$1,725,000","$1,600,000","2","2","1","¤2,141","Condo","2004","1","","Yes","",""
"501","F10486231","CS","3260","2416 NE 22nd Ter","North Bal Harbour 45-3 B ","","$1,719,000","$1,665,000","4","3","1","3,343","Single","1959","1","Yes","Yes","","9,154"
"501","F10532723","CS","3160","2212 NE 32nd Avenue","Lauderdale Beach Ext 27-4 ","","$1,700,000","$1,650,000","4","3","0","2,184","Single","1955","1","Yes","No","","8,801"
"501","F10476322","CS","3160","3008 Center Ave","lauderdale Beach ","","$1,700,000","$1,400,000","3","2","0","1,700","Single","1951","0","No","No","",""
"501","F10470977","CS","3160","612 Bayshore Dr Unit#602","The Wave on Bayshore The Wave on Bayshore","","$1,700,000","$1,525,000","3","2","1","2,104","Condo","2020","2","","No","",""
"501","F10512123","CS","3260","2727 NE 20  CT","Fee simple townhome Fee simple townhome","","$1,700,000","$1,620,000","4","4","2","3,736","Townhouse","2006","2","","No","",""
"501","F10556401","CS","3270","509 NE 13 Avenue","Victoria Park ","","$1,700,000","$1,760,000","4","3","1","3,236","Single","2005","2","Yes","No","","6,500"
"501","A11676310","CS","3380","1609 NE 18th Ave","Progresso 2-18 D ","","$1,700,000","$1,680,000","4","3","1","¤2,621","Single","2013","2","Yes","No","Detached","¤6,753"
"501","F10480365","CS","3470","1200 Mango Isle","South New River Isles Sec ","","$1,700,000","$1,658,000","3","2","0","1,728","Single","1954","1","No","Yes","","6,890"
"501","A11955407","CS","3800","333 Las Olas Way Unit#3106","LAS OLAS RIVER HOUSE COND Las Olas River House","","$1,700,000","$1,450,000","2","2","1","¤1,869","Condo","2005","1","","Yes","",""
"501","F10517960","CS","3800","121 Rose Dr","PLACIDENA FIRST UNIT ","","$1,700,000","$1,500,000","3","2","0","3,681","Single","1929","2","No","Yes","","37,406"
"501","F10491446","CS","3260","1849 NE 26th Ave Unit#4","CORAL RIDGE TOWNHOUSE CORAL RIDGE TOWNHOUSE","","$1,699,999","$1,595,000","3","3","1","3,505","Townhouse","2008","2","","No","",""
"501","A12035780","CS","3800","333 Las Olas Way Unit#3503","LAS OLAS RIVER HOUSE COND Las Olas River House","","$1,699,999","$1,600,000","2","2","1","¤1,869","Condo","2004","1","","Yes","",""
"501","A11737667","CS","3170","1800 S Ocean Dr Unit#114","TOWNHOUSES AT HARBOR BEAC Townhouses at Harbor Beac","","$1,699,000","$1,600,000","3","2","1","¤1,750","Townhouse","1979","0","","Yes","",""
"501","F10512039","CS","3280","2612 Alamanda Ct","Idlewyld 1-19 B ","","$1,699,000","$1,650,000","4","3","0","2,306","Single","1940","1","Yes","No","","7,500"
"501","F10505336","CS","3270","220 NE 15th Avenue Unit#220","The Island Enclave The Island Enclave","","$1,698,000","$1,605,000","3","4","0","3,548","Townhouse","2006","2","","No","",""
"501","F10527103","CS","3170","301 N Birch Road Unit#6n","BIRCH POINTE BIRCH POINTE","","$1,695,000","$1,500,000","3","3","1","3,305","Condo","1996","2","No","Yes","","0"
"501","F10516280","CS","3170","1925 SE 25th Ave","HARBOUR HEIGHTS ADD ","","$1,695,000","$1,500,000","4","3","0","2,253","Single","1966","2","Yes","No","","9,641"
"501","F10546282","CS","3260","2464 NE 22nd Terrace","Bal Harbour ","","$1,695,000","$1,425,000","3","2","0","1,554","Single","1961","1","Yes","Yes","","9,377"
"501","F10470353","CS","3260","2540 NE 22nd Ter","North Bal Harbour 45-3 B ","","$1,695,000","$1,550,000","3","2","1","1,956","Single","1959","0","Yes","Yes","","8,908"
"501","A11777801","CS","3270","207 NE 13th Ave Unit#207","STRANAHANS SUB Four Corners Townhouse","","$1,695,000","$1,600,000","4","4","1","¤3,240","Townhouse","2017","2","","No","",""
"501","F10482964","CS","3280","411 N New River Dr Unit#2503","LAS OLAS GRAND LAS OLAS GRAND","","$1,695,000","$1,590,000","2","2","1","2,110","Condo","2005","2","","Yes","",""
"501","F10460370","CS","3280","411 N New River Dr Unit#806","LAS OLAS GRAND LAS OLAS GRAND","","$1,695,000","$1,185,000","3","3","0","2,635","Condo","2005","3","","Yes","",""
"501","F10538676","CS","3370","2131 NE 15th Terrace","EDGEWATER ESTATES ","","$1,695,000","$1,620,000","3","2","0","1,988","Single","1987","2","Yes","Yes","","7,623"
"501","F10420112","CS","3370","2017 NE 24th St","Coral Point 31-27 B ","","$1,695,000","$1,320,000","3","3","0","2,292","Single","2000","2","Yes","Yes","","7,002"
"501","A11550369","CS","3380","1919 NE 21st St","NORTH RIDGE ","","$1,695,000","$1,650,000","3","4","0","¤2,517","Single","1955","2","Yes","Yes","Detached","¤7,364"
"501","R10995847","CS","3600","1113 SE 11th Street","Rio Vista Isles ","","$1,695,000","$1,550,000","3","2","0","1,669","Single","1946","1","Yes","No","Garden Apartment","5,500"
"501","A11641255","CS","3800","100 E Las Olas Blvd Unit#3804","100 Las Olas Condo 100 Las Olas","","$1,695,000","$1,600,000","2","3","0","¤1,867","Condo","2020","1","","Yes","",""
"501","F10496764","CS","3280","324 Riviera Isle Dr","Idlewyld, Riviera Isle ","","$1,694,000","$1,478,000","3","2","1","2,446","Single","1985","0","Yes","No","","5,250"
"501","F10475427","CS","3170","3055 Harbor Dr Unit#603","Harborage Place Harborage Place","","$1,690,000","$1,600,000","3","3","1","3,368","Condo","1998","2","","Yes","",""
"501","A11607863","CS","3270","445 NE 10th Ave","HOLMBERG & MC KEES ","","$1,690,000","$1,653,500","4","3","0","¤2,420","Single","1941","0","Yes","No","Detached","¤8,100"
"501","F10535176","CS","3280","411 N New River Dr Unit#2805","Las Olas Grand Condo Las Olas Grand Condo","","$1,690,000","$1,500,000","2","2","0","1,630","Condo","2005","1","","Yes","",""
"501","R11100326","CS","3600","1116 SE 11th Street","Rio Vista ","","$1,690,000","$1,535,000","3","2","0","1,450","Single","1951","0","Yes","No","","6,250"
"501","A11730294","CS","3270","729 NE 17th Ter","VICTORIA COURTS ","","$1,689,999","$1,635,000","4","4","0","¤2,126","Single","1957","0","No","No","Attached","¤5,577"
"501","F10530698","CS","3170","153 N Seabreeze Blv Unit#S-704","SELENE OCEANFRONT RESIDEN SELENE OCEANFRONT RESIDEN","","$1,689,000","$1,450,000","2","2","1","1,707","Condo","2025","1","","","",""
"501","F10453217","CS","3260","2627 NE 14th St","Coral Ridge 21-50 B ","","$1,685,000","$1,400,000","3","4","0","2,400","Single","1952","0","Yes","No","","15,049"
"501","F10473302","CS","3270","619 NE 13th Ave","VICTORIA PARK ","","$1,685,000","$1,600,000","3","3","2","3,708","Single","1998","0","Yes","No","","6,750"
"501","F10554500","CS","3160","153 N Seabreeze Boulevard Unit#1204","Selene Oceanfront Residenc The Selene Residences","","$1,675,000","$1,625,000","2","2","1","1,707","Condo","2025","1","","No","","0"
"501","F10544430","CS","3170","1530 Seabreeze Boulevard","HARBOR BEACH ","","$1,675,000","$1,635,000","3","2","0","2,106","Single","1952","2","Yes","No","","16,180"
"501","F10496694","CS","3170","2200 S Ocean Ln Unit#1208","Point of Americas II Point of Americas II","","$1,675,000","$1,600,000","2","2","0","2,005","Condo","1971","1","","Yes","",""
"501","F10538433","CS","3260","1624 Middle River Dr","Coral Ridge 21-50 B ","","$1,675,000","$1,530,000","4","3","1","2,552","Single","1949","2","Yes","No","","11,946"
"501","F10499649","CS","3260","2832 NE 22nd St","CORAL RIDGE NORTH ","","$1,675,000","$1,575,000","4","3","1","2,207","Single","1955","2","Yes","No","","10,000"
"501","F10537442","CS","3270","1406 NE 5TH ST","VICTORIA PARK VICTORIA PARK","","$1,675,000","$1,635,000","3","3","1","2,512","Townhouse","2025","1","","No","",""
"501","F10507094","CS","3270","1404 NE 5TH St","VICTORIA PARK VICTORIA PARK","","$1,675,000","$1,650,000","3","3","1","2,512","Townhouse","2025","1","","No","",""
"501","F10526121","CS","3280","161 Isle Of Venice Dr Unit#303","The Palms on Venice The Palms on Venice","","$1,675,000","$1,650,000","3","3","1","2,053","Condo","2017","2","","Yes","",""
"501","F10464090","CS","3280","516 Hendricks Isle Unit#4A","Aria Aria","","$1,675,000","$1,675,000","3","4","1","3,246","Condo","2006","2","","Yes","",""
"501","F10538619","CS","3370","1129 NE 18 Court Unit#1129","Contemporary Middle River Contemporary Middle River","","$1,675,000","$1,675,000","4","3","1","2,704","","2025","2","","Yes","",""
"501","A11373189","CS","3470","605 SW 12th St","CROISSANT PARK RIVER SEC ","","$1,675,000","$1,625,000","4","4","","","Single","2024","2","Yes","Yes","Attached","¤4,743"
"501","F10549267","CS","3600","924 SE 6th Street","Rio Vista C J Hectors Res ","","$1,675,000","$1,600,000","3","2","0","1,950","Single","1957","1","Yes","No","","5,874"
"501","F10542482","CS","3600","33 Port Side Drive Unit#33C","PORTSIDE YACHT CLUB PORTSIDE YACHT CLUB","","$1,669,999","$1,500,000","2","2","1","2,226","Townhouse","1981","1","","Yes","",""
"501","F10472177","CS","3600","1010 N Rio Vista Blvd","Rio Vista ","","$1,669,000","$1,450,000","3","3","0","2,208","Single","1939","0","Yes","No","","6,001"
"501","A11773586","CS","3270","1408 NE 5th St Unit#A","LAS OLAS PARK CORR PLAT Victoria Park","","$1,655,000","$1,570,000","3","3","1","¤2,316","Townhouse","2025","1","","No","",""
"501","R11066418","CS","3112","3030 NE 19th Street","DOLPHIN ISLES; LAUDERDALE ","","$1,650,000","$1,595,000","3","3","0","2,145","Single","1962","2","No","No","","9,344"
"501","F10512091","CS","3160","101 S FORT LAUDERDALE BEACH BLVD Unit#2107","LAS OLAS BEACH CLUB LAS OLAS BEACH CLUB","","$1,650,000","$1,536,179","2","2","0","1,905","Condo","2007","1","","Yes","",""
"501","F10484838","CS","3160","510 N Birch Rd Unit#510","Marbella Townhomes Marbella Townhomes","","$1,650,000","$1,500,000","3","3","1","2,706","Townhouse","2007","2","","No","",""
"501","F10555191","CS","3260","2740 NE 21st Court","CORAL RIDGE GALT 27-4 ","","$1,650,000","$1,400,000","4","2","0","2,162","Single","1955","2","Yes","No","","9,743"
"501","A11746832","CS","3260","2709 NE 15th St","CORAL RIDGE Bayview Town Houses","","$1,650,000","$1,575,000","3","3","1","¤2,856","Townhouse","2005","2","","Yes","",""
"501","F10439317","CS","3260","2525 NE 22nd St","Old Coral Ridge ","","$1,650,000","$1,612,000","4","3","0","1,956","Single","1953","0","Yes","No","","10,003"
"501","F10555712","CS","3270","430 NE 8th Avenue","Holmberg & Mc Kees Sub 1- ","","$1,650,000","$1,630,000","3","3","0","1,968","Single","1940","0","Yes","No","","8,100"
"501","A11988645","CS","3280","347 N New River Dr E Unit#PH2","WATERGARDEN CONDO WaterGarden Condo","","$1,650,000","$1,550,000","2","2","1","¤1,919","Condo","2004","2","","Yes","",""
"501","A11716783","CS","3280","1512 SE 1st St","COLEE HAMMOCK ","","$1,650,000","$1,650,000","5","4","0","¤3,066","Single","2021","2","No","No","Attached","¤3,227"
"501","F10476528","CS","3280","161 Isle Of Venice Dr Unit#204","Palms on Venice Palms on Venice","","$1,650,000","$1,650,000","3","3","1","2,128","Condo","2016","2","","Yes","",""
"501","F10462579","CS","3480","1113 Tangelo Isle","SOUTH NEW RIVER ISLES SEC ","","$1,650,000","$1,500,000","3","3","0","2,044","Single","1957","1","Yes","Yes","","6,890"
"501","F10533939","CS","3600","1414 SE 12th Street Unit#2a","Hemingway Landing Hemingway Landing","","$1,650,000","$1,525,000","3","3","1","2,107","Condo","2009","2","","Yes","","0"
"501","F10455449","CS","3800","100 E Las Olas Blvd Unit#1701","100 E Las Olas 100 E Las Olas","","$1,650,000","$1,625,000","3","2","1","2,395","Condo","2020","2","","No","",""
"501","F10465918","CS","3270","818 NE 2nd Street","8Hundred North 8Hundred North","","$1,649,000","$1,649,000","3","3","1","2,667","Townhouse","2024","2","","No","",""
"501","A11804995","CS","3460","1112 Mandarin Isle","SOUTH NEW RIVER ISLES SEC ","","$1,649,000","$1,570,000","3","2","0","¤1,642","Single","1956","1","Yes","Yes","Attached","¤6,890"
"501","F10361075","CS","3480","619 SW 15th St","The Oaks The Oaks","","$1,649,000","$1,649,000","4","4","1","3,500","Townhouse","2023","2","","No","",""
"501","F10325709","CS","3480","621 SW 15","The Oaks The Oaks","","$1,649,000","$1,625,000","4","4","1","3,500","Townhouse","2023","2","","No","",""
"501","F10439422","CS","3600","26 Portside Dr","PORTSIDE YACHT CLUB PORTSIDE YACHT CLUB","","$1,649,000","$1,350,000","2","2","1","2,226","Townhouse","1981","1","","Yes","",""
"501","F10412583","CS","3170","1700 Marietta Dr","Harbor Beach Ext 31-13 B ","","$1,640,000","$1,640,000","3","2","0","2,070","Single","1956","2","Yes","Yes","","13,922"
"501","F10502482","CS","3270","808 NE 2nd Street Unit#808","8Hundred North 8Hundred North","","$1,629,000","$1,600,000","3","3","1","2,639","Townhouse","2024","2","","No","",""
"501","A11869881","CS","3270","810 NE 17th ter","Victoria Park Victoria Park","","$1,625,000","$1,600,000","3","3","1","¤2,484","Townhouse","2025","1","","No","",""
"501","A11855333","CS","3270","808 NE 17th Ter","PROGRESSO Victoria Park","","$1,625,000","$1,600,000","3","3","1","¤2,484","Townhouse","2025","1","","No","",""
"501","B26008705","CS","","1520 SE 1st Street","COLEE HAMMOCK ","","$1,600,000","$1,300,000","3","3","0","2,048","Single","1941","","No","No","Substantially Remodeled","6,750"
"501","F10503192","CS","3260","2601 NE 27th Terrace","Coral Ridge Galt Add 1 ","","$1,600,000","$1,500,000","3","3","0","3,122","Single","1960","2","Yes","No","","11,469"
"501","A11501421","CS","3270","400 NE 11th Ave","VICTORIA PARK ","","$1,600,000","$1,400,000","5","4","1","¤2,612","Single","2007","2","Yes","No","Detached","¤7,800"
"501","F10494966","CS","3280","19 Hendricks Isle Unit#101","Reflections of Las Olas Reflections of Las Olas","","$1,600,000","$1,500,000","3","3","1","2,420","Townhouse","2000","2","","Yes","",""
"501","A11563405","CS","3280","2601 Acacia Ct","IDLEWYLD ","","$1,600,000","$1,500,000","3","2","","¤2,159","Single","1924","2","No","No","Detached","¤9,000"
"501","F10447714","CS","3380","1122 NE 13 Ave","1120 townHOMES 1120 townHOMES","","$1,600,000","$1,475,000","4","4","0","2,850","Townhouse","2024","2","","No","",""
"501","A11926737","CS","3600","1212 Cordova Rd","LAUDERDALE HARBORS ","","$1,600,000","$1,730,000","2","2","0","¤1,591","Single","1952","0","No","Yes","Attached","¤9,088"
"501","F10487881","CS","3280","115 SE 17th Ave","Colee Hammock ","","$1,599,900","$1,455,000","3","2","1","2,107","Single","1941","0","Yes","No","","6,000"
"501","F10526415","CS","3600","1022 SE 12th Way","Rio Vista Isles ","","$1,599,900","$1,500,000","3","2","0","2,590","Single","1945","1","No","No","","9,375"
"501","F10473156","CS","3160","2845 NE 9th St Unit#1003","LE CLUB LE CLUB","","$1,599,000","$1,450,000","3","3","1","2,630","Condo","2002","2","","Yes","",""
"501","B26037284","CS","3260","1705 NE 26th Avenue","CORAL RIDGE ","","$1,599,000","$1,450,000","3","2","0","2,069","Single","1951","2","Yes","No","Ranch","12,000"
"501","A11921511","CS","3260","936 Intracoastal Dr Unit#PH4","CORINTHIAN ON THE INTRACO Corinthian","","$1,599,000","$1,376,000","2","2","1","¤3,305","Condo","1974","2","","Yes","",""
"501","F10450984","CS","3260","1421 Coral Ridge Dr","Coral Ridge 21-50 B ","","$1,599,000","$1,515,000","4","2","0","2,492","Single","1947","0","Yes","No","","11,821"
"501","A11703560","CS","3270","607 NE 17th Way","VICTORIA PARK CORR AMEN P Victoria Vista Townhomes","","$1,599,000","$1,500,000","3","2","1","¤2,669","Townhouse","2002","2","","No","",""
"501","F10454511","CS","3270","304 NE 12th Ave Unit#304","VICTORIA PARK VICTORIA PARK","","$1,599,000","$1,500,000","4","3","1","2,682","Townhouse","2002","2","","No","",""
"501","F10551732","CS","3370","2116 NE 25th Street","CORAL POINT ","","$1,599,000","$1,495,000","4","2","0","1,874","Single","1968","","Yes","Yes","","7,002"
"501","F10535076","CS","3470","619 SW 10th Street Unit#N/A","Tarpon River Tarpon River","","$1,599,000","$1,200,000","3","4","0","2,888","Townhouse","2019","2","","No","",""
"501","F10498762","CS","3800","100 E Las Olas Blvd Unit#1701","100 Las Olas 100 Las Olas","","$1,599,000","$1,599,000","3","2","1","2,395","Condo","2020","2","","No","",""
"501","F10494627","CS","3280","161 Isle of Venice Unit#203","Palms On Venice Palms On Venice","","$1,597,000","$1,550,000","3","3","1","2,052","Condo","2016","2","","Yes","",""
"501","F10556379","CS","","411 N New River Drive Unit#2903","LAS OLAS GRAND LAS OLAS GRAND","","$1,595,000","$1,350,000","2","2","1","2,110","Condo","2005","2","No","Yes","","0"
"501","F10469125","CS","3160","777 Bayshore Dr Unit#PH-3","Americas On The Park Americas On The Park","","$1,595,000","$1,500,000","4","3","1","3,040","Condo","1976","1","","Yes","",""
"501","F10503911","CS","3170","701 N Fort Lauderdale Beach Blvd Unit#212","Paramount Paramount","","$1,595,000","$1,450,000","2","2","0","1,667","Condo","2017","2","","Yes","",""
"501","A11563575","CS","3170","2200 S Ocean Ln Unit#1102","POINT OF AMERICAS POINT OF AMERICAS","","$1,595,000","$1,520,000","2","2","","¤2,003","Condo","1971","1","","Yes","",""
"501","A11553623","CS","3170","2200 S OCEAN LN Unit#1909","POINT OF AMERICAS POINT OF AMERICAS","","$1,595,000","$1,545,000","2","2","0","¤1,641","Condo","1971","1","","Yes","",""
"501","F10531174","CS","3260","2770 NE 14th St Unit#303","Aquarius Aquarius","","$1,595,000","$1,595,000","3","3","1","2,077","Condo","2016","2","","Yes","",""
"501","B26009153","CS","3270","804 NE 2nd Street","8Hundred North ","","$1,595,000","$1,570,000","3","3","1","2,639","Townhouse","2024","2","No","No","",""
"501","A11937405","CS","3270","609 NE 8th Ave Unit#A","PROGRESSO None","","$1,595,000","$1,575,000","4","3","1","¤2,316","Townhouse","2023","1","","No","",""
"501","F10488627","CS","3280","91 Hendricks Isle","Hendricks Isle Hendricks Isle","","$1,595,000","$1,555,000","3","2","1","2,162","Townhouse","1999","2","","Yes","",""
"501","F10435416","CS","3280","411 N New River Dr E Unit#3203","LAS OLAS GRAND LAS OLAS GRAND","","$1,595,000","$1,495,000","2","2","1","2,110","Condo","2005","1","","Yes","",""
"501","R11092145","CS","3370","2409 NE 18th Avenue","Middle River Manor ","","$1,595,000","$1,620,000","3","3","0","1,882","Single","1955","1","Yes","Yes","","7,000"
"501","A12009907","CS","3380","1137 NE 11th ave","Lake Ridge Lake ridge","","$1,595,000","$1,500,000","4","3","1","","Townhouse","2026","2","","No","",""
"501","F10436823","CS","3600","814 SE 12th Street Unit#814","RIO SOUTH RESIDENCES RIO SOUTH RESIDENCES","","$1,595,000","$1,540,000","4","4","0","2,832","Townhouse","2025","1","","No","",""
"501","R11163708","CS","3800","100 E Las Olas Boulevard Unit#3001","100 Las Olas Condominium ","","$1,595,000","$1,595,000","3","2","1","2,395","Condo","2020","2","No","No","",""
"501","B26023893","CS","3260","2222 NE 15th Court","BAL HARBOUR 1ST ADD ","","$1,590,000","$1,562,000","3","2","1","2,691","Single","1961","2","Yes","No","Substantially Remodeled","7,500"
"501","A11878056","CS","3480","1206 Mango Isle","SOUTH NEW RIVER ISLES SEC ","","$1,590,000","$1,535,000","3","3","","¤1,693","Single","1954","1","No","Yes","Detached","¤6,890"
"501","F10468364","CS","3370","2000 Coral Gardens Dr","Coral Gardens Amd 32-21 B ","","$1,589,000","$1,400,000","4","3","0","1,895","Single","1954","0","Yes","No","","9,512"
"501","F10490519","CS","3470","1504 SW 5TH ST","GILL ISLES ","","$1,585,000","$1,425,000","4","3","0","2,500","Single","1959","1","No","Yes","",""
"501","F10533673","CS","3270","1415 NE 6TH ST","CHS OF SW1/4 OF NE1/4 LYI ","","$1,580,000","$1,400,000","4","3","1","2,222","Single","2018","2","No","No","","2,869"
"501","F10533221","CS","3170","153 N Seabreeze Boulevard Unit#1004-S","SELENE OCEANFRONT RESIDEN SELENE OCEANFRONT RESIDEN","","$1,575,000","$1,500,000","2","2","1","1,707","Condo","2025","1","","Yes","",""
"501","A11823981","CS","3800","333 Las Olas Way Unit#804","LAS OLAS RIVER HOUSE COND Las Olas River House","","$1,575,000","$1,500,000","2","3","0","¤2,129","Condo","2004","1","","Yes","",""
"501","A11638732","CS","3480","1111 SW 18th Ct","YELLOWSTONE PARK ","","$1,565,000","$1,475,000","6","6","0","¤3,888","Single","2005","1","Yes","No","Detached","¤6,248"
"501","F10533875","CS","3170","2100 Manatee Drive","Harbour Heights Add 35-21 ","","$1,555,000","$1,440,000","3","2","0","2,050","Single","1958","","No","No","","10,619"
"501","F10490838","CS","3160","715 Bayshore Drive Unit#904","La Rive La Rive","","$1,550,000","$1,550,000","3","3","1","2,992","Condo","2004","2","","Yes","",""
"501","F10490622","CS","3160","2000 NE 31st Avenue","Dolphin Isles ","","$1,550,000","$1,385,750","3","2","0","2,292","Single","1953","2","Yes","No","","8,800"
"501","F10466562","CS","3160","2020 NE 32nd Ave","LAUDERDALE BEACH EXT ","","$1,550,000","$1,480,000","3","2","0","1,622","Single","1953","2","Yes","No","","8,250"
"501","B26014994","CS","3260","1420 Coral Ridge Drive","CORAL RIDGE ","","$1,550,000","$1,550,000","3","2","0","2,034","Single","1948","","Yes","No","","11,821"
"501","F10530350","CS","3260","2740 NE 29th Street","Coral Ridge Galt Add 1 ","","$1,550,000","$1,382,500","4","3","0","2,297","Single","1955","2","Yes","No","","10,001"
"501","B26012025","CS","3270","715 N Victoria Park Road","VICTORIA HIGHLANDS AMD PLA ","","$1,550,000","$1,500,000","3","3","0","1,810","Single","1951","1","Yes","No","Ranch","7,318"
"501","F10525688","CS","3270","916 NE 17th Avenue Unit#A","ONE PALM ONE PALM","","$1,550,000","$1,550,000","3","3","1","2,532","Townhouse","2025","1","","No","",""
"501","A11943891","CS","3280","1424 SE 12th St Unit#2A","HEMINGWAY LANDINGS CONDO HEMINGWAY LANDINGS","","$1,550,000","$1,365,000","3","3","1","¤2,288","Condo","2009","2","","Yes","",""
"501","A11771636","CS","3380","1718 N Victoria Park Rd","Poinsettia Heights ","","$1,550,000","$1,460,000","3","2","1","¤2,242","Single","2021","0","Yes","No","Detached","¤7,841"
"501","F10463559","CS","3380","1120 NE 13th Ave Unit#1120","1120 ne 13th 1120 ne 13th","","$1,550,000","$1,560,000","4","4","0","2,850","Townhouse","2024","2","","No","",""
"501","A11638995","CS","3600","720 Ponce De Leon Dr","RIO VISTA ISLES ","","$1,550,000","$1,350,000","4","3","0","¤2,000","Single","1931","1","No","No","Detached","¤5,783"
"501","F10478702","CS","3270","1509 NE 5th St","Las Olas Park Corr 6-12 B ","","$1,549,999","$1,437,500","4","2","1","2,396","Single","1931","1","Yes","No","","8,125"
"501","B26013148","CS","3160","101 S Fort Lauderdale Beach Boulevard Unit#1406","LAS OLAS BEACH CLUB ","","$1,549,995","$1,400,000","2","2","0","1,905","Condo","2007","1","No","Yes","","0"
"501","F10445172","CS","3370","2501 NE 19th Ave","Middle River Manor 33-29 ","","$1,549,000","$1,500,000","4","3","1","3,628","Single","1954","2","Yes","Yes","","7,000"
"501","F10491201","CS","3480","1461 SW 21st Ct","River Oaks 173-114 B ","","$1,549,000","$1,450,000","5","4","0","3,089","Single","2021","2","Yes","No","","5,232"
"501","F10528263","CS","3170","2100 S Ocean Lane Unit#1707","Point of Americas Point of Americas","","$1,545,000","$1,400,000","2","2","0","2,116","Condo","1969","1","","Yes","",""
"501","F10544628","CS","3370","2713 NE 21st Ave","CORAL SHORES ","","$1,529,000","$1,529,000","4","3","0","2,711","Single","1975","2","Yes","No","","9,867"
"501","F10526219","CS","3260","2808 NE 22nd St","Coral Ridge North 28-37 B ","","$1,525,000","$1,400,000","4","3","0","1,980","Single","1955","2","Yes","No","","10,000"
"501","F10444465","CS","3260","2433 NE 26th Ave","Coral Ridge Galt Add 27-4 ","","$1,525,000","$1,400,000","3","2","0","1,912","Single","1952","2","Yes","No","","10,000"
"501","F10526537","CS","3270","1608 NE 5th St","Victoria Park Victoria Park","","$1,525,000","$1,350,000","4","3","1","2,910","Townhouse","2006","2","","No","",""
"501","F10465851","CS","3480","1121 Mango Isle","SOUTH NEW RIVER ISLES SEC ","","$1,525,000","$1,466,000","3","2","1","1,768","Single","1954","2","No","Yes","","6,890"
"501","R11010192","CS","3800","100 E Las Olas Boulevard Unit#1904","100 LAS OLAS CONDO ","","$1,525,000","$1,525,000","2","3","0","1,867","Condo","2020","2","No","Yes","High Rise",""
"501","F10529982","CS","3160","525 N Fort Lauderdale Beach Boulevard Unit#1610","Four Seasons Four Seasons","","$1,500,000","$1,325,000","1","2","0","729","Condo","2022","1","No","No","","0"
"501","F10469044","CS","3160","1 N Fort Lauderdale Beach Blvd Unit#1501","Ritz Carlton Ritz Carlton","","$1,500,000","$1,250,000","2","2","1","1,550","Condo","2007","1","","Yes","",""
"501","F10535423","CS","3170","100 S Birch Rd Unit#2502C","Jackson Tower Las Olas Jackson Tower Las Olas","","$1,500,000","$1,350,000","3","2","1","1,990","Condo","2001","2","","Yes","",""
"501","F10498343","CS","3260","2709 NE 28th St","Coral Ridge Galt Add 1 ","","$1,500,000","$1,493,000","4","4","1","2,646","Single","1958","4","Yes","No","","10,001"
"501","F10469713","CS","3260","1627 Coral Ridge Dr","Coral Ridge 21-50 B ","","$1,500,000","$1,425,000","2","2","0","1,606","Single","1947","1","No","No","","11,949"
"501","F10449913","CS","3260","1600 Middle River Dr","Coral Ridge 21-50 B ","","$1,500,000","$1,450,000","4","3","1","2,813","Single","1961","0","Yes","No","","11,781"
"501","A12049263","CS","3270","1232 NE 17th Ter","LAKE RIDGE ","","$1,500,000","$1,500,000","3","3","1","","Single","2026","2","Yes","No","Attached","¤4,254"
"501","A11894506","CS","3270","815 NE 17th Ter","Victoria Park Victoria Park","","$1,500,000","$1,495,000","3","3","1","¤2,255","Townhouse","2024","1","","No","",""
"501","A11692272","CS","3270","601 NE 15th Ave Unit#0","Victoria Park Victoria Park","","$1,500,000","$1,350,000","4","3","1","¤2,290","Townhouse","2019","2","","No","",""
"501","A12009308","CS","3280","417 Hendricks Isle","VICTORIA ISLES 417 Hendricks Isle","","$1,500,000","$1,500,000","3","3","1","¤2,992","Townhouse","2003","2","","Yes","",""
"501","F10536456","CS","3370","101 NE 21st St","Wilton Manors ","","$1,500,000","$1,390,000","4","4","0","3,022","Single","2006","2","Yes","No","","6,249"
"501","F10478322","CS","3370","2125 NE 16TH AVE","EDGEWATER ESTATES ","","$1,500,000","$1,495,000","3","2","0","2,041","Single","1958","2","Yes","Yes","",""
"501","B26028994","CS","3380","1524 NE 17th Avenue","PROGRESSO ","","$1,500,000","$1,500,000","4","4","0","2,826","Single","2006","2","Yes","No","","8,100"
"501","A11865438","CS","3380","1320 NE 16th Ave Unit#B","Lake ridge Lake ridge","","$1,500,000","$1,400,000","3","3","1","¤2,330","Townhouse","2025","2","","No","",""
"501","F10531445","CS","3600","1323 SE 13th Ter","Lauderdale Harbors ","","$1,500,000","$1,450,000","3","2","0","1,911","Single","1952","0","No","No","","7,000"
"501","A11844027","CS","3260","2647 NE 27th Ave","CORAL RIDGE GALT ADD NO 1 ","","$1,499,999","$1,450,000","4","3","1","¤2,069","Single","1956","2","Yes","No","Attached","¤10,525"
"501","F10537651","CS","3600","815 SE 11th Ave","RIO VISTA ","","$1,499,999","$1,400,000","3","3","0","1,947","Single","1938","0","No","No","","6,250"
"501","A12029275","CS","3250","2716 NE 29th Ct","CORAL RIDGE GALT ADD NO 1 ","","$1,499,900","$1,550,000","3","3","0","¤2,093","Single","1954","2","Yes","No","Attached","¤10,001"
"501","A11950642","CS","3160","3309 NE 16th Ct","LAS OLAS BY THE SEA EXT ","","$1,499,000","$1,350,000","2","1","0","¤872","Single","1946","0","No","No","Detached","¤6,236"
"501","F10532655","CS","3170","77 S Birch Rd Unit#5D","The Portofino The Portofino","","$1,499,000","$1,450,000","2","3","0","1,580","Condo","1982","1","","Yes","",""
"501","F10531740","CS","3170","1 Las Olas Circle Unit#1102","Venetian Condominium Venetian Condominium","","$1,499,000","$1,425,000","2","2","0","1,625","Condo","1970","1","","Yes","",""
"501","A11711209","CS","3170","2100 S Ocean Ln Unit#2102","POINT OF AMERICAS CONDO POINT OF AMERICAS","","$1,499,000","$1,455,000","2","2","0","¤1,879","Condo","1969","1","","Yes","",""
"501","F10467363","CS","3170","100 S Birch Rd Unit#2501","Jackson Tower Las Olas Jackson Tower Las Olas","","$1,499,000","$1,450,000","3","2","1","1,998","Condo","2001","1","","Yes","",""
"501","F10456807","CS","3170","100 S Birch Rd Unit#1801A","Jackson Tower Las Olas Jackson Tower Las Olas","","$1,499,000","$1,400,000","3","2","1","1,998","Condo","2001","2","","No","",""
"501","F10488251","CS","3260","2836 NE 22 Street","CORAL RIDGE NORTH ","","$1,499,000","$1,450,000","3","2","0","1,726","Single","1957","0","Yes","No","","10,000"
"501","F10521374","CS","3270","1309 NE 3rd Street","Stranahans Sub 3-115 D 2- ","","$1,499,000","$1,250,000","3","4","0","2,430","Single","2018","1","Yes","No","","7,000"
"501","F10527154","CS","3280","1025 SE 2nd Ct Unit#1025","Venetian Landings Venetian Landings","","$1,499,000","$1,440,000","3","3","1","2,902","Townhouse","2004","2","","No","",""
"501","F10446051","CS","3280","410 Hendricks Isle Unit#204","Landings at Las Olas Landings at Las Olas","","$1,499,000","$1,400,000","3","3","1","2,687","Condo","2005","2","","Yes","",""
"501","F10433988","CS","3280","48 Hendricks Isle Unit#3A-A","THE MERITAGE THE MERITAGE","","$1,499,000","$1,400,000","3","3","1","2,458","Condo","2006","2","","Yes","",""
"501","A11731692","CS","3370","2101 NE 29th Ct","CORAL SHORES ","","$1,499,000","$1,480,000","3","3","0","¤2,011","Single","2015","1","Yes","No","Detached","¤7,001"
"501","F10461612","CS","3170","1665 S Ocean Ln Unit#190","The Oceanage The Oceanage","","$1,498,000","$1,362,500","3","2","0","1,273","Condo","1973","0","","Yes","",""
"501","F10538103","CS","3160","151 N Seabreeze Boulevard Unit#1103-E","SELENE SELENE","","$1,495,000","$1,425,000","2","2","1","1,682","Condo","2025","1","","Yes","",""
"501","F10458643","CS","3170","1680 S Ocean Unit#251","Oceanage Oceanage","","$1,495,000","$1,315,000","2","2","0","1,297","Condo","1978","0","","Yes","",""
"501","F10449737","CS","3170","1680 S Ocean Ln Unit#151","Oceanage Oceanage","","$1,495,000","$1,280,000","3","2","0","1,273","Condo","1973","0","","Yes","",""
"501","A11493971","CS","3170","2100 S Ocean Ln Unit#1206","POINT OF AMERICAS POINT OF AMERICAS","","$1,495,000","$1,420,000","3","4","","¤2,524","Condo","1969","1","","Yes","",""
"501","F10479692","CS","3260","2750 NE 14th St","Seminole Townhouse Seminole Townhouse","","$1,495,000","$1,450,000","3","2","2","3,415","Townhouse","2003","2","","Yes","",""
"501","F10456610","CS","3260","2610 Yacht Club Blvd","Coral Ridge ","","$1,495,000","$1,285,000","3","3","0","2,078","Single","1958","1","Yes","No","","10,001"
"501","A12010979","CS","3270","744 NE 18th Ave","VICTORIA HIGHLANDS ","","$1,495,000","$1,440,000","3","3","0","¤2,456","Single","1947","1","Yes","No","Detached","¤8,386"
"501","F10531621","CS","3270","921 NE 17th Terrace Unit#A","Victoria Park Victoria Park","","$1,495,000","$1,495,000","3","3","1","2,532","Townhouse","2025","1","","No","",""
"501","F10516308","CS","3270","916 NE 17th Ave","ONE PALM ONE PALM","","$1,495,000","$1,495,000","3","3","1","2,532","Townhouse","2025","1","","No","",""
"501","A12004468","CS","3280","609 NE 8th Ave Unit#B","PROGRESSO 609 NE 8 AVE","","$1,495,000","$1,400,000","4","3","1","¤2,264","Townhouse","2024","1","","No","",""
"501","F10436914","CS","3370","2841 NE 14th Ave","MIDDLE RIVER ESTATES ","","$1,495,000","$1,295,000","3","3","0","2,132","Single","1959","0","Yes","Yes","","8,518"
"501","F10554119","CS","3380","1113 NE 11th Avenue","Progresso 2-18 D ","","$1,495,000","$1,300,000","3","2","0","2,128","Single","2017","2","Yes","No","","6,749"
"501","F10438915","CS","3480","1324 Orange Isle","Mrs E F Marshalls Sub Rev ","","$1,495,000","$1,370,000","3","2","0","1,839","Single","1958","2","Yes","Yes","","12,907"
"501","F10533215","CS","3600","1532 SE 12th Street Unit#304","Vela Vista Vela Vista","","$1,495,000","$1,300,000","2","3","0","2,067","Condo","2017","2","","Yes","",""
"501","F10441416","CS","3600","1532 SE 12th Street Unit#203","Vela Vista Vela Vista","","$1,495,000","$1,200,000","2","2","1","1,761","Condo","2016","2","","Yes","",""
"501","F10451036","CS","3370","2181 NE 27th Dr","Coral Gardens 30-7 B ","","$1,490,000","$1,390,000","4","3","0","2,102","Single","1956","0","Yes","Yes","","6,899"
"501","F10453488","CS","3170","100 S Birch Rd Unit#2504","Jackson Tower Las Olas Jackson Tower Las Olas","","$1,485,000","$1,330,000","3","2","1","1,934","Condo","2001","2","","Yes","",""
"501","F10453256","CS","3270","701 N Victoria Park Rd","Victoria Highlands Amd ","","$1,485,000","$1,395,000","3","2","0","1,573","Single","1941","0","Yes","No","","8,449"
"501","F10507135","CS","3380","1719 Poinsettia Dr","Poinsettia Heights River ","","$1,484,000","$1,425,000","4","3","0","1,978","Single","1954","0","Yes","Yes","","9,332"
"501","F10535607","CS","3170","100 S Birch Road Unit#2702","Jackson Tower Jackson Tower","","$1,480,000","$1,400,000","3","2","1","1,990","Condo","2001","2","","Yes","",""
"501","F10532094","CS","3160","508 N Birch Road Unit#508","Marbella Townhomes Marbella Townhomes","","$1,475,000","$1,300,000","4","3","1","2,706","Townhouse","2006","2","","No","",""
"501","A11902007","CS","3270","308 NE 14th Ave","VICTORIA PARK CORR AMEN P Victoria Park","","$1,475,000","$1,412,500","4","4","","¤2,326","Townhouse","2023","1","","No","",""
"501","A11869688","CS","3280","1606 SE 1st St","COLEE HAMMOCK ","","$1,475,000","$1,404,925","3","2","0","¤1,893","Single","1936","0","Yes","No","Detached","¤6,750"
"501","F10514149","CS","3370","2020 NE 3rd Terrace","Wilton Manors First Add 2 ","","$1,475,000","$1,100,000","2","3","0","1,608","Single","1952","0","Yes","No","","9,309"
"501","A11968271","CS","3600","912 SE 13th St","EVERGLADE LAND SALES CO NONE","","$1,475,000","$1,450,000","4","4","0","¤2,619","Townhouse","2026","1","","No","",""
"501","R11138267","CS","3270","111 NE 17th Avenue","VICTORIA PARK CORR AMEN P ","","$1,474,000","$1,395,000","3","2","1","2,207","Single","1954","0","Yes","No","","6,330"
"501","R11020600","CS","3160","2508 Center Avenue","LAUDERDALE BEACH ","","$1,450,000","$1,300,000","2","3","0","1,485","Single","1959","0","Yes","No","Garden Apartment, Ranch","5,625"
"501","F10437590","CS","3160","2221 NE 33rd Ave Unit#2221","Lauderdale Beach Ext Lauderdale Beach Ext","","$1,450,000","$1,390,000","3","2","1","2,070","Townhouse","1996","1","","No","",""
"501","F10512704","CS","3170","1909 Admirals Way","HARBOUR HEIGHTS ","","$1,450,000","$1,300,000","3","2","1","1,970","Single","1963","2","No","No","","9,117"
"501","F10470868","CS","3170","1922 S Ocean Ln Unit#11","OCEAN LANE VILLAS OCEAN LANE VILLAS","","$1,450,000","$1,350,000","2","2","0","940","Co-Op","1956","0","","Yes","",""
"501","F10464891","CS","3170","2200 S Ocean Ln Unit#308","Point of America Point of America","","$1,450,000","$1,250,000","4","2","0","2,011","Condo","1971","1","","Yes","",""
"501","A11604053","CS","3170","2200 S Ocean Ln Unit#205","POINT OF AMERICAS PHASE 2 POINT OF AMERICA 2","","$1,450,000","$1,370,000","2","2","1","¤2,170","Condo","1971","1","","Yes","",""
"501","F10530696","CS","3260","2356 NE 8th St","Sunrise 28-42 B ","","$1,450,000","$1,375,000","3","2","0","2,192","Single","1957","0","Yes","No","","8,895"
"501","F10521142","CS","3260","1500 NE 26th Ave Unit#1500","Coral Ridge Coral Ridge","","$1,450,000","$1,375,000","4","3","1","2,550","Townhouse","2002","2","","No","",""
"501","F10488928","CS","3260","2608 NE 21st Ct","Coral Ridge ","","$1,450,000","$1,475,000","4","4","0","2,865","Single","1952","2","Yes","No","","7,941"
"501","F10481847","CS","3260","2500 NE 26th Ave","Coral Ridge Galt Add 27-4 ","","$1,450,000","$1,380,000","3","2","1","2,146","Single","1953","2","Yes","No","","11,488"
"501","B26026195","CS","3270","518 NE 13th Avenue","Halls Add 1-134 D ","","$1,450,000","$1,389,500","3","2","1","1,608","Single","1941","1","Yes","No","","7,800"
"501","A11895725","CS","3270","312 NE 12th Ave","STRANAHANS SUB Victoria Park","","$1,450,000","$1,360,000","3","3","1","¤2,707","Townhouse","2002","2","","No","",""
"501","F10462851","CS","3280","411 N New River Dr E Unit#1502","Las Olas Grand Las Olas Grand","","$1,450,000","$1,375,000","2","2","0","1,630","Condo","2005","1","","Yes","",""
"501","F10549867","CS","3370","132 NE 21st Court","Petite ","","$1,450,000","$1,410,000","4","3","1","3,184","Single","2004","2","Yes","No","","6,266"
"501","F10512914","CS","3370","2500 NE 17th Ter","Middle River Manor Sub 33 ","","$1,450,000","$1,365,000","3","2","0","1,910","Single","1957","2","No","Yes","","7,001"
"501","F10540168","CS","3380","1215 N Victoria Park Road","Lake Ridge Lake Ridge","","$1,450,000","$1,395,000","3","3","1","3,103","Townhouse","2008","2","","No","",""
"501","R11080562","CS","3480","2110 SW 14 Avenue","River Oaks 173-114 B ","","$1,450,000","$1,413,750","5","4","0","3,089","Single","2019","2","Yes","No","","5,720"
"501","F10424789","CS","3800","333 LAS OLAS WAY Unit#3305","LAS OLAS RIVER HOUSE LAS OLAS RIVER HOUSE","","$1,450,000","$1,325,000","2","3","0","2,129","Condo","2005","1","","Yes","",""
"501","F10551731","CS","3600","812 SE 12th Street Unit#812","RIO SOUTH RESIDENCES RIO SOUTH RESIDENCES","","$1,449,950","$1,375,000","4","4","0","2,841","Townhouse","2025","1","","No","",""
"501","F10555211","CS","3370","2108 NE 18th Avenue","MIDDLE RIVER MANOR ","","$1,445,000","$1,300,000","3","2","1","2,172","Single","1957","2","Yes","Yes","","7,317"
"501","F10539650","CS","3170","153 N Seabreeze Blv Unit#S-903","SELENE OCEANFRONT RESIDEN SELENE OCEANFRONT RESIDEN","","$1,440,000","$1,235,000","2","2","1","1,416","Condo","2025","1","","","",""
"501","F10554307","CS","3160","2800 E Sunrise Boulevard Unit#10A","Sunrise East Sunrise East","","$1,425,000","$1,300,000","3","2","1","2,498","Condo","1970","2","","Yes","",""
"501","F10541303","CS","3260","2508 NE 21st Court","Coral Ridge Galt Add 27-4 ","","$1,425,000","$1,357,500","3","3","0","1,824","Single","1956","1","Yes","No","","10,006"
"501","F10524986","CS","3270","625 NE 15th Ave","Victoria Park ","","$1,425,000","$1,375,000","5","4","0","2,491","Single","1935","0","Yes","No","","5,563"
"501","F10476971","CS","3370","2725 NE 2nd Ave","Sunset Manors Amd 27-26 B ","","$1,425,000","$1,340,000","3","2","0","1,882","Single","1952","2","Yes","No","","10,701"
"501","F10545017","CS","3480","1411 SW 23rd Street","Marina Landings ","","$1,425,000","$1,425,000","4","3","1","2,831","Single","2025","2","No","No","",""
"1001","F10540705","CS","3370","2409 NE 19th Avenue","Middle River Manor 33-29 ","","$1,424,950","$1,282,100","3","3","0","1,706","Single","1954","1","Yes","Yes","","7,000"
"1001","A11898785","CS","3270","1215 NE 1st St","STRANAHANS SUB Canary Palm","","$1,424,000","$1,365,000","3","3","1","¤3,436","Townhouse","2007","2","","No","",""
"1001","A11724962","CS","3470","724 SW 8th Way Unit#724","TARPON RIVER TARPON RIVER","","$1,424,000","$1,423,000","5","5","","2,935","Townhouse","2024","2","","No","",""
"1001","A11747240","CS","3800","333 Las Olas Way Unit#3404","LAS OLAS RIVER HOUSE COND LAS OLAS RIVER HOUSE","","$1,424,000","$1,300,000","2","3","0","¤2,129","Condo","2004","1","","Yes","",""
"1001","B26016981","CS","3160","2831 N Ocean Boulevard Unit#1005n","SAPPHIRE FORT LAUDERDALE C ","","$1,400,000","$1,350,000","3","3","0","1,888","Condo","2009","2","No","No","","0"
"1001","A11845857","CS","3170","2100 S Ocean Ln Unit#1801-2","POINT OF AMERICAS I POINT OF AMERICAS I","","$1,400,000","$1,200,000","3","3","1","¤3,176","Condo","1969","2","","Yes","",""
"1001","F10539579","CS","3260","1801 NE 23rd Ave","Bal Harbour ","","$1,400,000","$1,280,000","4","2","1","1,987","Single","1970","1","Yes","Yes","","8,580"
"1001","A11466457","CS","3270","907 NE 16th Ave","Victoria Park Victoria Park Townhomes","","$1,400,000","$1,350,000","4","3","1","¤2,482","Townhouse","2023","1","","No","",""
"1001","F10451391","CS","3470","650 SW 8th Ter","Ft Lauderdale B-40 D ","","$1,400,000","$1,205,000","4","3","0","2,096","Single","1972","2","Yes","Yes","","15,783"
"1001","F10481540","CS","3160","2110 N Ocean Boulevard Unit#22a","The Palms The Palms","","$1,399,999","$1,200,000","3","3","1","2,130","Condo","2001","1","No","Yes","","0"
"1001","F10490848","CS","3600","805 SE 9th St","RIO VISTA ","","$1,399,999","$1,300,000","3","3","0","2,100","Single","1987","0","No","No","","6,250"
"1001","F10520129","CS","3270","1113 NE 2nd St","Victoria Park Victoria Park","","$1,399,900","$1,350,000","3","3","1","2,404","Townhouse","2022","1","","No","",""
"1001","F10535187","CS","3600","1213 Cordova Rd","LAUDERDALE HARBORS ","","$1,399,500","$1,298,000","4","4","1","2,321","Single","1966","0","Yes","No","","7,000"
"1001","A11693234","CS","3160","401 N Birch Rd Unit#1115","TIFFANY HOUSE CONDO Tiffany House","","$1,399,000","$1,215,000","2","2","1","¤1,293","Condo","2018","2","","No","",""
"1001","F10542085","CS","3170","100 S Birch Rd Unit#1001","Jackson Tower Jackson Tower","","$1,399,000","$1,325,000","3","2","1","1,998","Condo","2001","1","","Yes","",""
"1001","F10455308","CS","3260","2400 NE 26 Avenue","CORAL RIDGE GALT ADD ","","$1,399,000","$1,320,000","3","2","1","2,520","Single","1955","2","Yes","No","","10,442"
"1001","A11594480","CS","3260","2624 NE 26th Pl","CORAL RIDGE GALT ADD NO 1 ","","$1,399,000","$1,300,000","4","3","0","","Single","1956","0","Yes","No","Attached","¤12,640"
"1001","F10442348","CS","3280","217 Hendricks Isle Unit#501","Vista Las Olas Vista Las Olas","","$1,399,000","$1,325,000","3","2","0","1,990","Condo","2000","2","","Yes","",""
"1001","A11749975","CS","3380","1657 Poinsettia Dr","POINSETTIA HEIGHTS RIVER ","","$1,399,000","$1,350,000","3","2","0","¤1,862","Single","1960","2","Yes","Yes","Detached","¤9,578"
"1001","F10518244","CS","3600","823 SE 7th St","Rio Vista C J Hectors Res ","","$1,399,000","$1,370,000","3","3","0","1,745","Single","1960","1","No","No","","5,708"
"1001","A11567713","CS","3800","333 Las Olas Way Unit#909","LAS OLAS RIVER HOUSE COND LAS OLAS RIVER HOUSE","","$1,399,000","$1,350,000","2","2","1","¤2,141","Condo","2004","1","","Yes","",""
"1001","F10513225","CS","3390","701 NW 24th St","Hillbrook 30-4 B ","","$1,398,000","$1,350,000","3","3","1","2,916","Single","1959","2","Yes","No","","11,887"
"1001","F10382273","CS","3470","798 SW 8th Way","Tarpon River Villas # 3 Tarpon River Villas # 3","","$1,398,000","$1,316,250","5","5","0","2,918","Townhouse","2024","2","","No","",""
"1001","F10350400","CS","3470","723 SW 8 Avenue","Tarpon River Villas # 3 Tarpon River Villas # 3","","$1,398,000","$1,250,000","5","5","0","2,918","Townhouse","2023","2","","No","",""
"1001","F10457752","CS","3160","2831 N Ocean Blvd Unit#905N","Sapphire Condominiums Sapphire Condominiums","","$1,395,000","$1,280,000","3","3","0","1,888","Condo","2009","2","","Yes","",""
"1001","B26023183","CS","3260","2701 NE 27th Court","CORAL RIDGE GALT ADD NO 1 ","","$1,395,000","$1,225,000","3","3","0","1,744","Single","1956","2","Yes","No","Ranch","10,001"
"1001","F10549932","CS","3260","2520 Yacht Club Boulevard","Coral Ridge ","","$1,395,000","$1,300,000","3","3","0","1,980","Single","1950","","Yes","No","","10,000"
"1001","F10533727","CS","3260","2031 NE 14th Ct","LAUDER GATE ISLES ","","$1,395,000","$1,280,000","3","3","0","1,320","Single","1954","1","Yes","Yes","","8,050"
"1001","F10527791","CS","3260","2732 NE 26th St","Coral Ridge Galt Add 27-4 ","","$1,395,000","$1,375,000","3","2","1","2,106","Single","1954","2","Yes","No","","10,000"
"1001","F10500219","CS","3260","2449 Bayview Dr","Coral Ridge Galt Add 27-4 ","","$1,395,000","$1,395,000","3","3","0","2,041","Single","1954","2","Yes","No","","10,285"
"1001","F10534332","CS","3270","408 NE 9th Ave","Holmberg & Mc Kees Sub 1- ","","$1,395,000","$1,225,000","4","3","0","2,008","Single","1940","0","Yes","No","","8,100"
"1001","F10465806","CS","3270","615 N Victoria Park Rd","VICTORIA PARK CORR AMEN P ","","$1,395,000","$1,263,000","3","3","0","2,326","Single","1950","1","Yes","No","","5,757"
"1001","F10445152","CS","3270","551 NE 13th Avenue","VICTORIA PARK ","","$1,395,000","$1,395,000","3","3","0","1,954","Single","1952","0","Yes","No","","7,500"
"1001","A11518132","CS","3270","549 NE 12th Ave","VICTORIA PARK ","","$1,395,000","$1,395,000","4","4","","3,093","Single","1956","1","Yes","No","Detached","11,700"
"1001","F10419387","CS","3280","516 Hendricks Isle Unit#5B","ARIA AT LAS OLAS ARIA AT LAS OLAS","","$1,395,000","$1,335,000","2","2","0","2,104","Condo","2006","2","","Yes","",""
"1001","R11043608","CS","3370","2300 NE 15th Terrace","EDGEWATER ESTATES ","","$1,395,000","$1,285,000","3","2","0","1,634","Single","1989","1","Yes","Yes","","7,704"
"1001","A11812240","CS","3160","551 N Fort Lauderdale Beach Blvd Unit#R404","551 FLB CONDOMINIUM RESID The Ocean Resort","","$1,390,000","$1,290,000","2","2","1","¤1,061","Condo","2009","0","","Yes","",""
"1001","F10471307","CS","3160","612 Bayshore Dr Unit#501","The Wave on Bayshore The Wave on Bayshore","","$1,390,000","$925,000","2","2","0","1,664","Condo","2020","2","","Yes","",""
"1001","F10490359","CS","3170","101 S Fort Lauderdale Beach Blvd Unit#907","Las Olas Beach Club Las Olas Beach Club","","$1,390,000","$1,295,000","2","2","0","1,905","Condo","2007","1","","Yes","",""
"1001","A11877432","CS","3370","2306 NE 15th Ave","EDGEWATER ESTATES ","","$1,390,000","$1,350,000","3","2","1","¤2,036","Single","1957","2","Yes","Yes","Attached","¤8,001"
"1001","A11835481","CS","3600","820 SE 9th St","RIO VISTA ISLES ","","$1,390,000","$1,390,000","3","2","0","¤1,683","Single","1952","1","Yes","No","Detached","¤6,250"
"1001","F10516934","CS","3260","1725 NE 22 terr","BAL HARBOUR ","","$1,385,000","$1,295,000","5","3","0","2,470","Single","1958","1","Yes","No","","9,697"
"1001","A11801127","CS","3600","804 SE 10th St","RIO VISTA ISLES ","","$1,385,000","$1,250,000","3","3","0","¤1,970","Single","1921","1","Yes","No","Detached","¤6,779"
"1001","B26011716","CS","3480","2326 SW 14th Terrace","Marina Landings ","","$1,380,000","$1,380,000","4","3","1","2,738","Single","2026","2","No","No","","4,334"
"1001","A11718623","CS","3270","1645 NE 7th Pl","MACARTHUR PARK ","","$1,379,000","$1,312,500","3","2","0","1,746","Single","1952","1","Yes","No","Attached","¤6,916"
"1001","R11037175","CS","3160","741 Bayshore Drive Unit#1phw","HOLIDAY ISLE YACHT CLUB C ","","$1,375,000","$1,165,000","3","2","0","1,800","Condo","1970","0","No","Yes","",""
"1001","F10442816","CS","3170","77 S Birch Rd Unit#4D","Portofino Portofino","","$1,375,000","$1,206,500","3","2","1","1,580","Condo","1982","1","","Yes","",""
"1001","F10443310","CS","3260","2715 NE 15th St Unit#2715","Rio Blanco Townhomes Rio Blanco Townhomes","","$1,375,000","$1,150,000","3","2","1","2,496","Townhouse","1991","1","","Yes","",""
"1001","F10539005","CS","3270","720 NE 17th Te","VICTORIA PARK ","","$1,375,000","$1,200,000","3","2","0","1,973","Single","1952","0","Yes","No","","8,950"
"1001","A11735018","CS","3270","1109 NE 3rd St","STRANAHANS SUB ","","$1,375,000","$1,350,000","4","3","0","¤2,267","Single","1957","0","No","No","Detached","¤7,000"
"1001","F10464666","CS","3270","820 NE 5th St","Holmberg & Mc Kees Sub 1- ","","$1,375,000","$1,300,000","3","2","1","1,673","Single","1949","1","No","No","","6,040"
"1001","F10462269","CS","3480","1427 SW 23rd Street","Marina Landings ","","$1,375,000","$1,375,000","4","3","1","2,831","Single","2025","2","No","No","","4,050"
"1001","F10479278","CS","3160","2821 N Ocean Blvd Unit#503S","Sapphire Fort Lauderdale Sapphire Fort Lauderdale","","$1,370,000","$1,275,000","3","3","0","1,888","Condo","2009","1","","No","",""
"1001","R11086561","CS","3370","2017 NE 21st Court","SOUTH CORAL POINT ","","$1,369,888","$1,240,000","3","3","0","2,544","Single","1962","2","Yes","No","Ranch","8,145"
"1001","F10493694","CS","3270","605 NE 15th Avenue","Victoria Park ","","$1,369,000","$1,200,000","3","2","1","2,100","Single","2016","2","Yes","No","","4,917"
"1001","A11968269","CS","3160","2845 NE 9th St Unit#504","LE CLUB INTERNATIONAL Le Club","","$1,350,000","$1,300,000","3","3","1","¤2,630","Condo","2003","2","","Yes","",""
"1001","F10537923","CS","3160","2821 N Ocean Boulevard Unit#1103S","Sapphire Fort Lauderdale Sapphire Fort Lauderdale","","$1,350,000","$1,299,000","3","3","0","1,888","Condo","2009","2","","No","",""
"1001","F10488235","CS","3160","2110 N Ocean Blvd Unit#11A","The Palms The Palms","","$1,350,000","$1,325,000","3","3","1","2,130","Condo","2001","1","","Yes","",""
"1001","F10503369","CS","3170","100 S Birch Rd Unit#1706","Jackson Tower Las Olas Jackson Tower Las Olas","","$1,350,000","$1,225,000","3","2","1","1,958","Condo","2001","1","","Yes","",""
"1001","A11709896","CS","3170","2316 Barbara Dr","HARBOUR HEIGHTS ADD ","","$1,350,000","$1,195,000","3","2","","¤2,311","Single","1955","1","Yes","No","Detached","¤9,641"
"1001","B26011745","CS","3260","2625 NE 29th Street","CORAL RIDGE GALT ADD NO 1 ","","$1,350,000","$1,360,000","4","3","0","2,342","Single","1954","1","Yes","No","","12,367"
"1001","A11971306","CS","3260","2833 NE 22nd St","CORAL RIDGE NORTH ","","$1,350,000","$1,375,000","4","2","1","¤2,028","Single","1967","2","Yes","No","Detached","¤10,000"
"1001","F10551676","CS","3260","2740 NE 27th Court","Coral Ridge Galt Add 1 ","","$1,350,000","$1,350,000","4","3","0","2,249","Single","1953","0","Yes","No","","10,001"
"1001","B26004249","CS","3270","450 N Victoria Park Road","VICTORIA PARK CORR AMEN PL ","","$1,350,000","$1,325,000","4","3","1","2,420","Single","1931","","No","No","Substantially Remodeled","6,609"
"1001","A11953197","CS","3270","817 NE 17th Way","PROGRESSO Victoria Park Fee Simple","","$1,350,000","$1,310,000","3","3","1","¤2,548","Townhouse","2018","2","","No","",""
"1001","A11671949","CS","3270","122 NE 16th Ter Unit#122","VICTORIA PARK CORR AMEN P Victoria Park","","$1,350,000","$1,310,000","3","4","","¤2,810","Townhouse","2008","1","","No","",""
"1001","A11614086","CS","3270","1132 NE 12th Ave 2","Lake Ridge ","","$1,350,000","$1,300,000","3","3","1","¤910","Single","2024","1","Yes","No","Attached","¤6,750"
"1001","A11613444","CS","3270","1132 NE 12th Ave","Lake Ridge ","","$1,350,000","$1,275,000","3","3","1","¤3,828","Single","2024","1","Yes","No","Attached","¤6,750"
"1001","A11922882","CS","3370","2106 NE 16th Ave","EDGEWATER ESTATES ","","$1,350,000","$1,225,000","4","3","0","¤2,397","Single","1969","0","No","Yes","Attached","¤10,161"
"1001","F10525943","CS","3370","201 NE 28th Court","Sunset Manors Amd 27-26 B ","","$1,350,000","$1,235,000","3","3","0","2,058","Single","1952","0","Yes","No","","10,281"
"1001","R11073855","CS","3370","1529 NE 28th Drive","MIDDLE RIVER ESTATES ","","$1,350,000","$1,340,000","3","2","0","1,852","Single","1955","1","Yes","Yes","","10,658"
"1001","F10450776","CS","3370","2207 NE 16th Ave","Edgewater Estates 40-7 B ","","$1,350,000","$1,240,000","3","2","0","1,750","Single","1956","2","Yes","Yes","","7,704"
"1001","A11557761","CS","3380","1332 NE 16th Ter","PROGRESSO ","","$1,350,000","$1,078,000","5","3","","¤2,385","Single","1959","0","No","No","Detached","¤13,509"
"1001","F10550616","CS","3470","530 SW 11th Avenue","Riverside Park ","","$1,350,000","$1,300,000","3","2","0","1,541","Single","1968","","Yes","Yes","","7,125"
"1001","F10526768","CS","3470","303 SW 9th Street","FT LAUDERDALE LAND & DEV ","","$1,350,000","$1,200,000","5","3","1","2,872","Single","2011","2","Yes","No","","4,725"
"1001","F10493738","CS","3470","1508 SW 5th Ct","GILL ISLES ","","$1,350,000","$1,260,000","3","2","0","1,781","Single","1959","1","Yes","Yes","","8,714"
"1001","R11044381","CS","3470","541 SW 9th Terrace","Tropical Point 2 54-27 B ","","$1,350,000","$1,265,000","3","2","0","1,582","Single","1973","1","Yes","Yes","Garden Apartment, Ranch",""
"1001","F10456637","CS","3600","708 SE 9th St","Rio Vista ","","$1,350,000","$1,250,000","3","2","0","1,735","Single","1950","1","No","No","","6,250"
"1001","F10433523","CS","3600","1356 SE 12th Way","Lauderdale Harbors ","","$1,350,000","$1,200,000","3","2","0","2,600","Single","1953","0","No","Yes","","14,687"
"1001","A11779167","CS","3740","716 SW 9th Ter Unit#1 and 2","NEW UTOPIA N","","$1,350,000","$1,230,000","8","4","2","¤6,108","Townhouse","2008","4","","No","",""
"1001","F10526345","CS","3270","1315 NE 4th Street","Halls Add 1-134 D ","","$1,349,000","$1,290,000","4","3","0","2,020","Single","1956","0","Yes","No","","6,000"
"1001","F10542485","CS","3270","928 NE 16th Avenue Unit#928","NINE28 NINE28","","$1,345,000","$1,275,000","3","3","1","2,880","Townhouse","2015","2","","No","",""
"1001","F10507726","CS","3390","624 NW 22nd St","HILLBROOK ","","$1,345,000","$1,345,000","4","3","0","2,365","Single","1956","2","Yes","No","","10,054"
"1001","F10455382","CS","3280","411 N New River Dr Unit#803","Las Olas Grand Las Olas Grand","","$1,339,900","$1,300,000","2","2","1","2,110","Condo","2005","1","","Yes","",""
"1001","A11852846","CS","3260","1849 NE 26th Ave Unit#1","LIVERMORE ESTATES LIVERMORE ESTATES","","$1,325,000","$1,290,000","4","3","1","¤3,505","Townhouse","2008","2","","No","",""
"1001","R11168227","CS","3370","2200 NE 15th Terrace","EDGEWATER ESTATES ","","$1,325,000","$1,300,000","3","2","0","1,444","Single","1957","1","Yes","Yes","","7,701"
"1001","F10542449","CS","3370","717 NE 22nd Dr","Wilton Manors ","","$1,325,000","$1,300,000","3","2","0","2,281","Single","2013","2","Yes","No","","6,250"
"1001","A11902149","CS","3380","1220 NE 13th Ave","PROGRESSO Lake ridge","","$1,325,000","$1,290,000","3","3","1","¤2,583","Townhouse","2025","1","","No","",""
"1001","F10551998","CS","3480","2310 SW 14 Terrace","Marina Landings ","","$1,325,000","$1,325,000","4","3","1","2,731","Single","2026","2","No","No","","4,050"
"1001","F10412524","CS","3480","1442 SW 23rd Street","Marina Landings ","","$1,325,000","$1,325,000","4","3","1","2,831","Single","2024","2","No","No","","4,050"
"1001","F10502528","CS","3270","1616 NE 6th St","Middle River Park 5-28 B ","","$1,324,900","$1,250,000","3","3","0","1,883","Single","1956","0","No","No","","8,338"
"1001","F10436919","CS","3270","406 NE 12TH AVE","HALLS ADD ","","$1,315,000","$1,225,000","3","2","1","2,023","Single","1931","1","Yes","No","","7,800"
"1001","A11921962","CS","3380","1222 NE 13th ave","PROGRESSO Lake Ridge","","$1,315,000","$1,290,000","3","3","1","2,583","Townhouse","2025","1","","No","",""
"1001","F10412528","CS","3480","1454 SW 23rd Street","Marina Landings ","","$1,310,000","$1,310,000","4","3","1","2,831","Single","2024","2","No","No","","4,050"
"1001","F10477517","CS","3260","2657 NE 27th Way","CORAL RIDGE GALT ADD NO ","","$1,300,000","$1,130,000","4","2","0","1,847","Single","1955","0","Yes","No","","11,868"
"1001","B26014118","CS","3270","1705 NE 5th Street","VICTORIA PARK CORR AMEN PL ","","$1,300,000","$1,250,000","3","3","1","2,658","Townhouse","2005","2","Yes","No","","2,401"
"1001","F10492866","CS","3270","807 NE 16th Ter","Victoria Park Victoria Park","","$1,300,000","$1,270,000","3","4","0","2,585","Townhouse","2022","1","","No","",""
"1001","R11072623","CS","3270","1407 NE 4th Place","LAS OLAS PARK CORR PLAT ","","$1,300,000","$1,230,000","4","3","1","2,420","Townhouse","2015","2","No","No","Garden Apartment","3,377"
"1001","F10463596","CS","3270","809 NE 16th Ter","Victoria Park Victoria Park","","$1,300,000","$1,287,500","3","4","0","2,585","Townhouse","2022","1","","No","",""
"1001","F10514002","CS","3280","1617 SE 2nd St","Colee Hammock ","","$1,300,000","$1,097,500","3","2","0","2,160","Single","1960","1","No","No","","6,750"
"1001","R11040585","CS","3280","48 Hendricks Isle Unit#2b-A","MERITAGE CONDO ","","$1,300,000","$1,100,000","3","3","1","2,253","Condo","2006","0","No","No","","264"
"1001","F10435321","CS","3280","1609 SE 1st St","Colee Hammock ","","$1,300,000","$1,100,000","2","1","0","984","Single","1940","0","No","No","","6,250"
"1001","B26033641","CS","3370","2108 NE 22nd Street","CORAL POINT ","","$1,300,000","$1,000,000","3","2","0","2,377","Single","1957","2","Yes","Yes","Ranch","8,900"
"1001","A11931219","CS","3370","2207 NE 16th Ave","EDGEWATER ESTATES ","","$1,300,000","$1,275,000","3","2","0","¤1,750","Single","1961","2","Yes","Yes","Detached","¤7,704"
"1001","F10551409","CS","3380","1113 NE 16th Street","LAUDERDALE PARK ","","$1,300,000","$1,175,000","4","3","1","2,800","Single","2026","2","No","No","","5,502"
"1001","A11645893","CS","3470","513 SW 11th St","LAUDERDALE ","","$1,300,000","$1,200,000","5","3","1","¤2,372","Single","2021","1","Yes","No","Attached","¤3,125"
"1001","A11645890","CS","3470","511 SW 11th St","LAUDERDALE ","","$1,300,000","$1,215,000","5","3","1","¤2,372","Single","2021","1","Yes","No","Attached","¤3,125"
"1001","F10508865","CS","3480","1317 Guava Isle","South New River Isles Sec ","","$1,300,000","$1,300,000","4","2","1","2,633","Single","1955","2","Yes","Yes","","7,950"
"1001","F10412302","CS","3480","1447 SW 23rd Street","Marina Landings ","","$1,300,000","$1,300,000","4","3","1","2,831","Single","2024","2","No","No","","4,050"
"1001","F10532970","CS","3260","2517 NE 26th Terrace","Coral Ridge Galt Add 27-4 ","","$1,299,999","$1,200,000","4","3","0","2,329","Single","1954","0","Yes","No","","9,705"
"1001","A11799705","CS","3260","2719 NE 15th St Unit#3","CORAL RIDGE RIO BLANCO TOWNHOMES","","$1,299,999","$1,200,000","4","2","1","¤3,226","Townhouse","1991","1","","Yes","",""
"1001","R11060027","CS","3270","1627 NE 1st Street","VICTORIA PARK CORR AMEN PL ","","$1,299,999","$1,265,000","3","3","1","2,973","Townhouse","2011","1","No","No","","3,151"
"1001","F10428411","CS","3370","2225 NE 15th Ter","Edgewater Estates 40-7 B ","","$1,299,999","$1,225,000","4","2","0","2,145","Single","1956","0","Yes","Yes","","7,697"
"1001","F10446337","CS","3170","2200 S Ocean Ln Unit#905","POINT OF AMERICAS POINT OF AMERICAS","","$1,299,995","$1,075,000","2","2","0","2,170","Condo","1971","1","","Yes","",""
"1001","A11966741","CS","3480","1400 SW 12th Ct","SOUTH FORK ESTATES ","","$1,299,990","$1,100,000","4","2","1","¤3,003","Single","1970","2","Yes","No","Attached","¤12,846"
"1001","A11628292","CS","3170","1200 Holiday Dr Unit#506","COCONUT GROVE RESIDENCES COCONUT GROVE RESIDENCES","","$1,299,900","$1,150,000","2","2","1","¤1,937","Condo","2007","1","","Yes","",""
"1001","F10479177","CS","3800","333 Las Olas Way Unit#1009","LAS OLAS RIVER HOUSE LAS OLAS RIVER HOUSE","","$1,299,900","$1,075,000","2","2","1","2,141","Condo","2005","1","","Yes","",""
"1001","F10457853","CS","3370","156 NE 30th St","Wilton Manors ","","$1,299,500","$1,250,000","3","3","0","1,470","Single","1990","0","Yes","Yes","","6,500"
"1001","B26011881","CS","3160","2821 N Ocean Boulevard Unit#405s","SAPPHIRE FORT LAUDERDALE C ","","$1,299,000","$1,250,000","3","3","0","1,888","Condo","2010","","No","No","Substantially Remodeled","0"
"1001","F10493354","CS","3170","77 S Birch Rd Unit#12C","THE PORTOFINO THE PORTOFINO","","$1,299,000","$1,140,000","2","2","1","1,435","Condo","1982","1","","Yes","",""
"1001","F10451658","CS","3170","1656 S Ocean Ln Unit#245","OCEANAGE RESORT CONDO OCEANAGE RESORT CONDO","","$1,299,000","$1,050,000","3","2","0","1,273","Condo","1973","0","","Yes","",""
"1001","F10549061","CS","3260","2649 NE 27th Terrace","Coral Ridge Galt Add 1 ","","$1,299,000","$1,220,000","3","3","0","2,167","Single","1954","1","Yes","No","","10,000"
"1001","A11636437","CS","3260","2741 NE 27th Ct","CORAL RIDGE ","","$1,299,000","$1,075,000","3","4","0","¤2,093","Single","1980","1","Yes","No","Detached","¤10,001"
"1001","F10535638","CS","3270","1400 NE 6th Street","544 Moderno 544 Moderno","","$1,299,000","$1,250,000","3","2","1","2,817","Townhouse","2017","2","No","No","",""
"1001","F10530461","CS","3270","912 NE 17th Ter","Progresso 2-18 D ","","$1,299,000","$1,100,000","3","3","0","2,333","Single","2010","1","Yes","No","","6,750"
"1001","A11928357","CS","3280","110 Hendricks Isle Unit#10","TERRACES OF THE ISLE COND Terraces of the Isle","","$1,299,000","$1,015,000","3","3","1","¤2,600","Condo","2005","2","","Yes","",""
"1001","F10496728","CS","3280","328 Riviera Isle Dr","Idlewyld, Riviera Isle ","","$1,299,000","$1,150,000","2","2","0","1,338","Single","1945","0","Yes","No","","7,500"
"1001","A11980007","CS","3370","117 NE 20th St","MANOR GROVE ","","$1,299,000","$1,180,000","4","3","0","¤2,240","Single","1977","0","Yes","No","Detached","¤9,404"
"1001","F10463496","CS","3370","2140 NE 24th Street","Coral Point 31-27 B ","","$1,299,000","$1,247,000","2","2","1","1,894","Single","1956","1","Yes","Yes","","8,280"
"1001","A11891603","CS","3380","1609 NE 20th Ave","Poinsettia Heights ","","$1,299,000","$1,190,000","3","3","1","¤2,240","Single","1951","1","Yes","Yes","Detached","¤6,600"
"1001","F10550302","CS","3480","1313 SW 18th Court","River Oaks ","","$1,299,000","$1,200,000","5","3","1","3,000","Single","2004","2","Yes","No","","7,500"
"1001","A11962097","CS","3500","325 SW 16th St Unit#A","LAUDERDALE 325","","$1,299,000","$1,260,000","4","4","0","¤2,454","Townhouse","2024","1","","No","",""
"1001","F10491418","CS","3270","1625 NE 1st St Unit#*","Victoria Park Victoria Park","","$1,297,000","$1,154,000","3","4","0","2,970","Townhouse","2011","1","","No","",""
"1001","F10467060","CS","3270","420 NE 11th Ave","VICTORIA PARK ","","$1,297,000","$1,238,000","2","2","0","1,571","Single","1959","0","Yes","No","","7,800"
"1001","F10359775","CS","3470","801 SW 8 Avenue","Tarpon River Villas # 3 Tarpon River Villas # 3","","$1,297,000","$1,275,000","5","5","0","2,918","Townhouse","2023","2","","No","",""
"1001","F10401517","CS","3160","551 N Fort Lauderdale Beach Blvd Unit#R2017","OCEAN RESORT RESIDENCES OCEAN RESORT RESIDENCES","","$1,295,000","$1,100,000","2","2","0","1,065","Condo","2009","2","","Yes","",""
"1001","B26029380","CS","3170","1578 S Ocean Lane Unit#115","oceanage ","","$1,295,000","$1,180,000","2","2","0","1,273","Condo","1973","","No","Yes","","0"
"1001","R11147131","CS","3170","1578 S Ocean Lane Unit#114","OCEANAGE CONDO ","","$1,295,000","$1,259,300","2","2","0","1,264","Condo","1974","0","No","No","",""
"1001","F10534898","CS","3170","153 N Seabreeze Blvd Unit#1003-S","Selene Oceanfront Residen Selene Oceanfront Residen","","$1,295,000","$1,225,000","2","2","1","1,416","Condo","2025","1","","Yes","",""
"1001","F10458181","CS","3170","2521 SE 21 Street","BREAKWATER ","","$1,295,000","$1,150,000","2","2","0","1,420","Single","1956","1","No","No","","6,000"
"1001","F10545155","CS","3260","2517 NE 18th Street","Coral Ridge Coral Ridge","","$1,295,000","$1,200,000","3","3","1","3,250","Townhouse","2005","2","","No","",""
"1001","F10447411","CS","3260","2608 NE 12th St","Coral Ridge South Add 24- ","","$1,295,000","$1,250,000","3","2","0","1,883","Single","1950","2","Yes","No","","11,557"
"1001","F10445981","CS","3260","2301 Bayview Dr","Coral Ridge Galt Add 27-4 ","","$1,295,000","$1,243,000","3","2","0","2,036","Single","1955","0","Yes","No","","7,979"
"1001","F10438151","CS","3260","2741 NE 15TH ST Unit#2741","CASA FLORENCA CASA FLORENCA","","$1,295,000","$1,150,000","2","2","1","2,199","Townhouse","1999","1","","Yes","",""
"1001","B26000673","CS","3270","449 NE 16th Avenue","LAS OLAS PARK CORR PLAT ","","$1,295,000","$1,300,000","3","3","1","2,550","Townhouse","2004","2","No","No","","2,925"
"1001","F10538652","CS","3270","317 NE 15th Ave Unit#317","Victoria Park Victoria Park","","$1,295,000","$1,250,000","3","3","1","2,734","Townhouse","2017","2","","No","",""
"1001","A11685256","CS","3270","720 NE 17th Way","VICTORIA HIGHLANDS AMD PL ","","$1,295,000","$1,279,000","3","2","0","¤1,566","Single","1931","1","Yes","No","Attached","¤6,930"
"1001","F10461062","CS","3270","1112 NE 2ND ST","VICTORIA PARK ","","$1,295,000","$1,175,000","3","2","0","2,248","Single","1941","0","Yes","No","","8,775"
"1001","F10460113","CS","3270","1701 E Broward Blvd","Victoria Park Corr Amd ","","$1,295,000","$1,200,000","3","2","0","1,568","Single","1992","2","Yes","No","","6,250"
"1001","F10465493","CS","3280","411 N New River Dr Unit#405","LAS OLAS GRAND LAS OLAS GRAND","","$1,295,000","$1,200,000","2","2","0","1,630","Condo","2005","1","","Yes","",""
"1001","A11615760","CS","3370","2941 NW 12th Ave","JENADA ISLE ","","$1,295,000","$1,175,000","3","2","0","¤1,815","Single","1971","2","Yes","Yes","Detached","¤7,499"
"1001","A11592616","CS","3370","2154 Lazy Ln","LAZY LAKE ","","$1,295,000","$1,110,000","3","3","1","¤1,875","Single","1954","2","No","Yes","Detached","¤26,251"
"1001","F10477092","CS","3380","1613 NE 18th St","Poinsettia Heights ","","$1,295,000","$1,240,000","3","2","0","1,755","Single","2022","2","Yes","No","","6,600"
"1001","R11015732","CS","3500","309 SW 14 Court","LAUDERDALE ","","$1,295,000","$1,210,000","4","4","0","2,612","Townhouse","2024","1","No","No","","3,375"
"1001","B26022715","CS","3170","2000 SE 26th Avenue","BREAKWATER ","","$1,290,000","$1,150,000","2","2","0","1,294","Single","1956","","No","No","","6,358"
"1001","A11952729","CS","3400","1004 Orange Isle","MRS E F MARSHALLS SUB REV ","","$1,290,000","$1,220,000","4","3","0","¤1,808","Single","1961","0","Yes","Yes","Detached","¤10,069"
"1001","A11983377","CS","3170","153 N Seabreeze Blvd Unit#703","SELENE OCEANFRONT RESIDEN SELENE OCEANFRONT RESIDEN","","$1,285,000","$1,220,000","2","2","1","1,416","Condo","2025","1","","Yes","",""
"1001","F10453671","CS","3270","440 N Victoria Park Rd","Victoria Park Corr Amd ","","$1,285,000","$1,195,000","3","2","0","1,506","Single","1931","1","No","No","","9,693"
"1001","R11036790","CS","3160","741 Bayshore Drive Unit#1phe","HOLIDAY ISLE YACHT CLUB CO ","","$1,275,000","$1,055,000","3","3","0","1,720","Condo","1970","0","No","Yes","Garden Apartment",""
"1001","F10408097","CS","3160","2110 N Ocean Blvd Unit#7-A","The Palms The Palms","","$1,275,000","$1,101,000","3","3","1","2,130","Condo","2001","1","","Yes","",""
"1001","F10457042","CS","3270","900 NE 4th St Unit#A2","900 NE 4th St 900 NE 4th St","","$1,275,000","$1,150,000","3","3","1","2,092","Townhouse","2021","2","","No","",""
"1001","F10490868","CS","3280","347 N New River Dr E Unit#2201","WATERGARDEN WATERGARDEN","","$1,275,000","$1,195,000","2","2","0","1,615","Condo","2004","1","","Yes","",""
"1001","F10545580","CS","3600","716 SE 7th Street","Rio Vista C J Hectors Res ","","$1,275,000","$1,160,000","4","3","0","2,001","Single","1939","0","No","No","","6,500"
"1001","F10502502","CS","3370","422 NE 27th St","Sunset Manors Amd 27-26 B ","","$1,274,000","$1,200,000","3","3","0","2,440","Single","1952","1","Yes","No","","10,801"
"1001","F10483565","CS","3480","1426 SW 23rd Street","Marina Landings ","","$1,270,000","$1,270,000","4","3","0","2,751","Single","2024","2","No","No","","4,050"
"1001","F10481941","CS","3380","1239 NE 12th Ave Unit#1","Lake Ridge Lake Ridge","","$1,269,000","$1,210,000","3","3","1","2,320","Townhouse","2024","1","","No","",""
"1001","A11641417","CS","3270","1209 NE 11th ave Unit#B","Lake Ridge Lake Ridge","","$1,260,000","$1,250,000","3","3","1","¤2,316","Townhouse","2024","1","","No","",""
"1001","A11636215","CS","3270","1209 NE 11th Ave Unit#A","Lake Ridge Lake Ridge","","$1,260,000","$1,250,000","3","3","1","¤2,316","Townhouse","2024","1","","No","",""
"1001","R11135372","CS","3160","777 Bayshore Drive Unit#1003","AMERICAS ON THE PARK CONDO ","","$1,250,000","$1,200,000","3","2","1","2,490","Condo","1978","1","No","Yes","High Rise",""
"1001","F10476881","CS","3160","2821 N Ocean Blvd Unit#903S","Sapphire Sapphire","","$1,250,000","$1,175,000","3","3","0","1,888","Condo","2009","1","","No","",""
"1001","F10542575","CS","3260","2600 NE 26th Avenue","Coral Ridge Galt Add 1 ","","$1,250,000","$1,225,000","4","3","0","1,848","Single","1954","","No","No","","9,837"
"1001","A11799179","CS","3260","1180 N Federal Hwy Unit#1105","RIVA CONDOMINIUM RIVA CONDOMINIUM","","$1,250,000","$1,250,000","2","2","1","¤1,783","Condo","2018","1","","No","",""
"1001","F10470564","CS","3260","2724 NE 21 Ct","Coral Ridge ","","$1,250,000","$1,250,000","3","2","0","1,348","Single","1953","0","No","No","","10,000"
"1001","A11961190","CS","3270","811 NE 17th Way","Victoria Park Victoria Park Fee Simple","","$1,250,000","$1,200,000","3","3","1","¤2,548","Townhouse","2018","2","","No","",""
"1001","F10536107","CS","3270","743 NE 17th Way","VICTORIA HIGHLANDS AMD PL ","","$1,250,000","$990,000","3","3","0","1,926","Single","2020","1","No","No","","5,915"
"1001","F10493493","CS","3270","805 NE 6th St","Glass At Victoria Park Glass At Victoria Park","","$1,250,000","$1,150,000","3","3","1","1,981","Townhouse","2020","2","","No","",""
"1001","F10478761","CS","3270","600 NE 8th Ave","Glass at Victoria Park Glass at Victoria Park","","$1,250,000","$1,215,000","3","3","1","2,082","Townhouse","2022","2","","No","",""
"1001","A11633894","CS","3270","314 NE 15th Ave","VICTORIA PARK CORR AMEND VICTORIA PARK CORR AMEND","","$1,250,000","$1,250,000","4","3","1","¤2,738","Townhouse","2017","2","","No","",""
"1001","A11786311","CS","3280","350 SE 2nd St Unit#GPH50","350 LAS OLAS PLACE CONDO 350 Las Olas Place","","$1,250,000","$1,100,000","3","2","1","¤2,050","Condo","2005","2","","No","",""
"1001","F10468388","CS","3280","424 Hendricks Isle Unit#10","The Boathouse of Hendrick The Boathouse of Hendrick","","$1,250,000","$930,000","2","2","1","2,260","Townhouse","1979","0","","Yes","",""
"1001","A11684704","CS","3280","1317 SE 1st St Unit#1317","COLEE HAMMOCK Colee Hammock","","$1,250,000","$1,250,000","4","3","0","¤2,380","Townhouse","2001","2","","No","",""
"1001","F10480366","CS","3370","314 NE 27th St","Sunset Manors Amd 27-26 B ","","$1,250,000","$1,182,000","3","2","0","2,003","Single","1952","2","Yes","No","","10,801"
"1001","F10476010","CS","3370","2831 NE 6TH AV","WILTON LANDINGS ","","$1,250,000","$1,050,000","4","4","0","3,912","Single","2011","2","No","Yes","","9,039"
"1001","F10468603","CS","3380","1740 Poinsettia Dr","River Ridge 32-25 B ","","$1,250,000","$1,200,000","3","2","1","1,962","Single","1954","0","Yes","No","","7,687"
"1001","F10545570","CS","3390","119 NW 21st Ct","N/A ","","$1,250,000","$1,207,000","4","4","0","2,240","Single","1960","2","Yes","No","","14,880"
"1001","F10544739","CS","3470","1728 SW 4th Court","Riverside Park ","","$1,250,000","$1,000,000","3","2","0","2,264","Single","1957","","Yes","Yes","","8,925"
"1001","B26006663","CS","3480","1507 SW 18th Avenue","SHADY BANKS & LAUDERDALE I ","","$1,250,000","$1,150,000","3","2","0","1,724","Single","1953","","Yes","Yes","","6,809"
"1001","F10412298","CS","3480","1451 SW 23rd Street","Marina Landings ","","$1,250,000","$1,250,000","4","3","1","2,831","Single","2024","2","No","No","","4,050"
"1001","F10518915","CS","3600","814 SE 14th Court","Everglade Land Sales Co F ","","$1,250,000","$1,180,000","2","2","0","1,120","Single","1956","0","Yes","No","","8,784"
"1001","A11618589","CS","3800","333 Las Olas Way Unit#2206","LAS OLAS RIVER HOUSE COND LAS OLAS RIVER HOUSE","","$1,250,000","$1,250,000","2","2","1","¤1,869","Condo","2004","1","","Yes","",""
"1001","A11895953","CS","3160","777 Bayshore Dr Unit#1203","AMERICAS ON THE PARK COND Americas On The Park","","$1,249,000","$1,190,000","3","2","1","¤2,490","Condo","1976","1","","Yes","",""
"1001","F10438659","CS","3170","77 S Birch Rd Unit#5C","PORTOFINO PORTOFINO","","$1,249,000","$1,050,000","2","2","1","1,435","Condo","1982","1","","Yes","",""
"1001","A11629054","CS","3260","2641 NE 26th Ave","CORAL RIDGE GALT ADD NO 1 ","","$1,249,000","$1,100,000","3","3","","¤2,042","Single","1954","2","Yes","No","Detached","¤10,000"
"1001","F10526568","CS","3270","1625 NE 4TH CT","victoria park ","","$1,249,000","$1,249,000","4","3","0","1,883","Single","1930","0","No","No","","6,250"
"1001","R11015830","CS","3270","500 NE 17th Avenue","VICTORIA PARK CORR AMEN PL ","","$1,249,000","$1,000,000","3","3","1","2,231","Townhouse","2005","2","Yes","No","","3,045"
"1001","F10535750","CS","3380","1232 NE 17th Way","LAKE RIDGE ","","$1,249,000","$1,250,000","4","3","1","2,146","Single","1950","0","Yes","No","","8,240"
"1001","R11123400","CS","3380","1630 NE 18th Avenue","Poinsettia Heights ","","$1,249,000","$1,150,000","3","2","0","1,821","Single","1952","0","Yes","Yes","Garden Apartment, Ranch","9,749"
"1001","F10477053","CS","3380","1420 NE 16th Ave","Progresso 2-18 D ","","$1,249,000","$1,130,000","3","3","0","2,300","Single","1951","0","No","No","","8,101"
"1001","A11633637","CS","3380","1120 NE 10th Ave","PROGRESSO Bijou Lake Ridge","","$1,249,000","$1,150,000","4","3","1","¤1,766","Townhouse","2024","1","","No","",""
"1001","F10430627","CS","3380","1524 NE 18th Ave","Lakeland Resub 27-22b ","","$1,249,000","$1,150,000","4","4","0","2,685","Single","1951","1","Yes","Yes","","9,618"
"1001","F10447320","CS","3480","1324 SW 23 CT","LA PRESERVE RIVER OAKS ","","$1,249,000","$1,150,000","5","4","0","3,089","Single","2007","2","Yes","No","",""
"1001","F10498461","CS","3500","1012 Avocado Isle","South New River Isles Sec ","","$1,249,000","$1,150,000","2","2","0","1,556","Single","1955","2","Yes","Yes","","6,890"
"1001","R11145162","CS","3260","2648 NE 26 Place","CORAL RIDGE GALT ADD NO 1  ","","$1,245,000","$1,103,000","3","3","0","2,259","Single","1955","0","Yes","No","","10,004"
"1001","F10441232","CS","3370","1508 NE 30th Ct","Coral Brook 37-18 B ","","$1,245,000","$1,015,000","3","3","0","1,832","Single","1956","1","Yes","Yes","","9,806"
"1001","F10465425","CS","3390","708 NW 29th St","Jenada Villas 37-36 B ","","$1,245,000","$1,150,000","4","3","0","2,436","Single","1957","0","Yes","No","","8,919"
"1001","F10446470","CS","3480","1630 SW 23rd St","Georgian Oaks ","","$1,245,000","$1,205,000","4","3","1","2,766","Single","2013","2","Yes","Yes","","6,171"
"1001","F10507708","CS","3260","2508 NE 27th Ave","Coral Ridge ","","$1,240,000","$1,230,000","3","2","0","1,958","Single","1953","0","No","No","","9,050"
"1001","F10498825","CS","3260","2709 NE 30th St","CORAL RIDGE GALT ADD NO 1 ","","$1,239,000","$1,200,000","4","2","1","2,591","Single","1955","0","Yes","No","","10,750"
"1001","F10530775","CS","3160","2011 N Ocean Boulevard Unit#1601N","The Vue The Vue","","$1,230,000","$1,100,000","3","3","0","1,686","Condo","2005","2","","No","",""
"1001","F10555046","CS","3260","2624 NE 30th Street","Coral Ridge Galt Add 1 ","","$1,230,000","$1,050,000","4","2","0","1,860","Single","1954","1","Yes","No","","12,482"
"1001","A11985746","CS","3260","2506 NE 30th St","CORAL RIDGE GALT ADD NO 1 ","","$1,225,000","$1,100,000","4","3","0","¤1,664","Single","1954","0","Yes","No","Detached","¤10,000"
"1001","R11149913","CS","3370","2301 NE 15th Terrace","EDGEWATER ESTATES ","","$1,225,000","$1,170,000","3","2","0","1,396","Single","1956","0","Yes","Yes","","7,841"
"1001","F10480037","CS","3480","1455 SW 18th Ter","Lauderdale Isles 1 31-23 ","","$1,225,000","$1,225,000","3","3","1","2,045","Single","1953","0","Yes","Yes","","6,431"
"1001","F10475534","CS","3480","1419 SW 23rd Street","Marina Landings ","","$1,225,000","$1,200,000","4","3","0","2,751","Single","2024","2","No","No","","4,050"
"1001","F10443986","CS","3480","1438 SW 23rd Street","Marina Landings ","","$1,225,000","$1,170,000","4","3","1","2,779","Single","2024","2","No","No","","4,050"
"1001","F10473110","CS","3270","306 NE 16th Ave","Victoria Park Corr Amd ","","$1,223,000","$1,125,000","3","2","0","1,927","Single","1941","2","Yes","No","","9,327"
"1001","F10462688","CS","3270","803 NE 16th Terrace","Victoria Park Victoria Park","","$1,220,000","$1,175,000","3","4","0","2,360","Townhouse","2023","1","","No","",""
"1001","F10466027","CS","3480","1415 SW 23rd Street","Marina Landings ","","$1,220,000","$1,270,000","4","3","0","2,738","Single","2024","2","No","No","","4,050"
"1001","F10462501","CS","3480","1430 SW 23rd Street","Marina Landings ","","$1,220,000","$1,220,000","4","3","0","2,751","Single","2024","2","No","No","","4,050"
"1001","B26015667","CS","3260","2600 NE 24th Street","CORAL RIDGE GALT ADD ","","$1,210,000","$1,210,000","3","2","0","1,979","Single","1953","","No","No","","10,000"
"1001","F10549373","CS","3260","2530 NE 24th St","CORAL RIDGE GALT ADD ","","$1,210,000","$1,210,000","3","2","0","1,278","Single","1953","1","No","No","","10,000"
"1001","B26008821","CS","","1524 SE 1st Street","COLEE HAMMOCK ","","$1,200,000","$1,100,000","3","2","0","1,613","Single","1958","","No","No","Old Spanish","4,750"
"1001","R11141730","CS","3160","1151 N Fort Lauderdale Beach Boulevard Unit#17b","Park Tower ","","$1,200,000","$1,080,000","2","2","0","1,700","Condo","1966","0","No","Yes","",""
"1001","F10518015","CS","3160","2821 N Ocean Blvd Unit#405S","Sapphire Sapphire","","$1,200,000","$1,155,000","3","3","0","1,888","Condo","2010","1","","No","",""
"1001","R11016889","CS","3160","615 Bayshore Drive Unit#303","LA CASCADE CONDO ","","$1,200,000","$1,200,000","3","3","0","2,365","Condo","2003","2","No","Yes","Garden Apartment",""
"1001","F10455561","CS","3160","401 N Birch Road Unit#1102","TIFFANY HOUSE RESIDENCES TIFFANY HOUSE RESIDENCES","","$1,200,000","$1,200,000","2","2","0","1,286","Condo","2018","2","","No","",""
"1001","R11007251","CS","3160","2100 N Ocean Boulevard Unit#12a","PALMS TOWER ONE CONDO ","","$1,200,000","$1,125,000","3","3","1","2,130","Condo","1999","1","No","Yes","",""
"1001","F10446983","CS","3160","100 S Birch RD Unit#2304E","Jackson Tower Jackson Tower","","$1,200,000","$1,137,000","3","2","1","1,934","Condo","2001","1","","No","",""
"1001","R10942553","CS","3160","615 Bayshore Drive Unit#401","LA CASCADE CONDO ","","$1,200,000","$1,050,000","2","2","1","2,274","Condo","2003","2","Yes","Yes","",""
"1001","R11124044","CS","3170","2200 S Ocean Lane Unit#805","Point of Americas II ","","$1,200,000","$1,100,000","2","2","1","1,970","Condo","1971","1","No","Yes","",""
"1001","F10501665","CS","3170","1950 Harbourview Dr","Harbour Heights Add 35-21 ","","$1,200,000","$1,300,000","3","2","0","1,833","Single","1957","0","Yes","No","","7,500"
"1001","A11534741","CS","3170","2200 S Ocean Ln Unit#508","POINT OF AMERICAS PHASE I Point of Americas II","","$1,200,000","$1,110,000","2","2","0","¤2,011","Condo","1972","1","","Yes","",""
"1001","A11972075","CS","3240","2617 NE 22nd St","CORAL RIDGE GALT ADD ","","$1,200,000","$1,150,000","2","2","0","¤1,356","Single","1953","2","Yes","No","Attached","¤10,003"
"1001","F10470666","CS","3260","2633 NE 30th St","Coral Ridge Galt Add 1 ","","$1,200,000","$1,160,000","3","2","1","2,051","Single","1955","2","Yes","No","","10,750"
"1001","F10428401","CS","3260","2708 NE 29th St","Old Coral Ridge ","","$1,200,000","$1,150,000","2","2","0","1,859","Single","1954","0","Yes","No","","10,001"
"1001","B26005053","CS","3270","1415 NE 4th Place","LAS OLAS PARK CORR PLAT ","","$1,200,000","$1,200,000","5","3","0","1,970","Single","1924","","Yes","No","","6,250"
"1001","F10541481","CS","3270","428 NE 12th Ave","Halls Add 1-134 D ","","$1,200,000","$1,100,000","2","1","0","1,284","Single","1939","0","No","No","","7,800"
"1001","F10468486","CS","3270","1015 NE 3rd St","Stranahans Sub 3-115 D 2- ","","$1,200,000","$1,000,000","4","3","0","4,100","Single","1939","0","Yes","No","","10,500"
"1001","F10468473","CS","3270","1003 NE 3rd St","Stranahans Sub 3-115 D 2- ","","$1,200,000","$1,000,000","3","2","3","2,463","Single","1945","1","No","No","","8,400"
"1001","F10447928","CS","3270","1508 NE 5th St","LAS OLAS PARK CORR PLAT ","","$1,200,000","$1,050,000","3","2","0","1,323","Single","1946","0","Yes","No","","9,375"
"1001","A11834358","CS","3380","1406 NE 18th Ave","LAKELAND RESUB ","","$1,200,000","$1,200,000","3","3","0","¤1,361","Single","1952","0","Yes","Yes","Attached","¤9,618"
"1001","F10464160","CS","3480","1423 SW 23rd Street","Marina Landings ","","$1,200,000","$1,200,000","4","3","0","2,751","Single","2024","2","No","No","","4,050"
"1001","F10412311","CS","3480","1439 SW 23rd Street","Marina Landings ","","$1,200,000","$1,200,000","4","3","1","2,779","Single","2024","2","No","No","","4,050"
"1001","F10471556","CS","3600","615 SE 11th Ave","Rio Vista C J Hectors Res ","","$1,200,000","$1,100,900","4","3","0","1,870","Single","1945","0","Yes","No","","5,341"
"1001","A11960291","CS","3800","333 Las Olas Way Unit#1502","LAS OLAS RIVER HOUSE COND Las Olas River House","","$1,200,000","$1,100,000","2","2","1","¤1,522","Condo","2005","1","","Yes","",""
"1001","F10478053","CS","3810","445 N Andrews Ave Unit#402","Avenue Lofts Avenue Lofts","","$1,200,000","$1,100,000","2","2","0","1,966","Condo","2005","2","","No","",""
"1001","A11778095","CS","3370","2125 NE 17th Ave","MIDDLE RIVER MANOR ADD ","","$1,199,999","$1,200,000","3","3","1","¤1,888","Single","1957","0","Yes","No","Attached","¤6,998"
"1001","F10503905","CS","3370","417 NE 26th Dr","Sunset Manors Amd 27-26 B ","","$1,199,995","$980,000","4","4","0","2,456","Single","1952","1","Yes","No","","10,801"
"1001","F10498085","CS","3160","715 Bayshore Dr Unit#504","LA RIVE LA RIVE","","$1,199,900","$1,100,000","3","3","1","2,680","Condo","2004","0","","Yes","",""
"1001","A11916654","CS","3260","2632 NE 26th Ave","CORAL RIDGE GALT ADD NO 1 ","","$1,199,900","$1,100,000","4","3","0","¤2,230","Single","1961","2","Yes","No","Attached","¤10,000"
"1001","A11690024","CS","3270","1524 NE 7th St","GRACELAND PARK Enclave II","","$1,199,900","$1,150,000","3","2","1","¤2,502","Townhouse","2003","2","","No","",""
"1001","A11870291","CS","3380","1785 NE 15th St","PROGRESSO ","","$1,199,049","$1,000,000","4","3","0","¤1,830","Single","2015","1","Yes","No","Attached","¤5,993"
"1001","F10534377","CS","3160","2011 N Ocean Boulevard Unit#1605","THE VUE THE VUE","","$1,199,000","$1,150,000","3","3","0","1,685","Condo","2005","1","","No","",""
"1001","A11643149","CS","3160","3101 Bayshore Dr Unit#2108","FORT LAUDERDALE RESIDENCE W Fort Lauderdale Residen","","$1,199,000","$1,000,000","2","2","0","¤1,214","Condo","2011","1","","Yes","",""
"1001","F10446082","CS","3160","2845 NE 9th Street Unit#804","LE CLUB INTERNATIONAL LE CLUB INTERNATIONAL","","$1,199,000","$1,100,000","3","4","1","2,630","Condo","2002","2","","Yes","",""
"1001","F10429298","CS","3160","3030 N OCEAN Unit#S203","30 THIRTY NORTH OCEAN 30 THIRTY NORTH OCEAN","","$1,199,000","$1,150,000","3","3","1","2,097","Condo","2020","2","","No","",""
"1001","F10440799","CS","3170","77 S Birch Rd Unit#10B","PORTOFINO PORTOFINO","","$1,199,000","$1,050,000","2","2","1","1,435","Condo","1982","1","","Yes","",""
"1001","F10486856","CS","3260","2341 NE 8TH","Sunrise Intracoastal ","","$1,199,000","$1,100,000","3","2","0","1,915","Single","1953","1","Yes","No","","9,005"
"1001","F10468676","CS","3260","2732 NE 29th Ct","Coral Ridge ","","$1,199,000","$1,080,000","3","2","0","2,166","Single","1956","2","Yes","No","","10,001"
"1001","A11654162","CS","3270","1633 NE 9th St Unit#1633","PROGRESSO Progresso","","$1,199,000","$1,050,000","3","3","1","¤2,352","Townhouse","2017","2","","No","",""
"1001","F10550903","CS","3370","539 NE 25th Street","Re-Amended Wilton Manors ","","$1,199,000","$1,040,000","4","2","0","1,798","Single","1952","0","Yes","No","","9,812"
"1001","F10514041","CS","3370","2309 NE 20th Avenue","Coral Point 31-27 B ","","$1,199,000","$1,100,000","3","2","0","1,664","Single","1955","0","Yes","Yes","","7,000"
"1001","A11658295","CS","3380","1316 NE 16th Ter","PROGRESSO ","","$1,199,000","$1,070,000","3","3","0","¤1,958","Single","1951","1","No","No","Attached","¤13,508"
"1001","F10430875","CS","3380","2036 NE 21 AVE","POINSETTIA HEIGHTS ","","$1,199,000","$940,000","5","3","1","2,629","Single","1989","1","No","No","",""
"1001","A11628854","CS","3470","521 SW 7th Ave Unit#9","SEAWANNA SUB PT TARPON RIVER CLUB","","$1,199,000","$1,100,000","3","2","1","¤2,050","Townhouse","1994","2","","No","",""
"1001","B26013554","CS","3480","1429 SW 23rd Court","Marina Landings ","","$1,199,000","$1,125,000","4","3","1","2,779","Single","2026","2","No","No","","4,088"
"1001","A11997052","CS","3600","700 SE 7th St","RIO VISTA C J HECTORS RES ","","$1,199,000","$1,150,000","4","3","0","¤1,224","Single","1936","1","Yes","No","Detached","¤6,250"
"1001","R11055294","CS","3470","1600 SW 5th Court","GILL ISLES ","","$1,198,500","$1,105,000","3","2","0","1,523","Single","1959","0","Yes","Yes","","7,475"
"1001","F10426083","CS","3380","1913 N Victoria Park Rd","North Ridge 30-32 B ","","$1,198,000","$1,075,000","3","3","0","1,620","Single","1956","0","Yes","Yes","","6,797"
"1001","A11678509","CS","3070","201 NE 16th Ave","VICTORIA PARK CORR AMEN P ","","$1,195,000","$1,050,000","4","4","0","¤2,157","Single","1931","0","Yes","No","Detached","¤5,967"
"1001","F10495495","CS","3160","2100 N Ocean Blvd Unit#8A","The Palms The Palms","","$1,195,000","$1,120,000","3","3","1","1,941","Condo","1999","1","","Yes","",""
"1001","F10457845","CS","3160","100 S Birch Road Unit#802","Jackson Tower Jackson Tower","","$1,195,000","$1,145,000","3","2","1","1,995","Condo","2001","2","","Yes","",""
"1001","F10455203","CS","3260","2609 NE 29th Ct","Coral Ridge Galt Add 1 ","","$1,195,000","$1,137,500","2","2","0","1,679","Single","1987","2","Yes","No","","9,673"
"1001","R11010200","CS","3260","2719 NE 15th Street","CORAL RIDGE ","","$1,195,000","$1,075,000","4","2","1","3,226","Townhouse","1991","1","Yes","Yes","","2,083"
"1001","R11158726","CS","3270","1709 NE 8th Street Unit#1709","Victoria Park ","","$1,195,000","$1,100,000","4","4","1","2,771","Townhouse","2006","2","Yes","No","","4,153"
"1001","F10556686","CS","3280","411 N New River Drive Unit#502","Las Olas Grand Las Olas Grand","","$1,195,000","$1,050,000","2","2","0","1,630","Condo","2005","1","","Yes","",""
"1001","F10479006","CS","3280","1713 E Las Olas Blvd Unit#1713","VILLAS LAS OLAS VILLAS LAS OLAS","","$1,195,000","$1,150,000","3","2","1","1,850","Condo","1989","2","","Yes","",""
"1001","A11766589","CS","3370","2140 NE 19th Ave","CORAL POINT ","","$1,195,000","$1,000,000","3","2","1","¤2,017","Single","1956","2","Yes","Yes","Attached","¤7,000"
"1001","F10481688","CS","3370","700 NE 20th Dr","TROPICAL GARDENS AMEN PLA ","","$1,195,000","$1,050,000","3","3","0","1,526","Single","1957","0","Yes","No","","8,181"
"1001","F10513542","CS","3470","811 SW 10th St","Tarpon River Tarpon River","","$1,195,000","$1,050,000","3","2","1","2,500","Townhouse","2023","2","","No","",""
"1001","A11775315","CS","3470","461 SW 5th Ave","REICHENBACHS SUB REICHENBACHS","","$1,195,000","$1,050,000","3","3","1","¤2,919","Townhouse","2001","2","","No","",""
"1001","A11761754","CS","3470","1722 W Las Olas Blvd","RIVER VISTA ","","$1,195,000","$1,077,000","3","2","0","¤1,708","Single","1971","0","Yes","Yes","Detached","¤6,900"
"1001","F10513960","CS","3480","1205 Orange Isle","South New River Isles Sec ","","$1,195,000","$1,075,000","2","2","0","1,460","Single","1957","0","No","Yes","","7,950"
"1001","A11770957","CS","3480","1307 SW 23rd Ct","RIVER OAKS ","","$1,195,000","$1,025,000","4","3","0","¤2,757","Single","2006","2","Yes","No","Detached","¤5,043"
"1001","F10409758","CS","3480","1450 SW 23rd Street","Marina Landings ","","$1,195,000","$1,195,000","4","3","0","2,751","Single","2024","2","No","No","","4,050"
"1001","F10472862","CS","3600","1205 SE 11th Ct","Rio Vista Isles ","","$1,195,000","$1,100,000","3","2","0","1,691","Single","1946","0","Yes","No","","6,250"
"1001","F10526801","CS","3800","333 LAS OLAS WAY Unit#2903","LAS OLAS RIVER HOUSE LAS OLAS RIVER HOUSE","","$1,195,000","$1,025,000","2","2","1","1,869","Condo","2004","1","","Yes","",""
"1001","A11708273","CS","3800","333 Las Olas Way Unit#3203","LAS OLAS RIVER HOUSE COND Las Olas River House","","$1,195,000","$1,150,000","2","2","1","¤1,869","Condo","2004","1","","Yes","",""
"1001","A11453681","CS","3480","1314 SW 20th St","LAUDERDALE GROVES AMEND ","","$1,190,000","$1,000,000","3","3","0","¤2,735","Single","1950","2","No","No","Detached","¤16,791"
"1001","F10548556","CS","3600","810 SE 10th Street","Rio Vista Isles ","","$1,187,630","$1,050,000","3","2","0","2,337","Single","1977","2","No","No","",""
"1001","F10539710","CS","3480","1421 SW 23rd Court","Marina Landings ","","$1,185,000","$1,205,000","4","3","0","2,751","Single","2025","2","No","No","","4,050"
"1001","F10423225","CS","3480","1431 23rd Street","Marina Landings ","","$1,185,000","$1,099,000","4","3","0","2,751","Single","2024","2","No","No","","4,050"
"1001","A11712607","CS","3160","2011 N Ocean Blvd Unit#705","The VUE The Vue Condominium","","$1,175,000","$1,100,000","3","3","0","¤1,685","Condo","2005","2","","Yes","",""
"1001","A11608419","CS","3170","100 S Birch Rd Unit#1905D","JACKSON TOWER LAS OLAS CO Jackson Tower","","$1,175,000","$1,015,000","2","2","0","¤1,650","Condo","2001","1","","No","",""
"1001","A11905919","CS","3240","3008 NE 1st Terrace","ALMAR ESTATES RESUB ","","$1,175,000","$1,100,000","3","3","0","¤1,776","Single","1956","0","Yes","Yes","Attached","¤8,598"
"1001","F10494961","CS","3260","2720 NE 15th St Unit#301","Rio Villas of Coral Ridge Rio Villas of Coral Ridge","","$1,175,000","$1,100,000","3","2","0","1,618","Condo","2000","2","","Yes","",""
"1001","A11930298","CS","3270","606 NE 8th Ave","PROGRESSO Glass at Victoria Park","","$1,175,000","$1,175,000","3","3","1","¤1,981","Townhouse","2022","2","","No","",""
"1001","A11870552","CS","3270","1625 NE 4th Pl","MIDDLE RIVER PARK ","","$1,175,000","$1,030,000","3","2","0","¤1,504","Single","1939","1","Yes","No","Detached","¤6,250"
"1001","F10479041","CS","3280","411 N New River Dr Unit#2605","LAS OLAS GRAND CONDO LAS OLAS GRAND CONDO","","$1,175,000","$1,000,000","2","2","0","1,630","Condo","2005","1","","Yes","",""
"1001","A11907466","CS","3480","1705 SW 23rd St","River Oaks ","","$1,175,000","$1,102,250","4","3","","2,508","Single","2025","2","Yes","No","Attached","¤4,231"
"1001","R11071336","CS","3570","1700 SW 5th Street","GILL ISLES ","","$1,175,000","$1,087,500","3","2","0","1,550","Single","1959","1","Yes","Yes","Ranch","6,825"
"1001","F10514257","CS","3600","1819 SE 17 ST Unit#1509","THE PORT THE PORT","","$1,175,000","$999,000","3","2","1","2,005","Condo","2005","2","","No","",""
"1001","F10489089","CS","3270","433 NE 8th Ave","Holmberg & Mc Kees Sub 1- ","","$1,168,000","$1,140,000","2","2","0","1,379","Single","1960","1","Yes","No","","8,437"
"1001","F10484093","CS","3260","2425 NE 26th Ter","Coral Ridge Galt Add 27-4 ","","$1,160,000","$1,100,000","3","3","0","1,774","Single","1954","2","No","No","","10,000"
"1001","F10412296","CS","3480","1455 SW 23rd Street","Marina Landings ","","$1,160,000","$1,160,000","4","3","0","2,751","Single","2024","2","No","No","","4,050"
"1001","F10499631","CS","3370","2633 NE 10th Ter","Amadale 29-6 B ","","$1,155,000","$1,085,000","4","2","0","1,799","Single","1955","1","Yes","No","","7,803"
"1001","B26004296","CS","3160","715 Bayshore Drive Unit#606","LA RIVE CONDO ","","$1,150,000","$1,037,500","2","3","0","1,733","Condo","2004","1","No","Yes","","0"
"1001","R11072027","CS","3160","3101 Bayshore Drive Unit#2005","FORT LAUDERDALE RESIDENCES ","","$1,150,000","$1,100,000","2","2","0","1,283","Condo","2011","1","No","Yes","",""
"1001","F10473755","CS","3160","2831 N Ocean Blvd Unit#907N","Sapphire Sapphire","","$1,150,000","$1,050,000","2","2","0","1,468","Condo","2009","1","","No","",""
"1001","A11876334","CS","3170","2200 S Ocean Ln Unit#1902","POINT OF AMERICAS POINT OF AMERICAS","","$1,150,000","$1,051,500","2","2","","¤2,003","Condo","1971","1","","Yes","",""
"1001","F10446836","CS","3170","2000 S Ocean Dr Unit#1201","Everglades House Everglades House","","$1,150,000","$1,100,000","2","2","1","2,244","Condo","1965","2","","Yes","",""
"1001","A11615955","CS","3170","1625 S Ocean Ln Unit#286","OCEANAGE CONDO The Oceanage","","$1,150,000","$1,115,000","2","2","0","¤1,273","Condo","1973","0","","Yes","",""
"1001","F10433322","CS","3170","1800 S OCEAN DR Unit#110","Townhouses @ Harbor Beach Townhouses @ Harbor Beach","","$1,150,000","$1,050,000","2","2","1","1,790","Townhouse","1979","0","","Yes","",""
"1001","F10415594","CS","3170","1551 S Ocean Ln Unit#273","The Oceanage The Oceanage","","$1,150,000","$1,017,500","2","2","0","1,273","Condo","1973","0","","Yes","",""
"1001","A11784679","CS","3260","2528 NE 26th Ter","CORAL RIDGE GALT ADD ","","$1,150,000","$1,100,000","2","2","0","¤1,254","Single","1957","2","Yes","No","Detached","¤10,285"
"1001","R10997609","CS","3260","2725 NE 25 Street","CORAL RIDGE GALT ADD ","","$1,150,000","$1,045,000","4","3","0","2,300","Single","1952","1","No","No","Garden Apartment","10,000"
"1001","F10491897","CS","3270","1108 NE 4th Street","Conch Key Villas Conch Key Villas","","$1,150,000","$1,100,000","4","3","1","2,676","Townhouse","2007","1","","No","",""
"1001","F10507797","CS","3280","25 Hendricks Isle Unit#203","REFLECTIONS OF LAS OLAS REFLECTIONS OF LAS OLAS","","$1,150,000","$975,000","3","3","1","2,364","Condo","2001","2","","Yes","",""
"1001","F10490597","CS","3280","347 N New River Dr E Unit#2401","WATERGARDEN WATERGARDEN","","$1,150,000","$1,050,000","2","2","0","1,615","Condo","2005","2","","Yes","",""
"1001","F10467889","CS","3280","411 N New River Dr Unit#902","LAS OLAS GRAND LAS OLAS GRAND","","$1,150,000","$1,025,000","2","2","0","1,630","Condo","2005","1","","Yes","",""
"1001","F10525799","CS","3370","2149 NE 27th Dr","Coral Gardens 30-7 B ","","$1,150,000","$1,100,000","3","2","0","1,758","Single","1953","0","Yes","Yes","","6,838"
"1001","F10500895","CS","3370","2016 NE 29th Ct","Coral Shores 30-44 B ","","$1,150,000","$1,125,000","4","3","0","2,028","Single","1953","0","Yes","No","","7,000"
"1001","A11681217","CS","3370","2312 NE 17th Ave","MIDDLE RIVER MANOR ADD ","","$1,150,000","$1,050,000","3","2","0","¤1,837","Single","1957","2","No","Yes","Attached","¤7,052"
"1001","F10465390","CS","3370","2118 NE 16th Ave","Edgewater Estates 40-7 B ","","$1,150,000","$1,150,000","3","2","0","1,419","Single","1957","1","Yes","No","","7,335"
"1001","F10441365","CS","3370","525 NE 28th Dr","Tropical Manors Add-Resub ","","$1,150,000","$1,100,000","3","2","1","1,778","Single","1957","1","Yes","Yes","","9,067"
"1001","B26018807","CS","3380","1529 NE 17th Avenue","PROGRESSO ","","$1,150,000","$1,000,000","4","2","0","1,449","Single","1951","","Yes","No","","8,111"
"1001","A11580151","CS","3480","1004 Guava Isle","SOUTH NEW RIVER ISLES SEC ","","$1,150,000","$875,000","3","2","","¤1,944","Single","1958","0","No","Yes","Detached","¤7,950"
"1001","F10412305","CS","3480","1443 SW 23rd Street","Marina Landings ","","$1,150,000","$1,175,000","4","3","0","2,751","Single","2024","2","No","No","","4,050"
"1001","A11834556","CS","3500","313 SW 10th St Unit#A","CROISSANT PARK RIVER SEC 313 A","","$1,150,000","$1,075,000","3","3","1","","Townhouse","2025","1","","No","",""
"1001","A11676700","CS","3500","311 SW 10th St","CROISSANT PARK RIVER SEC 311","","$1,150,000","$1,075,000","3","3","1","","Townhouse","2024","1","","No","",""
"1001","B26012874","CS","3600","807 SE 11th Court","RIO VISTA ISLES ","","$1,150,000","$995,000","2","2","0","1,736","Single","1957","","No","No","Ranch","4,883"
"1001","R11057637","CS","3600","800 SE 11th Court","RIO VISTA ISLES ","","$1,150,000","$950,000","3","2","1","1,562","Single","1936","1","Yes","No","","8,750"
"1001","F10499180","CS","3170","1 Las Olas Circle Unit#1414","Venetian Condominium Venetian Condominium","","$1,149,000","$1,070,000","2","2","0","1,500","Condo","1970","1","","","",""
"1001","F10554793","CS","3270","200 NE 14th Avenue Unit#1","ENCLAVE AT VICTORIA PARK ENCLAVE AT VICTORIA PARK","","$1,149,000","$1,092,000","3","2","1","2,501","Townhouse","1995","2","No","No","",""
"1001","F10554285","CS","3270","700 NE 14th Avenue Unit#206","Holiday Park Holiday Park","","$1,149,000","$1,100,000","3","4","0","2,214","Townhouse","2020","2","","No","",""
"1001","F10459918","CS","3270","832 NE 19 TERRACE","Victoria Park ","","$1,149,000","$1,000,000","3","3","0","1,741","Single","1956","0","Yes","No","","6,357"
"1001","F10444911","CS","3280","217 Hendricks Isle Unit#201","Vista Las Olas Condo Vista Las Olas Condo","","$1,149,000","$1,100,000","2","2","0","1,370","Condo","2000","1","","Yes","",""
"1001","F10543493","CS","3480","1474 SW 19th Avenue","Shady Banks ","","$1,149,000","$1,065,000","4","3","0","2,373","Single","1954","0","Yes","Yes","","6,000"
"1001","F10494793","CS","3270","710 NE 16th Ave","Macarthur Park 19-31 B ","","$1,135,000","$1,085,000","2","2","0","1,342","Single","1949","1","Yes","No","","7,172"
"1001","A11905035","CS","3800","333 Las Olas Way Unit#2703","LAS OLAS RIVER HOUSE COND Las Olas River House","","$1,130,000","$1,000,000","2","2","1","¤1,869","Condo","2004","1","","Yes","",""
"1001","F10522970","CS","3130","2509 N Ocean Blvd Unit#675","Fountains on Ocean Blvd Fountains on Ocean Blvd","","$1,129,900","$1,032,000","3","3","1","2,150","Condo","2009","3","","No","",""
"1001","A11440577","CS","3160","551 N Fort Lauderdale Beach Blvd Unit#R404","551 FLB CONDOMINIUM RESID The Ocean Resort","","$1,128,000","$950,000","2","2","1","¤1,061","Condo","2009","0","","Yes","",""
"1001","F10479067","CS","3160","511 Bayshore Dr Unit#807","BAYSHORE TOWERS BAYSHORE TOWERS","","$1,125,000","$1,000,000","3","3","0","1,640","Condo","1972","1","","Yes","",""
"1001","F10503585","CS","3270","1600 NE 4th Ct","Las Olas Park ","","$1,125,000","$999,000","3","2","0","1,409","Single","1931","1","No","No","","6,858"
"1001","F10453123","CS","3270","532 NE 12th Ave","Victoria Park ","","$1,125,000","$1,005,000","3","3","0","2,214","Single","1991","0","No","No","","6,500"
"1001","A11805984","CS","3380","1116 NE 10th Ave","PROGRESSO Bijou Lake ridge","","$1,125,000","$1,075,000","4","3","1","¤1,766","Townhouse","2023","1","","No","",""
"1001","F10425452","CS","3800","333 LAS OLAS WAY Unit#1402","LAS OLAS RIVER HOUSE LAS OLAS RIVER HOUSE","","$1,125,000","$1,030,000","2","2","1","1,522","Condo","2005","1","","Yes","",""
"1001","A11513221","CS","3800","333 Las Olas Way Unit#1507","LAS OLAS RIVER HOUSE COND LAS OLAS RIVER HOUSE","","$1,125,000","$1,065,000","2","2","1","¤1,522","Condo","2004","1","","Yes","",""
"1001","F10501540","CS","3270","1610 NE 1st St Unit#3","Colee Hammock East Colee Hammock East","","$1,124,000","$1,100,000","4","2","1","2,267","Townhouse","1988","2","","No","",""
"1001","A11726549","CS","3370","425 NE 29th St","TROPICAL MANORS ADD ","","$1,114,000","$1,050,000","3","2","0","¤1,386","Single","1961","1","Yes","Yes","Detached","¤6,997"
"1001","F10482207","CS","3260","2732 NE 26th St","Coral Ridge Galt Add 27-4 ","","$1,110,000","$1,040,000","3","2","1","2,106","Single","1954","2","Yes","No","","10,000"
"1001","B26001388","CS","","1508 SE 2nd Court Unit#B","COLEE HAMMOCK ","","$1,100,000","$1,135,000","3","2","1","2,055","Townhouse","2002","2","No","No","Old Spanish, Patio/Cluster, Substantially Remodeled","2,220"
"1001","F10542102","CS","3160","401 N Birch Road Unit#TH2","Tiffany House Tiffany House","","$1,100,000","$1,040,000","2","3","0","1,636","Townhouse","2018","2","","No","",""
"1001","F10536900","CS","3160","401 N Birch Road Unit#708","Tiffany House Tiffany House","","$1,100,000","$1,050,000","2","2","1","1,228","Condo","2018","2","","Yes","",""
"1001","A11874712","CS","3160","551 N Fort Lauderdale Beach Blvd Unit#R2212","551 FLB CONDOMINIUM RESID The Elliott","","$1,100,000","$1,000,000","2","2","1","¤1,252","Condo","2009","1","","Yes","",""
"1001","F10476890","CS","3160","3101 Bayshore Dr Unit#1909","W RESIDENCES W RESIDENCES","","$1,100,000","$1,025,000","2","2","0","1,255","Condo","2010","1","","Yes","",""
"1001","R11139316","CS","3170","2200 S Ocean Lane Unit#806","POINT OF AMERICAS PHASE II ","","$1,100,000","$1,050,000","2","2","1","2,170","Condo","1971","1","No","Yes","High Rise",""
"1001","F10512670","CS","3170","2100 S Ocean Ln Unit#2207","Point of Americas Point of Americas","","$1,100,000","$879,478","2","2","0","2,116","Condo","1969","1","","Yes","",""
"1001","A11546284","CS","3170","1578 S Ocean Ln Unit#115","OCEANAGE CONDO OCEANAGE CONDO","","$1,100,000","$1,010,000","2","2","0","¤1,273","Condo","1973","0","","Yes","",""
"1001","A11458741","CS","3170","2100 S Ocean Ln Unit#2108","POINT OF AMERICAS POINT OF AMERICAS","","$1,100,000","$886,240","2","2","0","¤1,880","Condo","1969","1","","Yes","",""
"1001","B26028617","CS","3260","2601 NE 27th Way","CORAL RIDGE GALT ADD NO 1 ","","$1,100,000","$1,100,000","3","2","0","1,682","Single","1959","2","Yes","No","","11,469"
"1001","R11135196","CS","3260","1180 N Federal Highway Unit#1409","RIVA ","","$1,100,000","$1,000,000","2","2","0","1,538","Condo","2018","2","No","Yes","",""
"1001","A11751109","CS","3260","2441 Bayview Dr","CORAL RIDGE GALT ADD ","","$1,100,000","$1,000,000","3","2","1","¤1,768","Single","1953","2","Yes","No","Attached","¤9,662"
"1001","B26021779","CS","3270","530 NE 11th Avenue","Halls Add 1-134 D ","","$1,100,000","$1,016,000","3","2","0","1,364","Single","1955","","Yes","No","Substantially Remodeled","6,500"
"1001","F10555062","CS","3270","435 NE 9th Avenue","Holmberg & Mc Kees Sub 1- ","","$1,100,000","$1,050,000","3","2","0","1,494","Single","1951","1","Yes","No","","8,100"
"1001","F10545725","CS","3270","390 NE 10th Avenue","Stranahans Sub 3-115 D 2- ","","$1,100,000","$1,075,000","2","2","0","1,462","Single","1976","0","Yes","No","","5,225"
"1001","F10445891","CS","3270","616 NE 16th Ter","Greens Sub 19-18 B ","","$1,100,000","$975,000","2","2","1","1,962","Single","1946","1","No","No","","7,221"
"1001","F10415406","CS","3270","111 N Victoria Park Rd","Victoria Park Corr Amd ","","$1,100,000","$900,000","3","3","0","1,874","Single","1931","1","No","No","","7,013"
"1001","F10371542","CS","3270","1915 NE 7th Ct","Victoria Highlands Amd ","","$1,100,000","$975,000","2","1","1","1,128","Single","1949","1","No","No","","9,000"
"1001","A11852166","CS","3280","325 Sunset Dr Unit#B","LAKE SHORE CONDO LAKE SHORE CONDO","","$1,100,000","$1,075,000","2","2","0","¤1,601","Condo","1986","1","","Yes","",""
"1001","F10509419","CS","3280","424 Hendricks Isle Unit#11","The Boathouse The Boathouse","","$1,100,000","$960,000","2","2","1","2,260","Condo","1979","0","","Yes","",""
"1001","F10535171","CS","3370","1724 NE 28th Dr","Coral Estates 32-29 B ","","$1,100,000","$1,020,000","3","2","0","1,820","Single","1954","1","Yes","No","","7,919"
"1001","F10503697","CS","3370","305 NE 21st Ct","Petite ","","$1,100,000","$1,100,000","3","3","0","1,695","Single","1953","0","Yes","No","","6,249"
"1001","F10445730","CS","3370","20 NE 24th St","LAZY LAKE ","","$1,100,000","$900,000","3","2","0","1,792","Single","1951","0","No","Yes","","21,400"
"1001","F10439261","CS","3370","2316 NE 6th Ave","Wilton Manors ","","$1,100,000","$1,025,000","3","2","0","2,446","Single","1955","1","Yes","No","","9,290"
"1001","F10479746","CS","3390","617 NW 22nd St","Hillbrook 30-4 B ","","$1,100,000","$1,000,000","3","2","0","1,735","Single","1955","2","Yes","No","","9,999"
"1001","F10554319","CS","3470","1714 W Las Olas Boulevard","River Vista 22-38 B ","","$1,100,000","$1,100,000","3","2","0","1,354","Single","1960","","Yes","Yes","","6,546"
"1001","A11844030","CS","3470","1709 SW 5th Pl","GILL ISLES ","","$1,100,000","$1,000,000","3","2","","¤1,433","Single","1961","1","Yes","Yes","Detached","¤7,680"
"1001","A11720682","CS","3470","816 SW 10th St","LAUDERDALE Tarpon River","","$1,100,000","$985,000","3","3","1","¤3,269","Townhouse","2007","2","","Yes","",""
"1001","F10450367","CS","3370","2008 NE 3rd Terrace","Wilton Manors ","","$1,099,999","$915,000","2","2","0","1,385","Single","1947","0","Yes","No","",""
"1001","F10496722","CS","3480","1105 Tangelo Isle","Citrus Isles ","","$1,099,900","$1,050,000","2","2","0","1,350","Single","1957","0","No","Yes","","7,420"
"1001","A11767582","CS","3480","709 SW 17th St","Lauderdale Pines Croissant Park","","$1,099,900","$1,070,000","4","3","1","¤2,624","Townhouse","2018","2","","No","",""
"1001","F10540316","CS","3160","3101 Bayshore Unit#1502","Fort Lauderdale Residence Fort Lauderdale Residence","","$1,099,000","$1,099,000","2","2","0","1,329","Condo","2010","1","","Yes","",""
"1001","F10475844","CS","3170","1556 S Ocean Ln Unit#203","The Oceanage Condo The Oceanage Condo","","$1,099,000","$1,044,000","2","2","0","1,273","Condo","1973","0","","No","",""
"1001","F10444409","CS","3270","902 NE 16th Ter Unit#902","Capri Villas Capri Villas","","$1,099,000","$1,045,000","3","3","1","2,024","Townhouse","2017","2","","No","",""
"1001","F10397384","CS","3270","507 NE 11th Ave","Halls Add 1-134 D ","","$1,099,000","$970,000","3","1","0","1,150","Single","1940","0","Yes","No","","7,800"
"1001","F10465846","CS","3280","25 Hendricks Isle Unit#305","REFLECTIONS OF LAS OLAS REFLECTIONS OF LAS OLAS","","$1,099,000","$975,000","3","3","0","2,320","Condo","2000","2","","Yes","",""
"1001","A11611644","CS","3280","400 Hendricks Isle Unit#402","LANDINGS AT LAS OLAS Landings at Las Olas","","$1,099,000","$1,030,000","2","2","1","¤1,797","Condo","2006","2","","Yes","",""
"1001","A11927663","CS","3370","2837 NE 17th Ave","MIDDLE RIVER ESTATES ","","$1,099,000","$1,050,000","2","2","0","¤1,440","Single","1954","1","Yes","Yes","Attached","¤10,939"
"1001","F10504056","CS","3390","300 NW 21st Ct","Hillbrook 30-4 B ","","$1,099,000","$1,050,000","3","2","0","2,454","Single","2008","1","Yes","No","","10,448"
"1001","F10452594","CS","3390","2132 NW 5th Ave","Hillbrook 30-4 B ","","$1,099,000","$1,000,000","3","2","1","2,052","Single","1956","0","Yes","No","","10,747"
"1001","F10549877","CS","3470","604 SW 7th Avenue","602/604 602/604","","$1,099,000","$1,060,000","3","3","1","2,316","Townhouse","2026","1","","No","",""
"1001","A11961489","CS","3480","701 SW 17th Street","Croissant Park N/A","","$1,099,000","$1,025,000","5","4","","2,519","Townhouse","2026","1","","No","",""
"1001","F10541955","CS","3480","1435 SW 23rd Street","Marina Landings ","","$1,099,000","$1,040,000","4","3","1","2,738","Single","2025","2","No","No","",""
"1001","F10508225","CS","3480","1112 Tangelo Isle","South New River Isles Sec ","","$1,099,000","$1,030,000","2","2","0","1,632","Single","1957","1","No","Yes","","6,890"
"1001","F10412283","CS","3480","1446 SW 23rd Street","Marina Landings ","","$1,099,000","$1,137,000","4","3","1","2,779","Single","2025","2","No","No","","4,050"
"1001","F10434307","CS","3270","744 NE 19th Ave","Victoria Highlands Amd ","","$1,098,000","$995,000","2","2","0","1,606","Single","1949","0","Yes","No","","7,820"
"1001","F10479971","CS","3370","2225 NE 16th Ave","Edgewater Estates 40-7 B ","","$1,098,000","$930,000","3","2","0","1,722","Single","1957","2","Yes","Yes","","7,704"
"1001","F10483267","CS","3270","524 NE 17th Way","Victoria Park Corr Amd ","","$1,097,000","$1,038,355","2","2","0","1,655","Single","1952","0","Yes","No","","6,071"
"1001","F10478392","CS","3160","2831 N Ocean Blvd Unit#PH2N","Sapphire Condominiums Sapphire Condominiums","","$1,095,000","$1,030,000","2","2","0","1,573","Condo","2009","2","","Yes","",""
"1001","B26041526","CS","3170","2200 S Ocean Lane Unit#1001","POINT OF AMERICAS PHASE II ","","$1,095,000","$970,000","2","2","0","1,641","Condo","1971","1","No","Yes","Substantially Remodeled","0"
"1001","F10537278","CS","3260","1180 N Federal Highway Unit#1005","Riva Riva","","$1,095,000","$950,000","2","2","1","1,783","Condo","2018","1","","Yes","","0"
"1001","F10493567","CS","3270","609 NE 16th Ter","San Marco Townhomes San Marco Townhomes","","$1,095,000","$980,000","3","2","1","1,846","Townhouse","1990","1","","No","",""
"1001","F10480224","CS","3270","612 NE 17th Ave","Central Park 16-57 B ","","$1,095,000","$1,010,000","3","2","0","1,762","Single","1940","0","No","No","","7,262"
"1001","A11693653","CS","3270","1610 NE 1st St Unit#6","VICTORIA PARK CORR AMEN P Collee Hammock East","","$1,095,000","$1,010,000","4","2","1","¤2,266","Townhouse","1988","2","","No","",""
"1001","A11626976","CS","3270","645 NE 9th Ave","PROGRESSO Piazza Navona","","$1,095,000","$1,050,000","3","3","1","¤2,447","Townhouse","2015","2","","No","",""
"1001","F10538519","CS","3380","1517 NE 17th Ter","Progresso 2-18 D ","","$1,095,000","$1,025,000","4","4","0","2,766","Single","1953","0","Yes","No","","6,750"
"1001","A11570333","CS","3470","808 SW 9th St Unit#808-A","LAUDERDALE AQUAMARINE SHINE3","","$1,095,000","$980,000","3","2","1","2,662","Townhouse","2025","1","","No","",""
"1001","F10478607","CS","3480","1401 SW 15th Ave","MRS E F MARSHALLS SUB REV ","","$1,095,000","$995,000","3","2","0","2,092","Single","1941","2","Yes","No","",""
"1001","A11957180","CS","3600","801 SE 7th St","RIO VISTA C J HECTORS RES ","","$1,095,000","$1,075,000","2","2","0","","Single","1936","1","No","No","Detached","¤6,150"
"1001","F10439474","CS","3600","1235 Cordova Rd","Lauderdale Harbors ","","$1,095,000","$970,000","3","3","0","2,177","Single","1951","0","Yes","No","","6,905"
"1001","F10549852","CS","3800","100 E Las Olas Boulevard Unit#1802","100 Las Olas 100 Las Olas","","$1,095,000","$1,025,000","2","2","1","1,404","Condo","2020","2","","No","",""
"1001","F10479326","CS","3370","2400 NE 18th Ave","Middle River Manor 33-29 ","","$1,093,777","$1,075,000","3","3","0","1,784","Single","1955","2","No","Yes","","7,000"
"1001","F10483825","CS","3160","551 N Fort Lauderdale Beach Blvd Unit#R304","OCEAN RESORT RESIDENCE OCEAN RESORT RESIDENCE","","$1,090,000","$980,000","2","2","1","1,060","Condo","2009","2","","Yes","",""
"1001","A11931810","CS","3170","100 S Birch Rd Unit#1504E","JACKSON TOWER LAS OLAS CO JACKSON TOWER LAS OLAS CO","","$1,090,000","$1,000,000","3","2","0","¤1,934","Condo","2002","2","","Yes","",""
"1001","F10418845","CS","3260","1364 Bayview Drive Unit#1364","Grandeur Grandeur","","$1,089,000","$1,060,000","4","3","1","2,397","Townhouse","2009","2","","No","",""
"1001","F10470965","CS","3270","723 NE 17th Ave","Victoria Courts 9-49 B ","","$1,089,000","$1,030,000","2","2","1","1,663","Single","1993","1","Yes","No","","4,814"
"1001","F10428999","CS","3380","1116 NE 10th Ave Unit#1116","Bijou Lake Ridge Bijou Lake Ridge","","$1,085,000","$1,000,000","4","3","1","2,360","Townhouse","2023","1","","No","",""
"1001","F10505376","CS","3480","1321 Mango Isle","South New River Isles Sec ","","$1,080,000","$965,000","3","2","0","1,860","Single","1953","1","No","Yes","","6,360"
"1001","F10488604","CS","3160","2501 N Ocean Blvd Unit#652","Fountains on Ocean Blvd Fountains on Ocean Blvd","","$1,075,000","$1,010,000","3","3","1","2,150","Condo","2008","2","","No","",""
"1001","F10498172","CS","3170","2100 S Ocean Ln Unit#1502","Point of Americas Point of Americas","","$1,075,000","$930,000","2","2","0","1,879","Condo","1969","1","","Yes","",""
"1001","A11765324","CS","3280","411 N New River Dr E Unit#1202","LAS OLAS GRAND CONDO Las Olas Grand Condo","","$1,075,000","$950,000","2","2","0","¤1,630","Condo","2005","1","","Yes","",""
"1001","F10509042","CS","3370","2024 NE 24th St","Coral Point 31-27 B ","","$1,075,000","$985,000","3","2","0","1,714","Single","1957","1","Yes","Yes","","6,998"
"1001","F10443861","CS","3370","811 NE 17th Ct","Lauderdale Park 6-33 1/2 ","","$1,075,000","$1,000,000","3","2","0","1,490","Single","1955","0","Yes","No","","6,753"
"1001","F10533427","CS","3380","1223 NE 14th Ave","Ridge Pointe Ridge Pointe","","$1,075,000","$1,040,000","3","2","1","2,538","Townhouse","2011","2","","No","",""
"1001","F10508667","CS","3500","610 W Las Olas Blvd Unit#1911N","SYMPHONY SYMPHONY","","$1,075,000","$1,047,500","3","3","0","1,818","Condo","2005","2","","Yes","",""
"1001","F10435890","CS","3500","600 W Las Olas Blvd Unit#1905-s","The Symphony The Symphony","","$1,075,000","$1,075,000","3","2","1","2,122","Condo","2005","1","","Yes","",""
"1001","F10444239","CS","3270","1610 NE 1st Street Unit#4","Colee Hammock East Colee Hammock East","","$1,074,999","$955,500","3","2","1","2,266","Townhouse","1988","2","","No","",""
"1001","B26012682","CS","3260","2308 Bayview Drive","CORAL RIDGE GALT ADD ","","$1,074,900","$930,000","3","2","0","2,300","Single","1956","","No","No","","8,116"
"1001","F10544005","CS","3370","833 NE 17th Court","Lauderdale Park 6-33 1/2 ","","$1,072,000","$1,025,000","3","2","0","1,636","Single","1955","0","Yes","No","","8,440"
"1001","B26010219","CS","3170","100 S Birch Road Unit#803","JACKSON TOWER LAS OLAS CON ","","$1,069,000","$1,005,000","2","2","0","1,722","Condo","2001","1","No","Yes","","0"
"1001","A11781593","CS","3280","217 Hendricks Isle Unit#401","VISTA LAS OLAS CONDO Vista Las Olas","","$1,069,000","$1,000,000","2","2","0","¤1,370","Condo","2000","1","","Yes","",""
"1001","A11965423","CS","3170","101 S Fort Lauderdale Beach Blvd Unit#707","LAS OLAS BEACH CLUB CONDO LAS OLAS BEACH CLUB CONDO","","$1,065,000","$1,000,000","2","2","0","¤1,905","Condo","2008","1","","Yes","",""
"1001","F10519108","CS","3500","600 W Las Olas Blvd Unit#1901S","SYMPHONY SYMPHONY","","$1,065,000","$1,050,000","3","2","1","1,782","Condo","2005","2","","Yes","",""
"1001","F10491735","CS","3480","1205 Avocado Isle","South New River Isles Sec ","","$1,060,000","$1,030,000","3","2","0","1,404","Single","1955","1","No","Yes","","7,950"
"1001","F10503332","CS","3270","605 N Victoria Park Rd","Victoria Park ","","$1,059,000","$1,000,000","2","2","0","1,292","Single","1948","0","Yes","No","","5,757"
"1001","F10533417","CS","3160","2831 N Ocean Blvd Unit#504N","Sapphire Fort Lauderdale Sapphire Fort Lauderdale","","$1,055,000","$1,010,000","2","2","0","1,630","Condo","2009","1","","No","",""
"1001","F10474066","CS","3470","724 SW 14th Ave","Riverside Add Amd 1-13 B ","","$1,054,000","$975,000","2","1","0","1,056","Single","1942","2","No","No","","20,513"
"1001","A11810363","CS","3170","1692 S Ocean Ln Unit#266","OCEANAGE CONDO OCEANAGE CONDO","","$1,050,000","$1,005,000","3","2","0","¤1,273","Condo","1973","0","","Yes","",""
"1001","F10555187","CS","3260","2614 NE 14th Street","Villa De Este Villa De Este","","$1,050,000","$995,000","3","3","1","2,719","Townhouse","2005","2","","No","",""
"1001","F10532849","CS","3260","2608 NE 22nd St","CORAL RIDGE GALT ADD ","","$1,050,000","$1,050,000","3","2","0","1,455","Single","1954","2","Yes","No","","8,502"
"1001","F10497542","CS","3260","2107 NE 15th St","Lauder Gate Isles 28-17 B ","","$1,050,000","$965,000","2","3","0","1,696","Single","1956","1","Yes","No","","8,050"
"1001","F10456025","CS","3260","2632 NE 15th St Unit#.","Villa Capri Townhomes Villa Capri Townhomes","","$1,050,000","$975,000","3","3","1","2,480","Townhouse","2002","2","","No","",""
"1001","F10453496","CS","3260","1423 Bayview Dr Unit#1423","WATERVIEW TOWNHOMES WATERVIEW TOWNHOMES","","$1,050,000","$950,000","3","2","1","2,516","Townhouse","1999","2","","No","",""
"1001","B26014204","CS","3270","634 NE 17th Way","VICTORIA PARK CORR AMEND ","","$1,050,000","$1,000,000","3","2","0","1,440","Single","1954","1","No","No","","6,258"
"1001","F10515141","CS","3270","1507 NE 2nd St","Victoria Park Victoria Park","","$1,050,000","$1,000,000","3","3","0","2,634","Townhouse","2011","2","","No","",""
"1001","F10448725","CS","3270","721 NE 17th Rd","Victoria Courts 9-49 B ","","$1,050,000","$1,005,000","3","2","0","1,274","Single","1951","0","Yes","No","","4,814"
"1001","F10508388","CS","3280","347 N New River Dr Unit#3104","WATERGARDEN WATERGARDEN","","$1,050,000","$1,050,000","3","2","0","1,469","Condo","2004","1","","Yes","",""
"1001","A11629856","CS","3280","350 SE 2nd St Unit#2970","350 LAS OLAS PLACE CONDO 350 Las Olas Place","","$1,050,000","$1,000,000","3","2","0","¤1,650","Condo","2005","1","","No","",""
"1001","A11949909","CS","3370","2213 NE 16th Ave","EDGEWATER ESTATES ","","$1,050,000","$1,000,000","3","2","0","¤1,550","Single","1959","1","No","Yes","Detached","¤7,697"
"1001","F10493690","CS","3380","1600 NE 16th Street","Poinsettia Heights ","","$1,050,000","$1,000,000","3","3","0","1,818","Single","1949","0","Yes","No","","8,099"
"1001","A11826208","CS","3470","1601 SW 5th Pl","GILL ISLES ","","$1,050,000","$1,075,000","5","4","0","¤2,480","Single","1984","2","Yes","Yes","Detached","¤9,741"
"1001","A11932087","CS","3480","1205 Guava Isle","SOUTH NEW RIVER ISLES SEC ","","$1,050,000","$1,028,750","3","2","1","¤1,792","Single","1963","1","No","Yes","Detached","¤6,890"
"1001","F10528293","CS","3480","1213 Mandarin Isle","SOUTH NEW RIVER ISLES SEC ","","$1,050,000","$1,009,000","3","2","0","1,404","Single","1956","0","No","Yes","","7,950"
"1001","F10523561","CS","3480","1540 SW 16th St","Shady Banks ","","$1,050,000","$999,999","4","2","0","1,715","Single","1958","0","Yes","Yes","","9,584"
"1001","A11848478","CS","3480","1013 Orange Isle","SOUTH NEW RIVER ISLES ","","$1,050,000","$950,000","3","2","0","¤1,289","Single","1957","0","Yes","Yes","Detached","¤6,890"
"1001","F10531790","CS","3800","333 Las Olas Way Unit#2303","LAS OLAS RIVER HOUSE COND LAS OLAS RIVER HOUSE COND","","$1,050,000","$937,492","2","2","1","1,869","Condo","2004","1","","Yes","",""
"1001","A11776859","CS","3800","333 Las Olas Way Unit#1602","LAS OLAS RIVER HOUSE COND Las Olas River House","","$1,050,000","$975,000","2","2","1","¤1,522","Condo","2004","1","","Yes","",""
"1001","R11040516","CS","3470","809 SW 10th Street","CROISSANT PARK ","","$1,049,999","$1,025,000","3","2","1","2,450","Townhouse","2023","2","No","No","",""
"1001","F10536131","CS","3480","909 Guava Isle","Citrus Isles ","","$1,049,900","$1,045,000","3","2","0","1,704","Single","1956","1","No","Yes","","9,510"
"1001","A11743278","CS","3160","551 N Fort Lauderdale Beach Blvd Unit#H1014","551 FLB CONDOMINIUM HOTEL OCEAN RESORT RESIDENCES","","$1,049,000","$975,000","2","2","0","¤1,149","Condo","2009","1","","Yes","",""
"1001","F10483777","CS","3170","1645 S Ocean Ln Unit#188","Oceanage Oceanage","","$1,049,000","$975,000","2","2","0","1,273","Condo","1973","0","","Yes","",""
"1001","F10466545","CS","3260","1843 NE 26th Ave Unit#1843","Coral Ridge Coral Ridge","","$1,049,000","$980,000","3","3","1","2,962","Townhouse","2005","2","","No","",""
"1001","F10538916","CS","3370","1973 Coral Gardens Dr","Coral Gardens 30-7 B ","","$1,049,000","$975,000","3","2","0","2,255","Single","1959","2","No","Yes","","8,630"
"1001","F10533132","CS","3370","417 NE 29th Street","Tropical Manors Add 35-1 ","","$1,049,000","$980,000","3","2","0","1,656","Single","1956","1","Yes","Yes","","7,004"
"1001","R11051554","CS","3370","2609 NE 14th Avenue Unit#110","WILTON STATION RES CONDO ","","$1,049,000","$1,025,000","3","3","1","2,363","Townhouse","2007","2","No","No","",""
"1001","F10458312","CS","3370","2819 NE 21st Avenue","Coral Shores 30-44 B ","","$1,049,000","$1,010,000","3","2","0","1,913","Single","1953","1","Yes","No","","8,400"
"1001","A11991120","CS","3380","1117 NE 18th Ave Unit#2","PROGRESSO Lakeridge 9","","$1,049,000","$1,049,000","3","3","1","¤2,810","Townhouse","2010","2","","No","",""
"1001","F10451855","CS","3470","517 SW 9th Street Unit#A","Tarpon River Townhomes Tarpon River Townhomes","","$1,049,000","$960,000","3","3","1","2,625","Townhouse","2017","2","","No","",""
"1001","F10548273","CS","3170","100 S Birch Road Unit#2403","JACKSON TOWER LAS OLAS JACKSON TOWER LAS OLAS","","$1,045,000","$975,000","2","2","0","1,722","Condo","2001","2","","","",""
"1001","F10497811","CS","3270","537 NE 17th Way","Victoria Park Victoria Park","","$1,045,000","$975,000","3","2","1","2,000","Townhouse","1996","0","","No","",""
"1001","F10506322","CS","3370","2807 Coral Shores Dr","Coral Shores Amd 31-50 B ","","$1,045,000","$1,000,000","2","2","0","1,189","Single","1954","0","Yes","Yes","",""
"1001","F10556519","CS","3380","1641 Poinsettia Drive","Poinsettia Heights River ","","$1,045,000","$930,000","3","2","1","1,909","Single","1956","2","Yes","Yes","","8,401"
"1001","F10451030","CS","3170","1665 S OCEAN LANE Unit#191","OCEANAGE OCEANAGE","","$1,040,000","$1,010,004","2","2","0","1,264","Condo","1973","0","","Yes","",""
"1001","F10540372","CS","3480","1435 SW 23rd Street","Marina Landings ","","$1,040,000","$1,040,000","4","3","1","2,738","Single","2025","2","No","No","","4,050"
"1001","F10477070","CS","3160","551 N Fort Lauderdale Beach Blvd Unit#2305","Ocean Resort Residence Ocean Resort Residence","","$1,035,000","$987,500","2","2","0","1,113","Condo","2009","2","","Yes","",""
"1001","A11583568","CS","3270","777 Bayshore Dr Unit#1501","AMERICAS ON THE PARK COND Americas on the Park Cond","","$1,035,000","$1,000,000","3","2","1","¤2,200","Condo","1976","1","","Yes","",""
"1001","F10434523","CS","3270","528 NE 13th Ave","Halls Add 1-134 D ","","$1,025,000","$940,000","3","2","0","1,208","Single","1941","1","No","No","","7,800"
"1001","F10460927","CS","3370","2225 NE 19th Avenue","Middle River Manor 33-29 ","","$1,025,000","$975,000","3","2","0","1,840","Single","1956","0","Yes","Yes","","7,000"
"1001","F10446863","CS","3370","2408 NE 17th Ter","Middle River Manor ","","$1,025,000","$1,005,000","3","2","1","1,854","Single","1956","0","Yes","Yes","","7,000"
"1001","F10497042","CS","3600","1109 SE 9th St","Rio Vista C J Hectors Res ","","$1,025,000","$950,000","3","2","0","1,483","Single","1957","0","No","No","","6,250"
"1001","F10488609","CS","3270","925 N Victoria Park Rd","VICTORIA PARK ","","$1,024,000","$1,005,000","3","3","1","2,436","Single","2018","2","Yes","No","",""
"1001","A11802663","CS","3170","1555 S Ocean Ln Unit#274","OCEANAGE CONDO The Oceanage","","$1,020,000","$1,020,000","2","2","0","¤1,273","Condo","1973","1","","Yes","",""
"1001","F10459669","CS","3500","610 W LAS OLAS BL Unit#2111N","Symphony Condominiums Symphony Condominiums","","$1,020,000","$1,016,000","3","3","0","1,818","Condo","2006","1","","Yes","",""
"1001","F10459838","CS","3480","1608 SW 23rd St","GEORGIAN OAKS ","","$1,015,000","$980,000","4","2","1","3,108","Single","2012","2","Yes","No","","6,533"
"1001","F10514493","CS","3470","610 SW 10th St Unit#610","Tarpon River Tarpon River","","$1,010,000","$965,000","3","3","1","2,675","Townhouse","2010","2","","No","",""
"1001","A11669756","CS","3170","1586 S Ocean Ln Unit#125","OCEANAGE CONDO The Oceanage","","$1,000,000","$937,500","2","2","0","¤1,264","Condo","1973","1","","No","",""
"1001","F10551564","CS","3260","2640 NE 26th Avenue","Coral Ridge Galt Add 1 ","","$1,000,000","$1,050,000","3","2","0","2,238","Single","1961","1","Yes","No","","10,000"
"1001","F10474880","CS","3260","2620 NE 14th St Unit#2","Coral Ridge Coral Ridge","","$1,000,000","$975,000","3","3","1","2,602","Townhouse","2016","2","","No","",""
"1001","F10471918","CS","3260","2770 NE 15th St Unit#101","CORAL RIDGE COURTYARD CORAL RIDGE COURTYARD","","$1,000,000","$940,000","2","2","0","1,288","Condo","1996","1","","Yes","",""
"1001","F10468484","CS","3270","1009 NE 3rd St","Stranahans Sub 3-115 D 2- ","","$1,000,000","$1,000,000","3","2","0","1,479","Single","1941","0","No","No","","8,400"
"1001","R11056239","CS","3360","3070 NE 13th Avenue","OCEAN BOULEVARD PARK ","","$1,000,000","$1,000,000","4","3","0","1,991","Single","1981","0","Yes","No","","5,501"
"1001","A11933939","CS","3370","2156 NE 18th Ave","MIDDLE RIVER MANOR ","","$1,000,000","$925,000","3","3","0","¤1,624","Single","1955","0","Yes","Yes","Attached","¤7,000"
"1001","B26026374","CS","3600","804 SE 5th Court","RIO VISTA C J HECTORS RESU ","","$1,000,000","$1,072,500","3","2","0","1,189","Single","1960","1","No","No","","6,000"
"1001","F10464755","CS","3800","333 Las Olas Way Unit#2207","River House River House","","$1,000,000","$975,000","2","2","1","1,522","Condo","2004","0","","No","",""
"1001","A11462848","CS","3160","3101 Bayshore Dr Unit#1902","W FORT LAUDERDALE W RESIDENCES FORT LAUDERD","","$999,999","$940,000","2","2","0","¤1,463","Condo","2010","1","","Yes","",""
"1001","F10481012","CS","3390","2509 NW 7th Ave","Babco Park 42-6 B ","","$999,999","$950,000","3","4","0","2,199","Single","1957","2","Yes","No","","10,114"
"1001","A11950238","CS","3570","1734 W Las Olas Blvd","RIVER VISTA ","","$999,999","$977,500","3","2","0","¤1,449","Single","1961","2","Yes","Yes","Detached","¤6,900"
"1001","F10446443","CS","3270","350 NE 7th Ave Unit#350","Victoria Mews Victoria Mews","","$999,950","$941,000","4","2","1","2,330","Townhouse","1998","2","","No","",""
"1001","F10477820","CS","3390","601 NW 30th St","March Estates Amd 39-2 B ","","$999,950","$1,100,000","6","4","0","4,568","Single","2018","2","Yes","Yes","","11,530"
"1501","F10548772","CS","3470","304 Seminole Avenue","Sailboat Bend ","","$999,950","$955,000","3","3","0","2,050","Single","1928","0","No","No","","6,750"
"1501","F10442643","CS","3370","1541 NE 28th Dr","Middle River Estates 29-4 ","","$999,900","$965,000","3","3","0","1,860","Single","1956","1","Yes","Yes","","7,927"
"1501","F10523025","CS","3370","2117 Coral Gardens Dr","Coral Shores ","","$999,500","$901,309","3","3","1","1,833","Single","1955","2","Yes","Yes","","10,526"
"1501","A11709927","CS","3160","3101 Bayshore Dr Unit#1109","FORT LAUDERDALE RESIDENCE W Residences","","$999,000","$925,000","2","2","0","¤1,255","Condo","2011","1","","Yes","",""
"1501","F10543648","CS","3170","701 N Fort Lauderdale Beach Blvd Unit#112","Paramount Paramount","","$999,000","$1,050,000","1","1","1","1,536","Condo","2017","2","","No","",""
"1501","F10502750","CS","3170","1 Las Olas Circle Unit#1112","Venetian Condominium Venetian Condominium","","$999,000","$880,000","2","2","0","1,500","Condo","1971","1","","Yes","",""
"1501","A11726815","CS","3170","1654 S Ocean Ln Unit#143","OCEANAGE CONDO THE OCEANAGE CONDO","","$999,000","$885,000","2","2","0","¤1,264","Condo","1973","1","","No","",""
"1501","F10506855","CS","3260","1837 NE 26th Ave Unit#1837","Venetian Villas Venetian Villas","","$999,000","$990,000","3","3","2","2,845","Townhouse","2005","2","","No","",""
"1501","F10452190","CS","3260","2548 Middle River Dr","Coral Ridge Galt Add 27-4 ","","$999,000","$900,000","3","2","0","1,856","Single","1954","2","Yes","No","","10,395"
"1501","A11838599","CS","3270","909 NE 16th Ter Unit#3","PROGRESSO Seven Seas","","$999,000","$960,000","3","2","1","¤1,976","Townhouse","2020","2","","No","",""
"1501","F10461051","CS","3270","600 NE 10th Ave","Victoria Park Victoria Park","","$999,000","$999,000","3","4","0","1,838","Townhouse","2014","2","","No","",""
"1501","F10545821","CS","3280","350 SE 2nd Street Unit#2670","350 LAS OLAS PLACE 350 LAS OLAS PLACE","","$999,000","$952,000","3","2","0","1,650","Condo","2005","1","","No","",""
"1501","F10435176","CS","3280","70 Isle Of Venice Dr Unit#201","Villa Contessa Villa Contessa","","$999,000","$940,000","2","2","1","2,141","Condo","2000","1","","Yes","",""
"1501","F10538878","CS","3370","2949 NE 1st Ave","ALMAR ESTATES ","","$999,000","$960,000","3","2","0","1,519","Single","1954","0","Yes","Yes","",""
"1501","F10458014","CS","3370","119 NE 28th Ct","Sunset Manors Amd 27-26 B ","","$999,000","$945,000","3","2","0","1,860","Single","1952","1","Yes","No","","10,298"
"1501","F10444508","CS","3370","2999 Coral Shores Dr","Coral Shores 30-44 B ","","$999,000","$975,000","3","2","0","1,594","Single","1976","1","Yes","Yes","","7,172"
"1501","F10423613","CS","3370","100 NE 22nd St","Petite ","","$999,000","$1,010,000","3","3","0","1,791","Single","1951","0","Yes","No","","6,249"
"1501","F10498391","CS","3470","306 SW 9th St","Tarpon River Tarpon River","","$999,000","$965,000","3","3","1","2,538","Townhouse","2021","2","","No","",""
"1501","F10440927","CS","3480","1100 Mandarin Isle","South New River Isles ","","$999,000","$915,000","2","2","0","1,376","Single","1956","1","No","Yes","","6,890"
"1501","R10991168","CS","3380","1128 NE 17th Way","PROGRESSO ","","$998,900","$994,000","3","2","2","2,433","Townhouse","2006","2","Yes","No","","4,623"
"1501","A11721489","CS","3480","1208 Guava Isle","SOUTH NEW RIVER ISLES SEC ","","$998,700","$925,000","2","2","0","¤1,182","Single","1956","0","No","Yes","Attached","¤6,890"
"1501","A11955304","CS","3170","701 N Fort Lauderdale Beach Blvd Unit#114","PARAMOUNT FT LAUDERDALE C Paramount","","$998,000","$1,200,000","2","2","1","¤1,501","Condo","2018","2","","Yes","",""
"1501","R11042334","CS","3280","1307 SE 2nd Street","COLEE HAMMOCK ","","$998,000","$985,000","4","3","1","2,400","Townhouse","1997","0","No","No","","3,492"
"1501","F10481962","CS","3700","704 NE 3rd Ave","Bamboo Flats Bamboo Flats","","$998,000","$920,000","4","4","1","2,762","Townhouse","2007","2","","No","",""
"1501","F10522963","CS","3270","741 NE 16th Ter","Macarthur Park 19-31 B ","","$997,000","$935,000","3","2","0","1,754","Single","1946","1","Yes","No","","7,217"
"1501","F10454097","CS","3270","314 NE 7th Ave Unit#*","Victoria Mews Victoria Mews","","$997,000","$925,000","4","2","1","2,330","Townhouse","1999","2","","No","",""
"1501","F10548555","CS","3370","2706 NE 8th Avenue Unit#2706","Pelican Perch Pelican Perch","","$997,000","$989,000","3","2","1","2,785","Townhouse","2008","2","","No","",""
"1501","F10503055","CS","3370","118 NE 16th Place","Placido place ","","$995,900","$1,000,000","3","3","0","1,785","Single","1954","1","Yes","No","","7,132"
"1501","F10527328","CS","3160","3101 Bayshore Drive Unit#1807","W FORT LAUDERDALE RESIDEN W FORT LAUDERDALE RESIDEN","","$995,000","$970,000","2","2","0","1,176","Condo","2010","1","","Yes","",""
"1501","F10493979","CS","3160","2509 N Ocean Blvd Unit#775","Fountains On The Ocean Fountains On The Ocean","","$995,000","$950,000","3","3","1","2,150","Condo","2008","2","","No","",""
"1501","F10524648","CS","3170","2000 S Ocean Dr Unit#1209","EVERGLADES HOUSE CONDO EVERGLADES HOUSE CONDO","","$995,000","$985,000","3","3","1","2,335","Condo","1965","0","","Yes","",""
"1501","A11850476","CS","3170","1662 S Ocean Ln Unit#158","OCEANAGE CONDO OCEANAGE CONDO","","$995,000","$937,500","3","2","0","¤1,273","Condo","1973","0","","Yes","",""
"1501","F10497061","CS","3170","100 S Birch Rd Unit#1803","Jackson Tower Jackson Tower","","$995,000","$900,000","2","2","0","1,722","Condo","2001","1","","No","",""
"1501","F10457658","CS","3170","2100 S Ocean Ln Unit#512","Point of Americas Point of Americas","","$995,000","$980,000","2","2","0","1,813","Condo","1969","1","","Yes","",""
"1501","F10501256","CS","3260","1412 NE 26th Ave Unit#1412","Bella Vista Townhomes Bella Vista Townhomes","","$995,000","$925,000","3","3","1","2,722","Townhouse","2004","2","","No","",""
"1501","F10489718","CS","3260","2119 NE 15TH STREET","Lauder Gate Isles 28-17 B ","","$995,000","$1,010,000","3","2","0","2,233","Single","1960","2","Yes","No","","8,050"
"1501","F10471221","CS","3270","200 NE 14th Ave Unit#2","ENCLAVE AT VICTORIA PARK ENCLAVE AT VICTORIA PARK","","$995,000","$930,000","3","2","1","2,501","Townhouse","1995","2","","No","",""
"1501","F10546587","CS","3370","1722 NE 27th Drive","Coral Estates 32-29 B ","","$995,000","$975,000","3","2","0","1,772","Single","1954","0","Yes","No","","7,147"
"1501","F10515938","CS","3390","2632 NW 3rd Ave","Babco Heights 43-38 B ","","$995,000","$970,000","4","3","0","1,837","Single","1957","0","Yes","No","","8,404"
"1501","F10544227","CS","3500","600 W Las Olas Boulevard Unit#1708","Symphony South Condo Symphony South Condo","","$995,000","$975,000","3","2","1","1,620","Condo","2005","2","","","",""
"1501","F10501223","CS","3470","488 SW 5th Ave Unit#488","Tarpon River Pool Home Tarpon River Pool Home","","$993,000","$935,000","5","4","0","2,960","Townhouse","2008","2","","No","",""
"1501","F10524445","CS","","333 Las Olas Way Unit#1507","Las Oals River House Las Oals River House","","$990,000","$970,000","2","2","1","1,522","Condo","2004","1","","Yes","","0"
"1501","R11082221","CS","3260","2600 NE 30th Street","CORAL RIDGE GALT ADD NO 1 ","","$989,000","$775,000","4","3","0","1,850","Single","1954","0","Yes","No","Ranch","10,000"
"1501","A11947602","CS","3370","2900 NE 12th Ter Unit#33","POINTE @ MIDDLE RIVER Pointe at Middle River","","$989,000","$979,000","3","2","2","¤2,152","Townhouse","2018","2","","Yes","",""
"1501","F10462455","CS","3370","2009 NE 24th St","Coral Point 31-27 B ","","$989,000","$920,000","2","2","0","1,740","Single","1957","0","No","Yes","","6,188"
"1501","A11822576","CS","3390","706 NW 24th St","BABCO PARK ","","$989,000","$860,000","4","3","0","¤1,960","Single","1957","0","Yes","No","Attached","¤11,807"
"1501","F10493208","CS","3470","801 Bryan Pl","Bryan Place In Sw1/4 Of N ","","$989,000","$960,000","3","2","0","1,920","Single","1946","0","Yes","No","","10,001"
"1501","F10511691","CS","3380","1508 NE 18th Street","Progresso 2-18 D ","","$980,000","$970,000","3","2","0","1,630","Single","1950","0","No","No","","6,009"
"1501","A11869718","CS","3270","1514 NE 7th St","GRACELAND PARK THE ENCLAVE II","","$979,000","$900,000","3","2","1","¤2,502","Townhouse","2002","2","","No","",""
"1501","R11066840","CS","3370","2724 NE 1st Avenue","SUNSET MANORS AMEN PLAT, W ","","$978,000","$978,000","3","2","0","1,632","Single","1985","2","Yes","No","","10,701"
"1501","A11905352","CS","3050","829 SW 4th Ct","Sailboat Bend ","","$975,000","$860,000","3","2","0","¤1,208","Single","1956","0","No","No","Detached","¤7,000"
"1501","F10513709","CS","3160","2821 N Ocean Boulevard Unit#701S","Sapphire Fort Lauderdale Sapphire Fort Lauderdale","","$975,000","$889,000","2","2","0","1,468","Condo","2009","1","","No","",""
"1501","F10443774","CS","3160","2001 N Ocean Blvd Unit#1505","THE VUE THE VUE","","$975,000","$950,000","3","3","0","1,685","Condo","2005","1","","Yes","",""
"1501","A11702861","CS","3170","1578 S ocean lane S Unit#114","OCEANAGE CONDO Oceanage","","$975,000","$925,000","2","2","0","¤1,264","Condo","1973","0","","Yes","",""
"1501","F10500699","CS","3260","2617 NE 11th Ct","Coral Ridge South Add 24- ","","$975,000","$935,000","3","2","0","1,796","Single","1950","2","No","No","","10,000"
"1501","F10495834","CS","3270","909 N Victoria Park Rd","Progresso 2-18 D ","","$975,000","$935,000","3","3","1","2,436","Single","2018","2","Yes","No","","2,919"
"1501","F10491723","CS","3270","1807 NE 8th St","VICTORIA PARK ","","$975,000","$950,000","3","2","0","2,079","Single","1950","1","Yes","No","","6,000"
"1501","F10484070","CS","3270","1320 NE 5th St","Halls Add 1-134 D ","","$975,000","$975,000","3","2","0","1,260","Single","1956","1","Yes","No","","6,000"
"1501","F10459750","CS","3270","1225 NE NE 5th St","Victoria Park ","","$975,000","$925,000","3","3","0","1,912","Single","1951","0","Yes","No","","6,500"
"1501","F10472447","CS","3280","350 SE 2nd St Unit#2670","350 LAS OLAS PLACE 350 LAS OLAS PLACE","","$975,000","$950,000","3","2","0","1,650","Condo","2005","1","","No","",""
"1501","F10554100","CS","3370","2716 NE 10th Terrace","Amadale 29-6 B ","","$975,000","$950,000","3","2","1","1,521","Single","1953","0","Yes","No","","8,073"
"1501","F10465318","CS","3370","2801 NE 1st Ave","Sunset Manors Amd 27-26 B ","","$975,000","$915,000","3","2","0","1,684","Single","1952","0","Yes","No","","10,708"
"1501","F10523608","CS","3390","2615 NW 9th Ter","The Villas 56-7 B ","","$975,000","$955,000","4","2","0","1,720","Single","1962","2","Yes","Yes","",""
"1501","F10496124","CS","3470","1127 SW 5th Pl","Riverside Add Amd 1-13 B ","","$975,000","$850,000","3","2","0","1,496","Single","1956","0","Yes","Yes","","8,185"
"1501","F10531832","CS","3600","720 SE 7th Street","Rio Vista ","","$975,000","$925,000","2","1","0","1,200","Single","1924","0","No","No","","6,250"
"1501","A11947554","CS","3270","918 NE 17th Way","Village at Victoria Park ","","$974,900","$900,000","3","3","1","¤2,436","Single","2018","2","No","No","Detached","¤2,583"
"1501","F10462963","CS","3270","801 NE 19th Terrace","Victoria Park ","","$974,900","$937,500","2","2","0","1,303","Single","1951","1","Yes","No","","6,699"
"1501","F10491640","CS","3370","2508 NE 7th Ave","Wilton Manors ","","$970,000","$800,000","3","3","0","1,200","Single","1952","2","Yes","No","","12,512"
"1501","F10528291","CS","3270","907 N Victoria Park Road","Village at Victoria Park ","","$969,900","$945,000","3","3","1","2,250","Single","2018","2","No","No","","2,919"
"1501","B26006408","CS","3700","716 NE 3rd Avenue Unit#716","Bamboo Flats Townhomes ","","$969,000","$910,000","3","4","0","2,842","Townhouse","2006","2","No","No","","970"
"1501","A11819948","CS","3380","1229 NE 17th Ave","PROGRESSO ","","$960,000","$940,000","4","3","0","¤2,320","Single","1946","0","Yes","No","Attached","¤6,756"
"1501","F10543303","CS","3270","844 N Victoria Park Road","La Victoria Park Estates La Victoria Park Estates","","$959,000","$950,000","3","3","1","2,564","Townhouse","2004","2","","No","",""
"1501","F10480584","CS","3470","824 SW 10th St Unit#1","N/A N/A","","$959,000","$947,500","3","4","0","2,932","Townhouse","2007","2","","No","",""
"1501","F10476705","CS","3470","824 SW 10th St","Lauderdale 2-9 D ","","$959,000","$947,500","3","4","0","2,932","Single","2007","2","No","No","","2,492"
"1501","F10544698","CS","3160","3101 Bayshore Dr Unit#2406","W RESIDENCE W RESIDENCE","","$950,000","$900,000","2","2","0","1,176","Condo","2011","1","","Yes","",""
"1501","A11767767","CS","3160","3101 Bayshore Dr Unit#2404","FORT LAUDERDALE RESIDENCE W RESIDENCES","","$950,000","$900,000","2","2","0","¤1,176","Condo","2011","0","","No","",""
"1501","F10507592","CS","3270","607 NE 17th Ave","CENTRAL PARK / VICTORIA P ","","$950,000","$870,000","2","2","0","1,375","Single","1941","1","Yes","No","","6,803"
"1501","F10444240","CS","3270","729 NE 18th Ave","Victoria Highlands Amd ","","$950,000","$940,000","3","2","0","1,737","Single","1941","0","No","No","","6,982"
"1501","A11927422","CS","3280","111 SE 8th Ave Unit#1101","VENEZIA LAS OLAS CONDO Venezia Las Olas","","$950,000","$850,000","2","2","1","¤1,730","Condo","2003","2","","Yes","",""
"1501","F10556430","CS","3370","500 NE 28th Drive","Tropical Manors ","","$950,000","$950,000","3","2","0","1,598","Single","1960","","Yes","No","","6,998"
"1501","R10992449","CS","3370","2900 NE 12th Terrace Unit#32","The Pointe at Middle River ","","$950,000","$900,000","3","2","2","2,295","Townhouse","2017","2","No","Yes","",""
"1501","F10464533","CS","3390","717 NW 30th St","Jenada Villas 37-36 B ","","$950,000","$900,000","4","3","0","2,590","Single","1958","2","No","Yes","","10,235"
"1501","A11846444","CS","3470","1724 SW 5th St","GILL ISLES ","","$950,000","$815,000","3","3","1","","Single","1957","0","Yes","Yes","Detached","¤6,825"
"1501","F10456690","CS","3480","1204 Citrus Isle","Citrus Isle ","","$950,000","$890,000","3","2","0","1,365","Single","1953","0","Yes","Yes","","6,360"
"1501","F10531829","CS","3600","622 SE 6th Ct","Gordons Add 1-40 D ","","$950,000","$900,000","4","3","0","1,504","Single","1924","0","No","No","","6,750"
"1501","A11893374","CS","3600","909 SE 5th Ct","RIO VISTA C J HECTORS RES ","","$950,000","$950,000","2","2","0","¤2,066","Single","1924","0","Yes","No","Detached","¤6,001"
"1501","F10474312","CS","3600","823 SE 7th St","Rio Vista C J Hectors Res ","","$950,000","$800,000","3","2","0","1,745","Single","1931","1","No","No","","5,708"
"1501","F10429496","CS","3840","809 SW 12th Ave","RIVERSIDE ADD AMEN PLAT ","","$950,000","$715,000","4","4","0","2,983","Single","1947","0","No","No","","12,959"
"1501","F10521069","CS","3270","900 NE 4th St Unit#B3","900 Place 900 Place","","$949,999","$925,000","3","3","1","1,871","Townhouse","2021","2","","No","",""
"1501","A11993151","CS","3470","822 SW 10th St","LAUDERDALE Tarpon River","","$949,900","$928,000","3","3","1","¤2,630","Townhouse","2007","2","","No","",""
"1501","F10529079","CS","3270","1117 NE 2nd St","Stranahans Sub 3-115 D 2- ","","$949,000","$949,000","3","2","0","3,120","Single","1938","0","No","No","","7,000"
"1501","A11757633","CS","3270","920 NE 16th Ter Unit#3","LA TERRACE AT VICTORIA PA LA TERRACE","","$949,000","$900,000","3","3","1","¤2,212","Condo","2005","2","","No","",""
"1501","F10476550","CS","3280","347 N New River Dr E Unit#1903","WATERGARDEN WATERGARDEN","","$949,000","$880,000","2","2","0","1,204","Condo","2004","1","","Yes","",""
"1501","F10539094","CS","3370","2217 NE 20th Ave","Coral Point 31-27 B ","","$949,000","$963,500","3","2","0","1,678","Single","1961","0","No","Yes","","7,000"
"1501","F10532452","CS","3370","2200 NE 19th Ave","CORAL POINT ","","$949,000","$927,000","4","4","0","2,159","Single","1956","0","No","Yes","","7,000"
"1501","B26003634","CS","3380","1145 NE 18th Avenue","PROGRESSO ","","$949,000","$885,000","3","3","0","1,809","Single","1948","","No","No","Substantially Remodeled","6,299"
"1501","F10481388","CS","3480","1311 SW 18th St","River Oaks ","","$949,000","$925,000","3","2","0","1,900","Single","1952","0","Yes","No","","8,747"
"1501","F10478707","CS","3480","1525 SW 18th Ter","Shady Banks ","","$949,000","$899,000","2","2","0","1,117","Single","1953","0","Yes","Yes","","6,000"
"1501","A11693886","CS","3500","600 W Las Olas Blvd Unit#708S","SYMPHONY SOUTH CONDO SYMPHONY CONDOMINIUM","","$949,000","$920,000","3","2","1","","Condo","2005","2","","Yes","",""
"1501","F10544794","CS","3370","2008 Coral Gardens Drive","Coral Gardens Amd 32-21 B ","","$945,900","$875,000","2","2","1","2,019","Single","1955","0","Yes","No","","9,952"
"1501","A11496041","CS","3160","3101 Bayshore Dr Unit#2204","FORT LAUDERDALE RESIDENCE W Fort Lauderdale","","$945,000","$922,500","2","2","0","¤1,176","Condo","2011","1","","Yes","",""
"1501","A11613483","CS","3260","1043 NE 13th Ave","PROGRESSO ","","$945,000","$855,000","4","3","","¤1,121","Single","1951","0","Yes","No","Detached","¤10,128"
"1501","F10484971","CS","3270","205 NE 17th Ave","VICTORIA PARK CORR AMEN P ","","$945,000","$900,000","3","2","0","968","Single","1949","0","No","No","","6,690"
"1501","A11714112","CS","3740","1521 SW 5th","GILL ISLES ","","$940,000","$836,000","2","2","","¤1,545","Single","1962","1","No","Yes","Detached","¤6,825"
"1501","A11915455","CS","3010","801 NE 19th Ter","Victoria Park ","","$939,000","$800,000","2","2","0","¤1,303","Single","1951","1","Yes","No","Attached","¤6,699"
"1501","F10447836","CS","3170","2100 S Ocean Lane Unit#1103","Point of Americas Point of Americas","","$939,000","$910,000","2","2","0","1,500","Condo","1970","1","","Yes","",""
"1501","B26001668","CS","3270","801 NE 19th Terrace","GATEWAY PARK ","","$939,000","$800,000","2","2","0","1,303","Single","1951","1","Yes","No","Substantially Remodeled","6,699"
"1501","F10538782","CS","3370","2133 Coral Gardens Dr","Coral Gardens 30-7 B ","","$934,900","$850,000","3","2","0","1,865","Single","1955","2","Yes","Yes","","7,497"
"1501","F10475137","CS","3170","1 Las Olas Circle Unit#1204","Venetian Condominium Venetian Condominium","","$929,999","$830,000","2","2","0","1,500","Condo","1971","1","","Yes","",""
"1501","B26000672","CS","3370","2016 NE 22nd Street","CORAL POINT ","","$929,000","$929,000","4","3","0","1,941","Single","1956","","Yes","No","Ranch","7,003"
"1501","A11884789","CS","3390","2833 NW 10th Ave","JENADA ISLE ","","$929,000","$872,000","3","2","0","¤1,854","Single","1961","2","Yes","No","Detached","¤8,002"
"1501","F10457590","CS","3160","2821 N Ocean Blvd Unit#208S","Sapphire Fort Lauderdale Sapphire Fort Lauderdale","","$925,000","$880,000","2","2","0","1,500","Condo","2009","1","","No","",""
"1501","F10500729","CS","3170","100 S Birch Rd Unit#1605","JACKSON TOWER LAS OLAS JACKSON TOWER LAS OLAS","","$925,000","$887,500","2","2","0","1,650","Condo","2001","1","","Yes","",""
"1501","F10543422","CS","3270","910 NE 16th Terrace Unit#2","LA TERRACE AT VICTORIA P LA TERRACE AT VICTORIA P","","$925,000","$900,000","3","3","1","2,212","Townhouse","2005","2","","No","",""
"1501","B26013332","CS","3370","1743 NE 26th Drive","CORAL ESTATES ","","$925,000","$910,000","3","3","0","1,764","Single","1954","","Yes","No","Ranch","7,348"
"1501","F10528739","CS","3370","44 NE 29th St","Almar Estates Resub 32-36 ","","$925,000","$875,000","3","2","0","1,457","Single","1956","0","Yes","No","","5,999"
"1501","F10442951","CS","3370","400 NE 26th St","Harold A Keats Add 24-40 ","","$925,000","$900,000","3","2","0","1,728","Single","1953","1","Yes","No","","9,997"
"1501","F10471404","CS","3470","808 SW 8th Terrace","Seawanna Sub Blk 63 ","","$925,000","$870,000","3","2","0","1,343","Single","1949","0","No","Yes","","11,210"
"1501","A11912762","CS","3480","1328 Mango Isle","SOUTH NEW RIVER ISLES SEC ","","$925,000","$910,000","2","1","0","¤1,298","Single","1953","0","No","Yes","Attached","¤6,890"
"1501","A11803749","CS","3480","908 Citrus Isle","SOUTH NEW RIVER ISLES SEC ","","$925,000","$875,000","3","3","0","¤1,402","Single","1952","0","No","Yes","Detached","¤6,360"
"1501","A11974362","CS","3500","610 W Las Olas Blvd Unit#1617","The Symphony The symphony","","$925,000","$900,000","3","2","1","1,678","Condo","2005","2","","Yes","",""
"1501","F10485359","CS","3390","400 NW 21st Ct","Hillbrook 30-4 B ","","$924,900","$915,000","3","2","0","1,873","Single","1955","1","Yes","No","","10,696"
"1501","A11632181","CS","3270","821 NE 17th Ave Unit#10","PROGRESSO Zuna Townhomes","","$924,000","$900,000","3","2","1","¤1,740","Townhouse","2021","2","","No","",""
"1501","A11874191","CS","3370","2679 NE 8th Ave","HIGHLANDS ESTATES Wilton Springs","","$920,000","$875,000","3","2","1","¤1,579","Townhouse","2022","2","","No","",""
"1501","F10450739","CS","3390","2365 NW 5th Ave","Mickels 2nd Add To Wilton ","","$920,000","$905,000","3","2","0","1,875","Single","1952","0","Yes","No","","11,502"
"1501","F10536944","CS","3600","1240 SE 12th Way","Lauderdale Harbors ","","$920,000","$850,000","3","2","0","1,597","Single","1952","0","Yes","No","","7,500"
"1501","F10536104","CS","3280","347 N New River Unit#1010","Watergarden Watergarden","","$919,000","$895,000","2","2","0","1,204","Condo","2004","1","","Yes","",""
"1501","F10542114","CS","3370","2140 NE 25th Street","Coral Point 31-27 B ","","$915,000","$915,000","3","2","1","2,140","Single","1959","0","No","Yes","","7,382"
"1501","F10523106","CS","3470","623 SW 12 Avenue Unit#623","RIVERSIDE LANDING TOWNHOM RIVERSIDE LANDING TOWNHOM","","$915,000","$870,000","3","2","1","2,073","Townhouse","2018","2","","No","",""
"1501","A11574794","CS","3600","757 SE 12th Ct","EVERGLADE LAND SALES CO F ","","$915,000","$850,000","3","3","1","¤2,120","Single","2009","2","No","No","Attached","¤1,437"
"1501","F10484988","CS","3160","209 N Fort Lauderdale Beach Blvd Unit#10B","THE SEASONS THE SEASONS","","$910,000","$845,678","2","2","0","1,450","Condo","1981","2","","Yes","",""
"1501","B26023322","CS","3170","2000 S Ocean Lane Unit#202","ORLEANS CHATEAU & VILLAS C ","","$910,000","$855,000","3","2","0","1,550","Co-Op","1956","","No","Yes","Substantially Remodeled",""
"1501","A11552021","CS","3370","1742 NE 28th St","CORAL ESTATES ","","$910,000","$875,000","3","2","0","¤1,832","Single","1954","1","Yes","No","Detached","¤7,920"
"1501","F10428560","CS","3370","332 NE 28th Dr","Tropical Manors 33-31 B ","","$909,000","$887,000","3","2","0","1,508","Single","1955","1","Yes","No","","7,004"
"1501","A11752179","CS","3160","3101 Bayshore Dr Unit#1906","FORT LAUDERDALE RESIDENCE W Fort Lauderdale","","$900,000","$848,500","2","2","0","¤1,176","Condo","2010","1","","Yes","",""
"1501","F10475748","CS","3270","622 NE 8th Ave","PROGRESSO ","","$900,000","$880,000","3","2","0","1,214","Single","1947","0","No","No","",""
"1501","F10479333","CS","3280","347 N New River Dr Unit#2810","WATERGARDEN WATERGARDEN","","$900,000","$857,000","2","2","0","1,204","Condo","2004","1","","Yes","",""
"1501","A11693728","CS","3460","1512 SW 5th St","GILL ISLES ","","$900,000","$855,000","3","2","","¤1,779","Single","1963","0","Yes","Yes","Detached","¤8,925"
"1501","F10456024","CS","3470","920 SW 8th St Unit#920","N/A N/A","","$900,000","$875,000","4","3","1","2,656","Townhouse","2008","2","","No","",""
"1501","F10433975","CS","3470","817 SW 8th Way","SEAWANNA PARK ","","$900,000","$890,000","3","3","0","1,644","Single","1947","0","Yes","Yes","","12,618"
"1501","F10472485","CS","3480","1542 SW 18th Ter","Lauderdale Isles ","","$900,000","$900,000","3","2","0","1,548","Single","1953","1","Yes","Yes","","8,028"
"1501","A11648503","CS","3470","411 SW 12th Ave","WAVERLY PLACE ","","$899,999","$850,000","4","3","0","¤2,650","Single","2020","2","No","No","Detached","¤6,750"
"1501","B26017740","CS","3280","101 SE 15th Avenue Unit#H","COLEE HAMMOCK ","","$899,995","$840,000","3","2","1","1,775","Townhouse","1988","1","No","No","Patio/Cluster","2,391"
"1501","F10499021","CS","3270","1733 NE 8th St Unit#A","Victoria Park Victoria Park","","$899,900","$845,000","3","3","1","2,594","Townhouse","2015","2","","No","",""
"1501","F10539097","CS","3370","1701 NE 27th Dr","Coral Estates 32-29 B ","","$899,900","$885,000","3","2","0","1,782","Single","1955","0","Yes","No","","7,921"
"1501","F10528513","CS","3370","2900 NE 12th Terrace Unit#19","Pointe @ Middle River Pointe @ Middle River","","$899,900","$870,000","3","2","2","2,152","Townhouse","2017","2","","Yes","",""
"1501","F10486333","CS","3370","2500 NE 19th Avenue","Coral Point 31-27 B ","","$899,900","$875,000","3","2","0","1,977","Single","1955","0","No","No","","7,444"
"1501","F10481948","CS","3370","2634 NE 9th Ave Unit#5","Mallory Square Mallory Square","","$899,900","$853,000","3","2","1","1,944","Townhouse","2006","2","","No","",""
"1501","F10453935","CS","3370","2800 NE 10th Ave","Amadale Add 36-48 B ","","$899,900","$855,000","3","2","0","1,908","Single","1955","0","Yes","No","","6,941"
"1501","F10477476","CS","3390","2830 NW 12th Ave","Jenada Isle 50-39 B ","","$899,900","$870,000","3","2","0","1,749","Single","1962","2","Yes","No","","9,869"
"1501","F10544168","CS","3260","936 Intracoastal Dr Unit#21H","Corinthian Corinthian","","$899,788","$905,000","2","2","0","1,629","Condo","1974","1","","Yes","",""
"1501","F10495383","CS","3270","605 NE 11th Ave","Kensington Park Townhomes Kensington Park Townhomes","","$899,500","$850,000","3","3","1","2,371","Townhouse","2005","2","","No","",""
"1501","F10508124","CS","3160","1151 N Fort Lauderdale Beach Blvd Unit#3D","Park Tower Condo Park Tower Condo","","$899,000","$840,000","2","2","0","1,700","Condo","1966","0","","Yes","",""
"1501","F10503016","CS","3160","551 N Fort Lauderdale Beach Blvd Unit#H1217","Ocean Resort Residences Ocean Resort Residences","","$899,000","$825,000","1","1","1","839","Condo","2009","1","","Yes","",""
"1501","A11684913","CS","3160","3101 Bayshore Dr Unit#1804","FORT LAUDERDALE RESIDENCE W Residences","","$899,000","$850,000","2","2","0","¤1,176","Condo","2010","1","","Yes","",""
"1501","F10450800","CS","3170","1 Las Olas Circle Unit#1514","Venetian Condominium Venetian Condominium","","$899,000","$850,000","2","2","0","1,500","Condo","1971","1","","Yes","",""
"1501","B26003909","CS","3270","352 NE 7th Avenue","RESUB BLKS 9-12 HOLMBERG ","","$899,000","$825,000","3","2","1","2,230","Townhouse","1998","2","No","No","","2,152"
"1501","F10503967","CS","3270","919 N Victoria Park Rd","Village at Victoria Park ","","$899,000","$885,000","3","3","1","2,324","Single","2018","2","No","No","","2,583"
"1501","F10474514","CS","3270","1642 NE 8th St","Victoria Park ","","$899,000","$835,000","3","1","0","1,022","Single","1947","1","Yes","No","","6,584"
"1501","F10465832","CS","3280","347 N New River Dr Unit#1003","Watergarden Watergarden","","$899,000","$860,000","2","2","0","1,204","Condo","2004","2","","Yes","",""
"1501","B26010145","CS","3370","2829 NE 17th Avenue","MIDDLE RIVER ESTATES ","","$899,000","$850,000","2","2","0","1,374","Single","1953","","No","Yes","","8,803"
"1501","A11938509","CS","3370","2141 NE 18th Ave","MIDDLE RIVER MANOR ","","$899,000","$862,600","3","2","0","¤1,272","Single","1960","0","Yes","Yes","Detached","¤6,998"
"1501","F10527923","CS","3370","2617 NE 10th Ter","AMADALE ","","$899,000","$850,000","2","2","0","1,274","Single","1955","0","Yes","No","","8,328"
"1501","F10497337","CS","3370","2000 NE 26th Dr","Coral Gardens 30-7 B ","","$899,000","$850,000","3","3","0","1,727","Single","1953","1","Yes","No","","7,000"
"1501","A11766871","CS","3370","2026 NE 29th St","CORAL SHORES ","","$899,000","$850,000","3","2","0","¤1,696","Single","1953","0","Yes","No","Detached","¤7,000"
"1501","F10462170","CS","3370","2833 NE 3rd Ter","Tropical Manors Add 35-1 ","","$899,000","$911,000","3","2","0","1,666","Single","1955","0","Yes","No","","9,884"
"1501","F10447686","CS","3370","2400 NE 5th Ave","Re-Amended Wilton Manors ","","$899,000","$860,000","3","3","0","1,716","Single","1961","0","Yes","No","","9,369"
"1501","A12015670","CS","3380","2900 NE 21st Ter","CORAL SHORES ","","$899,000","$863,125","3","2","0","¤1,845","Single","1956","2","Yes","Yes","Detached","¤7,702"
"1501","F10531665","CS","3380","1747 NE 12th Street Unit#1747","Lake Ridge Corner Townhou Lake Ridge Corner Townhou","","$899,000","$850,000","3","2","1","2,054","Townhouse","2007","2","","No","",""
"1501","F10482058","CS","3380","1801 NE 19th St","Poinsettia Heights ","","$899,000","$880,000","3","2","0","1,674","Single","1953","0","Yes","No","","6,602"
"1501","F10446997","CS","3380","1800 NE 20th St","North Ridge 30-32 B ","","$899,000","$870,000","2","2","0","1,406","Single","1954","0","Yes","No","","6,602"
"1501","F10442915","CS","3380","1711 NE 18th Ave","Poinsettia Heights ","","$899,000","$850,000","3","2","0","1,380","Single","1951","0","Yes","No","",""
"1501","F10544253","CS","3470","920 SW 8th St","Tarpon River Tarpon River","","$899,000","$881,000","4","3","1","2,656","Townhouse","2008","2","","No","",""
"1501","F10511116","CS","3470","639 SW 12th Ave Unit#639","RIVERSIDE LANDING RIVERSIDE LANDING","","$899,000","$880,000","3","2","1","2,073","Townhouse","2018","2","","No","",""
"1501","F10544957","CS","3480","1009 Mango Isle","CITRUS ISLES ","","$899,000","$865,000","3","1","0","1,168","Single","1954","0","No","Yes","","6,360"
"1501","F10476465","CS","3500","1516 SW 4th ave Unit#1516","lauderdale lauderdale","","$899,000","$889,000","3","2","1","2,200","Townhouse","2022","1","","No","",""
"1501","R11122153","CS","3600","712 SE 11th Court","RIO VISTA ","","$899,000","$815,000","2","1","0","1,098","Single","1948","1","No","No","","6,099"
"1501","F10478653","CS","3600","1490 SE 15th St Unit#101","Dockside Lofts Dockside Lofts","","$899,000","$889,000","2","2","0","1,459","Condo","2005","0","","Yes","",""
"1501","F10546204","CS","3800","347 N New River Dr E Unit#809","WATERGARDEN WATERGARDEN","","$899,000","$850,000","3","2","0","1,469","Condo","2004","1","","Yes","",""
"1501","F10491467","CS","3370","2110 NE 30th St","Coral Shores 30-44 B ","","$898,000","$890,000","4","3","0","2,251","Single","1955","0","Yes","No","","7,002"
"1501","A11627556","CS","3170","2100 S Ocean Ln Unit#1409","POINT OF AMERICAS CONDO POINT OF AMERICAS","","$895,900","$732,832","2","2","0","¤1,513","Condo","1969","1","","Yes","",""
"1501","F10486363","CS","3170","2100 S Ocean Ln Unit#1703","POINT OF AMERICAS POINT OF AMERICAS","","$895,000","$840,000","2","2","0","1,500","Condo","1969","1","","Yes","",""
"1501","F10481235","CS","3260","936 Intracoastal Dr Unit#12A","Corinthian Condo Corinthian Condo","","$895,000","$850,000","2","2","0","1,620","Condo","1974","1","","Yes","",""
"1501","F10536050","CS","3270","711 NE 17th Ave","Victoria Courts 9-49 B ","","$895,000","$870,000","3","3","0","1,060","Single","1924","1","No","No","","4,988"
"1501","F10488107","CS","3270","617 N Victoria Park Rd","Victoria Park Corr Amd ","","$895,000","$860,000","2","2","0","1,126","Single","1941","1","No","No","","5,757"
"1501","F10467172","CS","3270","1208 NE 4th St","N/A ","","$895,000","$895,000","2","2","0","1,258","Single","1945","0","Yes","No","",""
"1501","F10455169","CS","3270","920 NE 16th Ter Unit#1","LA TERRACE LA TERRACE","","$895,000","$825,000","3","3","1","2,212","Condo","2005","2","","No","",""
"1501","F10541846","CS","3280","810 SE 2nd Street Unit#F","CARIBBEAN TOWNHOMES CARIBBEAN TOWNHOMES","","$895,000","$875,000","2","2","1","1,350","Townhouse","1981","0","","No","",""
"1501","F10535762","CS","3280","347 N New River Dr E Unit#3110","WATERGARDEN WATERGARDEN","","$895,000","$880,000","2","2","0","1,204","Condo","2004","1","","Yes","",""
"1501","F10552016","CS","3370","1908 NE 27th Street","Coral Gardens 30-7 B ","","$895,000","$885,000","3","2","0","1,583","Single","1954","","Yes","No","","5,992"
"1501","F10526194","CS","3370","1424 NE 27th Street","MIDDLE RIVER ESTATES ","","$895,000","$895,000","3","2","0","1,520","Single","1955","1","Yes","No","","7,502"
"1501","A11797413","CS","3370","2213 NE 17th Ave","MIDDLE RIVER MANOR ","","$895,000","$860,000","3","3","0","2,229","Single","1957","2","Yes","No","Detached","¤6,995"
"1501","F10498890","CS","3370","425 NE 28th St","Tropical Manors 33-31 B ","","$895,000","$880,000","3","2","0","1,462","Single","1954","0","Yes","No","","7,004"
"1501","F10493404","CS","3380","2840 NE 17th Ter","Middle River Estates 29-4 ","","$895,000","$855,000","3","2","0","1,538","Single","1957","1","Yes","No","","7,006"
"1501","A11669151","CS","3380","1215 NE 17th Way","LAKE RIDGE ","","$895,000","$880,000","3","2","0","¤1,297","Single","1951","1","Yes","No","Attached","¤8,239"
"1501","A11713969","CS","3390","801 NW 24th St","BABCO PARK ","","$895,000","$875,000","4","3","0","¤2,208","Single","1966","2","Yes","No","Attached","¤11,941"
"1501","R11049315","CS","3470","824 Himmarshee Street","Bryan Sub ","","$895,000","$865,000","3","2","1","3,189","Single","2009","2","Yes","No","Garden Apartment","3,025"
"1501","F10517191","CS","3600","1819 SE 17th St Unit#1107","THE PORT CONDIMINIUM THE PORT CONDIMINIUM","","$895,000","$815,000","2","2","1","1,860","Condo","2005","2","","Yes","",""
"1501","A11835828","CS","3800","333 Las Olas Way Unit#2501","LAS OLAS RIVER HOUSE COND LAS OLAS RIVER HOUSE COND","","$895,000","$865,000","2","2","0","¤1,161","Condo","2004","1","","Yes","",""
"1501","F10500877","CS","3370","2130 NE 16th Ave","Edgewater Estates 40-7 B ","","$894,900","$878,000","3","2","0","1,713","Single","1956","0","Yes","No","","7,003"
"1501","F10556233","CS","3270","726 NE 15th Avenue Unit#726","Victoria Park Victoria Park","","$894,000","$885,000","3","3","1","2,456","Townhouse","2007","2","Yes","No","",""
"1501","R11130511","CS","3160","3101 Bayshore Drive Drive Unit#2106","W Fort Lauderdale Residen ","","$890,000","$765,000","2","2","0","1,176","Condo","2011","1","No","Yes","",""
"1501","A11968818","CS","3370","2935 NE 21st Ter","CORAL SHORES ","","$890,000","$910,000","3","2","1","¤1,860","Single","1954","2","Yes","No","Attached","¤8,002"
"1501","F10516698","CS","3370","2725 NE 1st Ave","Sunset Manors Amd 27-26 B ","","$890,000","$875,000","3","2","0","1,435","Single","1952","0","Yes","No","","10,760"
"1501","A11889042","CS","3470","716 Coconut Dr","TARPON RIVER ","","$890,000","$845,000","2","2","0","¤1,564","Single","1951","1","Yes","No","Attached","¤9,365"
"1501","A11854838","CS","3480","917 Mandarin Isle","SOUTH NEW RIVER ISLES SEC ","","$889,900","$850,000","2","1","","¤1,122","Single","1956","0","No","Yes","Attached","¤6,890"
"1501","A11697806","CS","3160","511 Bayshore Dr Unit#PH10","BAYSHORE TOWERS Bayshore Towers","","$889,000","$825,000","2","2","0","¤1,330","Condo","1971","1","","Yes","",""
"1501","F10542074","CS","3280","350 SE 2nd Street Unit#1770","350 Las Olas Place 350 Las Olas Place","","$889,000","$843,000","3","2","0","1,650","Condo","2005","2","","No","","0"
"1501","A11789070","CS","3170","2100 S Ocean Ln Unit#1109","POINT OF AMERICAS CONDO Point Of Americas","","$885,000","$840,000","2","2","0","¤1,513","Condo","1969","1","","Yes","",""
"1501","F10449240","CS","3170","2100 S Ocean Ln Unit#1608","Point of Americas Point of Americas","","$885,000","$800,000","2","2","0","1,880","Condo","1969","1","","No","",""
"1501","F10514904","CS","3370","49 NE 26th Ct","Sun Set Manors First Add ","","$885,000","$885,000","3","2","0","1,443","Single","1953","0","Yes","No","","7,151"
"1501","B26013668","CS","3380","1910 NE 17th Terrace","POINSETTIA HEIGHTS RIVER A ","","$885,000","$880,000","3","2","0","1,566","Single","1952","","Yes","No","Substantially Remodeled","7,203"
"1501","A11809630","CS","3380","1800 NE 19th Street","POINSETTIA HEIGHTS N RiDGE ","","$885,000","$869,000","4","2","0","¤1,916","Single","1953","0","No","No","Attached","¤6,654"
"1501","F10433504","CS","3480","1515 SW 23rd St","River Oaks ","","$885,000","$830,000","3","2","1","2,502","Single","2007","2","Yes","No","","3,734"
"1501","A11845246","CS","3370","810 NE 21st Dr","THE PINES ","","$880,000","$820,000","3","2","1","¤2,271","Single","1999","2","Yes","No","Detached","¤7,793"
"1501","F10487508","CS","3170","1 Las Olas Cir Unit#1210","VENETIAN CONDOMINIUM VENETIAN CONDOMINIUM","","$879,000","$825,000","2","2","0","1,500","Condo","1970","1","","Yes","",""
"1501","F10540144","CS","3260","936 Intracoastal Dr Unit#17G","Corinthian Corinthian","","$879,000","$860,000","2","2","0","1,685","Condo","1975","1","","Yes","",""
"1501","F10531218","CS","3370","2625 NE 16th Ave","Middle River Estates 29-4 ","","$879,000","$865,000","3","2","0","1,426","Single","1954","0","Yes","No","","8,223"
"1501","A11981413","CS","3380","1801 NE 20th St","NORTH RIDGE ","","$879,000","$875,000","3","2","0","¤1,674","Single","1954","0","Yes","No","Detached","¤6,600"
"1501","F10492533","CS","3470","625 SW 12 AVENUE","RIVERSIDE LANDINGS RIVERSIDE LANDINGS","","$879,000","$850,000","3","2","1","2,115","Townhouse","2019","2","","No","",""
"1501","A11901948","CS","3270","623 NE 11th Ave","PROGRESSO KENSINGTON PLACE","","$875,000","$845,000","3","3","1","¤2,063","Townhouse","2004","2","","No","",""
"1501","F10514545","CS","3270","913 NE 17th Way Unit#*","CITY VIEW AT VICTORIA PARK CITY VIEW AT VICTORIA PAR","","$875,000","$801,000","4","3","1","2,702","Townhouse","2013","2","No","No","",""
"1501","F10442485","CS","3280","1261 SE 2nd Ct","Colee Hammock Townhouses Colee Hammock Townhouses","","$875,000","$805,000","2","2","0","1,346","Townhouse","1980","0","","No","",""
"1501","F10516072","CS","3370","324 NE 28th Street","Tropical Manors 33-31 B ","","$875,000","$875,000","3","2","0","1,669","Single","1954","1","Yes","No","","7,002"
"1501","F10444930","CS","3370","2333 NE 19th Ave","Middle River Manor ","","$875,000","$718,000","3","2","0","2,049","Single","1954","0","No","Yes","","6,997"
"1501","F10469740","CS","3380","2000 NE 21st Ave","North Ridge 30-32 B ","","$875,000","$825,000","2","2","0","1,552","Single","1956","1","Yes","No","","7,599"
"1501","A12003347","CS","3390","2825 NW 10th Ave","JENADA ISLE ","","$875,000","$830,000","3","2","","","Single","1961","2","No","No","Detached",""
"1501","R11121241","CS","3480","1525 SW 23rd Street","River Oaks ","","$875,000","$822,000","4","2","1","2,274","Single","2011","2","Yes","No","","3,749"
"1501","A11690707","CS","3700","717 NE 4th Ave Unit#717","PROGRESSO BAMBOO FLATS","","$875,000","$850,000","3","3","1","¤1,520","Townhouse","2007","2","","No","",""
"1501","A11679228","CS","3800","333 Las Olas Way Unit#2301","LAS OLAS RIVER HOUSE COND Las Olas River House","","$875,000","$815,000","2","2","0","¤1,161","Condo","2004","1","","Yes","",""
"1501","F10398406","CS","3800","333 LAS OLAS WAY Unit#1001","LAS OLAS RIVER HOUSE LAS OLAS RIVER HOUSE","","$875,000","$850,000","2","2","0","1,161","Condo","2005","1","","Yes","",""
"1501","F10443194","CS","3160","2821 N Ocean Blvd Unit#1102S","Sapphire Sapphire","","$874,900","$840,000","2","2","0","1,274","Condo","2009","1","","No","",""
"1501","F10519330","CS","3370","2732 NE 15th Ter","Middle River Estates 29-4 ","","$874,900","$820,000","3","2","0","1,571","Single","1953","0","Yes","No","","8,396"
"1501","F10548797","CS","3160","715 Bayshore Drive Unit#506","La Rive La Rive","","$874,500","$850,000","2","3","0","1,733","Condo","2004","2","Yes","Yes","","0"
"1501","A11528874","CS","3160","3101 Bayshore Dr Unit#1104","FORT LAUDERDALE RESIDENCE W Fort Lauderdale","","$870,000","$845,000","2","2","0","¤1,176","Hotel","2011","0","","No","",""
"1501","F10495577","CS","3800","1214 SE 1st St","Colee Hammock 1-17 B Colee Hammock 1-17 B","","$870,000","$842,465","2","2","1","1,767","Townhouse","2000","1","","No","",""
"1501","R11033094","CS","3380","1512 NE 17 Terrace","Progresso 2-18 D ","","$869,999","$780,000","4","2","0","1,630","Single","1950","0","Yes","No","",""
"1501","F10476190","CS","3170","1 Las Olas Circle Unit#1104","Venetian Condominium Venetian Condominium","","$869,000","$800,000","2","2","0","1,500","Condo","1971","1","","Yes","",""
"1501","A11903841","CS","3270","909 NE 16th Ter Unit#4","PROGRESSO Seven Seas","","$869,000","$869,000","3","2","1","¤1,976","Townhouse","2019","2","","No","",""
"1501","F10481860","CS","3470","627 SW 12 AVENUE Unit#627","RIVERSIDE LANDING RIVERSIDE LANDING","","$869,000","$845,000","3","2","1","2,098","Townhouse","2019","2","","No","",""
"1501","F10492629","CS","3480","1535 SW 23rd St","River Oaks ","","$869,000","$730,000","3","2","1","2,274","Single","2011","2","No","No","","3,764"
"1501","F10476332","CS","3370","108 NE 30th St","Almar Estates Resub 32-36 ","","$868,800","$800,000","3","2","0","1,228","Single","1961","0","Yes","Yes","","8,447"
"1501","A11688489","CS","3160","2800 E Sunrise Blvd Unit#17C","SUNRISE EAST CONDO SUNRISE EAST CONDO","","$865,000","$783,000","2","2","0","¤1,575","Condo","1969","2","","Yes","",""
"1501","F10531988","CS","3260","2770 NE 15th Unit#201","CORAL RIDGE COURTYARD CORAL RIDGE COURTYARD","","$865,000","$780,000","2","2","0","1,334","Condo","1996","1","","Yes","","0"
"1501","A11898106","CS","3270","1631 NE 9th St","PROGRESSO Capri Villas","","$865,000","$830,000","3","3","1","¤1,913","Townhouse","2017","2","","No","",""
"1501","F10470297","CS","3370","109 NE 26th St","Sunset Manors Amd 27-26 B ","","$865,000","$850,000","4","2","1","1,884","Single","1952","2","Yes","No","","10,139"
"1501","A11801467","CS","3390","2225 NW 3rd Ave","HILLBROOK ","","$865,000","$850,000","3","3","0","¤2,124","Single","1953","2","Yes","No","Detached","¤10,506"
"1501","R11162979","CS","3500","612 SW 15th Street","N/A ","","$865,000","$850,000","3","2","1","2,104","Townhouse","2016","2","No","No","Garden Apartment","3,287"
"1501","A11741954","CS","3810","411 NW 1st Ave Unit#602","FOUNDRY LOFTS CONDO FOUNDRY LOFTS","","$865,000","$850,000","2","2","0","¤1,521","Condo","2007","1","","No","",""
"1501","F10426315","CS","3160","2821 N Ocean Blvd Unit#802S","Sapphire Fort Lauderdale Sapphire Fort Lauderdale","","$864,900","$830,000","2","2","0","1,274","Condo","2009","1","","No","",""
"1501","F10545469","CS","3270","739 NE 17th Road","VICTORIA PARK ","","$860,000","$820,000","3","2","0","1,010","Single","1976","0","No","No","","4,814"
"1501","F10461908","CS","3280","347 N New River Dr Unit#2209","WATERGARDEN WATERGARDEN","","$860,000","$855,000","3","2","0","1,469","Condo","2004","2","","Yes","",""
"1501","F10452156","CS","3390","632 NW 29th Ct","Wilton Square ","","$860,000","$855,000","3","2","0","1,799","Single","2019","2","No","No","","8,619"
"1501","F10496304","CS","3280","347 N New River Dr E Unit#1709","WATERGARDEN WATERGARDEN","","$859,000","$820,000","3","2","0","1,469","Condo","2004","1","","Yes","",""
"1501","F10488785","CS","3280","347 N New River Dr E Unit#2504","WATERGARDEN WATERGARDEN","","$859,000","$830,000","3","2","0","1,469","Condo","2004","1","","Yes","",""
"1501","F10419069","CS","3370","1800 Coral Gardens Dr","Middle River Estates 29-4 ","","$859,000","$835,000","3","2","0","1,634","Single","1954","0","Yes","No","","11,166"
"1501","F10523970","CS","3390","2817 NW 9th Ter","JENADA VILLAS 1 ADD ","","$859,000","$800,000","3","2","0","1,350","Single","1959","0","Yes","Yes","","8,813"
"1501","F10484867","CS","3500","610 SW 15th St","Midtown 15 Midtown 15","","$858,000","$800,000","3","2","1","2,112","Townhouse","2016","2","","No","",""
"1501","A11593492","CS","3380","1417 NE 27th St","MIDDLE RIVER ESTATES ","","$855,000","$805,000","3","2","0","¤1,440","Single","1954","0","Yes","No","Detached","¤7,502"
"1501","F10533386","CS","3160","2800 E Sunrise Boulevard Unit#5B","Sunrise East Sunrise East","","$850,000","$772,000","2","2","0","1,675","Condo","1969","2","","Yes","",""
"1501","B26014858","CS","3270","903 NE 17th Way Unit#104","PROGRESSO ","","$850,000","$780,000","4","3","1","2,487","Townhouse","2013","2","No","No","","3,069"
"1501","F10545464","CS","3280","1604 NE 16th Avenue","POINSETTIA HEIGHTS ","","$850,000","$810,000","4","3","0","1,520","Single","1968","0","No","No","","6,748"
"1501","F10521019","CS","3370","2840 NE 17th Ave","Middle River Estates 29-4 ","","$850,000","$845,000","3","2","1","1,605","Single","1954","0","Yes","No","","7,503"
"1501","F10434939","CS","3370","3057 NE 15th Ave","Ocean Blvd Park 21-45 B ","","$850,000","$790,000","5","4","1","2,761","Single","1952","0","Yes","No","","7,206"
"1501","R11158444","CS","3380","1241 NE 18th Avenue","Galleria Villages ","","$850,000","$807,500","3","3","1","2,142","Townhouse","2021","2","No","No","",""
"1501","F10546394","CS","3380","1617 Poinsettia Drive","POINSETTIA HEIGHTS RIVER A ","","$850,000","$820,000","3","2","0","1,516","Single","1963","2","Yes","No","","10,245"
"1501","F10511027","CS","3380","1520 NE 16th Ave","Poinsettia Heights 24-46 ","","$850,000","$850,000","3","2","0","1,410","Single","1949","0","Yes","No","","8,099"
"1501","F10468759","CS","3380","1713 NE 17th St","Progresso 2-18 D ","","$850,000","$800,000","2","2","1","2,161","Single","2010","1","No","No","","6,003"
"1501","F10449931","CS","3380","1627 NE 17th Ave","Progresso 2-18 D ","","$850,000","$845,000","4","2","0","1,330","Single","1963","0","Yes","No","","8,113"
"1501","A11856976","CS","3470","1745 SW 4th St","RIVER VISTA ","","$850,000","$830,000","3","2","0","¤1,580","Single","1958","1","Yes","Yes","Detached","¤7,200"
"1501","F10444920","CS","3470","1425 SW 8th Ct","Riverside Add Amd 1-13 B ","","$850,000","$740,000","3","3","0","1,422","Single","1926","0","No","No","","10,008"
"1501","A11670882","CS","3480","1113 Avocado Isle","SOUTH NEW RIVER ISLES SEC ","","$850,000","$935,000","3","2","","¤1,374","Single","1955","0","No","Yes","Detached","¤6,890"
"1501","F10447784","CS","3480","1915 SW 9TH AVE","YELLOWSTONE PARK ","","$850,000","$825,000","4","4","0","2,892","Single","2006","2","No","No","","6,249"
"1501","F10403428","CS","3480","1001 SW 18th Ct","YELLOWSTONE PARK AMEN PLA ","","$850,000","$670,000","3","2","1","1,385","Single","1953","1","No","No","","8,670"
"1501","F10550117","CS","3500","610 W Las Olas Boulevard Unit#417N","The Symphony The Symphony","","$850,000","$845,000","3","2","1","1,678","Condo","2005","2","","Yes","",""
"1501","F10480133","CS","3600","1223 Cordova Road","Lauderdale Harbors ","","$850,000","$801,000","3","2","0","1,408","Single","1951","0","No","No","","7,000"
"1501","B26005703","CS","3170","2100 S Ocean Lane Unit#709","POINT OF AMERICAS ","","$849,995","$790,000","2","2","0","1,513","Condo","1970","1","No","Yes","","0"
"1501","F10458981","CS","3270","1629 NE 6th St","Victoria Park ","","$849,900","$815,000","3","2","0","1,358","Single","1953","0","Yes","No","","6,050"
"1501","F10505653","CS","3370","208 NE 16th Pl","Placido Place 11-43 B ","","$849,900","$800,000","3","3","0","1,669","Single","1957","0","Yes","No","","8,913"
"1501","F10501729","CS","3370","412 NE 26th St","Harold A Keats Add 24-40 ","","$849,900","$850,000","3","2","0","1,388","Single","1953","0","Yes","No","","9,995"
"1501","A11600203","CS","3370","2741 NE 15th Ter","MIDDLE RIVER ESTATES ","","$849,900","$810,000","3","2","0","¤1,548","Single","1954","0","No","No","Detached","¤8,405"
"1501","F10544596","CS","3380","1224 NE 12TH AV","PROGRESSO 2-18 D ","","$849,900","$849,900","3","2","0","1,639","Single","1952","0","Yes","No","",""
"1501","F10523652","CS","3380","1406 NE 16TH TER","POINSETTIA HEIGHTS ","","$849,900","$825,000","4","2","0","1,840","Single","1952","0","No","No","","8,109"
"1501","F10410894","CS","3380","1145 NE 12th Ave","Lake Ridge Progresso 2-18 ","","$849,900","$805,000","5","3","0","1,864","Single","1948","0","Yes","No","","6,747"
"1501","F10469050","CS","3390","208 NW 21 Street","TROPICAL PALMS ","","$849,900","$815,000","4","3","0","1,723","Single","1961","0","Yes","No","","8,146"
"1501","F10461541","CS","3500","1608 SW 4th Ave","Portofino Townhomes Portofino Townhomes","","$849,417","$830,000","3","2","1","1,745","Townhouse","2019","2","","No","",""
"1501","A11700750","CS","3160","1200 N Fort Lauderdale Beach Blvd Unit#701","1200 CLUB CONDO 1200 CLUB CONDO","","$849,000","$770,000","4","4","0","¤2,059","Condo","1956","2","","Yes","",""
"1501","F10419669","CS","3160","511 Bayshore Dr Unit#PH3","Bayshore Towers Bayshore Towers","","$849,000","$810,000","2","2","0","1,330","Condo","1971","1","","Yes","",""
"1501","F10442417","CS","3170","1 Las Olas Circle Unit#815","Venetian Condominium Venetian Condominium","","$849,000","$775,000","2","2","0","1,200","Condo","1971","1","","Yes","",""
"1501","F10449936","CS","3270","719 NE 20th Ave","Victoria Highlands Amd ","","$849,000","$780,000","2","2","0","1,307","Single","1950","1","Yes","No","","6,300"
"1501","F10468944","CS","3280","111 SE 8th Ave Unit#1001","Venezia Las Olas Venezia Las Olas","","$849,000","$845,000","3","2","1","1,530","Condo","2002","2","","Yes","",""
"1501","A12001258","CS","3370","2749 NE 10th Ave","AMADALE ADD ","","$849,000","$849,000","3","2","0","¤1,415","Single","1955","0","No","No","Attached","¤6,504"
"1501","F10544647","CS","3380","1915 NE 18th St","Poinsettia Heights ","","$849,000","$845,000","3","2","0","1,548","Single","1954","0","Yes","No","","6,366"
"1501","A11737476","CS","3380","1528 NE 17th Ter","PROGRESSO ","","$849,000","$830,000","4","2","0","¤1,302","Single","1952","0","Yes","No","Detached","¤7,704"
"1501","F10428333","CS","3460","1713 SW 4th Ct","GILL ISLES ","","$849,000","$832,500","3","2","0","1,535","Single","1957","0","Yes","No","","7,700"
"1501","A11978943","CS","3470","229 SW 9th Ave","WAVERLY PLACE SAILBOAT KEY RESIDENCES","","$849,000","$800,000","3","3","1","¤2,201","Townhouse","2005","2","","No","",""
"1501","F10514510","CS","3470","1709 SW 5th St","Gill Isles 44-13 B ","","$849,000","$785,000","3","2","0","1,465","Single","1957","0","No","Yes","","6,825"
"1501","F10471545","CS","3470","401 SW 4th Ave Unit#606","ESPLANADE ESPLANADE","","$849,000","$825,000","2","2","0","1,546","Condo","2004","1","","Yes","",""
"1501","F10513101","CS","3500","600 W Las Olas Blvd Unit#908S","SYMPHONY SYMPHONY","","$849,000","$825,000","3","2","1","1,620","Condo","2005","2","","Yes","",""
"1501","A11893597","CS","3600","1819 SE 17th St Unit#1606","PORT CONDO RESIDENCES","","$849,000","$849,000","2","2","1","¤1,750","Condo","2005","2","","Yes","",""
"1501","F10460865","CS","3600","1472 SE 15TH ST Unit#D","None None","","$849,000","$800,000","2","2","0","1,514","Townhouse","1979","0","","Yes","",""
"1501","A11829077","CS","3800","333 Las Olas Way Unit#1801","LAS OLAS RIVER HOUSE COND Las Olas River House","","$849,000","$845,000","2","2","0","¤1,161","Condo","2004","1","","Yes","",""
"1501","F10540922","CS","3370","1731 NE 7th Ter","Middle River Terrace Amd ","","$848,900","$782,500","4","2","0","1,756","Single","1953","0","Yes","No","","6,420"
"1501","F10542712","CS","3160","3101 Bayshore Drive Unit#1602","W Ft Lauderdale Residence W Ft Lauderdale Residence","","$845,000","$840,000","2","2","0","1,329","Condo","2011","0","Yes","Yes","","0"
"1501","F10462721","CS","3160","2821 N Ocean Blvd Unit#506S","Sapphire Sapphire","","$845,000","$815,000","2","2","0","1,274","Condo","2009","1","","No","",""
"1501","A11913993","CS","3170","2100 S Ocean Ln Unit#1009","POINT OF AMERICAS CONDO POINT OF AMERICAS CONDO","","$845,000","$845,000","2","2","0","¤1,513","Condo","1969","1","","Yes","",""
"1501","A11440592","CS","3160","551 N Fort Lauderdale Beach Blvd Unit#R502","551 FLB CONDOMINIUM RESID The Ocean Resort","","$844,000","$680,000","1","1","1","¤827","Condo","2009","0","","Yes","",""
"1501","F10477870","CS","3470","1733 SW 4th Ct","Gill Isles 44-13 B ","","$844,000","$753,000","3","2","0","1,620","Single","1957","2","Yes","No","","10,450"
"1501","F10476381","CS","3370","333 NE 28th St","Tropical Manors 33-31 B ","","$839,900","$812,500","3","2","0","1,238","Single","1955","0","Yes","No","","7,001"
"1501","F10511534","CS","3270","1315 NE 1st St Unit#2","SAN MARCO TOWNHOUSE SAN MARCO TOWNHOUSE","","$839,500","$750,000","3","2","1","1,666","Townhouse","1990","1","","No","",""
"1501","F10529041","CS","3280","347 N New River Dr E Unit#2102","WATERGARDEN WATERGARDEN","","$839,000","$800,000","2","2","0","1,178","Condo","2004","1","","Yes","",""
"1501","F10479928","CS","3280","347 N New River Dr E Unit#1504","WATERGARDEN WATERGARDEN","","$839,000","$790,000","3","2","0","1,469","Condo","2004","1","","Yes","",""
"1501","F10556180","CS","3370","333 NE 24th Street","Wilton Manors ","","$838,900","$830,000","4","2","0","1,600","Single","1957","0","No","No","","9,380"
"1501","F10493527","CS","3160","609 Bayshore Dr Unit#1","609 Bayshore Dr 609 Bayshore Dr","","$835,000","$810,000","2","2","0","1,100","Co-Op","1958","0","","Yes","",""
"1501","F10530943","CS","3370","2133 NE 25th St","Coral Point ","","$835,000","$835,000","2","2","0","1,176","Single","1954","1","Yes","No","","6,998"
"1501","F10476093","CS","3370","2840 NE 18th Ave","Middle River Estates 29-4 ","","$835,000","$807,000","2","2","0","1,278","Single","1955","1","Yes","No","","8,791"
"1501","F10466086","CS","3370","1520 NE 30th Pl","Coral Brook ","","$835,000","$800,000","3","2","0","1,692","Single","1957","0","Yes","Yes","","9,185"
"1501","F10459719","CS","3600","824 SE 12th St","Everglade Land Sales Co F ","","$835,000","$710,000","2","2","0","1,268","Single","1942","0","No","No","","7,150"
"1501","F10437873","CS","3810","444 NW 1st Ave Unit#301","Avenue Lofts Avenue Lofts","","$835,000","$820,000","2","2","0","1,576","Condo","2005","1","","No","",""
"1501","F10471464","CS","3370","413 NE 23rd St","Wilton Manors ","","$833,624","$811,000","2","1","0","1,029","Single","1951","1","Yes","No","","9,371"
"1501","F10521521","CS","3270","643 NE 18th Ave","Victoria Park Corr Amd ","","$832,870","$832,100","3","2","0","1,400","Single","1951","1","No","No","",""
"1501","A11960683","CS","3160","2831 N Ocean Blvd Unit#308N","SAPPHIRE FORT LAUDERDALE SAPPHIRE","","$830,000","$800,000","2","2","0","¤1,500","Condo","2010","1","","No","",""
"1501","F10501071","CS","3370","2714 Coral Shores Dr","Coral Shores 30-44 B ","","$830,000","$790,000","3","2","0","1,589","Single","1955","0","Yes","No","","8,819"
"1501","A11604824","CS","3380","1122 NE 14th Ave","PROGRESSO Palmera At Lake Ridge","","$830,000","$800,000","3","2","1","¤2,050","Townhouse","2020","2","","No","",""
"1501","R11049075","CS","3160","1901 N Ocean Boulevard Unit#Penthouse B Phb","SHORE CLUB CONDO ","","$829,000","$789,000","2","2","0","1,500","Condo","1976","1","No","No","High Rise",""
"1501","F10494056","CS","3280","347 N New River Dr E Unit#2104","WATERGARDEN WATERGARDEN","","$829,000","$795,000","3","2","0","1,469","Condo","2004","2","","Yes","",""
"1501","A11670873","CS","3280","1111 E Las Olas Blvd Unit#412","VILLAGGIO DI LAS OLAS CON VILLAGGIO DI LAS OLAS","","$829,000","$770,000","2","2","1","¤1,689","Condo","1999","2","","No","",""
"1501","F10440543","CS","3370","2708 NE 16th Ave","Middle River Estates 29-4 ","","$829,000","$795,000","3","2","0","1,713","Single","1954","0","Yes","No","","8,617"
"1501","A11913770","CS","3380","1226 NE 11th Ave","PROGRESSO PROGRESSO","","$829,000","$815,000","3","3","0","¤1,906","Townhouse","2019","1","","No","",""
"1501","F10488407","CS","3390","401 NW 21st St","WEST WILTON MANORS ","","$829,000","$790,000","3","2","0","1,683","Single","1956","0","Yes","No","","7,001"
"1501","F10493464","CS","3160","3101 Bayshore Drive Unit#1606","W FT LAUDERDALE RESIDENCE W FT LAUDERDALE RESIDENCE","","$825,000","$758,750","2","2","0","1,176","Condo","2010","1","","Yes","",""
"1501","B26019880","CS","3170","2000 S Ocean Lane Unit#13","ORLEANS CHATEAU & VILLAS C ","","$825,000","$800,000","2","2","0","1,010","Co-Op","1954","1","No","Yes","",""
"1501","F10468900","CS","3270","804 NE 16th Ter","Progresso 2-18 D ","","$825,000","$825,000","3","2","0","1,940","Single","1946","0","No","No","","6,750"
"1501","F10543487","CS","3370","2708 NE 10th Ter","Amadale 29-6 B ","","$825,000","$790,000","3","2","0","1,185","Single","1953","1","Yes","No","","7,812"
"1501","F10529528","CS","3370","2817 NE 10th Ave","Amadale Add 36-48 B ","","$825,000","$775,000","3","2","1","1,645","Single","1955","1","Yes","No","","8,423"
"1501","F10475512","CS","3370","2500 NE 18th Avenue","MIDDLE RIVER MANOR ","","$825,000","$800,000","3","2","0","1,222","Single","1955","1","No","Yes","","7,000"
"1501","F10463911","CS","3370","1409 NE 27th Dr","MIDDLE RIVER ESTATES ","","$825,000","$800,000","3","2","0","1,532","Single","1955","0","Yes","No","","7,865"
"1501","F10455521","CS","3370","427 NE 27th St","Sunset Manors Amd 27-26 B ","","$825,000","$775,000","3","2","1","1,796","Single","1952","2","Yes","No","","10,827"
"1501","F10529267","CS","3380","1604 NE 17th St","Progresso 2-18 D ","","$825,000","$810,000","3","2","0","1,710","Single","1950","0","Yes","No","","5,995"
"1501","F10513092","CS","3470","1011 W Las Olas Blvd","Sailboat Bend ","","$825,000","$775,000","3","2","0","1,607","Single","2016","0","Yes","No","","9,750"
"1501","R10999212","CS","3470","1713 SW 4th St ","GILL ISLES / RIVER VISTA ","","$825,000","$805,000","3","2","0","1,504","Single","1975","0","No","Yes","Garden Apartment, Ranch","7,200"
"1501","F10545842","CS","3480","804 SW 16th Court","LAUDERDALE PINES ","","$825,000","$800,000","4","2","0","1,545","Single","1952","0","Yes","No","","6,750"
"1501","R11072891","CS","3480","901 Guava Isle","SOUTH NEW RIVER ISLES SEC ","","$825,000","$758,000","2","1","0","1,874","Single","1956","0","No","Yes","","9,558"
"1501","F10539083","CS","3500","518 SW 9th St Unit#518","n/a n/a","","$825,000","$775,000","3","2","1","1,962","Townhouse","2004","1","","No","",""
"1501","F10458872","CS","3810","411 NW 1st Ave Unit#302","foundry Lofts foundry Lofts","","$825,000","$820,000","2","2","0","1,512","Condo","2007","1","","No","",""
"1501","F10543170","CS","3390","712 NW 29th Court","JENADA VILLAS 37-36 B ","","$824,900","$790,000","3","3","0","1,965","Single","1961","1","Yes","No","",""
"1501","F10535780","CS","3470","1010 Middle Street","Sailboat bend townhomes ","","$824,900","$810,000","3","2","1","2,030","Townhouse","2020","1","No","No","",""
"1501","F10455506","CS","3270","835 NE 17th Ter Unit#7","The Mandarin Townhomes The Mandarin Townhomes","","$824,500","$805,000","3","3","1","1,916","Townhouse","2017","2","","No","",""
"1501","F10529071","CS","3370","1920 NE 26th Dr","Coral Gardens 30-7 B ","","$823,000","$800,000","4","2","0","1,732","Single","1955","0","Yes","No","","6,998"
"1501","A11692906","CS","3370","1936 NE 26th Dr","CORAL GARDENS ","","$820,000","$800,000","3","2","0","¤1,617","Single","1959","1","Yes","No","Detached","¤7,000"
"1501","F10522951","CS","3600","1204 SE 13th Ter","LAUDERDALE HARBORS ","","$820,000","$727,000","3","2","0","1,345","Single","1955","0","No","No","","7,876"
"1501","F10403208","CS","3810","411 NW 1st Ave Unit#502","Foundry Lofts Foundry Lofts","","$820,000","$800,000","2","2","0","1,521","Condo","2007","1","","No","",""
"1501","A11781967","CS","3370","2849 NE 14th Ave","MIDDLE RIVER ESTATES ","","$819,990","$810,011","2","3","0","¤1,545","Single","1960","0","No","Yes","Detached","¤10,589"
"1501","F10542066","CS","","347 N New River Drive Unit#2303","Watergarden Watergarden","","$819,900","$800,000","2","2","0","1,204","Condo","2004","2","No","Yes","","0"
"1501","A11798849","CS","3380","1730 NE 16TH ST","PROGRESSO ","","$819,500","$780,000","4","2","0","¤1,311","Single","1950","0","Yes","No","Detached","¤7,001"
"1501","A11715287","CS","3470","601 SW 10th St","LAUDERDALE ","","$817,500","$804,000","3","2","1","¤1,932","Single","2005","2","No","No","Attached","¤3,886"
"1501","A11808253","CS","3160","2831 N Ocean Blvd Unit#602N","SAPPHIRE FORT LAUDERDALE SAPPHIRE","","$815,000","$800,000","2","2","0","¤1,274","Condo","2009","1","","No","",""
"1501","F10521206","CS","3270","320 NE 7th Ave","Victoria Mews Victoria Mews","","$815,000","$800,000","3","2","1","2,230","Townhouse","1999","2","","No","",""
"1501","F10484846","CS","3370","1517 NE 27th St","Middle River Estates 29-4 ","","$815,000","$799,000","3","3","0","1,535","Single","1953","0","Yes","No","","7,505"
"1501","A11782493","CS","3400","2541 NW 9th Ter","none ","","$815,000","$805,000","4","2","0","¤2,019","Single","1966","1","Yes","Yes","Detached","¤8,252"
"1501","F10517338","CS","3460","1300 SW 9th Ave","Island View 33-2 B ","","$815,000","$804,000","3","2","0","1,550","Single","1955","0","Yes","No","","7,415"
"1501","A11834911","CS","3480","217 SW 11th St","RIVER SECTION OF CROISSAN Villa Vizcaya","","$814,900","$792,000","6","5","0","¤3,408","Townhouse","2008","2","","No","",""
"1501","A11865025","CS","3160","511 Bayshore Dr Unit#1005","BAYSHORE TOWERS BAYSHORE TOWERS","","$800,000","$785,000","2","2","0","¤1,330","Condo","1971","1","","Yes","",""
"1501","F10507491","CS","3160","401 N Birch Rd Unit#507","Gale Residences Gale Residences","","$800,000","$775,000","1","1","1","794","Condo","2018","1","","No","",""
"1501","F10515452","CS","3270","919 NE 17th Way","CITY VIEW II CITY VIEW II","","$800,000","$762,000","3","3","0","2,298","Townhouse","2016","2","","No","",""
"1501","F10555611","CS","3390","649 NW 30th Street","March Estates Add 38-39 B ","","$800,000","$780,000","3","2","0","2,010","Single","1957","2","No","Yes","","9,693"
"1501","R11046446","CS","3480","1201 SW 21st Court","FLORAL RIDGE ADDITION ","","$800,000","$700,000","3","2","0","1,327","Single","1960","0","Yes","No","","8,903"
"1501","F10464031","CS","3480","604 SW 14th St","Replat Of Pt Of Rev West ","","$800,000","$800,000","3","2","0","1,904","Single","1952","0","Yes","No","","7,740"
"1501","A11811996","CS","3800","1314 SE 1st Ave","CROISSANT PARK ","","$800,000","$700,000","3","2","0","¤1,334","Single","1925","0","Yes","No","Detached","¤6,250"
"1501","F10493158","CS","3370","2816 Coral Shores Dr","Coral Shores 30-44 B ","","$799,999","$810,000","3","3","0","2,001","Single","1953","0","Yes","No","","12,292"
"1501","R11043347","CS","3370","3000 NE 2nd Terrace","ALMAR ESTATES RESUB ","","$799,999","$750,000","4","3","0","2,000","Single","1964","0","Yes","No","Garden Apartment","8,485"
"1501","F10495815","CS","3390","2117 NW 2nd Ave","Tropical Palms 54-17 B ","","$799,999","$780,000","3","3","0","1,628","Single","1961","0","Yes","No","","9,041"
"1501","F10516272","CS","3390","316 NW 24th St","Mickels 2nd Add To Wilton ","","$799,998","$740,000","3","2","0","1,719","Single","1953","1","No","No","","14,240"
"1501","F10487943","CS","3160","3020 NE 32 Avenue Unit#1401","TIDES TIDES","","$799,900","$690,000","3","2","0","1,510","Condo","2002","2","","No","",""
"1501","F10446037","CS","3160","2509 N OCEAN BLVD Unit#777","Fountains On Ocean Fountains On Ocean","","$799,900","$750,000","2","2","0","1,567","Condo","2008","2","","No","",""
"1501","F10395139","CS","3170","3025 Harbor Dr Unit#17","Villa Madrid Villa Madrid","","$799,900","$575,000","2","2","0","1,500","Co-Op","1957","0","","Yes","",""
"1501","F10546810","CS","3260","2741 NE 30th St","CORAL RIDGE GALT ADD NO 1 ","","$799,900","$920,000","3","2","0","2,250","Single","1960","2","Yes","No","","10,750"
"1501","F10481899","CS","3370","2733 NE 2nd Avenue","SUNSET MANORS AMEN PLAT ","","$799,900","$765,000","3","2","0","1,685","Single","1962","2","Yes","No","","10,701"
"1501","F10446789","CS","3390","633 NW 28th Court","Wilton Estates Resub 33-6 ","","$799,900","$785,000","3","2","0","1,470","Single","1956","0","Yes","No","","7,283"
"1501","F10463637","CS","3470","417 SW 5 ST","SAILBOAT BEND SAILBOAT BEND","","$799,900","$790,000","4","3","1","2,201","Townhouse","2004","2","","No","",""
"1501","F10450952","CS","3850","2628 NE 9th Ave Unit#2","VILLAS AT MALLORY SQUARE VILLAS AT MALLORY SQUARE","","$799,900","$715,000","3","2","1","1,944","Townhouse","2006","2","","No","",""
"1501","F10454115","CS","3270","850 NE 16th Ave Unit#850","The Preserve at VP The Preserve at VP","","$799,700","$735,000","3","3","1","2,682","Townhouse","2007","2","","No","",""
"1501","F10527501","CS","3370","558 NE 28th St","TROPICAL MANORS ","","$799,650","$775,650","2","2","0","1,170","Single","1959","0","Yes","No","","7,731"
"1501","F10491016","CS","3160","3101 Bayshore Drive Unit#1908","W Residences W Residences","","$799,000","$775,000","2","2","0","1,214","Condo","2010","1","","Yes","",""
"1501","F10539325","CS","3170","1 Las Olas Circle Unit#1205","Venetian Condominium Venetian Condominium","","$799,000","$750,000","2","2","0","1,200","Condo","1970","1","","Yes","",""
"1501","A11693144","CS","3170","1 Las Olas Circle Unit#709","VENETIAN CONDO VENETIAN CONDO","","$799,000","$785,000","2","2","0","¤1,350","Condo","1970","1","","Yes","",""
"1501","F10436768","CS","3170","2100 S Ocean Dr Unit#2M","Sky Harbour East Sky Harbour East","","$799,000","$787,000","2","2","0","1,365","Condo","1965","0","","Yes","",""
"1501","F10469327","CS","3260","347 N New River Dr E Unit#1710","WATERGARDEN WATERGARDEN","","$799,000","$750,000","2","2","0","1,204","Condo","2004","1","","Yes","",""
"1501","F10545455","CS","3270","742 NE 17th Avenue","VICTORIA PARK ","","$799,000","$750,000","2","2","0","912","Single","1956","0","No","No","","4,814"
"1501","A11658570","CS","3270","814 NE 19th Ave Unit#814","GATEWAY PARK Avenue East Townhomes","","$799,000","$785,000","3","3","0","¤1,914","Townhouse","2006","1","","No","",""
"1501","F10484349","CS","3280","333 Sunset Dr Unit#808","Four Seasons Four Seasons","","$799,000","$745,000","2","2","0","1,770","Condo","1959","1","","Yes","",""
"1501","A11733963","CS","3280","350 SE 2nd St Unit#970","350 LAS OLAS PLACE CONDO 350 LAS OLAS PLACE","","$799,000","$790,000","3","2","0","¤1,650","Condo","2005","1","","No","",""
"1501","F10474566","CS","3280","111 SE 8th Avenue Unit#601","VENEZIA LAS OLAS VENEZIA LAS OLAS","","$799,000","$750,000","2","2","1","1,529","Condo","2003","2","","No","",""
"1501","F10468257","CS","3280","813 SE 2nd St","Himmarshee Place Himmarshee Place","","$799,000","$765,000","2","2","1","1,430","Townhouse","1981","0","","Yes","",""
"1501","F10441664","CS","3280","347 N New River Dr E Unit#2602","WATERGARDEN WATERGARDEN","","$799,000","$780,000","2","2","0","1,178","Condo","2004","1","","Yes","",""
"1501","F10552716","CS","3370","613 NE 22nd Drive Unit#613","Village at Wilton Manors Village at Wilton Manors","","$799,000","$780,000","3","2","2","1,580","Townhouse","2021","2","Yes","No","",""
"1501","A11859221","CS","3370","524 NE 27th Dr","TROPICAL MANORS ","","$799,000","$799,000","4","3","0","¤1,873","Single","1954","0","No","No","Detached","¤6,972"
"1501","F10517947","CS","3370","621 NE 22nd Drive","Village at Wilton Manors Village at Wilton Manors","","$799,000","$779,000","3","2","2","1,702","Townhouse","2021","2","","No","",""
"1501","A11849577","CS","3370","90 NE 21st Ct","MILBRO PLAT ","","$799,000","$730,000","4","4","1","","Single","2025","2","Yes","No","Detached","¤7,488"
"1501","F10496656","CS","3370","906 NE 28th St Unit#906","Duval Villas Duval Villas","","$799,000","$735,000","3","3","1","1,686","Townhouse","2004","2","","No","",""
"1501","F10451966","CS","3370","2817 NE 9th Ave","Highland Estates 15-65 B ","","$799,000","$765,000","4","2","0","1,810","Single","1963","0","No","No","","6,380"
"1501","A11731544","CS","3380","1621 N Victoria Park Rd","PROGRESSO ","","$799,000","$750,000","3","2","0","¤1,725","Single","1956","0","Yes","No","Detached","¤8,503"
"1501","F10537670","CS","3390","340 NW 26th Ct","Babco Heights 43-38 B ","","$799,000","$780,928","4","2","0","1,515","Single","1957","0","Yes","No","","8,617"
"1501","F10530776","CS","3424","400 NE 26th Dr","Sunset Manors Amd 27-26 B ","","$799,000","$735,000","3","2","0","1,216","Single","1951","0","Yes","No","","10,254"
"1501","A11937030","CS","3470","329 SW 18th Avenue","ROBERTSON PARK ","","$799,000","$750,000","3","2","0","","Single","1952","0","No","No","Detached","12,900"
"1501","F10446807","CS","3470","1012 Middle St","Waverly Place 2-19 D ","","$799,000","$765,000","3","2","1","2,055","Single","2020","1","No","No","","3,250"
"1501","A11437763","CS","3470","839 SW 11th St","LAUDERDALE LAUDERDALE","","$799,000","$750,000","4","3","","¤2,264","Townhouse","2005","2","","No","",""
"1501","F10463171","CS","3480","1601 SW 13th Ct","SHADY BANKS ","","$799,000","$777,000","3","2","0","2,000","Single","1952","1","No","No","","6,038"
"1501","F10458654","CS","3480","1109 SW 18th Ct","RIVER OAKS ","","$799,000","$815,000","3","2","0","1,600","Single","1993","1","No","No","","6,250"
"1501","F10437444","CS","3480","811 SW 18th St","Pinehurst 1-3 B ","","$799,000","$750,000","3","2","1","2,395","Single","1948","0","No","No","","6,738"
"1501","A11577959","CS","3600","1819 SE 17th St Unit#507","PORT CONDO THE PORT RESIDENCES","","$799,000","$780,000","2","2","1","¤1,860","Condo","2005","2","","Yes","",""
"1501","F10495325","CS","3700","721 NE 4th Ave","Bamboo Flats Bamboo Flats","","$799,000","$785,000","3","3","1","1,707","Townhouse","2007","2","","No","",""
"1501","F10509292","CS","3810","410 NW 1st Ave Unit#701","MILL LOFTS MILL LOFTS","","$799,000","$788,000","2","2","0","1,629","Condo","2007","1","","No","",""
"1501","F10435960","CS","3810","739 NE 5th Avenue","Flagler Village ","","$799,000","$675,000","2","1","1","1,456","Single","1946","1","No","No","","6,750"
"1501","A11615216","CS","3260","936 Intracoastal Dr Unit#17B","CORINTHIAN ON THE INTRACO Corinthian","","$798,000","$735,000","2","2","0","¤1,500","Condo","1974","102","","Yes","",""
"1501","A11734027","CS","3160","511 Bayshore Dr Unit#511","BAYSHORE TOWERS Towers of Bayshore","","$795,000","$750,000","2","2","0","¤1,436","Condo","1971","0","","Yes","",""
"1501","R11168534","CS","3270","1609 NE 5th Court","MIDDLE RIVER PARK ","","$795,000","$885,000","2","2","0","3,108","Single","1979","0","No","No","Garden Apartment","6,250"
"1501","B26012982","CS","3280","610 W Las Olas Boulevard Unit#1712n","SYMPHONY NORTH CONDO ","","$795,000","$775,000","2","2","1","1,298","Condo","2005","1","Yes","Yes","Substantially Remodeled","0"
"1501","R11154363","CS","3370","2112 NE 20th Avenue","SOUTH CORAL POINT ","","$795,000","$750,000","4","3","1","3,498","Single","1957","0","No","No","","7,003"
"1501","F10516784","CS","3370","2261 NE 9th Ave Unit#2261","Belle Isle Belle Isle","","$795,000","$755,000","4","3","1","2,069","Townhouse","2004","2","","No","",""
"1501","F10497704","CS","3370","2253 NE 9th Avenue","BELLE ISLE BELLE ISLE","","$795,000","$785,000","3","2","2","2,069","Townhouse","2006","2","","No","",""
"1501","F10494659","CS","3370","1916 CORAL GARDENS DR","CORAL GARDENS ","","$795,000","$775,000","3","3","0","1,552","Single","1954","0","Yes","No","",""
"1501","F10437260","CS","3370","32 NE 27th Dr","Babco Manors ","","$795,000","$762,500","3","2","0","1,550","Single","1956","1","Yes","No","","7,497"
"1501","R11129212","CS","3380","1541 NE 16th Terrace","PROGRESSO ","","$795,000","$720,000","3","2","0","1,405","Single","1949","0","Yes","No","Ranch","7,501"
"1501","F10472332","CS","3380","1419 NE 17th Ter","Poinsettia Heights ","","$795,000","$800,000","3","2","0","1,689","Single","1952","0","Yes","No","","7,695"
"1501","F10466428","CS","3380","1401 NE 16th Ter","Poinsettia Heights ","","$795,000","$720,000","3","2","0","1,406","Single","1950","0","Yes","No","","8,101"
"1501","A11853184","CS","3390","608 NW 25th St","HILLBROOK ","","$795,000","$785,000","3","2","0","¤1,780","Single","1954","0","Yes","No","Attached","¤11,329"
"1501","A12026271","CS","3470","560 SW 6th Ave","Tarpon River ","","$795,000","$795,000","3","3","","¤1,980","Single","2019","2","No","No","Attached","¤2,774"
"1501","F10449611","CS","3470","1709 SW 5th St","Gill Isles 44-13 B ","","$795,000","$750,000","3","2","0","1,465","Single","1957","0","No","Yes","","6,825"
"1501","F10543263","CS","3600","801 SE 12th CT Unit#801","CASTELANE LOFTS II CASTELANE LOFTS II","","$795,000","$775,000","3","3","1","2,192","Townhouse","2008","2","","No","",""
"1501","F10518748","CS","3810","444 NW 1st Avenue Unit#201","Avenue Lofts Avenue Lofts","","$795,000","$750,000","2","2","0","1,576","Condo","2005","1","","No","",""
"1501","F10474262","CS","3800","511 SE 5th Ave Unit#1804","Nu River Landing Nu River Landing","","$794,999","$755,000","3","2","0","1,692","Condo","2006","1","","Yes","",""
"1501","A11547318","CS","3160","3101 Bayshore Dr Unit#708","FORT LAUDERDALE RESIDENCE W Fort Lauderdale","","$790,000","$780,000","2","2","0","¤1,214","Condo","2011","1","","Yes","",""
"1501","F10505462","CS","3280","347 N New River Dr Unit#501","Watergarden Watergarden","","$789,900","$770,000","2","2","0","1,615","Condo","2004","2","","Yes","",""
"1501","F10543209","CS","3370","553 NE 21 Unit#553","Village at Wilton Manors Village at Wilton Manors","","$789,900","$780,000","3","2","2","1,723","Townhouse","2022","2","","No","",""
"1501","A11961760","CS","3160","3101 Bayshore Dr Unit#1804","FORT LAUDERDALE RESIDENCE W Residences","","$789,000","$750,000","2","2","0","¤1,176","Condo","2010","1","","Yes","",""
"1501","F10483468","CS","3160","3020 NE 32nd Ave Unit#1012","Tides at Bridgeside Sq Tides at Bridgeside Sq","","$789,000","$775,000","2","2","0","1,600","Condo","2002","1","","No","",""
"1501","F10448763","CS","3170","1 Las Olas Circle Unit#1117","Venetian Condominium Venetian Condominium","","$789,000","$710,000","2","2","0","1,350","Condo","1971","1","","Yes","",""
"1501","F10501098","CS","3270","824 NE 19th Ave","Avenue East Avenue East","","$789,000","$743,000","3","3","0","2,007","Townhouse","2006","3","","No","",""
"1501","F10469287","CS","3270","730 NE 7th ave Unit#730","Park Place Park Place","","$789,000","$760,000","4","3","1","2,429","Townhouse","2005","1","","No","",""
"1501","F10524412","CS","3370","25 NE 26th Ct","Sun Set Manors First Add ","","$789,000","$750,000","3","2","0","1,095","Single","1954","0","Yes","No","","7,137"
"1501","F10504057","CS","3370","2736 NE 1st Ter","Babco Manors 39-15 B ","","$789,000","$789,000","3","2","0","1,400","Single","1956","1","Yes","No","","8,870"
"1501","F10451624","CS","3370","324 NE 23rd St","Re-Amended Of Wilton Mano ","","$789,000","$755,000","2","1","0","954","Single","1951","0","No","No","","9,374"
"1501","F10434814","CS","3370","2631 NE 14th Ave Unit#405","Wilton Station Wilton Station","","$789,000","$725,000","3","2","0","1,642","Condo","2006","1","","No","",""
"1501","F10400845","CS","3370","2900 NE 12th Ter Unit#6","Pointe at Middle River Pointe at Middle River","","$789,000","$789,000","3","2","2","2,295","Townhouse","2017","2","","No","",""
"1501","F10433500","CS","3500","340 SW 16th Street","Portofino Residences Portofino Residences","","$789,000","$720,000","3","2","1","1,884","Townhouse","2019","2","","No","",""
"1501","F10530122","CS","3800","511 SE 5th Ave Unit#2104","NURIVER LANDING NURIVER LANDING","","$789,000","$789,000","3","2","0","1,786","Condo","2006","1","","Yes","",""
"1501","F10487999","CS","3470","609 SW 5th Ave","Harbor Sound ","","$788,000","$758,000","3","2","1","1,722","Single","1997","0","No","No","",""
"1501","F10428630","CS","3170","2000 S Ocean Dr Unit#1007","Everglades House Everglades House","","$785,000","$755,000","2","2","0","1,688","Condo","1965","0","","Yes","",""
"1501","F10478803","CS","3270","835 NE 17th Ter Unit#9","The Mandarin The Mandarin","","$785,000","$770,000","3","3","1","1,912","Townhouse","2017","2","","No","",""
"1501","F10499142","CS","3480","907 SW 17th St","YELLOWSTONE PARK AMEN PLA ","","$785,000","$787,500","3","2","0","1,175","Single","1948","0","No","Yes","","8,091"
"1501","A11786180","CS","3480","1008 Mango Isle","SOUTH NEW RIVER ISLES SEC ","","$785,000","$830,000","2","1","0","¤1,168","Single","1954","0","No","Yes","Detached","¤7,314"
"1501","F10521029","CS","3270","834 NE 19th Ave Unit#834","Avenue East Town Lofts Avenue East Town Lofts","","$780,000","$748,440","3","3","1","1,848","Townhouse","2006","1","","No","",""
"1501","F10488394","CS","3270","706 NE 2nd St Unit#7","Villa Victoria II Villa Victoria II","","$780,000","$760,000","3","2","1","2,020","Townhouse","1996","1","","No","",""
"1501","R11145917","CS","3370","1713 NE Ne 7th Terrace","Middle River Terrace Amd ","","$780,000","$735,000","3","2","0","1,535","Single","1973","","Yes","No","",""
"1501","A11835355","CS","3500","1020 SW 4th Ave","LAUDERDALE ","","$780,000","$720,000","3","2","0","¤1,370","Single","1956","4","Yes","No","Detached","¤6,250"
"1501","F10495074","CS","3500","322 SW 20th St","Lauderdale 2-9 D ","","$780,000","$780,000","2","1","0","1,291","Single","1925","0","No","No","","6,750"
"1501","F10478878","CS","3390","809 NW 28th St","Jenada Villas 37-36 B ","","$779,999","$770,000","3","2","0","1,320","Single","1958","0","Yes","No","","7,254"
"1501","F10431446","CS","3160","1905 N Ocean Blvd Unit#6A","Shore Club Condominium Shore Club Condominium","","$779,000","$725,000","2","2","0","1,500","Condo","1976","1","","Yes","",""
"1501","F10519217","CS","3280","347 N New River Dr Unit#602","WaterGarden WaterGarden","","$779,000","$750,000","2","2","0","1,178","Condo","2004","2","","Yes","",""
"1501","F10441395","CS","3370","1924 NE 27th St","Coral Gardens 30-7 B ","","$779,000","$725,000","3","2","0","1,400","Single","1954","1","Yes","No","",""
"1501","F10505225","CS","3270","619 NE 8th Ave Unit#619","Victoria Park Townhomes Victoria Park Townhomes","","$778,000","$739,000","3","3","1","2,376","Townhouse","2007","1","","No","",""
"1501","A11917116","CS","3160","1901 N Ocean Blvd Unit#12B","SHORE CLUB CONDO SHORE CLUB CONDO","","$775,000","$760,000","2","2","0","¤1,500","Condo","1976","1","","Yes","",""
"1501","A11720829","CS","3160","511 Bayshore Dr Unit#308","BAYSHORE TOWERS BAYSHORE TOWERS","","$775,000","$740,000","2","2","0","¤1,330","Condo","1971","1","","Yes","",""
"1501","A11718479","CS","3160","3101 Bayshore Dr Unit#1601","FORT LAUDERDALE RESIDENCE FORT LAUDERDALE RESIDENCE","","$775,000","$703,250","1","1","0","¤709","Condo","2010","1","","Yes","",""
"1501","A11702688","CS","3160","1901 N Ocean Blvd Unit#8B","SHORE CLUB CONDO SHORE CLUB CONDO","","$775,000","$750,000","2","2","0","¤1,500","Condo","1976","1","","Yes","",""
"1501","F10539998","CS","3270","808 NE 15th Avenue","   ","","$775,000","$748,500","2","2","1","2,018","Townhouse","2021","1","","No","",""
"1501","A11926517","CS","3270","1616 NE 9th St","PROGRESSO PVP","","$775,000","$765,000","4","3","1","¤2,318","Townhouse","2007","2","","No","",""
"1501","A11697672","CS","3270","909 NE 16th Ter Unit#2","PROGRESSO Seven Seas","","$775,000","$725,000","3","2","1","¤1,976","Townhouse","2020","2","","No","",""
"1501","F10484976","CS","3280","800 SE 4th St Unit#306","Chateau Mar Chateau Mar","","$775,000","$700,000","3","2","0","1,330","Condo","1966","0","","Yes","",""
"1501","A11786455","CS","3370","625 NE 22nd Dr","VILLAGE AT WILTON MANORS Village at Wilton Manors","","$775,000","$775,000","3","2","1","¤1,580","Townhouse","2020","2","","No","",""
"1501","F10552245","CS","3380","1815 N Victoria Park Road","North Ridge 30-32 B ","","$775,000","$740,000","2","2","0","1,326","Single","1953","","Yes","No","","6,632"
"1501","F10472006","CS","3390","632 NW 21st St","Curva Del Rio Add 35-44 B ","","$775,000","$735,000","4","3","0","1,797","Single","1956","0","No","Yes","","8,486"
"1501","F10501416","CS","3470","723 SW 8th Way","SEAWANNA PARK - Tarpon Ri ","","$775,000","$725,000","3","2","0","1,838","Single","1953","0","Yes","Yes","","7,821"
"1501","A11981198","CS","3600","1819 SE 17th St Unit#906","THE PORT RESIDENCES PORT CONDOMINIUM","","$775,000","$775,000","2","2","1","¤1,750","Condo","2005","2","","Yes","",""
"1501","F10477873","CS","3800","511 SE 5th Ave Unit#1916","NURIVER LANDING CONDO NURIVER LANDING CONDO","","$775,000","$755,000","3","2","0","1,692","Condo","2006","1","","Yes","",""
"1501","F10474337","CS","3810","425 N Andrews Ave Unit#301","Avenue Lofts Avenue Lofts","","$775,000","$785,000","2","2","0","1,569","Condo","2003","2","","No","",""
"1501","F10480667","CS","3880","1904 SW 28th St","Clair Lake 28-26 B ","","$775,000","$775,000","6","4","0","2,440","Single","1953","1","No","No","","7,083"
"1501","F10498898","CS","3480","1501 SW 12th Ct","Hendricks Heights 22-49 B ","","$774,999","$749,500","5","3","1","1,959","Single","1988","0","No","No","","8,211"
"1501","R11101447","CS","3010","1106 SE 4th Avenue","LAUDERDALE 2-19 D (0210 S ","","$774,900","$760,000","3","2","1","1,804","Townhouse","2004","2","Yes","No","","3,372"
"1501","F10465860","CS","3390","2615 NW 9th Ter","The Villas 56-7 B ","","$774,900","$635,000","3","2","0","1,720","Single","1962","2","Yes","Yes","","8,581"
"1501","A11725516","CS","3370","109 NE 26th Dr","SUNSET MANORS AMEN PLAT ","","$770,000","$750,000","3","2","0","¤1,339","Single","1952","2","Yes","No","Detached","¤13,719"
"1501","A11918413","CS","3810","411 NW 1st Ave Unit#401","FOUNDRY LOFTS CONDO Foundry Lofts","","$770,000","$722,000","2","2","0","¤1,512","Condo","2007","1","","No","",""
"1501","F10455422","CS","3810","434 NW 1 AVE Unit#302","AVENUE LOFTS AVENUE LOFTS","","$770,000","$700,000","2","2","0","1,609","Condo","2005","1","","No","",""
"1501","F10467085","CS","3480","621 SW 18th St","Pinehurst Rev Place Of Po ","","$769,999","$775,000","3","3","0","2,180","Single","1950","0","Yes","No","","10,118"
"1501","F10440947","CS","3370","1825 NE 27th Dr","Coral Estates 32-29 B ","","$769,000","$739,900","4","2","0","1,882","Single","1954","2","Yes","No","","8,525"
"1501","F10492022","CS","3470","639 SW 5th Avenue","TARPON RIVER ","","$769,000","$745,000","3","2","0","1,504","Single","1977","0","No","No","",""
"1501","F10482328","CS","3470","412 SW 11th Ct","Croissant Park River Sec ","","$769,000","$712,500","3","2","0","1,487","Single","1947","0","No","Yes","","5,633"
"1501","F10444182","CS","3500","610 W LAS OLAS BL Unit#818N","Symphony Condominium Symphony Condominium","","$769,000","$735,000","2","2","1","1,436","Condo","2006","1","","Yes","",""
"1501","A11926869","CS","3160","1905 N Ocean Blvd Unit#PHB","SHORE CLUB CONDO Shore Club","","$765,000","$700,000","2","2","0","¤1,500","Condo","1976","1","","Yes","",""
"1501","B26018260","CS","3370","2800 NE 1st Avenue","SUNSET MANORS AMEN PLAT ","","$765,000","$740,000","3","2","0","1,596","Single","1952","","No","No","Ranch","10,701"
"1501","F10495337","CS","3370","2708 NE 1st Ave","Sunset Manors Amd 27-26 B ","","$765,000","$695,000","4","2","0","2,035","Single","1952","2","Yes","No","","10,701"
"1501","F10494999","CS","3470","316 Seminole Ave","Waverly Place 2-19 D ","","$765,000","$752,500","3","2","0","1,670","Single","1951","0","Yes","No","","6,750"
"1501","A11762719","CS","3470","1451 SW 11th Pl","VALENTINES SUB ","","$765,000","$735,000","3","2","1","2,158","Single","2003","2","No","No","Attached","6,900"
"1501","R11000160","CS","3570","1812 SW 9th Street","RIVERSIDE PARK ","","$765,000","$757,000","3","3","0","1,454","Single","1952","0","Yes","No","Garden Apartment","6,050"
"1501","A11746462","CS","3700","317 NE 7th St Unit#317","PROGRESSO Bamboo Flats","","$765,000","$700,000","3","3","1","¤1,586","Townhouse","2007","2","","No","",""
"1501","F10409914","CS","3280","340 Sunset Dr Unit#1211","Essex Tower Essex Tower","","$764,900","$700,711","2","2","0","1,534","Condo","1971","1","","No","",""
"1501","F10468062","CS","3370","1140 NW 30th Ct","Oakland Blvd Dev 50-37 B ","","$760,000","$750,000","3","3","0","1,408","Single","1962","1","Yes","Yes","","9,016"
"1501","F10511696","CS","3390","418 NW 20th St","Meadowbrook 37-37 B ","","$760,000","$752,000","3","2","0","1,721","Single","1956","0","No","Yes","","8,556"
"1501","F10437956","CS","3390","1149 NW 30th St","Jenada Isle 50-39 B ","","$760,000","$695,000","2","2","0","1,895","Single","1962","2","Yes","Yes","","7,501"
"2001","F10490611","CS","3280","821 SE 2nd St Unit#821","Himmarshee Place Himmarshee Place","","$759,900","$720,000","2","2","1","1,425","Townhouse","1982","0","","Yes","",""
"2001","A11727441","CS","3280","2500 E Las Olas Blvd Unit#1906","MARINE TOWER CONDO MARINE TOWER","","$759,900","$705,000","3","2","1","¤1,896","Condo","1969","1","","Yes","",""
"2001","F10462977","CS","3370","2685 NE 9th Ave Unit#7","Manor Oaks Manor Oaks","","$759,900","$725,000","3","3","1","2,468","Townhouse","2006","2","","No","",""
"2001","R11068004","CS","3370","623 NE 22nd Drive","VILLAGE AT WILTON MANORS I ","","$759,448","$730,000","3","2","1","1,723","Townhouse","2020","2","No","No","Garden Apartment","1,160"
"2001","F10530078","CS","3260","2652 NE 30th Place Unit#2652","Coral Villas Coral Villas","","$759,000","$735,000","3","2","1","2,055","Townhouse","2006","1","","No","",""
"2001","F10530907","CS","3370","1441 NE 27th St","MIDDLE RIVER ESTATES ","","$759,000","$730,000","2","2","0","1,195","Single","1953","1","Yes","No","","7,498"
"2001","A11719322","CS","3370","3049 NW 6th Ave","BOULEVARD ESTATES AMEN ","","$759,000","$650,000","3","2","0","¤1,392","Single","1957","2","No","No","Detached","¤8,827"
"2001","F10454352","CS","3500","600 W Las Olas Blvd Unit#1502S","The Symphony The Symphony","","$755,000","$735,000","2","2","1","1,364","Condo","2005","1","","Yes","",""
"2001","A11889657","CS","3480","839 SW 16th St","ALTA VISTA TERRACE ","","$754,900","$720,000","3","2","0","¤1,443","Single","1964","1","Yes","No","Detached","¤6,779"
"2001","F10547943","CS","3160","3101 Bayshore Drive Unit#2301","The W Residence The W Residence","","$750,000","$737,500","1","1","0","709","Condo","2011","1","","Yes","",""
"2001","F10491015","CS","3160","3101 Bayshore Unit#806","W Residences W Residences","","$750,000","$725,000","2","2","0","1,176","Condo","2010","1","","No","",""
"2001","F10555956","CS","3170","1750 S Ocean Lane Unit#316","Lago Mar Place Lago Mar Place","","$750,000","$700,000","2","2","0","1,480","Co-Op","1962","0","","Yes","",""
"2001","A11690817","CS","3170","2100 S Ocean Ln Unit#704","POINT OF AMERICAS CONDO POINT OF AMERICAS","","$750,000","$725,000","1","1","1","¤1,109","Condo","1969","1","","Yes","",""
"2001","A11746741","CS","3260","2708 NE 30th Place","CORAL RIDGE GALT ADD NO 1 CORAL RIDGE VILLAS","","$750,000","$658,000","3","2","1","¤2,154","Townhouse","2014","1","","No","",""
"2001","R11157431","CS","3270","830 NE 19th Avenue","Avenue East Townlofts ","","$750,000","$710,000","3","3","1","1,848","Townhouse","2007","1","No","No","","1,750"
"2001","R11157398","CS","3270","1600 NE 9th Street Unit#20","PROGRESSO ","","$750,000","$745,000","3","3","1","2,020","Townhouse","2008","2","No","No","","3,050"
"2001","A11907904","CS","3270","1616 NE 5th St.","Victoria Park Victoria Park","","$750,000","$745,000","2","2","1","¤1,339","Townhouse","1988","1","","No","",""
"2001","F10480540","CS","3280","347 N New River Dr E Unit#2505","WATERGARDEN WATERGARDEN","","$750,000","$660,000","2","2","0","1,080","Condo","2004","1","","Yes","",""
"2001","F10463368","CS","3280","340 Sunset Dr Unit#1511","Essex Tower Essex Tower","","$750,000","$660,000","2","2","0","1,534","Condo","1971","1","","No","",""
"2001","F10481662","CS","3370","559 NE 21st Ct Unit#5","Village at Wilton Manors Village at Wilton Manors","","$750,000","$730,000","2","2","1","1,723","Townhouse","2022","2","","No","",""
"2001","F10477431","CS","3370","801 NE 15th St","Lauderdale Park 6-33 1/2 ","","$750,000","$750,000","3","2","0","1,643","Single","1953","0","No","No","","14,158"
"2001","A11576900","CS","3370","417 NW 21st St","MEADOWBROOK ","","$750,000","$725,000","3","2","0","¤1,556","Single","1956","0","Yes","No","Attached","¤7,001"
"2001","F10430120","CS","3370","117 NE 20th St","MANOR GROVE ","","$750,000","$700,000","4","2","0","2,240","Single","1977","0","No","No","","9,404"
"2001","A11743603","CS","3380","1114 NE 13th Ave","PROGRESSO ","","$750,000","$642,500","2","1","0","¤1,190","Single","1948","0","No","No","Detached","¤6,742"
"2001","F10469274","CS","3380","1717 NE 17th Ter","Progresso 2-18 D ","","$750,000","$660,000","3","3","0","2,009","Single","1950","0","No","No","","10,133"
"2001","F10503124","CS","3390","425 NW 24th St","Mickels 2nd Add To Wilton ","","$750,000","$600,000","4","2","0","2,198","Single","1966","2","No","No","","11,693"
"2001","B26004937","CS","3470","850 SW 11th Court Unit#850","VINIK NO 2 ","","$750,000","$687,500","3","2","1","2,132","Townhouse","2007","2","Yes","No","","3,125"
"2001","A11628871","CS","3470","416 SW 11th Ct","CROISSANT PARK RIVER SEC ","","$750,000","$670,000","4","3","0","¤1,777","Single","1947","0","Yes","Yes","Detached","¤5,982"
"2001","A11839796","CS","3480","412 SW 16th Ct","LAUDERDALE ","","$750,000","$700,000","3","1","0","¤1,202","Single","1950","0","No","No","Detached","¤12,150"
"2001","F10478163","CS","3480","1426 SW 16th Terrace","Shady Banks ","","$750,000","$690,000","4","2","0","1,742","Single","1955","0","No","No","","9,852"
"2001","A11695318","CS","3480","1504 SW 13th Ct","HENDRICKS HEIGHTS ","","$750,000","$690,000","4","2","0","¤1,438","Single","1957","0","No","No","Detached","¤6,381"
"2001","F10516167","CS","3380","1124 NE 18th Ave","Lake Ridge ","","$749,999","$700,000","2","2","1","1,363","Single","1949","0","Yes","Yes","","6,767"
"2001","F10447381","CS","3470","1600 SW 10th St","Riverside Park ","","$749,999","$693,000","3","2","0","1,728","Single","1954","0","Yes","No","","14,032"
"2001","F10448050","CS","3500","600 W Las Olas Blvd Unit#703","SYMPHONY SOUTH SYMPHONY SOUTH","","$749,950","$735,000","2","2","0","1,348","Condo","2005","2","","Yes","",""
"2001","F10501680","CS","3700","783 NE 4th Ave","Bamboo Flats Bamboo Flats","","$749,947","$725,500","3","3","1","1,669","Townhouse","2007","2","","No","",""
"2001","R11106164","CS","3270","852 NE 16th Avenue","PROGRESSO ","","$749,900","$710,800","2","3","1","2,384","Townhouse","2007","2","No","No","","1,630"
"2001","F10479913","CS","3280","347 N New River Dr E Unit#2409","Watergarden Watergarden","","$749,900","$720,000","3","2","0","1,469","Condo","2004","1","","Yes","",""
"2001","B26002973","CS","3370","2227 NE 9th Avenue","WILTON MANORS ","","$749,900","$715,000","3","3","0","1,945","Townhouse","2004","2","No","No","","0"
"2001","F10550924","CS","3370","2701 NE 10th Terrace","AMADALE ","","$749,900","$750,000","2","2","0","1,292","Single","1955","0","Yes","No","","7,812"
"2001","F10533718","CS","3370","2301 Wilton Dr Unit#R303","Island City Lofts Island City Lofts","","$749,900","$749,000","2","2","1","1,746","Condo","2007","2","","No","",""
"2001","R11033995","CS","3370","141 NE 30th Street","Wilton Manors ","","$749,900","$725,000","3","2","0","1,214","Single","1959","1","Yes","No","","10,175"
"2001","A11860253","CS","3390","2109 NW 2nd Avenue","TROPICAL PALMS ","","$749,900","$749,900","4","2","0","¤1,624","Single","1961","0","Yes","No","Detached","¤10,150"
"2001","F10462853","CS","3390","200 NW 22nd St","Maurers Highpoint First A ","","$749,900","$730,000","3","2","0","1,396","Single","1958","0","Yes","No","","6,558"
"2001","R11155100","CS","3380","1716 NE 17th Avenue","PROGRESSO ","","$749,757","$730,000","4","2","0","1,978","Single","1953","1","Yes","No","","7,433"
"2001","F10530230","CS","3160","551 N Fort Lauderdale Beach Boulevard Unit#H1116","The Ocean resort The Ocean resort","","$749,000","$690,000","1","1","1","720","Condo","2009","1","","Yes","",""
"2001","F10531673","CS","3160","1905 N Ocean Boulevard Unit#14D","The Shore Club The Shore Club","","$749,000","$660,000","2","2","0","1,500","Condo","1976","1","","","",""
"2001","F10472008","CS","3160","1901 N Ocean Blvd Unit#TH-D","SHORE CLUB CONDO SHORE CLUB CONDO","","$749,000","$710,000","2","2","0","1,500","Condo","1976","1","","Yes","",""
"2001","F10457093","CS","3160","2800 E Sunrise Blvd Unit#18B","SUNRISE EAST SUNRISE EAST","","$749,000","$730,000","2","2","0","1,675","Condo","1969","2","","Yes","",""
"2001","F10418902","CS","3160","551 N Fort Lauderdale Beach Blvd Unit#H1716","Ocean Resort Residences Ocean Resort Residences","","$749,000","$720,000","1","1","1","720","Condo","2009","1","","Yes","",""
"2001","F10439459","CS","3170","2100 S Ocean Ln Unit#801","Point of Americas 1 Point of Americas 1","","$749,000","$675,000","1","1","1","1,278","Condo","1969","1","","Yes","",""
"2001","F10552259","CS","3270","832 N Victoria Park Road Unit#832","CASA VICTORIA CASA VICTORIA","","$749,000","$749,000","3","3","1","2,143","Townhouse","2005","2","","No","",""
"2001","F10533672","CS","3270","822 NE 19th Avenue Unit#822","Avenue East Townhomes Avenue East Townhomes","","$749,000","$725,000","3","3","0","1,914","Townhouse","2006","1","No","No","",""
"2001","F10498490","CS","3370","1800 NE 28th St","Coral Estates 32-29 B ","","$749,000","$700,000","3","3","0","1,367","Single","1953","1","Yes","No","","7,917"
"2001","F10453453","CS","3370","713 NE 17th Ct","Middle River Terrace Amd ","","$749,000","$725,000","3","2","0","1,802","Single","1953","0","No","Yes","","7,150"
"2001","F10540883","CS","3380","1424 NE 16th Ter","Progresso 2-18 D ","","$749,000","$775,000","3","2","0","2,044","Single","1949","1","Yes","No","","8,111"
"2001","F10552181","CS","3390","2956 NW 6th Terrace","March Estates Add 38-39 B ","","$749,000","$700,000","4","3","0","2,087","Single","1957","0","Yes","No","","10,467"
"2001","F10531177","CS","3390","2919 NW 11th Terrace","Jenada Isle 50-39 B ","","$749,000","$625,000","3","2","0","1,836","Single","1962","2","Yes","No","","9,869"
"2001","F10494226","CS","3390","324 NW 26th Ct","BABCO HEIGHTS ","","$749,000","$749,000","3","2","0","1,378","Single","1957","0","Yes","No","","8,123"
"2001","F10483572","CS","3390","608 NW 26th Street","Mickels 3rd Add To Wilton ","","$749,000","$672,750","5","3","0","3,421","Single","1961","0","No","No","","8,787"
"2001","F10454114","CS","3390","1214 N Victoria Park Rd Unit#1214","Townhomes Victoria Park Townhomes Victoria Park","","$749,000","$715,000","3","2","1","1,943","Townhouse","2011","2","","No","",""
"2001","F10530107","CS","3480","1402 SW 4th Ave Unit#1402","14 STREET TOWNHOMES 14 STREET TOWNHOMES","","$749,000","$720,000","3","3","1","2,105","Townhouse","2021","2","","No","",""
"2001","F10437028","CS","3500","1100 SW 4th Ave","Lauderdale 2-9 D ","","$749,000","$610,000","2","1","0","1,211","Single","1949","0","No","No","","9,375"
"2001","A11573927","CS","3670","304 SW 18th Ave","RIVER VISTA ","","$749,000","$715,000","2","2","0","¤1,258","Single","1958","0","No","Yes","Detached","¤8,742"
"2001","F10447037","CS","3380","1712 NE 16th Ter","Progresso 2-18 D ","","$748,888","$600,000","3","1","0","1,188","Single","1951","0","No","No","","7,712"
"2001","F10447144","CS","3380","1622 N Dixie Hwy","Lauderdale Park 6-33 1/2 ","","$748,500","$685,000","3","1","0","975","Single","1952","0","Yes","No","","9,168"
"2001","A11779766","CS","3380","1251 NE 18th Ave","LAKE RIDGE Galleria Villages","","$745,000","$725,000","3","3","1","2,022","Townhouse","2022","1","","No","",""
"2001","F10478131","CS","3390","2507 NW 8th Ave","BABCO PARK ","","$745,000","$755,000","3","2","1","1,674","Single","1958","0","Yes","No","","9,799"
"2001","F10540154","CS","3280","511 SE 5th Ave Unit#1204","NuRiver Landing NuRiver Landing","","$740,000","$730,000","3","2","0","1,692","Condo","2006","1","","Yes","",""
"2001","F10479019","CS","3370","1457 NE 24th St","Middle River Plaza ","","$740,000","$700,000","2","2","0","990","Single","1952","1","No","No","","5,963"
"2001","F10497651","CS","3500","600 W Las Olas Blvd Unit#1207S","Symphony South Symphony South","","$740,000","$725,000","2","2","0","1,206","Condo","2005","1","","Yes","",""
"2001","F10453796","CS","3270","731 NE 17th Ave","Victoria Park ","","$739,000","$750,000","2","2","0","1,088","Single","1922","0","Yes","No","","4,814"
"2001","F10482612","CS","3370","909 NE 18 Street","Middle River Terrace ","","$739,000","$680,000","3","3","0","1,638","Single","1957","0","Yes","No","","6,000"
"2001","F10461157","CS","3370","1716 NE 27th Dr","Coral Estates 32-29 B ","","$739,000","$715,000","3","2","0","1,391","Single","1954","1","Yes","No","","7,140"
"2001","F10447298","CS","3370","514 NE 19th St","Tropical Gardens Tropical Gardens","","$739,000","$705,000","2","2","1","1,672","Townhouse","1984","0","","Yes","",""
"2001","F10480624","CS","3390","2940 NW 8th Ave","Jenada Villas 37-36 B ","","$739,000","$720,000","3","2","0","1,812","Single","1959","0","No","No","","7,026"
"2001","A11699561","CS","3390","2409 NW 7th Ave","HILLBROOK ","","$739,000","$739,000","3","2","","¤1,316","Single","1967","1","Yes","No","Attached","¤11,250"
"2001","R11139057","CS","3470","410 SW 10th Street","LAUDERDALE ","","$739,000","$717,500","4","3","0","2,426","Single","1950","0","No","No","Ranch","6,250"
"2001","F10437974","CS","3570","940 SW 8th St","The Almeda 7-52 B ","","$739,000","$680,000","3","2","0","1,416","Single","1946","0","No","No","","6,666"
"2001","A11987539","CS","3270","820 NE 19th Ave","GATEWAY PARK Avenue East Townhomes","","$735,000","$710,000","2","2","1","¤1,914","Townhouse","2006","1","","No","",""
"2001","F10528334","CS","3370","624 NE 29th Drive Unit#A","624 NE 29 Drive Townhomes 624 NE 29 Drive Townhomes","","$735,000","$725,000","3","2","2","2,460","Townhouse","2010","0","","No","",""
"2001","R10988515","CS","3370","1917 NE 26th Drive","CORAL GARDENS ","","$734,990","$734,990","2","2","0","1,454","Single","1954","0","No","No","","6,004"
"2001","R11150407","CS","3380","1701 NE 16th Avenue","PROGRESSO ","","$734,000","$687,500","3","2","0","1,188","Single","1952","0","Yes","No","","7,506"
"2001","F10526809","CS","3380","2407 NE 17th Ter","Max Swartz Sub 10-19 B ","","$734,000","$701,000","2","2","0","1,274","Single","1960","1","No","No","","7,502"
"2001","A11896960","CS","3240","2816 NE 18th Ter","CORAL ESTATES ","","$730,000","$710,000","3","2","0","¤1,818","Single","1955","1","No","No","Detached","¤7,030"
"2001","F10511071","CS","3370","1742 NE 28th Dr","CORAL ESTATES ","","$730,000","$687,000","3","2","1","1,617","Single","1956","1","Yes","No","","7,917"
"2001","F10421360","CS","3470","401 SW 4th Ave Unit#1605","Esplanade Esplanade","","$730,000","$730,000","3","2","0","1,546","Condo","2004","2","","Yes","",""
"2001","F10435952","CS","3280","2500 E Las Olas Blvd Unit#1906","Marine Tower Marine Tower","","$729,999","$710,000","3","2","1","1,896","Condo","1969","1","","Yes","",""
"2001","F10457054","CS","3160","3101 Bayshore Dr Unit#2303","THE W RESIDENCES THE W RESIDENCES","","$729,900","$700,000","1","1","0","724","Condo","2011","1","","Yes","",""
"2001","F10486369","CS","3500","600 W Las Olas Boulevard Unit#1103S","The Symphony The Symphony","","$729,900","$715,000","2","2","0","1,348","Condo","2005","1","","Yes","",""
"2001","F10456830","CS","3280","347 N New River Dr Unit#1911","WATERGARDEN WATERGARDEN","","$729,000","$700,000","2","2","0","1,178","Condo","2004","2","","Yes","",""
"2001","F10550648","CS","3370","1532 NE 28 Drive","Middle River Estates 29-4 ","","$729,000","$700,000","2","2","0","1,324","Single","1955","","No","No","",""
"2001","F10542596","CS","3370","2633 NE 14th Ave Unit#107","WILTON STATION WILTON STATION","","$729,000","$729,000","2","2","1","1,738","Condo","2007","1","","No","",""
"2001","F10459284","CS","3390","806 NW 26th St","Babco Park 42-6 B ","","$729,000","$700,000","4","3","0","2,125","Single","1957","0","Yes","No","","7,131"
"2001","F10498989","CS","3500","600 W Las Olas Blvd Unit#1303S","SYMPHONY SOUTH CONDO SYMPHONY SOUTH CONDO","","$729,000","$705,000","2","2","0","1,348","Condo","2005","1","","Yes","",""
"2001","B26020210","CS","","610 W Las Olas Unit#1518n","SYMPHONY NORTH CONDO ","","$725,000","$725,000","2","2","1","1,436","Condo","2005","2","No","Yes","","0"
"2001","F10543315","CS","3170","2100 S Ocean Dr Unit#16K","Sky Harbour East Sky Harbour East","","$725,000","$730,000","2","2","0","1,350","Condo","1965","0","","Yes","",""
"2001","F10486882","CS","3170","3000 Holiday Dr Unit#1603","Maya Marca Maya Marca","","$725,000","$705,000","2","2","0","1,627","Condo","1966","0","","Yes","",""
"2001","B26004168","CS","3270","228 NE 16th Terrace","VICTORIA PARK CORR AMEN PL ","","$725,000","$695,000","3","2","0","1,346","Townhouse","1980","","No","No","","2,496"
"2001","A11913091","CS","3270","704 NE 5th St","HOLMBERG & MC KEES HOLMBERG & MC KEES SUB","","$725,000","$729,800","2","2","1","¤1,544","Townhouse","2014","1","","No","",""
"2001","F10497145","CS","3270","550 NE 7th Ave Unit#2","The Ellington The Ellington","","$725,000","$720,000","3","3","1","1,788","Townhouse","2004","2","","No","",""
"2001","F10531093","CS","3370","824 NE 14th Court","DIXIE PARK ","","$725,000","$715,000","3","2","0","1,460","Single","2019","1","Yes","No","","4,025"
"2001","F10516103","CS","3370","901 NE 18th St","Lauderdale Park 6-33 1/2 ","","$725,000","$705,000","2","2","0","1,199","Single","1957","0","Yes","No","","6,000"
"2001","F10503293","CS","3370","409 NE 27th Dr","Tropical Manors 33-31 B ","","$725,000","$705,000","2","2","0","1,216","Single","1954","0","No","No","","6,998"
"2001","F10497213","CS","3370","1109 NE 16th Pl","Lauderdale Park 6-33 1/2 ","","$725,000","$636,500","4","2","0","2,367","Single","1952","0","Yes","No","","10,834"
"2001","F10458137","CS","3370","2925 NE 1st Ave","Almar Estates Resub 32-36 ","","$725,000","$700,000","3","2","0","1,290","Single","1956","0","No","Yes","","6,501"
"2001","R10994920","CS","3370","2735 NE 10th Avenue","AMADALE ADD ","","$725,000","$710,000","3","2","0","1,469","Single","1955","0","No","No","","6,487"
"2001","F10509378","CS","3380","1231 NE 17TH TER","LAKE RIDGE ","","$725,000","$700,000","2","2","0","1,170","Single","1951","1","Yes","No","",""
"2001","F10509318","CS","3380","1228 NE 17th Ave","Lake Ridge ","","$725,000","$690,000","2","2","0","1,670","Single","1953","1","No","No","","8,515"
"2001","F10469461","CS","3390","625 NW 28th St","Wilton Estates 32-8 B ","","$725,000","$725,000","3","3","0","1,570","Single","1957","1","Yes","No","","8,401"
"2001","F10440694","CS","3390","316 NW 20th St","Meadowbrook 37-37 B ","","$725,000","$690,000","3","2","0","1,642","Single","1955","0","No","Yes","","7,657"
"2001","A11760060","CS","3480","1114 SW 19th St","REAMEN PLAT YELLOWSTONE P ","","$725,000","$685,000","3","2","0","¤1,456","Single","1956","1","No","No","Detached","¤7,498"
"2001","F10479942","CS","3480","1483 SW 15th Ter","Shady Banks ","","$725,000","$725,000","3","2","0","1,534","Single","1957","1","No","No","","7,475"
"2001","R11028251","CS","3480","823-825 SW 13th Street","Island View 32-2 B ","","$725,000","$725,000","3","1","0","2,252","Single","1967","0","No","No","",""
"2001","A11669702","CS","3480","1200 SW 18th St","YELLOWSTONE PARK AMEN PLA ","","$725,000","$695,000","2","2","0","¤1,223","Single","1952","0","No","No","Detached","¤8,201"
"2001","F10495599","CS","3370","2714 Duval Ln Unit#2714","Duval Villas Duval Villas","","$724,900","$720,000","3","3","1","1,686","Townhouse","2004","2","","No","",""
"2001","A11613798","CS","3860","1111 NW 2nd Ave","PROGRESSO ","","$724,499","$695,000","3","3","0","¤1,734","Single","2021","2","No","No","Attached","¤5,061"
"2001","F10443369","CS","3380","1901 NE 18th St","Poinsettia Heights ","","$724,000","$690,000","3","2","0","1,432","Single","1952","0","No","No","","6,597"
"2001","F10499556","CS","3390","2201 NW 3rd Ave","Hillbrook 30-4 B ","","$723,900","$710,000","3","2","0","1,747","Single","1955","0","No","No","","10,499"
"2001","A11862914","CS","3700","315 NE 7 ST Unit#315","Bamboo Flats Bamboo Flats","","$720,000","$703,000","3","3","1","¤1,520","Condo","2007","2","","No","",""
"2001","F10520278","CS","3370","111 NE 16th Ct","Placido Place ","","$719,999","$675,000","3","2","0","1,703","Single","1957","1","Yes","No","","11,882"
"2001","A11878794","CS","3370","11 NE 26th St","SUN SET MANORS FIRST ADD ","","$719,900","$700,000","3","2","0","¤1,235","Single","1953","0","Yes","No","Detached","¤7,146"
"2001","A11964924","CS","3390","409 NW 28th Ct","WILTON ESTATES RESUB ","","$719,900","$700,000","3","2","0","¤1,404","Single","1956","0","Yes","No","Detached","¤7,279"
"2001","F10533562","CS","3470","621 SW 14th Ter","Riverside Add Amd 1-13 B ","","$719,900","$700,000","4","3","0","1,804","Single","1926","0","No","No","","7,337"
"2001","F10471386","CS","3480","420 SW 14th Ct","Croissant Springs Croissant Springs","","$719,000","$711,500","2","2","1","1,620","Townhouse","2002","2","","No","",""
"2001","A11897904","CS","3600","716 SE 12th St Unit#13","EVERGLADES LAND SALES CO Aqua Vista","","$719,000","$675,000","3","3","1","¤2,005","Townhouse","2007","2","","No","",""
"2001","F10492077","CS","3160","2001 N Ocean Blvd Unit#806","Vue Condo Vue Condo","","$715,000","$700,000","2","2","0","1,268","Condo","2005","1","","Yes","",""
"2001","A11632127","CS","3330","180 Isle Of Venice Dr Unit#215","OASIS-NURMI ISLE CO-OP OASIS-NURMI ISLE CO-OP","","$715,000","$715,000","2","2","0","¤1,140","Co-Op","1959","0","","Yes","",""
"2001","R11131442","CS","3380","1001 NE 16th Street","Middle River Terrace ","","$715,000","$660,000","3","2","0","1,594","Single","1980","0","No","No","","5,500"
"2001","R10995259","CS","3380","1742 NE 12th Street","PROGRESSO ","","$715,000","$699,900","2","2","1","1,942","Townhouse","2006","2","No","No","Garden Apartment","3,375"
"2001","F10520032","CS","3470","607 SW 5th Avenue","Harbor Sound Harbor Sound","","$715,000","$695,000","3","2","1","1,722","Townhouse","1997","1","","No","",""
"2001","A11684037","CS","3470","900 SW 10th Ter","VINIKS SUB ","","$715,000","$700,000","3","2","0","¤1,505","Single","1946","0","Yes","No","Attached","¤7,296"
"2001","F10446420","CS","3280","825 SE 2nd St Unit#825","Himmarshee Townhouses Himmarshee Townhouses","","$714,900","$700,000","2","2","1","1,425","Townhouse","1982","0","","Yes","",""
"2001","F10505785","CS","3370","1549 NE 27th St","Middle River Estates 29-4 ","","$710,000","$710,000","3","2","0","1,289","Single","1953","0","No","No","","8,247"
"2001","F10530641","CS","3600","723 SE 16th Court","New Harbor Lofts New Harbor Lofts","","$709,999","$675,000","3","3","1","1,762","Townhouse","2006","2","","No","",""
"2001","A11848381","CS","3370","2825 NE 9th Ave","HIGHLAND ESTATES ","","$709,000","$690,000","3","2","0","¤1,255","Single","1963","1","No","No","Detached","¤6,379"
"2001","F10496904","CS","3480","1487 SW 15th Ter","Norwood On New River 40-2 ","","$709,000","$705,000","3","2","0","1,404","Single","1956","0","No","No","","10,644"
"2001","R11016344","CS","3270","815 NE 17th Avenue Unit#4","Zuna PROGRESSO ","","$700,000","$631,000","2","2","1","1,363","Townhouse","2021","1","No","No","","1,404"
"2001","F10534397","CS","3370","2617 NE 14th Ave Unit#507","Wilton Station Wilton Station","","$700,000","$685,000","3","3","0","1,888","Condo","2006","0","","No","",""
"2001","F10460430","CS","3370","817 NE 16th Pl","LAUDERDALE PARK 6-33 1/2 ","","$700,000","$665,000","2","1","1","964","Single","1958","0","Yes","No","","5,494"
"2001","R11113078","CS","3380","1708 NE 16th Terrace","PROGRESSO ","","$700,000","$690,000","3","2","0","1,423","Single","1950","0","Yes","No","","7,712"
"2001","F10476828","CS","3380","1533 NE 16th Ave","POINSETTIA HEIGHTS ","","$700,000","$700,000","3","2","0","1,568","Single","1966","0","No","No","","8,104"
"2001","R11042416","CS","3380","1501 NE 17th Street","PROGRESSO ","","$700,000","$675,000","3","4","0","1,999","Single","1960","0","Yes","No","","6,508"
"2001","F10552187","CS","3390","640 NW 30th Street","March Estates Add 38-39 B ","","$700,000","$675,000","3","2","0","1,422","Single","1957","1","Yes","No","","7,630"
"2001","A11523888","CS","3400","1601 NW 6th Ave","Progresso ","","$700,000","$700,000","3","3","1","¤1,584","Single","2021","0","No","No","Attached","¤6,752"
"2001","A11816205","CS","3160","2701 N Ocean Blvd Unit#18A","EMBASSY TOWER INC CONDO Embassy Tower","","$699,999","$660,000","2","2","0","¤1,200","Condo","1972","1","","No","",""
"2001","F10536992","CS","3280","2500 E Las Olas Boulevard Unit#901","MARINE TOWER MARINE TOWER","","$699,999","$600,000","2","2","0","1,485","Condo","1970","1","","Yes","",""
"2001","F10459256","CS","3280","2500 E Las Olas Blvd Unit#1708","MARINE TOWER MARINE TOWER","","$699,999","$643,000","2","2","0","1,800","Condo","1969","1","","Yes","",""
"2001","R11060705","CS","3370","317 NE 28th Street","TROPICAL MANORS ","","$699,999","$700,000","3","2","0","1,226","Single","1956","0","No","No","Ranch","8,002"
"2001","F10425264","CS","3370","1667 N Dixie Hwy","Lauderdale Park 6-33 1/2 ","","$699,999","$620,000","3","2","0","1,585","Single","1952","0","No","No","","9,335"
"2001","F10429198","CS","3600","709 SE 16th Ct Unit#709","New Harbour Townhomes New Harbour Townhomes","","$699,999","$689,500","3","3","1","1,762","Townhouse","2006","2","","No","",""
"2001","A11992605","CS","3160","3020 NE 32nd Ave Unit#1125","TIDES AT BRIDGESIDE SQUAR TIDES AT BRIDGESIDE SQUAR","","$699,900","$560,000","3","2","0","¤1,510","Condo","2002","2","","No","",""
"2001","A11987609","CS","3160","505 N Fort Lauderdale Beach Blvd Unit#224","Q CLUB RESORT & RESIDENCE Q Club/The Beach House","","$699,900","$600,000","3","3","1","¤2,757","Condo","2006","1","","Yes","",""
"2001","A11489631","CS","3160","2800 E Sunrise Blvd Unit#10B","SUNRISE EAST CONDO SUNRISE EAST","","$699,900","$675,000","2","2","0","¤1,675","Condo","1969","2","","Yes","",""
"2001","B26005380","CS","3370","2725 NE 6th Avenue","TROPICAL MANORS ","","$699,900","$680,000","3","2","0","1,289","Single","1954","","Yes","No","Ranch, Substantially Remodeled","6,650"
"2001","F10536417","CS","3370","2633 NE 14th Avenue Unit#501","Wilton Station Wilton Station","","$699,900","$699,900","2","2","0","1,681","Condo","2006","1","","","",""
"2001","A11854276","CS","3370","305 NE 27th St","SUNSET MANORS AMEN PLAT ","","$699,900","$655,000","3","2","0","¤1,516","Single","1952","0","Yes","No","Detached","¤10,803"
"2001","F10503079","CS","3370","2633 NE 14th Avenue Unit#400","Wilton Station Wilton Station","","$699,900","$683,000","3","2","0","1,856","Condo","2007","1","","No","","0"
"2001","F10484421","CS","3370","814-816 NE 16th Pl","MIDDLE RIVER TERRACE ","","$699,900","$665,000","3","2","0","1,607","Single","1960","0","No","No","",""
"2001","F10431021","CS","3390","812 NW 26th St","BABCO PARK ","","$699,900","$660,000","2","2","0","1,846","Single","1957","2","Yes","No","","6,883"
"2001","F10452366","CS","3480","925 SW 21st Street","Rickel Add 26-31 B ","","$699,900","$699,900","4","3","0","2,025","Single","1950","0","No","No","","9,254"
"2001","A11477030","CS","3480","1732 SW 13th Ct","RIVERSIDE ESTATES 2ND REV ","","$699,900","$675,000","3","2","0","¤1,626","Single","1952","0","No","No","Detached","¤8,227"
"2001","A11947563","CS","3160","511 Bayshore Dr Unit#504","BAYSHORE TOWERS BAYSHORE TOWERS","","$699,500","$689,500","2","2","0","¤1,330","Condo","1972","1","","Yes","",""
"2001","F10477088","CS","3160","777 Bayshore Dr Unit#1404","Americas on the Park Americas on the Park","","$699,500","$650,000","2","2","1","1,820","Condo","1976","1","","Yes","",""
"2001","A11809130","CS","3470","849 SW 11th Ct","VINIK NO 2 Vinik","","$699,500","$675,000","3","2","1","¤2,083","Townhouse","2005","1","","No","",""
"2001","B26007410","CS","3160","2701 N Ocean Boulevard Unit#17e","EMBASSY TOWER INC CONDO ","","$699,000","$699,000","2","2","0","1,200","Condo","1972","0","Yes","No","","0"
"2001","A11792755","CS","3160","2701 N Ocean Blvd Unit#17E","EMBASSY TOWER INC CONDO Embassy Tower","","$699,000","$675,000","2","2","0","¤1,200","Condo","1972","1","","No","",""
"2001","F10497431","CS","3160","511 Bayshore Dr Unit#604","BAYSHORE TOWER BAYSHORE TOWER","","$699,000","$665,000","2","2","0","1,330","Condo","1971","0","","Yes","",""
"2001","F10457809","CS","3160","2001 N Ocean Blvd Unit#505","The Vue The Vue","","$699,000","$640,000","2","2","0","1,382","Condo","2005","2","","Yes","",""
"2001","F10454657","CS","3160","1905 N Ocean Blvd Unit#THE","Shore Club Shore Club","","$699,000","$495,000","2","2","0","1,500","Condo","1976","1","","Yes","",""
"2001","A11612252","CS","3160","3020 NE 32nd Ave Unit#908","TIDES AT BRIDGESIDE SQUAR Tides At Bridgeside","","$699,000","$650,000","3","2","0","¤1,600","Condo","2002","2","","No","",""
"2001","F10438358","CS","3160","511 Bayshore Dr Unit#603","BAYSHORE TOWERS BAYSHORE TOWERS","","$699,000","$625,000","2","2","0","1,330","Condo","1971","1","","Yes","",""
"2001","F10439444","CS","3170","3000 NE Holiday Dr Unit#1601","Maya Marca Condominium Maya Marca Condominium","","$699,000","$675,000","2","2","0","1,677","Condo","1966","1","","Yes","",""
"2001","F10407334","CS","3170","1 Las Olas Circle Unit#1005","Venetian Condominium Venetian Condominium","","$699,000","$661,000","2","2","0","1,200","Condo","1971","1","","Yes","",""
"2001","F10453133","CS","3270","1404 NE 9th St Unit#*","Victoria Park Place Victoria Park Place","","$699,000","$639,875","3","2","1","1,658","Townhouse","1986","2","","No","",""
"2001","A11849820","CS","3280","319 Coconut Isle Dr","Las Olas Isles ","","$699,000","$699,000","5","4","1","¤3,963","Single","2022","2","Yes","Yes","Detached","¤6,250"
"2001","R10922877","CS","3280","120 N Gordon Road","VICTORIA ISLES ","","$699,000","$655,000","5","4","1","3,977","","2014","2","Yes","Yes","",""
"2001","A11941265","CS","3370","2249 NE 9th Ave","WILTON MANORS Belle Isle","","$699,000","$674,800","3","3","","¤1,880","Townhouse","2005","2","","No","",""
"2001","F10513779","CS","3370","904 NE 18th St","Lauderdale Park 6-33 1/2 ","","$699,000","$630,000","3","2","0","1,160","Single","1957","1","Yes","No","","5,625"
"2001","F10511209","CS","3370","2506 NE 6th Ave","Wilton Manors ","","$699,000","$688,700","3","3","0","1,295","Single","1948","0","Yes","No","","6,264"
"2001","F10474536","CS","3370","1813 NE 26th Dr","Coral Estates 32-29 B ","","$699,000","$580,000","3","2","0","1,595","Single","1954","0","Yes","No","","7,348"
"2001","F10456485","CS","3370","1900 Coral Gardens Drive","Coral Gardens ","","$699,000","$675,000","2","1","0","1,119","Single","1954","0","No","No","","10,137"
"2001","F10447036","CS","3370","2012 NE 29th Ct","Coral Shores 30-44 B ","","$699,000","$694,000","3","2","0","1,401","Single","1953","0","Yes","No","","7,000"
"2001","F10450266","CS","3370","2725 NE 8th Ave Unit#108","Palm Isle Villas Palm Isle Villas","","$699,000","$690,000","3","3","1","2,186","Townhouse","2007","2","","No","",""
"2001","A11581083","CS","3370","700 NE 16th Ct","RESUB OF POR OF NORFOLK G ","","$699,000","$680,000","3","2","0","¤1,136","Single","1953","0","Yes","No","Detached","¤6,002"
"2001","B26013909","CS","3380","1500 NE 17th Avenue","Poinsettia Heights ","","$699,000","$699,000","4","3","0","1,918","Single","1956","","No","No","Ranch","8,099"
"2001","F10524032","CS","3380","1708 NE 16th Ave","Poinsettia Heights ","","$699,000","$650,000","3","2","0","1,266","Single","1950","0","No","No","","8,107"
"2001","A11805189","CS","3380","1313 NE 15th Ave","PROGRESSO ","","$699,000","$635,000","3","2","1","¤1,296","Single","1950","0","Yes","No","Attached","¤6,500"
"2001","F10444073","CS","3380","1121-1123 NE 17th Ter","Lake Ridge ","","$699,000","$667,500","3","2","0","1,653","Single","1951","0","No","No","",""
"2001","F10517673","CS","3390","708 NW 22nd St","Curva Del Rio 32-35 B ","","$699,000","$610,000","4","3","0","1,807","Single","1957","1","No","Yes","","9,477"
"2001","A11783031","CS","3390","508 NW 28 Ct","WILTON ESTATES ","","$699,000","$660,000","3","2","0","¤1,330","Single","1957","0","Yes","No","Detached","¤8,405"
"2001","A11975815","CS","3450","1628 NW 5th Ave","PROGRESSO ","","$699,000","$660,000","4","3","","","Single","1952","4","No","No","Attached",""
"2001","F10556229","CS","3480","608 SW 13th Street","CROISSANT PARK ","","$699,000","$680,000","3","3","0","1,859","Single","1951","0","Yes","No","","8,661"
"2001","F10512588","CS","3480","912 SW 17th St","Yellowstone Park Amd ","","$699,000","$670,000","4","2","0","1,620","Single","1948","0","No","No","","7,498"
"2001","A11822627","CS","3480","410 SW 18th Ct","LAUDERDALE ","","$699,000","$670,000","2","1","0","¤958","Single","1930","1","Yes","No","Detached","¤10,125"
"2001","F10523839","CS","3500","600 W Las Olas Blvd Unit#602S","SYMPHONY CONDOMINIUM SYMPHONY CONDOMINIUM","","$699,000","$690,000","2","2","1","1,345","Condo","2005","1","","Yes","",""
"2001","F10507614","CS","3600","101 SE 19TH ST","CROISSANT PARK 4-28 B ","","$699,000","$685,000","2","1","0","1,299","Single","1941","0","No","No","",""
"2001","F10457862","CS","3600","1420 S Miami Rd","Everglade Land Sales Co F ","","$699,000","$699,000","2","2","0","1,173","Single","1951","0","No","No","","7,698"
"2001","F10546897","CS","3800","511 SE 5th Avenue Unit#1216","NURIVER LANDING CONDO NURIVER LANDING CONDO","","$699,000","$693,000","3","2","0","1,692","Condo","2006","1","","Yes","",""
"2001","F10452153","CS","3800","504 SE 7th St Unit#203","Villa Tuscany Villa Tuscany","","$699,000","$690,000","3","3","1","1,994","Townhouse","2004","2","","No","",""
"2001","R11147081","CS","3380","1129 NE 16th Street","LAUDERDALE PARK 6-33 1/2 ","","$698,000","$700,000","3","3","0","2,305","Single","1991","0","No","No","Garden Apartment","5,502"
"2001","A11720283","CS","3470","1808 SW 9th St #1-2","RIVERSIDE PARK ","","$697,000","$655,000","4","3","0","¤1,632","Single","1951","0","Yes","No","Attached","¤7,700"
"2001","F10552550","CS","3160","3020 NE 32nd Avenue Unit#PH5","Tides at Bridgeside Sq Tides at Bridgeside Sq","","$695,000","$670,000","2","2","0","1,390","Condo","2005","2","","No","",""
"2001","F10524854","CS","3160","3101 Bayshore Dr Unit#1108","W RESIDENCE W RESIDENCE","","$695,000","$630,000","2","2","0","1,214","Condo","2011","1","","Yes","",""
"2001","F10550550","CS","3170","2100 S Ocean Lane Unit#1701","POINT OF AMERICAS POINT OF AMERICAS","","$695,000","$625,000","1","1","1","1,278","Condo","1969","1","","Yes","",""
"2001","A11726437","CS","3170","2000 S Ocean Ln Unit#201","ORLEANS CHATEAU & VILLAS ORLEANS CHATEAU & VILLAS","","$695,000","$610,000","2","2","0","¤1,220","Co-Op","1954","0","","Yes","",""
"2001","F10532055","CS","3270","101 NE 14th Ave Unit#101","San Marco Townhomes #2 San Marco Townhomes #2","","$695,000","$650,000","3","2","1","1,666","Townhouse","1990","1","","No","",""
"2001","F10492885","CS","3270","1416 NE 9th St Unit#1416","Victoria Park Place Victoria Park Place","","$695,000","$695,000","3","2","1","1,658","Townhouse","1986","2","","No","",""
"2001","F10489857","CS","3280","350 SE 2nd St Unit#2030","350 Las Olas Place 350 Las Olas Place","","$695,000","$683,000","2","2","0","1,297","Condo","2005","1","","No","",""
"2001","F10435724","CS","3370","647 Kensington Pl Unit#647","Townhouse Villas Townhouse Villas","","$695,000","$665,000","2","2","1","1,419","Townhouse","1979","0","","Yes","",""
"2001","F10552814","CS","3580","1612 SW 12th Court","Shady Banks ","","$695,000","$725,000","3","2","0","1,642","Single","1951","0","Yes","No","","7,742"
"2001","F10475448","CS","3600","1819 SE 17TH ST Unit#1104","THE PORT CONDO THE PORT CONDO","","$695,000","$670,000","2","2","0","1,375","Condo","2005","1","","Yes","",""
"2001","F10452122","CS","3390","1344 NW 4th Ave","Progresso 2-18 D ","","$693,750","$655,000","3","2","0","1,760","Single","1946","0","Yes","No","","6,754"
"2001","A11950030","CS","3370","421 NW 17th St","GARDENIA PARK GARDENIA PARK","","$690,000","$680,000","3","2","1","¤1,900","Townhouse","2022","1","","No","",""
"2001","A11678928","CS","3270","1412 NE 9th St Unit#1412","VICTORIA PARK PLACE Victoria Park Place","","$689,000","$650,000","3","2","1","¤1,658","Townhouse","1986","2","","No","",""
"2001","F10457121","CS","3270","1400 NE 9th St Unit#1400","VICTORIA PARK PLACE VICTORIA PARK PLACE","","$689,000","$675,000","3","2","1","1,957","Townhouse","1986","2","","No","",""
"2001","F10445959","CS","3370","2711 NE 6th Ln","Resub Of Highland Estates ","","$689,000","$650,000","2","2","0","1,012","Single","1948","2","No","No","","9,491"
"2001","F10499798","CS","3380","1614 NE 14TH ST","Poinsettia Heights ","","$689,000","$679,000","2","2","0","1,428","Single","1949","1","No","No","","5,998"
"2001","F10499938","CS","3390","409 NW 26th Ct","Babco Heights 43-38 B ","","$689,000","$615,000","3","2","0","1,248","Single","1958","1","Yes","No","","7,501"
"2001","A11689902","CS","3480","1733 SW 13th Ct","RIVERSIDE ESTATES 2ND REV ","","$689,000","$665,000","3","2","0","¤1,586","Single","1952","0","Yes","No","Detached","¤6,927"
"2001","F10500597","CS","3160","401 N Birch Rd Unit#816","Gale Residences Gale Residences","","$685,000","$660,000","1","1","0","840","Condo","2018","1","","No","",""
"2001","F10427775","CS","3170","2100 S Ocean Ln Unit#2010","Point of Americas Point of Americas","","$685,000","$657,500","1","1","1","1,056","Condo","1969","1","","Yes","",""
"2001","B26003517","CS","3270","1401 NE 9th Street Unit#23","VICTORIA PARK PLACE ","","$685,000","$640,000","3","2","1","1,658","Townhouse","1987","2","No","No","Patio/Cluster, Substantially Remodeled",""
"2001","A11760102","CS","3370","3 NE 26th St","SUN SET MANORS FIRST ADD ","","$685,000","$686,000","4","4","0","¤1,422","Single","1952","0","Yes","No","Detached","¤7,148"
"2001","F10458042","CS","3370","700 NE 15th Court","Middle River Terrace ","","$685,000","$685,000","2","1","0","1,040","Single","1953","0","Yes","No","","6,290"
"2001","A11743561","CS","3390","725 NW 30th St","JENADA VILLAS ","","$685,000","$609,000","4","2","0","¤1,632","Single","1958","0","No","Yes","Detached","¤6,868"
"2001","F10481120","CS","3470","846 SW 9th St","Tarpon River ","","$685,000","$670,000","2","1","0","1,328","Single","1946","1","Yes","No","","9,301"
"2001","A11936699","CS","3480","300 SW 11th Ct","CROISSANT PARK RIVER SEC ","","$685,000","$665,807","3","2","0","¤1,442","Single","1950","3","No","Yes","Detached","¤6,326"
"2001","F10465195","CS","3880","1220 NE 16th Ave","Progresso 2-18 D ","","$685,000","$615,000","2","1","0","1,366","Single","1948","0","Yes","No","","6,754"
"2001","F10501248","CS","3270","510 NE 7th Ave Unit#2","Ellington Ellington","","$680,000","$670,000","3","3","1","1,614","Townhouse","2003","2","","No","",""
"2001","R11052995","CS","3270","536 NE 7th Avenue Unit##2","Ellington ","","$680,000","$680,000","2","3","1","1,614","Townhouse","2004","2","No","No","",""
"2001","F10491595","CS","3370","100 NE 26th Dr","Sunset Manors Amd 27-26 B ","","$680,000","$660,000","3","2","0","1,268","Single","1952","0","Yes","No","","10,028"
"2001","F10494461","CS","3380","1504 NE 18th St","Progresso 2-18 D ","","$680,000","$665,000","2","2","0","1,080","Single","1951","0","Yes","No","","6,009"
"2001","F10435209","CS","3380","1512 NE 18th St","Progresso 2-18 D ","","$679,999","$642,500","3","2","0","1,408","Single","1950","0","No","No","","7,506"
"2001","B26031865","CS","3380","1636 NE 17th Terrace","PROGRESSO ","","$679,900","$667,000","3","2","0","1,140","Single","1951","","Yes","No","",""
"2001","F10482815","CS","3390","317 NW 30th Ct","Boulevard Estates Amd 38- ","","$679,900","$650,000","3","2","0","1,248","Single","1956","0","Yes","No","","8,168"
"2001","F10458422","CS","3470","516 SW 10th Street","LAUDERDALE ","","$679,900","$594,000","3","2","0","1,055","Single","1943","0","No","No","","6,250"
"2001","F10468996","CS","3280","350 SE 2Nd ST Unit#1470","350 LAS OLAS PLACE 350 LAS OLAS PLACE","","$679,000","$670,000","3","2","0","1,580","Condo","2005","1","","No","",""
"2001","F10528989","CS","3380","1637 NE 16th Ave","PROGRESSO ","","$679,000","$630,000","2","1","0","1,155","Single","1956","0","Yes","No","","6,752"
"2001","R11088787","CS","3480","507 SW 17th Street","Croissant Park ","","$679,000","$657,500","3","2","1","1,944","Townhouse","2008","2","No","No","","3,375"
"2001","A11754509","CS","3010","3101 Bayshore Dr Unit#1703","FORT LAUDERDALE RESIDENCE W Fort Lauderdale","","$678,888","$660,000","1","1","0","¤724","Condo","2011","1","","Yes","",""
"2001","F10526661","CS","3160","2001 N Ocean Blvd Unit#502","The Vue Condo The Vue Condo","","$678,000","$644,019","2","2","0","1,267","Condo","2005","1","","No","",""
"2001","A11714633","CS","3160","511 Bayshore Dr Unit#304","BAYSHORE TOWERS Bayshore Towers","","$678,000","$630,000","2","2","0","¤1,330","Condo","1971","1","","Yes","",""
"2001","F10463453","CS","3480","1504 SW 23rd St Unit#1504","RIVEROAKS VILLAS RIVEROAKS VILLAS","","$678,000","$660,000","3","2","1","1,686","Townhouse","2003","2","","No","",""
"2001","F10477709","CS","3160","2800 E Sunrise Blvd Unit#8B","SUNRISE EAST CONDO SUNRISE EAST CONDO","","$675,000","$610,000","2","2","0","1,675","Condo","1969","2","","Yes","",""
"2001","F10412440","CS","3160","3101 Bayshore Dr Unit#901","W RESIDENCES W RESIDENCES","","$675,000","$660,000","1","1","0","709","Condo","2010","1","","Yes","",""
"2001","F10551035","CS","3170","1750 S Ocean Lane Unit#208","Lago Mar Place Lago Mar Place","","$675,000","$607,500","1","1","0","1,032","Co-Op","1962","0","","","",""
"2001","A12034253","CS","3260","936 Intracoastal Dr Unit#21B","CORINTHIAN ON THE INTRACO Corinthian","","$675,000","$650,000","2","2","0","¤1,500","Condo","1974","1","","Yes","",""
"2001","F10551871","CS","3260","936 Intracoastal Drive Unit#19F","Corinthian Corinthian","","$675,000","$655,000","2","2","0","1,500","Condo","1974","1","","Yes","",""
"2001","R10999926","CS","3260","2810 NE 30th Street Unit#E","Oakbay Condominium ","","$675,000","$640,000","2","2","1","1,580","Condo","1988","0","No","Yes","",""
"2001","B26042046","CS","3270","1401 NE 9th Street Unit#10","VICTORIA PARK PLACE ","","$675,000","$665,000","3","2","1","1,658","Townhouse","1987","2","No","No","",""
"2001","F10505120","CS","3280","347 N New River Dr E Unit#2108","WATERGARDEN WATERGARDEN","","$675,000","$642,500","2","2","0","1,080","Condo","2004","1","","Yes","",""
"2001","F10493040","CS","3280","340 Sunset Dr Unit#1111","Essex Tower Essex Tower","","$675,000","$626,500","2","2","0","1,534","Condo","1971","1","","No","",""
"2001","A11977943","CS","3370","20 NE 29TH ST","Almar Estates Resub 32-36 ","","$675,000","$675,000","3","2","0","1,640","Single","1955","1","No","No","Attached","6,502"
"2001","F10498162","CS","3370","2709 NE 1st Ave","Sunset Manors Amd 27-26 B ","","$675,000","$645,000","3","1","0","1,284","Single","1952","0","No","No","","10,868"
"2001","F10458458","CS","3370","2833 NE 9th Ave","HIGHLAND ESTATES ","","$675,000","$606,000","3","2","0","1,275","Single","1963","0","Yes","No","","6,379"
"2001","R11109115","CS","3380","1912 NE 16th Terrace","POINSETTIA HEIGHTS RIVER A ","","$675,000","$665,000","3","3","0","1,730","Single","1952","2","No","No","","9,329"
"2001","A11648454","CS","3380","1114 NE 17th Way","PROGRESSO ","","$675,000","$625,000","3","1","1","¤1,377","Single","1950","0","Yes","No","Detached","¤8,776"
"2001","F10447390","CS","3380","1114 NE 16th Ct","Magnolia Villas Magnolia Villas","","$675,000","$665,000","3","2","1","2,088","Townhouse","2019","1","","No","",""
"2001","F10516636","CS","3390","1122 NE 16th St","Middle River Terrace ","","$675,000","$600,000","3","2","0","1,640","Single","1946","2","No","No","","11,007"
"2001","F10504414","CS","3390","2808 NW 8th Ave","Jenada Villas 37-36 B ","","$675,000","$640,000","3","2","0","1,472","Single","1957","0","No","No","","7,220"
"2001","F10447999","CS","3390","509 NW 29th St","March Estates Amd 39-2 B ","","$675,000","$661,500","3","3","0","1,368","Single","1955","0","Yes","No","","7,497"
"2001","A11987284","CS","3470","1724 SW 4th St","SANFORD D ADLER ","","$675,000","$680,000","3","2","0","¤1,425","Single","1972","0","No","No","Detached","¤11,440"
"2001","R11128751","CS","3480","1309 SW 19th Avenue","Shady Banks ","","$675,000","$645,000","3","2","0","1,836","Single","1954","0","No","No","","8,549"
"2001","F10519256","CS","3480","801 SW 14th Ct","Esmonda Gardens 22-20 B ","","$675,000","$625,000","2","1","0","1,403","Single","1948","0","No","No","","11,175"
"2001","F10458856","CS","3480","1312 SW 19th Ave","Riverside Estates 2nd Rev ","","$675,000","$640,000","3","2","0","1,650","Single","1954","0","Yes","No","","6,611"
"2001","F10456318","CS","3480","1324 SW 19th Avenue","Shady Banks ","","$675,000","$633,500","3","2","0","1,353","Single","1958","0","No","No","","6,652"
"2001","A11735296","CS","3500","600 W Las Olas Blvd Unit#702S","SYMPHONY SOUTH CONDO SYMPHONY CONDOMINIUM","","$675,000","$660,000","2","2","1","¤1,345","Condo","2005","1","","Yes","",""
"2001","F10421208","CS","3600","701 SE 16th Street Unit#5","Harbor Vista Harbor Vista","","$675,000","$675,000","3","3","1","1,826","Townhouse","2008","2","","No","",""
"2001","F10465315","CS","3170","1 Las Olas Circle Unit#605","Venetian Condominium Venetian Condominium","","$674,999","$650,000","2","2","0","1,200","Condo","1971","1","","Yes","",""
"2001","F10473571","CS","3280","2500 E Las Olas Blvd Unit#1508","MARINE TOWER MARINE TOWER","","$674,900","$620,000","2","2","1","1,706","Condo","1969","1","","Yes","",""
"2001","F10465834","CS","3380","1128 NE 14th Avenue","Palmera at Lakeridge Palmera at Lakeridge","","$674,900","$655,000","3","2","1","1,583","Townhouse","2020","2","","No","",""
"2001","F10486419","CS","3560","2908 NW 6th Ave","MARCH ESTATES AMEN ","","$672,900","$657,000","3","2","0","1,351","Single","1961","0","No","No","","6,488"
"2001","B26009341","CS","3160","401 N Birch Road Unit#409","TIFFANY HOUSE CONDO ","","$670,000","$600,000","1","1","0","844","Condo","2018","1","No","No","","0"
"2001","F10500661","CS","3370","2029 NE 30th St","Coral Shores ","","$670,000","$634,000","3","2","0","1,359","Single","1955","0","No","No","","7,003"
"2001","F10525674","CS","3380","1200 NE 12 Avenue","Lake Ridge ","","$670,000","$610,000","2","1","0","1,143","Single","1951","0","Yes","No","","6,752"
"2001","F10493376","CS","3380","1616 Poinsettia Dr","Poinsettia Heights River ","","$670,000","$639,000","2","2","0","1,411","Single","1956","1","No","No","","7,908"
"2001","F10467207","CS","3260","2800 NE 30th St Unit#3","Villoresi Villoresi","","$669,000","$630,000","3","3","0","2,036","Condo","1962","0","","Yes","",""
"2001","F10529080","CS","3380","1415 NE 17th Ter","Progresso 2-18 D ","","$669,000","$669,000","3","2","1","1,901","Single","1956","0","No","No","","7,697"
"2001","B26030579","CS","3470","413 SW 11th Street","LAUDERDALE ","","$669,000","$619,000","3","2","1","1,614","Single","1946","","No","No","","6,250"
"2001","A11945456","CS","3480","1001 SW 19th St","YELLOWSTONE PARK AMEN PLA ","","$669,000","$665,000","4","3","0","¤1,687","Single","1974","0","No","No","Attached","¤6,110"
"2001","A11762516","CS","3800","217 SE 10th St","TARPON RIVER PARK ","","$669,000","$600,000","2","1","0","¤1,053","Single","1949","0","No","No","Detached","¤4,633"
"2001","F10552802","CS","3270","1401 NE 9th Street Unit#65","victoria park place victoria park place","","$667,000","$640,000","3","2","1","1,658","Townhouse","1985","2","","No","",""
"2001","A11767772","CS","3160","2841 N Ocean Blvd Unit#1806","VANTAGE VIEW CONDO Vantage View","","$665,000","$630,000","2","2","0","¤1,100","Condo","1976","1","","Yes","",""
"2001","F10530476","CS","3170","2100 S Ocean Lane Unit#604","POINT OF AMERICAS POINT OF AMERICAS","","$665,000","$600,000","1","1","1","1,109","Condo","1969","1","","Yes","",""
"2001","F10417717","CS","3280","347 N New River Dr Unit#1208","WATERGARDEN WATERGARDEN","","$665,000","$632,500","2","2","0","1,080","Condo","2004","1","","Yes","",""
"2001","F10465154","CS","3370","2257 NE 9th Ave Unit#2257","Belle Isles Belle Isles","","$665,000","$645,000","2","3","0","1,880","Townhouse","2004","2","","No","",""
"2001","A11684750","CS","3480","410 SW 18th Ct","LAUDERDALE ","","$665,000","$650,000","2","1","0","¤958","Single","1930","1","Yes","No","Detached","¤10,125"
"2001","F10460950","CS","3800","314 SE 14th St","Croissant Park 4-28 B ","","$665,000","$660,000","3","2","0","1,327","Single","1952","0","No","No","","6,000"
"2001","F10531644","CS","3370","2020 NE 4th Avenue","WILTON MANORS FIRST ADD ","","$664,900","$605,000","3","2","0","1,453","Single","1951","0","No","No","","6,546"
"2001","A11665601","CS","3390","516 NW 28th St","WILTON ESTATES RESUB ","","$660,000","$647,500","2","2","0","","Single","1962","1","Yes","No","Detached","¤8,325"
"2001","F10517038","CS","3600","710 SE 22nd St","Everglades Land Sales Co ","","$660,000","$620,000","3","3","0","1,244","Single","1951","0","No","No","","6,667"
"2001","F10482639","CS","3370","403 NE 27th St","Sunset Manors Amd 27-26 B ","","$659,999","$615,000","3","2","0","1,792","Single","1952","1","No","No","","10,811"
"2001","A11965909","CS","3800","436 SE 12th Ct","CROISSANT PARK PARK 12 TOWNHOUSE","","$659,921","$625,000","3","3","1","¤1,649","Townhouse","2023","2","","No","",""
"2001","A11641627","CS","3160","2841 N Ocean Blvd Unit#1704","VANTAGE VIEW VANTAGE VIEW CONDO","","$659,900","$648,000","2","2","0","¤1,100","Condo","1976","1","","No","",""
"2001","F10545721","CS","3170","2100 S Ocean Drive Unit#15A","SKY HARBOUR EAST SKY HARBOUR EAST","","$659,900","$660,000","2","2","0","1,510","Condo","1964","0","","Yes","",""
"2001","A11543749","CS","3470","508 SW 10 St","LAUDERDALE LAUDERDALE","","$659,900","$629,900","4","4","0","¤2,801","Townhouse","2010","2","","No","",""
"2001","F10467774","CS","3280","347 N New River Dr E Unit#302","WATERGARDEN WATERGARDEN","","$659,000","$640,000","2","2","0","1,178","Condo","2004","1","","Yes","",""
"2001","F10529622","CS","3370","304 NE 20th St","MANOR GROVE ","","$659,000","$601,000","3","3","0","1,593","Single","1977","0","No","No","","7,499"
"2001","F10417147","CS","3470","822 SW 4th Ave","SoNEW Lofts SoNEW Lofts","","$659,000","$633,500","2","2","1","2,046","Townhouse","2003","2","","No","",""
"2001","A11850230","CS","3480","830 SW 18th St","PINEHURST ","","$659,000","$590,000","3","2","0","¤1,394","Single","1972","1","No","No","Detached","¤6,736"
"2001","F10477056","CS","3480","1908 SW 12th Avenue","REAMEN PLAT YELLOWSTONE P ","","$659,000","$649,000","3","2","0","1,078","Single","1952","0","Yes","No","","6,248"
"2001","F10450103","CS","3600","701 SE 16th St Unit#2","Harbor Vista Harbor Vista","","$659,000","$645,000","3","3","1","1,830","Townhouse","2007","2","","No","",""
"2001","A11627634","CS","3370","1001 NE 17th Ct","LAUDERDALE PARK 6-33 1/2 ","","$658,500","$657,000","3","2","0","¤1,432","Single","1961","0","No","No","Detached","¤5,625"
"2001","F10438424","CS","3260","936 Intracoastal Dr Unit#7E","Corinthian Corinthian","","$658,000","$649,000","2","2","0","1,500","Condo","1974","1","","Yes","",""
"2001","F10433608","CS","3260","936 Intracoastal Dr Unit#11F","Corinthian Condo Corinthian Condo","","$658,000","$655,000","2","2","0","1,500","Condo","1974","0","","Yes","",""
"2001","F10461583","CS","3480","936 SW 19th Street","YELLOWSTONE PARK AMEN PLA ","","$656,000","$500,000","2","2","0","1,224","Single","1950","0","Yes","No","","6,248"
"2001","F10541981","CS","3370","509 NE 19th Street Unit#509","Townhouse Woods Townhouse Woods","","$655,000","$595,000","2","2","0","1,381","Townhouse","1981","1","","No","",""
"2001","A11682582","CS","3160","1901 N Ocean Blvd Unit#5C","SHORE CLUB CONDO SHORE CLUB CONDO","","$650,000","$550,000","2","2","0","¤1,500","Condo","1976","116","","Yes","",""
"2001","F10450912","CS","3180","3015 N Ocean Blvd Unit#PH-6","BERKLEY SOUTH BERKLEY SOUTH","","$650,000","$635,000","2","2","0","1,328","Condo","1974","1","","Yes","",""
"2001","F10523077","CS","3270","530 NE 7th Ave Unit#1","The Ellington The Ellington","","$650,000","$645,000","3","3","1","1,578","Townhouse","2004","2","","No","",""
"2001","F10512167","CS","3270","100 N Federal Highway Unit#938","The Waverly The Waverly","","$650,000","$530,000","3","2","0","1,518","Condo","2005","3","","No","",""
"2001","B26012586","CS","3280","333 Sunset Drive Unit#505","FOUR SEASONS CONDO ","","$650,000","$615,000","2","2","0","1,410","Condo","1959","1","No","Yes","","0"
"2001","F10549477","CS","3280","347 N New River Drive Unit#411","WATERGARDEN CONDO WATERGARDEN CONDO","","$650,000","$625,000","2","2","0","1,178","Condo","2004","1","","","",""
"2001","R11090165","CS","3280","120 N Gordon Road Unit#Share A","VICTORIA ISLES ","","$650,000","$630,000","5","4","1","3,977","","2014","2","Yes","Yes","","10,125"
"2001","A11681001","CS","3280","350 LAS OLAS SE 2nd St Unit#2550","350 LAS OLAS PLACE CONDO 350 Las Olas","","$650,000","$630,000","2","2","0","¤1,346","Condo","2005","1","","No","",""
"2001","F10546680","CS","3370","7 Coventry Way Unit#7","Townhouse Isle Townhouse Isle","","$650,000","$615,000","2","1","1","1,250","Townhouse","1962","0","","No","",""
"2001","F10548599","CS","3370","2420 NE 7th Avenue","Wilton Manors ","","$650,000","$548,000","3","2","0","1,308","Single","1951","0","No","No","","9,322"
"2001","F10538043","CS","3370","716 NE 20th Dr","Tropical Gardens Amd ","","$650,000","$650,000","2","2","0","1,188","Single","1956","1","No","No","","7,500"
"2001","F10534251","CS","3370","1421 NE 5th Terrace","Progresso 2-18 D ","","$650,000","$635,000","3","2","0","3,492","Single","1946","2","No","No","","6,761"
"2001","F10505426","CS","3370","2617 NE 14th Ave Unit#505","Wilton Station Wilton Station","","$650,000","$604,500","3","3","0","1,888","Condo","2006","1","","Yes","",""
"2001","F10493167","CS","3370","2824 NE 9th Ter","Highland Estates 15-65 B ","","$650,000","$630,000","2","2","0","1,251","Single","1961","0","No","No","","5,662"
"2001","F10537737","CS","3380","1415 NE 17th Ave","Progresso 2-18 D ","","$650,000","$605,000","2","1","0","1,199","Single","1950","0","No","No","","8,109"
"2001","F10502646","CS","3380","1033 NE 16 AV","PROGRESSO 2-18 D ","","$650,000","$635,000","4","2","0","1,411","Single","1954","0","No","No","",""
"2001","F10492597","CS","3380","1773 NE 16th St","Progresso 2-18 D ","","$650,000","$630,000","3","2","0","1,455","Single","1951","0","No","No","","7,503"
"2001","F10512908","CS","3390","2540 NW 9th Ter","Boniello Villas Sec Two 6 ","","$650,000","$590,000","3","2","0","1,498","Single","1973","1","Yes","No","","9,385"
"2001","A11662533","CS","3460","1337 NE 16th Ave","PROGRESSO ","","$650,000","$605,000","3","2","1","¤1,651","Single","1951","0","No","No","Detached","¤6,751"
"2001","A11791205","CS","3470","550 SW 13th Ave","RIVERSIDE ADD AMEN PLAT ","","$650,000","$627,000","3","2","0","¤1,196","Single","1935","0","No","No","Detached","¤6,838"
"2001","A11767822","CS","3470","901 SW 9th St","ALMEDA ","","$650,000","$637,000","3","2","0","¤1,324","Single","1949","0","No","No","Detached","¤4,872"
"2001","F10436898","CS","3470","1439 SW 11th Pl","Valentines Sub B-29 D ","","$650,000","$661,000","3","2","1","2,096","Single","2002","2","No","No","","6,899"
"2001","F10530660","CS","3480","1613 SW 12th Ct","Shady Banks ","","$650,000","$615,000","4","2","0","1,584","Single","1952","0","No","No","","8,396"
"2001","F10469867","CS","3480","1200 SW 20th St","Floral Ridge Add 32-9 B ","","$650,000","$640,000","3","2","0","1,674","Single","1953","0","No","No","","8,249"
"2001","F10529388","CS","3500","508 SW 11th Street","TARPON RIVER ","","$650,000","$625,000","5","2","0","1,447","Single","1940","0","No","No","","6,250"
"2001","R10990910","CS","3500","610 W Las Olas Boulevard Unit#813n","SYMPHONY NORTH CONDO ","","$650,000","$620,000","2","2","0","1,298","Condo","2005","1","No","Yes","High Rise",""
"2001","F10542952","CS","3800","510 SE 7th Street Unit#401","Villa Tuscany Villa Tuscany","","$650,000","$640,000","3","3","1","1,994","Townhouse","2004","2","","No","",""
"2001","R11076692","CS","3810","645 NW 2 Avenue","Progresso Village ","","$650,000","$610,000","3","2","1","1,640","Townhouse","2006","1","No","No","","3,375"
"2001","A11965679","CS","3380","1113 N Victoria Park Rd","PROGRESSO ","","$649,999","$615,000","3","2","0","¤1,180","Single","1947","0","No","No","Attached","¤6,751"
"2001","R11008240","CS","3380","1117 NE 16th Terrace","PROGRESSO ","","$649,999","$620,000","3","2","0","1,118","Single","1951","1","Yes","No","Ranch","6,751"
"2001","A11748241","CS","3400","2025 NW 12th Ave","HILLMONT HGTS REV & ADD ","","$649,999","$620,000","3","2","0","¤1,743","Single","1956","0","Yes","No","Detached","¤7,150"
"2001","R11036523","CS","3500","600 W Las Olas Boulevard Unit#807s","SYMPHONY SOUTH CONDO ","","$649,990","$639,000","2","2","0","1,206","Condo","2005","2","Yes","Yes","",""
"2001","F10440876","CS","3160","2701 N Ocean Blvd Unit#PHC","Embassy Tower I Embassy Tower I","","$649,900","$644,000","2","2","0","1,200","Condo","1972","1","","Yes","",""
"2001","R11125009","CS","3280","350 SE 2nd Street Unit#1150","350 LAS OLAS PLACE ","","$649,900","$630,000","2","2","0","1,346","Condo","2005","1","No","No","High Rise",""
"2001","F10477794","CS","3370","2760 NE 8th Ave Unit#2760","Lofts of Wiltons Manors Lofts of Wiltons Manors","","$649,900","$620,000","2","2","1","1,936","Townhouse","2007","2","","No","",""
"2001","F10473056","CS","3380","1781 NE 18th St","North Ridge 30-32 B ","","$649,900","$602,500","2","1","0","1,066","Single","1952","0","No","No","","6,737"
"2001","F10443578","CS","3470","517 SW 10th St","Croissant Park River Sec ","","$649,900","$594,000","2","1","0","1,210","Single","1940","0","No","No","","6,250"
"2001","F10451488","CS","3270","801 NE 1st St Unit#4","THE CASCADES THE CASCADES","","$649,500","$619,000","3","2","1","1,605","Townhouse","1989","0","","No","",""
"2001","F10454545","CS","3480","1609 SW 12th Ct","Riverside Estates 2nd Rev ","","$649,400","$649,400","3","2","0","1,221","Single","1952","0","Yes","No","","6,541"
"2001","A11775194","CS","3160","2800 E Sunrise Blvd Unit#14B","SUNRISE EAST CONDO SUNRISE EAST CONDO","","$649,000","$625,000","2","2","0","¤1,675","Condo","1969","2","","Yes","",""
"2001","F10405101","CS","3160","1901 N Ocean Blvd Unit#11E","Shore Club Shore Club","","$649,000","$460,000","2","2","0","1,500","Condo","1976","0","","No","",""
"2001","F10458925","CS","3270","735 NE 17th Terrace","Victoria Courts 9-49 B ","","$649,000","$649,000","3","2","0","1,538","Single","1941","0","No","No","","4,901"
"2001","R11091267","CS","3280","2500 E Las Olas Boulevard Unit#802","MARINE TOWER CONDO ","","$649,000","$620,000","3","2","1","1,710","Condo","1969","0","No","Yes","High Rise",""
"2001","F10541045","CS","3370","233 NE 11th Street Unit#233","South Middle River South Middle River","","$649,000","$631,750","3","2","1","2,130","Townhouse","2019","1","","No","",""
"2001","A11784855","CS","3380","1140 NE 14th Ave","Lake Ridge ","","$649,000","$630,000","2","1","0","¤1,118","Single","1952","1","Yes","No","Detached","¤6,756"
"2001","F10475882","CS","3380","1224 NE 18th Ave Unit#1","Villa Laguna Villa Laguna","","$649,000","$600,000","3","2","1","1,679","Townhouse","2004","2","","No","",""
"2001","F10466342","CS","3380","2001 NE 17th Way","River Ridge 32-25 B ","","$649,000","$625,000","2","2","0","1,473","Single","1954","1","No","No","","7,190"
"2001","F10411030","CS","3390","1620 NW 7th Ter","Progresso 2-18 D ","","$649,000","$615,000","3","2","0","1,183","Single","1954","0","Yes","No","","8,443"
"2001","B26000561","CS","3470","1112 SW 9th Avenue","Tarpon River ","","$649,000","$625,000","3","2","1","2,074","Townhouse","2002","2","No","No","","2,025"
"2001","A11953195","CS","3470","607 SW 10th St","LAUDERDALE ","","$649,000","$595,000","3","2","0","¤1,667","Single","1947","0","No","No","Detached","¤6,250"
"2001","R11141460","CS","3470","705 SW 4th Avenue","Tarpon River Village ","","$649,000","$645,000","2","2","1","1,631","Townhouse","2002","2","No","No","","3,941"
"2001","F10518764","CS","3470","519 SW 9th Street","Tarpon River ","","$649,000","$565,000","2","2","0","1,231","Single","1949","1","No","No","","6,750"
"2001","F10513805","CS","3470","604 SW 8th Ave","Tarpon River Club Tarpon River Club","","$649,000","$625,000","3","2","1","2,050","Townhouse","1994","2","","No","",""
"2001","F10501810","CS","3470","805 SW 8th Ter","SEAWANNA SEAWANNA","","$649,000","$627,000","2","2","1","1,494","Townhouse","1998","1","","No","",""
"2001","A11754935","CS","3470","807 SW 8th Ter Unit#807","SEAWANNA SEAWANNA","","$649,000","$649,000","2","2","1","¤1,494","Townhouse","1998","1","","No","",""
"2001","A11922118","CS","3480","520 SW 12th Ct","CROISSANT PARK SOUTH RIVE ","","$649,000","$639,000","2","1","0","¤1,157","Single","1966","1","No","No","Detached","¤7,502"
"2001","F10495569","CS","3800","506 SE 7th St Unit#305","Villa Tuscany Villa Tuscany","","$649,000","$645,000","3","3","1","1,994","Townhouse","2004","2","","No","",""
"2001","F10490077","CS","3800","510 SE 7th St Unit#403","Villa Tuscany Villa Tuscany","","$649,000","$648,500","3","3","1","1,994","Townhouse","2004","2","","No","",""
"2001","F10489942","CS","3800","506 SE 7th St Unit#301","Villa Tuscany Villa Tuscany","","$649,000","$650,000","3","3","1","1,994","Townhouse","2004","2","","No","",""
"2001","F10489435","CS","3370","2633 NE 14th Ave Unit#503","Wilton Station Wilton Station","","$648,000","$600,000","2","2","0","1,686","Condo","2007","0","","No","",""
"2001","B26015718","CS","3270","103 NE 14th Avenue Unit#5","SAN MARCO TOWNHOMES 2 COND ","","$645,000","$600,000","3","2","1","1,666","Townhouse","1990","1","No","No","",""
"2001","F10539120","CS","3280","111 SE 8th Avenue Unit#1005","Venezia Las Olas Venezia Las Olas","","$645,000","$645,000","2","2","0","1,190","Condo","2002","2","","Yes","",""
"2001","F10526929","CS","3370","725 NE 17th Ct","MIDDLE RIVER TERRACE ","","$645,000","$597,800","3","2","0","1,216","Single","1953","0","No","Yes","","7,150"
"2001","F10456628","CS","3370","309 NE 26th Dr","Sunset Manors Amd 27-26 B ","","$645,000","$636,000","3","2","0","1,266","Single","1952","0","No","No","","10,801"
"2001","F10473453","CS","3380","1139 NE 13th Ave Unit#1139","Progresso Progresso","","$645,000","$630,000","3","2","1","1,930","Townhouse","2005","1","","No","",""
"2001","F10482382","CS","3390","2908 NW 6th Ter","March Estates Add 38-39 B ","","$645,000","$627,500","3","2","0","1,368","Single","1957","0","Yes","No","","6,502"
"2001","B26025999","CS","3800","504 SE 7th Street Unit#202","TRIO PLAT ","","$645,000","$645,000","3","3","1","1,812","Townhouse","2003","2","Yes","No","Patio/Cluster, Split Level","836"
"2001","B26005571","CS","3370","2601 NE 9th Terrace","HIGHLAND ESTATES  ","","$640,000","$615,000","3","2","0","1,200","Single","1957","","No","No","","4,457"
"2001","F10479996","CS","3380","1724 NE 16TH TERRACE","Poinsettia Heights ","","$640,000","$625,000","3","2","0","1,682","Single","1950","1","No","No","","7,713"
"2001","R11162521","CS","5940 Florida Other","1604 NE 18th Street","PROGRESSO ","","$640,000","$585,000","3","2","0","1,527","Single","1952","1","No","No","","5,997"
"2001","A11776383","CS","3160","3101 Bayshore Dr Unit#603","FORT LAUDERDALE RESIDENCE W Residences","","$639,999","$639,999","1","1","0","¤724","Condo","2011","2","","Yes","",""
"2001","F10505261","CS","3370","1425 NE 5th Ter","Progresso 2-18 D ","","$639,999","$620,000","3","2","0","1,040","Single","1956","0","Yes","No","","6,761"
"2001","F10454541","CS","3600","1819 SE 17th St Unit#812","The Port Condominium The Port Condominium","","$639,999","$595,000","2","2","0","1,345","Condo","2005","2","","Yes","",""
"2001","F10552109","CS","3370","1120 NE 2nd Avenue","Progresso 2-18 D ","","$639,900","$678,294","5","3","0","2,120","Single","1931","0","Yes","No","","10,129"
"2001","F10440910","CS","3370","818 NE 18th St","Lauderdale Park 6-33 1/2 ","","$639,900","$630,000","3","2","0","1,515","Single","1956","0","No","No","","6,757"
"2001","F10532915","CS","3160","2800 E Sunrise Blvd Unit#5C","SUNRISE EAST SUNRISE EAST","","$639,000","$595,000","2","2","0","1,575","Condo","1970","2","","Yes","",""
"2001","F10524860","CS","3380","1632 NE 17th Ave","Poinsettia Heights ","","$639,000","$600,000","3","1","0","1,150","Single","1951","0","No","No","","6,751"
"2001","A11608372","CS","3470","1736 SW 4th St","SANFORD D ADLER ","","$639,000","$595,000","3","2","0","¤1,425","Single","1972","0","Yes","No","Detached","¤11,440"
"2001","F10546044","CS","3480","317 SW 16th St","Lauderdale 2-9 D ","","$639,000","$639,000","3","3","0","1,590","Single","1926","0","No","No","","6,750"
"2001","F10521501","CS","3800","506 SE 7th St Unit#304","Villa Tuscany Villa Tuscany","","$638,000","$625,000","3","3","1","1,994","Townhouse","2004","2","","No","",""
"2001","F10532677","CS","3170","1200 Holiday Dr Unit#208","COCONUT GROVE COCONUT GROVE","","$635,000","$619,000","1","1","1","1,465","Condo","2007","1","","Yes","",""
"2001","F10539599","CS","3280","347 N New River Drive Unit#2105","WATERGARDEN WATERGARDEN","","$635,000","$575,000","2","2","0","1,080","Condo","2005","1","","","",""
"2001","R11129382","CS","3390","2924 NW 6th Avenue","MARCH ESTATES AMEN ","","$635,000","$615,000","2","2","0","1,196","Single","1956","0","No","No","","6,499"
"2001","F10478866","CS","3390","1304 NW 1st Ave","Progresso ","","$635,000","$635,000","4","4","0","1,918","Single","1950","0","Yes","No","","6,755"
"2001","A11556185","CS","3470","401 SW 4th Ave Unit#1103","ESPLANADE ON THE NEW RIVE Esplanade","","$635,000","$620,000","2","2","0","¤1,290","Condo","2004","1","","Yes","",""
"2001","A11718836","CS","3480","314 SW 23rd St","LAUDERDALE ","","$635,000","$617,000","3","2","0","¤1,407","Single","1952","1","Yes","No","Detached","¤9,450"
"2001","F10444334","CS","3700","315 NE 3rd Ave Unit#2007","Strada 315 Strada 315","","$635,000","$615,000","2","2","1","1,294","Condo","2007","2","","No","",""
"2001","A11794025","CS","3370","737 NE 16th St","RESUB OF POR OF NORFOLK G ","","$634,000","$636,000","2","2","0","¤992","Single","1953","0","Yes","No","Attached","¤6,042"
"2001","F10505158","CS","3400","1201 NW 21st St","Hillmont Heights ","","$632,500","$630,000","3","2","0","1,714","Single","1973","2","No","No","","8,400"
"2001","A11653803","CS","3070","1145 NE 15th Ave","LAKE RIDGE ","","$630,000","$616,000","2","2","0","¤1,472","Single","2022","0","No","No","Attached","¤4,733"
"2001","A11670847","CS","3130","350 SE 2nd St Unit#2820","350 LAS OLAS PLACE CONDO 350 LAS OLAS PLACE CONDO","","$630,000","$580,000","2","2","0","¤1,202","Condo","2005","1","","No","",""
"2001","R11054879","CS","3170","545 S Fort Lauderdale Beach Boulevard Unit#403","ILLINI CONDO ","","$630,000","$500,000","2","2","0","1,290","Condo","1962","1","No","Yes","High Rise",""
"2001","F10477875","CS","3370","411 NW 17th St","Gardenia Park Gardenia Park","","$630,000","$630,000","3","2","1","1,844","Townhouse","2022","1","","No","",""
"2001","F10528429","CS","3380","1337 NE 16th Ave","PROGRESSO ","","$630,000","$610,000","4","3","0","1,651","Single","1951","0","No","No","","6,751"
"2001","F10524286","CS","3380","1642 NE 19th St","Poinsettia Heights River ","","$630,000","$630,000","2","1","0","1,329","Single","1951","0","No","No","","7,233"
"2001","R11073125","CS","3240","13 NE 26 Court","SUN SET MANORS FIRST ADD ","","$629,900","$610,000","3","2","0","1,271","Single","1953","0","No","No","Ranch","7,156"
"2001","F10523266","CS","3370","18 Middlesex Dr Unit#18","Townhouse Isle Townhouse Isle","","$629,900","$614,000","2","2","0","1,300","Townhouse","1962","0","","Yes","",""
"2001","F10488287","CS","3380","1321 NE 16th Ave","Progresso 2-18 D ","","$629,900","$590,000","2","2","0","1,304","Single","1951","0","No","No","","6,751"
"2001","F10454572","CS","3160","2701 N Ocean Blvd Unit#12C","Embassy Tower Embassy Tower","","$629,000","$560,000","2","2","0","1,200","Condo","1972","1","","No","",""
"2001","A11924100","CS","3370","1730 NE 9th Ave","LAUDERDALE PARK 6-33 1/2 ","","$629,000","$625,000","3","2","0","¤1,200","Single","1958","1","Yes","No","Attached","¤5,625"
"2001","F10496725","CS","3370","2725 NE 8th Ave Unit#101","Palm Island Villas Palm Island Villas","","$629,000","$583,760","3","3","1","2,060","Townhouse","2007","2","","No","",""
"2001","A11690935","CS","3370","501 NW 17th St","GARDENIA PARK GARDENIA PARK","","$629,000","$615,000","4","2","1","¤1,900","Townhouse","2022","0","","No","",""
"2001","F10500573","CS","3390","401 NW 17th St Unit#401","Gardenia Park Gardenia Park","","$629,000","$605,000","4","2","1","1,900","Townhouse","2022","1","","No","",""
"2001","F10532747","CS","3800","511 SE 5th Ave Unit#2121","NURIVER LANDING CONDO NURIVER LANDING CONDO","","$629,000","$610,000","2","2","0","1,246","Condo","2006","1","","Yes","",""
"2001","F10521519","CS","3600","1330 SE 12th Way","Lauderdale Harbors ","","$628,230","$858,600","2","1","0","993","Single","1952","0","No","No","","8,370"
"2001","A11843628","CS","3112","1100 NE 17th Ter","PROGRESSO ","","$625,000","$612,500","2","2","0","¤1,230","Single","1947","0","Yes","No","Detached","¤6,746"
"2001","F10495549","CS","3160","3020 NE 32 Ave Unit#1116","TIDES TIDES","","$625,000","$580,000","2","2","0","1,170","Condo","2002","2","","No","",""
"2001","A11600923","CS","3170","2100 S Ocean Dr Unit#4CD","SKY HARBOUR EAST SKY HARBOUR EAST","","$625,000","$580,000","3","2","1","¤2,161","Condo","1964","0","","Yes","",""
"2001","A11702175","CS","3250","809 NW 18th St","PROGRESSO FIRST ADD ","","$625,000","$625,000","3","1","0","¤1,667","Single","1954","0","No","No","Detached","¤7,655"
"2001","B26009809","CS","3270","740 NE 17th Avenue","VICTORIA COURTS ","","$625,000","$625,000","2","2","0","1,368","Townhouse","1990","0","No","No","","2,407"
"2001","F10545894","CS","3270","738 NE 17th Avenue","VICTORIA PARK VICTORIA PARK","","$625,000","$625,000","2","3","0","1,368","Townhouse","1990","","","No","",""
"2001","F10483480","CS","3270","917 NE 3rd St Unit#10","Windsor Square Condo Windsor Square Condo","","$625,000","$625,000","3","2","1","1,470","Townhouse","1990","0","","No","",""
"2001","R11162188","CS","3280","180 Isle Of Venice Drive Unit#224","OASIS-NURMI ISLE CO-OP ","","$625,000","$590,000","2","2","0","1,140","Condo","1959","0","Yes","Yes","",""
"2001","A11895829","CS","3280","350 SE 2nd St Unit#1430","350 LAS OLAS PLACE CONDO 350 LAS OLAS","","$625,000","$585,000","2","2","0","¤1,297","Condo","2005","1","","No","",""
"2001","F10436797","CS","3280","180 Isle Of Venice Dr Unit#224","The Oasis The Oasis","","$625,000","$585,000","2","2","0","1,140","Co-Op","1959","0","","Yes","",""
"2001","F10512885","CS","3370","38 NE 27th Dr","Babco Manors 39-15 B ","","$625,000","$600,000","3","2","0","1,248","Single","1956","2","No","No","","7,503"
"2001","A11762956","CS","3380","1601 NE 14th St","PROGRESSO ","","$625,000","$600,000","4","2","1","¤1,773","Single","1952","0","No","No","Detached","¤8,101"
"2001","F10435302","CS","3380","1044 NE 18th Ave Unit#101","GALLERIA LOFTS GALLERIA LOFTS","","$625,000","$625,000","3","2","1","1,534","Townhouse","2018","1","","No","",""
"2001","A11816855","CS","3390","2116 NW 3rd Ave","TROPICAL PALMS ","","$625,000","$595,000","3","2","0","¤1,748","Single","1961","2","No","No","Detached","¤8,958"
"2001","A11576153","CS","3390","529 NE 14th Pl","LAUDERDALE GARDENS ","","$625,000","$581,000","3","2","0","¤1,346","Single","1955","1","No","No","Detached","¤6,667"
"2001","A11603023","CS","3400","1511 NW 10th Ave","LAUDERDALE VILLAS ","","$625,000","$625,000","4","2","","1,910","Single","2024","2","No","No","Attached","¤7,970"
"2001","F10529039","CS","3480","1320 SW 19th Avenue","RIVERSIDE ESTATES 2ND REV ","","$625,000","$615,000","3","2","0","1,272","Single","1953","0","No","No","","6,638"
"2001","F10459727","CS","3480","615 SW 20 Street","Crossiant Park ","","$625,000","$615,000","3","1","0","1,262","Single","1948","0","No","No","","7,686"
"2001","F10450704","CS","3480","1413 SW 4 AVE","Croissant Park ","","$625,000","$575,000","4","3","0","2,584","Single","1950","0","No","No","",""
"2001","F10441248","CS","3480","1218 SW 20th St","River Oaks ","","$625,000","$625,000","3","2","0","1,212","Single","1954","0","No","No","","8,250"
"2001","A11709458","CS","3800","511 SE 5th Ave Unit#2003","NURIVER LANDING CONDO NU-RIVER","","$625,000","$615,000","2","2","0","¤1,246","Condo","2006","1","","Yes","",""
"2001","F10554461","CS","3810","435 N Andrews Avenue Unit#301","avenue lofts avenue lofts","","$625,000","$595,000","2","2","0","1,569","Condo","2004","1","","No","","0"
"2001","F10460460","CS","3800","511 SE 5th Ave Unit#1902","NURIVER LANDING CONDO NURIVER LANDING CONDO","","$624,999","$605,000","2","2","0","1,246","Condo","2006","1","","Yes","",""
"2001","F10429835","CS","3380","1401 NE 16th Ave","Progresso 2-18 D ","","$624,950","$580,000","2","2","0","1,262","Single","1949","0","No","No","","6,302"
"2001","A11865040","CS","3390","1701 NW 6th Ave","PROGRESSO ","","$624,900","$580,000","3","2","0","¤1,379","Single","2000","2","No","No","Detached","¤6,751"
"2001","F10483138","CS","3390","300 NW 28th St","Wilton Estates Resub 33-6 ","","$624,900","$595,000","3","2","0","1,358","Single","1956","0","No","No","","8,314"
"2001","A11774344","CS","3390","241 NW 24th St","Jenada Villas ","","$623,999","$620,000","2","2","0","¤1,456","Single","1963","0","No","No","Detached","¤6,419"
"2001","F10536316","CS","3800","347 N New River Unit#2605","WATERGARDEN CONDO WATERGARDEN CONDO","","$620,000","$580,000","2","2","0","1,080","Condo","2004","1","","No","",""
"2001","F10430254","CS","3160","2715 N Ocean Blvd Unit#12C","Embassy Towers II Embassy Towers II","","$619,900","$595,000","2","2","0","1,200","Condo","1973","1","","No","",""
"2001","F10466851","CS","3480","708 SW 12th Ct","Replat Of Pt Of Rev West ","","$619,900","$605,000","2","2","0","1,196","Single","1952","0","No","No","","8,661"
"2001","F10531654","CS","3370","3000 NE 8th Ter Unit#B-5","840 River's Edge Townhome 840 River's Edge Townhome","","$619,000","$600,000","3","2","1","1,900","Townhouse","1982","2","","No","",""
"2001","F10489243","CS","3370","2008 Riverside Pl Unit#3","RIVERSIDE PLACE RIVERSIDE PLACE","","$619,000","$609,000","2","2","1","1,172","Townhouse","1994","0","","Yes","",""
"2001","A11676455","CS","3370","437 NW 17th St Unit#437","GARDENIA PARK GARDENIA PARK","","$619,000","$575,000","4","2","1","¤1,900","Townhouse","2022","1","","No","",""
"2001","B26016130","CS","3470","846 SW 11th Court","VINIK NO 2 ","","$619,000","$585,000","2","1","0","941","Single","1949","","No","No","","6,249"
"2001","F10463383","CS","3280","340 Sunset Dr Unit#911","Essex Tower Essex Tower","","$615,000","$590,000","2","2","0","1,534","Condo","1971","1","","No","",""
"2001","B26024613","CS","3370","829 NE 17th Street","LAUDERDALE PARK 6-33 1/2 ","","$615,000","$600,000","4","3","0","1,595","Single","1949","","No","No","","5,504"
"2001","F10548058","CS","3370","700 Kensington Place Unit#700","Kensington Place Kensington Place","","$615,000","$595,000","2","2","1","1,418","Townhouse","1976","","","Yes","",""
"2001","F10500643","CS","3370","800 NE 28th St Unit#800","Lofts of Wilton Manor Lofts of Wilton Manor","","$615,000","$615,000","2","2","1","1,813","Townhouse","2007","2","","No","",""
"2001","F10549774","CS","3480","1308 SW 17th Avenue","RIVERSIDE ESTATES 2ND REVI ","","$615,000","$630,000","3","2","0","1,329","Single","1952","","No","No","","7,740"
"2001","F10513600","CS","3480","1462 SW 16th Ter","Shady Banks On New River ","","$615,000","$565,000","4","3","0","1,504","Single","1957","0","No","No","","7,475"
"2001","A11715134","CS","3770","7 Coventry Way Unit#7","TOWNHOUSE ISLE SEC 1 Townhouse Club","","$615,000","$595,000","2","1","1","¤1,250","Townhouse","1963","0","","No","",""
"2001","R11033850","CS","3370","309 NW 30th Court","BOULEVARD ESTATES AMEN ","","$614,999","$620,000","5","3","0","1,722","Single","1956","0","No","No","","8,168"
"2001","A11607710","CS","3380","1033 NE 17th Way Unit#702","VILLA MEDICI CONDO VILLA MEDICI","","$614,999","$600,000","4","4","1","¤2,430","Townhouse","2005","2","","No","",""
"2001","F10548826","CS","3280","1111 E Las Olas Boulevard Unit#413","Villaggio Di Las Olas Villaggio Di Las Olas","","$610,000","$610,000","2","2","1","1,689","Condo","1999","2","","No","",""
"2001","A11633015","CS","3380","1121 NE 12th Ave","PROGRESSO Villa Tria Doma","","$610,000","$595,000","3","2","1","¤1,968","Townhouse","2006","1","","No","",""
"2001","F10476453","CS","3480","418 SW 18th Ct","Lauderdale 2-9 D ","","$610,000","$590,000","2","1","0","1,003","Single","1926","1","No","No","","10,125"
"2001","F10474124","CS","3480","1312 SW 19th St","River Oaks ","","$610,000","$580,000","3","2","0","1,439","Single","1952","1","Yes","No","","7,498"
"2001","A11741491","CS","3500","610 W Las Olas Blvd Unit#1816N","SYMPHONY NORTH CONDO Symphony","","$610,000","$610,000","2","2","0","¤1,194","Condo","2005","1","","Yes","",""
"2001","F10508070","CS","3160","2715 N Ocean Blvd Unit#11a","Embassy Towers 2 Embassy Towers 2","","$609,900","$610,000","2","2","0","1,200","Condo","1973","1","","No","",""
"2001","F10506978","CS","3470","401 SW 4 Ave Unit#1204","ESPLANADE ESPLANADE","","$609,900","$590,000","2","2","0","1,275","Condo","2004","2","","Yes","",""
"2001","F10482016","CS","3800","180 Isle of Venice Drive Unit#227","Oasis of Nurmi Oasis of Nurmi","","$609,500","$559,000","2","2","0","1,140","Co-Op","1960","0","","Yes","",""
"2001","F10477995","CS","3370","2716 NE 1st Ave","Sunset Manors Amd 27-26 B ","","$609,000","$585,000","3","2","0","1,346","Single","1952","0","No","No","","10,701"
"2001","F10519834","CS","3370","1703 NE 24th St","Max Swartz Sub 10-19 B ","","$608,000","$608,000","3","2","0","1,685","Single","1959","1","No","No","","9,339"
"2001","F10497102","CS","3370","300 NE 22nd St","Petite ","","$600,000","$600,000","3","2","0","1,120","Single","1958","0","No","No","","6,097"
"2001","A11655119","CS","3370","611 NE 26th St","HIGHLAND ESTATES ","","$600,000","$572,500","2","1","","¤928","Single","1947","0","No","No","Attached","8,000"
"2001","R11004366","CS","3370","1305 NE 1st Avenue","PROGRESSO ","","$600,000","$580,000","3","2","0","1,304","Single","1949","0","Yes","No","Garden Apartment","6,761"
"2001","F10501125","CS","3380","1336 NE 14th Avenue","Poinsettia Heights ","","$600,000","$568,500","3","2","0","1,835","Single","1947","0","Yes","No","","6,750"
"2001","F10493020","CS","3380","1779 NE 16th St","Progresso 2-18 D ","","$600,000","$515,000","2","1","1","1,369","Single","1951","0","Yes","No","","6,002"
"2001","F10474888","CS","3380","1340 NE 16th Ave","Progresso 2-18 D ","","$600,000","$600,000","2","2","0","1,120","Single","1948","0","No","No","","6,749"
"2001","A11715321","CS","3460","1623 SW 4th Ct","GILL ISLES ","","$600,000","$555,000","3","2","","¤1,790","Single","1958","0","No","No","Detached","¤7,700"
"2001","B26021938","CS","3480","605 SW 15th Street","SANDY ASHLEY PLAT ","","$600,000","$572,500","3","2","0","1,260","Single","1993","1","No","No","","3,756"
"2001","A11923031","CS","3480","2390 SW 18th Ave","OSCEOLA PARK ","","$600,000","$580,000","2","1","0","¤1,056","Single","1942","0","No","No","Detached","¤10,929"
"2001","A11971065","CS","3500","252 SW 23rd St","LAUDERDALE ","","$600,000","$575,000","2","2","0","¤1,167","Single","1968","0","No","No","Detached","¤6,750"
"2001","F10483354","CS","3160","741 Bayshore Dr Unit#4S","Holiday Isles Yacht Club Holiday Isles Yacht Club","","$599,999","$579,000","2","2","0","903","Condo","1951","0","","Yes","",""
"2001","F10436881","CS","3280","347 N New River Dr Unit#2305","Watergarden Watergarden","","$599,999","$580,000","2","2","0","1,080","Condo","2004","2","","Yes","",""
"2001","F10431381","CS","3370","2722 NE 6th Ln","Highland Estates ","","$599,999","$550,000","4","3","0","1,984","Single","1947","0","No","No","","7,069"
"2001","F10529510","CS","3390","801 NW 26th St","BABCO PARK ","","$599,999","$530,000","3","2","0","1,485","Single","1957","0","No","No","","7,819"
"2001","A11998343","CS","3480","704 SW 14th St","REPLAT OF PT OF REV PLAT ","","$599,999","$599,999","2","1","0","¤1,116","Single","1952","0","No","No","Attached","¤7,740"
"2001","B26010238","CS","3800","511 SE 5 Avenue Unit#1722","NURIVER LANDING CONDO ","","$599,999","$545,000","2","2","0","1,246","Condo","2006","1","No","Yes","","0"
"2001","A11944683","CS","3280","350 SE 2nd St Unit#1250","350 LAS OLAS PLACE CONDO 350 LAS OLAS PLACE","","$599,900","$590,000","2","2","0","¤1,346","Condo","2006","1","","No","",""
"2001","F10541905","CS","3370","2609 NE 14th Avenue Unit#107","Wilton Station Wilton Station","","$599,900","$555,000","2","2","1","1,738","Condo","2007","1","","No","",""
"2001","F10495260","CS","3370","2725 NE 8th Ave Unit#102","Palm Island Villas Palm Island Villas","","$599,900","$600,000","3","3","1","2,030","Townhouse","2007","2","","No","",""
"2001","F10489393","CS","3370","62 NE 26th St","26th St Townhomes 26th St Townhomes","","$599,900","$565,000","3","2","0","1,365","Townhouse","2016","1","","No","",""
"2001","F10419818","CS","3380","1326 NE 14th Ave","Progresso 2-18 D ","","$599,900","$486,450","2","1","0","1,034","Single","1950","0","Yes","No","","6,749"
"2001","B26030179","CS","3390","1437 NW 4th Avenue","PROGRESSO ","","$599,900","$599,000","3","3","0","1,638","Single","1957","","No","No","","6,754"
"2001","B26036936","CS","3470","1122 SW 8th Terrace","VINIK NO 2 ","","$599,900","$615,000","2","2","0","1,268","Single","1949","","No","Yes","","6,038"
"2001","F10541526","CS","3800","511 SE 5th Avenue Unit#2412","NuRiver Landing NuRiver Landing","","$599,900","$570,000","2","2","0","1,246","Condo","2006","1","","","",""
"2001","F10449638","CS","3280","511 SE 5th Ave Unit#1414","NuRiver Landing NuRiver Landing","","$599,500","$575,000","2","2","0","1,379","Condo","2006","1","","No","",""
"2001","F10542042","CS","3390","2633 NW 9th Lane","Bonie Villas Sec 2 ","","$599,111","$575,000","3","2","0","1,500","Single","1964","","No","No","","8,251"
"2001","F10537622","CS","3160","209 N Fort Lauderdale Beach Boulevard Unit#7d","The Seasons The Seasons","","$599,000","$520,000","2","2","0","950","Condo","1981","1","","Yes","","0"
"2001","F10530522","CS","3160","2841 N Ocean Blvd Unit#1710","Vantage View Vantage View","","$599,000","$530,000","2","2","0","1,200","Condo","1976","1","","No","",""
"2001","F10471252","CS","3160","2401 N Ocean Blvd Unit#501","Fountains on Ocean Blvd Fountains on Ocean Blvd","","$599,000","$575,000","2","2","0","1,290","Condo","2008","2","","No","",""
"2001","F10471313","CS","3160","3020 NE 32nd Ave Unit#911","Tides at Bridgeside Squar Tides at Bridgeside Squar","","$599,000","$560,000","2","2","0","1,110","Condo","2002","1","","No","",""
"2001","A11793568","CS","3170","2100 S Ocean Ln Unit#1610","POINT OF AMERICAS CONDO POINT OF AMERICAS","","$599,000","$525,000","1","1","1","¤1,109","Condo","1969","1","","Yes","",""
"2001","F10531729","CS","3260","936 Intracoastal Drive Unit#3C","CORINTHIAN CORINTHIAN","","$599,000","$550,000","2","2","0","1,500","Condo","1974","97","","","",""
"2001","F10544194","CS","3270","1401 NE 9th Street Unit#55","Victoria Park Place Victoria Park Place","","$599,000","$535,000","2","2","1","1,658","Townhouse","1985","2","","No","",""
"2001","F10535669","CS","3270","1401 NE 9th Street Unit#41","VICTORIA PARK PLACE Victoria Park Place","","$599,000","$585,000","2","2","1","1,658","Townhouse","1988","2","No","No","",""
"2001","F10541388","CS","3280","535 Hendricks Isle Unit#109","BURTON POINT CONDO BURTON POINT CONDO","","$599,000","$630,000","1","1","1","800","Condo","1969","0","","","",""
"2501","F10493777","CS","3280","350 SE 2nd St Unit#1160","350 Las Olas Place 350 Las Olas Place","","$599,000","$580,000","2","2","0","1,200","Condo","2005","1","","No","",""
"2501","F10454077","CS","3280","347 N New River Dr E Unit#2705","WATERGARDEN WATERGARDEN","","$599,000","$562,500","2","2","0","1,080","Condo","2004","1","","Yes","",""
"2501","A11981601","CS","3360","2401 NE 15th Ave","Sunrise Golf Village ","","$599,000","$600,000","3","2","0","¤1,953","Single","2014","1","No","No","Attached","¤6,257"
"2501","A11935438","CS","3370","1139 NE 3rd Ave","PROGRESSO ","","$599,000","$560,000","3","2","1","¤2,439","Single","2015","1","No","No","Attached","¤3,376"
"2501","F10537536","CS","3370","2617 NE 9th Ter","Highland Estates 15-65 B ","","$599,000","$545,000","3","2","0","1,192","Single","1957","0","No","No","","5,129"
"2501","A11905781","CS","3370","2805 NE 16th Ave","MIDDLE RIVER ESTATES ","","$599,000","$567,000","3","2","0","¤1,496","Single","1954","0","No","No","Detached","¤8,925"
"2501","F10512555","CS","3370","1818 NE 27th Street","Coral Estates 32-29 B ","","$599,000","$579,000","3","2","0","1,343","Single","1954","0","No","No","","7,373"
"2501","R11034969","CS","3370","1131 NE 3rd Avenue","PROGRESSO ","","$599,000","$540,000","3","2","1","2,439","Townhouse","2012","1","No","No","","3,376"
"2501","A11609742","CS","3370","541 NE 14th Ct","LAUDERDALE GARDENS ","","$599,000","$579,000","3","1","","¤1,080","Single","1953","0","Yes","No","Detached","¤6,800"
"2501","F10444616","CS","3370","43 NE 26th Ct","Sun Set Manors First Add ","","$599,000","$560,000","3","2","0","1,624","Single","1953","0","No","No","","7,172"
"2501","B26024988","CS","3380","1036 NE 9th Avenue","PROGRESSO ","","$599,000","$570,000","3","2","0","1,204","Single","1953","","Yes","No","","6,754"
"2501","F10528823","CS","3380","1420 NE 15th Avenue","Progresso 2-18 D ","","$599,000","$575,000","3","2","0","1,276","Single","1950","0","No","No","","7,804"
"2501","F10494190","CS","3380","1119 N Victoria Park Rd Unit#7","PORTA LUNA PORTA LUNA","","$599,000","$590,000","2","2","1","1,800","Townhouse","2004","2","","No","",""
"2501","F10488072","CS","3380","1033 NE 17th Way Unit#1203","Villa Medici Villa Medici","","$599,000","$575,000","3","3","1","2,100","Townhouse","2006","2","","No","",""
"2501","A11901764","CS","3390","800 NW 29th St","JENADA VILLAS ","","$599,000","$600,000","3","2","0","¤1,666","Single","1956","0","Yes","No","Detached","¤7,143"
"2501","F10500029","CS","3390","140 NW 20th St","Meadowbrook 37-37 B ","","$599,000","$555,000","3","2","0","1,580","Single","1956","0","No","No","","7,626"
"2501","F10496831","CS","3390","733 NW 28th St","JENADA VILLAS ","","$599,000","$599,000","2","2","0","1,337","Single","1958","0","Yes","No","","7,254"
"2501","F10460786","CS","3390","601 NW 28th Ct","Wilton Estates Resub 33-6 ","","$599,000","$560,000","3","3","0","1,792","Single","1961","0","Yes","No","","7,279"
"2501","F10459401","CS","3390","2401 NW 3rd Ave","Mickels 2nd Add To Wilton ","","$599,000","$580,000","3","1","0","1,168","Single","1952","0","No","No","","11,693"
"2501","F10455105","CS","3390","2906 NW 5th Ave","Wilton Manors ","","$599,000","$599,000","2","2","0","1,016","Single","1955","0","No","No","","6,500"
"2501","F10428329","CS","3390","2409 NW 7th Ave","Hillbrook 30-4 B ","","$599,000","$530,000","2","2","0","1,316","Single","1962","1","Yes","No","","11,250"
"2501","F10491266","CS","3470","401 SW 4th Ave Unit#1208","ESPLANADE ON THE NEW RIVE ESPLANADE ON THE NEW RIVE","","$599,000","$575,000","2","2","0","1,236","Condo","2004","1","","Yes","",""
"2501","A11746474","CS","3470","820 SW 8th Ave","1 ","","$599,000","$580,000","2","1","","¤660","Single","1946","0","No","No","Attached","¤6,250"
"2501","F10468167","CS","3470","918 Middle St","SAILBOAT BEND ","","$599,000","$599,000","3","2","0","1,835","Single","1951","0","No","No","","9,751"
"2501","B26009590","CS","3480","1720 SW 14th Street","RIVERSIDE ESTATES 2ND REVI ","","$599,000","$572,000","3","2","0","1,638","Single","1952","","Yes","No","","6,300"
"2501","F10545665","CS","3480","1228 SW 9th Avenue","ISLAND VIEW ","","$599,000","$575,000","2","2","0","1,386","Single","1955","","No","No","","6,934"
"2501","F10511176","CS","3480","1818 SW 29","Edgewood ","","$599,000","$595,000","5","2","0","1,797","Single","1966","0","No","No","","6,596"
"2501","F10445282","CS","3480","908 SW 17th St","RIVER OAKS ","","$599,000","$575,000","2","1","0","1,100","Single","1947","0","No","No","","7,498"
"2501","A11954224","CS","3570","501 SW 11th Ct","CROISSANT PARK RIVER SEC ","","$599,000","$535,000","3","1","","¤1,225","Single","1951","0","No","No","Detached","¤6,802"
"2501","A11600053","CS","3600","1819 SE 17th St Unit#903","PORT CONDO RESIDENCES","","$599,000","$595,000","2","2","1","¤1,475","Condo","2005","1","","Yes","",""
"2501","F10544810","CS","3800","1110 SE 4th Avenue Unit#1110","Pulani Villas Pulani Villas","","$599,000","$600,000","3","2","1","1,804","Townhouse","2004","2","","No","",""
"2501","F10431113","CS","3800","333 Las Olas Way Unit#504","LAS OLAS RIVERHOUSE LAS OLAS RIVERHOUSE","","$599,000","$575,000","1","1","1","1,113","Condo","2005","1","","Yes","",""
"2501","A11559383","CS","3800","275 SE 22nd St Unit#275","LAUDERDALE Poinciana Court","","$598,900","$570,000","3","2","1","¤1,436","Townhouse","2003","1","","No","",""
"2501","F10458967","CS","3470","611 SW 11 Ct","Tarpon River ","","$598,500","$580,000","3","1","0","1,044","Single","1946","1","No","No","","6,311"
"2501","F10519103","CS","3280","347 N New River Dr Unit#2808","Watergarden Watergarden","","$598,000","$553,000","2","2","0","1,080","Condo","2004","1","","Yes","",""
"2501","A11821904","CS","3280","347 N New River Dr E Unit#1505","WATERGARDEN CONDO WATERGARDEN CONDO","","$598,000","$565,000","2","2","0","¤1,080","Condo","2004","1","","No","",""
"2501","A11687801","CS","3470","509 SW 11th St","LAUDERDALE ","","$598,000","$545,000","2","1","0","","Single","1946","0","No","No","Attached","¤6,250"
"2501","F10529465","CS","3280","800 SE 4th St Unit#302","Chateau Mar Chateau Mar","","$597,500","$580,000","2","2","0","1,100","Condo","1966","1","","Yes","",""
"2501","F10454359","CS","3370","407 NW 17 St Unit#407","Gardenia Park Gardenia Park","","$597,500","$500,000","3","2","1","1,844","Townhouse","2022","1","","No","",""
"2501","F10439374","CS","3280","70 Isle Of Venice Dr Unit#102","Villa Contessa Villa Contessa","","$597,000","$565,000","1","1","1","762","Condo","2000","0","","Yes","",""
"2501","F10531135","CS","3160","561 Bayshore Dr Unit#1","Panama Club Panama Club","","$595,000","$595,000","1","1","0","740","Condo","1957","0","","Yes","",""
"2501","A11820104","CS","3160","511 Bayshore Dr Unit#309","BAYSHORE TOWERS BAYSHORE TOWERS","","$595,000","$490,000","2","2","0","¤1,330","Condo","1971","1","","Yes","",""
"2501","F10493481","CS","3160","2715 N Ocean Boulevard Unit#7C","EMBASSY TOWER II EMBASSY TOWER II","","$595,000","$575,000","2","2","0","1,200","Condo","1973","1","","No","",""
"2501","F10455480","CS","3160","511 Bayshore Dr Unit#PH-6","BAYSHORE TOWERS BAYSHORE TOWERS","","$595,000","$555,000","1","1","1","1,036","Condo","1971","1","","No","",""
"2501","F10447053","CS","3170","425 Bayshore Dr Unit#8","Fort Lauderdale Surf Club Fort Lauderdale Surf Club","","$595,000","$575,000","1","1","0","770","Co-Op","1956","0","","Yes","",""
"2501","B26006236","CS","3370","2609 NE 14th Avenue Unit#113","WILTON STATION RES CONDO ","","$595,000","$575,000","2","2","1","1,738","Condo","2007","1","No","No","Substantially Remodeled","0"
"2501","F10534347","CS","3370","37 NE 26th Street","Wilton Manors ","","$595,000","$575,000","3","2","0","1,115","Single","1953","","No","No","","7,150"
"2501","F10501769","CS","3370","2601 NE 14th Ave Unit#112","Wilton Station Wilton Station","","$595,000","$575,000","2","2","1","1,738","Condo","2006","1","","Yes","",""
"2501","F10500382","CS","3370","2601 NE 14th Ave Unit#505","Wilton Station Wilton Station","","$595,000","$570,000","2","2","0","1,686","Condo","2006","0","","Yes","",""
"2501","F10487719","CS","3370","801 NW 30th St","Jenada Villas 37-36 B ","","$595,000","$540,000","3","2","0","1,482","Single","1957","0","No","Yes","","6,772"
"2501","F10485354","CS","3370","1345 NE 1st Ave","Progresso 2-18 D ","","$595,000","$575,000","3","2","0","0","Single","1949","0","Yes","No","","6,760"
"2501","F10474121","CS","3370","2725 NE 6th Ln","Resub Of Highland Estates ","","$595,000","$585,000","2","2","0","1,200","Single","1946","2","No","No","","4,746"
"2501","A11626136","CS","3370","1139 NE 3rd Ave","PROGRESSO ","","$595,000","$575,000","3","2","1","¤2,439","Single","2014","1","No","No","Attached","¤3,376"
"2501","F10539225","CS","3390","1641 NW 6th Avenue","PROGRESSO ","","$595,000","$560,000","3","2","0","1,408","Single","1956","0","Yes","No","","6,752"
"2501","A11969352","CS","3470","401 SW 4th Ave Unit#1407","ESPLANADE ON THE NEW RIVE Esplanade","","$595,000","$570,000","2","2","0","¤1,236","Condo","2005","1","","Yes","",""
"2501","F10456538","CS","3470","1350 River Reach Dr Unit#504","RIVER REACH RIVER REACH","","$595,000","$550,000","2","2","0","1,250","Condo","1972","0","","Yes","",""
"2501","A11608683","CS","3480","1311 SW 4th Ave","CROISSANT PARK SOUTH RIVE ","","$595,000","$557,500","2","1","0","¤812","Single","1950","0","No","No","Detached","¤6,250"
"2501","F10461123","CS","3500","300 SW 11th St","Croissant Park River Sec ","","$595,000","$570,000","3","2","0","1,191","Single","1940","0","Yes","No","","6,250"
"2501","A11720544","CS","3800","511 SE 5th Ave Unit#1719","NURIVER LANDING CONDO NURIVER LANDING CONDO","","$595,000","$575,000","2","2","0","¤1,113","Condo","2006","1","","Yes","",""
"2501","A11809421","CS","3470","421 SW 11th St","LAUDERDALE ","","$594,999","$526,700","2","1","0","¤1,221","Single","1946","0","No","No","Attached","¤6,250"
"2501","F10515393","CS","3370","2633 NE 14th Ave Unit#103","Wilton Station Wilton Station","","$594,870","$552,055","2","2","1","1,738","Condo","2007","2","","No","",""
"2501","B26011591","CS","3370","835 NE 16th Street","LAUDERDALE PARK 6-33 1/2 ","","$594,000","$547,500","4","2","0","1,497","Single","1952","1","No","No","","11,247"
"2501","F10546893","CS","3800","511 SE 5th Avenue Unit#2119","NURIVER LANDING CONDO NURIVER LANDING CONDO","","$594,000","$580,000","2","2","0","1,113","Condo","2006","1","","","",""
"2501","F10478244","CS","3470","401 SW 4th Ave Unit#505","ESPLANADE ESPLANADE","","$590,900","$630,000","2","2","0","1,275","Condo","2004","1","","Yes","",""
"2501","F10442691","CS","3370","652 Kensington Pl Unit#14A","CYPRESS COVE CONDOS CYPRESS COVE CONDOS","","$590,000","$560,000","2","2","1","1,350","Condo","1976","2","","No","",""
"2501","F10446664","CS","3370","820 NE 17th St","Lauderdale Park 6-33 1/2 ","","$589,900","$575,000","2","2","0","1,000","Single","1955","0","No","No","","5,494"
"2501","F10435712","CS","3370","2601 NE 14th Ave Unit#114","Wilton Station Wilton Station","","$589,900","$560,000","2","2","1","1,721","Townhouse","2005","0","","No","",""
"2501","B26030085","CS","3470","808 SW 7th Avenue","Tarpon River ","","$589,900","$585,000","3","2","1","1,474","Townhouse","2000","1","No","No","","3,033"
"2501","F10555061","CS","3470","1301 SW 4th Street Unit#1301","Villages at Sailboat Bend Villages at Sailboat Bend","","$589,900","$560,000","4","3","1","2,643","Townhouse","2005","2","No","No","",""
"2501","F10550131","CS","3160","2840 N Ocean Boulevard Unit#501","Sea Tower Sea Tower","","$589,000","$589,000","2","2","0","1,109","Co-Op","1959","0","","Yes","",""
"2501","F10450340","CS","3160","2841 N Ocean Blvd Unit#904","Vantage View Vantage View","","$589,000","$570,000","2","2","0","1,100","Condo","1976","1","","No","",""
"2501","F10501035","CS","3270","1744 NE 9th Street","Villa Victoria Villa Victoria","","$589,000","$585,000","2","2","1","1,522","Townhouse","1994","0","","No","",""
"2501","A11702685","CS","3280","350 SE 2nd St Unit#2430","350 LAS OLAS PLACE CONDO 35o Las Olas Place","","$589,000","$570,000","2","2","0","¤1,297","Condo","2005","1","","No","",""
"2501","F10429713","CS","3370","1409 NE 2nd Ave","PROGRESSO ","","$589,000","$550,000","3","2","0","1,269","Single","1956","1","No","No","","6,753"
"2501","F10472867","CS","3390","824 NW 29th St","JENADA VILLAS ","","$589,000","$570,000","3","2","0","1,032","Single","1958","0","Yes","No","","7,135"
"2501","F10535302","CS","3470","401 SW 4TH AV Unit#904","ESPLANADE ESPLANADE","","$589,000","$552,500","2","2","0","1,275","Condo","2004","2","","Yes","",""
"2501","F10469450","CS","3480","800 SW 16th St","Orchid Grove 25-2 B ","","$589,000","$565,000","2","1","0","1,456","Single","1954","0","No","No","","7,945"
"2501","B26006268","CS","3370","2301 Wilton Drive Unit#R309","ISLAND CITY LOFTS CONDO ","","$587,399","$560,000","2","2","0","1,386","Condo","2007","2","No","No","","0"
"2501","F10533702","CS","3160","2841 N Ocean Blvd Unit#1804","Vantage View Vantage View","","$585,000","$565,000","2","2","0","1,100","Condo","1976","1","","Yes","",""
"2501","F10552812","CS","3370","17 Middlesex Unit#17","KENSINGTON ISLE KENSINGTON ISLE","","$585,000","$565,000","2","1","1","1,300","Townhouse","1962","1","","Yes","",""
"2501","F10529747","CS","3370","1009 NE 16th Place","Lauderdale Park 6-33 1/2 ","","$585,000","$568,000","2","1","0","982","Single","1952","0","Yes","No","","8,876"
"2501","F10491253","CS","3370","2617 NE 14th Ave Unit#503","Wilton Station Wilton Station","","$585,000","$565,000","2","2","0","1,589","Condo","2006","0","","No","",""
"2501","F10454751","CS","3370","538 NE 16th Ct","Miller Gardens 28-4 B ","","$585,000","$585,000","3","2","0","1,262","Single","1953","0","No","No","","6,063"
"2501","F10452945","CS","3370","816 NE 28th St Unit#816","Lofts of Wilton Manors Lofts of Wilton Manors","","$585,000","$525,000","2","2","1","1,386","Townhouse","2006","2","","No","",""
"2501","F10477982","CS","3380","1400 NE 17th Ter","Poinsettia Heights ","","$585,000","$520,000","2","2","0","1,156","Single","1951","0","No","No","","7,502"
"2501","F10503702","CS","3400","2957 NW 6th Ave","MARCH ESTATES AMEN ","","$585,000","$585,000","2","1","1","1,104","Single","1956","0","No","No","","9,881"
"2501","F10483190","CS","3480","1713 SW 13th Ct","Shady Banks ","","$585,000","$575,000","2","2","0","1,369","Single","1952","1","No","No","","6,300"
"2501","A11782574","CS","3490","1505 SW 27th Ct","HARDWICK HEIGHTS ","","$585,000","$525,000","3","2","0","¤1,296","Single","2023","1","No","No","Attached","¤4,492"
"2501","F10490631","CS","3800","511 SE 5th Ave Unit#2108","NURIVER LANDING NURIVER LANDING","","$585,000","$535,000","2","2","0","1,246","Condo","2006","1","","Yes","",""
"2501","A11617307","CS","3280","511 SE 5th Ave Unit#2422","NURIVER LANDING CONDO NURIVER LANDING","","$584,900","$540,000","2","2","0","¤1,246","Condo","2006","1","","Yes","",""
"2501","A11985126","CS","3370","904 NE 28th St","HIGHLAND ESTATES DUVAL VILLAS","","$584,900","$584,900","3","3","1","¤1,686","Townhouse","2004","2","","No","",""
"2501","F10483296","CS","3270","917 NE 3rd St Unit#11","Victoria Park Victoria Park","","$581,000","$540,000","3","2","1","1,470","Townhouse","1990","0","","No","",""
"2501","A11568744","CS","3160","2701 N Ocean Blvd Unit#9E","EMBASSY TOWER INC CONDO EMBASSY TOWER","","$580,000","$525,000","2","2","0","¤1,200","Condo","1972","1","","Yes","",""
"2501","A11935479","CS","3280","350 SE 2nd St Unit#1640","350 LAS OLAS PLACE CONDO 350 LAS OLAS","","$580,000","$490,000","2","2","0","¤1,200","Condo","2005","1","","No","",""
"2501","F10484753","CS","3370","7 Hathaway Ln","Townhouse Isle Townhouse Isle","","$580,000","$570,000","2","1","1","1,250","Townhouse","1964","1","","No","",""
"2501","B26029824","CS","3390","1421 NW 7th Terrace","PROGRESSO ","","$580,000","$580,000","4","2","0","2,214","Single","1954","","No","No","","6,756"
"2501","A11719603","CS","3400","1537 NW 6th Ave","PROGRESSO ","","$580,000","$545,000","3","2","0","¤1,161","Single","1952","0","Yes","No","Detached","¤6,752"
"2501","F10528945","CS","3470","815 SW 9th Ave","TARPON RIVER ","","$580,000","$575,000","2","1","0","744","Single","1949","0","No","No","","6,249"
"2501","A11952661","CS","3480","1512 SW 24th St","OSBORNE PARK ","","$580,000","$535,000","3","2","0","¤1,274","Single","1958","0","Yes","No","Detached","¤7,007"
"2501","F10474216","CS","3810","411 NW 1st Ave Unit#405","FOUNDRY LOFTS FOUNDRY LOFTS","","$580,000","$550,000","2","1","0","1,052","Condo","2007","1","","No","",""
"2501","A11818749","CS","3160","3015 N Ocean Blvd Unit#17A","BERKLEY SOUTH CONDO BERKLEY SOUTH","","$579,900","$535,000","2","2","0","¤1,328","Condo","1974","1","","No","",""
"2501","F10477475","CS","3570","900 SW 15th Ter","RIVERSIDE NO 3 ","","$579,900","$579,900","2","1","0","1,026","Single","1946","0","Yes","No","","9,000"
"2501","A11586197","CS","3160","2841 N Ocean Blvd Unit#1708","VANTAGE VIEW CONDO VANTAGE VIEW","","$579,000","$550,000","2","2","0","¤1,100","Condo","1976","0","","No","",""
"2501","F10541380","CS","3260","888 Intracoastal Dr Unit#11A","Sunrise Towers Sunrise Towers","","$579,000","$550,000","2","2","0","1,138","Condo","1963","0","","Yes","",""
"2501","R11005412","CS","3280","511 SE 5th Avenue Unit#2214","Nu River Landing ","","$579,000","$550,000","2","2","0","1,379","Condo","2006","1","No","No","",""
"2501","F10441097","CS","3280","347 N New River Dr E Unit#1705","WATERGARDEN CONDO WATERGARDEN CONDO","","$579,000","$540,000","2","2","0","1,080","Condo","2004","1","","Yes","",""
"2501","F10555091","CS","3370","2725 NE 8th Avenue Unit#109","Palm Isles Villas Palm Isles Villas","","$579,000","$550,000","3","3","1","2,076","Townhouse","2007","2","","No","",""
"2501","F10516575","CS","3370","2617 NE 14th Ave Unit#101","Wilton Station Wilton Station","","$579,000","$569,000","2","2","1","1,650","Townhouse","2006","1","","No","",""
"2501","F10482958","CS","3370","2825 NE 9th Ave","Highland Estates 15-65 B ","","$579,000","$480,000","3","2","0","1,400","Single","1963","0","No","No","","6,380"
"2501","F10488447","CS","3470","1410 SW 7 Street","RIVERSIDE ","","$579,000","$560,000","2","1","1","1,029","Single","1930","0","No","No","","3,844"
"2501","F10508112","CS","3490","810 SW 26th Ct","Lakeway Add 30-36 B ","","$579,000","$560,000","3","2","0","1,145","Single","1953","0","Yes","No","","7,150"
"2501","F10463552","CS","3500","600 W LAS OLAS BLVD Unit#1609S","SYMPHONY SYMPHONY","","$579,000","$570,000","2","2","0","1,094","Condo","2005","1","","Yes","",""
"2501","A11629974","CS","3010","201 SW 9th Ave Unit#2","Sailboat Bend Waverly Place","","$575,000","$562,500","2","2","1","¤1,345","Townhouse","2003","1","","No","",""
"2501","F10509737","CS","3160","2715 N Ocean Boulevard Unit#17D","EMBASSY TOWER II EMBASSY TOWER II","","$575,000","$550,000","2","2","0","1,200","Condo","1973","1","","No","",""
"2501","R11086584","CS","3160","2701 N Ocean Boulevard Unit#9e","EMBASSY TOWER ","","$575,000","$560,000","2","2","0","1,200","Condo","1972","1","No","Yes","",""
"2501","F10496715","CS","3160","336 N Birch Rd Unit#10I","Birch Crest Birch Crest","","$575,000","$510,000","2","2","0","1,411","Condo","1970","0","","No","",""
"2501","F10480626","CS","3170","215 N Birch Rd Unit#1C","Versailles Versailles","","$575,000","$550,000","1","1","0","920","Co-Op","1959","0","","Yes","",""
"2501","F10426443","CS","3280","347 N New River Dr E Unit#608","WATERGARDEN CONDO WATERGARDEN CONDO","","$575,000","$550,000","2","2","0","1,080","Condo","2004","1","","Yes","",""
"2501","A11790041","CS","3370","60 NE 26th St","PETITE PETITE","","$575,000","$540,000","3","2","0","¤1,140","Villa","2016","1","","No","",""
"2501","F10475855","CS","3370","1515 NE 12th St","LAKE RIDGE ","","$575,000","$570,000","2","2","0","1,231","Single","1952","0","No","No","","6,755"
"2501","F10469234","CS","3370","6 Hathaway Ln","Townhouse Club Townhouse Club","","$575,000","$555,000","2","1","1","1,250","Townhouse","1965","0","","No","",""
"2501","F10450898","CS","3370","3012 NE 5th Ter Unit#4","Villa Escondida Villa Escondida","","$575,000","$555,000","3","2","1","1,676","Townhouse","2004","2","","No","",""
"2501","A12007729","CS","3380","1033 NE 17th Way Unit#1201","VILLA MEDICI CONDO Villa Medici","","$575,000","$575,000","3","3","1","¤2,270","Condo","2006","2","","No","",""
"2501","F10528897","CS","3380","1215 NE 14th Ave","Progresso 2-18 D ","","$575,000","$602,500","3","2","0","1,352","Single","1949","0","No","No","","6,747"
"2501","F10538690","CS","3390","2417 NW 6th Ave","Hillbrook 30-4 B ","","$575,000","$650,000","2","2","0","1,671","Single","1954","2","No","No","","14,885"
"2501","F10488921","CS","3390","1500 NW 1st Ave","PROGRESSO ","","$575,000","$535,000","3","1","0","1,522","Single","1949","0","Yes","No","","13,500"
"2501","F10470081","CS","3390","2749 NW 9th Ave","Jenada Villas 1 Add 42-7 ","","$575,000","$560,000","4","2","0","1,513","Single","1957","0","Yes","No","","7,004"
"2501","F10460258","CS","3390","2801 NW 9th Ave","Jenada Villas 1 Add 42-7 ","","$575,000","$580,000","3","2","0","1,525","Single","1957","0","Yes","No","","6,501"
"2501","F10487081","CS","3470","1543 SW 29th St Unit#1543","The Edge on 15 The Edge on 15","","$575,000","$532,000","3","2","1","1,377","Townhouse","2020","1","","No","",""
"2501","A11742675","CS","3470","302 SW 14th Ave","VILLAGE AT SAILBOAT BEND VILLAGE AT SAILBOAT BEND","","$575,000","$540,000","3","2","1","¤1,977","Townhouse","2005","0","","No","",""
"2501","F10469237","CS","3470","1350 SW 15th Ter","Hendricks Heights 22-49 B ","","$575,000","$505,000","3","2","0","1,710","Single","1957","0","No","No","","6,380"
"2501","F10468803","CS","3470","424 SW 13th Ter Unit#424","VILLAGE AT SAILBOAT BEND VILLAGE AT SAILBOAT BEND","","$575,000","$540,000","4","3","1","2,539","Townhouse","2005","2","","No","",""
"2501","F10457349","CS","3470","1613 SW 10th St","Sherwood Forest ","","$575,000","$546,500","4","2","0","1,433","Single","1954","0","No","No","","6,987"
"2501","F10555479","CS","3700","315 NE 3rd Avenue Unit#1006","Strada315 Strada315","","$575,000","$575,000","2","2","1","1,474","Condo","2007","2","","No","",""
"2501","F10453840","CS","3700","313 NE 2nd St Unit#204","NOLA LOFTS NOLA LOFTS","","$575,000","$550,000","2","2","1","1,412","Condo","2005","2","","No","",""
"2501","R11091919","CS","3270","110 N Federal Highway  Unit#Ph 1502","Waverly at Las Olas Condo ","","$574,900","$525,000","3","2","0","1,369","Condo","2005","3","No","No","",""
"2501","F10527016","CS","3380","1212 NE 13th Ave","Progresso 2-18 D ","","$574,900","$550,000","2","1","0","954","Single","1949","0","No","No","","6,747"
"2501","A11712270","CS","3390","1633 NW 5th Ave","PROGRESSO ","","$574,900","$535,000","3","2","0","¤1,992","Single","1956","0","No","No","Detached","¤6,758"
"2501","F10546528","CS","3480","1812 SW 9th Avenue","PINEHURST 1-3 ","","$574,900","$550,000","3","2","0","1,318","Single","1952","0","No","No","","7,798"
"2501","F10542128","CS","3490","823 SW 27th Street","Lakeway Add 30-36 B ","","$574,000","$580,000","4","3","0","1,377","Single","1953","0","No","No","","7,150"
"2501","F10458924","CS","3390","1732 NW 7th Ter","PROGRESSO ","","$570,000","$570,000","3","2","0","1,435","Single","1955","0","No","No","","6,755"
"2501","F10451896","CS","3600","1700 SE 15th St Unit#111","Caravelle Caravelle","","$570,000","$500,000","2","2","0","1,200","Condo","1965","0","","Yes","",""
"2501","F10549173","CS","3480","1317 SW 18th Avenue","Shady Banks ","","$569,900","$540,500","3","1","0","1,219","Single","1952","0","No","No","","6,300"
"2501","A11974469","CS","3390","1300 NW 7th Ave","PROGRESSO ","","$569,400","$555,000","4","2","0","¤1,344","Single","1951","0","Yes","No","Detached","¤4,728"
"2501","F10548471","CS","3370","2616 NE 9th Terrace","Highland Estates 15-65 B ","","$569,000","$569,000","3","1","0","1,128","Single","1957","","No","No","","5,142"
"2501","F10544764","CS","3380","1033 NE 17th Way Unit#1103","VILLA MEDICI VILLA MEDICI","","$569,000","$550,000","3","3","1","2,430","Townhouse","2005","2","","No","",""
"2501","A11721324","CS","3380","1044 NE 18th Ave Unit#201","GALLERIA LOFTS CONDO Galleria Lofts","","$569,000","$555,000","2","2","1","¤1,938","Townhouse","2018","1","","No","",""
"2501","A11568806","CS","3390","900 NW 29th St","JENADA VILLAS 1 ADD ","","$569,000","$510,000","4","3","0","¤1,973","Single","1957","0","No","No","Detached","¤10,710"
"2501","F10472473","CS","3480","1448 SW 16th Ter","Shady Banks On New River ","","$569,000","$555,000","3","2","0","1,354","Single","1956","1","No","No","","7,475"
"2501","A11679920","CS","3600","1819 SE 17th St Unit#1601","PORT CONDO THE PORT CONDO RESIDENCES","","$569,000","$535,000","1","1","1","¤1,384","Condo","2005","1","","Yes","",""
"2501","F10507467","CS","3170","1 Las Olas Circle Unit#503","Venetian Condominium Venetian Condominium","","$568,000","$558,000","1","1","1","920","Condo","1971","1","","Yes","",""
"2501","R11007627","CS","3490","1502 SW 29 Street","THE EDGE ON 15 ","","$568,000","$510,000","3","2","1","1,646","Townhouse","2020","2","No","No","",""
"2501","A11661231","CS","3040","350 SE 2nd St Unit#2340","350 LAS OLAS PLACE CONDO 350 LAS OLAS PLACE CONDO","","$565,000","$560,000","2","2","0","¤1,200","Condo","2005","1","","No","",""
"2501","F10466168","CS","3160","2029 N Ocean Blvd Unit#511","TRADEWINDS BY THE SEA TRADEWINDS BY THE SEA","","$565,000","$540,000","2","2","0","1,100","Condo","1980","1","","No","",""
"2501","A11690834","CS","3270","633 NE 9th Ave Unit#9","PARKSIDE VILLAS 2 CONDO Park Villas 2","","$565,000","$545,000","2","2","1","¤1,210","Townhouse","1989","0","","No","",""
"2501","F10468888","CS","3270","110 N Federal Highway Unit#1216","Waverly on Las Olas Waverly on Las Olas","","$565,000","$544,000","2","2","0","1,216","Condo","2006","2","","No","",""
"2501","F10507009","CS","3280","180 Isle Of Venice Drive Unit#127","The Oasis Nurmi Isle The Oasis Nurmi Isle","","$565,000","$597,500","2","2","0","1,140","Co-Op","1959","0","","Yes","",""
"2501","F10475549","CS","3280","340 Sunset Drive Unit#1804","Essex Tower Essex Tower","","$565,000","$550,000","2","2","0","1,218","Condo","1971","1","","No","",""
"2501","F10496011","CS","3370","424 NE 23rd St","Re-Amended Of Wilton Mano ","","$565,000","$530,000","3","2","0","1,508","Single","1988","1","No","No","","6,245"
"2501","F10492522","CS","3370","1839 N Dixie Highway Unit#1839","Middle River Terrace Middle River Terrace","","$565,000","$540,000","3","3","1","1,796","Townhouse","2006","1","","No","",""
"2501","A11897200","CS","3390","1421 NW 1st Ave","PROGRESSO ","","$565,000","$550,000","4","2","0","¤1,444","Single","1950","2","Yes","No","Detached","¤10,123"
"2501","F10481280","CS","3470","1201 River Reach Dr Unit#503","River Reach River Reach","","$565,000","$515,000","2","2","0","1,500","Condo","1981","1","","Yes","",""
"2501","F10504234","CS","3500","237 SW 20th St","Lauderdale 2-9 D ","","$565,000","$550,000","3","2","0","1,330","Single","1950","0","No","No","","7,013"
"2501","F10548506","CS","3280","350 SE 2nd Street Unit#640","350 LAS OLAS PLACE CONDO 350 LAS OLAS PLACE CONDO","","$564,900","$557,000","2","2","0","1,200","Condo","2005","1","","No","","0"
"2501","F10554190","CS","3370","2601 NE 14th Avenue Unit#401","Wilton Station Wilton Station","","$564,900","$538,500","2","2","0","1,400","Condo","2006","","","No","","0"
"2501","A11749542","CS","3500","320 SW 11th Ct","CROISSANT PARK RIVER SEC ","","$564,900","$555,000","3","2","0","¤1,101","Single","1946","0","Yes","Yes","Detached","¤6,588"
"2501","F10546705","CS","3700","315 NE 3rd Avenue Unit#1907","STRADA 315 STRADA 315","","$564,900","$520,000","2","2","1","1,294","Condo","2007","2","","No","","0"
"2501","F10556452","CS","3160","2509 N Ocean Boulevard Unit#576","FOUNTAINS ON OCEAN BLVD FOUNTAINS ON OCEAN BLVD","","$564,500","$538,000","2","2","0","1,290","Condo","2008","1","","No","",""
"2501","F10447810","CS","3700","315 NE 3rd Ave Unit#1003","STRADA STRADA","","$564,000","$550,000","2","2","1","1,568","Condo","2007","2","","No","",""
"2501","B26010420","CS","3380","1044 NE 18th Avenue Unit#205","GALLERIA LOFTS CONDO ","","$563,000","$563,000","3","2","1","1,938","Condo","2018","1","No","No","Other","0"
"2501","A11979103","CS","3010","2100 S Ocean Dr Unit#12L","Sky Harbour East Sky Harbour East","","$560,000","$560,000","1","1","0","¤900","Condo","1965","1","","Yes","",""
"2501","A11939365","CS","3260","2727 Yacht Club Blvd Unit#2C","SUNRISE BAY CLUB CO-OP SUNRISE BAY CLUB CO-OP","","$560,000","$548,000","2","2","0","¤1,030","Co-Op","1956","2","","Yes","",""
"2501","A11609381","CS","3470","329 SW 18th Ave","ROBERTSON PARK ","","$560,000","$530,000","3","2","0","¤1,308","Single","1952","1","No","No","Detached","¤11,900"
"2501","F10457874","CS","3160","2200 NE 33RD AV Unit#15B","WHITE EGRET WHITE EGRET","","$559,900","$537,000","2","2","0","1,425","Condo","1971","1","","No","",""
"2501","R10990908","CS","3390","1405 NW 5th Avenue","PROGRESSO ","","$559,900","$527,000","3","2","0","1,370","Single","1950","0","No","No","Garden Apartment","6,751"
"2501","F10478399","CS","3470","420 SW 13th Ter Unit#364","Village at Sailboat Bend Village at Sailboat Bend","","$559,900","$544,900","4","3","1","2,539","Townhouse","2005","2","","No","",""
"2501","A11596578","CS","3700","468 NE 2nd Ave Unit#21","NORTH LAUDERDALE AMENDED East Village","","$559,900","$530,000","2","2","1","¤1,604","Townhouse","2003","1","","No","",""
"2501","F10495127","CS","3370","1141 NE 3rd Ave Unit#1141","Vanguard Townhomes Vanguard Townhomes","","$559,500","$543,000","3","2","1","2,439","Townhouse","2013","1","","No","",""
"2501","F10427991","CS","3160","2300 NE 33rd Ave Unit#805","EVERGLADES CLUB EVERGLADES CLUB","","$559,000","$495,000","2","2","1","1,369","Condo","1986","1","","No","",""
"2501","R11123940","CS","3170","1 Las Olas Circle Unit#108","VENETIAN CONDO ","","$559,000","$510,000","2","2","0","1,575","Condo","1970","1","No","Yes","High Rise",""
"2501","F10531704","CS","3370","840 NE 20th Drive","Footbridge Townhouses Footbridge Townhouses","","$559,000","$515,000","2","2","1","1,212","Townhouse","1976","","No","No","",""
"2501","F10506254","CS","3370","816 NE 28th St Unit#816","Lofts of Wilton Manors Lofts of Wilton Manors","","$559,000","$559,000","2","2","1","1,427","Townhouse","2006","2","","No","",""
"2501","F10459496","CS","3480","1232 SW 9th Ave","River Oaks ","","$559,000","$500,000","3","2","0","1,611","Single","1955","1","No","No","","6,935"
"2501","F10539632","CS","3280","347 N New River Drive Unit#1205","WATERGARDEN WATERGARDEN","","$558,000","$550,000","2","2","0","1,080","Condo","2004","1","","","",""
"2501","B26023898","CS","3160","2409 N Ocean Boulevard Unit#427","FOUNTAINS ON OCEAN BOULEVA ","","$555,000","$540,000","2","2","0","1,570","Condo","2008","1","No","No","","0"
"2501","F10518831","CS","3370","2733 NE 6th Ave","Tropical Manors 33-31 B ","","$555,000","$480,000","2","1","0","1,810","Single","1959","0","No","No","","6,651"
"2501","F10443045","CS","3370","324 NE 28th St","Tropical Manors 33-31 B ","","$555,000","$535,000","3","2","0","1,669","Single","1954","0","No","No","","7,002"
"2501","B26002044","CS","3470","401 SW 4th Avenue Unit#1702","ESPLANADE ON THE NEW RIVER ","","$555,000","$530,000","2","2","0","1,056","Condo","2004","2","No","No","Substantially Remodeled","0"
"2501","F10456288","CS","3160","2841 N Ocean Blvd Unit#902","Vantage View Vantage View","","$554,900","$490,000","2","2","0","1,100","Condo","1976","1","","No","",""
"2501","F10545268","CS","3160","1905 N Ocean Boulevard Unit#3A","Shore Club Condominium Shore Club Condominium","","$550,000","$555,000","2","2","0","1,500","Condo","1976","1","","No","",""
"2501","F10480225","CS","3160","2701 N Ocean Blvd Unit#9A","Embassy Tower Embassy Tower","","$550,000","$530,000","2","2","0","1,208","Condo","1972","0","","Yes","",""
"2501","A11643148","CS","3160","2715 N Ocean Blvd Unit#16A","EMBASSY TOWER II INC COND Embassy Tower II","","$550,000","$535,000","2","2","0","¤1,200","Condo","1973","1","","No","",""
"2501","A11677940","CS","3170","2100 S Ocean Ln Unit#610","POINT OF AMERICAS CONDO POINT OF AMERICAS","","$550,000","$525,000","1","1","1","¤1,109","Condo","1969","1","","Yes","",""
"2501","F10434356","CS","3170","1750 S Ocean Ln Unit#317","Lago Mar Place Lago Mar Place","","$550,000","$490,000","2","2","0","1,158","Co-Op","1962","0","","Yes","",""
"2501","F10448582","CS","3270","110 N Federal Hwy Unit#1210","Waverly at Las Olas Waverly at Las Olas","","$550,000","$542,500","2","2","0","1,558","Condo","2005","2","","No","",""
"2501","A11758090","CS","3280","155 Isle Of Venice Dr Unit#502","VENICE ISLE TOWER CONDO VENICE ISLE TOWER CONDO","","$550,000","$550,000","2","2","0","¤800","Condo","1973","0","","Yes","",""
"2501","F10474238","CS","3280","818 SE 4th St Unit#402","Rivercrest Rivercrest","","$550,000","$560,000","2","2","0","1,300","Condo","1963","0","","Yes","",""
"2501","A11624627","CS","3280","800 SE 4th St Unit#505","CHATEAU MAR CONDO Chateau Mar","","$550,000","$500,000","2","2","0","¤1,100","Condo","1966","0","","Yes","",""
"2501","F10447579","CS","3370","1425 NE 3rd Ave","Progresso 2-18 D ","","$550,000","$545,000","2","1","1","1,286","Single","1950","0","No","No","","6,755"
"2501","F10428991","CS","3370","3049 NW 6th Ave","Boulevard Estates Amd 38- ","","$550,000","$491,500","3","2","0","1,392","Single","1956","0","No","No","","8,827"
"2501","F10539117","CS","3380","1333 NE 16th Ave","Poinsettia Heights ","","$550,000","$525,000","2","2","0","1,539","Single","1950","0","Yes","No","","6,751"
"2501","R11139286","CS","3380","1033 NE 17th Way Unit#602","VILLA MEDICI CONDO ","","$550,000","$535,000","3","3","1","2,430","Townhouse","2007","2","No","No","",""
"2501","F10530234","CS","3380","1019 NE 11th St","Progresso 2-18 D ","","$550,000","$528,000","2","2","0","1,492","Single","1953","0","No","No","","6,749"
"2501","F10509672","CS","3380","1044 NE 18th Ave Unit#204","GALLERIA LOFTS GALLERIA LOFTS","","$550,000","$530,000","3","2","1","1,806","Townhouse","2018","1","","No","",""
"2501","F10478826","CS","3390","1300 NW 5th Ave","Progresso 2-18 D ","","$550,000","$525,000","3","2","1","1,624","Single","2023","1","No","No","","4,730"
"2501","F10478117","CS","3390","117 NW 11th St Unit#117","Progresso Progresso","","$550,000","$540,000","3","2","1","2,062","Townhouse","2007","2","","No","",""
"2501","A11570467","CS","3390","1345 NW 7th Ave","PROGRESSO ","","$550,000","$550,000","4","2","0","¤1,260","Single","1951","0","No","No","Detached","¤6,751"
"2501","A11532916","CS","3390","119 NW 11th St Unit#119","PROGRESSO PROGRESSO","","$550,000","$520,000","3","2","0","¤2,062","Townhouse","2008","2","","No","",""
"2501","A11745103","CS","3400","2633 NW 9th Lane","Bonie Villas ","","$550,000","$450,000","3","2","0","¤1,493","Single","1964","0","No","No","Detached","¤8,251"
"2501","A11809644","CS","3460","520 NW 20th Ave","RIVER BEND ","","$550,000","$534,125","5","3","0","¤2,223","Single","1972","1","No","No","Attached","¤5,750"
"2501","F10471377","CS","3460","1424 NE 1st Ave","PROGRESSO ","","$550,000","$520,000","3","2","0","1,318","Single","1949","0","No","No","","6,753"
"2501","F10517240","CS","3470","230 SW 12 Ave","Waverly Place 2-19 D ","","$550,000","$500,000","2","2","0","2,016","Single","1924","0","No","No","","3,750"
"2501","B26007104","CS","3480","1500 SW 13th Court","HENDRICKS HEIGHTS ","","$550,000","$550,000","2","1","0","1,332","Single","1948","","No","No","","6,382"
"2501","F10473899","CS","3480","617 SW 12th Ct","West River Sec Croissant ","","$550,000","$525,000","2","1","0","1,160","Single","1957","0","No","No","","6,890"
"2501","F10453815","CS","3480","1008 SW 22nd St","Rickel Add 26-31 B ","","$550,000","$535,000","3","2","0","1,188","Single","1956","0","No","No","","5,998"
"2501","A11973185","CS","3560","1042 NW 13th St","LAUDERDALE MANORS ADD ","","$550,000","$550,000","4","3","0","¤1,851","Single","1956","0","No","No","Detached","¤7,749"
"2501","F10462767","CS","3800","511 SE 5th Ave Unit#2511","NURIVER LANDING CONDO NURIVER LANDING CONDO","","$550,000","$545,000","2","2","0","1,246","Condo","2005","1","","No","",""
"2501","F10504831","CS","3380","1724 NE 16th Ave","PROGRESSO ","","$549,999","$540,000","3","2","0","1,145","Single","1950","0","No","No","","6,752"
"2501","F10517305","CS","3160","3020 NE 32nd Ave Unit#418","THE TIDES AT BRIDGESIDE THE TIDES AT BRIDGESIDE","","$549,900","$525,000","2","2","0","1,196","Condo","2002","2","","No","",""
"2501","A11716836","CS","3160","2715 N Ocean Blvd Unit#14E","EMBASSY TOWER II INC COND EMBASSY TOWER II","","$549,900","$435,000","2","2","0","¤1,200","Condo","1973","1","","No","",""
"2501","A11854872","CS","3240","2725 NE 8th Ave","HIGHLAND ESTATES ","","$549,900","$566,400","3","3","0","¤2,186","Single","2007","2","No","No","Attached","¤885"
"2501","A11882550","CS","3270","633 NE 9th Ave Unit#2","PARKSIDE VILLAS 2 CONDO Parkside Villas 2","","$549,900","$525,000","2","2","1","¤1,210","Townhouse","1989","0","","No","",""
"2501","F10555820","CS","3370","2617 NE 14th Avenue Unit#402","Wilton Station Wilton Station","","$549,900","$549,900","2","2","0","1,626","Condo","2006","0","","No","",""
"2501","F10540238","CS","3370","235 NE 21st St","Petite ","","$549,900","$500,000","2","1","0","900","Single","1949","0","No","No","","6,248"
"2501","R11034372","CS","3390","2740 NW 9th Lane","JENADA VILLAS 1 ADD ","","$549,900","$540,437","3","2","0","2,212","Single","1957","0","Yes","No","","11,377"
"2501","R11006624","CS","3470","500 SW 10 Street","LAUDERDALE ","","$549,900","$560,000","4","3","0","1,744","Single","1940","0","No","No","","6,250"
"2501","F10425701","CS","3700","315 NE 3rd Ave Unit#1101","Strada Strada","","$549,900","$510,000","2","2","1","1,185","Condo","2007","1","","No","",""
"2501","F10532427","CS","3800","511 SE 5th Ave Unit#2114","NuRiver Landing NuRiver Landing","","$549,900","$525,000","2","2","0","1,379","Condo","2006","1","","Yes","",""
"2501","F10475582","CS","3370","1137 NE 3rd Ave Unit#1137","PROGRESSO PROGRESSO","","$549,500","$525,000","3","2","1","2,439","Townhouse","2014","1","","No","",""
"2501","F10509060","CS","3160","2715 N Ocean Blvd Unit#9C","Embassy Towers II Embassy Towers II","","$549,000","$527,500","2","2","0","1,200","Condo","1973","1","","Yes","",""
"2501","F10470540","CS","3160","2715 N Ocean Blvd Unit#12D","Embassy Towers 2 Embassy Towers 2","","$549,000","$525,000","2","2","0","1,200","Condo","1973","1","","No","",""
"2501","F10459421","CS","3160","2701 N Ocean Blvd Unit#17B","Embassy Tower 1 Embassy Tower 1","","$549,000","$515,000","2","2","0","1,200","Condo","1972","1","","No","",""
"2501","F10526955","CS","3170","3000 Holiday Unit#606","Maya Marca Condominium Maya Marca Condominium","","$549,000","$500,000","2","2","0","1,214","Condo","1966","1","","Yes","",""
"2501","F10514775","CS","3270","110 N Federal Hwy Unit#1207","WAVERLY AT LAS OLAS WAVERLY AT LAS OLAS","","$549,000","$501,000","2","2","0","1,220","Condo","2005","0","","No","",""
"2501","R11091896","CS","3270","100 N Federal Highway Unit#1139","WAVERLY AT LAS OLAS CONDO ","","$549,000","$525,000","3","2","0","1,529","Condo","2005","3","No","No","",""
"2501","B26015323","CS","3280","347 N New River Dr Drive Unit#405","WATERGARDEN CONDO ","","$549,000","$535,000","2","2","0","1,080","Condo","2004","1","Yes","Yes","","0"
"2501","F10491403","CS","3280","2500 E Las Olas Blvd Unit#1704","MARINE TOWER MARINE TOWER","","$549,000","$500,000","2","2","0","1,230","Condo","1969","1","","Yes","",""
"2501","F10425699","CS","3280","1750 E Las Olas Blvd Unit#503","Seventeen Fifty Las Olas Seventeen Fifty Las Olas","","$549,000","$500,000","2","2","0","1,100","Co-Op","1957","0","","Yes","",""
"2501","F10513075","CS","3370","2749 NE 10TH AVE","AMADALE ADD ","","$549,000","$500,000","3","2","0","1,415","Single","1955","0","No","No","",""
"2501","A11770041","CS","3370","8 Hathaway Ln","TOWNHOUSE ISLE SEC 2 Townhouse Club Inc","","$549,000","$510,000","2","1","1","¤1,250","Townhouse","1965","0","","No","",""
"2501","F10442822","CS","3370","1521 NE 5th Ave","Progresso 2-18 D ","","$549,000","$550,000","2","1","0","1,183","Single","1956","0","Yes","No","","6,748"
"2501","F10509050","CS","3380","1780 NE 19th Street","North Ridge 30-32 B ","","$549,000","$525,000","3","2","0","1,348","Single","1953","0","No","No","","6,737"
"2501","A11713031","CS","3380","1033 NE 17th Way Unit#704","VILLA MEDICI CONDO VILLA MEDICI CONDO","","$549,000","$535,000","3","3","1","¤2,100","Townhouse","2007","2","","No","",""
"2501","F10535300","CS","3390","1440 NW 7th Terrace","Progresso 2-18 D ","","$549,000","$550,000","3","2","0","1,128","Single","1954","0","Yes","No","","6,751"
"2501","R10993739","CS","3390","1405 NW 7th Terrace","PROGRESSO ","","$549,000","$515,000","4","3","0","1,556","Single","1953","0","No","No","",""
"2501","F10473471","CS","3460","950 SW 18th Ave","Sherwood Forest 30-28 B ","","$549,000","$544,500","3","2","0","1,120","Single","1952","0","No","No","","6,750"
"2501","F10435375","CS","3470","1313 SW 4th St Unit#1313","Village at Sailboat Bend Village at Sailboat Bend","","$549,000","$535,000","4","3","1","2,539","Condo","2005","2","","No","",""
"2501","F10413062","CS","3470","1301 River Reach Dr Unit#504","River Reach Condo River Reach Condo","","$549,000","$510,000","2","2","0","1,250","Condo","1974","0","","Yes","",""
"2501","F10498795","CS","3480","500 SW 13th St","Lauderdale 2-9 D ","","$549,000","$525,000","2","1","0","850","Single","1946","0","No","No","","6,490"
"2501","F10468822","CS","3480","1208 SW 18th Ct","RIVER OAKS ","","$549,000","$545,000","3","2","0","1,450","Single","1957","0","No","No","","5,500"
"2501","F10549573","CS","3490","2921 SW 18th Terrace Unit#7","EDGEWOOD TOWNHOMES EDGEWOOD TOWNHOMES","","$549,000","$535,000","3","2","1","2,372","Townhouse","2006","1","","No","",""
"2501","F10439318","CS","3490","1310 SW 28th St","HIBISCUS PARK ","","$549,000","$535,000","3","2","0","1,283","Single","1946","0","No","No","","6,160"
"2501","A11792749","CS","3500","251 SW 23rd St","LAUDERDALE ","","$549,000","$535,000","3","1","0","¤1,187","Single","1952","1","No","No","Detached","¤10,125"
"2501","F10444200","CS","3500","610 W Las Olas Blvd Unit#1314","SYMPHONY NORTH CONDO SYMPHONY NORTH CONDO","","$549,000","$540,000","2","2","0","1,079","Condo","2005","1","","Yes","",""
"2501","A12006731","CS","3600","1819 SE 17th St Unit#710","PORT CONDO RESIDENCES","","$549,000","$510,000","2","2","1","¤1,440","Condo","2005","1","","Yes","",""
"2501","F10526264","CS","3800","200 SE 19th St","Croissant Park ","","$549,000","$500,000","3","2","0","1,134","Single","1968","0","Yes","No","","6,950"
"2501","R11053450","CS","3800","511 SE 5th Avenue Unit#2213","NuRiver Landing ","","$549,000","$500,000","2","2","0","1,270","Condo","2005","1","No","Yes","","0"
"2501","A11535256","CS","3800","511 SE 5th Ave Unit#PH12 (2512)","NURIVER LANDING CONDO NURIVER LANDING","","$549,000","$540,000","2","2","0","¤1,246","Condo","2006","1","","Yes","",""
"2501","A11575676","CS","3270","100 N Federal Hwy Unit#522","WAVERLY AT LAS OLAS CONDO WAVERLY AT LAS OLAS CONDO","","$548,000","$495,000","2","2","0","¤1,315","Condo","2005","2","","No","",""
"2501","F10505730","CS","3480","829 SW 19th St","Croissant Park ","","$548,000","$538,000","3","2","0","1,400","Single","1949","0","Yes","No","","6,965"
"2501","F10511088","CS","3160","336 N BIRCH RD Unit#4F","BIRCH CREST BIRCH CREST","","$545,000","$475,000","2","2","0","1,411","Condo","1971","1","","No","",""
"2501","F10484478","CS","3160","3003 Terramar St Unit#705","Birch Tower Birch Tower","","$545,000","$450,000","2","2","0","1,300","Condo","1959","0","","No","",""
"2501","A11631992","CS","3280","543 NE 7th Ave Unit#2A","7 EAST CONDO 7 East Condominium","","$545,000","$530,000","2","2","1","¤1,204","Townhouse","1981","0","","No","",""
"2501","R11036078","CS","3390","232 NW 25th Street","BEULALAND ","","$545,000","$540,000","2","2","0","1,407","Single","1956","1","Yes","No","","6,423"
"2501","A11870579","CS","3400","1612 NW 10th Ave","LAUDERDALE VILLAS ","","$545,000","$505,000","3","2","1","¤1,387","Single","1953","0","Yes","No","Detached","¤9,137"
"2501","F10444191","CS","3470","516 SW 19 way Unit#516","The Edge on 20 The Edge on 20","","$545,000","$528,000","3","2","1","1,622","Townhouse","2020","1","","No","",""
"2501","F10485989","CS","3480","719 SW 20th Street","Croissant Park ","","$545,000","$525,000","3","1","0","1,074","Single","1947","0","No","No","","7,533"
"2501","A11855569","CS","3490","1630 SW 28th St","RESERVE AT EDGEWOOD RESERVE AT EDGEWOOD","","$545,000","$535,000","3","2","1","¤1,646","Townhouse","2019","1","","No","",""
"2501","F10556020","CS","3500","610 W Las Olas Boulevard Unit#721N","Symphony Symphony","","$545,000","$545,000","2","2","0","1,036","Condo","2005","1","","Yes","",""
"2501","A11854550","CS","3560","2917 NW 6th Ave","MARCH ESTATES AMEN ","","$545,000","$525,000","2","1","0","","Single","1956","1","No","No","Attached","¤6,500"
"2501","F10456478","CS","3400","1535 NW 10th Ave","Lauderdale Villas 29-37 B ","","$544,990","$545,000","4","2","0","2,086","Single","1952","0","Yes","No","","10,366"
"2501","R11106281","CS","3390","1504 NW 2nd Avenue","PROGRESSO ","","$544,000","$544,000","4","3","0","2,052","Single","1950","0","No","No","Garden Apartment","6,750"
"2501","F10482930","CS","3370","2616 NE 9th Terrace","HIGHLAND ESTATES ","","$540,000","$530,000","3","1","0","1,125","Single","1959","0","No","No","","5,142"
"2501","F10442145","CS","3370","2000 Riverside Pl Unit#3","Riverside Place Riverside Place","","$540,000","$520,000","2","2","1","1,172","Townhouse","1994","0","","Yes","",""
"2501","F10556524","CS","3380","1033 NE 17th Way Unit#1905","VILLA MEDICI CONDO VILLA MEDICI CONDO","","$540,000","$540,000","2","2","1","2,080","Townhouse","2005","2","","No","",""
"2501","A11677358","CS","3380","1452 NE 10th Ave","Middle River Terrace ","","$540,000","$538,000","2","2","0","¤1,024","Single","1960","0","No","No","Detached","¤5,991"
"2501","A11923256","CS","3470","705 SW 14th Ave","RIVERSIDE ADD AMEN PLAT ","","$540,000","$465,000","2","1","0","¤1,067","Single","1942","2","No","No","Detached","¤10,256"
"2501","F10491123","CS","3480","513 SW 13TH ST","CROISSANT PARK ","","$540,000","$520,000","2","1","0","950","Single","1952","0","Yes","No","","6,820"
"2501","F10482998","CS","3800","511 SE 5th Ave Unit#1212","NuRiver Landing NuRiver Landing","","$540,000","$515,000","2","2","0","1,246","Condo","2006","1","","No","",""
"2501","F10437310","CS","3170","1 Las Olas Circle Unit#503","Venetian Condominium Venetian Condominium","","$539,900","$508,000","1","1","1","920","Condo","1971","1","","Yes","",""
"2501","F10550066","CS","3370","704 NE 14th Place","Lauderdale Gardens 8-28 B ","","$539,900","$539,900","3","2","0","1,256","Single","1954","0","No","No","","6,325"
"2501","F10495089","CS","3390","125 NW 23rd St","Maurers Highpoint First A ","","$539,900","$525,900","2","2","0","1,200","Single","1958","0","No","No","","7,499"
"2501","F10553895","CS","3370","2631 NE 14th Avenue Unit#404","Wilton Station Wilton Station","","$539,000","$540,000","2","2","0","1,346","Condo","2006","","","No","","0"
"2501","F10500214","CS","3370","2625 NE 14th Ave Unit#303","WILTON STATION RES CONDO WILTON STATION RES CONDO","","$539,000","$515,000","2","2","0","1,681","Condo","2005","1","","No","",""
"2501","F10533007","CS","3480","421 SW 12th Court","LAUDERDALE ","","$539,000","$520,000","2","1","0","1,123","Single","1949","0","No","No","","6,750"
"2501","F10464709","CS","3480","513 SW 14th St","Lauderdale 2-9 ","","$539,000","$535,000","2","1","0","812","Single","1950","0","No","No","","6,750"
"2501","F10536327","CS","3490","2650 SW 13th Avenue","Devonshire 22-29 B ","","$539,000","$425,000","3","2","0","1,780","Single","1951","0","No","No","","6,120"
"2501","F10496603","CS","3480","1006 SW 21 St","Rickel Add 26-31 B ","","$538,000","$510,000","3","2","0","1,212","Single","1957","0","No","No","","6,298"
"2501","A12012035","CS","3370","532 NE 16th Ct","MILLER GARDENS ","","$537,000","$500,000","2","1","0","¤759","Single","1952","0","No","No","Detached","¤5,880"
"2501","F10436966","CS","3270","835 NE 19th Ave Unit#2","Victoria Place Townhomes Victoria Place Townhomes","","$535,000","$515,000","2","2","1","1,224","Townhouse","1999","0","","No","",""
"2501","B26008409","CS","3370","2617 NE 14th Avenue Unit#401","WILTON STATION RES CONDO ","","$535,000","$527,000","2","2","0","1,687","Condo","2006","","No","No","","0"
"2501","F10499637","CS","3370","1204 NE 3rd Ave","PROGRESSO ","","$535,000","$495,000","3","2","0","1,006","Single","2003","0","No","No","","6,756"
"2501","B26029331","CS","3480","515 SW 18th Street","LAUDERDALE ","","$535,000","$515,000","2","1","0","922","Single","1951","1","No","No","","6,750"
"2501","F10436346","CS","3480","1219 SW 21","River Oaks ","","$535,000","$500,000","2","2","0","1,220","Single","1954","0","No","No","","6,599"
"2501","F10412332","CS","3810","445 N Andrews Ave Unit#304","Avenue Lofts Avenue Lofts","","$535,000","$535,000","1","1","0","1,178","Condo","2005","1","","No","",""
"2501","F10485718","CS","3270","110 N Federal Hwy Unit#PH1507","WAVERLY AT LAS OLAS WAVERLY AT LAS OLAS","","$534,000","$506,000","2","2","0","1,321","Condo","2005","2","","No","",""
"2501","F10480400","CS","3270","559 NE 7th Ave Unit#6A","7 East Townhomes 7 East Townhomes","","$530,000","$480,000","2","2","1","1,204","Townhouse","1981","0","","No","",""
"2501","F10542820","CS","3380","1025 NE 18th Ave Unit#103","Galleria Lofts Condos Galleria Lofts Condos","","$530,000","$490,000","2","2","1","1,938","Condo","2017","1","","No","",""
"2501","F10475001","CS","3390","1023 NW 2nd Ave","Progresso 2-18 D ","","$530,000","$470,000","3","2","0","1,285","Single","1948","0","No","No","","13,493"
"2501","A11605465","CS","3490","837 SW 26th St","LAKEWAY ","","$530,000","$515,000","4","2","0","¤1,230","Single","1952","0","No","No","Detached","¤7,040"
"2501","F10470222","CS","3480","1227 SW 18th Ave","SHADY BANKS ","","$529,900","$501,000","3","1","0","1,216","Single","1953","0","No","No","","7,500"
"2501","F10521443","CS","3810","431 NW 7th Ter","North Lauderdale 1-48 D ","","$529,900","$500,000","3","2","1","1,499","Single","2025","1","No","No","","3,373"
"2501","F10450734","CS","3270","110 N Federal Hwy Unit#805","The Waverly at Las Olas The Waverly at Las Olas","","$529,000","$520,000","2","2","0","1,350","Condo","2005","2","","No","",""
"2501","B26010815","CS","3370","1617 NE 8th Avenue","RESUB OF POR OF NORFOLK GA ","","$529,000","$500,000","3","2","0","1,190","Single","1952","","No","No","","6,046"
"2501","F10545617","CS","3370","261 NE 16th Place Unit#305","Spanish Spring Townhomes Spanish Spring Townhomes","","$529,000","$515,000","3","2","1","1,541","Townhouse","1988","0","","Yes","",""
"2501","F10460527","CS","3370","2633 NE 14th Ave Unit#104","Wilton Station Wilton Station","","$529,000","$474,000","2","2","1","1,721","Condo","2007","1","","No","",""
"2501","B26026559","CS","3390","2216 NW 2nd Avenue","MAURERS HIGHPOINT FIRST AD ","","$529,000","$529,000","3","2","0","1,078","Single","1958","","No","No","Ranch","4,705"
"2501","A11949106","CS","3400","1630 NW 14th Ct","LAUDERDALE MANORS AMD PLA ","","$529,000","$529,000","4","2","","¤1,608","Single","1953","0","Yes","No","Attached","¤8,050"
"2501","A11690701","CS","3480","609 SW 18th Ct","MUNNELLY MANOR ","","$529,000","$524,000","3","1","0","¤1,348","Single","1949","0","No","No","Detached","¤8,093"
"2501","A11644500","CS","3490","2630 SW 13th Ave","DEVONSHIRE ","","$529,000","$515,000","3","2","0","¤1,153","Single","1951","0","No","No","Attached","¤6,120"
"2501","F10538726","CS","3500","610 W Las Olas Boulevard Unit#1621","Symphony Symphony","","$529,000","$508,000","2","2","0","1,036","Condo","2005","1","","Yes","",""
"2501","F10507673","CS","3160","3020 NE 32nd Ave Unit#506","TIDES AT BRIDGESIDE TIDES AT BRIDGESIDE","","$525,000","$525,000","2","2","0","1,200","Condo","2002","2","","No","",""
"2501","F10466690","CS","3160","2501 N Ocean Blvd Unit#550","Fountains on Ocean Fountains on Ocean","","$525,000","$462,500","2","2","0","1,570","Condo","2008","1","","No","",""
"2501","F10460257","CS","3160","3020 NE 32nd Ave Unit#1211","The Tides at Bridgeside The Tides at Bridgeside","","$525,000","$460,000","2","2","0","1,110","Condo","2002","1","","No","",""
"2501","B26008135","CS","3260","2717 Yacht Club Boulevard Unit#Penthouse 5e","SUNRISE BAY CLUB CO-OP ","","$525,000","$500,000","2","2","0","1,030","Co-Op","1956","","Yes","Yes","Penthouse, Substantially Remodeled","0"
"2501","B26029850","CS","3280","2500 E Las Olas Boulevard Unit#1703","MARINE TOWER CONDO ","","$525,000","$490,000","2","2","0","1,230","Condo","1969","1","No","Yes","","0"
"2501","B26012120","CS","3280","180 Isle Of Venice Drive Unit#130","OASIS-NURMI ISLE CO-OP ","","$525,000","$486,525","2","2","0","1,140","","1959","","No","Yes","","0"
"2501","F10503251","CS","3280","818 SE 4th St Unit#404","Rivercrest Rivercrest","","$525,000","$510,000","2","2","0","1,300","Condo","1963","0","","Yes","",""
"2501","F10454032","CS","3280","155 Isle Of Venice Dr Unit#604","VENICE ISLE TOWER CONDO VENICE ISLE TOWER CONDO","","$525,000","$517,500","2","2","0","800","Condo","1973","1","","Yes","",""
"2501","F10538396","CS","3370","812 NE 17th Ct","Lauderdale Park 6-33 1/2 ","","$525,000","$510,000","3","3","0","1,560","Single","1955","0","Yes","No","","8,256"
"2501","A11609769","CS","3370","1429 NE 5th Ave","PROGRESSO ","","$525,000","$520,000","2","1","","¤926","Single","1955","0","No","No","Detached","¤6,748"
"2501","F10526277","CS","3380","1412 NE 14TH PL","VERENA PARK 29-9 B ","","$525,000","$515,000","3","2","0","1,196","Single","1960","0","No","No","","6,000"
"2501","F10507596","CS","3380","1045 NE 18th Ave Unit#307","Galleria Lofts Galleria Lofts","","$525,000","$475,000","2","2","1","2,085","Condo","2017","1","","No","",""
"2501","F10461124","CS","3380","1146 NE 12th Ave","PROGRESSO ","","$525,000","$450,000","2","1","0","943","Single","1949","0","No","No","","6,750"
"2501","A11770351","CS","3390","2918 NW 9th Ter","JENADA VILLAS 1 ADD ","","$525,000","$500,000","3","2","0","¤1,599","Single","1957","0","No","No","Detached","¤6,797"
"2501","F10543103","CS","3480","1436 SW 16th Ter","Shady Banks On New River ","","$525,000","$525,000","3","2","0","1,470","Single","1955","0","No","No","","7,475"
"2501","A11670811","CS","3480","1708 SW 13th St","RIVERSIDE ESTATES 2ND REV ","","$525,000","$480,000","2","1","0","¤1,110","Single","1953","0","No","No","Attached","¤6,300"
"2501","F10446794","CS","3480","614 SW 18th St","CROISSANT PARK ","","$525,000","$500,000","2","1","0","1,156","Single","1948","1","No","No","","8,100"
"2501","R10988944","CS","3590","312 SW 16th Street","Croissant Park ","","$525,000","$500,000","2","1","0","904","Single","1950","0","No","No","","6,750"
"2501","F10500806","CS","3800","520 SE 5th Ave Unit#1703","Las Olas By The River Las Olas By The River","","$525,000","$525,000","3","2","0","1,447","Condo","2001","2","","No","",""
"2501","F10496414","CS","3800","520 SE 5th Ave Unit#1211","Las Olas by the River Las Olas by the River","","$525,000","$464,000","3","2","0","1,447","Condo","2001","2","","No","",""
"2501","F10529525","CS","3810","715 NW 3rd Ave","Progresso 1-107 D ","","$525,000","$505,000","3","2","0","1,390","Single","1999","0","No","No","","6,750"
"2501","A11688634","CS","3270","3017 NE 3rd Ave","ALMAR ESTATES RESUB ","","$524,999","$500,000","2","1","0","¤1,052","Single","1959","0","No","No","Attached","¤6,498"
"2501","A11825746","CS","3380","1033 NE 17th Way Unit#904","VILLA MEDICI CONDO VILLA MEDICI","","$524,999","$510,000","3","3","1","¤1,990","Townhouse","2005","2","","No","",""
"2501","F10543645","CS","3480","937 SW 18th Street","Yellowstone Park Amd ","","$524,999","$505,000","3","1","0","1,390","Single","1947","","No","No","","5,494"
"2501","A11944391","CS","3810","311 City View Dr","NEAR NORTHWEST City View Townhomes","","$524,900","$497,000","3","2","0","¤1,452","Townhouse","1986","0","","No","",""
"2501","A11883204","CS","3342","232 SW 22nd St","LAUDERDALE ","","$524,000","$515,000","3","2","0","¤1,194","Single","1950","0","No","No","Attached","¤6,750"
"2501","R11055892","CS","3270","100 N Federal Highway Unit#719","WAVERLY AT LAS OLAS CONDO ","","$520,000","$493,000","2","2","0","1,200","Condo","2005","1","No","No","","365"
"2501","F10506291","CS","3280","347 N New River Dr Unit#3107","Watergarden Watergarden","","$520,000","$500,000","1","1","0","820","Condo","2004","1","","Yes","",""
"2501","F10508695","CS","3370","325 NE 21st St","Petite 18-18 B ","","$520,000","$535,750","3","3","0","1,598","Single","1951","0","No","No","","6,249"
"2501","R11034175","CS","3460","530 NW 13th Avenue","FIRST ADD TO TUSKEGEE PARK ","","$520,000","$520,000","3","2","1","","Single","2025","0","No","No","Garden Apartment","3,955"
"2501","F10541037","CS","3800","511 SE 5th Avenue Unit#1414","NURIVER LANDING CONDO NURIVER LANDING CONDO","","$520,000","$505,000","2","2","0","1,379","Condo","2006","1","","Yes","",""
"2501","F10541296","CS","3390","1345 NW 4th Avenue","Progresso 2-18 D ","","$519,950","$520,000","2","1","0","989","Single","1946","0","Yes","No","","9,457"
"2501","A11893052","CS","3560","409 NW 13th Ave","FIRST ADD TO TUSKEGEE PAR ","","$519,950","$500,000","3","2","0","¤1,421","Single","2022","1","No","No","Attached","¤5,932"
"2501","A11973364","CS","3390","1529 NW 2nd Ave","Progresso 2-18 ","","$519,900","$512,000","4","3","0","¤1,532","Single","1964","0","No","No","Detached","¤6,752"
"2501","F10484970","CS","3280","340 Sunset Dr Unit#1809","Essex Tower Condo Essex Tower Condo","","$519,500","$480,000","2","2","0","1,218","Condo","1971","1","","No","",""
"2501","F10442639","CS","3370","2609 NE 14th Ave Unit#114","wilton station wilton station","","$519,000","$493,000","2","2","1","1,673","Townhouse","2007","0","","No","",""
"2501","B26005263","CS","3380","1033 NE 17th Way Unit#2003","VILLA MEDICI CONDO ","","$519,000","$509,000","3","3","1","1,990","Condo","2005","2","No","No","Garden Apartment, Other","0"
"2501","F10479455","CS","3470","1923 SW 5th Blvd Unit#1923","The Edge on 20th The Edge on 20th","","$519,000","$515,000","3","2","1","1,540","Townhouse","2021","1","","No","",""
"2501","F10549305","CS","3800","511 SE 5th Avenue Unit#1811","NURIVER LANDING CONDO NURIVER LANDING CONDO","","$516,000","$510,000","2","2","0","1,246","Condo","2006","1","","Yes","","0"
"2501","F10457944","CS","3260","1170 N Federal Highway Unit#302","East Point Towers East Point Towers","","$515,000","$515,000","2","2","0","1,920","Condo","1973","2","","Yes","",""
"2501","B26010743","CS","3270","100 N Federal Highway Unit#719","WAVERLY AT LAS OLAS CONDO ","","$515,000","$499,000","2","2","0","1,200","Condo","2005","1","No","No","Other","0"
"2501","F10536621","CS","3370","1401 NE 5th Ter","Middle River Terrace ","","$515,000","$495,000","3","2","0","1,249","Single","1942","0","No","No","","6,760"
"2501","A11775213","CS","3380","1033 NE 17th Way Unit#703","VILLA MEDICI CONDO Raphael","","$515,000","$515,000","3","3","1","¤2,100","Townhouse","2007","2","","No","",""
"2501","F10466124","CS","3380","1033 NE 17th Way Unit#605","Villa Medici Villa Medici","","$515,000","$513,436","4","4","1","2,100","Townhouse","2005","2","","No","",""
"2501","B26009979","CS","3470","1445 SW 11th Place","VALENTINES SUB B-29 ","","$515,000","$515,000","3","2","1","2,107","Single","2002","2","No","No","","6,900"
"2501","A11992149","CS","3470","1445 SW 11th Pl","VALENTINES SUB B-29 ","","$515,000","$515,000","3","2","1","¤2,107","Single","2002","2","No","No","Attached","¤6,900"
"2501","F10537710","CS","3560","1509 NW 4th Ave","Progresso 2-18 D ","","$515,000","$455,000","2","2","0","1,012","Single","1938","0","No","No","","6,755"
"2501","F10444319","CS","3810","410 NW 1st Ave Unit#506","The Mill Lofts The Mill Lofts","","$515,000","$505,000","1","1","0","1,075","Condo","2007","1","","No","",""
"2501","F10551830","CS","3460","536 NW 13th Avenue","First Add To Tuskegee Par ","","$514,990","$514,990","3","2","1","1,624","Single","2026","","No","No","","3,955"
"2501","F10520100","CS","3370","124 Almar Drive","Almar Estates Resub 32-36 ","","$514,100","$475,600","2","2","0","1,504","Single","1956","0","Yes","No","","7,146"
"2501","A11501166","CS","3480","1115 SW 21st St","FLORAL RIDGE ","","$512,900","$500,000","2","2","0","¤1,178","Single","1955","0","No","No","Detached","¤6,599"
"2501","F10444949","CS","3160","520 Orton Ave Unit#302","GARDEN VIEW APARTMENTS GARDEN VIEW APARTMENTS","","$510,000","$485,000","2","2","0","1,266","Condo","1985","0","","No","",""
"2501","R11028345","CS","3470","604 SW 7th Street","Tarpon River ","","$510,000","$480,000","3","2","0","1,464","Single","1960","1","No","No","Garden Apartment","6,500"
"2501","F10461014","CS","3480","308 SW 10th St","Lauderdale 2-9 D ","","$510,000","$515,000","2","1","0","942","Single","1949","0","No","No","","6,250"
"2501","A11717860","CS","3490","1605 SW 28th St Unit#1605","RESERVE AT EDGEWOOD The Edge 15","","$510,000","$500,000","3","2","1","¤1,646","Townhouse","2020","1","","No","",""
"2501","A11810425","CS","3600","1819 SE 17th St Unit#1501","PORT CONDOMINIUM THE PORT RESIDENCES","","$510,000","$503,500","1","1","1","¤1,384","Condo","2005","2","","Yes","",""
"2501","A11657789","CS","3600","808 SE 12th Ct Unit#8","FIRESIDE TOWNHOMES CONDO Fireside","","$510,000","$480,000","2","2","1","¤1,580","Townhouse","1985","0","","No","",""
"2501","F10458957","CS","3160","3000 E Sunrise Blvd Unit#6G","CARLTON TOWER CARLTON TOWER","","$509,000","$475,000","2","2","0","1,202","Condo","1969","1","","No","",""
"2501","F10495480","CS","3370","2601 NE 14th Ave Unit#115","Wilton Station Wilton Station","","$509,000","$515,000","2","2","1","1,742","Townhouse","2006","1","","No","",""
"2501","A11594295","CS","3370","2758 NE 8th Ave Unit#2758","HIGHLAND ESTATES Highland Estates","","$509,000","$485,000","2","2","1","¤1,386","Townhouse","2005","0","","No","",""
"2501","F10481083","CS","3390","2924 NW 9th Ter","Jenada Villas 1 Add 42-7 ","","$509,000","$500,000","3","2","0","1,226","Single","1957","0","No","No","","6,796"
"2501","A11862424","CS","3490","1600 SW 28 Street Unit#0","The Edge on 15th The Edge on 15","","$509,000","$505,000","3","2","1","1,539","Townhouse","2019","1","","No","",""
"2501","F10462800","CS","3810","639 NW 1st Ave Unit#639","Old Pregresso Village Old Pregresso Village","","$509,000","$480,000","2","2","1","1,216","Townhouse","2004","0","","No","",""
"2501","F10508929","CS","3810","444 NW 1st Ave Unit#502","The Avenue Loft Condos The Avenue Loft Condos","","$507,800","$480,375","2","2","0","1,609","Condo","2005","1","","No","",""
"2501","A11704546","CS","3050","300 SW 14th Ct.","LAUDERDALE ","","$505,000","$485,000","3","2","0","¤968","Single","1952","0","Yes","No","Attached","¤7,560"
"2501","F10420570","CS","3370","1432 NE 10th Ave","Howard Acres ","","$505,000","$504,000","2","1","0","816","Single","1956","0","Yes","No","","5,992"
"2501","F10546554","CS","3480","1300 SW 19th Avenue","Shady Banks ","","$505,000","$480,000","2","1","0","1,148","Single","1954","","No","No","","9,295"
"2501","F10524443","CS","3170","2000 S Ocean Dr Unit#1009","Everglades House Everglades House","","$500,000","$475,000","2","1","1","1,205","Condo","1965","1","","Yes","",""
"2501","F10479690","CS","3270","110 N Federal Hwy Unit#1504","WAVERLY AT LAS OLAS CONDO WAVERLY AT LAS OLAS CONDO","","$500,000","$450,000","2","2","0","1,558","Condo","2005","2","","No","",""
"2501","R11034799","CS","3270","1501 E Broward Boulevard Unit#509","PINE CREST VILLAGE I AT ","","$500,000","$450,000","3","2","0","1,440","Condo","1966","0","No","No","",""
"2501","A11692956","CS","3370","1009 NE 18th St","LAUDERDALE PARK 6-33 1/2 ","","$500,000","$468,000","3","2","","¤1,424","Single","1958","0","No","No","Detached","¤4,723"
"2501","F10447590","CS","3370","601 NE 14th Ct","Middle River Terrace ","","$500,000","$515,000","2","1","0","1,000","Single","1956","0","No","No","","6,800"
"2501","A11560621","CS","3390","1624 NW 7th Ave","South Middle River ","","$500,000","$500,000","3","1","0","¤1,069","Single","1953","0","No","No","Detached","¤6,752"
"2501","A11922862","CS","3470","1960 Riverside Dr","RIVERSIDE PARK ","","$500,000","$525,000","4","3","0","¤1,262","Single","1946","0","Yes","No","Detached","¤7,509"
"2501","F10534409","CS","3470","1130 SW 8th Ter","VINIK NO 2 ","","$500,000","$515,000","3","2","0","1,392","Single","1949","0","No","No","","6,041"
"2501","A11779695","CS","3480","1843 SW 4th Ave","LAUDERDALE ","","$500,000","$425,000","2","1","0","¤772","Single","1952","0","No","No","Detached","¤6,250"
"2501","F10503185","CS","3500","610 W Las Olas Blvd Unit#514N","Symphony North Symphony North","","$500,000","$415,000","2","2","0","1,000","Condo","2005","1","","Yes","",""
"2501","A11565017","CS","3570","728 SW 16th Ave","HABITAT FOR HUMANITY OF B ","","$500,000","$490,000","4","2","0","¤1,275","Single","2002","0","No","No","Attached","¤10,000"
"2501","F10487811","CS","3160","601 N Fort Lauderdale Beach Boulevard Unit#1106","THE ATLANTIC HOTEL CONDO THE ATLANTIC HOTEL CONDO","","$499,999","$475,000","1","1","0","600","Condo","2004","1","","Yes","",""
"2501","F10477888","CS","3160","2800 E Sunrise Blvd Unit#16C","SUNRISE EAST CONDO SUNRISE EAST CONDO","","$499,999","$475,000","2","2","0","1,575","Condo","1969","2","","Yes","",""
"2501","F10474838","CS","3260","1881 Middle River Dr Unit#501","Middle River Tower Middle River Tower","","$499,999","$475,000","2","2","0","1,525","Condo","1978","0","","Yes","",""
"2501","F10529949","CS","3280","2500 E LAS OLAS BLVD Unit#707","MARINE TOWER MARINE TOWER","","$499,999","$505,000","2","2","0","1,230","Condo","1969","1","","Yes","",""
"2501","F10465864","CS","3370","1699 NE 3rd Ave Unit#501","Spanish Spring Townhouses Spanish Spring Townhouses","","$499,999","$499,999","3","2","1","1,541","Townhouse","1987","0","","Yes","",""
"2501","A11572083","CS","3400","1161 NW 15th St","LAUDERDALE VILLAS ","","$499,999","$490,000","3","2","0","¤1,386","Single","1952","0","Yes","No","Attached","¤9,141"
"2501","A11691595","CS","3480","501 SW 14th St","LAUDERDALE ","","$499,999","$485,000","2","1","0","¤1,072","Single","1950","0","Yes","No","Detached","¤6,750"
"2501","A11701342","CS","3500","228 SW 14th Ct","LAUDERDALE ","","$499,999","$470,000","3","1","0","¤1,485","Single","1952","0","No","No","Attached","¤7,560"
"2501","F10441371","CS","3500","304 SW 9th St","Lauderdale 2-9 D ","","$499,987","$498,000","1","1","0","760","Single","1925","0","No","No","","6,633"
"2501","F10542432","CS","3160","511 Bayshore Dr Unit#804","Bayshore Towers Bayshore Towers","","$499,900","$485,000","2","2","0","1,330","Condo","1971","1","","Yes","",""
"2501","F10513270","CS","3160","601 N Ft Lauderdale Bch Boulevard Unit#1406","THE ATLANTIC HOTEL CONDO THE ATLANTIC HOTEL CONDO","","$499,900","$437,500","1","1","0","600","Condo","2004","1","","Yes","",""
"2501","F10513264","CS","3160","601 N Ft Lauderdale Bch Boulevard Unit#1405","THE ATLANTIC HOTEL CONDO THE ATLANTIC HOTEL CONDO","","$499,900","$437,500","1","1","0","600","Condo","2004","1","","Yes","",""
"2501","F10525723","CS","3270","100 N Federal Hwy Unit#628","Waverly At Las Olas Waverly At Las Olas","","$499,900","$485,000","2","2","0","1,225","Condo","2005","2","","No","",""
"2501","F10536514","CS","3280","535 Hendricks Isle Unit#305","Burton Point Burton Point","","$499,900","$485,000","2","1","1","800","Condo","1963","0","","Yes","",""
"2501","F10468331","CS","3280","1212 SE 2nd Ct Unit#304","Las Olas Manor Las Olas Manor","","$499,900","$460,000","2","2","0","1,218","Condo","1975","0","","No","",""
"2501","A11702742","CS","3370","2617 NE 14th Ave Unit#306","WILTON STATION RES CONDO Wilton Station","","$499,900","$450,000","2","2","0","¤1,386","Condo","2006","2","","No","",""
"2501","A11599803","CS","3370","8 Coventry Way Unit#19B","CYPRESS COVE CONDOMINIUM Cypress Cove Condominium","","$499,900","$485,000","2","2","1","¤1,200","Condo","1976","0","","Yes","",""
"2501","F10441736","CS","3370","2633 NE 14th Ave Unit#406","Wilton Station Wilton Station","","$499,900","$480,000","2","2","0","1,390","Condo","2005","1","","Yes","",""
"2501","A11767860","CS","3380","705 NE 15th Ct","NORFOLK GARDENS RE AMD ","","$499,900","$475,000","2","1","0","¤910","Single","1954","0","Yes","No","Detached","¤7,258"
"2501","A11710855","CS","3390","1209 NW 9th Ave","LAUDERDALE MANORS ADD-REV ","","$499,900","$499,900","4","3","","¤1,558","Single","1954","0","No","No","Detached","¤6,947"
"2501","F10488620","CS","3480","1601 SW 12th Ct","Riverside Estates 2nd Rev ","","$499,900","$425,000","2","1","0","1,008","Single","1953","0","No","No","","6,541"
"2501","B26007395","CS","3500","1835 Park Lane","CROISSANT PARK PARK SECTIO ","","$499,900","$499,900","3","3","0","1,095","Single","1952","1","No","No","Substantially Remodeled",""
"2501","B26000895","CS","3500","600 W Las Olas Boulevard Unit#1501s","SYMPHONY SOUTH CONDO ","","$499,900","$462,500","2","2","0","1,000","Condo","2005","1","No","Yes","","0"
"2501","F10545350","CS","3810","240 City View Drive Unit#240","City View Townhomes City View Townhomes","","$499,900","$475,000","3","2","0","1,408","Townhouse","2000","0","","No","",""
"2501","F10465473","CS","3260","1170 N Federal Hwy Unit#1001","East Point Towers East Point Towers","","$499,500","$435,000","2","2","0","1,920","Condo","1973","1","","Yes","",""
"2501","F10450630","CS","3260","2866 NE 30th St Unit#9","Lafayette Arms Lafayette Arms","","$499,500","$485,000","2","2","0","931","Co-Op","1961","0","","Yes","",""
"2501","R11077305","CS","3280","155 Isle Of Venice Drive Unit#304","VENICE ISLE TOWER CONDO ","","$499,500","$490,000","2","2","0","800","Condo","1973","1","No","Yes","High Rise",""
"2501","F10531364","CS","3800","511 SE 5th Ave Unit#919","NuRiver Landing Condo NuRiver Landing Condo","","$499,500","$480,000","2","2","0","1,113","Condo","2006","1","","Yes","",""
"2501","F10492278","CS","3160","2200 NE 33rd Ave Unit#12J","WHITE EGRET WHITE EGRET","","$499,000","$499,000","2","2","0","1,425","Condo","1971","0","","No","",""
"2501","A11758434","CS","3160","3003 Terramar St Unit#701","BIRCH SQUARE CONDO BIRCH SQUARE CONDO","","$499,000","$450,000","2","2","0","¤1,300","Condo","1959","1","","No","",""
"2501","A11725529","CS","3160","3110 NE 29th St Unit#5","MONTICELLO CONDO MONTICELLO","","$499,000","$450,000","2","2","0","¤1,050","Condo","1969","0","","Yes","",""
"2501","F10478087","CS","3160","3000 E Sunrise Blvd Unit#15A","Carlton Tower Carlton Tower","","$499,000","$460,000","2","2","0","1,084","Condo","1969","0","","No","",""
"2501","F10466540","CS","3160","720 Bayshore Dr Unit#702","Nautical Towers Nautical Towers","","$499,000","$475,000","2","2","0","1,427","Condo","1971","0","","No","",""
"2501","F10492896","CS","3170","2100 S Ocean Dr Unit#15H","Sky Harbour East Sky Harbour East","","$499,000","$450,000","1","1","0","900","Condo","1965","0","","Yes","",""
"2501","F10513220","CS","3280","2500 E Las Olas Blvd Unit#PH5","Marine Tower Marine Tower","","$499,000","$470,000","1","1","1","870","Condo","1969","1","","Yes","",""
"2501","A11806233","CS","3280","535 Hendricks Isle Unit#303","Burton Point Condo Burton Point Condo","","$499,000","$465,000","2","2","0","¤800","Condo","1963","0","","Yes","",""
"2501","F10483663","CS","3280","800 SE 4th St Unit#605","Chateau Mar Chateau Mar","","$499,000","$475,000","2","2","0","1,100","Condo","1966","0","","Yes","",""
"2501","F10474746","CS","3280","333 Sunset Dr Unit#206","The Four Seasons The Four Seasons","","$499,000","$465,600","1","2","0","1,630","Condo","1958","1","","Yes","",""
"2501","F10550093","CS","3370","1445 NE 1st Avenue","PROGRESSO ","","$499,000","$515,000","3","2","0","1,267","Single","1956","","No","No","","6,383"
"2501","F10541190","CS","3370","2117 NE 11th Ave Unit#2117","Wilton Pines Wilton Pines","","$499,000","$499,000","2","2","1","1,167","Townhouse","1982","0","","No","",""
"2501","F10493187","CS","3370","2525 NW 3rd Ave","Babco Heights 43-38 B ","","$499,000","$499,000","3","2","0","1,368","Single","1957","0","No","No","","6,997"
"2501","F10478231","CS","3370","2609 NE 14th Ave Unit#401","WILTON STATION WILTON STATION","","$499,000","$475,000","2","2","0","1,395","Condo","2008","1","","Yes","",""
"2501","F10476909","CS","3370","1448 NE 24th Ct","Wilton Manors ","","$499,000","$467,000","2","2","0","1,357","Single","1950","0","No","No","","4,753"
"2501","F10446031","CS","3370","1404 NE 2nd Ave","Progresso 2-18 D ","","$499,000","$475,000","3","2","0","1,438","Single","1952","0","No","No","","6,755"
"2501","F10469401","CS","3380","1033 NE 17th Wy Unit#103","VILLA MEDICI CONDO VILLA MEDICI CONDO","","$499,000","$490,000","3","3","1","1,780","Townhouse","2006","2","","No","",""
"2501","F10448252","CS","3380","1909 NE 15th Ave Unit#1909","Edgewater Townhomes Edgewater Townhomes","","$499,000","$475,000","2","2","1","1,060","Townhouse","1987","0","","Yes","",""
"2501","A11991588","CS","3390","1213 NW 6th Ave","PROGRESSO ","","$499,000","$492,000","4","2","0","¤1,323","Single","1955","1","No","No","Detached","¤10,135"
"2501","F10538731","CS","3390","1109 NW 1st Avenue Unit#1109","PROGRESSO PROGRESSO","","$499,000","$465,000","3","2","1","2,249","Townhouse","2007","2","","No","",""
"2501","F10538771","CS","3390","1111 NW 1st Avenue Unit#1111","PROGRESSO PROGRESSO","","$499,000","$465,000","3","2","1","2,294","Townhouse","2007","2","","No","",""
"2501","F10537841","CS","3390","113 NW 11th","PROGRESSO PROGRESSO","","$499,000","$465,000","3","2","1","2,062","Townhouse","2007","2","","No","",""
"2501","A11791727","CS","3390","1313 NW 1st Ave","PROGRESSO ","","$499,000","$490,000","3","2","0","¤991","Single","2002","0","No","No","Attached","¤6,750"
"2501","F10451389","CS","3390","1234 NW 7th Ave","PROGRESSO ","","$499,000","$520,000","4","2","0","1,393","Single","1955","0","No","No","","6,756"
"2501","A11615583","CS","3390","1220 NE 1st Ave","Progresso 2-18 D ","","$499,000","$500,000","3","2","","¤1,231","Single","1953","0","No","No","Detached","¤6,751"
"2501","F10443899","CS","3390","1220 N Andrews Ave","Progresso 2-18 D ","","$499,000","$485,000","3","2","0","1,934","Single","1948","1","No","No","","6,011"
"2501","F10397474","CS","3390","2909 NW 9th Ave","JENADA VILLAS 1 ADD ","","$499,000","$510,000","3","3","0","1,355","Single","1957","0","No","No","","6,502"
"2501","F10507924","CS","3470","1131 SW 8th Ter","Vinik 2 25-33 B ","","$499,000","$515,000","2","1","0","744","Single","1949","0","No","No","","6,200"
"2501","A11754971","CS","3470","209 SW 18th Ave","ROBERTSON PARK ","","$499,000","$490,000","3","2","0","¤1,269","Single","1955","0","No","No","Detached","¤9,900"
"2501","F10480912","CS","3470","715 SW 14th Ter","Riverside Add Amd 1-13 B ","","$499,000","$485,000","2","1","0","952","Single","1937","0","No","No","","7,338"
"2501","F10480340","CS","3470","1412 SW 7th St","Riverside Add Amd 1-13 B ","","$499,000","$490,000","2","1","0","1,089","Single","1930","0","No","No","","5,242"
"2501","F10509093","CS","3480","501 SE 16th Ct","Lauderdale 2-9 D ","","$499,000","$450,000","3","2","0","1,265","Single","1946","0","No","No","","6,750"
"2501","F10457112","CS","3480","1417 SW 19th St","RIVER OAKS ","","$499,000","$480,000","3","1","0","1,163","Single","1952","0","No","No","","6,000"
"2501","F10450034","CS","3480","1708 SW 13 CT","SHADY BANKS ","","$499,000","$496,400","2","1","0","1,184","Single","1952","0","No","No","",""
"2501","F10447692","CS","3480","515 SW 18th St","CROISSANT PARK ","","$499,000","$499,000","2","1","0","922","Single","1951","1","No","No","","6,750"
"2501","A11954042","CS","3490","1540 SW 28th St","RESERVE AT EDGEWOOD RESERVE AT EDGEWOOD","","$499,000","$498,000","3","2","1","¤1,539","Townhouse","2020","1","","No","",""
"2501","F10546222","CS","3500","600 W Las Olas Boulevard Unit#909S","SYMPHONY CONDO SYMPHONY CONDO","","$499,000","$460,000","2","2","0","1,093","Condo","2006","1","","","",""
"2501","A11996002","CS","3600","511 SE 5th Ave Unit#1714","NURIVER LANDING CONDO NuRiver Landing","","$499,000","$475,000","2","2","0","¤1,379","Condo","2006","1","","Yes","",""
"2501","F10506447","CS","3600","1535 SE 15TH ST Unit#306","HARBOR VIEW HARBOR VIEW","","$499,000","$480,000","2","2","0","0","Condo","1965","0","","Yes","",""
"2501","F10512326","CS","3633","1604 NW 6th Ave","Progresso 2-18 D ","","$499,000","$465,000","2","1","0","840","Single","1950","0","No","No","","5,007"
"2501","F10428716","CS","3700","313 NE 2nd St Unit#905","Nola Lofts Nola Lofts","","$499,000","$475,000","2","2","0","1,265","Condo","2005","0","","No","",""
"2501","F10465859","CS","3800","333 Las Olas Way Unit#508","LAS OLAS RIVERHOUSE LAS OLAS RIVERHOUSE","","$499,000","$491,515","1","1","0","851","Condo","2004","1","","Yes","",""
"2501","F10537763","CS","3810","246 City View Dr Unit#246","City View Townhomes City View Townhomes","","$499,000","$485,000","3","2","0","1,398","Townhouse","2000","0","","No","",""
"2501","F10515303","CS","3810","360 City View Dr","CITY VIEW TOWNHOMES CITY VIEW TOWNHOMES","","$499,000","$460,000","3","2","1","1,452","Townhouse","1985","0","","No","",""
"2501","F10449962","CS","3810","737 NW 1st Ave","Old Progresso Village Old Progresso Village","","$499,000","$497,000","2","2","1","1,252","Townhouse","2005","0","","No","",""
"2501","F10435756","CS","3810","411 NW 1st Ave Unit#506","Foundry Lofts Foundry Lofts","","$499,000","$499,000","2","1","0","975","Condo","2007","1","","No","",""
"2501","A11672071","CS","3020","821 SW 25th St","LAKEWAY ","","$498,000","$466,250","2","2","0","¤834","Single","1952","0","Yes","No","Detached","¤6,270"
"2501","F10452184","CS","3390","1109 NW 7th Ave","PROGRESSO ","","$498,000","$500,000","2","1","0","1,084","Single","1952","0","No","No","","8,434"
"2501","A11847627","CS","3490","800 SW 26th Ct","LAKEWAY ADDITION ","","$498,000","$500,000","3","2","0","¤1,280","Single","1953","1","No","No","Attached","¤9,272"
"2501","A11662840","CS","3800","520 SE 5th Ave Unit#1303","LAS OLAS BY THE RIVER CON LAS OLAS BY THE RIVER CON","","$498,000","$498,000","3","2","0","¤1,447","Condo","2001","2","","No","",""
"2501","F10489662","CS","3370","2617 NE 14th Ave Unit#308","Wilton Station Wilton Station","","$497,900","$475,000","2","2","0","1,402","Condo","2006","0","","No","",""
"2501","F10472172","CS","3280","111 SE 8th Ave Unit#1003","Venezia Las Olas Venezia Las Olas","","$497,000","$475,000","1","2","0","890","Condo","2002","1","","Yes","",""
"2501","F10532769","CS","3370","2609 NE 14th Ave Unit#402","Wilton Station Wilton Station","","$497,000","$490,000","2","2","0","1,389","Condo","2007","0","","No","",""
"2501","A11806609","CS","3390","1229 NW 7th Ave","PROGRESSO ","","$497,000","$495,000","3","2","","¤1,330","Single","1952","0","No","No","Detached","¤8,440"
"2501","A11942585","CS","3500","610 W Las Olas Blvd Unit#1614N","SYMPHONY NORTH CONDO The Symphony","","$497,000","$450,000","2","2","0","¤1,000","Condo","2006","1","","Yes","",""
"2501","A11938640","CS","3380","1412 NE 17th St","ALLENWOOD ","","$496,500","$480,000","3","1","1","¤736","Single","1960","0","No","No","Detached","¤7,499"
"2501","A11885928","CS","3170","3073 Harbour Drive Unit#15","HARBOR CLUB OF FORT LAUDE Harbor Club","","$495,000","$495,000","2","2","","¤936","Co-Op","1957","0","","Yes","",""
"2501","A11842763","CS","3170","3000 Holiday Dr Unit#1102","MAYA MARCA CONDO MAYA MARCA CONDO","","$495,000","$431,000","1","1","1","¤1,179","Condo","1966","0","","Yes","",""
"2501","B26015053","CS","3260","2820 NE 30th Street Unit#Unit 2","LAUREL TERRACE CONDO ","","$495,000","$487,000","2","2","0","1,100","Condo","1964","","No","Yes","Substantially Remodeled","0"
"2501","F10550293","CS","3270","110 N Federal Highway Unit#715","The Waverly at Las Olas The Waverly at Las Olas","","$495,000","$490,000","2","2","0","1,208","Condo","2005","2","","No","",""
"2501","F10539646","CS","3270","110 N Federal Highway Unit#707","Waverly At Las Olas Waverly At Las Olas","","$495,000","$465,000","2","2","0","1,220","Condo","2005","1","","No","",""
"2501","F10503413","CS","3270","100 N Federal Hwy Unit#1520","The Waverly at Las Olas The Waverly at Las Olas","","$495,000","$482,000","2","2","0","1,325","Condo","2005","2","","No","",""
"2501","A11857568","CS","3280","340 Sunset Dr Unit#1601","ESSEX TOWER CONDO Essex Tower","","$495,000","$495,000","2","2","0","¤1,228","Condo","1971","1","","No","",""
"2501","F10514584","CS","3280","180 Isle Of Venice Drive Unit#99","The Oasis The Oasis","","$495,000","$460,000","2","2","0","1,140","Co-Op","1959","0","","","",""
"2501","A11609941","CS","3280","347 N New River Dr E Unit#2306","WATERGARDEN CONDO WATERGARDEN CONDO","","$495,000","$495,000","1","1","0","¤820","Condo","2004","1","","Yes","",""
"2501","R10987695","CS","3280","155 Isle Of Venice Drive Unit#704","VENICE ISLE TOWER CONDO ","","$495,000","$525,000","2","2","0","800","Condo","1973","1","No","Yes","High Rise",""
"2501","F10539315","CS","3370","2301 Wilton Drive Unit#R409","Island City Lofts Island City Lofts","","$495,000","$500,000","2","2","0","1,386","Condo","2008","2","","No","",""
"2501","F10413178","CS","3370","1464 NE 24th St","Middle River Plaza 9-52 B ","","$495,000","$440,000","2","1","0","896","Single","1948","0","No","No","","6,898"
"2501","F10517362","CS","3380","1033 NE 17th Way Unit#902","VILLA MEDICI VILLA MEDICI","","$495,000","$495,000","3","3","1","1,990","Condo","2006","2","","No","",""
"2501","F10531792","CS","3390","2906 NW 9th Terrace","Jenada Villas ","","$495,000","$455,000","3","2","0","1,410","Single","1957","0","No","No","","6,798"
"2501","A11583125","CS","3460","315 NE 3rd Ave Unit#1004","STRADA 315 CONDO STRADA 315","","$495,000","$492,500","1","1","1","¤978","Condo","2007","2","","No","",""
"2501","F10439358","CS","3470","1301 River Reach Dr Unit#118","River Reach Condominium River Reach Condominium","","$495,000","$495,000","2","2","0","1,250","Condo","1974","0","","Yes","",""
"2501","F10472069","CS","3480","320 SW 13th St","Croissant Park South Rive ","","$495,000","$500,000","2","2","0","922","Single","1950","0","No","No","","6,620"
"2501","F10535316","CS","3580","1836 SW 22nd St","Osceola Park 9-46 B ","","$495,000","$465,000","2","2","0","1,110","Single","1949","0","No","No","","5,582"
"2501","A11628725","CS","3800","520 SE 5th Ave Unit#1103","LAS OLAS BY THE RIVER CON Las Olas by the River","","$495,000","$498,000","3","2","0","¤1,447","Condo","2001","2","","No","",""
"2501","F10449871","CS","3800","511 SE 5th Avenue Unit#1707","Nu River Landing Nu River Landing","","$495,000","$480,000","2","2","0","1,233","Condo","2005","1","","Yes","",""
"2501","A11907762","CS","3400","1307 NW 11 Street","LAUDERDALE MANORS ADD ","","$494,900","$425,000","4","2","","","Single","1955","0","No","No","Detached",""
"2501","F10499325","CS","3270","110 N Federal Hwy Unit#1403","The Waverly The Waverly","","$494,500","$470,000","2","2","0","1,212","Condo","2005","2","","No","",""
"2501","A11821095","CS","3130","1920 S Ocean Dr Unit#901","ATLANTIC TOWERS CO-OP ATLANTIC TOWERS CO-OP","","$490,000","$370,000","2","2","0","¤1,185","Co-Op","1961","0","","No","",""
"2501","F10531274","CS","3370","90 NE 26th Street","Petite ","","$490,000","$490,000","2","2","0","1,170","Single","1951","0","No","No","","6,242"
"2501","A11851118","CS","3370","694 Kensington Pl","TROPICAL GARDENS AMEN PLA Kensington Place","","$490,000","$490,000","2","2","1","¤1,418","Townhouse","1976","0","","Yes","",""
"2501","F10482187","CS","3370","2609 NE 14th Ave Unit#116","Wilton Station Wilton Station","","$490,000","$490,000","2","2","1","1,738","Townhouse","2007","0","","No","",""
"2501","R11038286","CS","3590","330 SW 16th Street","Croissant Park ","","$490,000","$380,000","2","1","0","900","Single","1956","0","No","No","Garden Apartment","6,750"
"3001","F10491675","CS","3800","511 SE 5th Ave Unit#1014","NU RIVER LANDING NU RIVER LANDING","","$490,000","$470,000","2","2","0","1,379","Condo","2006","1","","Yes","",""
"3001","A11602313","CS","3810","911 NW 4th Ave","PROGRESSO ","","$490,000","$495,000","4","2","","¤1,230","Single","1955","1","No","No","Detached","¤6,750"
"3001","B26013831","CS","3270","835 NE 19th Avenue Unit#9","RESUB OF BLKS A B & 5 OF G ","","$489,999","$455,000","2","2","1","1,224","Townhouse","1999","","No","No","Patio/Cluster","1,472"
"3001","F10508313","CS","3160","3110 NE 29th St Unit#1","Monticello Condominium Monticello Condominium","","$489,900","$455,000","2","2","0","980","Condo","1969","0","","Yes","",""
"3001","R11037436","CS","3400","1308 NW 19th Avenue","LAUDERDALE MANORS ","","$489,900","$489,000","4","2","0","1,237","Single","1954","0","No","No","Ranch","9,293"
"3001","F10556157","CS","3500","301 SW 17th Street","Lauderdale 2-9 D ","","$489,900","$489,900","2","1","0","1,288","Single","1946","0","No","No","","8,610"
"3001","F10479217","CS","3160","2725 NE 32nd Ave Unit#4","Lauderdale Sun Lauderdale Sun","","$489,000","$455,000","2","1","0","806","Condo","1956","0","","Yes","",""
"3001","F10550816","CS","3370","2633 NE 14th Avenue Unit#101","Wilton Station Wilton Station","","$489,000","$475,000","2","2","1","1,738","Townhouse","2007","0","","Yes","",""
"3001","F10540727","CS","3370","261 NE 16th Pl Unit#303","Spanish Springs Townhomes Spanish Springs Townhomes","","$489,000","$475,000","2","2","1","1,368","Townhouse","1987","0","","Yes","",""
"3001","F10526352","CS","3370","2617 NE 14th Ave Unit#106","Wilton Station Wilton Station","","$489,000","$480,000","2","2","1","1,604","Townhouse","2006","1","","No","",""
"3001","F10453553","CS","3370","630 NW 2nd Ave","Progresso 2-18 D ","","$489,000","$490,000","3","2","1","1,600","Single","2004","0","No","No","","3,375"
"3001","A11598753","CS","3390","1706 NW 11th Ave","LAUDERDALE MANORS ","","$489,000","$472,000","3","2","0","¤1,252","Single","1953","0","No","No","Attached","¤9,842"
"3001","A11910009","CS","3400","1143 NW 18th St","LAUDERDALE VILLAS ","","$489,000","$485,000","4","2","0","¤1,512","Single","1953","0","No","No","Detached","¤10,367"
"3001","F10484550","CS","3490","1260 SW 29TH ST","HIBISCUS PARK ","","$489,000","$487,000","3","1","0","1,296","Single","1947","1","No","No","","6,290"
"3001","F10458126","CS","3560","1113 NW 11th Pl","Lauderdale Manors Add 30- ","","$489,000","$480,000","3","2","0","984","Single","1953","0","Yes","No","","6,853"
"3001","F10532680","CS","3370","2601 NE 14th Ave Unit#104","Wilton Station Wilton Station","","$487,500","$450,018","2","2","1","1,738","Townhouse","2006","0","","No","",""
"3001","F10546328","CS","3470","401 SW 4th Avenue Unit#1602","ESPLANADE ESPLANADE","","$485,000","$475,000","2","2","0","1,056","Condo","2004","1","","Yes","",""
"3001","F10556902","CS","3800","511 SE 5th Avenue Unit#1913","NURIVER LANDING NURIVER LANDING","","$485,000","$470,000","2","2","0","1,270","Condo","2005","1","","Yes","",""
"3001","F10447955","CS","3370","1128 NE 16th St","Lauderdale Park 6-33 1/2 ","","$483,000","$475,000","2","1","0","894","Single","1954","0","No","No","","5,506"
"3001","F10448526","CS","3160","551 N Fort Lauderdale Beach Blvd Unit#H1607","Ocean Resort Residences Ocean Resort Residences","","$480,000","$440,000","1","1","0","579","Condo","2009","1","","Yes","",""
"3001","R11164562","CS","3260","2717 Yacht Club Boulevard Unit#6a","SUNRISE BAY CLUB CO-OP ","","$480,000","$474,000","2","2","0","1,030","Condo","1957","0","No","Yes","Garden Apartment",""
"3001","F10545729","CS","3280","350 SE 2nd Street Unit#840","350 Las Olas Place 350 Las Olas Place","","$480,000","$399,000","2","2","0","1,200","Condo","2005","1","","No","","0"
"3001","F10504264","CS","3370","1433 NE 5th Ave","Progresso 2-18 D ","","$480,000","$466,500","3","3","0","1,793","Single","1956","0","No","No","","6,748"
"3001","F10449922","CS","3390","1725 NW 7th Ave","Progresso 2-18 D ","","$480,000","$460,000","2","1","1","1,172","Single","1955","0","No","No","","6,755"
"3001","F10479504","CS","3400","1125 NW 18th St","Lauderdale Villas 29-37 B ","","$480,000","$480,000","4","3","0","2,214","Single","1953","0","No","No","","8,926"
"3001","A11954166","CS","3470","725 SW 2nd Ct","BRYAN ","","$480,000","$475,000","3","2","0","¤1,875","Single","1940","0","No","No","Detached","¤5,750"
"3001","F10529024","CS","3370","2631 NE 14th Avenue Unit#200","Wilton Station Wilton Station","","$479,900","$465,000","2","2","1","1,506","Condo","2006","0","","No","",""
"3001","R11019315","CS","3370","694 Kensington Place","TROPICAL GARDENS AMEN PLAT ","","$479,900","$475,000","2","2","1","1,418","Townhouse","1976","0","No","Yes","","1,895"
"3001","R11134548","CS","3390","1214 NW 1st Avenue","Progresso 2-18 D ","","$479,900","$468,000","3","2","0","1,377","Single","1948","0","No","No","",""
"3001","F10456890","CS","3480","619 SW 16th St","ALTA VISTA TERRACE ","","$479,900","$400,000","2","1","0","862","Single","1951","0","No","No","","6,771"
"3001","F10455201","CS","3480","1811 SW 9th Ave","Yellowstone Park Amd ","","$479,900","$490,000","2","2","0","1,090","Single","1948","0","No","No","","5,624"
"3001","F10556311","CS","3260","1332 Bayview Drive Unit#402","Hawthorne Bay Hawthorne Bay","","$479,000","$470,000","2","2","0","1,088","Condo","1966","","","Yes","","0"
"3001","F10473327","CS","3370","97 NE 17 Ct Unit#97","Middle River Townhomes Middle River Townhomes","","$479,000","$465,000","2","2","1","1,791","Townhouse","1981","0","","Yes","",""
"3001","A11651564","CS","3400","1021 NW 12th St","LAUDERDALE MANORS ADD-REV ","","$479,000","$485,000","3","3","","¤1,176","Single","1953","0","No","No","Detached","¤6,960"
"3001","F10481819","CS","3600","905 SE 12th Ct Unit#8","CAPISTRANO TOWNHOMES CAPISTRANO TOWNHOMES","","$479,000","$466,000","2","2","1","1,430","Townhouse","1988","0","","No","",""
"3001","A11698921","CS","3600","618 SE 13th St","EVERGLADE LAND SALES CO The Metro","","$479,000","$470,000","2","2","1","¤1,648","Townhouse","2005","1","","No","",""
"3001","B26038745","CS","3370","2124 NE 9th Avenue","WILTON MANORS ","","$478,500","$465,000","2","2","1","1,292","Townhouse","1982","","No","No","Patio/Cluster","3,037"
"3001","F10539223","CS","3160","524 Orton Ave Unit#702","Britannia Condo Britannia Condo","","$475,000","$476,000","3","2","1","1,392","Condo","1964","0","","No","",""
"3001","R11103161","CS","3160","2409 N Ocean Boulevard Unit#726","FOUNTAINS ON OCEAN BOULEV ","","$475,000","$445,000","1","1","0","850","Condo","2008","2","No","Yes","",""
"3001","F10507710","CS","3160","3020 NE 32nd Avenue Unit#524","TIDES AT BRIDGESIDE TIDES AT BRIDGESIDE","","$475,000","$410,000","2","2","0","1,190","Condo","2002","2","","No","",""
"3001","A11783621","CS","3160","2200 NE 33rd Ave Unit#7J","WHITE EGRET CONDO WHITE EGRET","","$475,000","$450,000","2","2","0","¤1,425","Condo","1971","1","","Yes","",""
"3001","F10476275","CS","3160","3020 NE 32nd Ave Unit#811","TIDES AT BRIDGESIDE TIDES AT BRIDGESIDE","","$475,000","$409,000","2","2","0","1,110","Condo","2002","1","","No","",""
"3001","A11662817","CS","3160","2841 N Ocean Blvd Unit#1807","VANTAGE VIEW CONDO VANTAGE VIEW CONDO","","$475,000","$463,000","2","2","0","¤1,100","Condo","1976","0","","No","",""
"3001","F10458807","CS","3160","2200 NE 33rd Ave Unit#6K","WHITE EGRET WHITE EGRET","","$475,000","$470,000","2","2","0","1,425","Condo","1971","1","","No","",""
"3001","F10456351","CS","3160","505 N Fort Lauderdale Beach Blvd Unit#602","Q CLUB RESORT & RESIDENCE Q CLUB RESORT & RESIDENCE","","$475,000","$410,000","2","2","0","1,308","Condo","2006","1","","Yes","",""
"3001","B26002584","CS","3170","3000 Holiday Drive Unit#1602","MAYA MARCA CONDO ","","$475,000","$440,000","1","1","1","1,179","Condo","1966","1","Yes","Yes","","0"
"3001","F10488740","CS","3170","2000 S Ocean Dr Unit#909","Everglades House Everglades House","","$475,000","$450,000","2","1","1","1,205","Condo","1965","0","","Yes","",""
"3001","A11681187","CS","3170","2100 S OCEAN DR Unit#12H","SKY HARBOUR EAST SKY HARBOUR EAST","","$475,000","$465,000","1","1","0","900","Condo","1964","0","","Yes","",""
"3001","F10443222","CS","3170","3000 Holiday Dr Unit#1206","MAYA MARCA CONDOMINIUM MAYA MARCA CONDOMINIUM","","$475,000","$480,000","1","1","1","1,214","Condo","1966","1","","Yes","",""
"3001","F10544713","CS","3260","1332 Bayview Drive Unit#401","HAWTHORNE BAY HAWTHORNE BAY","","$475,000","$460,000","2","2","0","1,150","Condo","1966","","Yes","Yes","","0"
"3001","F10481349","CS","3270","110 N Federal Hwy Unit#512","The Waverly at Las Olas The Waverly at Las Olas","","$475,000","$470,000","2","2","0","1,225","Condo","2005","1","","No","",""
"3001","F10444404","CS","3270","110 N Federal Hwy Unit#1404","Waverly at Las Olas Waverly at Las Olas","","$475,000","$455,000","2","2","0","1,558","Condo","2005","2","","No","",""
"3001","F10488175","CS","3280","340 Sunset Dr Unit#1504","Essex Tower Essex Tower","","$475,000","$430,000","2","2","0","1,218","Condo","1971","1","","No","",""
"3001","F10513206","CS","3370","38 NE 29th St","Almar Estates Resub 32-36 ","","$475,000","$402,000","3","3","0","1,460","Single","1953","0","Yes","No","","5,999"
"3001","R11082551","CS","3370","2118 NE 9th Avenue Unit#2118","Wilton Pines Townhouses ","","$475,000","$467,000","2","2","1","1,304","Townhouse","1983","0","No","No","",""
"3001","F10468962","CS","3370","525 NE 19th St","Tropical Gardens Tropical Gardens","","$475,000","$455,000","2","2","0","1,340","Townhouse","1980","0","","Yes","",""
"3001","F10447997","CS","3370","1440 NE 10th Ave","Middle River Terrace ","","$475,000","$440,000","4","2","0","1,449","Single","1946","0","No","No","","5,992"
"3001","A11560234","CS","3380","1437 NE 3rd Ave","PROGRESSO ","","$475,000","$455,000","3","2","0","¤1,183","Single","1951","0","No","No","Detached","¤6,756"
"3001","A11876067","CS","3390","1035 NW 7th Ter","PROGRESSO ","","$475,000","$465,000","3","2","1","¤1,670","Single","2007","1","No","No","Attached","¤3,379"
"3001","F10501579","CS","3390","1345 NW 6th Ave","Progresso 2-18 D ","","$475,000","$455,000","2","2","0","900","Single","1950","0","No","No","","6,753"
"3001","F10447914","CS","3390","1433 NW 5th Ave","Progresso 2-18 D ","","$475,000","$435,000","3","2","0","1,043","Single","1950","0","No","No","","6,752"
"3001","F10525720","CS","3400","1632 NW 7th Ter","PROGRESSO ","","$475,000","$461,500","2","1","0","980","Single","1954","0","Yes","No","","6,754"
"3001","F10511086","CS","3470","2849 SW 6 Street","MELROSE MANOR ","","$475,000","$475,000","3","2","0","1,480","Single","1959","0","No","No","","1,480"
"3001","B26011028","CS","3480","1107 SW 19th Street","YELLOWSTONE PARK AMEN PLAT ","","$475,000","$410,000","2","1","0","1,361","Single","1952","","No","No","Ranch","6,457"
"3001","A11717842","CS","3480","901 SW 18th Ct","YELLOWSTONE PARK AMEN PLA ","","$475,000","$460,000","2","1","","¤875","Single","1952","1","No","No","Detached","¤5,485"
"3001","F10470183","CS","3480","925 SW 20th St","Yellowstone Park Amd ","","$475,000","$450,000","2","1","0","949","Single","1949","0","No","No","","6,248"
"3001","F10469963","CS","3480","1545 SW 20th Ave","SHADY BANKS ","","$475,000","$465,000","2","1","0","1,072","Single","1956","0","No","No","","5,727"
"3001","F10455572","CS","3480","1015 SW 21st St","Rickel Add 26-31 B ","","$475,000","$460,000","2","1","0","841","Single","1953","0","No","No","","8,985"
"3001","A11634374","CS","3480","701 SW 17th St","LAUDERDALE PINES ","","$475,000","$450,000","2","1","0","¤825","Single","1949","0","No","No","Attached","¤6,750"
"3001","F10448640","CS","3480","520 SW 18th St","Lauderdale 2-9 D ","","$475,000","$429,000","2","1","0","901","Single","1930","0","No","No","","6,750"
"3001","A11923279","CS","3700","315 NE 3rd Ave Unit#2005","STRADA 315 CONDO STRADA 315 CONDO","","$475,000","$440,000","2","2","0","¤1,072","Condo","2007","1","","No","",""
"3001","F10513488","CS","3720","936 NW 13th St","Lauderdale Manors Add 30- ","","$475,000","$470,000","3","1","0","1,140","Single","1953","0","No","No","","9,586"
"3001","F10435738","CS","3810","225 City View Dr Unit#225","City View City View","","$475,000","$460,000","3","2","0","1,408","Townhouse","2000","0","","No","",""
"3001","A11847656","CS","3500","600 W Las Olas Blvd Unit#409S","SYMPHONY SOUTH CONDO SYMPHONY","","$474,900","$430,000","2","2","0","¤1,093","Condo","2005","1","","Yes","",""
"3001","F10499218","CS","3480","927 SW 22nd Street","RICKEL ADDITION ","","$473,500","$440,000","3","1","0","1,222","Single","1950","0","No","No","","7,647"
"3001","F10447094","CS","3400","1045 NW 7th Ave","South Middle River ","","$473,000","$470,000","4","2","0","1,289","Single","1950","0","No","No","","6,743"
"3001","F10485724","CS","3470","1701 SW 10th St","Sherwood Forest 30-28 B ","","$471,701","$475,000","3","2","0","1,112","Single","1955","2","No","No","","6,987"
"3001","R11048251","CS","3790","2512 SW 14th Avenue Unit#501","BETA PLAT ","","$470,000","$440,000","2","2","1","1,455","Townhouse","2007","2","No","No","","1,299"
"3001","F10485910","CS","3810","387 City View Dr Unit#0","Cityview Townhomes Cityview Townhomes","","$470,000","$460,000","3","2","0","1,408","Townhouse","2000","0","","No","",""
"3001","F10504810","CS","3400","1619 NW 15th Ter","Lauderdale Manors Amd Res ","","$469,990","$430,000","3","2","0","1,389","Single","1954","0","No","No","","7,320"
"3001","B26028820","CS","3370","1743 NE 4th Avenue Unit#F4","RIVER LANDINGS CONDO ","","$469,900","$425,000","2","2","1","1,760","Condo","2002","1","No","No","Other","0"
"3001","F10517630","CS","3370","2617 NE 14th Ave Unit#307","Wilton Station Wilton Station","","$469,900","$450,000","2","2","0","1,386","Condo","2006","1","","No","",""
"3001","A11912822","CS","3390","2419 NW 8th Ave","BABCO PARK ","","$469,900","$461,000","3","2","0","¤1,248","Single","1957","0","No","No","Detached","¤10,504"
"3001","A11838456","CS","3390","2841 NW 9th Ave","JENADA VILLAS 1 ADD ","","$469,900","$465,000","3","2","0","¤1,560","Single","1959","4","No","No","Attached","¤7,002"
"3001","F10491748","CS","3260","888 Intracoastal Dr Unit#12B","Sunrise Tower Sunrise Tower","","$469,000","$469,000","1","1","1","850","Condo","1963","0","","Yes","",""
"3001","F10464396","CS","3280","535 Hendricks Isle Unit#202","Burton Point Burton Point","","$469,000","$455,000","2","1","1","800","Condo","1963","0","","Yes","",""
"3001","F10545269","CS","3400","1332 NW 6th Ave","Progresso 2-18 D ","","$469,000","$432,000","2","1","0","825","Single","1950","0","No","No","","6,751"
"3001","A11989706","CS","3460","1161 NW 15th St","LAUDERDALE VILLAS ","","$469,000","$504,000","4","2","0","¤1,386","Single","1952","2","Yes","No","Attached","¤9,141"
"3001","F10551155","CS","3470","403 SW 13th Terrace Unit#403","VILLAGE AT SAILBOAT BEND VILLAGE AT SAILBOAT BEND","","$469,000","$450,000","3","2","1","1,977","Condo","2005","0","","No","",""
"3001","A11869297","CS","3470","207 SW 11th Street","CROISSANT PARK RIVER SEC ","","$469,000","$455,000","2","1","","¤924","Single","1940","0","No","No","Detached","¤6,250"
"3001","F10489814","CS","3500","610 W Las Olas Blvd Unit#415N","Symphony Condo Symphony Condo","","$469,000","$430,000","2","2","0","1,079","Condo","2005","1","","Yes","",""
"3001","F10501344","CS","3600","905 SE 12th Ct Unit#17","CAPISTRANO TOWNHOMES CAPISTRANO TOWNHOMES","","$469,000","$458,000","2","2","1","1,520","Townhouse","1989","0","","No","",""
"3001","A11720189","CS","3470","1201 River Reach Dr Unit#505","RIVER REACH CONDOMINIUM I River REach Condominium","","$468,900","$450,000","2","2","0","¤1,250","Condo","1981","1","","Yes","",""
"3001","F10519415","CS","3810","411 NW 1st Ave Unit#606","The Foundry The Foundry","","$467,500","$450,000","2","1","0","975","Condo","2007","1","","No","",""
"3001","A11756539","CS","3990","1304 NW 19th Ave","LAUDERDALE MANORS AMD PLA ","","$466,300","$466,300","3","2","","¤1,193","Single","2024","0","No","No","Detached","¤10,375"
"3001","F10543914","CS","3800","520 SE 5th Avenue Unit#2212","LAS OLAS BY THE RIVER CON LAS OLAS BY THE RIVER CON","","$466,000","$450,000","2","2","0","1,148","Condo","2001","1","","No","",""
"3001","A11455632","CS","3160","551 N Fort Lauderdale Beach Blvd Unit#H1511","OCEAN RESORT RESIDENCES OCEAN RESORT RESIDENCES","","$465,000","$425,000","1","1","0","¤577","Condo","2009","1","","Yes","",""
"3001","F10511289","CS","3170","2100 S Ocean Dr Unit#14H","SKY HARBOUR SKY HARBOUR","","$465,000","$455,650","1","1","0","900","Condo","1965","0","","Yes","",""
"3001","F10506958","CS","3280","818 SE 4th Street Unit#202","Rivercrest Rivercrest","","$465,000","$425,000","2","2","0","1,300","Condo","1963","0","","","",""
"3001","A11730643","CS","3280","1213 NW 4th Ave","PROGRESSO ","","$465,000","$435,000","4","2","0","¤1,352","Single","1954","0","No","No","Attached","¤6,758"
"3001","B26003045","CS","3370","660 Kensington Place Unit#10a","CYPRESS COVE CONDOMINIUM ","","$465,000","$400,000","2","2","1","1,350","Condo","1976","1","No","Yes","Substantially Remodeled","0"
"3001","F10467997","CS","3370","1221 NE 3rd Ave","PROGRESSO ","","$465,000","$457,500","2","1","0","917","Single","1940","0","No","No","","6,752"
"3001","A11858833","CS","3390","1524 NW 4th Ave","PROGRESSO ","","$465,000","$465,000","2","1","0","¤1,101","Single","1946","0","No","No","Detached","¤6,754"
"3001","F10509683","CS","3390","509 NW 21st St","MEADOWBROOK ","","$465,000","$450,000","3","2","0","1,890","Single","1956","0","Yes","No","","10,445"
"3001","A11623984","CS","3390","1400 NW 9th Ave","PROGRESSO ","","$465,000","$465,000","4","2","0","¤1,467","Single","1955","0","No","No","Detached","¤6,749"
"3001","A11918572","CS","3400","2012 NW 11th Ave","HILLMONT-MIDDLE RIVER VIS ","","$465,000","$465,000","3","2","0","¤1,513","Single","1958","0","Yes","No","Detached","¤6,500"
"3001","F10473380","CS","3470","1800 SW 10th Ct","RIVERSIDE PARK ","","$465,000","$455,000","3","2","0","1,238","Single","1959","1","No","No","","8,164"
"3001","B26020416","CS","3480","1516 SW 24th Street","OSBORNE PARK ","","$465,000","$465,000","2","2","0","1,046","Single","1940","","No","No","Other","6,879"
"3001","F10556473","CS","3490","2640 SW 13th Avenue","Devonshire 22-29 B ","","$465,000","$465,000","3","2","0","1,208","Single","1951","0","No","No","","6,120"
"3001","A11625170","CS","3490","1230 SW 29th St","HIBISCUS PARK ","","$465,000","$440,000","2","1","0","¤1,095","Single","1946","0","No","No","Detached","¤6,238"
"3001","A11885798","CS","3560","1000 NW 13th St","LAUDERDALE MANORS ADD ","","$465,000","$465,000","4","2","0","¤1,378","Single","1953","0","No","No","Detached","¤7,863"
"3001","R11056379","CS","3600","2033 SE 10th Avenue Unit#615","VILLAGE EAST CONDO ","","$465,000","$437,000","2","2","0","1,054","Condo","2000","1","No","No","Garden Apartment",""
"3001","F10503703","CS","3800","511 SE 5th Avenue Unit#614","NuRiver Landing NuRiver Landing","","$465,000","$435,000","2","2","0","1,379","Condo","2006","1","","Yes","",""
"3001","A11633825","CS","3160","3015 N Ocean Blvd Unit#14B","BERKLEY SOUTH CONDO Berkley South","","$464,999","$442,000","2","2","0","¤1,144","Condo","1974","1","","No","",""
"3001","F10503390","CS","3370","281 NE 16th Pl Unit#401","Spanish Springs Townhomes Spanish Springs Townhomes","","$464,900","$450,000","3","2","1","1,541","Townhouse","1987","0","","Yes","",""
"3001","F10463483","CS","3280","340 Sunset Dr Unit#1408","Esssex Tower Esssex Tower","","$464,000","$419,000","2","2","0","1,218","Condo","1971","1","","No","",""
"3001","F10519879","CS","3700","313 NE 2nd Street Unit#405","NOLA LOFTS NOLA LOFTS","","$464,000","$457,000","2","2","0","1,265","Condo","2005","2","","No","","0"
"3001","F10427381","CS","3160","3015 N Ocean Blvd Unit#9L","BERKLEY SOUTH BERKLEY SOUTH","","$462,690","$458,000","2","2","0","1,328","Condo","1974","1","","No","",""
"3001","F10550089","CS","3130","720 Bayshore Drive Unit#302","Nautical Towers Nautical Towers","","$460,000","$435,000","2","2","0","1,427","Condo","1971","1","","No","",""
"3001","A11625024","CS","3270","100 N Federal Hwy Unit#526","WAVERLY AT LAS OLAS CONDO The Waverly","","$460,000","$400,000","2","2","0","¤1,245","Condo","2005","1","","No","",""
"3001","B26026808","CS","3370","201 NE 16th Place Unit#104","PLACIDO PLACE RESUB ","","$460,000","$435,000","2","2","1","1,368","Townhouse","1988","","No","No","Substantially Remodeled","2,417"
"3001","F10483616","CS","3370","2134 NE 9th Ave Unit#2134","Wilton Pines Townhomes Wilton Pines Townhomes","","$460,000","$455,000","2","2","1","1,292","Townhouse","1982","0","","No","",""
"3001","F10518596","CS","3400","2017 NW 10th Ave","Hillmont Middle River Vis ","","$460,000","$460,000","3","2","0","1,742","Single","1966","0","No","No","","7,275"
"3001","R11008369","CS","3400","2025 NW 12th Avenue","Lauderdale Manors ","","$460,000","$405,000","3","2","0","1,645","Single","1956","0","Yes","No","",""
"3001","R11054373","CS","3700","533 NE 3rd Avenue Unit#417","SOLE AT FORT LAUDERDALE C ","","$460,000","$435,000","3","2","0","1,440","Condo","2005","2","No","No","",""
"3001","F10432195","CS","3460","1701 NW 9th St","Lauderdale Homestites Sec ","","$459,990","$460,000","6","2","0","1,472","Single","2024","0","No","No","","4,653"
"3001","F10495635","CS","3370","2301 WILTON DR Unit#R212","ISLAND CITY LOFTS ISLAND CITY LOFTS","","$459,900","$420,000","1","1","0","1,040","Condo","2005","1","","No","",""
"3001","R10961310","CS","3370","2301 Wilton Drive Unit#R307","ISLAND CITY LOFTS CONDO ","","$459,900","$440,000","1","2","0","1,386","Condo","2007","0","No","No","",""
"3001","F10524826","CS","3400","1511 NW 12th St","Lauderdale Manor 25-12 B ","","$459,900","$459,900","4","3","0","1,291","Single","1951","0","No","No","","7,892"
"3001","F10511800","CS","3280","1000 SE 4th St Unit#119","Riverview Garden Condo Riverview Garden Condo","","$459,500","$450,000","2","2","0","850","Condo","1956","0","","Yes","",""
"3001","B26011377","CS","","347 N New River  Drive Unit#2106","WATERGARDEN CONDO ","","$459,000","$445,000","1","1","0","820","Condo","2004","1","No","Yes","","0"
"3001","A11882553","CS","3160","520 Orton Ave Unit#303","GARDEN VIEW APARTMENTS CO GARDEN VIEW APART CONDO","","$459,000","$435,000","2","2","0","¤1,266","Condo","1985","0","","No","",""
"3001","F10500292","CS","3160","3015 N Ocean Blvd Unit#15G","The Berkley South Condo The Berkley South Condo","","$459,000","$420,000","2","2","0","1,198","Condo","1974","1","","No","",""
"3001","F10430099","CS","3160","2840 N Ocean Blvd Unit#907","Sea Tower Sea Tower","","$459,000","$415,000","1","1","0","769","Co-Op","1958","0","","Yes","",""
"3001","R11016442","CS","3170","1501 E Broward Boulevard Unit#602","PINE CREST VILLAGE I AT ","","$459,000","$442,000","3","2","0","1,440","Condo","1966","2","No","No","High Rise",""
"3001","F10466543","CS","3280","347 N New River Dr E Unit#2107","WATERGARDEN WATERGARDEN","","$459,000","$434,000","1","1","0","820","Condo","2004","1","","Yes","",""
"3001","F10487551","CS","3400","1816 NW 16th Ave","Lauderdale Manors Amd Res ","","$459,000","$449,500","3","2","0","1,068","Single","1954","0","No","No","","10,594"
"3001","R11159282","CS","3600","347 N New River Drive Unit#1007","WATERGARDEN CONDO ","","$459,000","$428,000","1","1","0","820","Condo","2004","1","Yes","Yes","",""
"3001","F10521027","CS","3600","1415 Miami Rd Unit#H","Southport Townhomes Southport Townhomes","","$459,000","$449,000","2","2","1","1,250","Townhouse","1984","0","","No","",""
"3001","A11637285","CS","3650","830 NW 19th ter","DURRS SUB ","","$459,000","$460,000","4","2","","","Single","2024","0","No","No","Attached","¤3,750"
"3001","A11938665","CS","3800","520 SE 5th Ave Unit#3302","LAS OLAS BY THE RIVER CON LAS OLAS BY THE RIVER CON","","$459,000","$440,000","3","2","0","¤1,462","Condo","2006","2","","No","",""
"3001","F10470900","CS","3810","425 N Andrews Ave Unit#304","AVENUE LOFTS AVENUE LOFTS","","$459,000","$459,000","1","1","0","1,022","Condo","2003","1","","No","",""
"3001","A11943069","CS","3560","1200 NW 11th Ct","LAUDERDALE MANORS ADD ","","$458,900","$461,000","4","2","0","¤1,384","Single","1954","0","No","No","Attached","¤6,890"
"3001","F10476279","CS","3390","1342 NW 2nd Ave","Progresso 2-18 D ","","$455,000","$445,000","2","1","0","1,060","Single","1951","0","No","No","","6,750"
"3001","F10534742","CS","3370","81 NE 17th Ct","Middle River Town Homes Middle River Town Homes","","$453,500","$420,000","2","2","1","1,791","Townhouse","1981","0","","Yes","",""
"3001","F10554660","CS","3160","2401 N Ocean Boulevard Unit#303","Fountains on Ocean Fountains on Ocean","","$450,000","$420,000","1","1","0","1,080","Condo","2008","1","","No","",""
"3001","F10544789","CS","3160","209 N Fort Lauderdale Beach Boulevard Unit#3d","The Seasons The Seasons","","$450,000","$410,000","2","2","0","950","Condo","1981","1","","Yes","","0"
"3001","F10479311","CS","3160","3101 Bayshore Drive Unit#1908","W Residences W Residences","","$450,000","$704,900","2","2","0","1,214","Condo","2010","1","","Yes","",""
"3001","F10462087","CS","3160","551 N Fort Lauderdale Beach Blvd Unit#H1407","Ocean Resort Residences Ocean Resort Residences","","$450,000","$420,000","1","1","0","579","Condo","2009","1","","Yes","",""
"3001","F10450998","CS","3160","2200 NE 33rd Ave Unit#5B","WHITE EGRET WHITE EGRET","","$450,000","$445,000","2","2","0","1,425","Condo","1971","0","","No","",""
"3001","F10529702","CS","3170","1 Las Olas Cir Unit#307","VENETIAN CONDO VENETIAN CONDO","","$450,000","$476,000","2","2","0","1,200","Condo","1970","1","","Yes","",""
"3001","A11790119","CS","3170","9 N Birch Rd Unit#405","HARBOR HOUSE EAST INC CON Harbor Haven Condominium","","$450,000","$410,000","1","1","0","¤640","Condo","1966","0","","Yes","",""
"3001","A11900915","CS","3280","347 N New River Dr E Unit#907","WATERGARDEN CONDO Watergarden Condo","","$450,000","$425,000","1","1","0","¤820","Condo","2004","1","","No","",""
"3001","F10464784","CS","3280","1770 E Las Olas Blvd Unit#301","LAS OLAS VILLAS LAS OLAS VILLAS","","$450,000","$437,500","2","2","0","1,070","Condo","1968","1","","Yes","",""
"3001","F10487899","CS","3370","1 Middlesex Dr","Townhouse Club Townhouse Club","","$450,000","$400,000","1","1","1","918","Townhouse","1963","0","","No","",""
"3001","F10461469","CS","3370","658 Kensington Pl Unit#11B","CYPRESS COVE CYPRESS COVE","","$450,000","$445,000","2","2","1","1,200","Townhouse","1976","0","","No","",""
"3001","F10438673","CS","3370","1328 NE 1st Ave","Progresso 2-18 D ","","$450,000","$449,000","3","1","0","926","Single","1951","0","No","No","","6,753"
"3001","A11937679","CS","3390","1731 NW 7th Ter","PROGRESSO ","","$450,000","$450,000","3","1","0","¤925","Single","1974","0","Yes","No","Detached","¤7,973"
"3001","F10518074","CS","3390","1132 NW 3rd Ave","PROGRESSO ","","$450,000","$450,000","3","2","0","1,336","Single","1956","0","No","No","","6,748"
"3001","A11594994","CS","3390","1341 NW 5th Ave","PROGRESSO ","","$450,000","$432,000","3","1","0","¤1,075","Single","1951","0","No","No","Attached","¤6,751"
"3001","R11152225","CS","3400","1800 NW 14th Avenue","LAUDERDALE VILLAS ","","$450,000","$445,000","3","2","0","1,127","Single","1972","0","No","No","Garden Apartment","9,795"
"3001","F10525849","CS","3400","1137 NW 16th Court","LAUDERDALE VILLAS ","","$450,000","$440,000","5","2","0","1,600","Single","1953","1","No","No","","8,927"
"3001","A11850534","CS","3400","1237 NW 15th Ave","LAUDERDALE MANORS AMD PLA ","","$450,000","$450,000","4","2","0","¤1,786","Single","1952","0","No","No","Detached","¤8,411"
"3001","A11782417","CS","3400","1725 NW 9th Ave","LAUDERDALE VILLAS ","","$450,000","$450,000","3","2","0","¤2,338","Single","1953","4","No","No","Detached","¤9,780"
"3001","A11779814","CS","3400","1402 NW 19th St","LAUDERDALE VILLAS ","","$450,000","$447,000","4","3","0","¤1,350","Single","1971","0","No","No","Detached","¤9,795"
"3001","F10494705","CS","3400","1506 NW 17th St","Lauderdale Manors Resub O ","","$450,000","$326,000","3","1","0","1,367","Single","1953","0","No","No","","6,825"
"3001","A11706818","CS","3400","1005 NW 12th St","LAUDERDALE MANORS ADD-REV ","","$450,000","$435,000","3","2","0","¤1,224","Single","1954","0","No","No","Detached","¤6,960"
"3001","A11672618","CS","3400","1517 NW 17th St","LAUDERDALE MANORS AMEN RE ","","$450,000","$450,000","3","2","0","¤1,068","Single","1955","0","No","No","Detached","¤6,300"
"3001","F10442737","CS","3400","2012 NW 13th Ave","Hillmont Heights Rev & Ad ","","$450,000","$450,000","2","2","0","1,058","Single","1956","0","Yes","No","","6,825"
"3001","B26032300","CS","3470","534 SW 19th Terrace","The Edge on 20th ","","$450,000","$430,000","3","2","1","1,328","Townhouse","2021","1","No","No","","1,479"
"3001","F10523247","CS","3470","535 SW 18th Ave Unit#32","Oak Hammock Oak Hammock","","$450,000","$430,000","3","2","1","1,562","Townhouse","2006","2","","No","",""
"3001","F10500839","CS","3470","531 SW 18th Ave Unit#45","Oak Hammock Oak Hammock","","$450,000","$440,000","3","2","1","1,877","Townhouse","2006","2","","No","",""
"3001","A11712589","CS","3470","624 SW 8th Ave","SEAWANNA SUB PT ","","$450,000","$439,000","2","1","0","¤1,111","Single","1950","0","No","No","Detached","¤6,250"
"3001","F10455429","CS","3480","809 SW 17th St","Croissant Park ","","$450,000","$430,000","3","1","0","1,212","Single","1949","1","No","No","","6,750"
"3001","F10529911","CS","3600","700 SE 14th Street Unit#J","Southport Townhomes Southport Townhomes","","$450,000","$435,000","2","2","1","1,250","Condo","1984","0","","No","",""
"3001","F10452380","CS","3810","385 City View Dr Unit#3","CITY VIEW TOWNHOMES CITY VIEW TOWNHOMES","","$450,000","$430,000","3","2","0","1,408","Townhouse","2000","0","","No","",""
"3001","R11151048","CS","3160","2029 N Ocean Boulevard Unit#410","Tradewinds By The Sea ","","$449,999","$427,000","2","2","0","1,100","Condo","1980","1","No","No","",""
"3001","A11634262","CS","3400","1635 NW 16th St","LAUDERDALE MANORS AMEND P ","","$449,990","$455,000","4","2","0","¤1,380","Single","1953","0","No","No","Detached","¤7,654"
"3001","R11069397","CS","3160","3100 NE 29th Street Unit#201","LEISURE TERRACE CONDO ","","$449,900","$446,000","1","1","1","1,100","Condo","1966","1","No","Yes","",""
"3001","F10463490","CS","3370","2633 NE 14th Ave Unit#112","Wilton Station Wilton Station","","$449,900","$445,000","2","2","1","1,738","Townhouse","2007","1","","No","",""
"3001","A11661378","CS","3370","1345 NE 5th Ter","PROGRESSO ","","$449,900","$450,000","3","2","0","¤1,156","Single","1925","0","No","No","Detached","¤6,760"
"3001","F10441562","CS","3370","2633 NE 14th Ave Unit#115","WILTON STATION WILTON STATION","","$449,900","$425,000","2","2","1","1,777","Townhouse","2006","1","","Yes","",""
"3001","F10453216","CS","3470","1412 SW 10th Street","Riverside Park ","","$449,900","$433,000","3","2","0","1,560","Single","1968","1","No","No","",""
"3001","F10432500","CS","3470","1101 River Reach Dr Unit#415","River Reach Condominiums River Reach Condominiums","","$449,900","$450,000","2","2","0","1,110","Condo","1982","0","","Yes","",""
"3001","R11127290","CS","3160","2701 N Ocean Boulevard Unit#3c","Embassy Tower ","","$449,000","$395,000","2","2","0","1,200","Condo","1972","1","No","No","High Rise",""
"3001","F10500936","CS","3160","3015 N Ocean Blvd Unit#12F","The Berkley South The Berkley South","","$449,000","$420,000","2","2","0","1,328","Condo","1974","1","","No","",""
"3001","R10984868","CS","3160","2701 N Ocean Boulevard Unit#5c","EMBASSY TOWER ","","$449,000","$430,000","2","2","0","1,200","Condo","1972","1","No","Yes","",""
"3001","A11799786","CS","3170","2000 S South Ocean Dr Unit#208","EVERGLADES HOUSE CONDO EVERGLADES HOUSE","","$449,000","$400,000","1","1","1","¤1,092","Condo","1965","1","","Yes","",""
"3001","F10488564","CS","3260","1124 Seminole Dr Unit#4B","Coral Cove Coral Cove","","$449,000","$420,000","2","2","0","950","Co-Op","1955","0","","Yes","",""
"3001","F10509492","CS","3280","40 Isle Of Venice Drive Unit#2","Island House East Island House East","","$449,000","$435,000","2","2","0","840","Condo","1993","0","","Yes","",""
"3001","F10498922","CS","3280","111 SE 8th Ave Unit#903","VENEZIA LAS OLAS CONDO VENEZIA LAS OLAS CONDO","","$449,000","$415,000","1","2","0","890","Condo","2002","1","","Yes","",""
"3001","A11650570","CS","3360","1444 NW 7th Ave","PROGRESSO ","","$449,000","$449,000","3","2","0","¤1,190","Single","1952","0","No","No","Attached","¤6,752"
"3001","F10531676","CS","3370","2113 NE 11th Avenue Unit#2113","Wilton Pines Townhomes Wilton Pines Townhomes","","$449,000","$449,000","2","2","1","1,292","Townhouse","1982","0","","No","",""
"3001","F10516052","CS","3370","2350 Wilton Dr Unit#D","Parktown Of Wilton Manors Parktown Of Wilton Manors","","$449,000","$485,000","2","2","1","1,344","Condo","2008","0","","No","",""
"3001","A11843280","CS","3390","1244 NW 1st Ave","PROGRESSO ","","$449,000","$412,000","3","2","","¤1,316","Single","1951","0","No","No","Detached","¤6,380"
"3001","A11618278","CS","3390","2040 NW 10th Ave","HILLMONT MIDDLE RIVER VIS ","","$449,000","$520,000","2","2","0","¤1,871","Single","1964","0","No","Yes","Attached","¤7,647"
"3001","B26010703","CS","3400","1760 NW 18th Street","LAUDERDALE MANORS AMEN RES ","","$449,000","$470,000","4","2","0","1,153","Single","1959","","Yes","No","","7,320"
"3001","A11946880","CS","3400","1218 NW 2nd Ave","PROGRESSO ","","$449,000","$445,000","3","2","0","¤1,209","Single","1956","0","No","No","Attached","¤6,750"
"3001","A11912440","CS","3400","1108 NW 3rd Ave","PROGRESSO ","","$449,000","$440,000","3","2","","¤1,160","Single","1950","0","No","No","Attached","¤6,748"
"3001","A11694898","CS","3460","517 NW 16th Ave","DORSEY PARK SECOND ADD ","","$449,000","$449,000","4","2","0","¤1,520","Single","1961","0","No","No","Detached","¤5,400"
"3001","F10507185","CS","3470","715 SW 4th Ave","Tarpon River Village Tarpon River Village","","$449,000","$425,000","3","3","0","1,487","Townhouse","2002","1","","No","",""
"3001","A11950823","CS","3480","1101 SW 19th St","YELLOWSTONE PARK AMEN PLA ","","$449,000","$425,000","3","1","0","¤1,200","Single","1954","1","No","No","Detached","¤9,998"
"3001","F10540912","CS","3480","1306 SW 18th Street","Yellowstone Park Amd ","","$449,000","$415,000","1","1","0","1,091","Single","1948","0","No","No","","6,248"
"3001","A11699305","CS","3500","600 W Las Olas Blvd Unit#509S","SYMPHONY SOUTH CONDO SYMPHONY","","$449,000","$435,000","2","2","0","¤1,093","Condo","2005","1","","Yes","",""
"3001","A11650750","CS","3700","315 NE 3rd Ave Unit#1505","STRADA 315 CONDO STRADA 315","","$449,000","$420,000","2","2","0","¤1,155","Condo","2007","2","","No","",""
"3001","A11844667","CS","3560","1520 NW 15th Way","LAUDERDALE MANORS AMEN RE ","","$448,999","$445,000","4","2","0","","Single","1954","0","No","No","Detached","¤7,542"
"3001","F10421767","CS","3390","1721 NW 8th Ave","Progresso 2-18 D ","","$448,990","$445,000","3","1","0","925","Single","1953","0","No","No","","7,692"
"3001","A11866163","CS","3160","3000 E Sunrise Blvd Unit#3F","CARLTON TOWER CONDO CARLTON TOWER CONDO","","$448,000","$415,000","2","2","0","¤1,202","Condo","1969","1","","No","",""
"3001","F10545021","CS","3800","511 SE 5th Ave Unit#1010","NURIVER LANDING CONDO NURIVER LANDING CONDO","","$447,000","$438,000","2","2","0","1,246","Condo","2006","1","","No","",""
"3001","F10484339","CS","3160","2715 N Ocean Blvd Unit#7A","Embassy Tower II Embassy Tower II","","$445,000","$415,000","2","2","0","1,200","Condo","1973","1","","No","",""
"3001","F10470628","CS","3160","551 N Fort Lauderdale Beach Blvd Unit#H1712","OCEAN RESORT RESIDENCES OCEAN RESORT RESIDENCES","","$445,000","$420,000","1","1","0","579","Condo","2009","1","","Yes","",""
"3001","F10470268","CS","3260","1160 N Federal Hwy Unit#1014","East Point Towers East Point Towers","","$445,000","$410,000","2","2","0","1,920","Condo","1978","1","","Yes","",""
"3001","B26011655","CS","3270","1401 NE 9th Street Unit#61","VICTORIA PARK PLACE ","","$445,000","$380,000","3","2","1","1,658","Townhouse","1985","2","No","No","Garden Apartment","0"
"3001","R11018940","CS","3280","155 Isle Of Venice Drive Unit#701","VENICE ISLE TOWER CONDO ","","$445,000","$525,000","2","2","0","800","Condo","1973","1","No","Yes","High Rise",""
"3001","F10556242","CS","3600","801 SE 16th Court Unit#14","HARBOUR OAKS HARBOUR OAKS","","$445,000","$427,000","3","2","1","1,460","Townhouse","1987","","","No","",""
"3001","A11601008","CS","3800","520 SE 5th Ave Unit#1706","LAS OLAS BY THE RIVER CON LAS OLAS BY THE RIVER","","$445,000","$400,000","2","2","0","¤1,136","Condo","2001","1","","No","",""
"3001","A11756084","CS","3390","1206 NW 7th Ave","PROGRESSO ","","$444,900","$420,000","2","1","0","¤843","Single","1952","1","No","No","Detached","¤6,757"
"3001","R11158640","CS","3390","1139 NW 1st Avenue","PROGRESSO 2-18 D ","","$440,000","$405,000","2","1","0","994","Single","1957","0","No","No","","6,750"
"3001","A11772325","CS","3390","427 NW 18th Ave","DORSEY PARK THIRD ADD ","","$440,000","$440,000","4","2","","¤1,305","Single","1953","0","No","No","Detached","¤5,250"
"3001","F10491575","CS","3460","419 NW 19th Ave","Dorsey Park 4th Add 25-26 ","","$440,000","$435,000","3","2","0","1,628","Single","1952","1","No","No","","5,250"
"3001","F10539928","CS","3470","523 SW 19th Terrace","The Edge on 20th The Edge on 20th","","$440,000","$430,000","3","2","1","1,328","Townhouse","2021","2","","No","",""
"3001","A11755934","CS","3490","523 SW 19th Ter","The Edge On 20 The Edge On 20","","$440,000","$420,000","3","2","1","¤1,328","Townhouse","2022","1","","No","",""
"3001","F10482513","CS","3160","711 N Birch Rd Unit#503","Hawthorne East Hawthorne East","","$439,900","$435,000","2","2","0","1,100","Co-Op","1956","0","","No","",""
"3001","A11192224","CS","3160","551 N Fort Lauderdale Beach Blvd Unit#H1510","THE OCEAN RESORT THE OCEAN RESORT","","$439,900","$390,000","0","1","0","579","Condo","2009","1","","Yes","",""
"3001","F10545740","CS","3370","2631 NE 14th Avenue Unit#304","Wilton Station Wilton Station","","$439,900","$420,000","1","2","0","1,082","Condo","2006","1","","No","",""
"3001","F10501107","CS","3370","2625 NE 14th Ave Unit#308","WILTON STATION WILTON STATION","","$439,900","$435,000","2","2","0","1,400","Condo","2005","1","","Yes","",""
"3001","F10498055","CS","3370","2617 NE 14th Ave Unit#305","Wilton Station Wilton Station","","$439,900","$440,000","2","2","0","1,400","Condo","2006","0","","No","",""
"3001","F10480785","CS","3370","2631 NE 14th Ave Unit#202","Wilton Station Wilton Station","","$439,900","$425,000","1","1","1","1,125","Condo","2006","0","","No","",""
"3001","F10481551","CS","3370","1324 NE 1st Ave","South Middle River ","","$439,900","$420,000","2","1","0","900","Single","1952","0","No","No","","6,753"
"3001","A11707736","CS","3370","1325 NE 5th Ave","PROGRESSO Acapulco Townhomes","","$439,900","$430,000","3","3","0","¤1,260","Townhouse","2006","0","","No","",""
"3001","B26015240","CS","3400","1525 NW 14th Court","LAUDERDALE MANORS AMD PLAT ","","$439,900","$439,900","4","2","0","1,206","Single","1952","","No","No","","7,697"
"3001","A11717186","CS","3400","1549 NW 11th Way","LAUDERDALE VILLAS ","","$439,900","$440,000","3","2","0","¤1,510","Single","1953","2","No","No","Detached","¤10,366"
"3001","F10531794","CS","3480","2512 SW 14th Ave Unit#503","GROVE AT RIVER OAKS GROVE AT RIVER OAKS","","$439,900","$435,000","2","2","1","1,455","Townhouse","2006","2","","No","",""
"3001","F10540292","CS","3160","551 N Fort Lauderdale Beach Boulevard Unit#H1406","OCEAN RESORT RESIDENCES OCEAN RESORT RESIDENCES","","$439,000","$394,000","0","1","0","577","Condo","2009","1","No","Yes","","0"
"3001","F10531735","CS","3160","551 N Fort Lauderdale Beach Unit#H906","OCEAN RESORT RESIDENCES OCEAN RESORT RESIDENCES","","$439,000","$390,000","1","1","0","577","Condo","2009","1","","Yes","",""
"3001","F10499619","CS","3160","505 N Fort Lauderdale Beach Blvd Unit#717","Q Club Resort & Residence Q Club Resort & Residence","","$439,000","$380,000","1","2","0","1,028","Condo","2006","1","","Yes","",""
"3001","F10463046","CS","3160","551 N Fort Lauderdale Beach Blvd Unit#R2211","OCEAN RESORT RESIDENCES OCEAN RESORT RESIDENCES","","$439,000","$425,000","1","1","0","577","Condo","2009","1","","Yes","",""
"3001","R11159133","CS","3260","1124 Seminole Drive Unit#4b","CORAL COVE ASSOC CO-OP ","","$439,000","$425,000","2","2","0","950","Condo","1956","0","No","Yes","Garden Apartment",""
"3001","F10443962","CS","3280","1750 E Las Olas Blvd Unit#601","Seventeen Fifty Las Olas Seventeen Fifty Las Olas","","$439,000","$420,000","2","2","0","1,100","Co-Op","1957","0","","Yes","",""
"3001","B26002022","CS","3370","2633 NE 14th Avenue Unit#308","WILTON STATION RES CONDO ","","$439,000","$410,000","2","2","0","1,400","Condo","2007","1","No","No","","0"
"3001","F10490806","CS","3370","688 Kensington Pl","Tropical Gardens Tropical Gardens","","$439,000","$430,000","2","2","1","1,418","Townhouse","1976","0","","Yes","",""
"3001","F10533378","CS","3400","1109 NW 15th Avenue","Lauderdale Manor ","","$439,000","$439,000","3","2","0","1,291","Single","1950","0","No","No","","8,420"
"3001","F10392692","CS","3600","1501 SE 15th St Unit#2-4","Island Club Island Club","","$439,000","$430,000","2","1","1","1,035","Condo","1963","0","","Yes","",""
"3001","F10518963","CS","3800","511 SE 5th Ave Unit#1906","NuRiver Landing NuRiver Landing","","$439,000","$432,500","2","1","0","1,017","Condo","2006","1","","Yes","",""
"3001","F10462880","CS","3160","2840 N Ocean Blvd Unit#1004","Sea Tower Sea Tower","","$438,000","$418,000","1","1","0","769","Co-Op","1958","0","","Yes","",""
"3001","A11658220","CS","3280","350 SE 2nd St Unit#2580","350 LAS OLAS PLACE CONDO 350 Las Olas Place","","$437,000","$415,000","1","1","0","¤847","Condo","2005","0","","No","",""
"3001","F10454481","CS","3390","716 NW 19th St","Jamesson Sub Amd 34-9 B ","","$437,000","$405,460","2","1","0","1,023","Single","1954","1","No","No","","10,560"
"3001","F10478787","CS","3160","3020 NE 32nd Ave Unit#808","TIDES AT BRIDGESIDE TIDES AT BRIDGESIDE","","$435,000","$395,000","1","1","0","815","Condo","2002","2","","No","",""
"3001","F10469563","CS","3170","1750 S. Ocean Lane Unit#201","Lago Mar Place Lago Mar Place","","$435,000","$390,000","2","2","0","1,002","Co-Op","1962","0","","Yes","",""
"3001","F10534404","CS","3270","100 N Federal Highway Unit#819","The Waverly at Las Olas The Waverly at Las Olas","","$435,000","$390,000","2","2","0","1,200","Condo","2005","1","","No","",""
"3001","F10458013","CS","3270","151 NE 16th Ave Unit#380","PINE CREST VILLAGE 1 PINE CREST VILLAGE 1","","$435,000","$416,000","2","2","0","1,273","Condo","1970","0","","No","",""
"3001","R11016606","CS","3280","155 Isle Of Venice Drive Unit#602","VENICE ISLE TOWER CONDO ","","$435,000","$475,000","2","2","0","800","Condo","1973","1","No","Yes","High Rise",""
"3001","F10552453","CS","3311","1036 NW 13th Street","LAUDERDALE MANORS ADD ","","$435,000","$425,000","3","2","0","1,318","Single","1956","0","No","No","","9,430"
"3001","F10498928","CS","3370","2601 NE 14th Ave Unit#302","WILTON STATION WILTON STATION","","$435,000","$410,000","2","2","0","1,315","Condo","2006","1","","No","",""
"3001","R10995828","CS","3370","700 NE 16th Street","RESUB OF POR OF NORFOLK GA ","","$435,000","$435,000","2","1","0","1,054","Single","1954","0","No","No","","3,460"
"3001","F10499265","CS","3390","1223 NW 1st Ave","Progresso 2-18 D ","","$435,000","$420,000","2","1","0","1,074","Single","1949","0","No","No","","6,750"
"3001","A11784067","CS","3460","735 NW 19th Ave","LIBERTY PARK ","","$435,000","$425,000","3","2","","¤1,375","Single","2002","1","No","No","Attached","¤5,000"
"3001","A11592699","CS","3470","525 SW 18th Ave Unit#21","RIVERSIDE NO 2 OAK HAMMOCK","","$435,000","$400,000","3","2","1","¤1,562","Townhouse","2006","2","","No","",""
"3001","F10536254","CS","3560","1237 NW 17 Street","LAUDERDALE MANORS ","","$435,000","$435,000","4","2","0","1,460","Single","1954","0","No","No","",""
"3001","B26012987","CS","3600","905 SE 12th Court Unit#15","CAPISTRANO TOWNHOMES CONDO ","","$435,000","$415,000","2","2","1","1,430","Condo","1989","","No","No","Old Spanish","0"
"3001","F10552436","CS","3800","511 SE 5th Avenue Unit#1108","NuRiver Landing Condo NuRiver Landing Condo","","$435,000","$420,000","2","2","0","1,246","Condo","2006","1","","Yes","",""
"3001","F10486340","CS","3260","1170 N Federal Highway Unit#702","East Point Towers East Point Towers","","$434,900","$415,000","2","2","0","1,920","Condo","1973","1","","Yes","",""
"3001","F10515616","CS","3470","419 SW 13th Ter","Village at Sailboat Bend Village at Sailboat Bend","","$434,900","$425,000","2","2","1","1,679","Townhouse","2005","0","","No","",""
"3001","F10506108","CS","3280","800 SE 4 Street Unit#405","Chateau Mar Chateau Mar","","$434,344","$435,000","2","2","0","1,100","Condo","1966","0","","Yes","",""
"3001","F10473620","CS","3160","3015 N Ocean Blvd Unit#14F","The Berkley South The Berkley South","","$433,000","$433,000","2","2","0","1,328","Condo","1974","1","","No","",""
"3001","R11151918","CS","3160","3400 NE 25th Street","LAUDERDALE BEACH ","","$430,000","$399,000","4","4","0","3,444","","2021","2","Yes","No","","6,232"
"3001","F10429454","CS","3160","3015 N OCEAN BLVD Unit#8G","BERKLEY SOUTH BERKLEY SOUTH","","$430,000","$400,000","2","2","0","1,200","Condo","1974","1","","No","",""
"3001","F10467400","CS","3260","2820 NE 30 Unit#5","Laurel Terrace Laurel Terrace","","$430,000","$399,000","2","2","0","1,100","Condo","1964","0","","Yes","",""
"3001","A11938287","CS","3390","1713 NW 8th Ave","PROGRESSO ","","$430,000","$415,000","2","1","0","¤925","Single","1954","0","No","No","Detached","¤7,692"
"3001","A11887861","CS","3390","1135 N Andrews Ave","PROGRESSO ","","$430,000","$425,000","2","2","","¤1,230","Single","1953","0","No","No","Detached","¤6,004"
"3001","A11924756","CS","3400","1035 NW 11th Ct","CHATEAU PARK SEC ","","$430,000","$430,000","3","2","0","¤1,218","Single","1978","1","No","No","Attached","¤5,700"
"3001","F10501652","CS","3400","1617 NW 18th Ave","Lauderdale Manors Amd ","","$430,000","$430,000","3","2","0","1,056","Single","1953","0","No","No","","7,201"
"3001","A11724067","CS","3400","1643 NW 14th Ct","LAUDERDALE MANORS AMD PLA ","","$430,000","$400,000","3","2","","¤1,221","Single","1952","0","No","No","Detached","¤8,247"
"3001","F10541899","CS","3480","1014 SW 20th Street","Banyan Grove 25-23 B ","","$430,000","$380,000","2","2","0","1,074","Single","1949","0","No","No","","7,499"
"3001","F10527344","CS","3560","525 NW 15th Ave","Dorsey Park First Add 21- ","","$430,000","$421,000","3","2","0","1,478","Single","2012","1","No","No","","5,650"
"3001","A11720305","CS","3560","1608 NW 11th Pl","LAUDERDALE MANOR ","","$430,000","$430,000","6","2","","¤1,656","Single","1953","0","No","No","Detached","¤7,894"
"3001","A11846367","CS","3400","1100 NW 11th Pl","LAUDERDALE MANORS ADD ","","$429,999","$410,000","6","2","0","¤1,384","Single","1957","0","No","No","Detached","¤7,645"
"3001","A11982705","CS","3311","1031 NW 13th St","LAUDERDALE MANORS ADD ","","$429,990","$430,000","3","2","0","¤1,336","Single","1952","0","No","No","Detached","¤7,633"
"3001","F10463092","CS","3400","1823 NW 16th Ave","Lauderdale Manors 19 St 4 ","","$429,990","$427,000","4","2","0","1,296","Single","1959","0","No","No","","7,379"
"3001","F10530816","CS","3160","2401 N Ocean Blvd Unit#403","Fountains On Ocean Fountains On Ocean","","$429,900","$400,000","1","1","0","1,080","Condo","2008","1","","No","",""
"3001","F10481915","CS","3160","209 N Fort Lauderdale Beach Blvd Unit#16H","THE SEASONS THE SEASONS","","$429,900","$420,000","0","1","0","570","Condo","1981","1","","Yes","",""
"3001","F10486362","CS","3400","1624 NW 16th St","Lauderdale Manors Resub O ","","$429,900","$430,000","3","2","0","960","Single","1953","0","No","No","","10,104"
"3001","A11590312","CS","3470","1101 E River Reach Dr Unit#109","RIVER REACH CONDOMINIUM I River Reach","","$429,900","$400,000","3","2","0","¤1,500","Condo","1982","1","","Yes","",""
"3001","F10478015","CS","3260","2743 NE 15th St Unit#6","Norfolk House Norfolk House","","$429,000","$429,000","2","2","0","764","Co-Op","1961","0","","Yes","",""
"3001","F10548228","CS","3270","151 NE 16th Avenue Unit#367","Pine Crest Village Pine Crest Village","","$429,000","$415,000","2","2","0","1,280","Condo","1970","0","","No","",""
"3001","F10533882","CS","3380","350 SE 2nd St Unit#1680","350 LAS OLAS PLACE 350 LAS OLAS PLACE","","$429,000","$405,000","1","1","0","847","Condo","2005","1","","No","",""
"3001","R11083032","CS","3390","1312 NW 2nd Avenue","PROGRESSO ","","$429,000","$415,000","3","1","0","1,030","Single","1946","0","No","No","Ranch","6,750"
"3001","A11697526","CS","3400","1640 NW 18th Ave","LAUDERDALE MANORS RESUB O ","","$429,000","$405,000","3","2","","¤912","Single","1954","0","No","No","Detached","¤6,000"
"3001","A11646215","CS","3460","744 NW 15th Ter","CARVER PARK ","","$429,000","$426,500","4","2","","¤1,445","Single","2003","1","No","No","Detached","¤5,625"
"3001","F10517328","CS","3800","520 SE 5th Ave Unit#1112","LAS OLAS BY THE RIVER LAS OLAS BY THE RIVER","","$429,000","$429,000","2","2","0","1,148","Condo","2001","1","","No","",""
"3001","A11754301","CS","3700","520 SE 5th Ave Unit#3103","LAS OLAS BY THE RIVER CON Las Olas by the River","","$427,900","$427,000","2","2","0","¤1,278","Condo","2001","1","","No","",""
"3001","A11746786","CS","3800","520 SE 5th Ave Unit#1302","LAS OLAS BY THE RIVER CON Las Olas by the River","","$427,000","$420,000","2","2","0","¤1,148","Condo","2001","1","","No","",""
"3001","A11756717","CS","3370","1732 NW 7th Ave","PROGRESSO ","","$425,990","$420,000","2","1","0","¤992","Single","1953","0","No","No","Detached","¤6,750"
"3001","A11974134","CS","3170","2100 S OCEAN DR Unit#11J","SKY HARBOUR EAST SKY HARBOUR EAST","","$425,000","$402,500","1","1","0","900","Condo","1964","0","","Yes","",""
"3001","F10552542","CS","3260","2740 Yacht Club Boulevard Unit#9D","CORAL COVE ASSOC CO-OP CORAL COVE ASSOC CO-OP","","$425,000","$400,000","2","2","0","950","Co-Op","1955","0","","Yes","",""
"3001","F10505929","CS","3260","1332 Bayview Dr Unit#101","Hawthorne Bay Hawthorne Bay","","$425,000","$385,000","2","2","0","1,150","Condo","1966","0","","Yes","",""
"3001","F10495344","CS","3270","100 N Federal Hwy Unit#1123","WAVERLY AT LAS OLAS WAVERLY AT LAS OLAS","","$425,000","$400,000","2","2","0","1,228","Condo","2005","1","","No","",""
"3001","F10502212","CS","3280","111 SE 8th Ave Unit#603","VENEZIA LAS OLAS VENEZIA LAS OLAS","","$425,000","$416,000","1","2","0","890","Condo","2002","1","","Yes","",""
"3001","A11779044","CS","3340","1600 NW 15th Ave","LAUDERDALE VILLAS ","","$425,000","$425,000","3","2","0","¤1,116","Single","1952","0","No","No","Detached","¤10,249"
"3001","F10502931","CS","3370","669 Cypress Ln Unit#29B","Cypress Cove Cypress Cove","","$425,000","$410,000","2","2","1","1,200","Townhouse","1976","0","","No","",""
"3001","F10477385","CS","3370","608 NE 29th Dr Unit#1","Wilton Manors Townhouse Wilton Manors Townhouse","","$425,000","$415,000","2","1","1","1,144","Townhouse","1983","0","","No","",""
"3001","F10465471","CS","3370","2631 NE 14th Ave Unit#205","WILTON STATION RES CONDO WILTON STATION RES CONDO","","$425,000","$400,000","1","2","0","1,082","Condo","2005","0","","No","",""
"3001","F10451383","CS","3380","1949 NE 15th Ave Unit#1949","EDGEWATER TOWNHOMES EDGEWATER TOWNHOMES","","$425,000","$395,000","2","1","1","1,060","Townhouse","1987","0","","No","",""
"3001","F10530138","CS","3390","1621 NW 7th Ave","Progresso 2-18 D ","","$425,000","$415,000","2","1","0","1,037","Single","1954","0","No","No","","6,754"
"3001","F10486609","CS","3390","1325 NW 5th Ave","PROGRESSO ","","$425,000","$410,000","2","1","1","880","Single","1950","0","No","No","","6,751"
"3001","F10425922","CS","3390","1529 NW 6th Ave","Progresso 2-18 D ","","$425,000","$400,000","2","1","0","909","Single","1952","0","No","No","","6,752"
"3001","R11021767","CS","3400","1536 NW 15th Avenue","LAUDERDALE MONORS ","","$425,000","$400,000","4","2","0","1,344","Single","1952","0","No","No","Ranch","13,049"
"3001","B26006577","CS","3470","1210 W Las Olas Boulevard","WAVERLY PLACE ","","$425,000","$408,000","2","2","1","1,657","Townhouse","1997","","No","No","Garden Apartment","1,060"
"3001","B26017746","CS","3480","1405 SW 19th Avenue","RIVERSIDE ESTATES ADD ","","$425,000","$350,000","3","1","0","1,150","Single","1954","","No","No","","10,639"
"3001","F10528427","CS","3480","1725 SW 14TH ST","Shady Banks ","","$425,000","$425,000","3","1","0","1,104","Single","1953","0","No","No","","6,300"
"3001","F10524530","CS","3480","2544 SW 14th Ave Unit#105","Grove at River Oaks Grove at River Oaks","","$425,000","$425,000","2","2","1","1,455","Townhouse","2006","2","","No","",""
"3001","B26001533","CS","3600","905 SE 12th Court Unit#16","CAPISTRANO TOWNHOMES CONDO ","","$425,000","$405,000","2","2","1","1,430","Townhouse","1989","","Yes","No","",""
"3001","A11892723","CS","3600","1700 SE 15th St Unit#215","CARAVEL CONDOMINIUM APART Caravel Condominium","","$425,000","$395,000","2","2","0","¤1,200","Condo","1965","0","","Yes","",""
"3001","F10520175","CS","3600","801 SE 16th Court Unit#11","Harbour Oaks Town Home Harbour Oaks Town Home","","$425,000","$400,000","2","2","1","1,220","Townhouse","1987","0","","No","",""
"3001","R11052032","CS","3600","2033 SE 10th Avenue Unit#619","Village East Condo ","","$425,000","$420,000","2","2","0","1,054","Condo","2000","0","No","No","Garden Apartment",""
"3001","F10472635","CS","3700","533 NE 3rd Ave Unit#139","SOLE at Flagler Village SOLE at Flagler Village","","$425,000","$406,000","2","2","0","1,270","Condo","2005","1","","No","",""
"3001","R11015581","CS","3700","533 NE 3rd Avenue Unit#209","SOLE AT FORT LAUDERDALE C ","","$425,000","$400,000","2","2","0","1,270","Condo","2005","1","No","No","",""
"3001","F10544068","CS","3800","511 SE 5th Avenue Unit#707","NURIVER LANDING NURIVER LANDING","","$425,000","$410,000","2","2","0","1,233","Condo","2006","1","","Yes","",""
"3001","A11834497","CS","3800","511 SE 5th Ave Unit#2301","NURIVER LANDING CONDO NURIVER LANDING","","$425,000","$405,000","1","1","0","¤908","Condo","2006","1","","Yes","",""
"3001","F10456657","CS","3800","520 SE 5th Ave Unit#2612","LAS OLAS BY THE RIVER LAS OLAS BY THE RIVER","","$425,000","$415,000","2","2","0","1,148","Condo","2001","1","","No","",""
"3001","F10451463","CS","3800","511 SE 5th Ave Unit#2020","NU RIVER LANDING NU RIVER LANDING","","$425,000","$400,000","1","1","0","808","Condo","2005","1","","Yes","",""
"3001","F10475432","CS","3400","1647 NW 11th Pl","Lauderdale Manors Amd ","","$424,990","$425,000","4","2","0","1,254","Single","1955","0","No","No","","10,164"
"3001","A11593058","CS","3460","878 NW 17th Ave","LINCOLN PARK SIXTH ADD ","","$424,950","$404,000","3","2","0","¤1,260","Single","1950","5","No","No","Attached","¤5,220"
"3001","A11792980","CS","3280","1770 E Las Olas Blvd Unit#507","LAS OLAS VILLAS CONDO Las Olas Villas","","$424,900","$400,000","2","2","0","¤1,030","Condo","1968","1","","Yes","",""
"3001","B26022129","CS","3370","2625 NE 14th Avenue Unit#114","WILTON STATION RES CONDO ","","$424,900","$420,000","2","2","1","1,777","Townhouse","2006","0","No","No","",""
"3001","A12024814","CS","3400","1632 NW 18th Ave","LAUDERDALE MANORS RESUB O ","","$424,900","$415,000","3","2","","¤1,083","Single","1953","0","No","No","Detached","¤6,012"
"3001","A11984320","CS","3400","1224 NW 18th St","LAUDERDALE VILLAS ","","$424,900","$425,000","3","2","0","¤1,252","Single","1953","0","No","No","Detached","¤11,255"
"3001","R11084540","CS","3400","918 NW 14th Court","LAUDERDALE MANORS ADD-RESU ","","$424,900","$425,000","3","2","0","996","Single","1956","0","No","No","Ranch","8,546"
"3001","R11060223","CS","3400","1313 NW 11th Place","LAUDERDALE MANORS ADD ","","$424,000","$424,000","3","2","0","1,075","Single","2024","0","No","No","","6,848"
"3001","F10523695","CS","3600","610 SE 14th Court Unit#6","Casa Bay View Casa Bay View","","$424,000","$415,000","2","2","1","1,170","Townhouse","1989","0","","No","",""
"3001","A11734371","CS","3700","315 NE 3rd Ave Unit#1804","STRADA 315 CONDO STRADA 315 CONDO","","$424,000","$387,000","1","1","1","¤927","Condo","2007","1","","No","",""
"3001","R11098688","CS","3160","2841 N Ocean Boulevard Unit#510","VANTAGE VIEW CONDO ","","$420,000","$401,000","2","2","0","1,200","Condo","1976","1","No","Yes","",""
"3001","A12008774","CS","3370","2017 NE 29th Ct","CORAL SHORES ","","$420,000","$420,000","3","2","0","¤1,549","Single","1955","0","No","No","Detached","¤7,001"
"3001","F10462364","CS","3370","240 NE 17th Ct Unit#701","Spanish Springs Townhomes Spanish Springs Townhomes","","$420,000","$408,000","3","2","1","1,408","Townhouse","1987","0","","No","",""
"3001","A11735492","CS","3400","1606 NW 13th Ct","LAUDERDALE MANORS AMD PLA ","","$420,000","$420,000","3","2","0","","Single","1953","0","No","No","Detached","¤7,700"
"3001","F10463785","CS","3470","247 SW 13 TERRACE Unit#247","VILLAGE AT SAILBOAT BEND VILLAGE AT SAILBOAT BEND","","$420,000","$375,000","2","2","1","1,680","Condo","2005","0","","No","",""
"3001","F10492660","CS","3480","2524 SW 14th Ave Unit#904","GROVE AT RIVER OAKS GROVE AT RIVER OAKS","","$420,000","$390,000","2","2","1","1,455","Townhouse","2006","2","","No","",""
"3001","A11963192","CS","3800","511 SE 5th Ave Unit#1201","NURIVER LANDING CONDO NURIVER LANDING","","$420,000","$420,000","1","1","0","¤908","Condo","2007","0","","Yes","",""
"3001","A11922956","CS","3400","1631 NW 12th Ct","LAUDERDALE MANORS AMD PLA ","","$419,999","$420,000","5","2","","¤1,331","Single","1952","0","No","No","Attached","¤7,701"
"3001","F10428328","CS","3260","2900 NE 30th St Unit#G-10","LAUDERDALE TOWER CONDO LAUDERDALE TOWER CONDO","","$419,900","$395,000","2","2","0","1,040","Condo","1964","0","","Yes","",""
"3001","F10453378","CS","3400","1720 NW 18th St","Lauderdale Manors Amd Res ","","$419,800","$419,000","4","2","0","1,271","Single","1958","0","No","No","","7,320"
"3001","F10460565","CS","3160","209 N Fort Lauderdale Beach Blvd Unit#6J","The Seasons The Seasons","","$419,000","$400,500","1","1","0","560","Condo","1981","1","","Yes","",""
"3001","F10445289","CS","3160","711 N Birch Rd Unit#403","Hawthorne East Co-Op Hawthorne East Co-Op","","$419,000","$403,000","2","2","0","1,025","Co-Op","1969","0","","No","",""
"3001","F10554678","CS","3260","2900 NE 30th Street Unit#7H","Lauderdale Tower Lauderdale Tower","","$419,000","$390,000","2","2","0","1,040","Condo","1964","0","","Yes","",""
"3001","F10442665","CS","3280","340 Sunset Dr Unit#605","Essex Tower Essex Tower","","$419,000","$400,000","2","2","0","1,218","Condo","1971","1","","No","",""
"3001","F10454046","CS","3370","661 Kensington Pl Unit#101B","Townhouse Shores Townhouse Shores","","$419,000","$400,000","2","1","1","1,250","Townhouse","1973","0","","Yes","",""
"3001","A11903849","CS","3380","1897 NE 15th Ave","Edgewater Townhomes Edgewater Townhomes","","$419,000","$385,000","2","2","1","¤1,056","Townhouse","1987","0","","Yes","",""
"3001","F10462125","CS","3390","1617 NW 15th Ct","LAUDERDALE MANORS AMEN PL ","","$419,000","$405,000","3","2","0","1,127","Single","1954","0","No","No","","7,682"
"3001","F10539594","CS","3400","1635 NW 15th Terrace","Lauderdale Manors ","","$419,000","$424,000","3","2","0","1,420","Single","1954","0","No","No","","7,320"
"3001","F10503490","CS","3400","1613 NW 11th St","Lauderdale Manor 25-12 B ","","$419,000","$419,000","3","2","0","1,201","Single","1951","0","No","No","","7,808"
"3001","A11631395","CS","3160","1200 N Fort Lauderdale Beach Blvd Unit#504","1200 CLUB CONDO 1200 CLUB CONDO","","$418,000","$398,000","1","1","0","¤702","Condo","1956","0","","Yes","",""
"3001","F10511463","CS","3380","1869 NE 15th Avenue Unit#1869","Edgewater Townhomes Edgewater Townhomes","","$418,000","$403,000","2","1","1","1,060","Townhouse","1986","0","","No","",""
"3001","A11581516","CS","3400","1445 NW 6th Ave","PROGRESSO ","","$417,000","$400,000","2","1","0","¤825","Single","1950","0","No","No","Detached","¤6,752"
"3001","A11831508","CS","3400","1143 NW 18th St","LAUDERDALE VILLAS ","","$415,999","$310,000","3","2","0","¤1,512","Single","1953","0","No","No","Detached","¤10,367"
"3001","F10508775","CS","3160","524 Orton Ave Unit#701","The Britannia Condo The Britannia Condo","","$415,000","$415,000","2","2","0","1,324","Condo","1964","0","","No","",""
"3001","A11604791","CS","3170","2009 SE 10th Ave Unit#317","VILLAGE EAST CONDO Village East","","$415,000","$385,000","2","2","0","¤1,054","Condo","2000","1","","No","",""
"3001","R11153255","CS","3370","1304 NW 2nd Avenue","PROGRESSO ","","$415,000","$422,000","4","2","0","1,489","Single","1952","0","No","No","","13,500"
"3001","F10496632","CS","3390","1500 NW 3rd Ave","Progresso 2-18 D ","","$415,000","$412,000","3","1","0","1,072","Single","1947","1","No","No","","6,752"
"3001","F10476997","CS","3470","1201 River Reach Dr Unit#218","River Reach River Reach","","$415,000","$395,000","2","2","0","1,250","Condo","1981","1","","Yes","",""
"3001","A11624585","CS","3570","216 SW 21st St","LAUDERDALE ","","$415,000","$415,000","2","1","0","¤815","Single","1951","0","No","No","Detached","¤6,750"
"3001","A11853480","CS","3600","1435 SE 15th St Unit#302","RIVERBEND CONDO Riverbend","","$415,000","$390,000","2","2","0","¤1,050","Condo","1970","0","","Yes","",""
"3001","R11048477","CS","3800","520 SE 5th Avenue Unit#2212","LAS OLAS BY THE RIVER COND ","","$415,000","$400,000","2","2","0","1,148","Condo","2001","1","No","No","High Rise",""
"3001","A11710044","CS","3800","511 SE 5th Ave Unit#813","NURIVER LANDING CONDO NURIVER LANDINGS","","$415,000","$410,000","2","2","0","¤1,270","Condo","2006","1","","No","",""
"3001","F10504799","CS","3160","2841 N Ocean Boulevard Unit#1103","VANTAGE VIEW VANTAGE VIEW","","$414,900","$414,900","2","2","0","1,100","Condo","1976","1","","No","",""
"3001","F10444548","CS","3390","1413 N Andrews Ave","Progresso 2-18 D ","","$414,000","$400,000","2","1","0","870","Single","1949","0","No","No","","6,005"
"3001","R11140049","CS","3390","1213 NW 7th Avenue","PROGRESSO ","","$412,000","$360,000","3","1","0","1,032","Single","1952","","No","No","","6,751"
"3001","A11706626","CS","3260","2424 NE 9th St Unit#109","COLONIAL MANOR WEST APART Colonial Manor","","$410,000","$400,000","2","2","0","¤1,320","Condo","1969","0","","No","",""
"3001","A11834964","CS","3380","3016 NE 21st Ter Unit#3016","CORAL SHORES Coral Coast","","$410,000","$395,000","2","2","1","¤1,257","Townhouse","1996","0","","No","",""
"3001","A11950096","CS","3390","1336 NW 6th Ave","PROGRESSO ","","$410,000","$405,000","3","2","0","¤918","Single","1956","0","No","No","Detached","¤6,751"
"3001","A11768747","CS","3390","1429 NW 5th Ave","PROGRESSO ","","$410,000","$400,000","2","1","0","¤832","Single","1950","0","No","No","Detached","¤6,752"
"3001","F10476624","CS","3470","3970 NW 51ST","OAKLAND ESTATES 5TH ","","$410,000","$400,000","3","2","0","1,664","Single","1970","1","No","No","","6,035"
"3001","A11663316","CS","3480","2536 SW 14th Ave Unit#1101","The Grove at River Oaks The Grove at River Oaks","","$410,000","$405,000","2","2","1","¤1,455","Townhouse","2006","2","","No","",""
"3001","F10447931","CS","3600","2009 SE 10th Ave Unit#301","Village East Village East","","$410,000","$392,500","2","2","0","1,054","Condo","2000","1","","No","",""
"3001","R10972117","CS","3800","520 SE 5th Avenue Unit#1402","LAS OLAS BY THE RIVER COND ","","$410,000","$390,000","2","2","0","1,148","Condo","2001","2","No","No","",""
"3001","F10518617","CS","3470","1201 River Reach Dr Unit#403","River Reach River Reach","","$409,995","$400,000","2","2","0","1,500","Condo","1981","1","","Yes","",""
"3001","F10540634","CS","3460","521 NW 20th Ave","River Bend 25-50 B ","","$409,990","$420,000","3","2","0","1,238","Single","1964","0","No","No","","5,500"
"3001","A11650434","CS","3400","1420 NW 13th Pl","LAUDERDALE MANORS ADD REV ","","$409,900","$410,000","3","2","","¤929","Single","1953","0","No","No","Detached","¤6,854"
"3001","R11103826","CS","3480","2536 SW 14th Avenue Unit#1102","The Grove at River Oaks ","","$409,900","$400,000","2","2","1","1,455","Townhouse","2006","2","No","No","","720"
"3001","A11996477","CS","3390","1608 NW 7th Ave","PROGRESSO ","","$409,000","$401,000","3","2","0","¤1,000","Single","1954","0","No","No","Attached","¤6,752"
"3001","A11954949","CS","3390","2661 SW 12th Ter","DEVONSHIRE ","","$409,000","$360,000","3","2","0","¤1,444","Single","1958","0","No","No","Detached","¤6,120"
"3001","A11732190","CS","3390","413 NW 18th Ave","DORSEY PARK THIRD ADD ","","$409,000","$400,000","3","2","","¤1,557","Single","1953","0","No","No","Detached","¤5,250"
"3001","A11722443","CS","3460","864 NW 16th Ter","LINCOLN PARK SIXTH ADD ","","$409,000","$409,000","3","2","0","¤1,232","Single","1951","0","No","No","Detached","¤5,000"
"3001","A11931883","CS","3470","511 SW 18th Ave Unit#1","RIVERSIDE NO 2 RIVERSIDE","","$409,000","$398,000","3","2","1","¤1,562","Townhouse","2006","2","","No","",""
"3001","F10407932","CS","3160","2715 N Ocean Blvd Unit#PH F","EMBASSY TOWER II CONDO EMBASSY TOWER II CONDO","","$405,000","$385,000","1","1","0","900","Condo","1973","1","","No","",""
"3001","A11728663","CS","3390","1309 NW 1st Ave","PROGRESSO ","","$405,000","$405,000","2","1","0","¤825","Single","1952","0","No","No","Detached","¤6,750"
"3001","F10508243","CS","3470","2536 SW 14th Ave Unit#1103","The Grove The Grove","","$405,000","$395,000","3","3","0","1,455","Townhouse","2006","2","","No","",""
"3001","F10485521","CS","3260","936 Intracoastal Drive Unit#3E","Corinthian Corinthian","","$404,900","$360,000","2","2","0","1,500","Condo","1974","1","","Yes","",""
"3001","F10483914","CS","3370","2617 NE 14th Ave Unit#406","Wilton Station Wilton Station","","$404,000","$394,500","2","2","0","1,386","Condo","2006","0","","No","",""
"3001","A11854340","CS","3160","3020 NE 32nd Ave Unit#1505","TIDES AT BRIDGESIDE SQUAR The Tides","","$400,000","$365,000","1","1","0","¤750","Condo","2002","0","","No","",""
"3001","R11089025","CS","3160","3020 NE 32nd Avenue Unit#923","TIDES AT BRIDGESIDE SQUAR ","","$400,000","$400,000","1","1","0","720","Condo","2002","1","No","No","High Rise",""
"3001","R11071124","CS","3260","1332 Bayview Drive Unit#303","HAWTHORNE BAY CONDO ","","$400,000","$380,000","2","2","0","1,088","Condo","1968","2","No","Yes","",""
"3001","F10475271","CS","3260","1332 Bayview Dr Unit#405","HAWTHORNE BAY HAWTHORNE BAY","","$400,000","$395,000","2","2","0","1,088","Condo","1966","0","","Yes","",""
"3001","F10459388","CS","3260","2727 Yacht Club Boulevard Unit#2E","SUNRISE BAY CLUB CO-OP SUNRISE BAY CLUB CO-OP","","$400,000","$377,500","2","2","0","1,030","Co-Op","1956","0","","Yes","",""
"3001","F10446724","CS","3280","340 Sunset Dr Unit#303","Essex Tower Condominium Essex Tower Condominium","","$400,000","$375,000","2","2","0","1,218","Condo","1971","1","","No","",""
"3001","F10440821","CS","3280","2500 E Las Olas Blvd Unit#505","Marine Tower Marine Tower","","$400,000","$390,000","1","1","1","870","Condo","1969","1","","Yes","",""
"3001","A11707552","CS","3331","232 SW 22nd St","LAUDERDALE ","","$400,000","$383,000","2","1","0","¤1,194","Single","1952","0","No","No","Attached","¤6,750"
"3001","F10499146","CS","3370","2017 N Dixie Highway","FOOTBRIDGE TOWNHOUSE FOOTBRIDGE TOWNHOUSE","","$400,000","$400,000","2","2","1","1,320","Townhouse","1976","0","","Yes","",""
"3001","A11659464","CS","3400","1628 NW 16 st","LAUDERDALE MANORS ","","$400,000","$390,000","3","1","1","","Single","1954","0","No","No","Attached",""
"3001","A11598767","CS","3400","1535 NW 17th St","LAUDERDALE MANORS AMEN RE ","","$400,000","$350,000","3","1","0","¤1,092","Single","1954","1","No","No","Detached","¤6,997"
"3001","F10504798","CS","3480","2540 SW 14TH AV Unit#202","GROVE AT RIVER OAKS GROVE AT RIVER OAKS","","$400,000","$395,000","2","2","1","1,561","Townhouse","2006","2","","No","",""
"3001","F10520657","CS","3490","1431 SW 27th Ct","Hibiscus Gardens 10-1 B ","","$400,000","$410,000","3","2","0","1,084","Single","1949","0","No","No","","9,476"
"3001","F10468031","CS","3800","511 SE 5th Ave Unit#2315","Nu River Landing Nu River Landing","","$400,000","$380,000","1","1","0","803","Condo","2005","1","","Yes","",""
"3001","B26022933","CS","3810","641 NW 1st Avenue","PROGRESSO ","","$400,000","$390,000","2","1","0","1,012","Townhouse","2004","","No","No","Old Spanish","3,375"
"3001","F10482490","CS","3170","1920 S Ocean Dr Unit#606","Atlantic Towers Atlantic Towers","","$399,999","$362,000","3","3","0","1,329","Co-Op","1961","0","","No","",""
"3001","F10440519","CS","3331","1513 NW 18th Ct","Lauderdale Manors Amd Res ","","$399,999","$402,000","4","2","0","1,128","Single","1955","0","No","No","","6,772"
"3001","A11747913","CS","3400","1201 NW 14th St","LAUDERDALE MANORS ADD ","","$399,999","$399,999","3","2","0","¤925","Single","1955","1","No","No","Attached","¤7,983"
"3001","A11648339","CS","3400","1524 NW 12th Ter","LAUDERDALE VILLAS ","","$399,999","$402,000","3","2","0","¤1,224","Single","1952","0","No","No","Detached","¤8,925"
"3001","F10484014","CS","3800","511 SE 5th Ave Unit#2515","NuRiver Landing NuRiver Landing","","$399,999","$375,000","1","1","0","803","Condo","2006","1","","Yes","",""
"3001","F10506736","CS","3470","505 SW 18th Ave Unit#11","OAK HAMMOCK - RIVERSIDE OAK HAMMOCK - RIVERSIDE","","$399,995","$385,000","2","2","1","1,546","Townhouse","2005","1","","No","",""
"3001","F10502017","CS","3160","2300 NE 33rd Ave Unit#703","Everglades Club Condo Everglades Club Condo","","$399,990","$375,000","2","2","0","1,350","Condo","1986","1","","No","",""
"3001","A11886519","CS","3800","2021 SE 10th Ave Unit#212","VILLAGE EAST CONDO VILLAGE EAST","","$399,990","$370,000","2","2","0","¤1,054","Condo","2001","1","","No","",""
"3001","A11726879","CS","3160","551 N Fort Lauderdale Beach Blvd Unit#R1806","551 FLB CONDOMINIUM RESID Ocean Resort","","$399,900","$390,000","0","1","0","¤577","Condo","2015","1","","No","",""
"3001","F10421854","CS","3160","2200 NE 33rd Ave Unit#14H","WHITE EGRET CONDOMINIUM WHITE EGRET CONDOMINIUM","","$399,900","$380,000","1","1","1","1,103","Condo","1971","0","","Yes","",""
"3001","F10459283","CS","3280","340 Sunset Dr Unit#502","Essex Tower Essex Tower","","$399,900","$378,000","2","2","0","1,228","Condo","1971","1","","No","",""
"3001","F10541074","CS","3370","1436 NE 1st Avenue","Progresso 2-18 D ","","$399,900","$399,900","2","1","0","1,035","Single","1949","","No","No","","6,753"
"3001","A11925289","CS","3390","806 NW 18th St","PROGRESSO ","","$399,900","$399,900","3","2","0","¤925","Single","1954","0","No","No","Detached","¤5,993"
"3001","A11659699","CS","3390","1106 NW 15th Ct","LAUDERDALE VILLAS ","","$399,900","$400,000","3","1","0","¤1,530","Single","1952","0","No","No","Attached","¤8,925"
"3001","F10533517","CS","3470","1350 River Reach Dr Unit#116","RIVER REACH RIVER REACH","","$399,900","$370,000","2","2","0","1,250","Condo","1972","0","","Yes","",""
"3001","F10518727","CS","3470","1350 River Reach Dr Unit#118","River Reach River Reach","","$399,900","$368,000","2","2","0","1,250","Condo","1972","0","","Yes","",""
"3001","F10507990","CS","3470","1301 River Reach Dr Unit#217","River Reach River Reach","","$399,900","$360,000","2","2","0","1,250","Condo","1974","0","","Yes","",""
"3001","F10483449","CS","3800","410 SE 11th Ct Unit#1","Rio Vista Rio Vista","","$399,900","$399,900","2","2","0","1,024","Townhouse","1984","0","","No","",""
"3001","A11738699","CS","3470","531 SW 18th Ave Unit#41","RIVERSIDE NO 2 OAK HAMMOCK","","$399,850","$350,000","3","2","1","¤1,562","Townhouse","2007","2","","No","",""
"3001","A11733624","CS","3260","1308 Bayview Dr Unit#1D","HAMPTON EAST CONDO HAMPTON EAST CONDO","","$399,800","$399,800","2","2","0","¤887","Condo","1961","0","","Yes","",""
"3001","A11941836","CS","3160","2715 N Ocean Blvd Unit#PH F","EMBASSY TOWER II INC COND EMBASSY TOWER II CONDO","","$399,777","$387,000","1","1","0","¤900","Condo","1973","1","","No","",""
"3001","F10531447","CS","3160","2715 N Ocean Boulevard Unit#4E","EMBASSY TOWER II EMBASSY TOWER II","","$399,500","$375,000","2","2","0","1,200","Condo","1973","1","","No","",""
"3001","F10461655","CS","3160","2200 NE 33rd Ave Unit#5C","WHITE EGRET CONDO WHITE EGRET CONDO","","$399,500","$360,000","1","1","1","1,103","Condo","1971","0","","No","",""
"3001","B26008388","CS","3390","1525 NW 1st Avenue","PROGRESSO ","","$399,500","$370,000","3","2","0","928","Single","1951","","No","No","","6,750"
"3001","F10500345","CS","3600","180 Isle Of Venice Dr Unit#126","Oasis of Nurmi Oasis of Nurmi","","$399,500","$415,000","2","2","0","1,140","Co-Op","1959","0","","Yes","",""
"3001","A11631365","CS","3810","309 City View Dr","NEAR NORTHWEST City View Townhomes","","$399,500","$388,000","2","1","1","¤888","Townhouse","1985","0","","No","",""
"3001","A11665962","CS","3600","2021 SE 10th Ave Unit#204","VILLAGE EAST CONDO Village East","","$399,050","$370,000","2","2","0","¤1,054","Townhouse","2001","1","","No","",""
"3001","A11967287","CS","3160","551 N Fort Lauderdale Beach Blvd Unit#H804","551 FLB CONDOMINIUM HOTEL OCEAN RESORT RESIDENCES","","$399,000","$389,000","0","1","0","¤445","Condo","2015","1","","Yes","",""
"3001","F10532819","CS","3160","720 Bayshore Drive Unit#304","Nautical Towers Nautical Towers","","$399,000","$375,000","2","2","0","1,266","Condo","1971","1","","No","",""
"3001","F10516958","CS","3160","3000 E Sunrise Blvd Unit#9A","Carlton Tower Carlton Tower","","$399,000","$415,000","2","2","0","1,084","Condo","1969","1","","No","",""
"3001","F10514476","CS","3160","95 N Birch Road Unit#601","Harbor Haven Harbor Haven","","$399,000","$375,000","1","1","0","795","Condo","1970","0","","Yes","",""
"3001","A11795619","CS","3160","2701 N Ocean Blvd Unit#15E","EMBASSY TOWER INC CONDO Embassy Tower One","","$399,000","$426,000","2","2","0","¤1,200","Condo","1972","1","","No","",""
"3001","A11712578","CS","3160","2200 NE 33rd Ave Unit#17H","WHITE EGRET CONDO WHITE EGRET CONDO","","$399,000","$385,000","1","1","1","¤1,103","Condo","1971","1","","No","",""
"3001","F10468604","CS","3160","741 Bayshore Dr Unit#5S","Holiday Isle Yacht Club Holiday Isle Yacht Club","","$399,000","$394,000","1","1","0","540","Condo","1958","0","","Yes","",""
"3001","F10463349","CS","3160","2300 NE 33rd Ave Unit#302","Everglades Club Condo Everglades Club Condo","","$399,000","$390,000","2","2","1","1,369","Condo","1986","1","","No","",""
"3001","F10456831","CS","3160","3020 NE 32nd Ave Unit#1421","TIDES AT BRIDGESIDE TIDES AT BRIDGESIDE","","$399,000","$395,000","1","1","0","720","Condo","2002","1","","No","",""
"3001","F10485582","CS","3170","3000 Holiday Dr Unit#1406","Maya Marca Condominium Ap Maya Marca Condominium Ap","","$399,000","$385,000","1","1","1","1,214","Condo","1966","1","","Yes","",""
"3001","F10480699","CS","3170","3000 Holiday Dr Unit#1204","Maya Marca Maya Marca","","$399,000","$350,000","1","1","1","1,060","Condo","1966","1","","Yes","",""
"3001","A11592671","CS","3170","9 N Birch Rd Unit#503","HARBOR HOUSE EAST INC CON Harbor House East Condo","","$399,000","$365,000","1","1","0","¤640","Condo","1966","0","","Yes","",""
"3001","A11605331","CS","3250","815 Middle River Dr Unit#302","MIDDLE RIVER VILLAS CONDO Middle River Villas Condo","","$399,000","$365,000","2","2","0","¤903","Condo","1980","0","","Yes","",""
"3001","R11097251","CS","3260","2701 Yacht Club Boulevard Unit#C3","BA-PART CONDO ","","$399,000","$352,750","1","1","0","570","Condo","1956","0","No","Yes","Garden Apartment",""
"3001","R11061262","CS","3260","1170 N Federal Highway Unit#910","EAST POINT TOWERS ","","$399,000","$390,000","2","2","0","1,344","Condo","1973","1","No","Yes","",""
"3001","F10438719","CS","3260","2727 Yacht Club Blvd Unit#2 C","Sunrise Bay Club Co-Op Sunrise Bay Club Co-Op","","$399,000","$350,000","2","2","0","1,030","Co-Op","1956","0","","Yes","",""
"3001","A11817641","CS","3370","1134 NE 5th Ter","UPPER FLAGLER VILLAGE ","","$399,000","$352,000","1","1","0","¤576","Single","1946","0","No","No","Attached","¤10,145"
"3001","F10497269","CS","3370","2631 NE 14th Ave Unit#209","Wilton Station Wilton Station","","$399,000","$385,000","1","1","1","1,049","Condo","2006","0","","No","",""
"3001","F10447978","CS","3370","801 NE 18th Ct Unit#302","CAMELOT SHORES CAMELOT SHORES","","$399,000","$383,000","2","2","0","1,004","Condo","1982","0","","Yes","",""
"3001","F10446002","CS","3370","1940 NE 2nd Ave Unit#118","Manor Grove Vill IV Manor Grove Vill IV","","$399,000","$394,000","2","2","0","1,180","Condo","1973","0","","No","",""
"3001","A11758660","CS","3390","1119 N Andrews Ave","PROGRESSO ","","$399,000","$399,000","3","1","0","¤1,201","Single","1951","0","No","No","Detached","¤9,005"
"3001","A11702197","CS","3390","806 NW 18th St","PROGRESSO ","","$399,000","$235,000","3","1","0","¤925","Single","1954","0","No","No","Detached","¤5,993"
"3001","A11873407","CS","3400","1512 NW 16th Ln","LAUDERDALE MANORS RESUB ","","$399,000","$405,000","4","2","0","¤1,410","Single","1953","0","No","No","Detached","¤12,913"
"3001","F10470434","CS","3400","1542 NW 12th Ave","Lauderdale Villas 29-37 B ","","$399,000","$399,000","3","2","0","1,506","Single","1952","0","No","No","","8,925"
"3001","R11037199","CS","3470","1201 River Reach Drive Unit#404","River Reach ","","$399,000","$399,000","2","2","0","1,500","Condo","1981","1","Yes","Yes","",""
"3001","F10467148","CS","3470","107 Palm Ave","Waverly Place ","","$399,000","$395,000","2","1","0","726","Single","1956","0","No","No","","3,250"
"3001","R11139272","CS","3480","801 SW 12th Place","KIRK ESTATES ","","$399,000","$340,000","3","2","0","1,290","","1980","0","No","No","Garden Apartment","4,173"
"3001","A11835799","CS","3480","1200 SW 12th St Unit#214","RIO NUEVO D CONDO RIO NUEVO","","$399,000","$380,000","2","2","0","¤1,020","Condo","1968","0","","Yes","",""
"3001","F10460525","CS","3700","533 NE 3rd Ave Unit#522","Sole Sole","","$399,000","$375,000","2","2","0","1,240","Condo","2005","1","","No","",""
"3001","A11846658","CS","3720","1930 NW 12th Ave","HILLMONT HGTS REV & ADD ","","$399,000","$404,000","3","2","0","¤1,052","Single","1956","0","No","No","Detached","¤8,264"
"3001","F10507595","CS","3800","511 SE 5th Ave Unit#1101","Nu River Landing Nu River Landing","","$399,000","$380,000","1","1","0","908","Condo","2005","1","","Yes","",""
"3001","F10457967","CS","3800","511 SE 5th Ave Unit#1923","NURIVER LANDING NURIVER LANDING","","$399,000","$390,000","1","1","0","800","Condo","2006","1","","Yes","",""
"3001","R11013582","CS","3800","520 Se 5th Avenue Unit#2508","Las Olas by the River ","","$399,000","$395,000","2","2","0","1,136","Condo","2001","2","No","Yes","",""
"3001","A11593890","CS","3800","520 SE 5th Ave Unit#2509","LAS OLAS BY THE RIVER CON LAS OLAS BY THE RIVER CON","","$399,000","$385,000","2","2","0","¤1,153","Condo","2001","2","","No","",""
"3001","F10438131","CS","3800","520 SE 5th Avenue Unit#2413","Las Olas by the River Las Olas by the River","","$399,000","$362,000","2","1","0","894","Condo","2001","2","","No","",""
"3001","F10495531","CS","3280","1750 E Las Olas Boulevard Unit#701","1750 Las Olas Co-op 1750 Las Olas Co-op","","$397,500","$393,000","2","2","0","1,100","Co-Op","1957","","Yes","Yes","",""
"3001","F10466281","CS","3370","3010 NE 16th Ave Unit#101","River Bend River Bend","","$397,500","$395,800","2","2","0","1,100","Condo","1972","0","","Yes","",""
"3001","F10511845","CS","3390","1401 NW 7th Ave","Progresso 2-18 D ","","$397,000","$385,000","3","1","0","980","Single","1951","0","No","No","","6,751"
"3001","A11719885","CS","3480","2532 SW 14th Ave Unit#304","BETA PLAT The Grove at River Oaks","","$397,000","$410,000","2","2","1","¤1,455","Townhouse","2006","2","","No","",""
"3001","R11007032","CS","3280","340 Sunset Drive Unit#209","ESSEX TOWER CONDO ","","$395,500","$385,000","2","2","0","1,218","Condo","1971","2","No","No","","365"
"3001","A11954729","CS","3090","1336 NW 2nd Ave","PROGRESSO ","","$395,000","$370,000","2","1","0","¤1,090","Single","1948","0","No","No","Detached","¤6,750"
"3001","F10530261","CS","3160","336 N Birch Road Unit#3E","Birch Crest Apt Condos Birch Crest Apt Condos","","$395,000","$390,000","2","2","0","1,411","Condo","1970","0","","No","",""
"3001","F10513713","CS","3160","95 N Birch Rd Unit#401","Harbor Haven Harbor Haven","","$395,000","$380,000","1","1","0","795","Condo","1970","1","","Yes","",""
"3001","F10524059","CS","3260","888 Intracoastal Dr Unit#14G","Sunrise Tower Sunrise Tower","","$395,000","$385,000","1","1","1","960","Condo","1963","0","","Yes","",""
"3001","F10489752","CS","3370","657 Cypress Ln Unit#26A","CYPRESS COVE CYPRESS COVE","","$395,000","$350,000","2","2","1","1,350","Townhouse","1976","2","","No","",""
"3001","F10481586","CS","3370","140 NE 19th Ct Unit#117E","Manor Grove Village Two Manor Grove Village Two","","$395,000","$380,000","2","2","0","1,180","Condo","1971","0","","Yes","",""
"3001","F10443274","CS","3370","608 NE 29 TH Drive Unit#4","WILTON MANORS TOWNHOUSE WILTON MANORS TOWNHOUSE","","$395,000","$400,000","2","1","1","1,144","Townhouse","1984","0","","No","",""
"3001","F10485511","CS","3390","1659 NW 15th Ter","Lauderdale Manors Amd Res ","","$395,000","$390,000","3","3","0","977","Single","1957","0","No","No","","7,320"
"3001","A11983886","CS","3470","1301 NE River Reach Dr Unit#317","RIVER REACH CONDOMINIUM V River Reach Condominium","","$395,000","$390,000","2","2","0","¤1,110","Condo","1974","0","","No","",""
"3001","F10515758","CS","3470","307 SW 13th Ter Unit#307","VILLAGE AT SAILBOAT BEND VILLAGE AT SAILBOAT BEND","","$395,000","$385,000","2","2","1","1,679","Townhouse","2005","0","","No","",""
"3001","R11001921","CS","3470","531 SW 18 Avenue Unit#44","RIVERSIDE NO 2 ","","$395,000","$375,000","2","2","1","1,558","Townhouse","2006","1","No","No","","1,637"
"3001","A11976347","CS","3480","2540 SW 14th Ave Unit#206","BETA PLAT GROVE AT RIVER OAKS","","$395,000","$395,000","2","2","1","¤1,455","Townhouse","2006","2","","No","",""
"3001","F10506380","CS","3600","1535 SE 15th St Unit#105","Harbor View Harbor View","","$395,000","$395,000","2","2","0","977","Condo","1963","0","","Yes","",""
"3001","F10487591","CS","3600","1435 SE 15th St Unit#402","RIVERBEND CONDO RIVERBEND CONDO","","$395,000","$395,000","2","2","0","1,050","Condo","1970","0","","Yes","",""
"3001","A11871883","CS","3400","1604 NW 15th Ct","LAUDERDALE MANORS AMD PLA ","","$394,999","$356,000","3","2","","¤1,116","Single","1954","1","No","No","Detached","¤8,398"
"3001","F10517546","CS","3390","1309 NW 1st Avenue","Progresso 2-18 D ","","$394,900","$385,000","2","1","0","825","Single","1949","0","No","No","","6,750"
"3001","R11055112","CS","3390","1229 NW 7th Avenue","PROGRESSO ","","$394,000","$275,000","3","1","0","1,330","Single","1953","0","No","No","Garden Apartment","8,440"
"3001","R10986344","CS","3470","610 W Las Olas Boulevard Unit#1711n","SYMPHONY NORTH CONDO ","","$394,000","$365,000","1","1","0","798","Condo","2005","1","No","Yes","",""
"3001","F10467354","CS","3160","741 Bayshore Dr Unit#14N","Holiday Isle Yacht Club Holiday Isle Yacht Club","","$393,000","$380,000","1","1","0","559","Condo","1950","0","","Yes","",""
"3001","F10515192","CS","3380","1877 NE 15th Ave Unit#1877","Edgewater Townhomes Edgewater Townhomes","","$392,000","$386,000","2","1","1","1,060","Townhouse","1986","0","","No","",""
"3001","A11553309","CS","3700","533 NE 3rd Ave Unit#501","SOLE AT FORT LAUDERDALE SOLE","","$391,000","$385,000","2","2","0","¤1,240","Condo","2005","1","","No","",""
"3001","A11695681","CS","3370","93 NE 17th Ct Unit#93","MIDDLE RIVER TOWNHOUSES MIDDLE RIVER TOWNHOUSES","","$390,000","$375,000","2","2","1","¤1,791","Townhouse","1982","0","","Yes","",""
"3001","F10519117","CS","3390","1508 NW 1st Ave","Progresso 2-18 D ","","$390,000","$377,000","4","2","0","1,220","Single","1949","0","No","No","","6,382"
"3001","A11743226","CS","3400","1237 NW 15th Ave","LAUDERDALE MANORS AMD PLA ","","$390,000","$331,000","3","2","0","¤1,786","Single","1953","0","No","No","Detached","¤8,411"
"3001","A11848079","CS","3460","1220 NW 19th Ave","LAUDERDALE MANORS AMD PLA ","","$390,000","$380,000","5","2","0","¤1,352","Single","1954","0","No","No","Attached","¤8,400"
"3001","R11094064","CS","3470","1005 SW 15 Terrace","RIVERSIDE NO 3 ","","$390,000","$355,000","2","1","0","856","Single","1960","0","No","No","","6,000"
"3001","F10550579","CS","3390","1409 NW 5th Avenue","Progresso 2-18 D ","","$389,990","$380,000","2","1","0","752","Single","1950","","No","No","","6,970"
"3001","F10430529","CS","3160","2841 N Ocean Blvd Unit#405","Vantage View Vantage View","","$389,900","$360,000","2","2","0","1,100","Condo","1976","1","","No","",""
"3001","R11154548","CS","3260","815 Middle River Drive Unit#102","MIDDLE RIVER VILLAS CONDO ","","$389,900","$430,000","2","2","0","903","Condo","1980","0","No","Yes","Garden Apartment",""
"3001","A11929776","CS","3400","1249 NW 18th St","LAUDERDALE VILLAS ","","$389,900","$380,000","4","2","0","¤1,443","Single","1955","0","No","No","Detached","¤14,400"
"3501","A11694457","CS","3810","357 City View Dr","NEAR NORTHWEST ","","$389,900","$377,500","2","1","1","¤888","Single","1985","0","No","No","Attached","¤996"
"3501","A12008010","CS","3800","520 SE 5th Ave Unit#2209","LAS OLAS BY THE RIVER CON LAS OLAS BY THE RIVER","","$389,888","$374,999","2","2","0","¤1,153","Condo","2001","1","","No","",""
"3501","F10542015","CS","3160","2200 NE 33rd Avenue Unit#8G","White Egret White Egret","","$389,000","$365,000","1","1","1","1,103","Condo","1971","0","","No","",""
"3501","F10440790","CS","3260","1160 N Federal Hwy Unit#621","East Point Towers East Point Towers","","$389,000","$363,415","2","2","0","1,344","Condo","1978","1","","Yes","",""
"3501","A11890692","CS","3270","110 N Federal Hwy Unit#909","WAVERLY AT LAS OLAS CONDO WAVERLY AT LAS OLAS CONDO","","$389,000","$385,000","2","2","0","¤1,212","Condo","2005","0","","No","",""
"3501","B26006833","CS","3370","1920 NE 1st Terrace Unit#116h","MANOR GROVE VILLAGE TWO CO ","","$389,000","$380,000","2","2","0","1,180","Condo","1971","","No","No","Garden Apartment, Substantially Remodeled","0"
"3501","A11989021","CS","3370","1940 NE 2nd Ave Unit#118J","MANOR GROVE VILLAGE FOUR MANOR GROVE VILLAGE FOUR","","$389,000","$375,000","2","2","0","¤1,200","Condo","1973","1","","No","",""
"3501","A11862023","CS","3400","1510 NW 11th Pl","LAUDERDALE MANOR ","","$389,000","$389,000","3","1","0","¤1,266","Single","1950","0","No","No","Detached","¤7,888"
"3501","F10493292","CS","3400","1152 NW 17th Ave","Lauderdale Manors Amd ","","$389,000","$389,000","3","1","1","936","Single","1952","0","No","No","","12,113"
"3501","A11990152","CS","3460","537 NW 20th Ave","RIVER BEND ","","$389,000","$374,000","6","2","1","¤2,200","Single","1950","0","No","No","Detached","¤5,500"
"3501","F10513701","CS","3500","600 W Las Olas Boulevard Unit#1804","Symphony Condominium Symphony Condominium","","$389,000","$385,000","1","1","0","809","Condo","2005","1","","Yes","","0"
"3501","F10505577","CS","3560","1630 NW 14TH CT","LAUDERDALE MANORS AMD ","","$389,000","$316,000","4","2","0","1,600","Single","1965","0","Yes","No","","8,050"
"3501","F10530683","CS","3700","533 NE 3rd Avenue Unit#551","Sole Sole","","$389,000","$360,000","2","2","0","1,240","Condo","2005","1","","No","",""
"3501","F10542515","CS","3600","2021 SE 10th Avenue Unit#205","Village East Village East","","$388,000","$375,000","2","2","0","1,054","Condo","2001","1","","No","",""
"3501","F10466656","CS","3370","1920 NE 1st Ter Unit#116 H","Manor Grove Village two Manor Grove Village two","","$386,000","$383,000","2","2","0","1,180","Condo","1971","0","","No","",""
"3501","F10527941","CS","3160","720 Bayshore Drive Unit#202","Nautical Towers Nautical Towers","","$385,000","$380,000","2","2","0","1,427","Condo","1971","1","","No","",""
"3501","A11836071","CS","3160","341 N Birch Rd Unit#216","FORT LAUDERDALE YACHT Ft Lauderdale Yacht&Beach","","$385,000","$358,000","1","1","0","¤621","Condo","1993","0","","Yes","",""
"3501","F10456825","CS","3160","2200 NE 33rd Ave Unit#8D","WHITE EGRET WHITE EGRET","","$385,000","$370,000","1","1","1","1,103","Condo","1971","0","","Yes","",""
"3501","F10456597","CS","3160","741 Bayshore Dr Unit#12N","Holiday Isles Holiday Isles","","$385,000","$386,500","1","1","0","563","Condo","1950","0","","Yes","",""
"3501","F10438945","CS","3160","3020 NE 32nd Ave Unit#1419","Tides at Bridgeside Tides at Bridgeside","","$385,000","$370,000","1","1","0","750","Condo","2002","1","","No","",""
"3501","F10460640","CS","3270","313 NE 2nd St Unit#201","Nola Lofts Nola Lofts","","$385,000","$370,000","1","1","0","804","Condo","2005","0","","No","",""
"3501","A11700249","CS","3360","1615 NW 16th St","LAUDERDALE MANORS AMEND P ","","$385,000","$285,000","3","1","0","¤912","Single","1954","0","No","No","Attached","¤7,128"
"3501","F10483704","CS","3370","300 NE 19th Ct Unit#104N","Manor Grove Village Four Manor Grove Village Four","","$385,000","$375,000","2","2","0","1,180","Condo","1973","0","","No","",""
"3501","F10469691","CS","3370","670 Kensington Pl Unit#5B","Cypress Cove Cypress Cove","","$385,000","$350,000","2","2","1","1,200","Townhouse","1976","0","","No","",""
"3501","F10539756","CS","3390","1525 NW 14th Ct","Lauderdale Manors Amd ","","$385,000","$265,000","3","2","0","1,206","Single","1952","0","No","No","","7,697"
"3501","F10447154","CS","3460","832 NW 17th Ave","Lincoln Park Sixth Add ","","$385,000","$385,000","3","2","0","1,121","Single","1950","0","No","No","","5,130"
"3501","F10552573","CS","3470","1705 SW 10th Street","Sherwood Forest 30-28 B ","","$385,000","$395,000","2","1","1","920","Single","1953","0","No","No","","6,987"
"3501","F10462626","CS","3470","334 SW 14th Ave Unit#334","VILLAGE AT SAILBOAT VILLAGE AT SAILBOAT","","$385,000","$375,000","2","2","1","1,781","Condo","2005","0","","No","",""
"3501","R10991591","CS","3560","211 NW 14th Avenue Unit#211","SEMINOLE FOREST ","","$385,000","$385,000","3","2","1","1,435","Townhouse","2007","2","No","No","Garden Apartment","1,302"
"3501","A11816930","CS","3800","520 SE 5th Ave Unit#1602","LAS OLAS BY THE RIVER CON Las Olas By The River","","$385,000","$366,500","2","2","0","¤1,148","Condo","2001","1","","No","",""
"3501","A11942172","CS","3400","1613 NW 12th St","LAUDERDALE MANOR ","","$384,900","$380,000","3","2","0","¤936","Single","1952","2","No","No","Detached","¤6,751"
"3501","F10537028","CS","3370","2631 NE 14th Ave Unit#302","Wilton Station Wilton Station","","$384,000","$360,000","1","2","0","1,471","Condo","2006","0","","No","",""
"3501","A11743402","CS","3390","1640 NW 3rd Ave","PROGRESSO AM PLAT OF BLKS ","","$381,000","$362,000","3","1","0","¤947","Single","1950","0","No","No","Detached","¤5,987"
"3501","A11773172","CS","3600","2021 SE 10th Ave Unit#211","VILLAGE EAST CONDO Village East","","$381,000","$370,000","2","2","0","¤1,054","Condo","2001","1","","No","",""
"3501","F10546577","CS","3160","95 N Birch Road Unit#702","HARBOR HAVEN HARBOR HAVEN","","$380,000","$380,000","1","1","0","790","Condo","1970","1","","Yes","",""
"3501","F10480611","CS","3160","95 N Birch Rd Unit#402","Harbor Haven Harbor Haven","","$380,000","$370,000","1","1","0","790","Condo","1970","1","","Yes","",""
"3501","A11958292","CS","3370","1529 NE 1st Ave","PROGRESSO ","","$380,000","$340,000","2","1","0","¤845","Single","1952","0","No","No","Detached","¤6,753"
"3501","A12013887","CS","3390","1340 NW 7th Ave","PROGRESSO ","","$380,000","$380,000","2","1","0","¤756","Single","1951","0","No","No","Detached","¤6,753"
"3501","A11739193","CS","3390","725 NW 1st Ave Unit#725","PROGRESSO Old Progresso Village","","$380,000","$345,000","2","1","0","¤960","Townhouse","2005","1","","No","",""
"3501","A11695055","CS","3160","524 Orton Ave Unit#603","BRITANNIA CONDO The Britannia","","$379,999","$365,000","2","2","","¤999","Condo","1964","0","","No","",""
"3501","F10470061","CS","3370","1520 NE 1st Ave","Progresso 2-18 D ","","$379,900","$379,900","3","2","0","1,077","Single","1949","0","No","No","","6,754"
"3501","F10475475","CS","3400","1419 NW 10th Pl","Lauderdale Manors Add 30- ","","$379,900","$350,000","3","1","0","928","Single","1953","0","No","No","","6,858"
"3501","A11826817","CS","3600","2009 SE 10th Ave Unit#318","VILLAGE EAST CONDO Village East","","$379,900","$365,000","2","2","0","¤1,054","Condo","2000","1","","No","",""
"3501","F10475714","CS","3160","720 Bayshore Drive Unit#305","Nautical Towers Nautical Towers","","$379,000","$330,000","2","2","0","1,243","Condo","1975","2","","No","",""
"3501","F10464600","CS","3160","3015 N Ocean Blvd Unit#17D","Berkley South Berkley South","","$379,000","$360,000","1","1","1","995","Condo","1974","1","","No","",""
"3501","F10430643","CS","3280","340 Sunset Dr Unit#508","Essex Tower Essex Tower","","$379,000","$340,000","2","2","0","1,218","Condo","1971","1","","No","",""
"3501","F10507714","CS","3400","1212 NW 11th Ct","Lauderdale Manors Add 30- ","","$379,000","$380,000","4","2","0","1,326","Single","1952","0","No","No","","6,891"
"3501","A11873940","CS","3480","2540 SW 14th Ave Unit#203","BETA PLAT GROVE AT RIVER OAKS","","$379,000","$365,000","3","2","1","¤1,455","Townhouse","2006","2","","No","",""
"3501","F10504629","CS","3500","610 W Las Olas Boulevard Unit#911n","The Symphony The Symphony","","$379,000","$360,000","1","1","0","798","Condo","2005","1","","Yes","","0"
"3501","F10458321","CS","3700","533 NE 3rd Ave Unit#401","SOLE AT FT LAUDERDALE SOLE AT FT LAUDERDALE","","$379,000","$370,000","2","2","0","1,240","Condo","2005","0","","No","",""
"3501","A11665779","CS","3400","1520 NW 15th Way","LAUDERDALE MANORS AMEN RE ","","$378,900","$350,000","3","1","0","¤888","Single","1954","0","No","No","Attached","¤7,542"
"3501","A11944935","CS","3370","508 NW 16th St","PROGRESSO ","","$375,990","$340,000","2","1","0","¤1,060","Single","1953","0","No","No","Detached","¤6,005"
"3501","F10463719","CS","3130","3000 E Sunrise Blvd Unit#8E","Carlton Tower Carlton Tower","","$375,000","$325,000","1","1","1","846","Condo","1969","1","","Yes","",""
"3501","A11798836","CS","3170","1900 S Ocean Dr Unit#1011","BREAKWATER TOWERS CO-OP Breakwater Towers","","$375,000","$370,000","2","2","0","¤1,036","Co-Op","1962","1","","Yes","",""
"3501","A11778350","CS","3170","200 S Birch Rd Unit#801","LEISURE BEACH CONDO LEISURE BEACH CONDO","","$375,000","$345,000","2","1","0","¤756","Condo","1970","0","","No","",""
"3501","R11046386","CS","3170","3000 Holiday Drive Unit#704","MAYA MARCA CONDO ","","$375,000","$215,000","1","1","1","1,060","Condo","1967","1","No","Yes","High Rise",""
"3501","R11096876","CS","3260","2717 Yacht Club Boulevard Unit#4c","Sunrise Bay Club ","","$375,000","$350,000","2","2","0","1,030","Co-Op","1956","0","No","Yes","Garden Apartment","44,103"
"3501","F10506520","CS","3270","100 N Federal Hwy Unit#724","The Waverly at Las Olas The Waverly at Las Olas","","$375,000","$370,000","1","1","0","780","Condo","2005","1","","No","",""
"3501","F10459460","CS","3370","188 NE 20th Ct Unit#1E","Manor Grove 3 Manor Grove 3","","$375,000","$368,500","2","1","1","960","Condo","1972","0","","No","",""
"3501","A11620944","CS","3370","200 NE 17th Ct Unit#806","PLACIDO PLACE RESUB Spanish Springs Townhomes","","$375,000","$375,000","3","2","1","¤1,541","Townhouse","1988","0","","No","",""
"3501","F10447335","CS","3370","19 NE 20th Ct Unit#4A","Manor Grove 3 Manor Grove 3","","$375,000","$365,000","2","1","1","960","Condo","1972","0","","No","",""
"3501","F10550681","CS","3390","1115 NW 1st Avenue","Progresso 2-18 D ","","$375,000","$235,000","2","1","0","1,200","Single","1950","0","No","No","","6,750"
"3501","A11969700","CS","3400","931 Chateau Park Dr","LAUDERDALE MANORS ADD ","","$375,000","$375,000","3","1","0","¤911","Single","1954","0","No","No","Detached","¤6,600"
"3501","A11684472","CS","3400","1204 NW 12th St","LAUDERDALE MANORS ADD REV ","","$375,000","$354,000","2","1","","¤809","Single","1953","0","No","No","Detached","¤6,848"
"3501","A11605918","CS","3400","1171 NW 19th St","HILL-MONT HEIGHTS ","","$375,000","$375,000","3","2","0","¤1,354","Single","1959","0","No","No","Detached","¤7,292"
"3501","F10551283","CS","3460","948 NW 14th Court","Lauderdale Manors Add-Res ","","$375,000","$235,000","3","0","1","941","Single","1956","0","No","No","","7,978"
"3501","A11831119","CS","3470","253 SW 13th Ter Unit#253","VILLAGE AT SAILBOAT BEND Village at Sailboat Bend","","$375,000","$375,000","2","2","1","¤1,679","Condo","2005","0","","No","",""
"3501","F10486709","CS","3470","1334 SW 2nd Ct Unit#1334","The Village at SailBoat The Village at SailBoat","","$375,000","$365,000","2","2","1","1,679","Townhouse","2005","0","","No","",""
"3501","A11701169","CS","3470","367 SW 13th Ter Unit#367","VILLAGE AT SAILBOAT BEND VILLAGE AT SAILBOAT BEND","","$375,000","$350,000","2","2","1","¤1,679","Townhouse","2005","0","","No","",""
"3501","A11833227","CS","3480","905 SW 22nd St","RICKEL ADDITION ","","$375,000","$350,000","2","2","0","¤834","Single","1951","0","No","No","Detached","¤8,637"
"3501","F10442823","CS","3480","1200 SW 12th St Unit#207","Rio Nuevo D Condominum Rio Nuevo D Condominum","","$375,000","$365,000","2","2","0","1,020","Condo","1968","0","","Yes","",""
"3501","A11832975","CS","3490","2720 SW 13th Ave","DEVONSHIRE ","","$375,000","$350,000","3","2","0","¤1,178","Single","1951","0","No","No","Attached","¤6,120"
"3501","A11889590","CS","3500","610 W Las Olas Blvd Unit#820N","SYMPHONY NORTH CONDO SYMPHONY CONDO","","$375,000","$352,000","1","1","0","¤823","Condo","2005","1","","Yes","",""
"3501","A11784853","CS","3600","1625 SE 10th Ave Unit#1002","RUNAWAY BAY CONDO Runaway Bay","","$375,000","$370,000","2","2","0","¤1,350","Condo","1975","1","","No","",""
"3501","A11605983","CS","3600","1700 SE 15th St Unit#109","CARAVEL CONDOMINIUM APART Caravel","","$375,000","$340,000","2","2","0","¤1,200","Condo","1965","1","","Yes","",""
"3501","F10514131","CS","3800","511 SE 5th Ave Unit#1501","Nu River Landing Nu River Landing","","$375,000","$374,000","1","1","0","908","Condo","2005","1","","Yes","",""
"3501","F10506964","CS","3800","511 SE 5th Ave Unit#923","NURIVER LANDING NURIVER LANDING","","$375,000","$375,000","1","1","0","801","Condo","2006","1","","Yes","",""
"3501","F10512130","CS","3810","350 City View Dr","CITY VIEW TOWNHOMES CITY VIEW TOWNHOMES","","$375,000","$370,000","2","1","1","888","Townhouse","1985","0","","No","",""
"3501","A11671414","CS","3600","1600 SE 15th St Unit#502","PLAZA 15 CONDO Plaza 15","","$374,999","$350,000","2","2","0","¤1,020","Condo","1973","0","","Yes","",""
"3501","F10481574","CS","3160","505 N Ft Lauderdale Bch Blvd Unit#226","Hilton Beach House Hilton Beach House","","$374,900","$350,000","1","2","0","1,142","Condo","2006","1","","Yes","",""
"3501","R11123554","CS","3370","682 Kensington Place","TROPICAL GARDENS AMEN PLAT ","","$374,900","$360,000","2","2","1","1,418","Townhouse","1976","0","No","No","",""
"3501","A11832617","CS","3470","1020 SW 19th Ave","RIVERSIDE PARK ","","$374,900","$375,000","3","1","0","¤987","Single","1953","0","No","No","Detached",""
"3501","F10416513","CS","3470","1301 River Reach Dr Unit#411","RIVER REACH RIVER REACH","","$374,900","$355,000","2","2","0","1,250","Condo","1974","0","","Yes","",""
"3501","F10525769","CS","3700","533 NE 3rd Ave Unit#531","Sole At Fort Lauderdale Sole At Fort Lauderdale","","$374,900","$360,000","2","2","0","1,270","Condo","2005","1","","No","",""
"3501","F10469296","CS","3370","152 NE 20th Ct Unit#10E","MANOR GROVE VILLAGE THREE MANOR GROVE VILLAGE THREE","","$374,888","$365,000","2","1","1","960","Townhouse","1972","0","","No","",""
"3501","F10454826","CS","3600","1500 SE 15th St Unit#211","Marina Del Mar Marina Del Mar","","$374,000","$374,000","2","2","0","1,070","Condo","1964","0","","Yes","",""
"3501","A11729235","CS","3400","1023 NW 14th St","LAUDERDALE MANORS ADD ","","$372,900","$370,000","5","2","0","¤1,525","Single","1956","0","No","No","Attached","¤7,981"
"3501","F10519344","CS","3470","1201 River Reach Dr Unit#410","RIVER REACH RIVER REACH","","$371,000","$350,000","2","2","0","1,500","Condo","1981","1","","Yes","",""
"3501","F10457712","CS","3370","300 NE 19th Ct Unit#118N","MANOR GROVE VILLAGE FOUR MANOR GROVE VILLAGE FOUR","","$370,000","$360,000","2","2","0","1,180","Condo","1973","0","","No","",""
"3501","A11820159","CS","3460","872 NW 16th Ter","LINCOLN PARK SIXTH ADD ","","$370,000","$342,500","2","1","0","¤786","Single","1950","0","No","No","Detached","¤5,000"
"3501","B26012871","CS","3470","1101 River Reach Drive Unit#209","RIVER REACH CONDOMINIUM II ","","$370,000","$340,000","2","2","0","1,500","Condo","1982","1","No","Yes","","0"
"3501","R11107863","CS","3010","536 NW 13th Avenue","FIRST ADD TO TUSKEGEE PAR ","","$369,999","$318,000","3","2","1","1,624","Single","2026","0","No","No","","3,955"
"3501","F10483276","CS","3800","347 N New River Drive Unit#E 1006","Watergarden of Las Olas Watergarden of Las Olas","","$369,998","$320,000","1","1","0","820","Condo","2004","2","","Yes","",""
"3501","A11647233","CS","3390","1529 NW 2nd Ave","PROGRESSO ","","$369,900","$363,000","4","3","0","¤1,532","Single","1954","0","No","No","Detached","¤6,752"
"3501","A11782407","CS","3400","1200 NW 19th Ave","LAUDERDALE MANORS AMD PLA ","","$369,900","$369,900","2","1","","¤768","Single","1954","0","No","No","Detached","¤8,400"
"3501","R11034360","CS","3400","1018 NW 13th Court","CHATEAU PARK SEC ","","$369,900","$373,000","4","2","0","1,411","Single","2003","0","No","No","Garden Apartment","5,701"
"3501","F10437812","CS","3400","1649 NW 14th Ct","Lauderdale Manors Amd ","","$369,900","$350,000","3","1","0","1,096","Single","1952","0","No","No","","8,247"
"3501","F10471309","CS","3260","2820 NE 30th St Unit#4","LAUREL TERRACE LAUREL TERRACE","","$369,500","$335,000","1","1","0","723","Condo","1964","0","","Yes","",""
"3501","A11964518","CS","3370","39 NE 20th Ct Unit#9A","MANOR GROVE VILLAGE THREE MANOR GROVE VILLAGE 3","","$369,500","$345,000","2","1","1","¤960","Condo","1973","0","","No","",""
"3501","A11707011","CS","3600","2119 SE 10th Avenue Unit#906","VILLAGE EAST CONDO VILLAGE EAST CONDO","","$369,500","$355,000","2","2","0","¤1,054","Condo","2000","1","","No","",""
"3501","A11689140","CS","3050","930 NW 14th St","LAUDERDALE MANORS ADD ","","$369,000","$369,000","3","1","","¤941","Single","1955","0","No","No","Detached","¤8,664"
"3501","A11629089","CS","3260","888 Intracoastal Dr Unit#3A","SUNRISE TOWER CONDO SUNRISE TOWER CONDO","","$369,000","$348,000","2","2","0","¤1,138","Condo","1963","0","","Yes","",""
"3501","F10445673","CS","3260","888 Intracoastal Dr Unit#16F","Sunrise Tower Sunrise Tower","","$369,000","$330,000","1","1","1","955","Condo","1963","0","","Yes","",""
"3501","F10521354","CS","3270","100 N Federal Hwy Unit#528","The Waverly The Waverly","","$369,000","$340,000","1","1","0","790","Condo","2005","1","","No","",""
"3501","F10544824","CS","3280","180 Isle Of Venice Drive Unit#131","OASIS-NURMI ISLE OASIS-NURMI ISLE","","$369,000","$369,000","1","1","0","760","Co-Op","1959","0","","Yes","",""
"3501","A12008057","CS","3370","515 NE 11th St","PROGRESSO ","","$369,000","$359,000","2","1","0","¤995","Single","1972","0","No","No","Detached","¤3,375"
"3501","F10491256","CS","3380","1412 NE 17th St","Allenwood 7-51 B ","","$369,000","$365,000","1","1","0","736","Single","1959","0","No","No","","7,499"
"3501","A11854811","CS","3400","1220 NW 18th Ave","LAUDERDALE MANORS AMD PLA ","","$369,000","$369,000","3","1","","¤1,128","Single","1954","0","No","No","Detached","¤8,400"
"3501","F10515158","CS","3500","610 W Las Olas Blvd Unit#1620N","Symphony Symphony","","$369,000","$340,000","1","1","0","823","Condo","2005","1","","Yes","",""
"3501","F10551736","CS","3800","511 SE 5th Avenue Unit#1415","NURIVER LANDING NURIVER LANDING","","$369,000","$360,000","1","1","0","803","Condo","2006","1","","Yes","",""
"3501","F10545839","CS","3370","351 NE 19th Place Unit#203K","Manor Grove Village Four Manor Grove Village Four","","$368,000","$365,000","2","2","0","1,200","Condo","1973","0","","No","",""
"3501","F10430857","CS","3600","2005 SE 10TH AV Unit#409","Village East Village East","","$367,000","$340,000","2","2","0","1,054","Condo","2002","0","","No","",""
"3501","A11769954","CS","3400","447 NW 18th Ave","DORSEY PARK THIRD ADD ","","$365,900","$350,000","3","1","0","¤974","Single","1948","0","No","No","Detached","¤5,250"
"3501","B26015019","CS","","610 W Las Olas Boulevard Unit#920n","SYMPHONY NORTH CONDO ","","$365,000","$352,000","1","1","0","823","Condo","2005","1","No","Yes","","0"
"3501","A11809418","CS","3160","2300 NE 33rd Ave Unit#401","EVERGLADES CLUB CONDO EVERGLADES CLUB CONDO","","$365,000","$330,000","2","2","1","¤1,316","Condo","1986","1","","No","",""
"3501","A11645653","CS","3160","3020 NE 32nd Ave Unit#1017","TIDES AT BRIDGESIDE SQUAR TIDES AT BRIDGESIDE","","$365,000","$357,500","1","1","0","¤640","Condo","2002","1","","No","",""
"3501","F10537649","CS","3260","1160 N Federal Highway Unit#716","EAST POINT TOWERS EAST POINT TOWERS","","$365,000","$340,000","2","2","0","1,611","Condo","1978","252","","Yes","",""
"3501","B26006514","CS","3370","300 NE 19th Court Unit#104n","MANOR GROVE VILLAGE FOUR C ","","$365,000","$360,000","2","2","0","1,200","Condo","1973","","No","No","Substantially Remodeled","0"
"3501","B26001027","CS","3370","801 NE 18th Court Unit#Apt 111","CAMELOT SHORES CONDO ","","$365,000","$320,000","2","2","0","969","Condo","1973","","No","Yes","","0"
"3501","F10555755","CS","3370","3010 NE 21st Terrace","CORAL COAST TOWNHOMES CORAL COAST TOWNHOMES","","$365,000","$345,000","2","2","1","1,189","Townhouse","1996","","","No","",""
"3501","A11911656","CS","3400","1700 NW 13th St","LAUDERDALE MANORS AMD PLA ","","$365,000","$350,000","3","1","0","¤936","Single","1952","0","No","No","Detached","¤7,701"
"3501","A11601780","CS","3400","1218 NW 13th Ct","LAUDERDALE MANORS ADD ","","$365,000","$335,000","3","1","0","","Single","1955","0","No","No","Detached","¤6,587"
"3501","A11975483","CS","3470","411 SW 13th Ter","VILLAGE AT SAILBOAT BEND VILLAGE AT SAILBOAT BEND","","$365,000","$365,000","2","2","1","¤1,679","Condo","2005","0","","No","",""
"3501","F10430147","CS","3480","1871 SW 22nd St","Osceola Park 9-46 B ","","$365,000","$275,000","2","2","0","816","Single","1949","0","No","No","","5,457"
"3501","A11742465","CS","3560","1300 NW 7th Pl","LAUDERDALE HOMESITES SEC ","","$365,000","$375,000","3","2","","¤1,100","Single","1986","0","No","No","Detached","¤4,927"
"3501","F10509482","CS","3600","1777 SE 15th St Unit#101","Cromwell East Cromwell East","","$365,000","$340,000","2","2","0","857","Condo","1974","0","","Yes","",""
"3501","F10512867","CS","3700","533 NE 3rd Ave Unit#405","SOLE at Fort Lauderdale SOLE at Fort Lauderdale","","$365,000","$355,000","2","2","0","1,270","Condo","2005","1","","No","",""
"3501","F10505934","CS","3460","412 NW 19th Ave","Dorsey Park 4th Add 25-26 ","","$364,999","$350,000","2","1","0","720","Single","1950","0","No","No","","5,250"
"3501","R11026941","CS","3400","1809 NW 15th Street","LAUDERDALE MANORS AMD PLAT ","","$364,900","$358,000","3","2","0","1,260","Single","1954","0","No","No","","8,997"
"3501","A11702533","CS","3470","1401 SW 1 st","RIVER HIGHLANDS AMEN PLAT ","","$364,900","$385,000","3","1","0","¤1,099","Single","1951","0","No","No","Detached","¤6,853"
"3501","F10425688","CS","3700","533 NE 3rd Ave Unit#218","Sole Sole","","$364,000","$350,000","2","2","0","1,240","Condo","2005","1","","No","",""
"3501","F10442102","CS","3370","128 NE 20th Ct Unit#D3","Manor Grove Townhomes Manor Grove Townhomes","","$362,500","$355,000","2","1","1","960","Condo","1972","0","","No","",""
"3501","F10492059","CS","3280","2500 E Las Olas Blvd Unit#406","Marine Tower Marine Tower","","$360,000","$320,000","3","2","1","1,743","Condo","1969","1","","No","",""
"3501","F10500736","CS","3390","3271 NW 18th street","lauderdale manors ","","$360,000","$285,000","4","1","0","1,500","Single","1968","0","No","No","",""
"3501","A11863495","CS","3400","1212 NW 15th St","LAUDERDALE VILLAS ","","$360,000","$340,000","3","2","0","¤1,224","Single","1952","0","No","No","Detached","¤8,925"
"3501","A11629961","CS","3460","1815 NW 9th St","LAUDERDALE HOMESITES ","","$360,000","$350,000","3","2","","¤1,112","Single","2021","0","No","No","Attached","¤2,549"
"3501","F10535730","CS","3470","1301 River Reach Drive Unit#308","River Reach River Reach","","$360,000","$308,500","2","2","0","1,250","Condo","1974","0","","","",""
"3501","F10491642","CS","3470","1101 River Reach Dr Unit#310","RIVER REACH RIVER REACH","","$360,000","$355,000","2","2","0","1,500","Condo","1982","1","","Yes","",""
"3501","F10486399","CS","3470","401 SW 4th Ave Unit#1000","Esplanade Esplanade","","$360,000","$337,000","1","1","1","892","Condo","2004","1","","Yes","",""
"3501","A11582552","CS","3470","1101 River Reach Dr Unit#202","RIVER REACH CONDOMINIUM I 5042-09-AH-0180","","$360,000","$348,000","2","2","0","¤1,250","Condo","1982","1","","Yes","",""
"3501","A11857810","CS","3810","226 City View Drive","City View Townhomes City View Townhomes","","$360,000","$343,000","2","1","1","¤1,149","Townhouse","2000","0","","No","",""
"3501","F10436972","CS","3160","720 Orton Ave Unit#608","Leisure Sands Leisure Sands","","$359,999","$312,000","2","1","0","810","Condo","1970","0","","No","",""
"3501","A11674853","CS","3400","939 NW 12th St","LAUDERDALE MANORS ADD-REV ","","$359,999","$270,000","3","1","","¤984","Single","1953","0","No","No","Attached","¤6,960"
"3501","F10492336","CS","3370","119 NE 19th Ct Unit#118G","MANOR GROVE VILLAGE TWO C MANOR GROVE VILLAGE TWO C","","$359,900","$360,000","2","2","0","1,180","Condo","1971","0","","No","",""
"3501","F10472518","CS","3370","48 NE 20th Ct Unit#10C","Manor Grove Manor Grove","","$359,900","$347,000","2","1","1","960","Townhouse","1972","0","","No","",""
"3501","F10436555","CS","3390","1236 NW 7th Ter","Progresso 2-18 D ","","$359,900","$370,000","3","2","0","1,104","Single","1951","0","No","No","","6,752"
"3501","F10478533","CS","3470","900 River Reach Dr Unit#120","River Reach Condominium River Reach Condominium","","$359,900","$350,000","2","2","0","1,025","Condo","1971","0","","Yes","",""
"3501","F10433057","CS","3600","2119 SE 10th Ave Unit#907","Village East Village East","","$359,900","$347,500","2","2","0","1,054","Condo","2000","0","","No","",""
"3501","A11608543","CS","3400","1522 NW 11th St","LAUDERDALE MANOR ","","$359,310","$340,000","3","2","","¤928","Single","1950","0","No","No","Detached","¤7,897"
"3501","F10423218","CS","3160","3020 NE 32 AVE Unit#1005","TIDES AT BRIDGESIDE SQUAR TIDES AT BRIDGESIDE SQUAR","","$359,000","$330,000","1","1","0","750","Condo","2002","1","","No","",""
"3501","F10437159","CS","3470","1201 River Reach Dr Unit#105","RIVER REACH RIVER REACH","","$359,000","$317,500","2","2","0","1,250","Condo","1981","1","","Yes","",""
"3501","F10473788","CS","3560","509 NW 19th Ave","Dorsey Park 4th Add 25-26 ","","$358,000","$358,000","3","1","0","1,182","Single","1957","0","No","No","","5,250"
"3501","B26012565","CS","3370","1930 NE 2nd Avenue Unit#117l","MANOR GROVE VILLAGE FOUR ","","$355,000","$335,000","2","2","0","1,200","Condo","1973","","No","No","","0"
"3501","A11930232","CS","3400","1643 NW 12th Ct","LAUDERDALE MANORS AMD PLA ","","$355,000","$330,000","3","1","0","¤936","Single","1953","8","No","No","Detached","¤8,722"
"3501","A11686530","CS","3400","1631 NW 12th Ct","LAUDERDALE MANORS AMD PLA ","","$355,000","$300,000","3","2","","¤1,331","Single","1952","0","No","No","Attached","¤7,701"
"3501","F10460116","CS","3170","1920 S Ocean Dr Unit#709","ATLANTIC TOWERS ATLANTIC TOWERS","","$354,900","$345,000","1","1","0","805","Co-Op","1961","0","","No","",""
"3501","A11777108","CS","3400","1100 NW 12th St","LAUDERDALE MANORS ADD REV ","","$354,000","$354,000","2","1","","¤720","Single","1953","0","No","No","Detached","¤6,303"
"3501","B26035982","CS","3160","2841 N Ocean Boulevard Unit#303","VANTAGE VIEW CONDO ","","$350,000","$335,000","2","2","0","1,100","Condo","1976","1","No","No","","0"
"3501","F10548630","CS","3160","2701 N Ocean Boulevard Unit#4C","Embassy Tower One Embassy Tower One","","$350,000","$325,000","2","2","0","1,200","Condo","1972","1","","No","",""
"3501","A11702227","CS","3170","2000 S Ocean Dr Unit#304","EVERGLADES HOUSE CONDO EVERGLADES HOUSE","","$350,000","$330,000","1","1","1","¤1,068","Condo","1965","1","","Yes","",""
"3501","R10984801","CS","3260","1160 N Federal Highway Unit#213","EAST POINT TOWERS CONDO ","","$350,000","$310,000","2","2","0","1,920","Condo","1978","1","No","Yes","",""
"3501","F10406328","CS","3260","2866 NE 30th St Unit#7","Lafayette Arms Inc Lafayette Arms Inc","","$350,000","$351,000","2","2","0","931","Co-Op","1961","0","","Yes","",""
"3501","F10522707","CS","3280","1000 SE 4 Street Unit#220","Riverview Gardens Riverview Gardens","","$350,000","$310,000","1","1","0","620","Condo","1956","0","","Yes","",""
"3501","A11717143","CS","3370","1432 N Andrews Ave","PROGRESSO ","","$350,000","$317,500","2","1","0","¤800","Single","1952","0","No","No","Detached","¤5,633"
"3501","F10467080","CS","3370","1940 NE 2nd Ave Unit#114J","Manor Grove Village IV Manor Grove Village IV","","$350,000","$322,500","2","2","0","1,180","Condo","1973","0","","No","",""
"3501","B26019071","CS","3390","1521 NW 1st Avenue","PROGRESSO ","","$350,000","$322,000","3","2","0","1,372","Single","1949","","No","No","Ranch","6,750"
"3501","R11104536","CS","3400","1206 NW 14th Street","LAUDERDALE MANORS ADD ","","$350,000","$350,000","3","1","0","941","Single","1955","0","No","No","","7,985"
"3501","A11677485","CS","3400","1601 NW 15th St","LAUDERDALE MANORS AMD PLA ","","$350,000","$355,000","3","1","1","¤888","Single","1952","0","No","No","Detached","¤8,398"
"3501","A12002794","CS","3460","716 NW 15th Way","CARVER PARK ","","$350,000","$350,000","2","1","0","¤846","Single","1956","0","No","No","Detached","¤5,625"
"3501","A11772285","CS","3460","1411 NW 2nd St Unit#1411","SEMINOLE FOREST SEMINOLE FOREST","","$350,000","$350,000","2","2","1","¤1,250","Townhouse","2007","1","","No","",""
"3501","B26010273","CS","3470","232 SW 12th Avenue","WAVERLY PLACE ","","$350,000","$350,000","2","1","0","608","Single","1924","","No","No","Substantially Remodeled","1,800"
"3501","A11719276","CS","3480","1200 SW 12th St Unit#311","RIO NUEVO D CONDO Rio Nuevo D","","$350,000","$345,000","2","2","0","¤1,020","Condo","1968","0","","Yes","",""
"3501","A11852960","CS","3600","1501 SE 15th St Unit#3-5","ISLAND CLUB Island Club","","$350,000","$325,000","2","1","1","¤1,035","Townhouse","1963","0","","Yes","",""
"3501","A11808936","CS","3600","1424 SE 15th St Unit#45","NORWICH APARTMENTS CONDO The Norwich","","$350,000","$334,000","2","1","1","¤1,140","Condo","1971","0","","Yes","",""
"3501","F10554651","CS","3810","701 NW 1st Avenue","Old Progresso Village Old Progresso Village","","$350,000","$350,000","2","1","0","960","","2003","0","","No","",""
"3501","F10463485","CS","3160","336 N Birch Rd Unit#4B","Birch Crest Apartments Birch Crest Apartments","","$349,999","$345,000","1","1","1","819","Condo","1971","0","","No","",""
"3501","F10514627","CS","3170","1920 S Ocean Dr Unit#1002","Atlantic Towers Atlantic Towers","","$349,999","$349,999","2","2","0","1,036","Co-Op","1961","1","","Yes","",""
"3501","R11119912","CS","3160","3200 NE 29th Street Unit#602","MARLIN TOWERS CO-OP ","","$349,900","$310,000","2","2","0","1,295","Co-Op","1959","0","No","Yes","",""
"3501","F10502982","CS","3160","2029 N Ocean Blvd Unit#102","Tradewinds By The Sea Tradewinds By The Sea","","$349,900","$330,000","2","2","0","1,100","Condo","1980","1","","No","",""
"3501","B26000599","CS","3170","1900 S Ocean Drive Unit#Unit 811","BREAKWATER TOWERS CO-OP ","","$349,900","$310,000","2","2","0","1,036","Co-Op","1962","","Yes","No","Other","0"
"3501","F10535966","CS","3370","1800 N Andrews Ave Unit#9G","Drake Tower Drake Tower","","$349,900","$349,900","2","2","0","980","Condo","1975","0","","Yes","",""
"3501","F10492921","CS","3400","1632 Lauderdale Manor Dr","Lauderdale Manors Rev ","","$349,900","$350,000","3","2","0","932","Single","1953","0","No","No","","3,969"
"3501","F10518152","CS","3470","1201 River Reach Dr Unit#416","RIVER REACH RIVER REACH","","$349,900","$327,000","2","2","0","1,500","Condo","1981","1","","Yes","",""
"3501","F10485075","CS","3470","900 River Reach Unit#201","River Reach Condominium River Reach Condominium","","$349,900","$340,000","2","2","0","1,100","Condo","1971","0","","Yes","",""
"3501","F10445503","CS","3470","1201 River Reach Dr Unit#506","RIVER REACH RIVER REACH","","$349,900","$349,900","2","2","0","1,250","Condo","1981","1","","Yes","",""
"3501","A11711742","CS","3640","521 NW 16th Ave","DORSEY PARK SECOND ADD ","","$349,900","$350,000","4","2","0","¤1,353","Single","1976","0","No","No","Attached","¤5,400"
"3501","F10456551","CS","3280","340 Sunset Dr Unit#907","Essex Tower Essex Tower","","$349,500","$325,000","1","1","1","841","Condo","1971","1","","Yes","",""
"3501","F10542551","CS","3160","3020 NE 32 Unit#1517","TIDES TIDES","","$349,000","$349,000","1","1","0","640","Condo","2002","1","","No","",""
"3501","F10529503","CS","3160","3015 N Ocean Boulevard Unit#15J","BERKLEY SOUTH BERKLEY SOUTH","","$349,000","$330,000","2","2","0","1,100","Condo","1974","1","","No","",""
"3501","F10520962","CS","3160","3020 NE 32 Avenue Unit#723","TIDES TIDES","","$349,000","$299,000","1","1","0","720","Condo","2002","1","","No","",""
"3501","F10545500","CS","3170","3000 Holiday Dr Unit#904","MAYA MARCA CONDOMINIUM AP MAYA MARCA CONDOMINIUM AP","","$349,000","$355,000","1","1","1","1,060","Condo","1966","1","","Yes","",""
"3501","F10537716","CS","3170","1920 S Ocean Drive Unit#510","Atlantic Towers Atlantic Towers","","$349,000","$299,000","2","2","0","1,036","Co-Op","1961","0","","No","",""
"3501","F10498700","CS","3260","1332 Bayview Drive Unit#203","Hawthorne Bay Hawthorne Bay","","$349,000","$340,000","2","2","0","1,088","Condo","1966","","","Yes","","0"
"3501","F10498231","CS","3260","888 Intracoastal Drive Unit#12f","Sunrise Tower Sunrise Tower","","$349,000","$310,000","1","1","1","955","Condo","1963","","","Yes","","0"
"3501","B26018536","CS","3270","110 N Federal Highway Unit#1108","Waverly at Las Olas ","","$349,000","$325,000","1","1","0","780","Condo","2005","1","No","No","","0"
"3501","F10469604","CS","3270","1515 E Broward Blvd Unit#108","Pine Crest Village Pine Crest Village","","$349,000","$325,000","2","2","0","960","Condo","1966","0","","No","",""
"3501","F10409274","CS","3270","100 N Federal Highway Unit#836","Waverly at Las Olas Waverly at Las Olas","","$349,000","$345,000","1","1","0","835","Condo","2005","1","","No","",""
"3501","A11740661","CS","3380","1455 Holly Heights Dr Unit#4","FUSION GARDENS FUSION GARDENS","","$349,000","$325,000","2","2","0","¤1,012","Townhouse","1987","0","","No","",""
"3501","A11622491","CS","3390","1344 NW 3rd Ave","PROGRESSO 2-18 D ","","$349,000","$325,000","2","1","0","¤800","Single","1950","0","No","No","Detached","¤6,750"
"3501","A11822507","CS","3460","800 NW 15th Ave","LINCOLN PARK THIRD ADD ","","$349,000","$355,000","3","1","","¤906","Single","1997","0","No","No","Detached","¤5,000"
"3501","A11637935","CS","3500","1004 SW 4th Ave","LAUDERDALE ","","$349,000","$360,000","2","1","0","¤908","Single","1936","0","No","No","Detached","¤2,450"
"3501","R11108489","CS","3600","2033 SE 10th Avenue Unit#616","Village East Condo ","","$349,000","$325,000","2","2","0","1,054","Condo","2000","1","No","No","",""
"3501","F10468714","CS","3600","1535 SE 15th St Unit#204","Harbor View Harbor View","","$349,000","$325,000","1","1","0","688","Condo","1963","1","","Yes","",""
"3501","F10449059","CS","3600","2107 SE 10th Ave Unit#802","Village East Village East","","$349,000","$342,000","1","1","0","878","Townhouse","2001","1","","No","",""
"3501","A11878983","CS","3800","520 SE 5th Ave Unit#1109","LAS OLAS BY THE RIVER CON Las Olas BY The River","","$349,000","$332,000","2","2","0","¤1,153","Condo","2001","1","","No","",""
"3501","A11900317","CS","3400","1807 NW 15th Ave","LAUDERDALE MANORS AMEN RE ","","$348,000","$348,000","4","1","0","¤1,140","Single","1956","0","No","No","Detached","¤9,432"
"3501","A11769665","CS","3390","1107 NW 14th St","LAUDERDALE MANORS ADD ","","$345,900","$342,000","3","1","0","¤925","Single","1955","0","No","No","Attached","¤7,982"
"3501","F10529690","CS","3170","1850 S Ocean Dr Unit#210","LAKE MAYAN APTS CO-OP LAKE MAYAN APTS CO-OP","","$345,000","$330,000","2","1","0","760","Co-Op","1963","0","","Yes","",""
"3501","F10476845","CS","3360","1455 Holly Heights Dr Unit#15","Fusion Gardens Fusion Gardens","","$345,000","$325,000","2","2","0","1,012","Townhouse","1987","0","","No","",""
"3501","A11864942","CS","3460","711 NW 15th Way","CARVER PARK ","","$345,000","$345,000","2","1","","¤833","Single","1950","0","No","No","Detached","¤5,500"
"3501","A11703623","CS","3460","816 NW 19th Ave","LAUDERDALE HOMESITES FIRS ","","$345,000","$330,000","2","1","","¤820","Single","1957","0","No","No","Detached","¤4,950"
"3501","F10493982","CS","3470","610 W Las Olas Blvd Unit#1111N","The Symphony The Symphony","","$345,000","$330,000","1","1","0","776","Condo","2005","1","","Yes","",""
"3501","R11015063","CS","3600","1600 SE 15th Street Unit#613","PLAZA 15 CONDO ","","$345,000","$340,000","2","2","0","1,020","Condo","1973","0","Yes","Yes","High Rise",""
"3501","F10441304","CS","3600","2027 SE 10th Ave Unit#722","Village East Village East","","$345,000","$326,250","1","1","0","878","Townhouse","2001","1","","No","",""
"3501","F10470662","CS","3270","1515 E Broward Blvd Unit#406","Pine Crest Village Pine Crest Village","","$344,900","$335,000","2","2","0","960","Condo","1966","0","","No","",""
"3501","A11743910","CS","3560","1613 NW 15th Pl","LAUDERDALE MANORS RESUB ","","$344,900","$335,000","3","1","0","¤912","Single","1953","0","No","No","Attached","¤7,201"
"3501","F10512213","CS","3170","2100 S Ocean Dr Unit#7B","Sky Harbour East Sky Harbour East","","$342,500","$342,500","1","1","0","900","Condo","1965","0","","Yes","",""
"3501","F10448220","CS","3280","340 Sunset Dr Unit#1407","Essex Tower Essex Tower","","$342,500","$325,000","1","1","1","850","Condo","1971","1","","No","",""
"3501","A11833648","CS","3010","151 NE 16th Ave Unit#232","PINE CREST VILLAGE II AT pine crest village","","$340,000","$325,000","2","2","0","¤1,040","Condo","1970","0","","No","",""
"3501","F10500640","CS","3160","3015 N Ocean Blvd Unit#11J","The Berkley South The Berkley South","","$340,000","$280,000","2","2","0","1,144","Condo","1974","1","","No","",""
"3501","A11782839","CS","3270","1501 E Broward Blvd Unit#807","PINE CREST VILLAGE PINE CREST VILLAGE","","$340,000","$335,000","2","1","0","¤980","Condo","1966","0","","No","",""
"3501","F10462711","CS","3370","140 NE 19th Ct Unit#220E","Manor Grove Village Two Manor Grove Village Two","","$340,000","$310,000","2","2","0","1,180","Condo","1971","0","","No","",""
"3501","F10466566","CS","3390","620 Tennis Club Dr Unit#310","Tennis Club Tennis Club","","$340,000","$325,000","2","2","1","1,496","Condo","1972","0","","Yes","",""
"3501","A11691924","CS","3600","2033 SE 10th Ave Unit#610","VILLAGE EAST CONDO Village East","","$340,000","$320,000","2","2","0","¤1,054","Condo","2000","0","","No","",""
"3501","A11880053","CS","3700","533 NE 3rd Ave Unit#304","SOLE AT FORT LAUDERDALE C Sole","","$340,000","$330,000","2","2","0","¤1,240","Condo","2005","1","","No","",""
"3501","F10451736","CS","3600","1625 SE 10th Ave Unit#803","Runaway Bay Runaway Bay","","$339,999","$325,000","2","2","0","1,042","Condo","1975","2","","No","",""
"3501","F10429274","CS","3170","505 N Fort Lauderdale Beach blvd Unit#2509","Q CLUB RESORT Q CLUB RESORT","","$339,900","$278,000","1","1","0","584","Hotel","2006","0","","No","",""
"3501","F10536158","CS","3280","340 Sunset Drive Unit#1607","Essex Tower Essex Tower","","$339,900","$302,000","1","1","1","841","Condo","1971","1","","No","",""
"3501","F10556126","CS","3470","1000 River Reach Drive Unit#320","River Reach Condominiums River Reach Condominiums","","$339,900","$327,000","2","2","0","1,025","Condo","1971","","","Yes","","0"
"3501","A11663166","CS","3470","1201 River Reach Dr Unit#206","RIVER REACH CONDOMINIUM I River Reach","","$339,900","$324,000","2","2","0","¤1,250","Condo","1981","1","","Yes","",""
"3501","F10514856","CS","3600","2131 SE 10th Ave Unit#1110","Village East Condo Village East Condo","","$339,900","$337,500","2","2","0","1,054","Condo","2000","0","","No","",""
"3501","F10475409","CS","3390","640 Tennis Club Dr Unit#112","Lauderdale Tennis Club Lauderdale Tennis Club","","$339,500","$315,000","3","2","1","1,496","Condo","1972","0","","Yes","",""
"3501","A11563904","CS","3170","1920 S Ocean Dr Unit#1105","ATLANTIC TOWERS CO-OP ATLANTIC TOWERS","","$339,000","$295,860","1","1","0","¤805","Co-Op","1961","0","","No","",""
"3501","F10509908","CS","3370","1940 NE 2nd Ave Unit#115J","Manor Grove Village Four Manor Grove Village Four","","$339,000","$290,000","2","2","0","1,180","Condo","1973","0","","No","",""
"3501","F10531951","CS","3600","2107 SE 10th Ave Unit#806","Village East Village East","","$339,000","$324,000","1","1","0","878","Condo","2001","1","","No","",""
"3501","A11767782","CS","3600","917 SE 13th St Unit#1","RIO VISTA TOWNHOMES CONDO Rio Vista Townhouses","","$339,000","$290,000","2","2","1","¤1,326","Condo","1985","0","","No","",""
"3501","F10489716","CS","3600","2107 SE 10th Ave Unit#832","Village East Village East","","$339,000","$315,000","1","1","0","878","Townhouse","2001","1","","No","",""
"3501","F10480968","CS","3600","1777 SE 15th St Unit#414","Cromwell East Cromwell East","","$339,000","$299,000","2","1","1","840","Condo","1974","0","","Yes","",""
"3501","F10449009","CS","3600","1777 SE 15th St Unit#207","Cromwell East Condo Cromwell East Condo","","$339,000","$302,000","2","1","1","840","Condo","1974","0","","Yes","",""
"3501","F10487674","CS","3810","808 NW 4th Ave","Progresso 2-18 D ","","$339,000","$339,000","2","1","0","689","Single","1952","0","No","No","","6,750"
"3501","A11877907","CS","3280","340 Sunset Dr Unit#907","ESSEX TOWER CONDO Essex Tower","","$338,500","$348,500","1","1","1","¤841","Condo","1971","1","","No","",""
"3501","F10463567","CS","3160","505 N Ft Lauderdale Bch Blvd Unit#221","Q Club Resort & Residence Q Club Resort & Residence","","$335,000","$295,000","1","1","1","978","Condo","2006","0","","Yes","",""
"3501","F10491178","CS","3270","1515 E Broward Blvd Unit#306","Pinecrest Village Pinecrest Village","","$335,000","$330,000","2","2","0","960","Condo","1970","0","","No","",""
"3501","F10555753","CS","3460","1718 NW 7th Street","Lincoln Park First Add ","","$335,000","$275,000","3","1","0","1,256","Single","1971","","No","No","","5,000"
"3501","A11660243","CS","3600","1625 SE 10th Ave Unit#407","RUNAWAY BAY CONDO Runaway Bay","","$335,000","$310,000","2","2","0","¤1,020","Condo","1975","1","","No","",""
"3501","R10971853","CS","3600","1535 SE 15th Street Unit#305","HARBOR VIEW APTS CONDO ","","$335,000","$318,000","2","2","0","977","Condo","1963","0","No","No","Garden Apartment",""
"3501","F10470341","CS","3460","824 NW 16th Ave","Lincoln Park Sixth Add ","","$334,900","$337,900","3","1","1","950","Single","1959","0","No","No","","5,000"
"3501","F10519006","CS","3470","1101 River Reach Drive Unit#206","RIVER REACH RIVER REACH","","$333,000","$310,000","2","2","0","1,250","Condo","1982","1","","","",""
"3501","F10516918","CS","3160","2840 N Ocean Blvd Unit#503","Sea Tower Sea Tower","","$330,000","$290,000","1","1","0","769","Co-Op","1958","0","","Yes","",""
"3501","A11894486","CS","3240","1402 NW 13th Ct","LAUDERDALE MANORS ADD REV ","","$330,000","$315,000","2","1","0","¤984","Single","1953","0","No","No","Detached","¤6,855"
"3501","F10513959","CS","3370","3050 NE 16th Ave Unit#706","River Terrace River Terrace","","$330,000","$310,000","2","2","0","912","Condo","1972","0","","No","",""
"3501","F10503875","CS","3370","300 NE 19th Ct Unit#203N","Manor Grove Village Four Manor Grove Village Four","","$330,000","$312,000","2","2","0","1,180","Condo","1973","0","","No","",""
"3501","A11975979","CS","3400","1119 NW 11th Ct","LAUDERDALE MANORS ADD ","","$330,000","$210,000","3","1","","¤1,244","Single","1952","0","No","No","Attached","¤7,983"
"3501","A11737714","CS","3460","716 NW 15th Way","CARVER PARK ","","$330,000","$330,000","2","1","","¤846","Single","1956","0","No","No","Detached","¤5,625"
"3501","R10987762","CS","3460","521 NW 15th Way","DORSEY PARK FIRST ADD ","","$330,000","$315,000","3","1","0","1,066","Single","1961","0","No","No","","5,650"
"3501","F10483855","CS","3470","1020 SW 19th Ave","Riverside Park 7-24 B ","","$330,000","$310,000","3","1","0","987","Single","1953","0","No","No","","4,432"
"3501","A11669301","CS","3480","900 SW 12th St Unit#306","Rio Neuvo A Rio Neuvo A","","$330,000","$310,000","2","2","0","¤1,000","Condo","1966","0","","Yes","",""
"3501","R11104759","CS","3600","1424 SE 15th Street Unit#25","NORWICH APARTMENTS CONDO ","","$330,000","$275,000","2","1","1","1,140","Condo","1971","0","Yes","Yes","",""
"3501","A11912853","CS","3700","313 NE 2nd St Unit#802","NOLA LOFTS CONDOMINIUM I Nola Lofts","","$330,000","$330,000","1","1","0","¤755","Condo","2005","1","","No","",""
"3501","F10543070","CS","3370","1800 N Andrews Avenue Unit#10G","DRAKE TOWER DRAKE TOWER","","$329,900","$315,000","2","2","0","1,050","Condo","1975","0","","Yes","",""
"3501","R11032135","CS","3380","1455 Holly Heights Drive Unit#46","FUSION GARDENS CONDO ","","$329,900","$317,500","2","2","0","1,012","Condo","1987","0","No","No","",""
"3501","F10455450","CS","3390","1429 NW 5th Ave","Progresso 2-18 D ","","$329,900","$295,000","2","1","0","832","Single","1950","0","No","No","","6,752"
"3501","A11676544","CS","3400","1643 NW 14th Ct","LAUDERDALE MANORS AMD PLA ","","$329,900","$340,000","3","2","","¤1,221","Single","1952","0","No","No","Detached","¤8,247"
"3501","A11930126","CS","3440","1304 NW 3rd St","SEMINOLE FOREST SEMINOLE FOREST","","$329,900","$317,000","2","2","1","¤1,250","Townhouse","2009","1","","No","",""
"3501","A11689502","CS","3090","437 NW 14th Way","FIRST ADD TO TUSKEGEE PAR ","","$329,000","$327,000","2","1","0","¤672","Single","1954","4","No","No","Attached","¤5,650"
"3501","A11784106","CS","3160","3020 NE 32nd Ave Unit#1407","TIDES AT BRIDGESIDE SQUARE The Tides","","$329,000","$310,000","1","1","0","¤640","Condo","2002","1","","No","",""
"3501","R11006811","CS","3417","1020 NW 12th Street","LAUDERDALE MANORS ADD-REV ","","$329,000","$329,000","2","1","0","720","Single","1953","0","No","No","","7,713"
"3501","F10542354","CS","3460","533 NW 15th Way","Riverbend ","","$329,000","$327,000","3","1","0","1,067","Single","1962","0","No","No","",""
"3501","A11949197","CS","3390","832 NW 16th Ter","LINCOLN PARK SIXTH ADD ","","$328,500","$320,000","2","1","0","¤720","Single","1951","0","No","No","Detached","¤5,000"
"3501","F10449169","CS","3260","2900 NE 30th St Unit#I-6","LAUDERDALE TOWER LAUDERDALE TOWER","","$327,500","$322,500","1","1","0","730","Condo","1964","0","","Yes","",""
"3501","A11776371","CS","3400","1318 NW 11th St","LAUDERDALE MANORS ADD ","","$327,000","$318,000","3","1","0","¤720","Single","1955","0","No","No","Attached","¤8,266"
"3501","B26018780","CS","3160","3000 E Sunrise Boulevard Unit#2e","CARLTON TOWER CONDO ","","$325,000","$315,000","1","1","1","846","Condo","1969","1","No","No","","0"
"3501","A11883483","CS","3160","3020 NE 32nd Ave Unit#1207","TIDES AT BRIDGESIDE SQUAR Tides At Bridgestide","","$325,000","$290,000","1","1","0","¤640","Condo","2002","1","","No","",""
"3501","A11842440","CS","3160","2200 NE 33rd Ave Unit#11H","WHITE EGRET CONDO White Egret Condo","","$325,000","$320,000","1","1","1","¤1,103","Condo","1971","0","","No","",""
"3501","F10467572","CS","3160","700 Bayshore Dr Unit#4","Beach Shore Apts. Beach Shore Apts.","","$325,000","$300,000","2","1","0","790","Co-Op","1957","0","","No","",""
"3501","A11675442","CS","3160","505 N Fort Lauderdale Beach Blvd Unit#1413","Q CLUB RESORT & RESIDENCE Q Club Resort & Residence","","$325,000","$320,000","1","1","1","¤868","Condo","2006","0","","Yes","",""
"3501","F10492361","CS","3260","1170 N Federal Hwy Unit#1009","East Point Towers East Point Towers","","$325,000","$260,000","2","2","0","1,344","Condo","1973","1","","Yes","",""
"3501","B26029489","CS","3280","1770 E Las Olas Boulevard Unit#404","LAS OLAS VILLAS CONDO ","","$325,000","$320,000","1","1","1","940","Condo","1968","","No","Yes","","0"
"3501","A11876005","CS","3280","333 Sunset Dr Unit#B","FOUR SEASONS CONDO THE FOUR SEASONS","","$325,000","$265,000","1","1","0","¤870","Condo","1959","1","","Yes","",""
"3501","A11874300","CS","3370","2631 NE 14th Ave Unit#309","WILTON STATION RES CONDO Wilton Station","","$325,000","$300,000","1","1","1","¤1,049","Condo","2006","0","","No","",""
"3501","A11643699","CS","3370","1617 NW 18th Ave","LAUDERDALE MANORS AMEND P ","","$325,000","$325,000","3","1","","¤912","Single","1953","0","No","No","Detached","¤7,201"
"3501","F10462336","CS","3380","1455 Holly Heights Drive Unit#2","Fusion Gardens Fusion Gardens","","$325,000","$303,000","2","2","0","1,012","Condo","1987","0","","No","",""
"3501","F10475934","CS","3390","1404 NW 4th Ave","Progresso 2-18 D ","","$325,000","$315,000","2","1","0","720","Single","1958","0","No","No","","3,376"
"3501","F10450355","CS","3390","1406 NW 4th Ave","Progresso 2-18 D ","","$325,000","$315,000","2","1","0","720","Single","1958","0","No","No","","3,378"
"3501","A12017781","CS","3460","700 NW 19th Ter","LIBERTY PARK ","","$325,000","$300,000","3","2","","¤1,025","Single","2002","0","No","No","Detached","¤4,500"
"3501","R11162566","CS","3470","1000 River Reach Drive Unit#423","RIVER REACH ","","$325,000","$305,000","2","1","1","850","Condo","1972","0","Yes","Yes","",""
"3501","F10482740","CS","3480","900 SW 12th St Unit#105","Rio Nuevo Rio Nuevo","","$325,000","$315,000","2","2","0","1,000","Condo","1967","0","","Yes","",""
"3501","A11644510","CS","3490","1559 NW 10th Pl","LAUDERDALE MANORS REVISED ","","$325,000","$325,000","2","1","0","¤576","Single","1954","0","No","No","Detached","¤5,759"
"3501","R11146562","CS","3600","1535 SE 15th Street Unit#109","HARBOR VIEW APTS CONDO ","","$325,000","$305,000","1","1","0","620","Condo","1980","0","No","Yes","","365"
"3501","F10517623","CS","3600","511 SE 5th Avenue Unit#1218","NU RIVER LANDING NU RIVER LANDING","","$325,000","$300,000","0","1","0","634","Condo","2006","1","","Yes","",""
"3501","F10444853","CS","3600","1625 SE 10th Ave Unit#309","Runaway Bay Runaway Bay","","$325,000","$320,000","2","2","0","1,120","Condo","1975","1","","No","",""
"3501","A11923840","CS","3160","3000 E Sunrise Blvd Unit#9E","CARLTON TOWER CONDO Carlton Tower","","$324,999","$300,000","1","1","1","¤846","Condo","1970","1","","No","",""
"3501","A11565207","CS","3270","611 NE 14th Ave Unit#401","PARK COURT CONDO Park Court","","$324,999","$321,000","2","2","0","¤935","Condo","1973","0","","No","",""
"3501","F10468265","CS","3160","3250 NE 28th St Unit#306","Le Cercle Le Cercle","","$324,900","$302,500","2","1","0","760","Condo","1966","0","","No","",""
"3501","F10508211","CS","3370","3000 NE 5th Ter Unit#215A","RIVER MANOR CONDO RIVER MANOR CONDO","","$324,900","$310,000","2","2","0","1,000","Condo","1973","0","","No","",""
"3501","F10512140","CS","3400","1035 NW 11th Ct","CHATEAU PARK SEC ","","$324,900","$270,000","2","2","0","1,218","Single","1972","0","No","No","","5,700"
"3501","F10460467","CS","3370","1951 NE 2nd Ave Unit#I-115","Manor Grove Village Four Manor Grove Village Four","","$320,000","$305,000","2","2","0","1,200","Condo","1973","0","","No","",""
"3501","A11966460","CS","3460","1401 NW 2nd St","SEMINOLE FOREST TANGO VILLAGE HOMEWONERS","","$320,000","$310,000","2","2","1","¤1,250","Townhouse","2008","1","","No","",""
"3501","R11037240","CS","3600","1050 SE 15th Street Street Unit#307","MARK 1 CONDO ","","$320,000","$285,000","2","2","0","830","Condo","1983","0","No","No","",""
"3501","F10550911","CS","3800","520 SE 5th Avenue Unit#3208","LAS OLAS BY THE RIVER CON LAS OLAS BY THE RIVER CON","","$320,000","$260,000","2","2","0","1,168","Condo","2001","1","No","No","","0"
"3501","F10523251","CS","3460","532 NW 15th Avenue","First Add To Tuskegee Par ","","$319,990","$318,000","2","1","0","752","Single","1950","","No","No","","5,650"
"3501","F10471400","CS","3160","505 N Ft Lauderdale Bch Blvd Unit#2305","Q CLUB RESORT & RESIDENCE Q CLUB RESORT & RESIDENCE","","$319,900","$295,000","1","1","1","906","Condo","2006","0","","Yes","",""
"3501","A11670952","CS","3160","569 Bayshore Dr Unit#1","ROYAL SCOT CO-OP Royal Scot","","$319,900","$240,000","1","1","0","¤650","Co-Op","1969","0","","Yes","",""
"3501","B26012773","CS","3370","3004 NE 5th Terrace Unit#108c","RIVER MANOR CONDO ","","$319,900","$302,000","2","2","0","1,000","Condo","1973","","Yes","Yes","","0"
"3501","F10478815","CS","3370","3000 NE 5th Ter Unit#301-A","RIVER MANOR CONDO RIVER MANOR CONDO","","$319,900","$315,000","2","2","0","1,000","Condo","1973","0","","Yes","",""
"3501","A11790313","CS","3400","1859 NW 16th Ct","LAUDERDALE MANORS AMEND P ","","$319,900","$319,900","3","1","0","¤912","Single","1954","0","No","No","Detached","¤6,259"
"3501","A11930625","CS","3460","630 NW 14th Way","LINCOLN PARK CORR PLAT ","","$319,900","$315,000","2","1","0","¤850","Single","1962","2","No","No","Detached","¤4,500"
"3501","A11690174","CS","3470","1903 SW 11th Ct","RIVERSIDE PARK ","","$319,900","$319,000","2","1","","¤725","Single","1936","0","No","No","Detached","¤5,366"
"3501","F10495561","CS","3160","2200 NE 33rd Ave Unit#4D","White Egret White Egret","","$319,000","$305,000","1","1","1","1,103","Condo","1971","0","","No","",""
"3501","F10424218","CS","3160","505 N Fort Lauderdale Beach Blvd Unit#1806","Q CLUB RESORT & RESIDENCE Q CLUB RESORT & RESIDENCE","","$319,000","$300,000","1","1","1","906","Condo","2006","0","","Yes","",""
"3501","A11854123","CS","3260","2701 Middle River Dr Unit#10","PARK RIDGE NORTH APTS CON Park Ridge North","","$319,000","$255,000","2","2","0","¤1,000","Condo","1965","1","","No","",""
"3501","F10523901","CS","3370","185 NE 20th Ct Unit#9F","Manor Grove Townhomes Manor Grove Townhomes","","$319,000","$305,000","2","1","1","960","Condo","1972","0","","No","",""
"3501","R11114528","CS","3370","140 NE 19 Court Unit#112-E","MANOR GROVE VILLAGE ","","$319,000","$310,000","2","2","0","1,200","Condo","1974","0","No","Yes","",""
"3501","A11602084","CS","3390","1750 NW 3rd Ter Unit#306C","HIDDEN HARBOR CONDOMINIUM Hidden Harbor","","$319,000","$305,000","2","2","0","¤975","Condo","1974","0","","Yes","",""
"3501","F10511383","CS","3540","832 NW 16th Ter","Lincoln Park Sixth Add ","","$319,000","$260,000","2","1","0","720","Single","1950","0","No","No","","5,000"
"3501","F10446388","CS","3621","3002 NE 5th Ter Unit#101-B","River Manor Condo River Manor Condo","","$319,000","$300,000","2","2","0","1,000","Condo","1973","0","","No","",""
"3501","R10986634","CS","3700","533 NE 3rd Avenue Unit#547","Fort Lauderdale ","","$319,000","$295,000","1","1","0","960","Condo","2005","1","No","No","",""
"3501","R11069516","CS","3800","520 SE 5th Avenue Unit#2405","LAS OLAS BY THE RIVER ","","$319,000","$283,000","2","2","0","1,153","Condo","2001","1","No","No","",""
"3501","A11644772","CS","3810","819 NW 4th Ave","PROGRESSO ","","$319,000","$309,000","2","1","0","¤809","Single","1954","0","No","No","Detached","¤6,750"
"3501","F10431321","CS","3370","3004 NE 5th Ter Unit#102-C","RIVER MANORS RIVER MANORS","","$318,800","$285,000","2","2","0","1,000","Condo","1973","0","","Yes","",""
"3501","A11748202","CS","3390","620 Tennis Club Dr Unit#311","TENNIS CLUB TILDEN CONDO Tennis Club Tilden","","$315,900","$300,000","3","2","1","¤1,496","Condo","1972","0","","Yes","",""
"3501","F10552423","CS","3160","700 Bayshore Drive Unit#4","Beach Shore Apts. & CO-OP Beach Shore Apts. & CO-OP","","$315,000","$300,000","2","1","0","790","Co-Op","1957","0","","No","",""
"3501","F10475618","CS","3160","2400 NE 33rd Ave Unit#212","OCEAN GARDEN OCEAN GARDEN","","$315,000","$306,000","2","2","0","850","Condo","1984","0","","No","",""
"3501","A11605058","CS","3160","3000 E Sunrise Blvd Unit#6E","CARLTON TOWER CONDO Carlton","","$315,000","$298,000","1","1","1","¤846","Condo","1969","1","","No","",""
"3501","F10469587","CS","3260","2850 NE 30th St Unit#6","Lexington Arms Co-Op Lexington Arms Co-Op","","$315,000","$285,000","1","1","0","620","Co-Op","1960","0","","Yes","",""
"3501","F10455672","CS","3260","2900 NE 30TH ST Unit#I-7","LAUDERDALE TOWER CONDO LAUDERDALE TOWER CONDO","","$315,000","$290,000","1","1","0","730","Condo","1964","0","","Yes","",""
"3501","A11719295","CS","3280","180 Isle Of Venice Dr Unit#105","OASIS-NURMI ISLE CO-OP The Oasis","","$315,000","$270,000","1","1","0","¤760","Co-Op","1959","0","","Yes","",""
"3501","A11921142","CS","3370","1229 NE 3rd Ave","PROGRESSO ","","$315,000","$214,000","2","1","","¤1,182","Single","1947","3","No","No","Attached","¤6,752"
"3501","F10531422","CS","3370","72 NE 20th Ct Unit#4C","Manor Grove Village Manor Grove Village","","$315,000","$290,000","2","1","1","960","Condo","1972","0","","No","",""
"3501","A11847682","CS","3390","670 Tennis Club Dr Unit#110","TENNIS CLUB DAVIS CONDO Tennis Club Davis Condo","","$315,000","$315,000","3","2","1","¤1,496","Condo","1975","0","","No","",""
"3501","A11882190","CS","3460","1711 NW 7th Pl","LINCOLN PARK FIRST ADD ","","$315,000","$295,000","2","1","0","¤786","Single","1953","0","No","No","Detached","¤7,500"
"3501","F10461142","CS","3460","419 NW 19th Ave","Dorsey Park 4th Add 25-26 ","","$315,000","$304,500","3","2","0","1,628","Single","1952","1","No","No","","5,250"
"3501","A11946405","CS","3600","2107 SE 10th Ave Unit#831","VILLAGE EAST CONDO VILLAGE EAST 1","","$315,000","$295,000","1","1","0","¤878","Condo","2001","2","","No","",""
"3501","F10448005","CS","3700","533 NE 3rd Ave Unit#529","Sole Sole","","$315,000","$300,000","1","1","0","780","Condo","2005","1","","No","",""
"3501","F10499832","CS","3160","2200 NE 33rd Ave Unit#7D","White Egret Condo White Egret Condo","","$314,900","$300,000","1","1","1","1,103","Condo","1971","0","","Yes","",""
"3501","F10477464","CS","3160","505 N Ft Lauderdale Bch Blvd Unit#2205","Q CLUB RESORT & RESIDENCE Q CLUB RESORT & RESIDENCE","","$314,900","$300,000","1","1","1","906","Condo","2006","0","","Yes","",""
"3501","A11732280","CS","3170","200 S Birch Rd Unit#103","LEISURE BEACH CONDO LEISURE BEACH","","$314,900","$265,000","1","1","0","¤647","Condo","1970","1","","No","",""
"3501","R10993607","CS","3400","1613 NW 15th Avenue","LAUDERDALE MANORS RESUB ","","$314,900","$316,000","2","1","0","1,282","Single","1953","0","No","No","Ranch","8,062"
"3501","F10516456","CS","3600","2107 SE 10th Avenue Unit#814","Village East Village East","","$314,900","$270,000","1","1","0","878","Townhouse","2001","1","","No","",""
"3501","F10524214","CS","3700","533 NE 3rd Ave Unit#516","Sole at Fort Lauderdale Sole at Fort Lauderdale","","$314,900","$299,000","1","1","0","780","Condo","2005","1","","No","",""
"3501","F10453109","CS","3600","1050 SE 15th St Unit#200","Mark 1 Mark 1","","$314,000","$280,000","2","2","0","830","Condo","1972","0","","No","",""
"3501","A11763774","CS","3280","1770 E Las Olas Blvd Unit#302","LAS OLAS VILLAS CONDO LAS OLAS VILLAS CONDO","","$310,999","$285,000","1","1","0","¤595","Condo","1968","1","","Yes","",""
"3501","F10482688","CS","3160","3020 NE 32nd Ave Unit#1417","Tides at Bridgeside Tides at Bridgeside","","$310,000","$290,000","1","1","0","640","Condo","2002","1","","No","",""
"3501","F10474607","CS","3270","744 NE 14th Ave Unit#3","Sevilla Courts Sevilla Courts","","$310,000","$295,000","2","2","0","710","Condo","1968","0","","No","",""
"3501","F10456760","CS","3370","28 NE 20th Ct Unit#5B","Manor Grove Village Three Manor Grove Village Three","","$310,000","$298,000","2","1","1","960","Condo","1972","0","","No","",""
"3501","F10436636","CS","3370","2916 NE 8th Ter Unit#202","MIDDLE RIVER HOMES CONDO MIDDLE RIVER HOMES CONDO","","$310,000","$292,000","2","2","0","761","Condo","1986","0","","Yes","",""
"3501","A11833386","CS","3390","1200 NW 11th Ct","LAUDERDALE MANORS ADD ","","$310,000","$295,000","4","2","0","¤1,384","Single","1954","0","No","No","Detached","¤6,890"
"3501","A11975101","CS","3490","2612 SW 14th Ave","DEVONSHIRE ","","$310,000","$290,000","2","1","0","¤1,083","Single","1949","4","No","No","Attached","¤6,120"
"3501","F10486441","CS","3600","2021 SE 10th Ave Unit#206","Village East Condo Village East Condo","","$310,000","$300,000","2","2","0","1,054","Condo","2001","1","","No","",""
"3501","F10486244","CS","3700","315 NE 3rd Ave Unit#1702","Strada Strada","","$310,000","$280,000","1","1","0","607","Condo","2007","1","","No","",""
"3501","F10472063","CS","3600","1050 SE 15th St Unit#603","MARK 1 CONDO MARK 1 CONDO","","$309,999","$250,000","2","2","0","780","Condo","1972","1","","No","",""
"3501","F10469986","CS","3470","1201 River Reach Dr Unit#501","River Reach Condo IV River Reach Condo IV","","$309,990","$253,000","2","2","0","1,250","Condo","1981","1","","Yes","",""
"3501","R11115708","CS","3470","1301 River Reach Drive Unit#119","RIVER REACH CONDOMINIUM V ","","$309,900","$290,000","1","1","1","900","Condo","1974","0","No","Yes","High Rise",""
"3501","F10484534","CS","3260","1124 Seminole Dr Unit#3A","CORAL COVE CORAL COVE","","$309,500","$309,500","2","2","0","950","Co-Op","1955","0","","Yes","",""
"3501","F10463137","CS","3260","1124 Seminole Dr Unit#3A","CORAL COVE CORAL COVE","","$309,500","$305,000","2","2","0","950","Co-Op","1955","0","","Yes","",""
"3501","F10505798","CS","3160","3015 N Ocean Blvd Unit#6E","Berkley South Condo Berkley South Condo","","$309,000","$277,000","1","1","1","935","Condo","1974","1","","No","",""
"3501","F10494491","CS","3370","3004 NE 5th Ter Unit#102-C","RIVER MANORS RIVER MANORS","","$309,000","$295,000","2","2","0","1,000","Condo","1973","0","","No","",""
"3501","F10472289","CS","3370","105 NE 20th Ct Unit#2G","Manor Grove Townhomes Manor Grove Townhomes","","$309,000","$297,000","2","1","1","960","Condo","1972","0","","No","",""
"3501","A11992637","CS","3400","1119 NW 10th Pl","LAUDERDALE MANORS ADD ","","$309,000","$313,000","2","1","0","¤713","Single","1953","0","No","No","Attached","¤6,849"
"3501","F10506496","CS","3460","1708 NW 7th Pl","Lincoln Park First Add ","","$309,000","$305,000","2","1","0","625","Single","1953","0","No","No","","5,000"
"3501","F10507246","CS","3700","315 NE 3rd Ave Unit#902","Strada 315 Strada 315","","$309,000","$287,500","1","1","0","607","Condo","2007","1","","No","",""
"3501","F10513769","CS","3460","1617 NW 7th St","Lincoln Park 1st Add ","","$308,990","$308,000","2","1","0","600","Single","1952","0","No","No","","3,565"
"3501","F10475675","CS","3260","2900 NE 30th St Unit#7F","Lauderdale Tower Lauderdale Tower","","$305,000","$289,000","1","1","0","730","Condo","1964","0","","No","",""
"3501","A11717516","CS","3400","1413 NW 10th Pl","LAUDERDALE MANORS ADD ","","$305,000","$310,000","2","1","0","¤1,008","Single","1953","0","No","No","Attached","¤6,857"
"3501","F10453858","CS","3560","816 NW 16th Ter","Lincoln Park Sixth Add ","","$305,000","$315,000","2","1","1","0","Single","1950","0","No","No","","5,000"
"3501","A11746608","CS","3700","533 NE 3rd Ave Unit#334","SOLE AT FORT LAUDERDALE SOLE","","$305,000","$305,000","1","1","0","¤960","Condo","2005","1","","No","",""
"3501","F10486818","CS","3800","520 SE 5th Ave Unit#1101","Las Olas by The River Las Olas by The River","","$305,000","$297,500","1","1","0","894","Condo","2001","1","","No","",""
"3501","A11570861","CS","3800","520 SE 5th Ave Unit#2307","LAS OLAS BY THE RIVER CON Las Olas by the River","","$305,000","$275,000","1","1","0","¤816","Condo","2001","1","","No","",""
"3501","F10554011","CS","3240","1170 N Federal Highway Unit#1208","East Point Towers East Point Towers","","$304,999","$282,500","1","1","1","1,138","Condo","1973","1","","Yes","",""
"3501","A11787637","CS","3400","1220 NW 18th Ave","LAUDERDALE MANORS AMD PLA ","","$304,900","$304,900","2","1","","¤1,128","Single","1954","0","No","No","Detached","¤8,400"
"3501","F10482613","CS","3600","1531 SE 15th St Unit#6","Quarterdeck Condo Quarterdeck Condo","","$302,750","$302,750","2","2","1","1,008","Condo","1979","1","","Yes","",""
"3501","A11708493","CS","3030","313 NE 2nd St Unit#1002","NOLA LOFTS CONDOMINIUM I Nola Lofts","","$300,000","$300,000","1","1","0","¤755","Condo","2005","1","","No","",""
"3501","F10545061","CS","3160","3015 N Ocean Boulevard Unit#7k","Berkley South Berkley South","","$300,000","$295,000","2","2","0","1,144","Condo","1974","1","","No","","0"
"3501","A11799124","CS","3160","2200 NE 33rd Ave Unit#2J","WHITE EGRET CONDO WHITE EGRET CONDO","","$300,000","$300,000","2","2","0","¤1,425","Condo","1971","0","","No","",""
"3501","A11752208","CS","3160","505 N Fort Lauderdale Beach Blvd Unit#1709","Q CLUB RESORT & RESIDENCE Q CLUB RESORT & RESIDENCE","","$300,000","$300,000","1","1","0","¤584","Condo","2006","0","","Yes","",""
"3501","A11860413","CS","3250","2900 NE 30th St Unit#K8","LAUDERDALE TOWER CONDO LAUDERDALE TOWER","","$300,000","$290,000","1","1","0","¤730","Condo","1964","0","","Yes","",""
"3501","A11669663","CS","3280","1000 SE 4th St Unit#315","RIVERVIEW GARDEN APARTMEN RIVERVIEW GARDEN CONDOS","","$300,000","$290,000","1","1","0","¤620","Condo","1959","0","","Yes","",""
"3501","F10522645","CS","3370","1940 NE 2nd Ave Unit#205J","Manor Grove Village Four Manor Grove Village Four","","$300,000","$281,250","2","2","0","1,180","Condo","1973","0","","No","",""
"3501","F10496973","CS","3370","1940 NE 2nd Ave Unit#215J","Manor Grove Village Four Manor Grove Village Four","","$300,000","$275,500","2","2","0","1,180","Condo","1973","0","","No","",""
"3501","F10462840","CS","3370","2450 NE 15th Ave Unit#204","Olivewood Olivewood","","$300,000","$280,000","2","2","0","950","Condo","1981","0","","No","",""
"3501","F10424022","CS","3370","200 NE 19th Ct Unit#110M","Manor Grove Village Four Manor Grove Village Four","","$300,000","$270,000","2","2","0","1,180","Condo","1973","0","","No","",""
"3501","F10473555","CS","3400","1511 NW 12th St","LAUDERDALE MANOR ","","$300,000","$300,000","3","1","0","1,221","Single","1952","0","No","No","","7,892"
"3501","F10508613","CS","3700","533 NE 3rd Ave Unit#434","Sole at Fort Lauderdale Sole at Fort Lauderdale","","$300,000","$295,000","1","1","0","960","Condo","2005","1","","No","",""
"3501","F10477728","CS","3700","533 NE 3rd Ave Unit#226","Sole at Fort Lauderdale Sole at Fort Lauderdale","","$300,000","$295,000","1","1","0","958","Condo","2005","0","","No","",""
"3501","R11034500","CS","3700","533 NE 3rd Avenue Unit#440","SOLE AT FORT LAUDERDALE CO ","","$300,000","$295,000","1","1","0","760","Condo","2005","1","No","No","High Rise",""
"3501","R11058067","CS","3800","520 SE 5th Avenue Unit#2204","LAS OLAS BY THE RIVER CON ","","$300,000","$290,000","2","2","0","1,083","Condo","2001","2","No","No","",""
"3501","A11963126","CS","3460","844 NW 15th Ave","LINCOLN PARK THIRD ADD ","","$299,999","$300,000","2","1","0","¤625","Single","1953","0","No","No","Attached","¤5,000"
"3501","F10464040","CS","3460","1604 NW 7th Pl","Lincoln Park 1st Add ","","$299,990","$299,900","2","1","0","625","Single","1952","0","No","No","","3,745"
"3501","F10462729","CS","3460","736 NW 17th Ave","Lincoln Park First Add ","","$299,990","$300,000","2","1","0","625","Single","1953","0","No","No","","3,623"
"3501","A11703926","CS","3160","3000 Riomar St Unit#410","LEISURE HOUSE CONDO LEISURE HOUSE","","$299,900","$283,000","1","1","0","¤640","Condo","1969","0","","No","",""
"3501","A11713524","CS","3260","2900 NE 30th St Unit#G5","LAUDERDALE TOWER CONDO LAUDERDALE TOWER CONDO","","$299,900","$270,000","2","2","0","¤1,040","Condo","1964","1","","Yes","",""
"3501","F10477318","CS","3260","1308 Bayview Dr Unit#1C","HAMPTON EAST CONDO HAMPTON EAST CONDO","","$299,900","$280,000","2","2","0","815","Condo","1983","0","","Yes","",""
"3501","F10506413","CS","3270","151 NE 16th Ave Unit#269","PINE CREST VILLAGE 11 PINE CREST VILLAGE 11","","$299,900","$295,000","1","1","0","625","Condo","1970","0","","No","",""
"3501","B26018669","CS","3370","3004 NE 5th Terrace Unit#101-c","RIVER MANOR CONDO ","","$299,900","$295,000","2","2","0","1,000","Condo","1973","","No","Yes","Garden Apartment","0"
"3501","R10982714","CS","3390","1127 NW 7th Avenue","PROGRESSO ","","$299,900","$300,000","2","1","0","1,020","Single","1958","0","No","No","","6,748"
"3501","F10442978","CS","3460","1527 NW 14th St","Lauderdale Manors Amd ","","$299,900","$315,000","2","1","0","720","Single","1952","0","No","No","","8,050"
"3501","F10475648","CS","3470","1301 River Reach Dr Unit#506","River Reach Condominium River Reach Condominium","","$299,900","$245,000","1","1","1","900","Condo","1974","0","","Yes","",""
"3501","F10436229","CS","3700","533 NE 3rd Ave Unit#246","Solé at Fort Lauderdale Solé at Fort Lauderdale","","$299,900","$297,000","1","1","0","667","Condo","2005","1","","No","",""
"3501","B26018903","CS","3160","524 Orton Avenue Unit#403","BRITANNIA CONDO ","","$299,777","$261,000","2","2","0","999","Condo","1964","","Yes","No","Substantially Remodeled","0"
"3501","F10431745","CS","3270","611 NE 14th Ave Unit#106","Park Court Condo Park Court Condo","","$299,500","$292,500","2","2","0","820","Condo","1973","0","","No","",""
"3501","F10543364","CS","3160","3015 N Ocean Boulevard Unit#19E","BERKLEY SOUTH BERKLEY SOUTH","","$299,000","$265,000","1","1","1","935","Condo","1974","1","","No","",""
"3501","A11871048","CS","3160","3015 N Ocean Blvd Unit#5B","BERKLEY SOUTH CONDO BERKLEY SOUTH CONDO","","$299,000","$285,000","2","2","0","¤1,144","Condo","1974","1","","No","",""
"3501","A11814694","CS","3160","2200 NE 33rd Ave Unit#4C","WHITE EGRET CONDO White Egret","","$299,000","$285,000","1","1","1","¤1,103","Condo","1971","1","","No","",""
"3501","A11639980","CS","3160","3020 NE 32nd Ave Unit#721","TIDES AT BRIDGESIDE SQUAR TIDES AT BRIDGESIDE SQUAR","","$299,000","$255,000","1","1","0","¤720","Condo","2002","1","","No","",""
"3501","A11535134","CS","3160","3105 NE 28th St Unit#1B","J-MAR CONDO J-Mar Condominium","","$299,000","$285,000","2","2","0","¤854","Condo","1974","0","","Yes","",""
"3501","R11156632","CS","3260","815 Middle River Drive Unit#114","MIDDLE RIVER VILLAS CONDO ","","$299,000","$275,000","1","1","0","450","Condo","1980","0","No","Yes","Garden Apartment","42,000"
"3501","F10521309","CS","3260","888 Intracoastal Dr Unit#4E","Sunrise Tower Sunrise Tower","","$299,000","$275,000","1","1","1","955","Condo","1963","1","","Yes","",""
"3501","F10498836","CS","3260","1160 N Federal Hwy Unit#1218","East Point Towers East Point Towers","","$299,000","$290,000","1","1","1","1,138","Condo","1978","0","","Yes","",""
"3501","F10483859","CS","3260","1170 N Federal Hwy Unit#907","East Point Towers East Point Towers","","$299,000","$279,000","1","1","1","1,138","Condo","1973","2","","Yes","",""
"3501","F10443828","CS","3260","2720 Yacht Club Blvd Unit#8B","Coral Cove Coral Cove","","$299,000","$265,000","1","1","0","670","Co-Op","1955","0","","Yes","",""
"3501","A11545286","CS","3260","888 Intracoastal Dr Unit#15E","SUNRISE TOWER CONDO SUNRISE TOWER CONDO","","$299,000","$285,000","1","1","1","¤955","Condo","1963","0","","Yes","",""
"3501","F10422385","CS","3260","1170 N Federal Hwy Unit#1203","EAST POINT TOWERS EAST POINT TOWERS","","$299,000","$260,000","1","1","0","896","Condo","1973","0","","Yes","",""
"3501","F10421889","CS","3260","2700 Yacht Club Blvd Unit#7C","CORAL COVE ASSOC CO-OP CORAL COVE ASSOC CO-OP","","$299,000","$284,610","2","2","0","950","Co-Op","1955","0","","Yes","",""
"3501","F10446771","CS","3270","615 NE 12th Ave Unit#307","LaCancha LaCancha","","$299,000","$220,000","2","2","0","1,020","Condo","1974","0","","No","",""
"3501","F10493411","CS","3280","1790 E Las Olas Blvd Unit#31","Mayfair Arms Mayfair Arms","","$299,000","$299,000","2","2","0","1,150","Co-Op","1959","0","","Yes","",""
"3501","F10474941","CS","3280","1790 E Las Olas Blvd Unit#33","Mayfair Arms Mayfair Arms","","$299,000","$299,000","2","2","0","1,150","Co-Op","1959","0","","Yes","",""
"3501","A11851841","CS","3370","3004 NE 5th Ter Unit#106-C","RIVER MANOR CONDO River Manor","","$299,000","$290,000","2","2","0","¤1,000","Condo","1973","0","","Yes","",""
"3501","F10511175","CS","3370","533 NE 15th St","Norfolk Gardens ","","$299,000","$250,000","1","1","0","551","Single","1935","0","No","No","","3,002"
"3501","F10474356","CS","3370","3000 NE 5th Ter Unit##315-A","River Manor River Manor","","$299,000","$275,000","2","2","0","1,000","Condo","1973","0","","No","",""
"3501","F10455181","CS","3370","1800 Andrews Ave Unit#6B","Drake Tower condo Drake Tower condo","","$299,000","$270,000","1","1","1","775","Condo","1975","0","","No","",""
"3501","F10462323","CS","3380","1320 NE 18th St Unit#2","Poinsettia Landings Poinsettia Landings","","$299,000","$285,000","2","1","0","725","Villa","1971","0","","No","",""
"3501","F10429105","CS","3380","1455 Holly Heights Dr Unit#4","Fushion Gardens Fushion Gardens","","$299,000","$265,000","2","2","0","1,012","Townhouse","1987","0","","No","",""
"3501","B26014133","CS","3390","620 Tennis Club Drive Unit#111","TENNIS CLUB TILDEN CONDO ","","$299,000","$295,000","3","2","1","1,496","Condo","1972","","No","No","Old Spanish","0"
"3501","F10461796","CS","3390","1785 N Andrews Sq Unit#209E","Hidden Harbor Hidden Harbor","","$299,000","$270,000","2","2","0","975","Condo","1972","0","","Yes","",""
"3501","B26001423","CS","3460","726 NW 15th Terrace","CARVER PARK ","","$299,000","$297,000","3","1","0","992","Single","1949","","No","No","","5,625"
"3501","F10521278","CS","3460","720 NW 15th Ter","Carver Park 19-21 B ","","$299,000","$293,000","3","2","0","1,030","Single","2003","0","No","No","","5,625"
"3501","A11856867","CS","3470","1101 River Reach Dr Unit#102","RIVER REACH CONDOMINIUM I River Reach","","$299,000","$305,000","2","2","0","¤1,250","Condo","1982","0","","Yes","",""
"3501","F10453733","CS","3470","1347 SW 3rd Ct Unit#1347","The Village At Sailboat B The Village At Sailboat B","","$299,000","$285,000","1","1","0","856","Condo","2005","0","","No","",""
"3501","A11844839","CS","3700","533 NE 3rd Ave Unit#311","SOLE AT FORT LAUDERDALE C SOLE AT FORT LAUDERDALE","","$299,000","$270,000","2","2","0","¤1,064","Condo","2005","1","","No","",""
"3501","A11830949","CS","3800","520 SE 5th Ave Unit#1707","LAS OLAS BY THE RIVER CON LAS OLAS BY THE RIVER","","$299,000","$250,000","1","1","0","¤816","Condo","2001","1","","No","",""
"3501","F10498596","CS","3160","2841 N Ocean Blvd Unit#408","Vantage View Vantage View","","$298,000","$297,000","2","2","0","1,100","Condo","1976","1","","No","",""
"3501","A11663579","CS","3250","815 Middle River Dr Unit#317","MIDDLE RIVER VILLAS CONDO MIDDLE RIVER VILLAS","","$298,000","$285,000","1","1","0","¤560","Condo","1980","0","","Yes","",""
"3501","F10544980","CS","3260","888 Intracoastal Drive Unit#6f","Sunrise Tower Sunrise Tower","","$298,000","$280,000","1","1","1","955","Condo","1963","","","Yes","","0"
"3501","F10472909","CS","3260","1160 N Federal Hwy Unit#423","East Point Towers Condo East Point Towers Condo","","$298,000","$255,000","2","2","0","1,491","Condo","1973","1","","Yes","",""
"3501","F10539080","CS","3370","3050 NE 16 Ave Unit#201","River Terrace River Terrace","","$298,000","$275,000","2","2","0","912","Condo","1989","0","","No","",""
"3501","F10445370","CS","3260","2900 NE 30th St Unit#8F","Lauderdale Tower Lauderdale Tower","","$297,000","$275,000","1","1","0","730","Condo","1964","0","","Yes","",""
"3501","R11040989","CS","3700","533 NE 3rd Avenue Unit#436","SOLE AT FORT LAUDERDALE C ","","$297,000","$297,000","1","1","0","667","Condo","2005","0","No","No","",""
"3501","F10530565","CS","3160","2300 NE 33rd Ave Unit#403","Everglades Club Everglades Club","","$295,000","$250,000","2","2","0","1,350","Condo","1986","1","","No","",""
"3501","A11656918","CS","3260","888 Intracoastal Dr Unit#12F","SUNRISE TOWER CONDO Sunrise Tower","","$295,000","$263,000","1","1","1","¤955","Condo","1963","0","","Yes","",""
"3501","A11639590","CS","3260","1170 N Federal Hwy Unit#1011","EAST POINT TOWERS CONDO East Point Towers","","$295,000","$287,000","2","2","0","¤1,491","Condo","1973","1","","Yes","",""
"3501","F10546093","CS","3270","575 NE 7th Ave Unit#4B","7 EAST TOWNHOMES 7 EAST TOWNHOMES","","$295,000","$275,000","2","2","1","980","Townhouse","1982","0","","No","",""
"3501","R10973617","CS","3270","917 NE 16th Avenue Unit#15","CROSSROADS CONDO ","","$295,000","$285,000","2","2","0","960","Condo","1977","0","No","No","",""
"3501","B26014794","CS","3370","2607 NE 8th Avenue Unit#53","WILTON VILLAGE CONDO ","","$295,000","$277,500","2","1","0","806","Condo","1975","","No","No","","0"
"3501","F10494624","CS","3370","3004 NE 5th Terrace Unit#208-c","River Manor Condo River Manor Condo","","$295,000","$287,000","2","2","0","1,000","Condo","1973","","","Yes","","0"
"3501","F10488231","CS","3390","1785 N Andrews Sq Unit#104E","Hidden Harbour Hidden Harbour","","$295,000","$280,000","2","2","0","975","Condo","1972","0","","Yes","",""
"3501","F10556880","CS","3470","1000 River Reach Drive Unit#302","River Reach Condominium River Reach Condominium","","$295,000","$276,000","2","1","1","1,110","Condo","1971","0","","Yes","",""
"3501","A11886811","CS","3470","1101 River Reach Dr Unit#511","RIVER REACH CONDOMINIUM I River Reach","","$295,000","$215,000","2","2","0","¤1,110","Condo","1982","0","","Yes","",""
"3501","R11114765","CS","3600","1777 SE 15th Street Unit#206","CROMWELL EAST CONDO ","","$295,000","$348,750","2","1","1","840","Condo","1974","0","No","Yes","High Rise",""
"3501","A11591306","CS","3600","2107 SE 10th AVE Unit#815","Village East VILLAGE EAST","","$295,000","$275,000","1","1","0","¤878","Condo","2002","1","","No","",""
"3501","F10437826","CS","3160","550 Bayshore Dr Unit#312","Bayshore Embassy Condo Bayshore Embassy Condo","","$294,000","$255,000","1","1","0","680","Condo","1970","0","","No","",""
"3501","F10451362","CS","3160","3250 NE 28th St Unit#406","LE CERCLE LE CERCLE","","$292,500","$293,000","2","1","0","760","Condo","1966","0","","No","",""
"3501","F10532760","CS","3160","625 Orton Avenue Unit#16","Beach Breeze Beach Breeze","","$290,000","$235,000","2","1","0","882","Co-Op","1956","0","","No","",""
"3501","F10462742","CS","3160","3250 NE 28th St Unit#408","LE CERCLE  BY THE BEACH LE CERCLE  BY THE BEACH","","$290,000","$268,000","2","1","0","760","Condo","1966","1","","No","",""
"3501","F10427975","CS","3260","888 Intracoastal Dr Unit#10F","SUNRISE TOWER SUNRISE TOWER","","$290,000","$270,000","1","1","1","955","Condo","1963","0","","Yes","",""
"3501","F10418306","CS","3370","3002 NE 5th Ter Unit#316B","RIVER MANOR CONDO RIVER MANOR CONDO","","$290,000","$290,000","2","2","0","1,000","Condo","1973","0","","No","",""
"3501","F10447968","CS","3470","343 SW 13th Ter Unit#343","Village at Sailboat Bend Village at Sailboat Bend","","$290,000","$265,000","1","1","0","856","Condo","2005","0","","No","",""
"3501","A11739794","CS","3800","520 SE 5th Ave Unit#2210","LAS OLAS BY THE RIVER CON LAS OLAS BY THE RIVER","","$290,000","$275,000","2","2","0","¤1,083","Condo","2001","1","","No","",""
"3501","F10484863","CS","3370","2914 NE 8th Ter Unit#202","Middle River Terrace Middle River Terrace","","$289,900","$255,000","2","2","0","761","Condo","1986","0","","Yes","",""
"3501","F10436137","CS","3370","2907 NE 8th Terrace Unit#105","Middle River Homes Condo Middle River Homes Condo","","$289,900","$283,500","2","2","0","761","Condo","1986","0","","No","",""
"3501","R11077022","CS","3400","424 NW 15th Avenue","FIRST ADD TO TUSKEGEE PARK ","","$289,900","$289,900","2","1","0","744","Single","1946","0","No","No","Ranch","5,650"
"3501","F10470688","CS","3400","1713 NW 14th Ct","Lauderdale Manors Amd ","","$289,900","$250,000","3","1","0","936","Single","1952","0","No","No","","11,087"
"3501","R11014385","CS","3460","1659 NW 15th Terrace","LAUDERDALE MANORS AMEN RES ","","$289,900","$250,000","2","1","0","977","Single","1957","0","No","No","","7,320"
"3501","F10473289","CS","3470","1000 River Reach Dr Unit#207","River Reach River Reach","","$289,900","$240,000","2","1","1","1,110","Condo","1971","0","","Yes","",""
"3501","F10459124","CS","3160","3250 NE 28th St Unit#111","Le Cercle By the Beach Le Cercle By the Beach","","$289,500","$270,000","2","1","0","760","Condo","1966","0","","No","",""
"3501","A11974885","CS","3260","815 Middle River Dr Unit#218","MIDDLE RIVER VILLAS CONDO MIDDLE RIVER VILLAS","","$289,000","$280,000","1","1","0","¤560","Condo","1964","1","","Yes","",""
"3501","F10457160","CS","3370","1330 Holly Heights Dr Unit#5","Asoka Asoka","","$289,000","$268,200","2","2","0","713","Condo","1968","0","","No","",""
"3501","F10476114","CS","3800","520 SE 5th Ave Unit#3204","LAS OLAS BY THE RIVER LAS OLAS BY THE RIVER","","$289,000","$281,000","1","1","0","786","Condo","2001","1","","No","",""
"3501","F10480451","CS","3390","1785 N Andrews Sq Unit#301E","HIDDEN HARBOR HIDDEN HARBOR","","$287,500","$275,000","2","2","0","975","Condo","1972","0","","Yes","",""
"3501","F10465370","CS","3390","660 Tennis Club Dr Unit#401","Tennis Club Tennis Club","","$287,000","$280,000","4","3","1","1,920","Condo","1973","0","","No","",""
"3501","F10493278","CS","3160","505 N Ft Lauderdale Bch Boulevard Unit#2006","Q Club Resort & Residence Q Club Resort & Residence","","$285,000","$265,000","1","1","1","906","Condo","2006","0","","Yes","",""
"3501","F10485599","CS","3160","1200 N Fort Lauderdale Beach Blvd Unit#302","1200 Club 1200 Club","","$285,000","$265,000","1","1","0","702","Condo","1956","0","","Yes","",""
"3501","A11629529","CS","3160","505 N Fort Lauderdale Beach Blvd Unit#1107","Q CLUB RESORT Q CLUB RESORT","","$285,000","$275,000","1","1","0","¤584","Condo","2006","1","","No","",""
"3501","F10444790","CS","3160","3015 N Ocean Blvd Unit#2N","Berkley South Berkley South","","$285,000","$241,500","1","1","1","946","Condo","1974","1","","No","",""
"3501","F10552792","CS","3260","2555 NE 11th Street Unit#PH1","Horizon House Horizon House","","$285,000","$265,000","1","1","0","976","Condo","1980","0","","No","",""
"3501","F10526235","CS","3280","180 Isle Of Venice Drive Unit#432","The Oasis-Nurmi Isle The Oasis-Nurmi Isle","","$285,000","$273,500","1","1","0","760","Co-Op","1959","","","Yes","",""
"3501","B26020148","CS","3370","1951 NE 2nd Avenue Unit#104i","MANOR GROVE VILLAGE FOUR C ","","$285,000","$275,000","2","2","0","1,200","Condo","1973","","No","No","","0"
"3501","F10456158","CS","3370","3000 NE 5th Ter Unit#210A","RIVER MANOR RIVER MANOR","","$285,000","$290,000","2","2","0","1,000","Condo","1973","0","","No","",""
"3501","F10552349","CS","3480","1200 SW 12th Street Unit#301","Rio Nuevo Rio Nuevo","","$285,000","$265,000","2","2","0","1,020","Condo","1968","0","","Yes","",""
"3501","F10488630","CS","3570","900 River Reach Dr Unit#414","River Reach River Reach","","$285,000","$263,000","1","1","0","784","Condo","1971","0","","Yes","",""
"3501","A11992491","CS","3600","1731 SE 15th St Unit#402","CROMWELL WEST CONDO Cromwell West","","$285,000","$250,000","2","1","1","¤814","Condo","1973","0","","Yes","",""
"3501","A11636723","CS","3600","1050 SE 15th St Unit#203","Mark 1 Condo Mark 1 Condo","","$285,000","$260,000","2","2","0","¤830","Condo","1972","0","","No","",""
"3501","A11916910","CS","3700","533 NE 3rd Ave Unit#536","SOLE AT FORT LAUDERDALE C SOLE AT FORT LAUDERDALE","","$285,000","$285,000","1","1","0","¤667","Condo","2005","1","","No","",""
"3501","F10516895","CS","3700","533 NE 3RD AVE Unit#328","Solé at Fort Lauderdale Solé at Fort Lauderdale","","$285,000","$277,500","1","1","0","735","Condo","2005","1","","No","",""
"3501","A11719281","CS","3700","533 NE 3rd Ave Unit#230","SOLE AT FORT LAUDERDALE C SOLE AT FORT LAUDERDALE C","","$285,000","$280,000","1","1","0","¤760","Condo","2005","1","","No","",""
"3501","R11042472","CS","3700","533 NE 3rd Avenue Unit#313","SOLE AT FORT LAUDERDALE C ","","$285,000","$285,000","1","1","0","780","Condo","2005","1","No","No","High Rise","5,807"
"3501","A11854239","CS","3160","3250 NE 28th St Unit#507","LE CERCLE BY THE BEACH CO LE CERCLE BY THE BEACH CO","","$284,500","$265,500","2","1","0","¤760","Condo","1966","1","","No","",""
"3501","F10443231","CS","3170","1900 S Ocean Dr Unit#509","BREAKWATER TOWERS BREAKWATER TOWERS","","$284,500","$255,000","1","1","0","805","Co-Op","1962","0","","No","",""
"3501","F10469478","CS","3370","3000 NE 5th Ter Unit#108-A","River Manor River Manor","","$284,000","$270,111","2","2","0","1,000","Condo","1973","0","","Yes","",""
"3501","F10532753","CS","3700","533 NE 3rd Avenue Unit#221","Sole at Fort Lauderdale Sole at Fort Lauderdale","","$284,000","$270,250","1","1","0","960","Condo","2005","1","","No","","0"
"3501","R11079919","CS","3170","1850 S Ocean Drive Unit#318","LAKE MAYAN APTS CO-OP ","","$280,000","$265,000","2","1","0","760","Co-Op","1963","1","Yes","Yes","",""
"3501","F10481674","CS","3370","200 NE 19th Ct Unit#206-M","MANOR GROVE VILLAGE FOUR MANOR GROVE VILLAGE FOUR","","$280,000","$280,000","2","2","0","1,180","Condo","1973","0","","No","",""
"3501","A11803601","CS","3600","1625 SE 10th Ave Unit#607","RUNAWAY BAY CONDO RUNAWAY BAY","","$280,000","$280,000","2","2","0","¤1,020","Condo","1975","2","","Yes","",""
"3501","A11761197","CS","3800","520 SE 5th Ave Unit#1507","LAS OLAS BY THE RIVER CON LAS OLAS BY THE RIVER","","$279,999","$240,000","1","1","0","¤816","Condo","2001","1","","No","",""
"3501","F10421123","CS","3460","949 NW 16th Ter","Lincoln Park Fifth Add ","","$279,990","$279,990","2","1","0","828","Single","1950","0","No","No","","5,250"
"3501","A11822754","CS","3280","2015 SE 10th Ave Unit#123","VILLAGE EAST CONDO VILLAGE EAST CONDO","","$279,900","$285,000","1","1","0","¤794","Condo","2001","0","","No","",""
"3501","A11818802","CS","3470","1301 River Reach Dr Unit#110","RIVER REACH CONDOMINIUM V River reach","","$279,900","$245,000","2","2","0","¤1,110","Condo","1975","0","","Yes","",""
"3501","A11814994","CS","3160","3015 N Ocean Blvd Unit#7D","BERKLEY SOUTH CONDO The Berkley South","","$279,000","$279,000","1","1","1","¤995","Condo","1974","0","","No","",""
"3501","F10448187","CS","3260","815 Middle River Dr Unit#318","Middle River Villas Middle River Villas","","$279,000","$260,000","1","1","0","560","Condo","1979","0","","Yes","",""
"3501","F10463482","CS","3270","615 NE 12th Ave Unit#412","LaCancha LaCancha","","$279,000","$260,000","1","1","0","720","Condo","1974","0","","No","",""
"3501","F10453213","CS","3370","2124 NE 5th Ave Unit#110","Marvilla Condominium Marvilla Condominium","","$279,000","$267,500","1","1","0","549","Condo","1963","0","","No","",""
"4001","F10483364","CS","3390","1785 N Andrews Sq Unit#201","HIDDEN HARBOR HIDDEN HARBOR","","$279,000","$264,500","2","2","0","975","Condo","1972","0","","Yes","",""
"4001","A11567303","CS","3600","1731 SE 15th St Unit#415","CROMWELL WEST CONDO Cromwell West","","$279,000","$270,000","2","1","1","¤814","Condo","1973","0","","Yes","",""
"4001","F10424401","CS","3160","720 Orton Ave Unit#403","Leisure Sands Condo Leisure Sands Condo","","$277,500","$261,000","1","1","0","690","Condo","1970","0","","No","",""
"4001","F10482088","CS","3700","533 NE 3rd Ave Unit#419","Solé at Fort Lauderdale Solé at Fort Lauderdale","","$277,500","$260,000","1","1","0","667","Condo","2005","1","","No","",""
"4001","F10474745","CS","3160","505 N Fort Lauderdale Beach Blvd Unit#705","Q CLUB Q CLUB","","$277,000","$212,500","1","1","1","906","Condo","2006","0","","Yes","",""
"4001","F10527171","CS","","1000 SE 4th Street Unit#311","RIVERVIEW GARDEN APARTMENT Riverview Garden Condo","","$275,000","$270,000","1","1","0","620","Condo","1956","","No","No","","0"
"4001","F10555852","CS","3160","505 N Fort Lauderdale Beach Boulevard Unit#1909","Q CLUB RESORT & RESIDENCES Q CLUB RESORT & RESIDENCE","","$275,000","$237,500","1","1","0","584","Condo","2006","","No","Yes","","0"
"4001","F10487058","CS","3160","505 N Fort Lauderdale Beach Blvd Unit#1114","Q Club Resort & Residence Q Club Resort & Residence","","$275,000","$274,000","1","1","0","662","Condo","2007","0","","Yes","",""
"4001","A11756643","CS","3170","1900 S Ocean Dr Unit#1205","BREAKWATER TOWERS CO-OP BREAKWATER TOWERS","","$275,000","$272,750","1","1","0","¤805","Co-Op","1962","0","","No","",""
"4001","F10467808","CS","3170","1900 S Ocean Dr Unit#1106","Breakwater Towers Breakwater Towers","","$275,000","$250,000","1","1","0","750","Co-Op","1962","0","","No","",""
"4001","F10453834","CS","3170","2430 SE 17 Street Unit#G","LA MARIETTA LA MARIETTA","","$275,000","$250,000","2","2","0","1,170","Co-Op","1962","0","","No","",""
"4001","B26002059","CS","3260","888 Intracoastal Drive Unit#3d","SUNRISE TOWER CONDO ","","$275,000","$250,000","1","1","1","923","Condo","1970","","No","Yes","","0"
"4001","F10488481","CS","3260","2701 Middle River Dr Unit#10","Park Ridge North Park Ridge North","","$275,000","$220,000","2","2","0","1,000","Condo","1965","1","","No","",""
"4001","F10460752","CS","3260","888 Intracoastal Unit#16E","Sunrise Tower Sunrise Tower","","$275,000","$275,000","1","1","1","955","Condo","1972","0","","Yes","",""
"4001","F10433800","CS","3260","2701 Middle River Dr Unit#10","Park Ridge North Park Ridge North","","$275,000","$270,000","2","2","0","1,000","Condo","1965","0","","No","",""
"4001","F10415832","CS","3260","888 Intracoastal Dr Unit#9F","Sunrise Tower Sunrise Tower","","$275,000","$245,000","1","1","1","955","Condo","1963","0","","No","",""
"4001","F10447233","CS","3270","1900 NE 8th Ct Unit#201","Gateway Arms Gateway Arms","","$275,000","$252,500","2","2","0","800","Condo","1966","0","","No","",""
"4001","A11669196","CS","3280","1000 SE 4th St Unit#103","Riverview Garden Condos Riverview Garden Condos","","$275,000","$245,000","1","1","0","¤620","Condo","1959","0","","Yes","",""
"4001","A11698712","CS","3370","2660 NE 8th Ave Unit#306","GROVE AT WILTON MANORS CO Grove at Wilton Manors Co","","$275,000","$268,000","2","1","0","¤619","Condo","1970","0","","No","",""
"4001","R11146715","CS","3380","1455 Holly Heights Drive Unit#22","FUSION GARDENS ","","$275,000","$270,000","2","2","0","1,012","Townhouse","2006","0","No","No","Garden Apartment",""
"4001","A11526921","CS","3390","630 Tennis Club Dr Unit#201","TENNIS CLUB OUTERBRIDGE OUTERBRIDGE","","$275,000","$263,000","2","2","0","¤960","Condo","1972","0","","Yes","",""
"4001","F10499654","CS","3400","1109 NW 15th Ave","Lauderdale Manor 25-12 B ","","$275,000","$156,750","3","2","0","1,152","Single","1950","0","No","No","","8,420"
"4001","F10508072","CS","3460","729 NW 17th Ave","Durrs ","","$275,000","$275,000","2","1","0","709","Single","1953","0","No","No","",""
"4001","R11127243","CS","3480","1200 SW 12th Street Unit#308","RIO NUEVO D CONDO ","","$275,000","$260,000","2","2","0","1,020","Condo","1968","0","No","Yes","","365"
"4001","R11085294","CS","3600","1777 SE 15 Street Unit#304","CROMWELL EAST ","","$275,000","$270,000","1","1","0","724","Condo","1974","0","No","Yes","High Rise",""
"4001","F10536639","CS","3700","533 NE 3rd Avenue Unit#243","Sole Sole","","$275,000","$250,000","2","2","0","1,129","Condo","2005","1","","No","",""
"4001","F10533253","CS","3370","3050 NE 16th Avenue Unit#202","RIVER TERRACE RIVER TERRACE","","$274,900","$273,000","2","2","0","912","Condo","1972","0","","Yes","",""
"4001","F10527412","CS","3370","3050 NE 16th Avenue Unit#107","River Terrace River Terrace","","$274,900","$260,000","2","2","0","912","Condo","1972","0","","No","",""
"4001","F10481122","CS","3400","1112 NW 15th Ave","Lauderdale Manors Add 30- ","","$274,900","$260,000","2","1","0","720","Single","1953","0","No","No","","6,300"
"4001","A11772606","CS","3270","1515 E Broward Blvd Unit#309","PINE CREST VILLAGE I AT PINE CREST VILLAGE","","$274,500","$265,000","1","1","0","¤660","Condo","1966","1","","No","",""
"4001","B26014401","CS","3160","3105 NE 28th Street Unit#2b","J-MAR CONDO ","","$270,000","$267,500","2","2","0","870","Condo","1974","","No","Yes","","0"
"4001","F10469197","CS","3160","3250 NE 28th St Unit#311","LE CERCLE LE CERCLE","","$270,000","$255,000","2","1","0","760","Condo","1966","0","","No","",""
"4001","A11936082","CS","3380","1455 Holly Heights Dr Unit#42","FUSION GARDENS CONDO Fusion Gardens","","$270,000","$253,000","2","2","0","¤1,012","Condo","2006","0","","No","",""
"4001","F10442773","CS","3390","640 Tennis Club Dr Unit#307","Tennis Club Tennis Club","","$270,000","$245,000","2","1","1","1,160","Condo","1973","0","","Yes","",""
"4001","A11717442","CS","3700","533 NE 3rd Ave Unit#446","SOLE AT FORT LAUDERDALE C SOLE CONDOMINIUM","","$270,000","$261,000","1","1","0","¤667","Condo","2005","1","","No","",""
"4001","F10429955","CS","3260","888 Intracoastal Dr Unit#14D","Sunrise Tower Sunrise Tower","","$269,999","$227,000","1","1","1","923","Condo","1963","0","","Yes","",""
"4001","F10473746","CS","3390","670 Tennis Club Drive Unit#104","Tennis Club Tennis Club","","$269,999","$265,000","2","1","1","1,168","Condo","1975","0","","No","",""
"4001","F10459534","CS","3260","1170 N Federal Hwy Unit#208","EAST POINT TOWERS CONDO EAST POINT TOWERS CONDO","","$269,900","$255,000","1","1","1","1,138","Condo","1973","0","","Yes","",""
"4001","F10535293","CS","3370","79 NE 20th Ct","Manor Grove Townhomes Manor Grove Townhomes","","$269,900","$262,000","2","1","1","1,180","Townhouse","1972","0","","No","",""
"4001","A11664986","CS","3370","1800 N Andrews Ave Unit#4K","DRAKE TOWER CONDO Drake Tower Condominium","","$269,900","$260,000","1","1","1","¤775","Condo","1975","0","","No","",""
"4001","A11878769","CS","3400","1031 NW 13th St","LAUDERDALE MANORS ADD ","","$269,900","$270,000","3","1","0","¤1,336","Single","1952","0","No","No","Attached","¤7,633"
"4001","R11163463","CS","3370","1951 NE 2nd Avenue Unit#101i","Manor Grove Village ","","$269,500","$255,000","2","2","0","1,200","Condo","1974","","No","No","Garden Apartment","0"
"4001","A11952024","CS","3170","2900 Banyan St Unit#207","LEISURE BEACH SOUTH CONDO LEISURE BEACH SOUTH","","$269,000","$270,000","1","1","0","¤690","Condo","1971","0","","No","",""
"4001","F10550909","CS","3260","1170 N Federal Highway Unit#708","EAST POINT TOWERS EAST POINT TOWERS","","$269,000","$255,000","1","1","1","1,138","Condo","1973","66","","Yes","",""
"4001","B26014703","CS","3370","3000 NE 5th Terrace Unit#109-a","RIVER MANOR CONDO ","","$269,000","$265,000","2","2","0","1,000","Condo","1973","","No","Yes","Garden Apartment","0"
"4001","A11716382","CS","3470","1344 SW 2nd Ct Unit#1344","VILLAGE AT SAILBOAT BEND VILLAGE AT SAILBOAT BEND","","$269,000","$252,000","1","1","0","¤762","Condo","2005","0","","No","",""
"4001","F10516808","CS","3700","533 NE 3rd Avenue Unit#132","Sole at Fort Lauderdale Sole at Fort Lauderdale","","$269,000","$250,000","1","1","0","760","Condo","2005","0","","No","",""
"4001","F10425809","CS","3260","2740 Yacht Club Blvd Unit#9C","Coral Cove Coral Cove","","$268,500","$255,000","1","1","0","670","Co-Op","1955","0","","Yes","",""
"4001","F10466279","CS","3380","1460 NE 18th St Unit#112","Poinsettia Landings Poinsettia Landings","","$268,000","$254,600","2","1","0","725","Condo","1972","0","","No","",""
"4001","F10463908","CS","3370","2660 NE 8th Ave Unit#118","The Grove at Wilton Manor The Grove at Wilton Manor","","$265,500","$263,500","2","1","0","614","Condo","1970","0","","No","",""
"4001","B26016162","CS","","1000 SE 4th Street Unit#224","RIVERVIEW GARDEN APARTMENT ","","$265,000","$250,000","2","2","0","850","Condo","1956","","No","Yes","","0"
"4001","A11807617","CS","3160","2404 NE 33rd Ave Unit#14","CYPRESS ARMS CONDO Cypress Arms Condo","","$265,000","$250,000","1","1","0","¤600","Condo","1972","1","","No","",""
"4001","F10491989","CS","3160","3015 N OCEAN BLVD Unit#12D","BERKLEY SOUTH BERKLEY SOUTH","","$265,000","$256,100","1","1","1","995","Condo","1974","1","","No","",""
"4001","B26028322","CS","3260","2900 NE 30th Street Unit#A9","LAUDERDALE TOWER CONDO ","","$265,000","$275,000","1","1","0","730","Condo","1964","","No","No","Substantially Remodeled","0"
"4001","A11929409","CS","3370","1930 NE 2nd Ave Unit#206L","MANOR GROVE VILLAGE FOUR MANOR GROVE VILLAGE FOUR","","$265,000","$255,000","2","2","0","¤1,200","Condo","1974","0","","No","",""
"4001","F10486717","CS","3370","200 NE 19th Ct Unit#108","MANOR GROVE VILLAGE CONDO MANOR GROVE VILLAGE CONDO","","$265,000","$260,000","1","1","1","850","Condo","1973","0","","No","",""
"4001","F10462369","CS","3370","2660 NE 8th Ave Unit#204","The Grove at Wilton Manor The Grove at Wilton Manor","","$265,000","$255,000","2","1","0","614","Condo","1969","0","","No","",""
"4001","F10449893","CS","3370","1816 E Oakland Park Blvd Unit#59","Three Rivers East Three Rivers East","","$265,000","$250,000","1","1","0","588","Condo","1966","0","","Yes","",""
"4001","F10436724","CS","3390","1750 NW 3rd Ter Unit#104C","Hidden Harbor Hidden Harbor","","$265,000","$260,000","2","2","0","975","Condo","1974","0","","Yes","",""
"4001","A11683680","CS","3460","630 NW 14th Way","LINCOLN PARK CORR PLAT ","","$265,000","$255,000","2","1","0","¤850","Single","1962","0","No","No","Detached","¤4,500"
"4001","A11803521","CS","3470","240 SW 14th Ave Unit#240","VILLAGE AT SAILBOAT BEND VILLAGE AT SAILBOAT BEND","","$265,000","$250,000","1","1","0","¤762","Condo","2005","0","","No","",""
"4001","A11653609","CS","3470","1308 SW 4th St Unit#1308","VILLAGE AT SAILBOAT BEND Village at Sailboat Bend","","$265,000","$255,000","1","1","0","¤762","Condo","2005","0","","No","",""
"4001","A11568547","CS","3600","1510 SE 15th St Unit#202","MARINA DEL MAR CONDO Marina del Mar","","$265,000","$254,000","1","1","0","¤670","Condo","1964","0","","Yes","",""
"4001","A11744368","CS","3150","200 S Birch Rd Unit#710","LEISURE BEACH CONDO Leisure Beach Condo","","$264,900","$250,000","1","1","0","¤647","Condo","1970","0","","Yes","",""
"4001","A11720622","CS","3400","1613 NW 12th St","LAUDERDALE MANOR ","","$264,900","$251,500","3","1","0","¤936","Single","1953","0","No","No","Detached","¤6,751"
"4001","A11579282","CS","3600","2015 SE 10th Ave Unit#116","VILLAGE EAST CONDO Village East","","$264,900","$260,000","1","1","0","¤794","Condo","2001","0","","No","",""
"4001","R11146215","CS","3700","533 NE 3rd Avenue Unit#540","SOLE AT FORT LAUDERDALE CO ","","$262,500","$250,000","1","1","0","760","Condo","2006","1","No","No","High Rise",""
"4001","F10359169","CS","3260","2670 E Sunrise Blvd Unit#1432","GALLERY ONE CONDO GALLERY ONE CONDO","","$260,000","$230,000","1","1","0","643","Condo","1986","0","","Yes","",""
"4001","A11722438","CS","3270","2340 NE 9th St Unit#307","PARK RIDGE EAST APTS COND PARK RIDGE EAST","","$260,000","$250,000","1","1","1","¤772","Condo","1967","0","","No","",""
"4001","F10497724","CS","3370","140 NE 19th Ct Unit#218E","Manor Grove Village Two Manor Grove Village Two","","$260,000","$260,000","2","2","0","1,180","Condo","1971","0","","No","",""
"4001","F10490101","CS","3370","124 NE 19th Ct Unit#102B","MANOR GROVE VILLAGE ONE MANOR GROVE VILLAGE ONE","","$260,000","$240,000","2","2","0","1,180","Condo","1970","0","","No","",""
"4001","A11639604","CS","3370","3004 NE 5th Ter Unit#315-C","RIVER MANOR CONDO RIVER MANOR","","$260,000","$255,000","2","2","0","¤1,000","Condo","1973","0","","No","",""
"4001","F10487091","CS","3390","1750 NW 3rd Ter Unit#105C","Hidden Harbor Hidden Harbor","","$260,000","$239,000","2","2","0","975","Condo","1974","0","","Yes","",""
"4001","F10478879","CS","3390","660 Tennis Club Dr Unit#407","LAUDERDALE TENNIS CLUB LAUDERDALE TENNIS CLUB","","$260,000","$245,000","2","2","0","1,008","Condo","1973","0","","No","",""
"4001","A11511982","CS","3460","816 NW 19th Ave","LAUDERDALE HOMESITES FIRS ","","$260,000","$251,000","2","1","","¤820","Single","1957","0","No","No","Detached","¤4,950"
"4001","R11068361","CS","3470","365 SW 13th Terrace Unit#365","VILLAGE AT SAILBOAT BEND ","","$260,000","$249,000","1","1","0","762","Condo","2005","0","No","No","Garden Apartment",""
"4001","F10517023","CS","3600","2015 SE 10th Ave Unit#106","VILLAGE EAST VILLAGE EAST","","$260,000","$244,000","1","1","0","794","Condo","2001","0","","No","",""
"4001","F10504865","CS","3600","1625 SE 10th Ave Unit#409","RUNAWAY BAY CONDO RUNAWAY BAY CONDO","","$260,000","$245,000","2","2","0","1,120","Condo","1975","1","","No","",""
"4001","F10456630","CS","3600","1531 SE 15th St Unit#5","Quarterdeck Quarterdeck","","$260,000","$260,000","2","2","1","1,080","Condo","1974","2","","Yes","",""
"4001","F10531582","CS","3700","533 NE 3rd Avenue Unit#141","Sole at Fort Lauderdale Sole at Fort Lauderdale","","$260,000","$257,800","1","1","0","760","Condo","2005","1","","No","",""
"4001","R11140786","CS","3170","200 S Birch Road Unit#802","LEISURE BEACH CONDO ","","$259,999","$230,000","1","1","0","647","Condo","1970","0","No","Yes","High Rise",""
"4001","F10439129","CS","3170","1900 S Ocean Dr Unit#210","Breakwater Towers Breakwater Towers","","$259,900","$240,000","1","1","0","805","Co-Op","1962","0","","No","",""
"4001","A11670554","CS","3250","815 Middle River Dr Unit#115","MIDDLE RIVER VILLAS CONDO Middle River Villas","","$259,900","$240,000","1","1","0","¤560","Condo","1964","0","","Yes","",""
"4001","F10425725","CS","3370","3050 NE 16th Ave Unit#204","RIVER TERRACE CONDO RIVER TERRACE CONDO","","$259,900","$255,000","2","2","0","1,133","Condo","1972","0","","Yes","",""
"4001","F10497183","CS","3380","1345 NE 17TH AVE Unit#1","POINSETTIA HEIGHTS PLACE POINSETTIA HEIGHTS PLACE","","$259,900","$275,000","2","1","0","800","Condo","1968","0","","No","",""
"4001","F10547955","CS","3470","1350 River Reach Drive Unit#501","River Reach Condominium River Reach Condominium","","$259,900","$235,000","1","1","1","900","Condo","1972","0","","Yes","",""
"4001","A11702137","CS","3480","1000 SW 12th St Unit#111","RIO NUEVO B CONDO Rio Nuevo","","$259,500","$245,000","1","1","0","¤845","Condo","1966","0","","Yes","",""
"4001","B26000994","CS","3260","2555 NE 11th Street Unit#202","HORIZON HOUSE CONDO ","","$259,000","$245,000","2","1","0","970","Condo","1965","","No","No","","0"
"4001","F10474366","CS","3270","1900 NE 8th Ct Unit#101","GATEWAY ARMS CONDO GATEWAY ARMS CONDO","","$259,000","$235,000","2","2","0","800","Condo","1966","0","","No","",""
"4001","F10530529","CS","3370","1800 N Andrews Ave Unit#7B","Drake Towers Drake Towers","","$259,000","$247,000","1","1","1","775","Condo","1975","0","","Yes","",""
"4001","A11744902","CS","3370","1800 N Andrews Ave Unit#5D","DRAKE TOWER CONDO Drake Tower","","$259,000","$255,000","1","1","1","¤790","Condo","1975","1","","Yes","",""
"4001","F10458333","CS","3370","900 NE 26th St Unit#9","ONE WILTON PLACE CONDO ONE WILTON PLACE CONDO","","$259,000","$244,000","2","1","0","732","Condo","1973","0","","No","",""
"4001","F10454191","CS","3370","2660 NE 8th Ave Unit#210","THE GROVE at Wilton Manor THE GROVE at Wilton Manor","","$259,000","$257,000","2","1","0","610","Condo","1969","0","","No","",""
"4001","F10451318","CS","3370","2643 NE 8th Ave Unit#6","The Enclave Wilton Manors The Enclave Wilton Manors","","$259,000","$247,500","2","1","0","650","Condo","1970","0","","No","",""
"4001","F10422440","CS","3370","3002 NE 5th Ter Unit#204B","River Manor River Manor","","$259,000","$245,000","1","1","1","738","Condo","1973","0","","No","",""
"4001","F10419437","CS","3370","2607 NE 8th Ave Unit#41","Wilton Village Wilton Village","","$259,000","$240,000","2","1","0","846","Condo","1975","0","","No","",""
"4001","F10535570","CS","3390","1775 N Andrews Sq Unit#210W","Hidden Harbor Hidden Harbor","","$259,000","$252,000","2","2","0","975","Condo","1972","0","","Yes","",""
"4001","A11709791","CS","3470","1350 River Reach Dr Unit#514","RIVER REACH CONDOMINIUM V River Reach Condominium","","$259,000","$230,000","1","1","1","¤900","Condo","1972","1","","Yes","",""
"4001","A11800416","CS","3480","1000 SW 12th St Unit#301","RIO NUEVO B CONDO RIO NUEVO B","","$259,000","$230,000","1","1","1","¤879","Condo","1966","0","","Yes","",""
"4001","F10466926","CS","3480","2550 SW 18th Ter Unit#1406","Marina Oaks Marina Oaks","","$259,000","$259,000","2","2","0","927","Condo","1988","0","","No","",""
"4001","A11643094","CS","3600","1731 SE 15th St Unit#209","CROMWELL WEST CONDO Cromwell West","","$259,000","$220,000","1","1","0","¤704","Condo","1973","0","","Yes","",""
"4001","F10434482","CS","3470","333 SW 13th Ter Unit#333","Village at Sailboat Bend Village at Sailboat Bend","","$258,000","$255,000","1","1","0","762","Condo","2005","0","","No","",""
"4001","F10454225","CS","3600","1525 SE 15th St Unit#3","SOUTH EAST ISLANDER APTS SOUTH EAST ISLANDER APTS","","$257,987","$230,000","1","1","0","565","Co-Op","1962","0","","Yes","",""
"4001","F10455895","CS","3160","505 N Fort Lauderdale Beach Blvd Unit#810","Q Club Q Club","","$255,000","$206,000","0","1","0","533","Hotel","2006","0","","Yes","",""
"4001","A11820632","CS","3270","901 NE 3rd St Unit#302","VICTORIA COURTS CONDO VICTORIA COURTS","","$255,000","$250,000","2","1","0","¤744","Condo","1974","0","","No","",""
"4001","F10524745","CS","3280","924 SE 2nd Street Unit#36","Gulfstream of Las Olas Gulfstream of Las Olas","","$255,000","$235,000","1","1","0","570","Condo","1969","0","","Yes","",""
"4001","F10540251","CS","3380","1200 NE 17th Court Unit#3","Las Brisas Las Brisas","","$255,000","$245,000","1","1","0","552","Condo","1971","0","","No","",""
"4001","A12033030","CS","3390","333 NW 17th Ct Unit#203B","HIDDEN HARBOR CONDOMINIUM HIDDEN HARBOR","","$255,000","$245,000","2","2","0","¤975","Condo","1974","0","","Yes","",""
"4001","F10527611","CS","3460","1005 SW 15th Ave Unit#4","HALIBUT HOUSE CONDO HALIBUT HOUSE CONDO","","$255,000","$240,000","2","1","1","1,083","Condo","1973","0","","No","",""
"4001","F10519553","CS","3470","1201 River Reach Drive Unit#307","River Reach River Reach","","$255,000","$245,000","1","1","1","1,032","Condo","1981","0","","Yes","",""
"4001","A11723187","CS","3470","366 SW 14th Ave Unit#1347","VILLAGE AT SAILBOAT BEND Village at Sailboat Bend","","$255,000","$250,000","1","1","0","¤762","Condo","2005","0","","No","",""
"4001","F10434584","CS","3480","2445 SW 18th Ter Unit#107","Marina Oaks Condominium Marina Oaks Condominium","","$255,000","$242,000","2","2","0","927","Condo","1988","0","","No","",""
"4001","A11638356","CS","3580","2550 SW 18th Ter Unit#1507","MARINA OAKS CONDO Marina Oaks Condominium","","$255,000","$250,000","2","2","0","¤858","Condo","1988","0","","No","",""
"4001","F10492542","CS","3370","815 NE 28th St Unit#104","Casa Sevilla Casa Sevilla","","$254,900","$250,000","2","1","0","663","Condo","1975","0","","No","",""
"4001","F10474771","CS","3370","200 NE 19th Ct Unit#212M","MANOR GROVE SEC 4 MANOR GROVE SEC 4","","$254,900","$245,000","1","1","1","850","Condo","1973","0","","No","",""
"4001","F10409218","CS","3370","2655 NE 8th Ave Unit#101","Wilton Place Wilton Place","","$252,000","$244,000","2","1","0","630","Condo","1970","0","","No","",""
"4001","F10536508","CS","3160","2404 NE 33rd Avenue Unit#12","Cypress Arms Cypress Arms","","$250,000","$210,000","1","1","0","600","Condo","1972","0","","No","",""
"4001","F10499816","CS","3160","700 Bayshore Dr Unit#14","Beach Shores Apts. Beach Shores Apts.","","$250,000","$235,000","2","1","0","790","Co-Op","1957","0","","No","",""
"4001","F10451952","CS","3160","3015 N OCEAN BLVD Unit#12D","BERKLEY SOUTH BERKLEY SOUTH","","$250,000","$230,000","1","1","1","995","Condo","1974","1","","No","",""
"4001","F10403423","CS","3160","505 N Fort Lauderdale Beach Blvd Unit#811","Q Club Resort & Residence Q Club Resort & Residence","","$250,000","$225,000","0","1","0","533","Condo","2006","0","","Yes","",""
"4001","B26041209","CS","3270","727 NE 16th Avenue Unit#727a","VICTORIA PARK GARDEN CONDO ","","$250,000","$243,000","1","1","0","705","Condo","1950","","No","No","Garden Apartment","0"
"4001","B26017438","CS","3270","917 NE 16th Avenue Unit#1","CROSSROADS CONDO ","","$250,000","$230,000","2","2","0","960","Condo","1977","","No","No","","0"
"4001","A11891959","CS","3280","924 SE 2nd St Unit#17","GULFSTREAM CONDO OF LAS O Gulfstream Condo","","$250,000","$240,000","2","2","0","¤895","Condo","1969","0","","Yes","",""
"4001","F10495030","CS","3280","1790 E Las Olas Blvd Unit#34","MAYFAIR ARMS MAYFAIR ARMS","","$250,000","$250,000","2","2","0","1,150","Co-Op","1959","0","","Yes","",""
"4001","F10526083","CS","3370","200 NE 19th Ct Unit#107M","Manor Grove Village Four Manor Grove Village Four","","$250,000","$245,000","1","1","1","850","Condo","1973","0","","No","",""
"4001","F10525753","CS","3370","3002 NE 5th Ter Unit#110B","River Manor River Manor","","$250,000","$235,000","2","2","0","1,000","Condo","1973","0","","No","",""
"4001","F10501663","CS","3370","2660 NE 8th Ave Unit#212","The Grove at Wilton Manor The Grove at Wilton Manor","","$250,000","$237,500","2","1","0","610","Condo","1969","0","","No","",""
"4001","B26017446","CS","3390","1750 NW 3rd Terrace Unit#101c","HIDDEN HARBOR CONDOMINIUM ","","$250,000","$247,000","2","2","0","975","Condo","1974","","No","Yes","","0"
"4001","F10498184","CS","3390","333 NW 17th Ct Unit#103B","Hidden Harbor Hidden Harbor","","$250,000","$227,950","2","2","0","975","Condo","1973","0","","Yes","",""
"4001","A11869210","CS","3400","429 NW 14th Ter","FIRST ADD TO TUSKEGEE PAR ","","$250,000","$240,000","2","1","0","¤896","Single","1950","0","No","No","Detached","¤6,215"
"4001","B26031514","CS","3470","1340 SW 3rd Court","VILLAGE AT SAILBOAT BEND ","","$250,000","$240,000","1","1","0","762","Condo","2006","","No","No","Garden Apartment","0"
"4001","F10509163","CS","3470","417 SW 13TH TERRACE Unit#417","VILLAGE AT SAILBOAT BEND VILLAGE AT SAILBOAT BEND","","$250,000","$250,000","1","1","0","762","Condo","2006","0","","No","",""
"4001","R11042619","CS","3470","1000 River Reach Drive Unit#115","RIVER REACH CONDOMINIUM I ","","$250,000","$242,500","1","1","0","784","Condo","1971","0","No","No","High Rise",""
"4001","F10438579","CS","3470","900 River Reach Dr Unit#205","RIVER REACH RIVER REACH","","$250,000","$250,000","2","2","0","1,025","Condo","1971","0","","Yes","",""
"4001","R10993173","CS","3570","900 River Reach Drive Unit#110","RIVER REACH CONDOMINIUM I ","","$250,000","$245,000","1","1","0","784","Condo","1971","0","No","No","High Rise",""
"4001","F10523684","CS","3600","1500 SE 15th St Unit#320","Marina Del Mar Marina Del Mar","","$250,000","$250,000","2","2","0","1,070","Condo","1964","1","","Yes","",""
"4001","F10514246","CS","3600","1700 SE 15th St Unit#306","CARAVEL CONDOMINIUM CARAVEL CONDOMINIUM","","$250,000","$247,900","2","1","1","1,250","Condo","1965","0","","Yes","",""
"4001","R11166984","CS","3160","200 S Birch Road Unit#407","LEISURE BEACH CONDO ","","$249,999","$240,000","1","1","0","647","Condo","1971","0","No","Yes","High Rise",""
"4001","F10483303","CS","3460","412 NW 19th Ave","Dorsey Park 4th Add 25-26 ","","$249,999","$220,000","2","1","0","720","Single","1950","0","No","No","","5,250"
"4001","R11124688","CS","3480","1200 SW 12th Court Unit#309","RIO NUEVO ","","$249,999","$230,000","2","2","0","1,020","Condo","1968","0","No","Yes","Garden Apartment",""
"4001","F10445786","CS","3480","2445 SW 18th Ter Unit#203","Marina Oaks Marina Oaks","","$249,999","$244,000","2","2","0","858","Condo","1988","0","","No","",""
"4001","F10467444","CS","3390","640 Tennis Club Dr Unit#111","TENNIS CLUB TENNIS CLUB","","$249,990","$240,000","3","2","1","1,342","Condo","1972","0","","No","",""
"4001","R11042177","CS","3160","2841 N Ocean Boulevard Unit#307","VANTAGE VIEW ","","$249,900","$249,900","2","2","0","1,100","Condo","1977","2","No","Yes","",""
"4001","F10446988","CS","3160","600 N Birch Rd Unit#203H","Birch House Birch House","","$249,900","$230,000","1","1","0","649","Condo","1959","0","","No","",""
"4001","F10556461","CS","3370","2607 NE 8th Avenue Unit#48","Wilton Village Wilton Village","","$249,900","$245,000","2","1","0","845","Condo","1975","","No","No","","0"
"4001","F10535660","CS","3370","2920 NE 8th Ter Unit#103","Middle River Homes Condo Middle River Homes Condo","","$249,900","$234,900","2","2","0","761","Condo","1986","0","","No","",""
"4001","F10532772","CS","3370","119 NE 19th Ct Unit#114G","MANOR GROVE VILLAGE TWO MANOR GROVE VILLAGE TWO","","$249,900","$230,000","1","1","0","750","Condo","1971","0","","No","",""
"4001","F10502398","CS","3370","200 NE 19th Ct Unit#109 M","Manor Grove Manor Grove","","$249,900","$245,000","1","1","1","750","Condo","1973","0","","No","",""
"4001","F10446190","CS","3370","2660 NE 8th Ave Unit#311","The Grove The Grove","","$249,900","$265,000","2","1","0","619","Condo","1970","1","","No","",""
"4001","F10487634","CS","3480","2550 SW 18th Ter Unit#1705","MARINA OAKS CONDO MARINA OAKS CONDO","","$249,900","$245,000","2","2","0","927","Condo","1988","1","","No","",""
"4001","R11124072","CS","3160","2404 NE 33rd. Avenue Unit#8","Cypress Arms Condo ","","$249,000","$245,000","1","1","0","600","Condo","1972","0","No","No","Garden Apartment",""
"4001","F10490095","CS","3160","505 N Ft Lauderdale Bch Boulevard Unit#1009","Q Club Resort & Residence Q Club Resort & Residence","","$249,000","$237,500","0","1","0","605","Condo","2006","0","","Yes","",""
"4001","A11721280","CS","3160","2701 N Ocean Blvd Unit#6F","EMBASSY TOWER INC CONDO Embassy Tower One","","$249,000","$230,000","1","1","0","¤900","Condo","1972","0","","No","",""
"4001","F10478362","CS","3160","624 Antioch Ave Unit#6","Beachside Beachside","","$249,000","$232,645","2","1","0","880","Co-Op","1956","0","","No","",""
"4001","B26001548","CS","3170","2430 SE 17th Street Unit#G","LA MARIETTA CO-OP ","","$249,000","$249,900","2","2","0","1,170","Co-Op","1962","2","No","No","",""
"4001","A11898027","CS","3170","1900 S Ocean Dr Unit#406","BREAKWATER TOWERS CO-OP Breakwater Towers","","$249,000","$229,000","1","1","0","¤750","Co-Op","1962","0","","No","",""
"4001","F10492837","CS","3260","2340 NE 9th St Unit#302","Park Ridge East Park Ridge East","","$249,000","$240,000","1","1","1","734","Condo","1967","0","","No","",""
"4001","A11644601","CS","3260","2424 NE 9th St Unit#205","COLONIAL MANOR WEST COLONIAL MANOR WEST","","$249,000","$230,000","1","1","1","¤713","Condo","1969","0","","No","",""
"4001","F10434986","CS","3260","1160 N Federal Hwy Unit#221","East Point Towers East Point Towers","","$249,000","$240,000","2","2","0","1,344","Condo","1978","1","","Yes","",""
"4001","F10504624","CS","3370","2920 NE 8th Ter Unit#202","Middle River Homes Condo Middle River Homes Condo","","$249,000","$235,000","2","2","0","761","Condo","1986","0","","No","",""
"4001","A11761725","CS","3370","56 NE 20th Ct Unit#8C","MANOR GROVE VILLAGE THREE MANOR GROVE VILLAGE THREE","","$249,000","$235,000","2","1","1","¤960","Condo","1972","0","","No","",""
"4001","A11699098","CS","3370","1330 Holly Heights Dr Unit#3","ASOKA CONDO ASOKA CONDO","","$249,000","$235,000","2","1","0","¤718","Condo","1968","0","","No","",""
"4001","F10459553","CS","3370","1920 NE 1st Ter Unit#214H","Manor Grove Village Two Manor Grove Village Two","","$249,000","$245,000","1","1","0","750","Condo","1971","0","","No","",""
"4001","F10527099","CS","3380","1200 NE 17th Court Unit#8","LAS BRISAS LAS BRISAS","","$249,000","$250,000","2","1","0","700","Condo","1971","0","","No","",""
"4001","F10537380","CS","3390","650 Tennis Club Drive Unit#303","TENNIS CLUB TENNIS CLUB","","$249,000","$220,000","3","2","1","1,496","Condo","1972","","No","No","","0"
"4001","F10532642","CS","3470","900 River Reach Drive Unit#525","River Reach River Reach","","$249,000","$235,000","2","2","0","900","Condo","1971","0","","","",""
"4001","A11740643","CS","3480","2445 SW 18th Ter Unit#1203","MARINA OAKS CONDO marina oaks","","$249,000","$240,000","2","2","0","¤858","Condo","1987","0","","No","",""
"4001","B26034653","CS","3600","1500 SE 15th Street Unit#315","MARINA DEL MAR CONDO ","","$249,000","$210,000","2","2","0","940","Condo","1964","","No","Yes","","0"
"4001","A11645487","CS","3800","520 SE 5th Ave Unit#3505","LAS OLAS BY THE RIVER CON LAS OLAS BY THE RIVER","","$249,000","$249,000","1","1","0","¤808","Condo","2001","0","","No","",""
"4001","F10481520","CS","3270","403 NE 16th Ave Unit#5","The Victorian Condo The Victorian Condo","","$248,000","$226,125","1","1","0","568","Condo","1960","0","","No","",""
"4001","A11516814","CS","3390","670 Tennis Club Dr Unit#302","TENNIS CLUB DAVIS CONDO TENNIS CLUB","","$247,500","$235,000","3","2","1","¤1,496","Condo","1973","0","","No","",""
"4001","F10543270","CS","3370","1930 NE 2nd Avenue Unit#L111","Manor Grove Village IV Manor Grove Village IV","","$247,000","$247,000","1","1","1","850","Condo","1973","0","","No","",""
"4001","F10429177","CS","3370","1951 NE 2nd Ave Unit#209-I","MANOR GROVE VILLAGE 4 MANOR GROVE VILLAGE 4","","$245,900","$235,000","1","1","1","850","Condo","1973","0","","No","",""
"4001","F10454290","CS","3160","720 Orton Ave Unit#102","LEISURE SANDS CONDO LEISURE SANDS CONDO","","$245,000","$245,000","1","1","0","690","Condo","1970","1","","No","",""
"4001","F10507146","CS","3260","2424 NE 9th St Unit#310","Colonial Manors West Colonial Manors West","","$245,000","$230,000","1","1","1","770","Condo","1969","0","","No","",""
"4001","F10538471","CS","3370","1930 NE 2nd Ave Unit#102L","Manor Grove Village Four Manor Grove Village Four","","$245,000","$240,000","1","1","1","850","Condo","1973","0","","No","",""
"4001","F10512985","CS","3370","2607 NE 8th Ave Unit#20","Wilton Village Wilton Village","","$245,000","$233,895","2","1","0","792","Condo","1969","0","","No","",""
"4001","F10515411","CS","3380","1826 N Dixie Hwy Unit#104","South River Manor South River Manor","","$245,000","$240,000","2","2","0","959","Condo","1980","0","","Yes","",""
"4001","A11649501","CS","3390","620 Tennis Club Dr Unit#111","TENNIS CLUB TILDEN CONDO Tennis Club Tilden Condo","","$245,000","$200,000","3","2","1","¤1,496","Condo","1972","0","","No","",""
"4001","F10425841","CS","3390","1152 NW 30th Ct Unit#110","Wilton Shores Wilton Shores","","$245,000","$232,500","2","1","0","925","Condo","1964","0","","Yes","",""
"4001","A11885141","CS","3470","357 SW 13th Ter Unit#357","VILLAGE AT SAILBOAT BEND VILLAGE AT SAILBOAT BEND","","$245,000","$230,000","1","1","0","¤762","Condo","2005","1","","No","",""
"4001","A11906652","CS","3810","634 NW 2nd Ave","PROGRESSO Progresso Village","","$245,000","$190,000","2","2","1","¤1,216","Townhouse","2003","0","","No","",""
"4001","F10476087","CS","3370","1816 E Oakland Park Blvd Unit#63","Three Rivers East condomi Three Rivers East condomi","","$244,000","$228,500","1","1","0","588","Condo","1966","0","","Yes","",""
"4001","F10480449","CS","3370","3004 NE 5th Ter Unit#104C","River Manor Condo River Manor Condo","","$243,900","$230,000","1","1","0","700","Condo","1973","0","","Yes","",""
"4001","R11063397","CS","3390","640 Tennis Club Drive Unit#108","TENNIS CLUB MC LOUGHLIN C ","","$243,000","$243,000","2","2","0","1,056","Condo","1972","0","No","No","Garden Apartment",""
"4001","F10453246","CS","3480","900 SW 12th St Unit#200","Rio Nuevo A Rio Nuevo A","","$243,000","$240,000","1","1","0","800","Condo","1966","0","","No","",""
"4001","R11122711","CS","3160","901 N Birch Road Unit#D10","Marine Colony Villas ","","$240,000","$212,000","1","1","0","490","Co-Op","1955","0","No","Yes","Garden Apartment",""
"4001","F10483116","CS","3260","2555 NE 11th Unit#209","HORIZON HOUSE Condo HORIZON HOUSE Condo","","$240,000","$236,000","2","1","0","970","Condo","1965","0","","No","",""
"4001","F10455122","CS","3280","924 SE 2nd St Unit#21","GULFSTREAM CONDO GULFSTREAM CONDO","","$240,000","$230,000","1","1","0","459","Condo","1969","0","","No","",""
"4001","F10554097","CS","3370","2660 NE 8th Avenue Unit#216","The Grove at Wilton Manor The Grove at Wilton Manor","","$240,000","$230,000","2","1","0","614","Condo","1969","0","","No","",""
"4001","F10473859","CS","3390","1775 N Andrews Sq Unit#208W","Hidden Harbor Hidden Harbor","","$240,000","$235,000","2","2","0","975","Condo","1972","0","","Yes","",""
"4001","F10490982","CS","3370","2970 NE 16th Ave Unit#112","River Shores River Shores","","$239,999","$215,000","1","1","0","600","Condo","1965","0","","Yes","",""
"4001","F10536497","CS","3260","2400 NE 9th Street Unit#501","Ocean Sunrise CO-OP Ocean Sunrise CO-OP","","$239,900","$210,000","2","1","0","650","Co-Op","1974","","","No","",""
"4001","F10441477","CS","3280","924 SE 2 Unit#14","GULFSTREAM GULFSTREAM","","$239,900","$230,000","1","1","0","575","Condo","1969","0","","No","",""
"4001","F10552151","CS","3370","124 NE 19th Court Unit#204B","MANOR GROVE VILAGE ONE MANOR GROVE VILAGE ONE","","$239,900","$239,900","2","2","0","1,180","Condo","1970","0","","No","",""
"4001","F10466942","CS","3380","1125 NE 16th Pl Unit#112","Tudor Manor Condo Tudor Manor Condo","","$239,900","$249,000","2","1","0","740","Condo","1974","0","","No","",""
"4001","F10518393","CS","3370","2660 NE 8th Avenue Unit#208","The Grove The Grove","","$239,500","$230,000","2","1","0","619","Condo","1969","0","","No","",""
"4001","A11735424","CS","3160","505 N Fort Lauderdale Beach Blvd Unit#222","Q CLUB RESORT & RESIDENCE Q CLUB RESORT & RESIDENCE","","$239,000","$230,000","1","1","0","¤978","Condo","2006","0","","Yes","",""
"4001","F10488142","CS","3170","1920 S Ocean Dr Unit#208","ATLANTIC TOWERS ATLANTIC TOWERS","","$239,000","$220,000","1","1","0","805","Co-Op","1961","0","","No","",""
"4001","A11751560","CS","3250","815 Middle River Dr Unit#312","MIDDLE RIVER VILLAS CONDO Middle River Villas","","$239,000","$227,950","1","1","0","¤450","Condo","1964","0","","No","",""
"4001","A11635716","CS","3370","2607 NE 8th Ave Unit#56","WILTON VILLAGE CONDO WILTON VILLAGE CONDO","","$239,000","$239,000","2","1","0","¤806","Condo","1975","0","","No","",""
"4001","A11675463","CS","3390","670 Tennis Club Dr Unit#305","TENNIS CLUB DAVIS CONDO TENNIS CLUB DAVIS","","$239,000","$230,000","2","1","1","¤1,056","Condo","1973","0","","No","",""
"4001","F10552192","CS","3470","249 SW 13th Terrace Unit#249","Village At Sailboat Bend Village At Sailboat Bend","","$239,000","$225,000","1","1","0","762","Condo","2005","0","","No","",""
"4001","F10419941","CS","3270","900 NE 18th Ave Unit#901","Victoria Park Tower Victoria Park Tower","","$238,000","$233,500","2","1","0","850","Condo","1970","0","","No","",""
"4001","F10459584","CS","3370","2607 NE 8th Ave Unit#1","WILTON VILLAGE WILTON VILLAGE","","$237,000","$237,000","2","1","0","842","Condo","1973","0","","No","",""
"4001","F10496498","CS","3470","SW 14 AVE SW 14 ave Unit#368","Village at sailboat bend Village at sailboat bend","","$237,000","$200,000","1","1","0","762","Townhouse","2005","0","","No","",""
"4001","F10449565","CS","3170","2424 SE 17th St Unit#115B","VILLAGE AT HARBOR BEACH VILLAGE AT HARBOR BEACH","","$235,000","$225,000","2","2","0","800","Condo","1967","0","","No","",""
"4001","F10382626","CS","3170","1900 S Ocean Dr Unit#303","Breakwater Towers Breakwater Towers","","$235,000","$196,000","1","1","0","805","Co-Op","1962","0","","No","",""
"4001","F10511439","CS","3240","2555 NE 11th St Unit#708","Horizon House Condo Horizon House Condo","","$235,000","$210,000","1","1","0","949","Condo","1965","0","","No","",""
"4001","F10477249","CS","3260","2670 E Sunrise Blvd Unit#1432","Gallery One Condo Gallery One Condo","","$235,000","$225,000","1","1","0","643","Condo","1988","0","","Yes","",""
"4001","F10433307","CS","3260","2555 NE 11th St Unit#710","Horizon House Condominium Horizon House Condominium","","$235,000","$225,000","1","1","0","720","Condo","1965","0","","No","",""
"4001","F10541157","CS","3270","151 NE 16th Avenue Unit#230","Pine Crest Village Pine Crest Village","","$235,000","$220,000","1","1","0","625","Condo","1970","0","","No","",""
"4001","F10536771","CS","3280","535 Hendricks Isle Unit#104","Burton Point Burton Point","","$235,000","$235,000","0","1","0","400","Condo","1963","0","","Yes","",""
"4001","F10506271","CS","3370","801 NE 18th Ct Unit#105","Camelot Shores Camelot Shores","","$235,000","$230,000","1","1","0","722","Condo","1973","0","","Yes","",""
"4001","F10487401","CS","3370","2450 NE 15th Ave Unit#110","Olivewood Condominium Olivewood Condominium","","$235,000","$211,500","2","2","0","930","Condo","1975","0","","No","",""
"4001","F10451082","CS","3370","3000 NE 16th Ave Unit#409","RIVER SHORES CONDOMINIUM RIVER SHORES CONDOMINIUM","","$235,000","$232,500","2","1","0","850","Condo","1965","0","","Yes","",""
"4001","F10427893","CS","3370","2990 NE 16th Ave Unit#C306","River Shores River Shores","","$235,000","$230,000","2","2","0","850","Condo","1965","0","","Yes","",""
"4001","B26011469","CS","3390","630 Tennis Club Drive Unit#404","TENNIS CLUB OUTERBRIDGE CO ","","$235,000","$220,000","2","2","0","960","Condo","1972","","No","No","","0"
"4001","A11873808","CS","3470","1337 SW 3rd Ct Unit#0","VILLAGE AT SAILBOAT BEND THE VILLAGE AT SAILBOAT","","$235,000","$233,000","1","1","0","¤762","Condo","2005","0","","No","",""
"4001","F10495704","CS","3470","900 River Reach Dr Unit#522","River Reach River Reach","","$235,000","$230,000","1","1","0","900","Condo","1971","0","","Yes","",""
"4001","A11773047","CS","3480","2445 SW 18th Ter Unit#1119","MARINA OAKS CONDO Marina Oaks","","$235,000","$215,000","2","2","0","¤858","Condo","1987","0","","No","",""
"4001","A11886981","CS","3111","508 Antioch Ave Unit#7","BEACH RIDGE APTS CO-OP Beach Ridge Apts Co-Op","","$234,900","$220,000","1","1","0","¤748","Co-Op","1956","0","","No","",""
"4001","F10546002","CS","3370","200 NE 19th Court Unit#211m","MANOR GROVE VILLAGE TWO MANOR GROVE VILLAGE TWO","","$234,900","$220,000","1","1","1","750","Condo","1973","","","No","","0"
"4001","A11728303","CS","3370","2970 NE 16th Ave Unit#107","RIVER SHORES CONDO n/a","","$234,900","$222,500","2","1","0","¤850","Condo","1965","0","","No","",""
"4001","A11945815","CS","3600","601 SE 5th Ct Unit#110","RIVERVIEW SOUTH CONDO Riverview","","$234,900","$216,500","2","1","0","¤680","Condo","1970","0","","No","",""
"4001","F10534815","CS","3600","1625 SE 10th Ave Unit#606","Runaway Bay Runaway Bay","","$234,900","$227,000","1","1","0","870","Condo","1975","1","","No","",""
"4001","F10537678","CS","3370","801 NE 18th Ct Unit#103","Camelot Shores Camelot Shores","","$234,000","$225,000","1","1","0","722","Condo","1973","0","","Yes","",""
"4001","F10480560","CS","3370","1930 NE 2nd Ave Unit#208L","manor grove manor grove","","$234,000","$215,000","1","1","1","750","Condo","1973","0","","No","",""
"4001","F10502558","CS","3370","1800 N Andrews Ave Unit#PHG","Drake Tower Condominiums Drake Tower Condominiums","","$232,900","$218,000","2","2","0","980","Condo","1975","0","","Yes","",""
"4001","F10445107","CS","3370","3000 NE 16th Ave Unit#216","river shores condo river shores condo","","$232,000","$185,000","1","1","0","600","Condo","1965","0","","Yes","",""
"4001","F10432583","CS","3370","3004 NE 5th Ter Unit#111C","River Manor Condo River Manor Condo","","$232,000","$215,000","2","2","0","1,000","Condo","1973","0","","No","",""
"4001","F10509670","CS","3370","119 NE 19th Ct Unit#207G","MANOR GROVE VILLAGE TWO MANOR GROVE VILLAGE TWO","","$230,900","$226,000","1","1","0","750","Condo","1971","0","","No","",""
"4001","A11580531","CS","3160","624 Antioch Ave Unit#4","BEACHSIDE APTS CO-OP Beachside Apartments","","$230,000","$210,000","2","1","0","¤880","Co-Op","1956","0","","No","",""
"4001","A11891937","CS","3280","924 SE 2nd St Unit#27","GULFSTREAM CONDO OF LAS O Gulfstream Condo","","$230,000","$225,000","2","2","0","¤895","Condo","1969","0","","Yes","",""
"4001","F10512232","CS","3280","1000 SE 4th St Unit#312","Riverview Garden Condos Riverview Garden Condos","","$230,000","$212,000","1","1","0","620","Condo","1956","0","","Yes","",""
"4001","F10507004","CS","3370","9 NE 19th Ct Unit#112C","MANOR GROVE 1 MANOR GROVE 1","","$230,000","$215,000","2","2","0","1,180","Condo","1970","0","","No","",""
"4001","F10530064","CS","3390","1775 N Andrews Square Unit#308w","Hidden Harbor Hidden Harbor","","$230,000","$208,000","2","2","0","975","Condo","1972","","","Yes","","0"
"4001","A11842533","CS","3470","1429 SW 9th St Unit#5","RIVERSIDE BREEZES CONDO RIVERSIDE BREEZES CONDO","","$230,000","$175,000","2","1","0","¤630","Condo","1969","0","","No","",""
"4001","F10435364","CS","3270","401 NE 16TH AV Unit#3","Victorian Victorian","","$229,999","$219,000","2","1","0","568","Condo","2004","0","","No","",""
"4001","F10473985","CS","3260","2670 E Sunrise Blvd Unit#1428","Gallary One Gallary One","","$229,995","$210,000","1","1","0","585","Condo","1988","1","","Yes","",""
"4001","F10414643","CS","3260","1160 N Federal Hwy Unit#1215","East Point Towers East Point Towers","","$229,900","$225,000","1","1","0","896","Condo","1978","1","","Yes","",""
"4001","F10538780","CS","3370","300 NE 19th Ct Unit#201N","Manor Grove Village IV Manor Grove Village IV","","$229,900","$215,000","1","1","1","850","Condo","1973","0","","No","",""
"4001","F10533483","CS","3370","1800 N Andrews Ave Unit#1G","DRAKE TOWER CONDO DRAKE TOWER CONDO","","$229,900","$225,000","2","2","0","980","Condo","1975","0","","No","",""
"4001","F10518777","CS","3370","2660 NE 8th Ave Unit#105","The Grove at Wilton Manor The Grove at Wilton Manor","","$229,900","$220,000","2","1","0","614","Condo","1970","0","","No","",""
"4001","F10546663","CS","3400","1206 NW 11th St","Chateau Park Sec B 9-68 B ","","$229,900","$229,900","3","1","0","989","Single","1956","0","No","No","","7,992"
"4001","R11145945","CS","3470","1201 River Reach Drive Unit#207","River Reach ","","$229,900","$210,000","1","1","1","1,032","Condo","1981","0","No","Yes","",""
"4001","F10508607","CS","3470","1000 River Reach Dr Unit#215","RIVER REACH RIVER REACH","","$229,900","$218,500","1","1","0","784","Condo","1971","0","","Yes","",""
"4001","F10510980","CS","3810","924 NW 11th Pl","Lauderdale Manors Add 30- ","","$229,900","$280,000","2","1","0","744","Single","1952","0","No","No","","6,600"
"4001","F10555954","CS","3370","2660 NE 8th Avenue Unit#102","The Grove The Grove","","$229,500","$215,000","2","1","0","616","Condo","1971","","","No","","0"
"4001","F10434453","CS","3170","1900 S Ocean Dr Unit#1208","Breakwater Towers Breakwater Towers","","$229,000","$205,000","0","1","0","532","Co-Op","1962","0","","No","",""
"4001","F10548353","CS","3370","2607 NE 8th Avenue Unit#14","Wilton Village Wilton Village","","$229,000","$220,000","1","1","0","597","Condo","1969","0","","No","",""
"4001","F10534810","CS","3370","3002 NE 5th Terrace Unit#209-B","River Manor River Manor","","$229,000","$215,000","2","2","0","1,000","Condo","1973","0","","No","",""
"4001","A11860228","CS","3370","801 NE 18th Ct Unit#209","CAMELOT SHORES CONDO CAMELOT SHORES CONDO","","$229,000","$215,000","1","1","0","¤722","Condo","1973","0","","Yes","",""
"4001","F10482488","CS","3370","1800 N Andrews Ave Unit#12k","Drake Tower Condo Drake Tower Condo","","$229,000","$210,000","1","1","1","850","Condo","1975","0","","Yes","",""
"4001","A11809141","CS","3390","1775 N Andrews Sq. Unit#104W","HIDDEN HARBOR CONDOMINIUM Hidden Harbor Condominium","","$229,000","$229,000","2","2","0","¤975","Condo","1972","0","","Yes","",""
"4001","A11548416","CS","3480","1100 SW 12th St Unit#212","RIO NUEVO C CONDO Rio Nuevo","","$229,000","$218,000","1","1","0","¤600","Condo","1967","1","","No","",""
"4001","F10454399","CS","3600","1405 Miami Unit#28","Seabreeze 11 Seabreeze 11","","$228,900","$215,000","1","1","0","728","Condo","1945","0","","No","",""
"4001","F10503981","CS","3370","2912 NE 8th Ter Unit#204","Middle River Homes Condo Middle River Homes Condo","","$227,777","$227,777","2","2","0","761","Condo","1987","0","","Yes","",""
"4001","F10516054","CS","3270","401 NE 16th Ave Unit#4","The Victorian Condo The Victorian Condo","","$226,000","$212,500","1","1","0","568","Condo","1960","0","","No","",""
"4001","F10451116","CS","3260","2900 NE 30th St Unit#C-9","Lauderdale Tower Lauderdale Tower","","$225,900","$212,500","0","1","0","440","Condo","1964","0","","No","",""
"4001","F10556271","CS","3160","619 Orton Avenue Unit#501","Gallery Condo Gallery Condo","","$225,000","$215,000","1","1","1","850","Condo","1971","","No","No","","0"
"4001","F10550336","CS","3160","700 Bayshore Drive Unit#11","Beach Shore Apts. CO-OP Beach Shore Apts. CO-OP","","$225,000","$220,000","1","1","0","748","Co-Op","1957","0","","No","",""
"4001","A11827395","CS","3160","1160 N Federal Hwy Unit#419","EAST POINT TOWERS CONDO East Point Towers","","$225,000","$209,000","1","1","1","¤1,138","Condo","1978","1","","Yes","",""
"4001","F10452293","CS","3160","700 Bayshore Dr Unit#26","Beach Shores Apts. Beach Shores Apts.","","$225,000","$210,000","2","1","0","790","Co-Op","1957","0","","No","",""
"4001","F10443621","CS","3160","505 N Ft Lauderdale Bch Blvd Unit#911","q club resort & residence q club resort & residence","","$225,000","$205,000","1","1","0","533","Condo","2006","0","","Yes","",""
"4001","A11564580","CS","3160","700 Antioch Ave Unit#10","BEACHDALE APTS CO-OP Beachdale Apartments","","$225,000","$190,000","2","1","0","¤886","Co-Op","1957","0","","No","",""
"4001","A11659331","CS","3260","1170 N Federal Hwy Unit#410","EAST POINT TOWERS CONDO EAST POINT TOWERS CONDO","","$225,000","$210,000","2","2","0","¤1,344","Condo","1973","0","","No","",""
"4001","F10437890","CS","3260","2900 NE 30th St Unit#8B","Lauderdale Tower Lauderdale Tower","","$225,000","$210,000","0","1","0","450","Condo","1964","0","","Yes","",""
"4001","A11522922","CS","3260","888 Intracoastal Dr Unit#3F","SUNRISE TOWER CONDO SUNRISE TOWER","","$225,000","$205,000","1","1","1","¤955","Condo","1963","0","","No","",""
"4001","A11967515","CS","3270","2500 NE 9th St Unit#312","COLONIAL MANOR EAST APART COLONIAL MANOR WEST","","$225,000","$215,000","1","1","1","¤744","Condo","1969","0","","No","",""
"4001","R11137104","CS","3270","900 NE 18th Avenue Unit#506","VICTORIA PARK TOWER CONDO ","","$225,000","$215,000","2","1","0","850","Condo","1970","0","No","No","High Rise",""
"4001","F10492543","CS","3270","1900 NE 8th Court Unit#307","Gateway Arms Gateway Arms","","$225,000","$215,340","2","2","0","800","Condo","1966","0","","No","",""
"4001","R11007949","CS","3270","639 NE 10th Avenue Unit#204","TEN AT VICTORIA PARK ","","$225,000","$215,000","1","1","0","677","Condo","1972","1","No","No","",""
"4001","F10450496","CS","3270","215 NE 16 AVENUE Unit#202","VICTORIA PALMS CONDO VICTORIA PALMS CONDO","","$225,000","$205,000","1","1","0","600","Condo","1972","0","","No","",""
"4001","B26013947","CS","3370","801 NE 18th Court Unit#208","CAMELOT SHORES CONDO ","","$225,000","$222,222","1","1","0","722","Condo","1973","","No","No","Other","0"
"4001","F10546069","CS","3370","119 NE 19th Court Unit#205-G","MANOR GROVE VILLAGE TWO MANOR GROVE VILLAGE TWO","","$225,000","$225,000","1","1","0","750","Condo","1971","0","","No","",""
"4001","F10535561","CS","3370","3002 NE 5th Terrace Unit#102-b","River Manor River Manor","","$225,000","$225,000","2","2","0","1,000","Condo","1973","","No","No","","0"
"4001","F10529350","CS","3370","2918 NE 8th Ter Unit#204","Middle River Homes Middle River Homes","","$225,000","$220,000","2","2","0","761","Condo","1986","0","","Yes","",""
"4001","F10501224","CS","3370","3000 NE 5th Ter Unit#309A","River Manors River Manors","","$225,000","$180,000","2","2","0","1,000","Condo","1973","0","","No","",""
"4001","F10423449","CS","3370","3002 NE 5th Ter Unit#304B","River Manors River Manors","","$225,000","$217,000","1","1","1","738","Condo","1973","0","","No","",""
"4001","B26011956","CS","3390","1785 N Andrews Square Unit#202e","HIDDEN HARBOR CONDOMINIUM ","","$225,000","$200,000","2","2","0","975","Condo","1972","","No","Yes","","0"
"4001","A11550840","CS","3390","620 Tennis Club Dr Unit#107","TENNIS CLUB TILDEN CONDO The Tennis Club Condomini","","$225,000","$220,000","2","1","1","¤1,056","Condo","1972","0","","No","",""
"4001","A11730982","CS","3470","1000 River Reach Dr Unit#119","RIVER REACH CONDOMINIUM I RIVER REACH CONDOMINIUM","","$225,000","$225,000","1","1","0","¤784","Condo","1971","1","","No","",""
"4001","A11610452","CS","3480","2550 SW 18th Ter Unit#1807","MARINA OAKS CONDO MARINA OAKS","","$225,000","$220,000","2","2","0","¤858","Condo","1988","0","","No","",""
"4001","F10518322","CS","3600","601 SE 5th Ct Unit#309","RIVERVIEW SOUTH RIVERVIEW SOUTH","","$225,000","$208,000","2","1","0","650","Condo","1969","0","","No","",""
"4001","F10494816","CS","3600","1050 SE 15th St Unit#605","Mark 1 Mark 1","","$225,000","$200,000","1","1","0","810","Condo","1983","1","","No","",""
"4001","A11721277","CS","3600","1625 SE 10th Ave Unit#1005","RUNAWAY BAY CONDO Runaway Bay","","$225,000","$215,000","1","1","0","¤870","Condo","1975","1","","No","",""
"4001","A11656390","CS","3600","2424 SE 17th Cswy Unit#105B","VILLAGE AT HARBOR BEACH C VILLAGE AT HARBOR BEACH C","","$225,000","$195,000","1","1","0","¤685","Condo","1967","1","","No","",""
"4001","A11649696","CS","3370","3000 NE 5th Ter Unit#310-A","RIVER MANOR CONDO RIVER MANOR CONDO","","$224,900","$180,000","2","2","0","¤1,000","Condo","1973","0","","No","",""
"4001","A11672371","CS","3600","1731 SE 15th St Unit#312","CROMWELL WEST CONDO CROMWELL WEST","","$224,900","$205,000","1","1","0","¤704","Condo","1973","0","","Yes","",""
"4001","A11960806","CS","3080","815 NE 28th St Unit#204","CASA SEVILLA CONDO CASA SEVILLA CONDO","","$224,000","$210,000","2","1","1","¤828","Condo","1983","0","","No","",""
"4001","B26004482","CS","3370","51 NE 24th Street Unit#4","WILTON LAKE CONDOMINIUM ","","$224,000","$192,000","2","1","0","702","Condo","1973","","No","No","Garden Apartment","0"
"4001","A11728932","CS","3480","2550 SW 18th Ter Unit#2106","MARINA OAKS CONDO MARINA OAKS CONDO","","$222,900","$212,800","2","2","0","¤858","Condo","1988","0","","No","",""
"4001","F10460071","CS","3260","1160 N Federal Hwy Unit#219","East Point Towers East Point Towers","","$222,500","$183,000","1","1","1","1,138","Condo","1978","1","","Yes","",""
"4001","A11718650","CS","3160","505 N Fort Lauderdale Beach Blvd Unit#2413","Q CLUB RESORT & RESIDENCE Hilton","","$220,000","$190,000","1","1","0","¤533","Condo","2006","0","","Yes","",""
"4001","B26032243","CS","3370","2124 NE 5th Avenue Unit#212","MARVILLA CONDOMINIUM ","","$220,000","$208,000","1","1","0","549","Condo","1963","","No","No","","0"
"4001","F10531401","CS","3370","3000 NE 16th Ave Unit#312","RIVER SHORES DEVON HALL RIVER SHORES DEVON HALL","","$220,000","$215,000","1","1","0","600","Condo","1965","0","","Yes","",""
"4001","A12034748","CS","3460","1413 NW 3rd St","SEMINOLE FOREST ","","$220,000","$220,000","2","1","0","¤784","Single","1959","0","No","No","Detached","¤8,074"
"4001","R11134207","CS","3600","1475 SE 15 Street Unit#312","EMBASSY CONDO APT ","","$220,000","$200,000","1","1","0","570","Condo","1974","0","No","Yes","Garden Apartment",""
"4001","F10451024","CS","3600","1475 SE 15th St Unit#305","EMBASSY CONDO EMBASSY CONDO","","$220,000","$190,000","1","1","0","570","Condo","1974","0","","Yes","",""
"4001","F10490650","CS","3260","2829 NE 30th St Unit#202","Regency House Regency House","","$219,900","$215,000","2","2","0","858","Co-Op","1962","0","","No","",""
"4001","F10539002","CS","3370","2124 NE 5th Avenue Unit#105","MARVILLA CONDO MARVILLA CONDO","","$219,900","$212,500","1","1","0","549","Condo","1965","0","","No","",""
"4001","F10533634","CS","3370","2124 NE 5th Ave Unit#101","MARVILLA CONDOMINIUM MARVILLA CONDOMINIUM","","$219,900","$217,000","1","1","0","549","Condo","1963","0","","No","",""
"4001","F10540073","CS","3470","1000 River Reach Dr Unit#419","River Reach Condominium River Reach Condominium","","$219,900","$200,000","1","1","0","784","Condo","1971","0","","No","",""
"4001","A11704126","CS","3370","2643 NE 8th Ave Unit#2","ENCLAVE AT WILTON MANORS ENCLAVE AT WILTON MANORS","","$219,500","$210,000","1","1","0","¤500","Condo","1970","0","","No","",""
"4001","F10470691","CS","3390","650 Tennis Club Dr Unit#305","LAUDERDALE TENNIS CLUB LAUDERDALE TENNIS CLUB","","$219,500","$197,500","2","1","1","1,056","Condo","1972","0","","No","",""
"4001","F10538247","CS","3160","505 N Ft Lauderdale Bch Boulevard Unit#903","Q Club Resort & Residence Q Club Resort & Residence","","$219,000","$198,000","1","1","0","584","Condo","2006","0","","Yes","",""
"4001","F10538881","CS","3260","2555 NE 11th Street Unit#402","Horizon House Horizon House","","$219,000","$187,500","2","1","0","970","Condo","1965","0","","No","",""
"4001","F10544502","CS","3270","900 NE 18th Ave Unit#606","VICTORIA PARK TOWER VICTORIA PARK TOWER","","$219,000","$190,000","2","1","0","850","Condo","1970","0","","No","",""
"4001","F10535814","CS","3270","2555 NE 11th St Unit#610","Horizon House Condo Horizon House Condo","","$219,000","$219,000","1","1","0","720","Condo","1965","0","","No","",""
"4001","F10541812","CS","3280","1790 E Las Olas Boulevard Unit#25","Mayfair Arms Mayfair Arms","","$219,000","$190,000","2","2","0","1,150","Co-Op","1959","0","","Yes","",""
"4001","F10448614","CS","3370","1800 N Andrews Ave Unit#10K","DRAKE TOWER CONDO DRAKE TOWER CONDO","","$219,000","$197,000","1","1","1","775","Condo","1975","0","","No","",""
"4001","F10448034","CS","3370","900 NE 26th Street Unit#13","ONE WILTON PLACE CONDO ONE WILTON PLACE CONDO","","$219,000","$205,000","1","1","0","700","Condo","1974","0","","No","",""
"4001","F10425047","CS","3370","3004 NE 5th Ter Unit#114C","River Manor River Manor","","$219,000","$211,500","1","1","0","700","Condo","1973","0","","No","",""
"4001","F10473511","CS","3380","1311 NE 18th St Unit#205","Poinsettia Landings Condo Poinsettia Landings Condo","","$219,000","$207,000","1","1","0","545","Condo","1972","0","","No","",""
"4001","F10524957","CS","3390","620 Tennis Club Drive Unit#103","LAUDERDALE TENNIS CLUB LAUDERDALE TENNIS CLUB","","$219,000","$190,000","3","2","1","1,496","Condo","1972","0","","","",""
"4001","F10438422","CS","3390","1150 NW 30th Ct Unit#103","Wilton Shores East Wilton Shores East","","$219,000","$219,000","2","1","0","925","Condo","1964","0","","Yes","",""
"4001","F10456359","CS","3600","1700 SE 15th Street Unit#206","CARAVEL CONDOMINIUM APARTM Caravel","","$219,000","$199,000","2","1","1","1,250","Condo","1965","","No","Yes","","0"
"4001","A11972712","CS","3111","508 Antioch Ave Unit#6","BEACH RIDGE APTS CO-OP Beach Ridge","","$215,000","$190,000","2","1","0","¤792","Co-Op","1957","0","","No","",""
"4001","F10500196","CS","3170","3000 Holiday Dr Unit#1104","Maya Marca Condominium Ap Maya Marca Condominium Ap","","$215,000","$233,000","1","1","1","1,060","Condo","1966","1","","Yes","",""
"4001","F10550852","CS","3270","1900 NE 8th Court Unit#201","Gateway Arms Condo Gateway Arms Condo","","$215,000","$215,000","2","2","0","800","Condo","1966","","Yes","No","","0"
"4001","A11756919","CS","3270","1900 NE 8th Ct Unit#306","GATEWAY ARMS CONDO Gateway Arms","","$215,000","$200,000","2","2","0","¤800","Condo","1966","0","","No","",""
"4001","F10533178","CS","3370","2655 NE 8th Ave Unit#104","Wilton Place Wilton Place","","$215,000","$213,000","2","1","0","630","Condo","1969","0","","No","",""
"4001","F10514067","CS","3370","2970 NE 16th Avenue Unit#314","River Shores River Shores","","$215,000","$215,000","1","1","0","600","Condo","1965","0","","Yes","",""
"4001","F10482909","CS","3370","2124 NE 5th Avenue Unit#208","Marvilla Condominium Marvilla Condominium","","$215,000","$210,000","1","1","0","549","Condo","1963","0","","No","",""
"4001","F10473603","CS","3370","2124 NE 5th Ave Unit#107","Marvilla Condos Marvilla Condos","","$215,000","$215,000","1","1","0","549","Condo","1963","0","","No","",""
"4001","F10460701","CS","3370","3040 NE 16th Ave Unit#209","River Shores Condo River Shores Condo","","$215,000","$195,000","2","2","0","850","Condo","1963","1","","No","",""
"4001","R11100117","CS","3390","1336 NE 2nd Avenue","PROGRESSO ","","$215,000","$217,750","2","1","0","1,020","Single","1948","0","No","No","","6,755"
"4001","A11640934","CS","3480","1200 SW 12th St Unit#204","RIO NUEVO D CONDO Rio Nuevo D Condominium","","$215,000","$215,000","1","1","0","¤780","Condo","1968","0","","Yes","",""
"4001","F10533598","CS","3600","1475 SE 15th St Unit#311","EMBASSY CONDO UNIT 311 EMBASSY CONDO UNIT 311","","$215,000","$200,000","1","1","0","570","Condo","1966","0","","Yes","",""
"4001","F10507878","CS","3600","1625 SE 10th Ave Unit#805","Runaway Bay Runaway Bay","","$215,000","$165,000","1","1","0","870","Condo","1976","1","","No","",""
"4001","F10526245","CS","3370","1200 NE 17 CT Unit#12","Las Brisas Villas Las Brisas Villas","","$214,900","$200,000","1","1","0","552","Condo","1972","0","","No","",""
"4001","F10445062","CS","3390","1152 NW 30th Ct Unit#213","Wilton Shores Condiminium Wilton Shores Condiminium","","$214,500","$200,000","2","1","0","925","Condo","1964","0","","Yes","",""
"4001","F10446143","CS","3170","1900 S Ocean Dr Unit#1407","Breakwater Towers Breakwater Towers","","$213,750","$200,000","0","1","0","532","Co-Op","1962","0","","No","",""
"4001","A11588584","CS","3380","1470 N Dixie Hwy Unit#33","WISTERIA COURT CONDO WISTERIA COURT CONDO","","$213,000","$21,000","2","1","0","¤733","Condo","1974","0","","No","",""
"4001","R11121761","CS","3390","1775 N Andrews Square Unit#101w","HIDDEN HARBOR CONDOMINIUM ","","$212,500","$202,000","2","2","0","975","Condo","1972","0","No","Yes","",""
"4001","R11093772","CS","3270","744 NE 14th Avenue Unit#2","SEVILLA COURTS CONDO ","","$210,000","$182,000","1","1","0","486","Condo","1968","0","No","No","",""
"4001","A11468486","CS","3270","609 NE 13th Ave Unit#402","PARK PLACE CONDO PARK PLACE CONDO","","$210,000","$210,000","1","1","0","¤580","Condo","1974","1","","No","",""
"4001","A11903009","CS","3280","924 SE 2nd St #9","GULFSTREAM CONDO OF LAS OL ","","$210,000","$195,000","1","1","0","¤459","Single","1969","0","Yes","Yes","Attached",""
"4001","F10512154","CS","3370","2607 NE 8th Ave Unit#24","Wilton Village Wilton Village","","$210,000","$203,000","1","1","0","597","Condo","1969","0","","No","",""
"4001","F10479328","CS","3370","3000 NE 16th Ave Unit#316","RIVER SHORES RIVER SHORES","","$210,000","$205,000","1","1","0","600","Condo","1965","0","","Yes","",""
"4001","F10462228","CS","3370","3000 NE 16th Ave Unit#402","River Shores River Shores","","$210,000","$205,000","1","1","0","600","Condo","1965","0","","Yes","",""
"4001","F10445174","CS","3370","2970 NE 16th Ave Unit#315","River Shores River Shores","","$210,000","$200,000","1","1","0","600","Condo","1965","0","","Yes","",""
"4001","B26030961","CS","3380","1125 NE 16th Place Unit#209","TUDOR MANOR CONDO ","","$210,000","$200,000","2","1","0","740","Condo","1974","","No","No","","0"
"4001","B26009260","CS","3380","1200 NE 17th Court Unit#1","LAS BRISAS VILLAS CONDO ","","$210,000","$190,000","1","1","0","552","Condo","1971","","No","No","Other","0"
"4001","F10478812","CS","3390","610 Tennis Club Dr Unit#401","Lauderdale Tennis Club Lauderdale Tennis Club","","$210,000","$202,000","2","2","0","1,008","Condo","1971","0","","Yes","",""
"4001","A11904588","CS","3470","900 River Reach Dr Unit#502","RIVER REACH CONDOMINIUM I RIVER BEACH CONDOMINIUM","","$210,000","$200,000","2","1","1","¤850","Condo","1971","1","","Yes","",""
"4001","F10462748","CS","3470","1000 RIVER REACH Unit#502","RIVER REACH RIVER REACH","","$210,000","$195,000","2","1","1","921","Condo","1972","0","","Yes","",""
"4001","F10445735","CS","3560","437 NW 14th Way","First Add To Tuskegee Par ","","$210,000","$210,000","2","1","0","672","Single","1954","0","No","No","","5,650"
"4001","F10492483","CS","3600","1430 Cordova Rd Unit#24A","Cliff Lake Villas Cliff Lake Villas","","$210,000","$200,000","1","1","0","600","Co-Op","1958","0","","Yes","",""
"4001","F10543836","CS","3470","900 River Reach Drive Unit#222","River Reach River Reach","","$209,995","$190,000","1","1","0","784","Condo","1971","","","Yes","","0"
"4001","F10459385","CS","3270","900 NE 18th Avenue Unit#809","Victoria Park Tower Victoria Park Tower","","$209,900","$191,500","2","1","0","850","Condo","1970","0","","No","",""
"4001","B26033029","CS","3470","1000 River Reach Drive Unit#220","RIVER REACH CONDOMINIUM II ","","$209,900","$195,000","2","2","0","1,025","Condo","1971","","No","No","","0"
"4001","F10490090","CS","3160","505 N Ft Lauderdale Bch Boulevard Unit#2003","Q Club Resort & Residence Q Club Resort & Residence","","$209,000","$195,000","1","1","0","584","Condo","2006","0","","","",""
"4001","F10544465","CS","3390","630 Tennis Club Dr Unit#202","Lauderdale Tennis Club Lauderdale Tennis Club","","$209,000","$209,000","2","2","0","1,008","Condo","1972","0","","Yes","",""
"4001","F10486642","CS","3600","1320 Miami Rd Unit#3","Harbordale Breezes Harbordale Breezes","","$207,500","$200,000","1","1","0","587","Condo","1971","0","","No","",""
"4001","F10504828","CS","3260","1170 N Federal Hwy Unit#610","East Point Towers East Point Towers","","$205,116","$190,000","2","2","0","1,491","Condo","1973","1","","Yes","",""
"4001","F10465902","CS","3160","619 Orton Ave Unit#405","The Gallery The Gallery","","$205,000","$195,000","1","1","1","828","Condo","1971","1","","No","",""
"4001","F10425158","CS","3370","305 NE 16th St Unit#4","PALMA VISTA CONDO PALMA VISTA CONDO","","$205,000","$195,000","2","1","0","800","Condo","1970","0","","No","",""
"4001","F10503919","CS","3390","1125 NW 30th Ct Unit#15","Wilton Terrace Wilton Terrace","","$205,000","$195,000","2","1","0","900","Condo","1964","0","","No","",""
"4001","F10427193","CS","3390","630 Tennis Club Dr Unit#307","Lauderdale Tennis Club Lauderdale Tennis Club","","$205,000","$200,000","2","2","0","1,008","Condo","1972","0","","Yes","",""
"4001","F10482378","CS","3160","2825 NE 33rd Ave Unit#202","Marlin Bay Marlin Bay","","$200,000","$185,000","1","1","0","700","Co-Op","1957","0","","Yes","",""
"4001","A11686253","CS","3170","1900 S Ocean Dr Unit#209","BREAKWATER TOWERS CO-OP BREAKWATER","","$200,000","$187,500","1","1","0","¤805","Co-Op","1962","0","","No","",""
"4001","F10426303","CS","3170","1920 S Ocean Drive Unit#604","Atlantic Towers Atlantic Towers","","$200,000","$190,000","1","1","0","805","Co-Op","1961","0","","No","",""
"4001","F10369067","CS","3170","1900 S Ocean Dr Unit#206","Breakwater Towers Breakwater Towers","","$200,000","$142,500","1","1","0","750","Co-Op","1962","0","","No","",""
"4001","R11054365","CS","3270","615 NE 12th Avenue Unit#202","LaCancha ","","$200,000","$190,000","1","1","0","720","Condo","1975","0","No","No","",""
"4001","F10531491","CS","3280","924 SE 2nd St Unit#7","Gulfstream Condos Las Ola Gulfstream Condos Las Ola","","$200,000","$200,000","1","1","0","459","Condo","1969","0","","No","",""
"4001","F10514561","CS","3370","905 NE 28th St Unit#202","ANNIES CASTLE CONDO ANNIES CASTLE CONDO","","$200,000","$195,000","2","1","1","770","Condo","1979","0","","No","",""
"4001","F10454410","CS","3370","801 NE 18th Ct Unit#210","CAMELOT SHORES CAMELOT SHORES","","$200,000","$193,500","1","1","0","722","Condo","1973","0","","Yes","",""
"4001","F10519397","CS","3380","1200 NE 17th Ct Unit#5","LAS BRISAS LAS BRISAS","","$200,000","$215,000","1","1","0","552","Condo","1971","0","","No","",""
"4001","A11735441","CS","3480","900 SW 12th St Unit#103","RIO NUEVO A CONDO RIO NUEVO A CONDO","","$200,000","$170,000","2","1","","¤1,000","Condo","1966","0","","Yes","",""
"4001","F10497050","CS","3600","1510 SE 15th St Unit#309","Marina Del Mar Marina Del Mar","","$200,000","$195,000","1","1","0","670","Condo","1964","0","","Yes","",""
"4001","F10480375","CS","3160","505 N Ft Lauderdale Bch Blvd Unit#1912","Q Club Resort & Residence Q Club Resort & Residence","","$199,999","$185,000","0","1","0","533","Condo","2006","0","","Yes","",""
"4001","A11652298","CS","3280","1280 SE 2nd Ct Unit#8","LAS OLAS MANOR 1 CONDO Las Olas Manor 1","","$199,999","$199,999","1","1","0","¤700","Condo","1973","0","","No","",""
"4001","F10455427","CS","3370","801 NE 18th Ct Unit#404","Camelot Shores Camelot Shores","","$199,990","$180,000","1","1","0","722","Condo","1973","0","","Yes","",""
"4001","F10469811","CS","3380","1423 Holly Heights Dr Unit#14","CASCADE AT HOLLY HEIGHTS CASCADE AT HOLLY HEIGHTS","","$199,950","$185,000","2","1","0","702","Condo","1988","0","","No","",""
"4001","F10469793","CS","3380","1423 Holly Heights Dr Unit#3","CASCADE AT HOLLY HEIGHTS CASCADE AT HOLLY HEIGHTS","","$199,950","$190,000","2","1","0","710","Condo","1988","0","","No","",""
"4001","A11768327","CS","3130","3015 N Ocean Blvd Unit#17C","BERKLEY SOUTH CONDO Berkley South","","$199,900","$185,000","0","1","0","¤620","Condo","1974","1","","No","",""
"4001","F10425654","CS","3160","505 N Fort Lauderdale Beach Blvd Unit#2303","Q Club Resort & Residence Q Club Resort & Residence","","$199,900","$199,900","0","1","0","584","Condo","2006","0","","Yes","",""
"4001","F10433830","CS","3260","1160 N Federal Hwy Unit#224","East Point Towers East Point Towers","","$199,900","$165,000","2","2","0","1,592","Condo","1974","1","","Yes","",""
"4001","F10539164","CS","3270","2500 NE 9th Street Unit#110","Colonial Manor Colonial Manor","","$199,900","$170,000","1","1","1","790","Condo","1968","0","","No","",""
"4001","B26011016","CS","3370","3000 NE 5th Terrace Unit#313-a","RIVER MANOR ","","$199,900","$195,000","1","1","0","700","Condo","1973","","No","No","Garden Apartment, Other","0"
"4001","F10554256","CS","3370","3004 NE 5th Terrace Unit#305-C","River Manor River Manor","","$199,900","$195,000","1","1","0","700","Condo","1973","0","","Yes","",""
"4001","F10532463","CS","3370","1800 N Andrews Avenue Unit#12B","Drake Tower Drake Tower","","$199,900","$189,000","1","1","1","775","Condo","1975","0","","Yes","",""
"4001","F10473588","CS","3370","1800 N Andrews Ave Unit#3E","Drake Tower Drake Tower","","$199,900","$188,000","1","1","1","850","Condo","1974","0","","No","",""
"4001","F10465323","CS","3370","2607 NE 8th Ave Unit#25","Wilton Village Wilton Village","","$199,900","$195,000","1","1","0","597","Condo","1969","0","","No","",""
"4001","F10419962","CS","3370","2970 NE 16th Ave Unit#403","RIVER SHORES RIVER SHORES","","$199,900","$180,000","1","1","0","600","Condo","1965","0","","Yes","",""
"4001","A11805340","CS","3390","733 NW 30th Ct Unit#2","WILTON WEST CONDOMINIUM Wilton West Condominium","","$199,900","$195,000","2","1","0","¤900","Condo","1963","0","","No","",""
"4001","F10447926","CS","3390","1150 NW 30th Ct Unit#104","Wilton Shores Wilton Shores","","$199,900","$195,000","2","1","0","925","Condo","1964","0","","Yes","",""
"4001","F10512834","CS","3160","700 Bayshore Dr Unit#9","Beach Shore Apts./ CO-OPS Beach Shore Apts./ CO-OPS","","$199,000","$187,000","1","1","0","748","Co-Op","1957","0","","No","",""
"4001","F10486412","CS","3160","3015 N Ocean Boulevard Unit#9C","BERKLEY SOUTH BERKLEY SOUTH","","$199,000","$190,000","0","1","0","620","Condo","1974","1","","No","",""
"4001","F10457941","CS","3160","3000 N Ocean Blvd Unit#406","EAST SHORE CONDO EAST SHORE CONDO","","$199,000","$220,000","2","2","1","920","Condo","1981","0","","No","",""
"4001","F10440909","CS","3160","505 N Fort Lauderdale Bch Blvd Unit#2411","Q Club Resort & Residence Q Club Resort & Residence","","$199,000","$189,000","0","1","0","533","Condo","2006","0","","Yes","",""
"4001","F10466955","CS","3260","2670 E SUNRISE Blvd Unit#709","GALLERY ONE GALLERY ONE","","$199,000","$185,000","2","2","0","810","Condo","2006","0","","Yes","",""
"4001","R11049463","CS","3280","1000 SE 4th Street Unit#204","Riverview Garden Apartmen ","","$199,000","$170,000","1","1","0","620","Condo","1956","0","No","No","",""
"4001","B26039767","CS","3370","3004 NE 5th Terrace Unit#112-c","RIVER MANOR CONDO ","","$199,000","$185,000","1","1","0","700","Condo","1973","","No","No","Patio/Cluster","0"
"4001","F10500481","CS","3370","1800 N Andrews Ave Unit#5B","DRAKE TOWER DRAKE TOWER","","$199,000","$185,000","1","1","1","775","Condo","1975","0","","Yes","",""
"4001","F10491911","CS","3370","1950 N Andrews Avenue Unit#120D","Manor Grove Village I Manor Grove Village I","","$199,000","$190,000","2","2","0","1,180","Condo","1970","0","","No","",""
"4001","F10480085","CS","3370","1800 N Andrews Ave Unit#8C","DRAKE TOWER DRAKE TOWER","","$199,000","$195,000","1","1","0","670","Condo","1975","0","","Yes","",""
"4001","F10541513","CS","3380","758 NE 13th Court Unit#7","Asoka Bali West Asoka Bali West","","$199,000","$185,000","2","2","0","905","Condo","1967","0","","No","",""
"4001","B26004894","CS","3390","630 Tennis Club Drive Unit#206","Lauderdale Tennis Club ","","$199,000","$187,000","1","1","1","702","Condo","1973","","No","Yes","Substantially Remodeled","0"
"4001","F10500771","CS","3560","3004 NE 5th Ter Unit#317-C","River Manor Condo River Manor Condo","","$199,000","$199,000","2","2","0","1,000","Condo","1973","0","","Yes","",""
"4001","F10542301","CS","3600","2426 SE 17th St Unit#207A","VILLAGE AT HARBOR BEACH VILLAGE AT HARBOR BEACH","","$199,000","$180,000","1","1","0","685","Condo","2004","0","","No","",""
"4001","A11789112","CS","3600","1405 Miami Rd Unit#5","SEA BREEZE II CONDO SEA BREEZE II CONDO","","$199,000","$183,700","1","1","0","¤609","Condo","1976","0","","No","",""
"4001","F10479710","CS","3600","601 SE 5th Ct Unit#104","Riverview South Riverview South","","$199,000","$188,000","1","1","0","560","Condo","1969","0","","No","",""
"4001","F10508515","CS","3270","455 NE 16th Ave Unit#1","Hemingway Victoria Park Hemingway Victoria Park","","$198,999","$175,000","1","1","0","526","Condo","1970","0","","No","",""
"4001","R11012478","CS","3160","901 N Birch Road Unit#D6","Marine Colony Villas ","","$198,970","$160,000","1","1","0","490","Condo","1955","0","No","Yes","Garden Apartment",""
"4001","A11681973","CS","3370","3040 NE 16th Ave Unit#104","River Shores RIVER SHORES CONDO","","$198,900","$180,000","1","1","0","¤600","Condo","1963","0","","Yes","",""
"4001","A11896940","CS","3370","3000 NE 16th Ave Unit#408","RIVER SHORES CONDO RIVER SHORES TERRACE AND","","$198,765","$192,000","1","1","0","¤600","Condo","1965","0","","Yes","",""
"4001","F10454186","CS","3390","1125 NW 30 Unit#8","Wilton Terrace Wilton Terrace","","$198,500","$197,300","2","1","0","900","Condo","1964","0","","No","",""
"4001","A11969169","CS","3400","670 Tennis Club Dr Unit#307","TENNIS CLUB DAVIS CONDO The Tennis Club","","$197,500","$202,500","2","1","1","¤1,056","Condo","1976","0","","No","",""
"4001","F10474201","CS","3370","801 NE 18th Ct Unit#109","CAMELOT SHORES CAMELOT SHORES","","$195,999","$187,500","1","1","0","722","Condo","1973","1","","Yes","",""
"4001","F10425869","CS","3160","505 N Fort Lauderdale Beach Blvd Unit#2004","Q Club Resort & Residence Q Club Resort & Residence","","$195,000","$175,000","0","1","0","584","Condo","2006","0","","Yes","",""
"4001","F10483242","CS","3170","1900 S Ocean Dr Unit#711","Breakwater Towers CO-OP Breakwater Towers CO-OP","","$195,000","$195,000","2","2","0","1,036","Co-Op","1962","0","","No","",""
"4001","A11937570","CS","3270","900 NE 18th Ave Unit#801","VICTORIA PARK TOWER CONDO VICTORIA PARK TOWER","","$195,000","$172,000","2","1","0","¤850","Condo","1971","0","","No","",""
"4001","F10528704","CS","3370","3002 NE 5th Ter Unit#215B","River Manor River Manor","","$195,000","$183,500","2","2","0","1,000","Condo","1973","0","","Yes","",""
"4001","A11718745","CS","3370","3004 NE 5th Ter Unit#101-C","RIVER MANOR CONDO RIVER","","$195,000","$150,000","2","2","0","¤1,000","Condo","1973","0","","No","",""
"4001","A11559711","CS","3370","9 NE 19th Ct Unit#203C","MANOR GROVE VILLAGE ONE I MANOR GROVE VILLAGE ONE","","$195,000","$185,000","1","1","0","¤750","Condo","1970","0","","No","",""
"4001","F10427128","CS","3370","1810 E OAKLAND PARK BLVD Unit#1","THREE RIVERS EAST THREE RIVERS EAST","","$195,000","$190,000","2","1","0","780","Condo","1965","0","","No","",""
"4001","A11785671","CS","3390","1901 N Andrews Ave Unit#101","WOODS CONDO THE WOODS CONDO","","$195,000","$190,000","1","1","0","¤685","Condo","1973","0","","No","",""
"4001","A11887524","CS","3160","505 N Fort Lauderdale Beach Blvd Unit#1915","Q CLUB RESORT & RESIDENCE Q Club Resort & Residence","","$194,999","$185,000","0","1","0","¤533","Condo","2006","0","","Yes","",""
"4001","A11630741","CS","3170","2670 E Sunrise Blvd Unit#519","GALLERY ONE CONDO GALLERY ONE CONDO","","$192,000","$192,000","1","1","0","¤554","Condo","1988","1","","Yes","",""
"4001","F10513957","CS","3150","1816 E Oakland Park Blvd Unit#77","THREE RIVERS EAST THREE RIVERS EAST","","$190,000","$160,000","1","1","0","588","Condo","1966","0","","Yes","",""
"4001","A11422718","CS","3170","2426 SE 17th St Unit#104A","VILLAGE AT HARBOR BEACH C Village At Harbor Beach","","$190,000","$186,000","1","1","0","¤685","Condo","1969","1","","No","",""
"4001","F10460002","CS","3260","2670 E Sunrise Blvd Unit#1026","GALLERY ONE CONDO GALLERY ONE CONDO","","$190,000","$182,500","1","1","0","379","Condo","1988","1","","Yes","",""
"4001","F10437758","CS","3260","1160 N Federal Hwy Unit#415","East Point towers East Point towers","","$190,000","$185,000","1","1","0","896","Condo","1978","0","","Yes","",""
"4001","F10534447","CS","3370","1470 N Dixie Highway Unit#11","Wisteria Court Condo Wisteria Court Condo","","$190,000","$160,000","2","1","0","729","Condo","1974","0","","No","",""
"4001","A11705486","CS","3370","2607 NE 8th Ave Unit#22","WILTON VILLAGE CONDO Wilton Village","","$190,000","$190,000","1","1","0","¤597","Condo","1969","1","","No","",""
"4001","F10451394","CS","3370","119 NE 19th Ct Unit#207G","Manor Grove Village two Manor Grove Village two","","$190,000","$167,000","1","1","0","750","Condo","1971","0","","No","",""
"4001","A11503484","CS","3480","2550 SW 18th Ter Unit#1904","MARINA OAKS CONDO Marina Oaks","","$190,000","$180,000","1","1","0","¤632","Condo","1988","1","","No","",""
"4001","F10498111","CS","3490","2550 SW 18 Terrace Unit#2105","Marina Oaks Marina Oaks","","$190,000","$173,000","1","1","0","682","Condo","1988","0","","No","",""
"4001","F10540959","CS","3600","1900 S Ocean Drive Unit#210","Breakwater Towers Breakwater Towers","","$190,000","$181,000","1","1","0","805","Co-Op","1962","0","","No","",""
"4001","F10490341","CS","3390","1901 N Andrews Ave Unit#208","The Woods Condominium The Woods Condominium","","$189,999","$182,000","1","1","0","685","Condo","1973","0","","No","",""
"4001","F10513666","CS","3370","1800 N Andrews Ave Unit#8C","DRAKE TOWER DRAKE TOWER","","$189,900","$185,000","1","1","0","670","Condo","1975","0","","Yes","",""
"4001","F10504588","CS","3370","900 NE 26th St Unit#6","Wilton Place Wilton Place","","$189,900","$190,000","1","1","0","634","Condo","1973","0","","No","",""
"4001","F10493647","CS","3600","1900 S Ocean Dr Unit#105","Breakwater Towers Breakwater Towers","","$189,500","$186,000","1","1","0","805","Co-Op","1962","0","","No","",""
"4001","F10455689","CS","3170","1900 S Ocean Dr Unit#308","BREAKWATER TOWERS BREAKWATER TOWERS","","$189,000","$182,500","0","1","0","532","Co-Op","1962","0","","No","",""
"4001","F10487143","CS","3260","2829 NE 30th St Unit#305","REGENCY HOUSE REGENCY HOUSE","","$189,000","$175,000","1","1","0","578","Co-Op","1962","0","","No","",""
"4001","R10981246","CS","3260","2909 Middle River Drive Unit#103","ROYAL ARMS CONDOMINIUM ","","$189,000","$175,000","1","1","0","600","Condo","1965","0","No","No","",""
"4001","F10515365","CS","3270","900 NE 18th Ave Unit#1102","Victoria Park Tower Victoria Park Tower","","$189,000","$180,000","1","1","0","690","Condo","1970","0","","No","",""
"4001","R11119777","CS","3600","1700 SE 15th Street Unit#304","CARAVEL CONDOMINIUM APARTM ","","$189,000","$170,000","1","1","0","900","Condo","1965","0","No","Yes","",""
"4001","F10457480","CS","3260","2829 NE 30th St Unit#301","Regency House Regency House","","$188,000","$178,000","1","1","0","578","Co-Op","1962","0","","No","",""
"4001","F10435719","CS","3600","1001 SE 16th St Unit#1","Harbordale Condo Harbordale Condo","","$187,500","$180,000","1","1","0","570","Condo","1967","0","","No","",""
"4001","A11607332","CS","3480","2445 SW 18th Ter Unit#1118","MARINA OAKS CONDO MARINA OAKS CONDO","","$187,000","$184,000","1","1","0","¤632","Condo","1987","0","","No","",""
"4001","F10487227","CS","3600","1320 Miami Rd Unit#8","Harbordale Breezes Harbordale Breezes","","$187,000","$175,000","1","1","0","690","Condo","1971","0","","No","",""
"4001","F10480867","CS","3600","1320 Miami Rd Unit#2","HARBORDALE BREEZES HARBORDALE BREEZES","","$187,000","$175,000","1","1","0","591","Condo","1971","0","","No","",""
"4001","F10446435","CS","3270","900 NE 18th Ave Unit#302","Victoria Park Tower Victoria Park Tower","","$185,500","$180,000","1","1","0","700","Condo","1970","0","","No","",""
"4001","A11914876","CS","3010","2445 SW 18th Ter Unit#113","MARINA OAKS CONDO Marina Oaks","","$185,000","$167,500","1","1","0","¤632","Condo","1987","1","","No","",""
"4001","A11995514","CS","3160","508 Antioch Ave Unit#17","BEACH RIDGE APTS CO-OP BEACH RIDGE","","$185,000","$170,000","1","1","0","¤748","Co-Op","1956","0","","No","",""
"4001","R10999335","CS","3260","2670 E Sunrise Boulevard Unit#624","GALLERY ONE CONDO ","","$185,000","$150,000","1","1","0","639","Condo","1988","0","No","Yes","High Rise",""
"4001","F10522823","CS","3270","900 NE 18th Ave Unit#208","Victoria Park Tower Victoria Park Tower","","$185,000","$180,000","2","1","0","850","Condo","1970","0","","No","",""
"4001","F10524296","CS","3370","2607 NE 8th Ave Unit#28","Wilton Village Wilton Village","","$185,000","$180,000","1","1","0","597","Condo","1969","0","","No","",""
"4001","F10515677","CS","3370","3004 NE 5th Ter Unit#109-C","River Manor River Manor","","$185,000","$185,000","2","2","0","1,000","Condo","1973","0","","Yes","",""
"4001","F10479463","CS","3370","1812 E Oakland Park Blvd Unit#36","Three Rivers East Condo Three Rivers East Condo","","$185,000","$155,000","1","1","0","588","Condo","1966","0","","Yes","",""
"4001","F10516901","CS","3400","1705 NW 15th St","Lauderdale Manors Amd ","","$185,000","$180,000","3","2","0","1,104","Single","1954","0","No","No","","8,398"
"4001","F10516723","CS","3600","601 SE 5th Ct Unit#103","Riverview South Riverview South","","$185,000","$180,000","1","1","0","530","Condo","1969","0","","No","",""
"4001","A11758173","CS","3600","1000 SE 15th St Unit#203","HARBORDALE CONDO HARBORDALE","","$185,000","$172,500","1","1","0","¤485","Condo","1966","0","","No","",""
"4001","F10474024","CS","3600","1001 SE 16th St Unit#18","Harbordale Harbordale","","$185,000","$182,000","1","1","0","570","Condo","1967","0","","No","",""
"4001","F10428622","CS","3600","1060 SE 14th Pl Unit#16D","Cliff Lake Villas Cliff Lake Villas","","$185,000","$177,000","2","1","0","800","Co-Op","1958","0","","Yes","",""
"4001","A11620491","CS","3130","2670 E Sunrise Blvd Unit#407","GALLERY ONE CONDO GalleryOne Condo","","$184,999","$152,500","1","1","0","¤548","Condo","1988","1","","Yes","",""
"4001","F10469785","CS","3380","1423 Holly Heights Dr Unit##2","CASCADE AT HOLLY HEIGHTS CASCADE AT HOLLY HEIGHTS","","$184,950","$185,000","1","1","0","585","Condo","1988","0","","No","",""
"4001","A11893429","CS","3160","345 N Fort Lauderdale Beach Blvd Unit#201","SPRING TIDE APTS CO-OP Spring Tide","","$180,000","$180,000","1","1","0","¤811","Co-Op","1958","0","","Yes","",""
"4001","F10474988","CS","3260","2400 NE 9th St Unit#604","Ocean Sunrise Ocean Sunrise","","$180,000","$160,000","2","1","0","650","Co-Op","1974","0","","No","",""
"4001","F10467037","CS","3260","2555 NE 11th St Unit#PH08","HORIZON HOUSE CONDO HORIZON HOUSE CONDO","","$180,000","$175,000","1","1","0","710","Condo","1965","0","","No","",""
"4001","A11970330","CS","3270","744 NE 14th Ave Unit#1","SEVILLA COURTS CONDO SEVILLA COURTS CONDO","","$180,000","$145,000","1","1","0","¤486","Condo","1968","0","","No","",""
"4001","A11740901","CS","3480","2445 SW 18th Ter Unit#901","MARINA OAKS CONDO Marina Oaks Condominiums","","$179,999","$165,000","1","1","0","¤632","Condo","1987","0","","No","",""
"4001","F10461101","CS","3160","2815 NE 33rd Ave Unit#106","LAUDERDALE BEACH SURF LAUDERDALE BEACH SURF","","$179,000","$166,700","2","1","0","800","Co-Op","1961","0","","Yes","",""
"4001","F10483240","CS","3170","1900 S Ocean Dr Unit#608","Breakwater Towers CO-OP Breakwater Towers CO-OP","","$179,000","$160,000","0","1","0","532","Co-Op","1962","0","","No","",""
"4001","F10499601","CS","3260","2900 NE 30th St Unit#8E","Lauderdale Tower Lauderdale Tower","","$179,000","$179,000","0","1","0","440","Condo","1964","0","","Yes","",""
"4001","F10529735","CS","3370","1812 E Oakland Park Blvd Unit#29","THREE RIVERS EAST CONDO THREE RIVERS EAST CONDO","","$179,000","$155,000","1","1","0","588","Condo","1966","0","","Yes","",""
"4001","F10512685","CS","3370","728 NE 13th Ct Unit#14","VILLA SUN RAY CONDO VILLA SUN RAY CONDO","","$179,000","$179,000","2","1","0","573","Condo","1965","0","","No","",""
"4001","A11768163","CS","3390","1901 N Andrews Ave Unit#105","WOODS CONDO The Woods Condominium","","$179,000","$160,000","1","1","0","¤685","Condo","1973","0","","No","",""
"4001","A11910265","CS","3560","1312 NW 8th Ave","PROGRESSO ","","$179,000","$155,000","2","1","0","¤800","Single","1984","2","No","No","Attached","¤1,089"
"4001","A11910244","CS","3560","1309 NW 8th Ave","PROGRESSO ","","$179,000","$155,000","2","1","0","¤800","Single","1985","2","No","No","Attached","¤1,089"
"4001","A11991666","CS","3600","1405 Miami Rd Unit#23","SEA BREEZE II CONDO Sea Breeze 2 Condo","","$179,000","$175,000","1","1","0","¤609","Condo","1977","0","","No","",""
"4001","F10451430","CS","3370","1818 E Oakland Park Blvd Unit#94","THREE RIVERS EAST CONDO THREE RIVERS EAST CONDO","","$177,890","$173,500","1","1","0","588","Condo","1966","0","","No","",""
"4001","F10436268","CS","3160","505 N Ft Lauderdale Bch Blvd Unit#1404","Q Club Resort & Residence Q Club Resort & Residence","","$175,000","$175,000","0","1","0","584","Condo","2006","0","","Yes","",""
"4001","F10551689","CS","3370","1470 N Dixie Highway Unit#1","WISTERIA COURT WISTERIA COURT","","$175,000","$171,000","2","1","0","729","Condo","1974","0","","No","",""
"4001","F10534131","CS","3370","305 NE 16th Street Unit#B7","PLAMA VISTA PLAMA VISTA","","$175,000","$172,500","2","1","0","800","Condo","1970","0","","No","",""
"4001","A11896146","CS","3370","3002 NE 5th Ter Unit#106-B","RIVER MANOR CONDO RiIVER MANOR CONDO","","$175,000","$150,000","1","2","0","¤1,000","Condo","1973","0","","No","",""
"4001","F10509536","CS","3370","3020 NE 16th Ave Unit#204 E","River Shores River Shores","","$175,000","$170,000","2","1","0","850","Condo","1967","0","","Yes","",""
"4001","F10502357","CS","3370","305 NE 16th St Unit#B8","PALMA VISTA PALMA VISTA","","$175,000","$169,900","2","1","0","810","Condo","1970","0","","No","",""
"4001","A11791492","CS","3390","733 NW 30th Ct Unit#1","WILTON WEST CONDOMINIUM WILTON WEST","","$174,400","$160,000","2","1","0","¤810","Condo","1963","0","","No","",""
"4001","A11709609","CS","3130","728 NE 13th Ct Unit#13","VILLA SUN RAY CONDO Villa Sun Ray","","$173,000","$165,000","0","1","0","¤366","Condo","1965","2","","No","",""
"4001","A11734402","CS","3170","2424 SE 17th Cswy Unit#207B","VILLAGE AT HARBOR BEACH CONDO","","$172,000","$150,000","1","1","0","¤685","Condo","1967","1","","No","",""
"4001","F10489129","CS","3390","701 NW 19th St Unit#512","TENNIS CLUB II TENNIS CLUB II","","$172,000","$152,000","2","2","0","1,000","Condo","1986","0","","No","",""
"4001","F10497767","CS","3160","505 N Fort Lauderdale Beach Blvd Unit#2212","QClub Condo Asociation QClub Condo Asociation","","$170,000","$165,000","0","1","0","533","Condo","2006","1","","Yes","",""
"4001","F10541020","CS","3490","2550 SW 18th Terrace Unit#2118","MARINA OAKS CONDO MARINA OAKS CONDO","","$170,000","$165,000","1","1","0","682","Condo","1988","0","","No","",""
"4001","F10519632","CS","3370","2990 NE 16th Ave Unit#201","RIVER SHORES RIVER SHORES","","$169,999","$135,000","2","1","0","850","Condo","1965","0","","Yes","",""
"4001","F10529666","CS","3260","2400 NE 9th St Unit#301","Ocean Sunrise Co-op Ocean Sunrise Co-op","","$169,900","$150,000","2","1","0","650","Co-Op","1974","0","","No","",""
"4001","F10504692","CS","3270","900 NE 18th Ave Unit#709","Victoria Park Tower Victoria Park Tower","","$169,900","$160,000","2","1","0","850","Condo","1970","0","","No","",""
"4001","F10454929","CS","3370","12 NE 19TH CT Unit#209A","MANOR GROVE VILLAGE ONE MANOR GROVE VILLAGE ONE","","$169,900","$160,000","1","1","0","750","Condo","1971","0","","No","",""
"4001","A11718892","CS","3260","2555 NE 11th St Unit#303","HORIZON HOUSE CONDO Horizon House Condominium","","$169,000","$169,000","1","1","0","¤710","Condo","1965","0","","No","",""
"4001","F10467139","CS","3260","2670 E Sunrise Blvd Unit#503","Gallery One Gallery One","","$169,000","$160,000","1","1","0","548","Condo","1986","1","","Yes","",""
"4001","F10505362","CS","3390","701 NW 19th St Unit#300","TENNIS CLUB II TENNIS CLUB II","","$169,000","$155,000","2","2","0","1,000","Condo","1986","0","","No","",""
"4001","A11502544","CS","3260","2670 E Sunrise Blvd Unit#717","GALLERY ONE CONDO GALLERY ONE","","$168,500","$160,000","1","1","0","¤548","Condo","1988","0","","Yes","",""
"4001","F10454289","CS","3370","12 NE 19th Ct Unit#112A","Manor Grove Village Condo Manor Grove Village Condo","","$167,000","$152,000","1","1","0","750","Condo","1970","0","","No","",""
"4001","F10448968","CS","3370","309 NE 16 St Unit#C5","Palma Vista Palma Vista","","$165,000","$160,000","2","1","0","800","Condo","1970","0","","No","",""
"4001","F10511243","CS","3390","1901 N Andrews Ave Unit#103","The Woods The Woods","","$165,000","$157,500","1","1","0","685","Condo","1973","0","","No","",""
"4001","F10516391","CS","3480","2445 SW 18th Ter Unit#504","MARINA OAKS CONDO MARINA OAKS CONDO","","$165,000","$165,000","1","1","0","682","Condo","1987","0","","No","",""
"4501","A11882032","CS","3260","2670 E Sunrise Blvd Unit#724","GALLERY ONE CONDO GALLERY ONE CONDO","","$164,900","$150,000","1","1","0","¤639","Condo","1988","0","","Yes","",""
"4501","A11733988","CS","3170","1900 S Ocean Dr Unit#308","BREAKWATER TOWERS CO-OP BREAKWATER TOWERS","","$160,000","$159,000","1","1","0","¤532","Co-Op","1962","0","","No","",""
"4501","A11701889","CS","3260","2670 E Sunrise Blvd Unit#724","GALLERY ONE CONDO GALLERY ONE CONDO","","$160,000","$154,500","1","1","0","¤639","Hotel","1986","0","","Yes","",""
"4501","A11664624","CS","3260","2670 E Sunrise Blvd Unit#328","GALLERY ONE CONDO GALLERY ONE CONDO","","$160,000","$150,000","1","1","0","¤585","Condo","1988","0","","Yes","",""
"4501","A11367418","CS","3260","2670 E Sunrise Blvd Unit#722","GALLERY ONE CONDO GALLERY ONE CONDO","","$160,000","$156,000","1","1","0","¤548","Hotel","1986","1","","Yes","",""
"4501","F10477702","CS","3390","1150 NW 30th Ct Unit#206","Wilton Shores Wilton Shores","","$160,000","$155,000","2","1","0","925","Condo","1964","0","","Yes","",""
"4501","A11760841","CS","3560","1100 NE 9th Ave Unit#105","SOUTHDALE CONDO SOUTHDALE CONDO","","$160,000","$155,000","1","1","0","¤600","Condo","1972","0","","No","",""
"4501","F10525698","CS","3600","1440 SE 10th Avenue Unit#1A","Cliff Lake Villas Cliff Lake Villas","","$160,000","$155,000","1","1","0","600","Co-Op","1958","0","","No","",""
"4501","A12000513","CS","3400","1632 NW 9th Ave","PROGRESSO ","","$159,900","$150,000","2","1","0","¤1,072","Single","1955","0","No","No","Detached","¤6,747"
"4501","A11729166","CS","3480","2550 SW 18th Ter Unit#1508","MARINA OAKS CONDO Marina Oaks","","$159,900","$155,000","1","1","0","¤632","Condo","1988","2","","No","",""
"4501","F10515410","CS","3370","1800 N Andrews Ave Unit#3I","DRAKE TOWER DRAKE TOWER","","$159,000","$150,000","1","1","0","790","Condo","1975","0","","Yes","",""
"4501","F10457401","CS","3370","124 NE 19th Ct Unit#112B","MANOR GROVE CONDO 1 MANOR GROVE CONDO 1","","$159,000","$154,500","1","1","0","750","Condo","1970","0","","No","",""
"4501","F10469805","CS","3380","1423 Holly Heights Drive Unit#13","CASCADE AT HOLLY HEIGHTS CASCADE AT HOLLY HEIGHTS","","$159,000","$147,500","1","1","0","585","Condo","1988","0","","No","",""
"4501","F10537166","CS","3390","701 NW 19th St Unit#200","TENNIS CLUB II TENNIS CLUB II","","$159,000","$157,000","2","2","0","968","Condo","1986","0","","No","",""
"4501","F10541733","CS","3370","2970 NE 16th Avenue Unit#102b","River Shores River Shores","","$157,000","$153,000","1","1","0","600","Condo","1965","","","Yes","","0"
"4501","B26015934","CS","3260","2701 Middle River Drive Unit#19","PARK RIDGE NORTH APTS COND ","","$155,000","$145,000","1","1","0","675","Condo","1965","","No","No","","0"
"4501","F10530502","CS","3260","2670 E Sunrise Boulevard Unit#922","Gallery One Gallery One","","$155,000","$152,000","1","1","0","548","Condo","1988","1","","Yes","","0"
"4501","F10504637","CS","3270","900 NE 18th Ave Unit#503","Victoria Park Tower! Victoria Park Tower!","","$155,000","$140,000","1","1","0","690","Condo","1969","0","","No","",""
"4501","F10508496","CS","3370","1920 NE 1st Ter Unit#110H","Manor Grove Village Two Manor Grove Village Two","","$155,000","$155,000","1","1","0","750","Condo","1971","0","","No","",""
"4501","F10497930","CS","3260","2670 E Sunrise Blvd Unit#1103","Gallery One Gallery One","","$154,900","$150,000","1","1","0","548","Condo","1988","0","","Yes","",""
"4501","F10462370","CS","3600","1012 SE 15th St Unit#9","Pati Condos Pati Condos","","$154,788","$139,000","1","1","0","580","Condo","1965","0","","No","",""
"4501","A11941524","CS","3400","1713 NW 13th Ct","LAUDERDALE MANORS AMD PLA ","","$153,000","$153,000","3","1","0","¤1,058","Single","1956","0","No","No","Detached","¤8,132"
"4501","A11831037","CS","3280","1212 SE 2nd Ct Unit#103","LAS OLAS MANOR 2 CONDO Las Olas Manor","","$151,900","$145,000","0","1","0","¤530","Condo","1975","0","","No","",""
"4501","F10406899","CS","3260","2670 E Sunrise Blvd Unit#532","Gallery One Gallery One","","$150,000","$143,000","1","1","0","643","Condo","1986","0","","Yes","",""
"4501","F10534721","CS","3370","1470 N Dixie Hwy Unit#23","Wisteria Court Condo Wisteria Court Condo","","$150,000","$135,000","1","1","0","576","Condo","1974","0","","No","",""
"4501","F10533783","CS","3370","1470 N Dixie Hwy Unit#8","Wisteria Court Wisteria Court","","$150,000","$140,000","1","1","0","576","Condo","1974","0","","No","",""
"4501","F10457679","CS","3380","1100 NE 9th AVE Unit#107","SOUTHDALE CONDOS SOUTHDALE CONDOS","","$150,000","$125,000","1","1","0","540","Condo","1978","0","","No","",""
"4501","F10500472","CS","3600","1700 SE 15th St Unit#204","CARAVEL CARAVEL","","$150,000","$140,000","1","1","0","900","Condo","1965","0","","Yes","",""
"4501","F10544929","CS","3170","1900 S Ocean Drive Unit#408","Breakwater Towers Breakwater Towers","","$149,067","$112,500","0","1","0","532","Co-Op","1962","0","","No","",""
"4501","F10541005","CS","3370","3000 NE 16th Avenue Unit#305","River Shores River Shores","","$149,000","$129,000","1","1","0","600","Condo","1965","","","No","","0"
"4501","F10503908","CS","3390","701 NW 19th St Unit#302","TENNIS CLUB II TENNIS CLUB II","","$149,000","$136,500","2","1","0","682","Condo","1986","0","","No","",""
"4501","F10464618","CS","3260","2670 E Sunrise Blvd Unit#1030","Gallery One Gallery One","","$145,000","$142,000","1","1","0","548","Condo","1988","1","","Yes","",""
"4501","A11583474","CS","3260","2670 E Sunrise Blvd Unit#320","GALLERY ONE CONDO Gallery Once","","$145,000","$140,000","1","1","0","¤554","Condo","1988","0","","Yes","",""
"4501","R11001716","CS","3370","1950 N Andrews Avenue Unit#203d","MANOR GROVE VILLAGE ONE I ","","$144,900","$130,000","1","1","0","750","Condo","1970","0","No","No","Garden Apartment",""
"4501","A11719503","CS","3260","2670 E Sunrise Blvd Unit#1420","GALLERY ONE CONDO Gallery One Hotel Condo","","$140,000","$140,000","1","1","0","¤554","Hotel","1988","0","","Yes","",""
"4501","A11766968","CS","3380","1100 NE 9th Ave Unit#303","SOUTHDALE CONDO SOUTHDALE CONDO","","$140,000","$140,000","1","1","0","¤680","Condo","1972","0","","No","",""
"4501","A11972305","CS","3390","1152 NW 30th Ct Unit#111","WILTON SHORES EAST CONDO WILTON SHORES EAST","","$140,000","$129,000","2","1","0","¤925","Condo","1965","0","","Yes","",""
"4501","F10507224","CS","3560","1610 NW 16th Ct","LAUDERDALE MANORS AMEND P ","","$140,000","$137,750","3","1","0","912","Single","1953","0","No","No","","7,304"
"4501","R10873167","CS","3260","2670 E Sunrise Boulevard Unit#602","GALLERY ONE CONDO ","","$139,999","$110,000","1","1","0","470","Condo","1986","0","No","Yes","",""
"4501","R11052308","CS","3260","2670 E Sunrise Boulevard Unit#1226","GALLERY ONE CONDO ","","$139,900","$139,900","1","1","0","379","Condo","1988","0","No","Yes","",""
"4501","A11786742","CS","3260","2670 E Sunrise Blvd Unit#1002","GALLERY ONE CONDO Gallery One","","$135,999","$128,500","1","1","0","¤470","Condo","1988","0","","Yes","",""
"4501","A11861047","CS","3260","2670 E Sunrise Blvd Unit#1005","GALLERY ONE CONDO Gallery One","","$135,000","$110,000","1","1","0","¤591","Condo","1988","0","","Yes","",""
"4501","F10458110","CS","3260","2670 E Sunrise Blvd Unit#911","Gallery One Gallery One","","$135,000","$130,000","1","1","0","341","Condo","1988","1","","Yes","",""
"4501","A11915832","CS","3390","715 NW 30th Ct Unit#11","WILTON EAST CONDO WILTON EAST CONDO","","$135,000","$70,000","1","1","0","¤568","Condo","1963","0","","No","",""
"4501","F10517379","CS","3260","2555 NE 11th St Unit#804","Horizon condominium Horizon condominium","","$130,000","$136,000","1","1","0","710","Condo","1965","1","","No","",""
"4501","F10499223","CS","3260","2670 E Sunrise Blvd Unit#1418","Gallery One Gallery One","","$130,000","$132,000","1","1","0","548","Condo","1988","1","","Yes","",""
"4501","F10474688","CS","3260","2624 NE 30th Pl Unit#102B","Sutton Place Sutton Place","","$130,000","$130,000","1","1","0","567","Condo","1974","0","","No","",""
"4501","A11746481","CS","3260","2670 E Sunrise Blvd Unit#615","GALLERY ONE CONDO GALLERY ONE CONDO","","$126,000","$126,000","1","1","0","¤586","Condo","1988","1","","No","",""
"4501","F10537268","CS","3160","524 Orton Ave Unit#101","Britannia Britannia","","$125,000","$112,500","0","1","0","204","Condo","1964","0","","No","",""
"4501","B26006048","CS","3260","2670 E Sunrise Boulevard Unit#520","GALLERY ONE CONDO ","","$125,000","$125,250","1","1","0","554","Condo","1988","1","No","Yes","","0"
"4501","F10538057","CS","3260","2670 E Sunrise Blvd Unit#603","GALLERY ONE GALLERY ONE","","$125,000","$115,000","1","1","0","548","Condo","1986","1","","Yes","",""
"4501","A11712255","CS","3380","1100 NE 9th Ave Unit#305","SOUTHDALE CONDO Southdale Condo","","$125,000","$115,000","1","1","0","¤750","Condo","1972","0","","No","",""
"4501","B26026279","CS","3390","1901 N Andrews Avenue Unit#216","WOODS CONDO ","","$125,000","$132,900","1","1","0","685","Condo","1973","","No","Yes","","0"
"4501","F10493985","CS","3390","1152 NW 30th Ct Unit#211","Wilton Shores East Condo Wilton Shores East Condo","","$125,000","$120,000","2","1","0","925","Condo","1964","0","","Yes","",""
"4501","A11694694","CS","3260","2670 E Sunrise Blvd Unit#905","GALLERY ONE CONDO Gallery One","","$124,900","$108,000","1","1","0","¤591","Condo","1988","0","","Yes","",""
"4501","A11939472","CS","3370","124 NE 19th Ct Unit#110B","MANOR GROVE VILLAGE ONE MANOR GROVE VILLAGE ONE","","$124,500","$111,000","1","1","0","¤750","Condo","1971","0","","Yes","",""
"4501","F10476341","CS","3260","2670 E Sunrise Blvd Unit#1421","Gallery One Gallery One","","$122,000","$100,000","1","1","0","548","Condo","1988","1","","Yes","",""
"4501","F10537437","CS","3260","2670 E Sunrise Boulevard Unit#1115","Gallery One Gallery One","","$120,000","$115,000","1","1","0","586","Condo","1988","1","","Yes","",""
"4501","F10542855","CS","3660","3321 NW 47th Terrace Unit#232","Cypress Chase North Cypress Chase North","","$120,000","$105,000","2","2","0","1,002","Condo","1981","0","","Yes","",""
"4501","A11825236","CS","3260","2670 E Sunrise Blvd Unit#1411","GALLERY ONE CONDO GALLERY ONE CONDO","","$115,000","$100,000","1","1","","¤341","Condo","1986","0","","Yes","",""
"4501","F10552678","CS","3260","2670 E Sunrise Boulevard Unit#723","Gallery One Gallery One","","$112,500","$112,000","1","1","0","617","Condo","1988","1","","Yes","","0"
"4501","F10533405","CS","3260","2670 E Sunrise Blvd Unit#332","Gallery One Condo Gallery One Condo","","$110,000","$80,000","1","1","0","643","Condo","1988","0","","Yes","",""
"4501","A11905763","CS","3560","733 NW 15th T","CARVER PARK ","","$100,000","$133,000","2","1","0","¤750","Single","1954","0","No","No","Detached","¤5,625"
"4501","A11974264","CS","","1422 SW 23rd St","MARINA LANDINGS ","","","$1,275,000","4","3","0","¤2,630","Single","","2","No","No","","¤4,283"
"4501","A11965286","CS","","1523 SE 12th St","RIO VISTA ISLES ","","","$5,600,000","5","5","1","¤4,077","Single","2024","1","Yes","Yes","","¤8,125"
"4501","A11889577","CS","","153 N Seabreeze Blvd Unit#2204-S"," ","","","$2,006,300","2","2","1","2,152","Condo","","2","","Yes","",""
"4501","A11872320","CS","","2200 N Ocean Blvd Unit#S1405","2200 FORT LAUDERDALE BEAC ","","","$1,850,000","2","2","0","¤1,294","Condo","2018","0","","Yes","",""
"4501","A11841436","CS","","2518 Sea Island Dr","SEA ISLAND ","","","$2,900,000","4","3","1","¤2,906","Single","1992","0","Yes","Yes","","¤10,022"
"4501","A11821526","CS","","2200 S Ocean Ln Unit#309","POINT OF AMERICAS PHASE I ","","","$1,575,000","2","2","0","¤1,641","Townhouse","1971","1","","Yes","",""
"4501","A11690371","CS","","922 NW 4th Ave Unit#1-4","PROGRESSO ","","","$415,000","4","4","0","¤2,595","Condo","1957","0","","No","",""
"4501","A11649731","CS","","1237 Seabreeze Blvd","HARBOR BEACH ","","","$4,400,000","5","3","2","¤3,240","Single","","2","Yes","No","","¤10,660"
"4501","A11968389","CS","3160","153 N Seabreeze Blvd Unit#505"," ","","","$1,396,850","2","3","0","1,789","Condo","","1","","Yes","",""
"4501","A11963879","CS","3280","417 Idlewyld Dr","IDLEWYLD ","","","$11,800,000","7","7","0","¤6,848","Single","2023","2","Yes","Yes","","¤12,949"
