"","MLS # Link","St","Area","Address","Current Price","Total Acreage","Property SqFt","Lot Description","ZN","Subdivision Name","Road Description","Waterfront Property (Y/N)","Style of Property","Type of Property","Sale Price"
"1","R11146233","CS","4110","1120 S Ocean Boulevard","$105,000,000","3.5000","","1 To Less Than 2 Acre Lot, 2 To Less Than 3 Acre Lot","R-1C(c","HYPOLUXO BEACH MAP 1 IN","County Road, Public Road","Yes","","Unimproved Agri/Recreatn/Moblhome","$105,000,000"
"1","F10486652","CS","3600","1818 SE 10th St","$42,650,000","1.3900","60,868","1 To Less Than 2 Acre Lot","RS-4.4","RIO VISTA ILSES","","Yes","Zoned Residential","Residential","$42,650,000"
"1","A11695755","CS","41","8565 Old Cutler Rd","$41,625,000","4.6000","200,650","4 To Less Than 5 Acre Lot","¤0100","GABLES ESTATES NO 2","","Yes","Zoned Residential","Residential","$41,625,000"
"1","B26026938","CS","5003","690 Island Drive","$39,200,000","0.8400","","1/2 To Less Than 3/4 Acre Lot, Less Than 1 Acre","R-B (city)","EVERGLADES ISLAND 2","Paved Road","Yes","","Unimproved Agri/Recreatn/Moblhome","$39,200,000"
"1","R11158560","CS","5030","430 S Beach Road","$31,651,175","","","","res","jupiter island","City/County Maintained, Paved Road","Yes","","Single","$31,651,175"
"1","R11154052","CS","5003","Tarpon Way Lot","$27,250,000","0.5300","","1/2 To Less Than 3/4 Acre Lot","R-A(ci","ISLAND RD DEV REV","City/County Maintained, Paved Road","Yes","","Unimproved Agri/Recreatn/Moblhome","$27,250,000"
"1","B26007814","CS","4140","941 S Ocean Boulevard","$26,000,000","1.2000","","1 To Less Than 2 Acre Lot","R-1-AA (city)","Delray Estate Section","Paved Road","Yes","","Unimproved Agri/Recreatn/Moblhome","$26,000,000"
"1","F10543132","CS","3112","1079 Hillsboro Mile","$21,500,000","1.2300","53,544","1 To Less Than 2 Acre Lot","RS-2","Hillsboro Mile","","Yes","Zoned Residential","Unimproved Agri/Recreatn/Moblhome","$21,500,000"
"1","F10538344","CS","6220 SE Okeechobee County"," Us-441","$23,000,000","2,361.0000","27,573,480","10 Or More Acre Lot, Oversized Lot","Agriculture","None","County Road, City/County Maintained, Paved Road, U.S. Highway","No","Zoned Residential","Unimproved Agri/Recreatn/Moblhome","$23,000,000"
"1","R11115734","CS","4320","3070 S Ocean Boulevard","$15,100,000","1.2000","","1 To Less Than 2 Acre Lot","R-1A(c","GEDNEY VS PIERSON","City/County Maintained","Yes","","Unimproved Agri/Recreatn/Moblhome","$15,100,000"
"1","R11101767","CS","5001","1150 N Ocean Way","$14,000,000","0.5700","","1/2 To Less Than 3/4 Acre Lot","R-B(ci","EL ENCANTO","Paved Road, Public Road","No","","Unimproved Agri/Recreatn/Moblhome","$14,000,000"
"1","A11772886","CS","22","9224 Bay Dr","$13,875,000","0.0000","27,500","","¤1100","ALTOS DEL MAR NO 5","","Yes","Zoned Residential","Residential","$13,875,000"
"1","A11884799","CS","51","9175 Arvida Dr","$14,900,000","43,293.0000","43,293","","¤0100","GABLES ESTS NO 4","","Yes","Zoned Residential","Residential","$14,900,000"
"1","F10491645","CS","3280","633 5th Key Dr","$11,700,000","0.5020","21,873","","RS-4.4","SUNRISE KEY","","Yes","Zoned Residential","Residential","$11,700,000"
"1","A11993438","CS","31","1236 S S Venetian Way","$11,500,000","0.3100","13,382","","¤0100","SAN MARCO","","Yes","Zoned Residential","Residential","$11,500,000"
"1","A11678029","CS","32","1234 S Venetian Way","$11,500,000","0.3100","13,382","1/2 To Less Than 3/4 Acre Lot","¤0100","SAN MARCO","","Yes","Zoned Residential","Residential","$11,500,000"
"1","A11884920","CS","32","31 La Gorce Circle","$10,400,000","0.5900","25,896","","¤2100","LA GORCE ISLAND","","No","Zoned Residential","Residential","$10,400,000"
"1","R11142698","CS","5002","0 Chapel Hill Road","$10,000,000","0.3437","","1/4 To Less Than 1/2 Acre Lot","R-B(ci","HILL SUB","Public Road","No","","Unimproved Agri/Recreatn/Moblhome","$10,000,000"
"1","A11988443","CS","32","1230 S Venetian Way","$11,000,000","0.1100","13,382","","¤0100","SAN MARCO","","Yes","Zoned Residential","Residential","$11,000,000"
"1","A12003770","CS","3160","3030 N Atlantic Blvd","$8,880,000","0.2900","12,596","1/4 To Less Than 1/2 Acre Lot","¤RS-8","LAUDERDALE BEACH","City/County Maintained, Paved Road, Public Road","Yes","Zoned Residential","Residential","$8,880,000"
"1","A11961758","CS","22","1990 NE 119th Rd","$8,875,000","0.0000","12,170","1/4 To Less Than 1/2 Acre Lot","¤0900","SANS SOUCI ESTATES","","Yes","Zoned Residential","Residential","$8,875,000"
"1","R11104227","CS","5001","324 Eden Road","$9,000,000","0.3221","","1/4 To Less Than 1/2 Acre Lot, Less Than 1 Acre","R-B(ci","EDEN PROPERTIES","Paved Road","No","","Unimproved Agri/Recreatn/Moblhome","$9,000,000"
"1","R11140365","CS","4190","495 E Alexander Palm Road","$8,175,000","0.3353","","1/2 To Less Than 3/4 Acre Lot, 1/4 To Less Than 1/2 Acre Lot, East Of US 1","R1A(ci","ROYAL PALM YACHT & COUNTRY","Paved Road, Public Road","Yes","","Unimproved Agri/Recreatn/Moblhome","$8,175,000"
"1","R11100717","CS","5001","254 N Woods Road","$8,500,000","0.3444","","1/4 To Less Than 1/2 Acre Lot","R-B(ci","WOODS LANDING 3","City/County Maintained","No","","Unimproved Agri/Recreatn/Moblhome","$8,500,000"
"1","A11751290","CS","22","700 88th St","$8,000,000","0.3400","15,000","1/4 To Less Than 1/2 Acre Lot","¤1100","SECOND AMD PLAT OF NORMAN","","Yes","Zoned Residential","Residential","$8,000,000"
"1","A11883060","CS","51","10600 Lakeside Dr","$8,100,000","1.3200","57,499","1 To Less Than 2 Acre Lot","¤0100","SNAPPER CREEK LAKES SUB","Paved Road","Yes","Zoned Residential","Residential","$8,100,000"
"1","R11150584","CS","5001","274 Monterey Road","$7,350,000","0.3099","","1/4 To Less Than 1/2 Acre Lot","R-B(ci","GREGORY ADDN","Paved Road","No","","Unimproved Agri/Recreatn/Moblhome","$7,350,000"
"1","R11155633","CS","5100","953 Thayer Lane","$7,780,000","2.2300","","2 To Less Than 3 Acre Lot","R1(cit","N/A","Private Road","Yes","","Unimproved Agri/Recreatn/Moblhome","$7,780,000"
"1","A11964325","CS","41","7301 Ponce De Leon Rd","$7,250,000","1.2500","54,450","1 To Less Than 2 Acre Lot","¤2300","Unknown","","No","Zoned Residential","Residential","$7,250,000"
"1","B26045973","CS","4190","1845 Royal Palm Way","$7,000,000","0.3602","","1/4 To Less Than 1/2 Acre Lot, Less Than 1 Acre","R1A (city)","ROYAL PALM YACHT & COUNTRY","City/County Maintained","No","","Unimproved Agri/Recreatn/Moblhome","$7,000,000"
"1","A11459360","CS","32","433 E Dilido Dr","$6,600,000","0.2410","10,500","","¤0800","DI LIDO ISLAND","","Yes","Zoned Residential","Residential","$6,600,000"
"1","R11068319","CS","5940 Florida Other","512 River Drive","$4,500,000","0.5500","","1/2 To Less Than 3/4 Acre Lot","R-1AA","REPLAT OF RIOMAR BAY UNIT ","Paved Road","Yes","","Unimproved Agri/Recreatn/Moblhome","$4,500,000"
"1","R11159443","CS","5240","1010 Pine Point Road","$6,460,000","0.3206","","1/4 To Less Than 1/2 Acre Lot","RS-5(c","PINE POINT","City/County Maintained, Paved Road, Private Road","Yes","","Unimproved Agri/Recreatn/Moblhome","$6,460,000"
"1","R11098071","CS","4200","670 Oak Street","$6,800,000","","","East Of US 1, Flood Zone Lot","R3","SHEPARDS W S","City/County Maintained, Public Road","Yes","","Single","$6,800,000"
"1","R11148575","CS","5002","222 Cherry Lane","$5,500,000","0.2300","","Less Than 1/4 Acre Lot","R-B(ci","CHERRY LANE","Paved Road","No","","Unimproved Agri/Recreatn/Moblhome","$5,500,000"
"1","R11070742","CS","5210","14860 Palmwood Road","$5,250,000","0.4600","","1/4 To Less Than 1/2 Acre Lot","AR","N/A","Paved Road, Public Road","Yes","","Unimproved Agri/Recreatn/Moblhome","$5,250,000"
"1","R11021514","CS","5100","207 Body Court","$5,400,000","0.4600","","Corner Lot","R1(cit","YACHT CLUB ESTATES","Legal Access Road, City/County Maintained, Paved Road, Public Road","Yes","","Single","$5,400,000"
"1","A11898162","CS","32","7508 W Treasure Dr","$4,500,000","0.1928","8,400","Less Than 1/4 Acre Lot","¤0600","TREASURE ISLAND","City/County Maintained, Paved Road, Public Road","Yes","Zoned Residential","Residential","$4,500,000"
"1","A11991584","CS","22","10801 N Bayshore Dr","$4,750,000","0.2930","","","","BISCAYNE SHORES UNIT NO 2","","Yes","Zoned Residential","Residential","$4,750,000"
"1","A11800388","CS","41","8261 La Rampa St","$4,700,000","0.5165","22,500","1/2 To Less Than 3/4 Acre Lot","¤0100","COCOPLUM SEC 1","","No","Zoned Residential","Residential","$4,700,000"
"1","R11144485","CS","5100","18040 Via Rio ","$3,300,000","","","","RS","VIA RIO UNREC ON AM 90","Paved Road","Yes","","Single","$3,300,000"
"1","A11993184","CS","41","1953 Tigertail Ave","$4,800,000","0.3900","16,386","","¤0100","BISCAYNE PARK TERR","","No","Zoned Residential","Residential","$4,800,000"
"1","R11148476","CS","4150","4211 Intracoastal Drive","$5,200,000","0.2870","","1/4 To Less Than 1/2 Acre Lot","RS(cit","BEL LIDO","City/County Maintained","Yes","","Unimproved Agri/Recreatn/Moblhome","$5,200,000"
"1","R11135430","CS","5600","2002 Notre Dame Drive","$4,350,000","0.3478","","1/4 To Less Than 1/2 Acre Lot","SF-R(c","COLLEGE PARK ADD 2","Paved Road, Public Road","Yes","","Unimproved Agri/Recreatn/Moblhome","$4,350,000"
"1","F10548984","CS","3240","0 Compass Isle","$4,500,000","0.2900","12,795","1/4 To Less Than 1/2 Acre Lot","RS-4.4","BAY COLONY","","Yes","Zoned Residential","Unimproved Agri/Recreatn/Moblhome","$4,500,000"
"1","R11111334","CS","4190","425 S Maya Palm Drive","$3,950,000","","","","R1A(ci","ROYAL PALM YACHT & COUNTR","Public Road","No","","Single","$3,950,000"
"1","F10527532","CS","3240","40 Compass Isle","$4,500,000","0.2900","12,500","1/4 To Less Than 1/2 Acre Lot","RS-4.4","BAY COLONY","","Yes","Zoned Residential","Unimproved Agri/Recreatn/Moblhome","$4,500,000"
"1","A11967185","CS","3280","2368 Castilla Isle","$4,275,000","0.3100","13,500","1/4 To Less Than 1/2 Acre Lot","¤RS-4.4","LAUDERDALE SHORES REAMEN","","Yes","Zoned Residential","Residential","$4,275,000"
"1","T20052976","CS","6080","4082 SE Old Saint Lucie Boulevard","$3,600,000","0.9920","","","RES","","City/County Maintained","Yes","","Single","$3,600,000"
"1","R11138779","CS","6080","4082 SE Old Saint Lucie Boulevard","$3,600,000","0.9900","","1/2 To Less Than 3/4 Acre Lot, Less Than 1 Acre","Res","DUMONT","City/County Maintained","Yes","","Unimproved Agri/Recreatn/Moblhome","$3,600,000"
"1","T20032731","CS","6080","3250 SE Willoughby Boulevard","$3,275,000","4.6500","","","","","","No","","Other","$3,275,000"
"1","R11125195","CS","3111","2040 E Hillsboro Boulevard","$3,600,000","0.3214","","1/4 To Less Than 1/2 Acre Lot","RM-25","DEERFIELD BEACH","Public Road","No","","Unimproved Agri/Recreatn/Moblhome","$3,600,000"
"1","F10526591","CS","3240","11 Compass Isle","$3,995,000","0.2772","12,077","1/4 To Less Than 1/2 Acre Lot, East Of US 1","RS-4.4","BAY COLONY SECTION OF THE","Paved Road, Private Road","Yes","Zoned Residential","Unimproved Agri/Recreatn/Moblhome","$3,995,000"
"1","A11967220","CS","3280","500 Coral Way","$3,750,000","0.2410","10,500","Less Than 1/4 Acre Lot","¤RS-4.4","CORAL ISLES","","Yes","Zoned Residential","Residential","$3,750,000"
"1","B26015076","CS","3600","1401 SE 9th Street","$3,795,000","0.4183","","1/4 To Less Than 1/2 Acre Lot, Less Than 1 Acre","RS-8","RIO VISTA ISLES","","Yes","","Unimproved Agri/Recreatn/Moblhome","$3,795,000"
"1","A11951170","CS","22","1045 93rd St","$3,650,000","0.2600","11,250","","¤4500","BAY HARBOR ISLAND","City/County Maintained, Public Road","No","Zoned Multifamily","Residential","$3,650,000"
"1","A12026630","CS","50","9651 SW 63rd Ct","$4,200,000","40,469.0000","40,469","","¤2300","PINE ACRES ESTS","","No","Zoned Residential","Residential","$4,200,000"
"1","A11998113","CS","32","3141 N Bay Rd","$3,000,000","10,534.0000","10,534","","¤0100","AMD PLAT OF SUNSET LAKE S","","No","Zoned Residential","Residential","$3,000,000"
"1","A11946909","CS","40","6366 Snapper Creek Dr","$3,050,000","0.7400","32,300","1/2 To Less Than 3/4 Acre Lot","¤2100","SNAPPER CREEK GROVES","City/County Maintained, Paved Road","Yes","Zoned Residential","Residential","$3,050,000"
"1","A12025544","CS","50","6420 SW 114th St","$3,495,000","0.9300","40,510","3/4 To Less Than 1 Acre Lot, East Of US 1","¤2300","HAMMOCK PINES ESTATES","","No","Zoned Residential","Residential","$3,495,000"
"1","A11951888","CS","3010","505 Palm Dr","$3,250,000","0.2500","11,117","1/4 To Less Than 1/2 Acre Lot","¤RS-5","GOLDEN ISLES SEC A REV PL","","Yes","Zoned Residential","Residential","$3,250,000"
"1","R11151824","CS","5100","119 Elsa Road","$3,290,000","","","1/4 To Less Than 1/2 Acre Lot","residential","Yacht Club Estates","Paved Road","Yes","","Unimproved Agri/Recreatn/Moblhome","$3,290,000"
"1","R11162754","CS","4190","428 E Camino Real","$3,300,000","0.3848","","Less Than 1/4 Acre Lot, 1/4 To Less Than 1/2 Acre Lot","R1A(ci","ROYAL PALM YACHT & COUNTRY","City/County Maintained","No","","Unimproved Agri/Recreatn/Moblhome","$3,300,000"
"1","R11162873","CS","4460","1010 Hibiscus Lane","$3,031,250","0.6355","","1/2 To Less Than 3/4 Acre Lot, Less Than 1 Acre","R-1-AA","S/D OF 8-46-43","Paved Road","No","","Unimproved Agri/Recreatn/Moblhome","$3,031,250"
"1","A11981141","CS","41","3170 Florida Ave","$3,120,000","0.1500","7,150","","¤3901","CHARLES H FROWS SUB","Paved Road","No","Zoned Residential","Other","$3,120,000"
"1","R11110626","CS","5590","3057 D Road","$2,900,000","20.0000","","10 Or More Acre Lot, 5 To Less Than 10 Acre Lot","AR(cit","LOXAHATCHEE GROVES","City/County Maintained, Paved Road","Yes","","","$2,900,000"
"1","F10549629","CS","3221","3020 NE 44th Street","$3,000,000","0.2800","12,000","East Of US 1","RS-3","Venetian Isles 3rd Sec 47","","Yes","Zoned Residential","Unimproved Agri/Recreatn/Moblhome","$3,000,000"
"1","R11128673","CS","5440","3502 Washington Road","$2,850,000","","","","SF14(c","SOUTHLAND PARK","City/County Maintained, Paved Road","No","","Single","$2,850,000"
"1","A11963030","CS","50","6701 SW 115th St","$3,075,000","1.2400","54,014","","¤2300","OAKRIDGE ESTATES REV","","No","Zoned Residential","Residential","$3,075,000"
"1","A11939518","CS","3030","1049 S Southlake Dr","$2,875,000","0.4000","17,551","","¤RS-9","HOLLYWOOD LAKES SECTION","","Yes","Zoned Residential","Residential","$2,875,000"
"1","A11950574","CS","52","760 Allendale Road","$2,850,000","0.0000","7,500","Less Than 1/4 Acre Lot","¤0100","BISCAYNE KEY ESTATES","Public Road","No","Zoned Residential","Residential","$2,850,000"
"1","R11153066","CS","5440","265 Rilyn Drive","$2,550,000","0.3200","","1/4 To Less Than 1/2 Acre Lot","SF7","BURNUP AND SIMS ESTATES","City/County Maintained, Paved Road, Public Road","No","","Unimproved Agri/Recreatn/Moblhome","$2,550,000"
"1","A11744837","CS","32","315 W San Marino Dr","$2,650,000","0.1700","7,200","Less Than 1/4 Acre Lot","¤0100","SAN MARINO ISLAND","","No","Zoned Residential","Residential","$2,650,000"
"1","A11957732","CS","32","4557 N Jefferson Ave","$2,740,000","0.2500","8,929","","¤0100","NAUTILUS EXTENSION 5TH","","No","Zoned Residential","Residential","$2,740,000"
"1","A11911719","CS","41","919 Tendilla Ave","$2,175,000","0.2871","12,508","1/4 To Less Than 1/2 Acre Lot, Regular Lot","¤0100","CORAL GABLES COUNTRY CLUB","","No","Zoned Residential","Residential","$2,175,000"
"1","R11119525","CS","5100","601 Waldemar Road","$2,700,000","","","Less Than 1/4 Acre Lot","R1(cit","YACHT CLUB ESTATES","Paved Road","Yes","","Single","$2,700,000"
"1","F10539179","CS","3280","410 SE 16th Avenue","$2,410,000","0.3500","15,345","1/4 To Less Than 1/2 Acre Lot","","COLEE HAMMOCK","","No","Zoned Residential","Residential","$2,410,000"
"1","A11941794","CS","32","8447 E Dixie Hwy","$2,600,000","0.8800","38,323","3/4 To Less Than 1 Acre Lot","¤0100","BISCAYNE HEIGHTS","Legal Access Road, City/County Maintained, Paved Road","No","Zoned Residential","Residential","$2,600,000"
"1","A12002908","CS","49","12445 SW 46th St","$2,500,000","2.2500","98,010","","¤9000","BIRD ROAD FARMSITES","","No","Zoned Residential","Residential","$2,500,000"
"1","F10543989","CS","3600","1429 SE 12th Ct","$2,625,000","1.0000","7,485","Less Than 1/4 Acre Lot","RS-8","Lauderdale Harbors Sec A","Paved Road, Public Road","Yes","Zoned Residential","Residential","$2,625,000"
"1","R11143079","CS","4520","20 Par Club Circle","$2,550,000","1.2800","","1 To Less Than 2 Acre Lot","R(city","PAR CLUB CIRCLE","City/County Maintained, Paved Road","No","","Unimproved Agri/Recreatn/Moblhome","$2,550,000"
"1","F10525600","CS","3600","1531 SE 12th Court","$2,500,000","0.0500","7,700","","","LAUDERDALE HARBORS","City/County Maintained","Yes","Zoned Residential","Unimproved Agri/Recreatn/Moblhome","$2,500,000"
"1","F10526487","CS","3600","1017 SE 13th Terrace","$2,100,000","0.4090","17,822","","RS-8","Rio Vista Isles","","No","Zoned Residential","Unimproved Agri/Recreatn/Moblhome","$2,100,000"
"1","B26017642","CS","4120","21 Hudson Avenue","$2,100,000","0.4200","","1/4 To Less Than 1/2 Acre Lot, Less Than 1 Acre","RSF (city)","BOYNTON BEACH PARK","Paved Road","No","","Unimproved Agri/Recreatn/Moblhome","$2,100,000"
"1","A11749796","CS","12","650 Ocean Blvd, Golden Beach","$2,250,000","0.2100","","","","GOLDEN BEACH SEC A","","No","Zoned Residential","Residential","$2,250,000"
"1","F10539125","CS","3260","2823 NE 24th Place","$2,100,000","0.2300","10,000","Less Than 1/4 Acre Lot","RS-4.4","CORAL RIDGE GALT ADD","","Yes","Zoned Residential","Residential","$2,100,000"
"1","A11952985","CS","41","2145 S Miami Ave","$2,200,000","0.1925","8,500","","¤0100","BRICKELLS FLAGLER","","No","Zoned Residential","Residential","$2,200,000"
"1","A11952911","CS","41","2141 S Miami Ave","$2,200,000","0.1951","8,500","","¤0100","BRICKELLS FLAGLER","","No","Zoned Residential","Residential","$2,200,000"
"1","R11138782","CS","5440","230 Avila Road","$2,400,000","0.1400","","Less Than 1/4 Acre Lot","SF14","EL CID COURT IN","City/County Maintained, Paved Road","No","","Unimproved Agri/Recreatn/Moblhome","$2,400,000"
"1","A11990224","CS","3233","700 SE 28th Ave","$2,000,000","0.0260","11,250","","¤RS-2","CYPRESS POINT","","Yes","Zoned Residential","Residential","$2,000,000"
"1","R11101912","CS","4370","248 SE 1st Avenue","$2,200,000","0.3182","","1/2 To Less Than 3/4 Acre Lot, 1/4 To Less Than 1/2 Acre Lot","RM(cit","DELRAY TOWN OF","City/County Maintained","No","","Unimproved Agri/Recreatn/Moblhome","$2,200,000"
"1","R11063433","CS","4160","810 E Fern Drive","$2,200,000","0.2300","","Less Than 1/4 Acre Lot","R1C","BOCA RATONE POR LA MAR","City/County Maintained","No","","Unimproved Agri/Recreatn/Moblhome","$2,200,000"
"1","R11162186","CS","4180","3163 NE 8th Avenue","$2,330,000","0.2087","","Less Than 1/4 Acre Lot","R1B(ci","BLUE INLET","Paved Road, Public Road","Yes","","Unimproved Agri/Recreatn/Moblhome","$2,330,000"
"1","F10523620","CS","3270","743 N Victoria Park Rd","$2,250,000","18,137.0000","7,276","1/4 To Less Than 1/2 Acre Lot, East Of US 1, Oversized Lot","RS-8","Victoria Highlands Amd","Public Road","No","Zoned Residential","Residential","$2,250,000"
"1","A11942610","CS","50","13670 Deering Bay Dr","$1,950,000","10,470.0000","10,470","","¤0100","DEERING BAY ESTATES","Legal Access Road","Yes","Zoned Residential","Residential","$1,950,000"
"1","R11146509","CS","5020","11802 SE Village Circle","$2,050,000","0.3605","","1/4 To Less Than 1/2 Acre Lot, West Of US 1","RS","JUPITER HILLS VILLAGE","Private Road","No","","Unimproved Agri/Recreatn/Moblhome","$2,050,000"
"1","R11143173","CS","5440","236 Avila Road","$2,250,000","0.1500","","Less Than 1/4 Acre Lot, Corner Lot","SF14","EL CID COURT IN","City/County Maintained, Paved Road, Public Road","No","","Unimproved Agri/Recreatn/Moblhome","$2,250,000"
"1","A11807651","CS","50","7720 SW 117th St","$1,900,000","0.9060","39,465","","¤2300","SUNILAND ESTATES 1ST ADDN","","No","Zoned Residential","Residential","$1,900,000"
"1","R11168077","CS","5440","203 Gregory Place","$2,000,000","","","1/4 To Less Than 1/2 Acre Lot","SF7—SINGLE-FAM","LEWIS SHORE ESTS 1 IN","","No","","Unimproved Agri/Recreatn/Moblhome","$2,000,000"
"1","T20054526","CS","6090","1328 SW Estates Place","$2,150,000","0.7640","","Cul-De-Sac Lot, Irregular Lot","PUD-R","","","Yes","","Single","$2,150,000"
"1","R11062395","CS","6110","220 SE Macarthur Boulevard","$1,980,000","1.0200","","","SF Resid","191960 Yacht Club Beach R","City/County Maintained, Paved Road, Public Road","Yes","","Single","$1,980,000"
"1","R11154631","CS","4160","700 Malaga Drive","$2,100,000","0.2300","","Less Than 1/4 Acre Lot, Corner Lot, East Of US 1, Interior Lot","R1A(ci","SPANISH RIVER LAND CO SUB","City/County Maintained, Paved Road, Public Road","No","","Single","$2,100,000"
"1","B26015787","CS","5020","11765 SE Laurel Lane","$2,025,000","3.6200","","3 To Less Than 4 Acre Lot","R1A","GOMEZ GRANT W/O RVR","Paved Road","Yes","","","$2,025,000"
"1","R11169987","CS","3222","2821 NE 32nd Street","$2,000,000","0.2020","","Less Than 1/4 Acre Lot, Less Than 1 Acre","RS3","LAKE PLACID","City/County Maintained, Paved Road","Yes","","Unimproved Agri/Recreatn/Moblhome","$2,000,000"
"1","A11995643","CS","41","6315 Castaneda St","$2,280,000","0.2200","9,809","Less Than 1/4 Acre Lot","¤0100","C GABLES RIVIERA SEC 12","Paved Road","No","Zoned Residential","Residential","$2,280,000"
"1","R11149653","CS","7010","8100 S Ocean Drive","$1,700,000","0.5100","","1/2 To Less Than 3/4 Acre Lot","Res","Diamond Sands","Paved Road, Private Road","Yes","","Unimproved Agri/Recreatn/Moblhome","$1,700,000"
"1","A11939084","CS","40","7240 SW 63rd Ct","$1,100,000","0.3300","14,000","","¤0800","SUNSET VILLAS","","No","Zoned Residential","Residential","$1,100,000"
"1","A11728218","CS","3010","1418 N Ocean Dr","$2,000,000","0.1500","5,494","","¤BRT-25-A","HOLLYWOOD BEACH FIRST ADD","","Yes","Zoned Duplex","Residential","$2,000,000"
"1","B26029767","CS","3222","3348 NE 29th Avenue","$1,650,000","0.2020","","Less Than 1/4 Acre Lot, Less Than 1 Acre","RS-3","LAKE PLACID","Paved Road","Yes","","","$1,650,000"
"1","R11096890","CS","5330","7569 168th Court","$1,775,000","4.9400","","Corner Lot","AR","Palm Beach Country Estate","","No","","Single","$1,775,000"
"1","R11126093","CS","5080","112 Tim Mara Drive","$1,875,000","0.2500","","Less Than 1/4 Acre Lot, East Of US 1","R3(cit","MAISONS DE LA MER","Paved Road, Private Road","No","","Unimproved Agri/Recreatn/Moblhome","$1,875,000"
"1","R11142388","CS","5550","13085 Monte Rosa Court","$1,870,000","0.5439","","1/2 To Less Than 3/4 Acre Lot, Less Than 1 Acre","PCD","PANTHER NATIONAL AT AVENIR","","No","","Unimproved Agri/Recreatn/Moblhome","$1,870,000"
"1","R11080326","CS","5790","6248 Homeland Road","$1,500,000","5.0100","","3 To Less Than 4 Acre Lot, 4 To Less Than 5 Acre Lot, Corner Lot","AR","HOMELAND","County Road, Paved Road, Private Road","Yes","","","$1,500,000"
"1","A11833449","CS","40","8241 SW 58th St","$1,800,000","0.7600","33,106","3/4 To Less Than 1 Acre Lot","¤2300","SUNKIST ESTATES A","Other Road","No","Zoned Residential","Residential","$1,800,000"
"1","B26009793","CS","3580","2973 Riverland Road","$1,800,000","2.7500","","2 To Less Than 3 Acre Lot, Oversized Lot","RS-3.52","riverland area","City/County Maintained","No","","Unimproved Agri/Recreatn/Moblhome","$1,800,000"
"1","R11162874","CS","4460","1098 Hibiscus Lane","$1,800,000","0.3429","","1/4 To Less Than 1/2 Acre Lot","R-1-AA","S/D OF 8-46-43","Paved Road, Public Road","No","","Unimproved Agri/Recreatn/Moblhome","$1,800,000"
"1","F10551687","CS","6240 NW Okeechobee County","6575 NE 96th Avenue","$1,600,000","40.2400","1,752,854","","","OKECHOBEE","","No","Zoned Residential","Unimproved Agri/Recreatn/Moblhome","$1,600,000"
"1","A11942520","CS","3220","2511 NE 48th Ct","$1,690,000","0.1840","8,000","","¤RS-3","CORAL KEY VILLAS 2ND SEC","","Yes","Zoned Residential","Residential","$1,690,000"
"1","F10525483","CS","3160","3301 NE 14th Court","$1,750,000","0.3000","14,057","1/2 To Less Than 3/4 Acre Lot","RS-8","LAS OLAS BY THE SEA EXT","","Yes","Zoned Residential","Unimproved Agri/Recreatn/Moblhome","$1,750,000"
"1","A11808958","CS","6342 Indian River – Southwest County","2105 86th Ave SW","$1,700,000","20.2500","882,090","Other Lot Description","¤A-2","INDIAN RIVER FARMS COMPAN","City/County Maintained","Yes","Zoned Residential","Other","$1,700,000"
"1","A11808216","CS","6342 Indian River – Southwest County","2105 86th Ave SW","$1,700,000","20.2500","882,090","Other Lot Description","¤A-2","INDIAN RIVER FARMS COMPAN","City/County Maintained","Yes","Zoned Residential","Other","$1,700,000"
"1","A11942312","CS","32","4601 Royal Palm Ave","$1,700,000","0.2000","8,712","Less Than 1/4 Acre Lot","¤0100","SURPRISE LAKE","","No","Zoned Residential","Residential","$1,700,000"
"1","R11067684","CS","3290","5650 SW 192nd Terrace","$1,600,000","2.7600","","2 To Less Than 3 Acre Lot","A-1","WESTFIELD ESTATES","City/County Maintained, Public Road","Yes","","Unimproved Agri/Recreatn/Moblhome","$1,600,000"
"1","R11045325","CS","5220","403 Olympus Drive","$1,725,000","0.3214","","1/4 To Less Than 1/2 Acre Lot, East Of US 1","RS-19c","Juno Beach","City/County Maintained, Public Road","No","","Unimproved Agri/Recreatn/Moblhome","$1,725,000"
"1","R11045324","CS","5220","401 Olympus Drive","$1,725,000","0.3185","","1/4 To Less Than 1/2 Acre Lot, Corner Lot, East Of US 1","RS-1(c","Juno Beach","City/County Maintained, Public Road","No","","Unimproved Agri/Recreatn/Moblhome","$1,725,000"
"1","A11955035","CS","40","6845 SW 97th Ave","$1,730,000","1.2000","54,450","","¤9000","SUB OF PB 3-169","","No","Zoned Residential","Residential","$1,730,000"
"1","R11158548","CS","3221","4740 NE 22nd Avenue","$1,675,000","0.2200","","Less Than 1/4 Acre Lot, East Of US 1","RS-3","CORAL KEY VILLAS 5TH SEC","City/County Maintained, Paved Road, Public Road","Yes","","Unimproved Agri/Recreatn/Moblhome","$1,675,000"
"1","A11826490","CS","3290","70 Sw Pl","$1,625,000","2.2400","97,530","","¤RR","CHAMBERS SUB SE1/4","","No","Zoned Residential","Residential","$1,625,000"
"1","A11970009","CS","32","4555 Alton Rd","$1,749,000","0.2500","8,611","","¤0100","NAUTILUS EXTENSION","City/County Maintained","No","Zoned Residential","Residential","$1,749,000"
"1","A11736107","CS","3150","xxxx NE 37 St","$1,450,000","0.1840","8,000","","","BERMUDA-RIVIERA SUB OF GA","","Yes","Zoned Residential","Residential","$1,450,000"
"1","F10514210","CS","3600","904 SE 11th Court","$1,750,000","0.2700","12,366","1/2 To Less Than 3/4 Acre Lot","RS-8","Rio Vista Isles","","No","Zoned Residential","Unimproved Agri/Recreatn/Moblhome","$1,750,000"
"1","A11474757","CS","32","1205 NE 91st Ter","$1,650,000","0.2380","10,000","","¤1100","WATERSEDGE","","No","Zoned Residential","Residential","$1,650,000"
"1","B26009146","CS","5250","740 Lighthouse Drive","$1,565,000","0.2400","","Less Than 1/4 Acre Lot, Less Than 1 Acre","R1 (city)","NORTH PALM BEACH VILLAGE O","City/County Maintained, Paved Road","Yes","","Unimproved Agri/Recreatn/Moblhome","$1,565,000"
"1","R11161954","CS","6030","1311 NE Langford Lane","$1,730,000","","","","Residential","Langford Lndg","Paved Road, Private Road","Yes","","Unimproved Agri/Recreatn/Moblhome","$1,730,000"
"1","T20053733","CS","6030","1311 NE Langford Lane","$1,730,000","0.6700","","","","","Paved Road, Private Road","Yes","","Single","$1,730,000"
"1","R11113030","CS","6140","9721 SE Gomez Avenue","$1,500,000","4.0900","","3 To Less Than 4 Acre Lot, 4 To Less Than 5 Acre Lot, East Of US 1","Res","Gomez","City/County Maintained, Public Road","Yes","","Unimproved Agri/Recreatn/Moblhome","$1,500,000"
"1","A11852869","CS","6140","9721 Gomez Ave","$1,500,000","4.0900","184,989","4 To Less Than 5 Acre Lot","res","Gomez","","Yes","Zoned Residential","Residential","$1,500,000"
"1","R11168686","CS","5020","11783 SE Shell Avenue","$1,700,000","0.5179","","1/2 To Less Than 3/4 Acre Lot, East Of US 1","Residential","Shellbridge","Private Road","No","","Unimproved Agri/Recreatn/Moblhome","$1,700,000"
"1","R11152828","CS","7300","8170 Okeechobee Road","$1,570,000","8.1500","","5 To Less Than 10 Acre Lot, Corner Lot","AR-1Co","MODEL LAND COMPANY","Paved Road, Public Road, State Road","No","","","$1,570,000"
"1","A11987028","CS","32","515 W 30th St","$1,650,000","0.1700","7,500","","¤0100","ORCHARD SUB NO 1","","No","Zoned Residential","Residential","$1,650,000"
"1","A11827873","CS","3880","Vacant E Ridgeview Dr E Ridgeview Dr","$1,500,000","1.6400","71,613","","¤AG","LAUREL OAKS NORTH","","No","Zoned Residential","Residential","$1,500,000"
"1","A11665616","CS","22","202 189 St","$1,600,000","0.1800","7,867","Less Than 1/4 Acre Lot","¤0100","OCEAN BLVD ESTATES SEC A","Legal Access Road, City/County Maintained, Paved Road","No","Zoned Residential","Residential","$1,600,000"
"1","R11058180","CS","4550","330 Glenwood Drive","$1,500,000","0.9700","","1/2 To Less Than 3/4 Acre Lot, Interior Lot, Less Than 1 Acre, West Of US 1","R-1-A","SEAGATE COUNTRY CLUB","Paved Road","Yes","","Unimproved Agri/Recreatn/Moblhome","$1,500,000"
"1","R11164683","CS","6030","933 & 943 NW Spruce Ridge Drive","$1,700,000","1.0000","","1/2 To Less Than 3/4 Acre Lot, 1/4 To Less Than 1/2 Acre Lot, Corner Lot","RM-10","NORTH RIVER SHORES","City/County Maintained, Paved Road, Public Road","No","","Unimproved Agri/Recreatn/Moblhome","$1,700,000"
"1","A11815805","CS","3200","14020 Mustang Trl","$1,600,000","2.2400","97,574","2 To Less Than 3 Acre Lot","¤RR","Everglades Sugar & Land","","No","Zoned Residential","Other","$1,600,000"
"1","F10380911","CS","5940 Florida Other","2006 Anglers Cove","$1,550,000","0.3500","","","","Anglers Cove","","Yes","Zoned Residential","Unimproved Agri/Recreatn/Moblhome","$1,550,000"
"1","T20054291","CS","6120","7001 SE Atlantic Ridge Drive","$1,475,000","5.0000","","","A-1","","City/County Maintained","Yes","","Single","$1,475,000"
"1","A12013600","CS","41","1414 Galiano St","$1,300,000","7,150.0000","7,150","Less Than 1/4 Acre Lot","¤3801","C GAB DOUGLAS SEC","Legal Access Road, City/County Maintained, Paved Road","No","Zoned Multifamily","Residential","$1,300,000"
"1","F10552793","CS","3290","17330 SW 58 Street","$1,325,000","2.3000","100,188","2 To Less Than 3 Acre Lot, Interior Lot","RR","ROLLING OAKS ESTATES","Paved Road","No","Zoned Residential","Unimproved Agri/Recreatn/Moblhome","$1,325,000"
"1","R11149559","CS","5440","6410 S Olive Avenue","$1,315,000","0.1312","","Less Than 1/4 Acre Lot, Less Than 1 Acre","SF7(ci","TOLEDO","City/County Maintained","No","","Unimproved Agri/Recreatn/Moblhome","$1,315,000"
"1","A12018267","CS","41","2909 Segovia St","$1,510,000","0.1900","8,250","","¤5900","CORAL GABLES BILTMORE SEC","","No","Zoned Duplex","Residential","$1,510,000"
"1","A11958811","CS","68","21320 SW 224th St","$1,450,000","4.7400","206,474","4 To Less Than 5 Acre Lot","¤8900","REDLANDS","Public Road","No","Zoned Residential","Residential","$1,450,000"
"1","R11155732","CS","5940 Florida Other","846 Banyan Road","$1,425,000","0.3400","","1/4 To Less Than 1/2 Acre Lot","R-1A","VERO BEACH ESTATES","Paved Road","No","","Unimproved Agri/Recreatn/Moblhome","$1,425,000"
"1","R11147138","CS","3170","2512 Barbara Drive","$1,175,000","0.3135","","1/4 To Less Than 1/2 Acre Lot, East Of US 1","RS-8","HARBOR BEACH EXTENSION","City/County Maintained, Paved Road, Public Road","No","","Unimproved Agri/Recreatn/Moblhome","$1,175,000"
"1","A11977933","CS","39","7775 SW 122nd Ave","$1,400,000","0.8000","34,717","","¤2300","HORSE COUNTRY VIEW","","No","Zoned Residential","Residential","$1,400,000"
"1","R11140826","CS","4850","16230 Rio Baile ","$1,267,500","1.0200","","","RE","RIO POCO","Paved Road","Yes","","Single","$1,267,500"
"1","R11154293","CS","5220","451 Neptune Road","$1,300,000","","","Less Than 1/4 Acre Lot","RS-4(c","JUNO HEIGHTS","City/County Maintained","No","","Single","$1,300,000"
"1","F10493672","CS","","12840 SW 83rd Court","$1,150,000","0.3300","14,400","1/4 To Less Than 1/2 Acre Lot","2100","Suniland Manor Add 01","Paved Road","No","Zoned Residential","Unimproved Agri/Recreatn/Moblhome","$1,150,000"
"1","A11972058","CS","32","1025 NE 84th St","$1,200,000","","10,000","Less Than 1/4 Acre Lot","¤0100","SHORE ACRES AMD PL","","No","","Residential","$1,200,000"
"1","F10508939","CS","3470","401 SW 14th Avenue","$1,000,000","0.5260","22,892","1/2 To Less Than 3/4 Acre Lot, West Of US 1","RS-8","SAILBOAT BEND","City/County Maintained, Paved Road, Public Road","Yes","Zoned Residential","Unimproved Agri/Recreatn/Moblhome","$1,000,000"
"1","R11136742","CS","5790","6269 Wild Orchid Trail","$1,000,000","5.0000","","5 To Less Than 10 Acre Lot","AR","HOMELAND","County Road, Paved Road, Private Road","Yes","","","$1,000,000"
"1","A11865737","CS","50","7320 SW 131st St","$1,250,000","0.4100","17,860","1/4 To Less Than 1/2 Acre Lot","¤2100","HILL TOP MNR","","No","Zoned Residential","Residential","$1,250,000"
"1","A11955582","CS","30","12250 SW 231 St","$1,300,000","1.7700","6,250","","¤0100","SILVER PALM PARK","","No","Zoned Residential","Residential","$1,300,000"
"1","A11879100","CS","49","365 NW 128TH AVE","$1,250,000","0.7460","32,496","","¤2300","SWEETWATER ESTS SUB","","No","Zoned Residential","Residential","$1,250,000"
"1","F10536125","CS","3600","1018 SE 13th Terrace","$1,100,000","0.1400","6,250","Less Than 1/4 Acre Lot, Less Than 1 Acre","RS-8","Rio Vista Isles","","No","Zoned Residential","Unimproved Agri/Recreatn/Moblhome","$1,100,000"
"1","A12018290","CS","41","2915 Segovia St","$1,310,000","0.1260","5,500","","¤5900","CORAL GABLES BILTMORE SEC","","No","Zoned Duplex","Residential","$1,310,000"
"1","A12039041","CS","3470","1501 SW 4th Ct","$1,230,000","0.2280","9,934","","¤RS-8","GILL ISLES","","Yes","Zoned Residential","Other","$1,230,000"
"1","A11931578","CS","22","1835 N Hibiscus Dr","$1,200,000","0.2230","9,733","Less Than 1/4 Acre Lot","¤0900","KEYSTONE POINT SEC 2","Paved Road","No","Zoned Residential","Residential","$1,200,000"
"1","R11135914","CS","5550","10729 Bernina Court","$1,295,000","","","1/4 To Less Than 1/2 Acre Lot","PCD","PANTHER NATIONAL AT AVENIR","","No","","Unimproved Agri/Recreatn/Moblhome","$1,295,000"
"1","A11908161","CS","30","281 Hunting Lodge Dr","$1,240,000","0.4708","20,506","","¤0600","COUNTRY CLUB ESTATES SEC","Other Road","No","Zoned Residential","Residential","$1,240,000"
"1","A11870135","CS","50","18095 SW 104th Ave","$950,000","0.5000","22,143","3/4 To Less Than 1 Acre Lot","¤3050","Rosehaven","","No","Zoned Residential","Residential","$950,000"
"1","F10458444","CS","3270","640 NE 15th Ave","$1,138,000","0.2000","9,075","East Of US 1","RC-15","Graceland Park 18-6 B","City/County Maintained, Public Road","No","Zoned Multifamily","Residential","$1,138,000"
"1","A11967082","CS","5940 Florida Other","UNINCORPORATED SPANISH OAKS LANE","$1,000,000","2.7300","118,919","2 To Less Than 3 Acre Lot, Oversized Lot, Regular Lot","","GOLDEN GATE EST","City/County Maintained","No","Zoned Residential","Other","$1,000,000"
"1","A11872733","CS","32","591 NW 34th St","$1,150,000","0.1100","5,153","","¤6101","DEVONSHIRE PARK SUB","","No","Zoned Multifamily","Residential","$1,150,000"
"1","A11886283","CS","41","3678 William Ave","$1,025,000","0.1148","5,000","","¤0100","FROW HOMESTEAD","","No","Zoned Residential","Residential","$1,025,000"
"1","A11959804","CS","58","164XX SW 192 AVE","$1,200,000","5.0000","217,800","4 To Less Than 5 Acre Lot, 5 To Less Than 10 Acre Lot","¤8900","REDLAND","Public Road","No","Zoned Residential","Other","$1,200,000"
"1","F10538123","CS","3130","4521 Sea Grape Dr","$985,000","0.1900","8,306","","RS-5","Silver Shores Sec Of Laud","Paved Road","No","Zoned Residential","Residential","$985,000"
"1","F10549508","CS","3280","643 NE 18th Avenue","$1,100,000","0.2000","8,880","","RS-8","VICTORIA PARK CORR AMEN P","","No","Zoned Residential","Unimproved Agri/Recreatn/Moblhome","$1,100,000"
"1","A11785262","CS","3280","1518 SE 2nd Ct","$850,000","0.1262","5,500","","¤RM-15","COLEE HAMMOCK","","No","Zoned Residential","Residential","$850,000"
"1","B26011069","CS","5440","310 Russlyn Drive","$1,165,000","0.1515","","Less Than 1/4 Acre Lot, Less Than 1 Acre","SF7 (city)","BURNUP AND SIMS ESTATES 2","Paved Road","No","","Unimproved Agri/Recreatn/Moblhome","$1,165,000"
"1","R11143816","CS","5580","1687 Cypress Row Drive","$1,100,000","0.4700","","West Of US 1","SFR","Lot 16, BREAKERS WEST Pla","Paved Road","Yes","","Single","$1,100,000"
"1","T20053676","CS","6030","1706 NW Fork Road","$1,075,000","0.3700","","","R1","","Public Road","Yes","Boat Dock or Dockominium","Single","$1,075,000"
"1","R10994846","CS","7050","2098 Johnston Road","$1,000,000","4.8800","","3 To Less Than 4 Acre Lot, 4 To Less Than 5 Acre Lot, Corner Lot","AR-1Co/RES","METES AND BOUNDS","County Road, Paved Road, Public Road","Yes","","","$1,000,000"
"1","A11955373","CS","41","1507 SW 19th Ter","$950,000","0.1860","8,100","","¤5700","OSCEOLA GROVES","","No","Zoned Duplex","Residential","$950,000"
"1","A11969154","CS","69","11901 SW 232nd St","$1,175,000","2.4200","105,415","","¤9000","Silver Parc","","No","Zoned Residential","Residential","$1,175,000"
"1","F10548129","CS","3140","254 Capri Avenue","$1,150,000","0.1600","7,150","","RS-5","Silver Shores-Sub Tr D","","No","Zoned Residential","Unimproved Agri/Recreatn/Moblhome","$1,150,000"
"1","F10540708","CS","3612","5911 NW 66th Way","$880,000","1.0900","47,335","1 To Less Than 2 Acre Lot","AE-2","Pine Tree Estates","","No","Zoned Residential","Unimproved Agri/Recreatn/Moblhome","$880,000"
"1","R11134849","CS","5550","14415 Peace River Way","$1,075,000","5.0000","","3 To Less Than 4 Acre Lot, 4 To Less Than 5 Acre Lot, 5 To Less Than 10 Acre Lot, Interior Lot","AR","CALOOSA","Paved Road, Private Road","No","","Unimproved Agri/Recreatn/Moblhome","$1,075,000"
"1","A11943556","CS","3870","12321 SW 1ST ST","$1,000,000","35,065.0000","35,065","3/4 To Less Than 1 Acre Lot","RE","BROOKS ESTATES 141-31 B","City/County Maintained","No","Zoned Residential","Residential","$1,000,000"
"1","R11144419","CS","4370","323 SE 3rd Avenue","$913,000","0.2300","","Less Than 1/4 Acre Lot","R-1-A(","LINNS","City/County Maintained","No","","Unimproved Agri/Recreatn/Moblhome","$913,000"
"1","R11106371","CS","5580","7923 Mahogany Lane","$922,000","3.1900","","","RT","MOUNTS PUD","Paved Road","Yes","","Single","$922,000"
"1","F10536071","CS","3140","4200 N Ocean Drive","$1,035,000","0.1290","5,616","Less Than 1/4 Acre Lot","RM-25","Lauderdale By The Sea 6-2","City/County Maintained","No","Zoned Multifamily","Unimproved Agri/Recreatn/Moblhome","$1,035,000"
"1","A11941259","CS","22","1920 Keystone Blvd","$1,060,000","8,400.0000","8,400","","¤0900","KEYSTONE POINT SEC 1","","No","Zoned Residential","Residential","$1,060,000"
"1","R11148923","CS","4210","818 Chukker Road","$990,000","0.2100","","Less Than 1/4 Acre Lot, East Of US 1","RM","N/A","Paved Road","Yes","","Single","$990,000"
"1","A11886948","CS","3050","2241 Madison St","$734,000","0.2200","9,883","","¤DH-2","HOLLYWOOD LITTLE RANCHES","","No","Zoned Multifamily","Residential","$734,000"
"1","R11042940","CS","4240","10 Eastview Avenue","$1,000,000","0.1722","","Less Than 1/4 Acre Lot","RL(cit","EASTVIEW","City/County Maintained","No","","Unimproved Agri/Recreatn/Moblhome","$1,000,000"
"1","B26017671","CS","5680","6535 Paul Mar Drive","$950,000","0.1771","","Less Than 1/4 Acre Lot, Cul-De-Sac Lot, Irregular Lot, Less Than 1 Acre","RS","ISLAND ESTATES","Paved Road","Yes","","Unimproved Agri/Recreatn/Moblhome","$950,000"
"1","A11985951","CS","58","14500 SW 194 ave","$900,000","5.0000","","","","0","","No","Zoned Residential","Residential","$900,000"
"1","R11124289","CS","4220","3118 Pierson Drive","$920,000","0.1800","","Less Than 1/4 Acre Lot","res","TRADE WINDS ESTS FIRST ADD","County Road","No","","Unimproved Agri/Recreatn/Moblhome","$920,000"
"1","R11106660","CS","3641","5250 Rock Island Road","$900,000","1.2300","","1 To Less Than 2 Acre Lot","R-1","FT LAUDERDALE TRUCK FARMS","Paved Road, Public Road","No","","Unimproved Agri/Recreatn/Moblhome","$900,000"
"1","A11918540","CS","31","160 NW 44th St","$900,000","0.1600","7,200","","¤0104","BUENA VISTA HEIGHTS ADDN","","No","Zoned Residential","Residential","$900,000"
"1","A11919700","CS","41","2845 SW 37th Ct","$770,000","0.1800","7,753","Less Than 1/4 Acre Lot","¤5700","REALTY SECURITIES CORPPB","Legal Access Road, Paved Road, Public Road","No","Zoned Duplex","Residential","$770,000"
"1","A11950621","CS","3030","1211 Tyler St","$900,000","0.2900","12,807","","¤RS-6","HOLLYWOOD LAKES SECTION","","No","Zoned Residential","Residential","$900,000"
"1","R10988295","CS","5520","16495 Hollow Tree Lane","$850,000","5.0000","","5 To Less Than 10 Acre Lot","EOZD(c","Rustic Ranches","City/County Maintained, Gravel/Lime Rock Road","Yes","","Unimproved Agri/Recreatn/Moblhome","$850,000"
"1","A12013506","CS","5940 Florida Other","10190 NW 28TH PL","$875,000","12.9400","563,666","10 Or More Acre Lot, Oversized Lot","","0154","","No","Zoned Residential","Residential","$875,000"
"1","B26020461","CS","5240","1260 N Harbor Drive","$1,000,025","0.2220","","Less Than 1/4 Acre Lot, Less Than 1 Acre","RS-5 (city)","YACHT HARBOR EST","City/County Maintained, Paved Road","No","","","$1,000,025"
"1","A11877588","CS","79","xxx SW 289 terr","$950,000","1.2500","54,450","1 To Less Than 2 Acre Lot","¤0100","LEISURE CITY SEC 2","Public Road","No","Zoned Duplex","Residential","$950,000"
"1","A11839778","CS","5060","18870 SE Country Club Dr","$850,000","0.3424","14,916","1/4 To Less Than 1/2 Acre Lot","","Tequesta","","No","Zoned Residential","Residential","$850,000"
"1","R10966808","CS","5400","4838 Badger Avenue","$830,000","2.7000","","2 To Less Than 3 Acre Lot","RM","ROSELAND PARK","County Road, Gravel/Lime Rock Road, Paved Road","No","","Unimproved Agri/Recreatn/Moblhome","$830,000"
"1","F10548163","CS","3270","431-433 NE 15th Avenue","$925,000","0.1404","6,116","","RC-15","Las Olas Park Corr 6-12 B","","No","Zoned Residential","Unimproved Agri/Recreatn/Moblhome","$925,000"
"1","A11985662","CS","41","1240 SW 12th Ave","$770,000","0.1600","7,020","","¤5700","SECOND WESTMORELAND ADDN","","No","Zoned Duplex","Residential","$770,000"
"1","A11520599","CS","69","155xx SW 260th ST","$950,000","5.0000","209,959","4 To Less Than 5 Acre Lot, 5 To Less Than 10 Acre Lot","¤9000","Redlands","City/County Maintained, Public Road","No","Zoned Residential","Other","$950,000"
"1","A11852332","CS","3860","11940 NW 8TH ST LOT 1","$875,000","0.9400","40,948","","","FLA FRUIT LANDS CO SUB 1","Paved Road, Public Road","No","Zoned Residential","Residential","$875,000"
"1","A11817839","CS","3860","11319 NW 4th St","$950,000","1.0800","47,140","","¤RS-1EP","RIZZO PLAT 88-33 B","","No","Zoned Residential","Residential","$950,000"
"1","F10543558","CS","3680","11701 NW 11th Street","$935,000","0.8600","37,621","1/2 To Less Than 3/4 Acre Lot","RS-1EP","Plantation Acres Land Co","","No","Zoned Residential","Unimproved Agri/Recreatn/Moblhome","$935,000"
"1","R11151468","CS","5440","3xx Orange Way","$900,000","0.1600","","Less Than 1/4 Acre Lot","SF7","The Southend","City/County Maintained, Paved Road","No","","Unimproved Agri/Recreatn/Moblhome","$900,000"
"1","A11971322","CS","41","3544 William Ave","$900,000","0.0000","5,250","","¤0100","FROW HOMESTEAD","","No","Zoned Residential","Residential","$900,000"
"1","F10549232","CS","3370","435 NE 25th Street","$900,000","0.3600","12,481","1/4 To Less Than 1/2 Acre Lot","RS-5","HAROLD A KEATS ADD","","No","Zoned Residential","Unimproved Agri/Recreatn/Moblhome","$900,000"
"1","F10481319","CS","3470","808 SW 8th Terrace","$870,000","0.2573","11,210","1/4 To Less Than 1/2 Acre Lot, Less Than 1 Acre","RD-15","Seawanna Sub Blk 63","","Yes","Zoned Residential","Unimproved Agri/Recreatn/Moblhome","$870,000"
"1","R11126249","CS","6331 Indian River – Central County","2016 Surfside Terrace","$850,000","0.3100","","Less Than 1/4 Acre Lot","RS-3","SURFSIDE ESTATES SUB","Paved Road","No","","Unimproved Agri/Recreatn/Moblhome","$850,000"
"1","R10493596","CS","5590","3820 Hanover Circle","$900,000","15.0200","","10 Or More Acre Lot, Cul-De-Sac Lot, Interior Lot","AR","WHITE FENCES EQUESTRIAN ES","Paved Road, Private Road","Yes","","","$900,000"
"1","A11748841","CS","22","11701 W Biscayne Canal Rd","$860,000","0.3490","15,200","","¤0100","HALOCK-SEC 1","","Yes","Zoned Residential","Other","$860,000"
"1","A11929976","CS","41","512 SW 21st Ave","$800,000","0.2296","10,000","","¤3900","WEST SHENANDOAH A RESUB","","No","Zoned Multifamily","Residential","$800,000"
"1","A11986925","CS","4540","3920 Evans Rd","$785,000","0.9000","39,208","","¤RS","Kingsland","","No","Zoned Residential","Residential","$785,000"
"1","R11154606","CS","7010","5144 Watersong Way","$825,000","0.1000","","Less Than 1/4 Acre Lot, East Of US 1","Planne","WATERSONG SOUTH PUD PLAT N","Paved Road","Yes","","Unimproved Agri/Recreatn/Moblhome","$825,000"
"1","F10556669","CS","","4221 SW 11th Street","$840,000","0.1717","7,480","Less Than 1/4 Acre Lot","0100","Camner Gables 1st Add","","No","Zoned Residential","Unimproved Agri/Recreatn/Moblhome","$840,000"
"1","A11936513","CS","40","8490 Grand Canal Dr","$840,000","0.3000","14,500","","¤2100","FLAGLER WATERWAY ESTATES","","Yes","Zoned Residential","Residential","$840,000"
"1","F10532146","CS","3113","3417 Dover Road","$825,000","0.1700","7,494","Less Than 1/4 Acre Lot, Less Than 1 Acre","RS-2","Hillsboro Shores Sec A 21","","No","Zoned Residential","Unimproved Agri/Recreatn/Moblhome","$825,000"
"1","F10541803","CS","","149XX SW 149xx 224 Street","$816,145","5.0000","217,800","5 To Less Than 10 Acre Lot","8900","Redland Citrus Orchards","","No","Zoned Residential","Unimproved Agri/Recreatn/Moblhome","$816,145"
"1","A11685882","CS","31","260 NW 43rd St","$750,000","0.1239","5,400","Less Than 1/4 Acre Lot","¤0104","COLUMBIA PARK CORR PL","City/County Maintained","No","Zoned Residential","Residential","$750,000"
"1","A11898733","CS","3880","14270 SW 20th Street","$810,000","1.0000","38,240","3/4 To Less Than 1 Acre Lot","¤R-1","FLA FRUIT LANDS CO","Legal Access Road, City/County Maintained, Paved Road","No","Zoned Residential","Residential","$810,000"
"1","A11866708","CS","3890","19068 Park Ridge St","$820,000","0.4000","17,304","","¤PDD","ESTATES OF SWAN LAKE","","Yes","Zoned Residential","Residential","$820,000"
"1","A11851344","CS","68","216th Street SW 184th Ave","$560,000","2.8600","124,582","","¤2300","N/A","","No","Zoned Residential","Residential","$560,000"
"1","F10531775","CS","3290","0 160th Avenue","$690,000","1.0500","45,693","","RE","Opossum 136-29 B","","No","Zoned Residential","Unimproved Agri/Recreatn/Moblhome","$690,000"
"1","A11801874","CS","31","4510 N Miami Ave","$700,000","0.1200","5,450","","¤3901","SHADOWLAWN EXTENSION SUB","","No","Zoned Multifamily","Residential","$700,000"
"1","A11801871","CS","31","4500 N Miami Ave","$700,000","0.1200","5,450","","¤3901","SHADOWLAWN EXTENSION SUB","","No","Zoned Multifamily","Residential","$700,000"
"1","A11979965","CS","69","16981 SW 276th St","$750,000","0.9600","41,637","3/4 To Less Than 1 Acre Lot","¤9000","THE REDLANDS SEC 1","","No","Zoned Residential","Residential","$750,000"
"1","R11160816","CS","4200","221 NE 9th Avenue","$628,000","0.3500","","1/4 To Less Than 1/2 Acre Lot","R2(cit","ARDEN PARK","City/County Maintained, Public Road","No","","Unimproved Agri/Recreatn/Moblhome","$628,000"
"1","A11972342","CS","21","10450 NW 19th Ave","$800,000","0.9600","42,158","","¤0100","RIVER GULFAIR","","No","Zoned Residential","Residential","$800,000"
"1","A11849965","CS","3370","90 NE 21st Ct","$730,000","0.0000","7,488","1/4 To Less Than 1/2 Acre Lot","¤RS-5","MILBRO PLAT","","No","Zoned Residential","Residential","$730,000"
"1","A11961595","CS","4460","115 NW 4th Ave","$525,000","0.2381","10,372","Less Than 1/4 Acre Lot","¤R-1-A (c","DELRAY TOWN OF","Paved Road","No","Zoned Residential","Residential","$525,000"
"1","R11157264","CS","5550","0 Caloosa Boulevard","$845,000","5.2100","","","RES","Caloosa","Paved Road","No","","Single","$845,000"
"1","A11918563","CS","98 Florida Keys","561 Gordon Cir","$700,000","0.4160","18,100","1/4 To Less Than 1/2 Acre Lot","¤URM","BERMUDA SHORES AMD","","Yes","Zoned Residential","Residential","$700,000"
"1","R11135536","CS","4470","111 SW 2nd Street","$795,000","0.1400","","Less Than 1/4 Acre Lot","RM(cit","DELRAY BEACH","Paved Road, Public Road","No","","Single","$795,000"
"1","R11134768","CS","4750","925 Sunset Road","$675,000","","","Less Than 1/4 Acre Lot","R-1-AA","CHAPEL HILL","City/County Maintained","No","","Single","$675,000"
"1","R11153665","CS","5330","Xxxxx 88th Trail","$750,000","1.1700","","1 To Less Than 2 Acre Lot","AR","Palm Beach Country Estates","County Road","No","","Unimproved Agri/Recreatn/Moblhome","$750,000"
"1","R11164974","CS","5230","2417 Country Oaks Lane","$735,000","0.2583","","1/4 To Less Than 1/2 Acre Lot","RS","None","Paved Road","No","","Unimproved Agri/Recreatn/Moblhome","$735,000"
"1","R11109301","CS","5330","7616 169th Place","$625,000","2.3000","","Corner Lot","AR","Palm Beach Country Estate","","No","","Single","$625,000"
"1","R10914161","CS","5560","715 N State Road 715","$250,000","","","10 Or More Acre Lot","AR","UNINCORPORATED","State Road","Yes","","Unimproved Agri/Recreatn/Moblhome","$250,000"
"1","A11992803","CS","3980","19730 SW 14th St","$700,000","0.8500","37,008","","¤(A)","FLA FRUIT LANDS CO SUB NO","","No","Zoned Residential","Residential","$700,000"
"1","R11134686","CS","7110","0 S Indian River Drive","$610,000","5.7100","","1 To Less Than 2 Acre Lot, 2 To Less Than 3 Acre Lot, 3 To Less Than 4 Acre Lot, 4 To Less Than 5 Acre Lot, 5 To Less Than 10 Acre Lot","None","WALTON HILLS","County Road, City/County Maintained, Paved Road, Public Road","Yes","","Unimproved Agri/Recreatn/Moblhome","$610,000"
"1","T20051550","CS","7110","12825 S Indian River Drive","$650,000","2.0234","","East Of US 1, Irregular Lot","RES","","County Road","Yes","","Single","$650,000"
"1","R11143926","CS","5420","401 42nd Street","$625,000","0.1578","","Less Than 1/4 Acre Lot","SF7","NORTH PALM BEACH PL 1","Paved Road","No","","Unimproved Agri/Recreatn/Moblhome","$625,000"
"1","A11919618","CS","40","2121 SW 66th Ave","$570,000","0.1900","8,400","","¤5700","TAMIAMI ACRES PLAN 2 SEC","","No","Zoned Duplex","Residential","$570,000"
"1","F10457512","CS","3290","20411 SW 51st Street","$635,000","0.8300","36,403","1/2 To Less Than 3/4 Acre Lot, Less Than 1 Acre","E-1","The Trails 143-35 B","","No","Zoned Residential","Unimproved Agri/Recreatn/Moblhome","$635,000"
"1","B26009530","CS","5040","13133 159th Street","$672,000","2.7000","","2 To Less Than 3 Acre Lot, Oversized Lot","AR","Jupiter Farms","City/County Maintained","No","","Unimproved Agri/Recreatn/Moblhome","$672,000"
"1","A11992873","CS","31","344 NW 41st St","$610,000","0.1200","5,300","Less Than 1/4 Acre Lot","¤0104","BAY VISTA PARK","","No","Zoned Residential","Residential","$610,000"
"1","A11984837","CS","5940 Florida Other","5507 SW 6th Ave.","$510,000","0.2600","","","R1","Cape Coral","","Yes","Zoned Residential","Residential","$510,000"
"1","R11136827","CS","5700","4138 Kirk Road","$680,000","1.2500","","","RM","PALM BEACH FARMS CO 7","City/County Maintained","No","","Single","$680,000"
"1","A11974803","CS","41","667 NW 1st St","$490,000","0.1100","5,000","Less Than 1/4 Acre Lot","¤4601","CITY OF MIAMI SOUTH","","No","Zoned Multifamily","Residential","$490,000"
"1","R11109290","CS","5330","7569 168th Court","$587,500","1.3200","","","AR","Palm Beach Country Estate","","No","","Single","$587,500"
"1","R11109283","CS","5330","7661 168th Court","$562,500","1.3200","","Corner Lot","AR","Palm Beach Country Estate","","No","","Single","$562,500"
"1","F10486197","CS","","2735 SW 32nd Avenue","$570,000","0.0000","5,450","Less Than 1/4 Acre Lot","5700","South Bay Condo","City/County Maintained, Public Road","No","Zoned Duplex","Unimproved Agri/Recreatn/Moblhome","$570,000"
"1","A11923644","CS","10","411 NE 152nd St","$495,000","0.4800","21,090","","¤0100","BISC GARDENS SEC A","","No","Zoned Residential","Residential","$495,000"
"1","A11575566","CS","31","70 NW 53rd St","$590,000","0.1700","7,200","Less Than 1/4 Acre Lot","¤3900","RAILWAY SHOPS ADDN 2ND AM","","No","Zoned Duplex","Residential","$590,000"
"1","R11149950","CS","5270","0 N Virginia Avenue","$625,000","","","","VACANT","NORTH BATES SUBDIVISION","","No","","Unimproved Agri/Recreatn/Moblhome","$625,000"
"1","B26006689","CS","5540","7795 Ironhorse Boulevard","$620,000","0.4591","","1/4 To Less Than 1/2 Acre Lot, Interior Lot, Less Than 1 Acre, West Of US 1","RPD (city)","IRONHORSE PAR B-1","Paved Road, Private Road","No","","Unimproved Agri/Recreatn/Moblhome","$620,000"
"1","A11928229","CS","41","5301 SW 4th St","$600,000","0.2600","11,536","","¤0100","FLAGLER GARDENS","","No","Zoned Residential","Residential","$600,000"
"1","R11123282","CS","5250","1125 Prosperity Village Drive","$595,000","0.1600","","Less Than 1/4 Acre Lot, Cul-De-Sac Lot, Less Than 1 Acre, West Of US 1","R1(cit","PROSPERITY VILLAGE","City/County Maintained, Paved Road, Private Road","No","","Unimproved Agri/Recreatn/Moblhome","$595,000"
"1","R11164180","CS","5100","17967 April Lane","$625,000","","","1/4 To Less Than 1/2 Acre Lot","residential","NA","County Road, Public Road","No","","Unimproved Agri/Recreatn/Moblhome","$625,000"
"1","F10555756","CS","5940 Florida Other","1040 Cracker Hammock","$540,000","20.1600","878,170","","AU","Sebring","","No","Zoned Residential","Unimproved Agri/Recreatn/Moblhome","$540,000"
"1","R11105126","CS","6313 Indian River – Beach Central","355 Cathedral Oaks Drive","$550,000","0.2500","","1/4 To Less Than 1/2 Acre Lot, Cul-De-Sac Lot","RS-3","ORCHID ISLAND NO 2","Paved Road, Public Road","Yes","","Unimproved Agri/Recreatn/Moblhome","$550,000"
"1","F10555195","CS","3380","1413 NE 17th Way","$585,000","0.1900","8,111","","RS-8","Progresso 2-18 D","","No","Zoned Residential","Unimproved Agri/Recreatn/Moblhome","$585,000"
"1","F10541415","CS","5540","20223 Simone Drive","$550,000","6.3500","276,606","","AG/RES","Santa Rosa Groves","","No","Zoned Residential","Unimproved Agri/Recreatn/Moblhome","$550,000"
"1","A11866537","CS","5940 Florida Other","190 winson ave","$455,000","0.3753","","1/4 To Less Than 1/2 Acre Lot","","amended plat of englewood","","Yes","Zoned Residential","Residential","$455,000"
"1","T20053779","CS","7015","10851 S Ocean Drive Unit#98 and 99","$500,000","0.0934","","Flood Zone Lot","","","","Yes","","Mobile","$500,000"
"1","F10414288","CS","5330","13945 Coco Plum Road","$500,000","5.0000","","","","CALOOSA","","No","Zoned Residential","Unimproved Agri/Recreatn/Moblhome","$500,000"
"1","F10541908","CS","6331 Indian River – Central County","7410 29th Court","$575,000","1.3100","57,064","1 To Less Than 2 Acre Lot","RS-3","Copelands Landing, Rivers","","Yes","Zoned Residential","Unimproved Agri/Recreatn/Moblhome","$575,000"
"1","R11157119","CS","7220","122 SE Mira Lavella","$525,000","0.3400","","1/4 To Less Than 1/2 Acre Lot","Residential","TESORO PLAT NO 3","Private Road","Yes","","Unimproved Agri/Recreatn/Moblhome","$525,000"
"1","T20053924","CS","6100","6201 SW Saddlebrook Lane","$550,000","5.0642","","","","","Paved Road","No","","Single","$550,000"
"1","R11148815","CS","6312 Indian River – Beach South","2120 W Beachside Lane","$530,000","0.4800","","1/4 To Less Than 1/2 Acre Lot","Residential","BEACHSIDE SUB","Paved Road","No","","Unimproved Agri/Recreatn/Moblhome","$530,000"
"1","A11968730","CS","40","Vacant Land","$558,750","0.3200","14,041","","¤5700","EL DORADO PLAINS 1ST ADDN","","No","Zoned Duplex","Other","$558,750"
"1","A11944477","CS","31","3895 W 2nd Ave","$495,000","0.5511","24,008","1/2 To Less Than 3/4 Acre Lot","¤0100","SUB OF PB 7-113","","No","Zoned Residential","Residential","$495,000"
"1","A11893117","CS","49","13301 SW 41st St","$350,000","0.1400","6,000","","¤0100","MIA ESTATES","","No","Zoned Residential","Residential","$350,000"
"1","A11959489","CS","3290","0 SW 185th Way","$402,000","2.4300","105,710","","¤A-1","EVERGLADES LAND CO","","No","Zoned Residential","Other","$402,000"
"1","F10518366","CS","3560","1 Bullard Way","$540,000","0.8200","35,600","","RM-10","Harris Sub 21-40 B","Paved Road, Private Road, Public Road","Yes","Zoned Multifamily","Residential","$540,000"
"1","F10547981","CS","5940 Florida Other","  Hunter Rd","$500,000","14.3200","311,890","","","Buckhead Ridge","","Yes","Zoned Residential","Residential","$500,000"
"1","A11940952","CS","5940 Florida Other","11114 Matlacha","$525,000","0.1600","6,751","Less Than 1/4 Acre Lot","RS-1","MATLACHA","","Yes","Zoned Residential","Residential","$525,000"
"1","R11155186","CS","7170","2606 SW River Shore Drive","$480,000","0.5000","","1/2 To Less Than 3/4 Acre Lot","Residential","SOUTH RIVER SHORES","Paved Road, Private Road","Yes","","Unimproved Agri/Recreatn/Moblhome","$480,000"
"1","R11014988","CS","7220","2807 SE Peru Street","$335,000","0.5000","","Flood Zone Lot, West Of US 1","RS-2PS","Port St Lucie - Section 3","City/County Maintained","Yes","","Single","$335,000"
"1","R11014982","CS","7220","2801 SE Peru Street","$335,000","0.4600","","Flood Zone Lot","RS-2PS","Port St Lucie - Section 3","City/County Maintained, Public Road","Yes","","Single","$335,000"
"1","T20046432","CS","7220","2807 SE Peru Street","$335,000","0.5000","","Flood Zone Lot, West Of US 1","RES","","City/County Maintained","Yes","","Single","$335,000"
"1","T20046425","CS","7220","2801 SE Peru Street","$335,000","0.4600","","Flood Zone Lot","RES","","Paved Road","Yes","","Single","$335,000"
"1","R11105920","CS","6100","4585 SW Stoneybrook Way","$530,000","","","West Of US 1","Res","FOX GROVE (AKA MEADOW RUN","Paved Road","No","","Single","$530,000"
"1","A11936588","CS","69","12330 SW 240 St","$530,000","1.0000","43,560","","¤9000","n/a","","No","Zoned Residential","Other","$530,000"
"1","R11083987","CS","4760","9158 Long Lake Palm Drive","$325,000","0.4000","","1/4 To Less Than 1/2 Acre Lot","RS","PONTE VECCHIO","Paved Road, Private Road","No","","Unimproved Agri/Recreatn/Moblhome","$325,000"
"1","R11131122","CS","7050","Tbd Southern Star Drive","$450,000","10.9800","","5 To Less Than 10 Acre Lot","AG-5Co","SOUTHERN STAR STABLES SUBD","County Road, City/County Maintained","No","","","$450,000"
"1","A11916588","CS","41","4 Grove Isle Dr. #D-13","$449,000","37.0000","","Less Than 1/4 Acre Lot","Dock","Grove Isle Marina","Paved Road","Yes","Boat Dock or Dockominium","Dockominium","$449,000"
"1","R11128034","CS","6090","4750 SW Pentalago Place","$534,000","4.9939","","3 To Less Than 4 Acre Lot, 4 To Less Than 5 Acre Lot","RES","PENTALAGO PLAT PHASE 1","Private Road","Yes","","","$534,000"
"1","A11854446","CS","68","20995 SW 240th st","$485,000","1.2500","54,886","","¤8900","Bonanza Rhos","","No","Zoned Residential","Residential","$485,000"
"1","R11152401","CS","6100","0 SW Tommy Clements Street","$520,000","15.0000","","10 Or More Acre Lot","AR","Clementsville Area (66100)","City/County Maintained, Paved Road, Private Road","No","","","$520,000"
"1","A11945221","CS","41","2720 SW 17th St","$525,000","0.1640","7,150","","¤0100","PARKDALE","","No","Zoned Residential","Residential","$525,000"
"1","A11890388","CS","69","27743 SW 172nd Pl","$490,000","0.9100","39,838","","¤9000","THE REDLANDS SEC 3","","No","Zoned Residential","Residential","$490,000"
"1","R11146845","CS","6090","4700 SW Stoneybrook Way","$525,000","5.3007","","5 To Less Than 10 Acre Lot","RES","FOX GROVE (AKA MEADOW RUN)","Paved Road","No","","Unimproved Agri/Recreatn/Moblhome","$525,000"
"1","R11014987","CS","7220","2805 SE Peru Street","$335,000","0.4200","","","RS-2PS","Port St Lucie - Section 3","City/County Maintained","Yes","","Single","$335,000"
"1","T20046431","CS","7220","2805 SE Peru Street","$335,000","0.4200","","Flood Zone Lot, West Of US 1","RES","","City/County Maintained","Yes","","Single","$335,000"
"1","T20055353","CS","6140","5160 SE Burning Tree Circle","$465,000","0.3700","","East Of US 1, Golf Course Lot, Interior Lot","","","","Yes","","Single","$465,000"
"1","R11147129","CS","5590","19542 Green Grove Court","$450,000","5.0000","","3 To Less Than 4 Acre Lot, 4 To Less Than 5 Acre Lot, 5 To Less Than 10 Acre Lot, West Of US 1","AR—AGRICULTURAL","Wildwood","County Road","No","","Unimproved Agri/Recreatn/Moblhome","$450,000"
"1","R11119384","CS","5540","Lot--1890 Louise Street","$500,000","5.0400","","5 To Less Than 10 Acre Lot, West Of US 1","AR/REsidential","Loxahatchee","","No","","","$500,000"
"1","R11166751","CS","5400","5165 Horseshoe Circle","$500,000","1.9800","","1 To Less Than 2 Acre Lot","AR","Unincorporated","Paved Road, Private Road","No","","Unimproved Agri/Recreatn/Moblhome","$500,000"
"1","A11935099","CS","68","0 SW 256 Street","$480,000","2.5000","108,900","","¤8900","Redland area","","No","Zoned Residential","Other","$480,000"
"1","R11159426","CS","5040","16038 Robin Way","$465,000","1.1900","","1 To Less Than 2 Acre Lot, Interior Lot","AR","Jupiter Farms","County Road, Paved Road","Yes","","Unimproved Agri/Recreatn/Moblhome","$465,000"
"1","A12000320","CS","50","14400 SW 99","$440,000","0.3500","15,600","1/4 To Less Than 1/2 Acre Lot","¤2100","JACARE SUB","Paved Road","No","Zoned Residential","Residential","$440,000"
"1","F10541679","CS","5940 Florida Other","1912 SW 48th Ln","$465,000","0.2300","10,019","","R1-W","Cape Coral","","Yes","Zoned Residential","Residential","$465,000"
"1","R11067651","CS","5940 Florida Other","000 Ponderosa Avenue","$292,100","63.0000","","10 Or More Acre Lot, 5 To Less Than 10 Acre Lot, Irregular Lot","NON AGRICULTURA","ROYAL TRAILS UNIT 2 REPLAT","Paved Road, Private Road, Public Road","Yes","","","$292,100"
"1","R11014985","CS","7220","2803 SE Peru Street","$335,000","0.3800","","Flood Zone Lot, West Of US 1","RS-2PS","Port St Lucie - Section 3","City/County Maintained","Yes","","Single","$335,000"
"1","T20046426","CS","7220","2803 Peru Street","$335,000","0.3800","","Flood Zone Lot, West Of US 1","RES","","Paved Road","Yes","","Single","$335,000"
"1","R11108016","CS","7170","733 SE Hidden River Drive","$410,000","0.5900","","1/2 To Less Than 3/4 Acre Lot","RS-3-C","HIDDEN RIVER ESTATES","City/County Maintained, Paved Road","Yes","","Unimproved Agri/Recreatn/Moblhome","$410,000"
"1","A11881118","CS","78","35251 SW 218th Avenue","$450,000","4.1200","179,467","4 To Less Than 5 Acre Lot","¤8900","Ranchos del Sol","Paved Road","No","Zoned Residential","Residential","$450,000"
"1","R10827932","CS","5590","Xxx Bob Cat Lane","$428,000","5.0000","","3 To Less Than 4 Acre Lot, 4 To Less Than 5 Acre Lot, 5 To Less Than 10 Acre Lot","AR","Deer Run","Paved Road, Public Road","Yes","","Unimproved Agri/Recreatn/Moblhome","$428,000"
"1","A11883343","CS","58","15300 SW 193 AVE","$475,000","2.5000","","2 To Less Than 3 Acre Lot","0","0","","No","Zoned Residential","Other","$475,000"
"1","R11102986","CS","6321 City of Vero Beach","2735 Country Club Drive","$425,000","0.3100","","1/4 To Less Than 1/2 Acre Lot","R-1A","ROYAL PARK","Paved Road","No","","Unimproved Agri/Recreatn/Moblhome","$425,000"
"1","T20052516","CS","6070","5470 SE Ebbtide Avenue","$375,000","0.4600","","Corner Lot, East Of US 1","Commerci","","","No","","Other","$375,000"
"1","A11948854","CS","22","167 NE 76th St","$390,000","0.1000","6,020","Regular Lot","¤4600","ROSE LAWN PK A SUB","Public Road","No","Zoned Multifamily","Residential","$390,000"
"1","F10516690","CS","5410","204 S Chillingworth Dr","$425","0.6060","","","SF7","Palm Beach Lakes South","","No","Zoned Residential","Residential","$425"
"1","R11045025","CS","5990 Global Outside US","8130 White Fences Lane","$429,000","4.7900","","3 To Less Than 4 Acre Lot, 4 To Less Than 5 Acre Lot","A-1","WHITE FENCES (A OF E)","Paved Road, Private Road","No","","","$429,000"
"1","F10484444","CS","6210 NE Okeechobee County","14294 NE 26th Avenue","$402,000","9.1100","435,600","5 To Less Than 10 Acre Lot","ag","Country Hills","Paved Road","No","Zoned Residential","","$402,000"
"1","A12005142","CS","5940 Florida Other","0 SE 225th dr","$400,000","40.0000","","10 Or More Acre Lot, Corner Lot","Farming","Shore","","No","Zoned Residential","Residential","$400,000"
"1","A11986632","CS","31","1976 NW 25th Ave","$365,000","144.0000","","Less Than 1/4 Acre Lot","¤5700","RIVER PARK","","No","Zoned Duplex","Residential","$365,000"
"1","A11800281","CS","78","179XX SW 291st ST","$375,000","2.2300","97,444","","¤9000","Redland","","No","Zoned Residential","Residential","$375,000"
"1","A11840446","CS","79","17399 SW 282 ST","$385,000","1.1500","50,312","1 To Less Than 2 Acre Lot","¤9000","THE REDLANDS SEC 4","Public Road","No","Zoned Residential","Residential","$385,000"
"1","R11155981","CS","5210","14410 Palmwood Road","$425,000","","","West Of US 1","RS","CYPRESS ISLAND MARINA COND","Paved Road, Private Road","Yes","","","$425,000"
"1","A11865202","CS","69","230 SW 118","$300,000","0.4880","21,257","","¤0100","N/A","","No","Zoned Residential","Residential","$300,000"
"1","F10541988","CS","5940 Florida Other","375 Bald Eagle Drive","$350,000","0.2300","10,019","","RSF-3","Marco Beach Unit 1","","No","Zoned Residential","Unimproved Agri/Recreatn/Moblhome","$350,000"
"1","A11946548","CS","21","25 NW 160th St","$395,000","0.4200","18,616","","¤0100","Biscayne Gardens SEC","","No","Zoned Residential","Residential","$395,000"
"1","A11976692","CS","5940 Florida Other","4945 Sorrento Ct","$385,000","0.2300","","Less Than 1/4 Acre Lot","","Cape Coral","","Yes","Zoned Residential","Residential","$385,000"
"1","R11131693","CS","6331 Indian River – Central County","6390 69th Street","$375,000","4.6900","","3 To Less Than 4 Acre Lot, 4 To Less Than 5 Acre Lot","A-1","WINTER BEACH EQUESTRIAN ES","County Road, Paved Road, Public Road","No","","","$375,000"
"1","A11966318","CS","41","345 SW 36th Ave","$340,000","0.1030","4,469","","¤5700","KIRKLAND HEIGHTS ADDN TO","","No","Zoned Residential","Residential","$340,000"
"1","F10552609","CS","3450","800 NE 43rd Street","$350,000","0.2500","","Less Than 1/4 Acre Lot","RES","FLORANADA CENTER 9-51 B","Paved Road, Public Road","No","Zoned Residential","Unimproved Agri/Recreatn/Moblhome","$350,000"
"1","R11153819","CS","5540","Lot-5010 Seminole Pratt Whitney Rd","$385,000","2.8800","","2 To Less Than 3 Acre Lot, Corner Lot, West Of US 1","A/R","Loxahatchee","City/County Maintained, Paved Road, Private Road","No","","Unimproved Agri/Recreatn/Moblhome","$385,000"
"1","R11168475","CS","6100","3280 SW Briarbrook Way","$375,000","5.2200","","5 To Less Than 10 Acre Lot, West Of US 1","AR-5a","FOX GROVE (AKA MEADOW RUN)","Paved Road, Private Road","No","","Unimproved Agri/Recreatn/Moblhome","$375,000"
"1","R11166376","CS","6100","24951 SW 86th Street","$375,000","5.0000","","3 To Less Than 4 Acre Lot, 4 To Less Than 5 Acre Lot, 5 To Less Than 10 Acre Lot","Ag/Res","CLEMENTSVILLE","Private Road","No","","Unimproved Agri/Recreatn/Moblhome","$375,000"
"1","A11947924","CS","31","5650 N Miami Ave","$395,000","0.1320","5,670","","¤3900","MIAMI AVE SUB","","No","Zoned Multifamily","Residential","$395,000"
"1","A11986846","CS","11","2861 NW 213th St","$325,000","0.7000","30,623","3/4 To Less Than 1 Acre Lot","¤0100","SUB OF","","No","Zoned Residential","Residential","$325,000"
"1","R11150321","CS","7110","0 S Indian River Drive","$380,000","0.5100","","","RES","Indian River Drive","","Yes","","Single","$380,000"
"1","R11152555","CS","7800","15323 Skyking Drive","$335,000","2.3100","","2 To Less Than 3 Acre Lot","AG-5Co","TREASURE COAST AIRPARK","Paved Road, Private Road","No","","Unimproved Agri/Recreatn/Moblhome","$335,000"
"1","R11152666","CS","5250","0 Twelve Oaks Way Unit#Slip B-18","$300,000","","","East Of US 1","R3(cit","TWELVE OAKS MARINA CONDO","Paved Road","Yes","","","$300,000"
"1","R11153010","CS","6342 Indian River – Southwest County","195 66th Avenue","$360,000","5.0000","","3 To Less Than 4 Acre Lot, 4 To Less Than 5 Acre Lot","A-1","INDIAN RIVER FARMS COMPANY","County Road, City/County Maintained, Paved Road, Public Road","No","","","$360,000"
"1","F10556158","CS","5040","524 15th Street","$255,000","0.2200","9,583","Less Than 1/4 Acre Lot","MF14","Palm Beach North","City/County Maintained","No","Zoned Residential","Unimproved Agri/Recreatn/Moblhome","$255,000"
"1","R11153856","CS","5040","Lot R-443 150th Ct ","$370,000","1.1500","","Interior Lot","AR","Jupiter Farms","County Road, City/County Maintained, Paved Road","No","","Single","$370,000"
"1","R11164793","CS","5410","623 4th Street","$225,000","0.1600","","Less Than 1/4 Acre Lot","NWD-R-C1","CLOWS ADDITION in Northwes","City/County Maintained, Paved Road, Public Road","No","","Unimproved Agri/Recreatn/Moblhome","$225,000"
"1","R11133734","CS","5690","4115 Luzon Avenue","$370,000","","","","RM","MANILA PARK","City/County Maintained","No","","Single","$370,000"
"1","R11119178","CS","6100","3720 SW Briarbrook Way","$370,000","5.0300","","5 To Less Than 10 Acre Lot","Residential","FOX GROVE (AKA MEADOW RUN)","Paved Road, Private Road","Yes","","Unimproved Agri/Recreatn/Moblhome","$370,000"
"1","F10536236","CS","6240 NW Okeechobee County","0 NW 240th","$165,000","20.0000","897,773","10 Or More Acre Lot","Agriculture","SOUTHERN COLONIZATION COM","Private Road","Yes","Zoned Residential","Unimproved Agri/Recreatn/Moblhome","$165,000"
"1","B26001065","CS","6342 Indian River – Southwest County","5555 23rd Street","$315,000","3.9200","","3 To Less Than 4 Acre Lot","A-1","TRAILS END SUB","County Road","No","","","$315,000"
"1","R11114358","CS","5020","9108 SE Sharon Street","$275,000","0.5000","","1/2 To Less Than 3/4 Acre Lot, West Of US 1","RES","PAPAYA VILLAGE","County Road, Paved Road, Public Road","No","","Unimproved Agri/Recreatn/Moblhome","$275,000"
"1","A11981129","CS","41","3817 Washington Ave","$360,000","0.0000","1,750","Less Than 1/4 Acre Lot","¤5700","ST ALBANS PARK","City/County Maintained","No","Zoned Duplex","Residential","$360,000"
"1","A11899231","CS","60","9800 SW 213th St","$340,000","0.2890","12,600","","¤0100","LINCOLN CITY SEC G","","No","Zoned Residential","Residential","$340,000"
"1","A12013642","CS","21","0 NE 125","$299,000","0.1600","7,250","","¤0700","BISCAYNE PARK ESTS AMD","","Yes","Zoned Residential","Residential","$299,000"
"1","A11878518","CS","22","17211 Biscayne Blvd Slip 75","$295,000","0.0000","360,406","Other Lot Description","¤9300","MAULE FED HWY INDUSTRIAL","Legal Access Road","No","Boat Dock or Dockominium","Dockominium","$295,000"
"1","A11940294","CS","31","1700 NW North River Dr","$250,000","0.5000","","Less Than 1/4 Acre Lot","¤6100","RIVER RUN YACHT CLUB COND","City/County Maintained","Yes","Boat Dock or Dockominium","Dockominium","$250,000"
"1","A11861537","CS","31","2476 NW 97th St","$285,000","0.2066","9,000","","¤5700","ACME GULFAIR","","No","Zoned Duplex","Residential","$285,000"
"1","A11887228","CS","68","18800 SW 197 Ave","$320,000","1.4600","63,598","","¤8900","Redlands","","No","Zoned Residential","Other","$320,000"
"1","R11142780","CS","5300","9426 Sunrise Drive","$285,000","0.4000","","1/4 To Less Than 1/2 Acre Lot","RM","GOOLSBY SUB UNREC ON","Paved Road","No","","Unimproved Agri/Recreatn/Moblhome","$285,000"
"1","R11158231","CS","5600","334 Cornell Drive","$150,000","","","Less Than 1/4 Acre Lot, East Of US 1","SFR - Single Fa","College Park","City/County Maintained","No","","Unimproved Agri/Recreatn/Moblhome","$150,000"
"1","F10555824","CS","6220 SE Okeechobee County","4501 SE 27th Street","$347,500","34.0000","14,462","","","Brindaban Forest Sub Un 4","","No","Zoned Residential","Unimproved Agri/Recreatn/Moblhome","$347,500"
"1","T20053798","CS","7500","425 NW Chipshot Lane","$300,000","0.0807","","","","","","No","","","$300,000"
"1","R11115567","CS","5620","1201 16th Avenue","$320,000","0.4000","","1/4 To Less Than 1/2 Acre Lot","SFR","LAKE WORTH HEIGHTS","City/County Maintained","No","","Unimproved Agri/Recreatn/Moblhome","$320,000"
"1","R11127008","CS","6100","9750 SW Hemingway Terrace","$340,000","3.0200","","","RE-2A","HEMINGWAY ESTATES","Paved Road","Yes","","Single","$340,000"
"1","R11140478","CS","5040","17241 126th Terrace","$300,000","","","","AR","Jupiter Farms","","No","","Single","$300,000"
"1","R11109519","CS","6100","2308 SW Austin Lane","$345,000","3.4800","","3 To Less Than 4 Acre Lot, Cul-De-Sac Lot, Irregular Lot","RES","STUART WEST","Paved Road, Private Road","Yes","","Unimproved Agri/Recreatn/Moblhome","$345,000"
"1","T20050883","CS","6100","2308 SW Austin Lane","$345,000","3.4790","","Cul-De-Sac Lot, Irregular Lot","RES","","Private Road","Yes","","Single","$345,000"
"1","R11166188","CS","6080","521 SW Halpatiokee Street","$340,000","0.3300","","1/4 To Less Than 1/2 Acre Lot, Less Than 1 Acre","Single Family","Halpatiokee Park","Paved Road","No","","Unimproved Agri/Recreatn/Moblhome","$340,000"
"1","F10529782","CS","","3328 NW 9th Court","$310,000","0.1290","5,640","Less Than 1/4 Acre Lot","5700","Buena Vista Park","City/County Maintained, Public Road","No","Zoned Duplex","Unimproved Agri/Recreatn/Moblhome","$310,000"
"1","B26022118","CS","5540","17147 71st Lane","$315,000","1.3000","","1 To Less Than 2 Acre Lot, Interior Lot","AR","Acreage & Unrec","City/County Maintained, Gravel/Lime Rock Road","Yes","","Unimproved Agri/Recreatn/Moblhome","$315,000"
"1","F10549370","CS","5540","14195 72nd Court","$330,000","2.7700","120,661","2 To Less Than 3 Acre Lot","AR","Acreage","Public Road","Yes","Zoned Residential","Unimproved Agri/Recreatn/Moblhome","$330,000"
"1","R11073990","CS","5540","13217 62","$320,000","2.6600","","1/2 To Less Than 3/4 Acre Lot, 1 To Less Than 2 Acre Lot, 1/4 To Less Than 1/2 Acre Lot, 2 To Less Than 3 Acre Lot","AR","west palm beach","Gravel/Lime Rock Road, Public Road","Yes","","Unimproved Agri/Recreatn/Moblhome","$320,000"
"1","R11150288","CS","7190","0 Macquillen Road","$352,000","","","","AR-1Co","ST LUCIE GARDENS SUBDIVIS","Gravel/Lime Rock Road","No","","Single","$352,000"
"1","A11746862","CS","31","89 NE 70th St","$330,000","0.2201","9,630","","¤5700","DUPONT ADDN","Paved Road","No","Zoned Duplex","Residential","$330,000"
"1","T20050663","CS","6030","3840 NE Cheri Drive","$345,000","0.5380","","","","","","No","","Single","$345,000"
"1","T20052832","CS","7500","386 NW Boundary Drive","$300,000","0.0680","","","","","","Yes","","","$300,000"
"1","R11131056","CS","6100","1376 SW Squire Johns Lane","$335,000","0.5145","","1/2 To Less Than 3/4 Acre Lot","res","COBBLESTONE","Paved Road, Private Road","No","","Unimproved Agri/Recreatn/Moblhome","$335,000"
"1","B26015188","CS","6372 Brevard County (W of Indian River)","00 County Road 507","$315,000","9.2500","","5 To Less Than 10 Acre Lot","Residential","Fellsmere Farms","Other Road","No","","","$315,000"
"1","A11904576","CS","21","14141 NW 14th Dr","$330,000","1.4270","62,175","","¤0100","MITCHELL LAKE PENINSULA","","Yes","Zoned Residential","Residential","$330,000"
"1","A11948814","CS","22","17211 Biscayne Blvd # 051","$320,000","0.0000","360,406","Less Than 1/4 Acre Lot","¤9300","MAULE FED HWY INDUSTRIAL","Other Road","Yes","Boat Dock or Dockominium","Dockominium","$320,000"
"1","A11990475","CS","3480","2415 SW 18th Ct","$315,000","0.2400","10,494","","¤RS-8","AMEN SUB OF 17-","","No","Zoned Residential","Residential","$315,000"
"1","A11916918","CS","31","3118 NW 22nd Ct","$300,000","0.1230","5,400","","¤5700","GLENHAVEN","","No","Zoned Duplex","Residential","$300,000"
"1","R11159870","CS","5420","1103 N Rosemary Avenue","$255,000","0.1400","","Less Than 1/4 Acre Lot, Corner Lot","NWD-2(","ROSEMARY ADDITION","City/County Maintained, Paved Road, Public Road","No","","Unimproved Agri/Recreatn/Moblhome","$255,000"
"1","F10548604","CS","5590","16594 Hamlin Blvd","$305,000","1.1816","51,470","","","The Acreage","","No","Zoned Residential","Residential","$305,000"
"1","F10519211","CS","5940 Florida Other","54452 Wildlife Way","$300,000","30.0000","","","","Not in a Subdivision","","No","Zoned Residential","Other","$300,000"
"1","A11885961","CS","31","1284 NW 58th Ter","$250,000","0.1200","5,300","","¤3901","ORCHARD VILLA EXTENSION","","No","Zoned Multifamily","Other","$250,000"
"1","A11922327","CS","98 Florida Keys","325 Calusa St Lot 508","$285,000","0.0000","1,872","Less Than 1/4 Acre Lot","","CALUSA CAMPGROUND","","No","Zoned Residential","Residential","$285,000"
"1","R11169770","CS","5460","2620 Donald Road","$300,000","0.3221","","1/4 To Less Than 1/2 Acre Lot, Corner Lot","RM","MILITARY HILL","City/County Maintained, Paved Road","No","","Unimproved Agri/Recreatn/Moblhome","$300,000"
"1","R11154420","CS","5540","12548 Temple Boulevard","$305,000","1.4200","","","AR","The Acreage","Paved Road","No","","Single","$305,000"
"1","T20054407","CS","7500","372 NW Foursome Lane","$275,000","0.0839","","","","","","No","","","$275,000"
"1","A11882768","CS","78","32020 SW 202 Ave","$275,000","0.8700","37,853","","¤2100","Redland","","No","Zoned Residential","Residential","$275,000"
"1","R11164872","CS","5020","12954 SE Papaya Street","$230,000","0.5200","","1/2 To Less Than 3/4 Acre Lot, West Of US 1","0000","PAPAYA VILLAGE","County Road, City/County Maintained, Paved Road, Public Road","No","","Unimproved Agri/Recreatn/Moblhome","$230,000"
"1","R11150665","CS","5540","17725 Tangerine Boulevard","$300,000","1.3300","","1 To Less Than 2 Acre Lot","AR","35-42-40~ W 237.49 FT OF E","City/County Maintained","No","","","$300,000"
"1","R11088735","CS","5590","Lot 69 77 Lane","$250,000","1.3000","","","AR","ACREAGE","County Road","No","","Single","$250,000"
"1","R11088740","CS","5590","Lot 100 77th Lane","$250,000","1.4900","","","RS/AR","ACREAGE","County Road","No","","Single","$250,000"
"1","B26006680","CS","5940 Florida Other","170 Angus Road","$269,000","20.0000","","10 Or More Acre Lot","AU","SUNSET ACRES UNREC","","No","","","$269,000"
"1","A11930219","CS","5940 Florida Other","2700 powerline road","$300,000","9.5900","","","AU","Basket Lake Groves Sec 07","","No","Zoned Residential","Residential","$300,000"
"1","R11134705","CS","7710","0 S Indian River S Drive","$200,000","1.7000","","1 To Less Than 2 Acre Lot","none/ single","WALTON HILLS","County Road, City/County Maintained, Paved Road, Public Road","No","","Unimproved Agri/Recreatn/Moblhome","$200,000"
"1","R11094924","CS","5540","16773 78th Road","$299,000","1.6000","","1 To Less Than 2 Acre Lot","AR","The Acreage","Paved Road","Yes","","Unimproved Agri/Recreatn/Moblhome","$299,000"
"1","R11137879","CS","5940 Florida Other","1701 Cabbage Wood Road","$235,000","20.5000","","10 Or More Acre Lot","RES","CABBAGE WOODS RANCHES","","No","","Unimproved Agri/Recreatn/Moblhome","$235,000"
"1","R11160688","CS","7300","Tbd Dusk Way","$318,000","3.6800","","Interior Lot","AG-2.5","TROPICAL ACRES","City/County Maintained, Paved Road","No","","Single","$318,000"
"1","B26025674","CS","5430","1048 Van Deventer Street","$330,000","0.1217","","Less Than 1/4 Acre Lot, Corner Lot, Less Than 1 Acre","SF7-C4","Vedado Park","Paved Road","No","","Unimproved Agri/Recreatn/Moblhome","$330,000"
"1","A11962832","CS","22","16330 NE 5th Ave","$295,000","0.2100","9,344","","¤0100","FULFORD HIGHLANDS","","No","Zoned Residential","Residential","$295,000"
"1","R11165841","CS","6060","5504 SE Horseshoe Point Road","$250,000","","","1/2 To Less Than 3/4 Acre Lot","residential","Rocky Point","Paved Road, Public Road","No","","Unimproved Agri/Recreatn/Moblhome","$250,000"
"1","R11165839","CS","6060","5504 SE Horseshoe Point Road","$300,000","","","1/2 To Less Than 3/4 Acre Lot","residential","Rocky Point","Public Road","No","","Unimproved Agri/Recreatn/Moblhome","$300,000"
"1","T20051615","CS","7015","10701 S Ocean Drive Unit#813","$270,000","0.0555","","Zero Lot Line Lot","","","Paved Road, Private Road","Yes","","Mobile","$270,000"
"1","A11960199","CS","31","1060 NW 44th St","$220,000","0.1556","6,780","","¤0100","DURHAM VILLAGE","","No","Zoned Residential","Residential","$220,000"
"1","R11160018","CS","5540","5363 Royal Palm Beach Boulevard","$275,000","1.2500","","1 To Less Than 2 Acre Lot","AR/RESIDENTIAL","ACREAGE","County Road, Paved Road","No","","","$275,000"
"1","R11166692","CS","5540","18354 50th Street","$300,000","1.6600","","1 To Less Than 2 Acre Lot","AR","Loxahatchee","","No","","Unimproved Agri/Recreatn/Moblhome","$300,000"
"1","R11154557","CS","5540","17280 91 Street","$282,000","1.2500","","Interior Lot, West Of US 1","rs","The Acreage","City/County Maintained, Public Road","No","","Single","$282,000"
"1","T20052814","CS","7500","444 NW Sandtrap Lane","$260,000","0.0637","","","","","","Yes","","","$260,000"
"1","B26002696","CS","5540","68 68th Street","$285,000","1.5600","","1 To Less Than 2 Acre Lot","AR","N/A","","No","","","$285,000"
"1","R11140219","CS","6030","1405 NE Indian River Drive","$220,000","0.0215","","Less Than 1/4 Acre Lot","YachtClub Co-Op","Outrigger Harbour Yacht Cl","Paved Road","Yes","","","$220,000"
"1","F10552255","CS","3040","524 SW 5 Avenue","$257,500","0.2300","9,988","","","HOPPERS GARDEN TRACTS","","No","Zoned Residential","Unimproved Agri/Recreatn/Moblhome","$257,500"
"1","A11803890","CS","5540","17354 75th Pl N","$280,000","1.1500","50,094","","¤AR","The Acreage","Public Road","No","Zoned Residential","Residential","$280,000"
"1","F10550092","CS","6240 NW Okeechobee County","TBD Tbd 240th Street","$235,000","20.0000","871,200","10 Or More Acre Lot","","None","","No","Zoned Residential","Unimproved Agri/Recreatn/Moblhome","$235,000"
"1","R11102198","CS","6353 Fellsmere","0 91st Street","$250,000","10.0000","","10 Or More Acre Lot, West Of US 1","A-2","FELLSMERE FARMS CO S/D OF ","","No","","","$250,000"
"1","R11120114","CS","6331 Indian River – Central County","16784 84th Court","$279,900","1.3062","","1 To Less Than 2 Acre Lot","AR","n/a","City/County Maintained","No","","","$279,900"
"1","A11947747","CS","5940 Florida Other","417 NW 38th Ave","$250,000","0.2400","10,625","","","Cape Coral","","Yes","Zoned Residential","Residential","$250,000"
"1","T20054185","CS","7500","451 NW Sandtrap Lane","$250,000","0.0885","","","","","","No","","","$250,000"
"1","T20049584","CS","7500","198 NW Hazard Way","$230,000","0.0833","","","","","","No","","","$230,000"
"1","R11153117","CS","5590","16390 78th Road","$265,000","1.1500","","1 To Less Than 2 Acre Lot","AR","25-42-40~ E 204.6 FT OF W ","City/County Maintained","No","","","$265,000"
"1","A11984675","CS","40","231 NW 62nd Ave","$280,000","0.1120","4,880","","¤0100","WEST FLAGLER PK SEC B","","No","Zoned Residential","Residential","$280,000"
"1","A11974091","CS","98 Florida Keys","245 Cuba Rd","$225,000","0.1170","5,100","","¤URM","HARRIS OCEAN PARK ESTATES","","No","Zoned Residential","Residential","$225,000"
"1","R11066620","CS","4460","101 NW 10th Avenue","$162,500","0.1992","","Less Than 1/4 Acre Lot","R-1-A(","WEST SIDE HEIGHTS DELRAY","City/County Maintained, Paved Road, Public Road","No","","Unimproved Agri/Recreatn/Moblhome","$162,500"
"1","R11117754","CS","5080","348 S Us Highway 1","$260,000","1.0000","","1 To Less Than 2 Acre Lot","US-1/I","JUPITER YACHT CLUB MARINA ","Paved Road, Public Road","Yes","","","$260,000"
"1","R11131391","CS","5220","0 Oak Harbour Drive","$275,000","","","West Of US 1","PUD/RM","Oak Harbour Marina","Paved Road, Private Road","Yes","","","$275,000"
"1","R11127245","CS","5540","Lot 122nd Drive","$260,000","1.2500","","1 To Less Than 2 Acre Lot","Ar","Acreage & Unrec","City/County Maintained, Public Road","No","","","$260,000"
"1","B26007722","CS","5940 Florida Other","1002 Bankers Road","$235,000","10.0000","","10 Or More Acre Lot","AU","GREAT OAKS ESTATES UNREC","City/County Maintained, Paved Road","No","","","$235,000"
"1","R11096070","CS","5590","17395 94 Street","$270,900","1.6700","","1 To Less Than 2 Acre Lot, West Of US 1","res/ag","Loxahatchee","City/County Maintained","Yes","","Unimproved Agri/Recreatn/Moblhome","$270,900"
"1","A11921175","CS","78","Undetermined 213th Avenue","$274,000","1.2000","52,272","","¤9000","None","","No","Zoned Residential","Residential","$274,000"
"1","A11940445","CS","21","1119 NW 105th Ter","$225,000","0.1194","5,200","","¤5700","NORTH SILVER CREST ADDPB","","No","Zoned Residential","Residential","$225,000"
"1","B26023134","CS","5540","83 Rd Lane","$265,000","1.1500","","1 To Less Than 2 Acre Lot","AR","The Acreage","","No","","Unimproved Agri/Recreatn/Moblhome","$265,000"
"1","F10515113","CS","5940 Florida Other","96744 Soap Creek Drive","$240,000","0.2456","","","","Oyster Bay","","Yes","Zoned Residential","Unimproved Agri/Recreatn/Moblhome","$240,000"
"1","A11709319","CS","12","3575 Mystic Pointe Dr, Slip 37","$260,000","0.0000","","Less Than 1/4 Acre Lot","¤5000","MYSTIC POINTE MARINA COND","City/County Maintained","Yes","Boat Dock or Dockominium","Dockominium","$260,000"
"1","A11968902","CS","12","3575 Mystic Pointe Dr","$255,000","875.0000","","Less Than 1/4 Acre Lot","¤5000","MYSTIC POINTE MARINA COND","Legal Access Road","No","Boat Dock or Dockominium","Dockominium","$255,000"
"1","A11980226","CS","31","8137 NW 6th Ave","$250,000","0.1580","6,900","","¤5700","LITTLE RIVER HIGHLANDS","","No","Zoned Duplex","Other","$250,000"
"1","A11956817","CS","3680","4861 Peters Rd","$208,000","0.1770","7,710","","¤RS-4K","HAPPY DALE","","No","Zoned Residential","Residential","$208,000"
"1","B26028127","CS","5540","42 Nd Road","$255,000","1.1500","","1 To Less Than 2 Acre Lot","AR","The Acreage","Other Road","Yes","","Unimproved Agri/Recreatn/Moblhome","$255,000"
"1","B26000865","CS","5540","00000 86th Road","$255,000","1.3100","","1 To Less Than 2 Acre Lot","AR—AGRICULTURAL","Loxahatchee","","No","","","$255,000"
"1","R11147125","CS","5540","Xxx 49th Street","$250,000","1.3600","","","RES","THE ACREAGE","Paved Road","No","","Single","$250,000"
"1","R11119030","CS","5590","Xxxx 90th Street","$240,000","","","","AR","The Acreage","","No","","Single","$240,000"
"1","A11845610","CS","22","3575 Mystic Pointe Dr, slip 69","$239,000","0.0000","","Less Than 1/4 Acre Lot","¤5000","MYSTIC POINTE MARINA COND","Legal Access Road, Public Road","Yes","Boat Dock or Dockominium","Dockominium","$239,000"
"1","A11903916","CS","79","14441 SW 296th St","$217,000","0.2400","10,200","","¤0100","MARY HOMES SUB SEC C","","No","Zoned Residential","Residential","$217,000"
"1","R11150211","CS","5540","0 73rd Street","$250,000","1.2900","","","AR","The Acreage","Public Road","Yes","","Single","$250,000"
"1","R11104674","CS","6080","Lot 15 SW Halpatiokee Street","$225,000","0.1700","","Less Than 1/4 Acre Lot","Vacant Resident","Halpatiokee Park","Public Road","No","","Unimproved Agri/Recreatn/Moblhome","$225,000"
"1","A11740841","CS","78","0 TBD","$210,000","1.8800","81,893","","¤8900","TBD","","Yes","Zoned Residential","Residential","$210,000"
"1","T20053017","CS","7500","397 NW Chipshot Lane","$249,000","0.0930","","","","","","No","","","$249,000"
"1","A11985642","CS","31","1815 NW 92nd St","$250,000","0.1800","7,875","","¤5700","AIRLINE ESTATES","","No","Zoned Duplex","Residential","$250,000"
"1","A11969954","CS","31","1762 NW 44th St","$187,000","0.1130","4,928","","¤5700","17TH AVE MANOR 2ND ADDN","","No","Zoned Duplex","Residential","$187,000"
"1","R11165987","CS","3300","17605 NW 19th Avenue","$250,000","0.1759","","Less Than 1/4 Acre Lot","0100","SUNNY ISLES INLAND","City/County Maintained","No","","Unimproved Agri/Recreatn/Moblhome","$250,000"
"1","F10542184","CS","5540","11200 41st Ct","$245,000","0.0000","57,499","","AR","Acreage & Unrec","Public Road","No","Zoned Residential","Residential","$245,000"
"1","B26010191","CS","6070","5279 SE Isabelita Avenue","$210,000","0.3270","","1/4 To Less Than 1/2 Acre Lot, East Of US 1, Less Than 1 Acre","RES","PORT SALERNO","City/County Maintained, Paved Road","No","","Unimproved Agri/Recreatn/Moblhome","$210,000"
"1","R11121925","CS","6070","5117 SE Isabelita Avenue","$220,000","","","Less Than 1/4 Acre Lot","RES","PORT SALERNO","City/County Maintained","No","","Single","$220,000"
"1","T20055265","CS","7180","106 SE Via Lago Garda ","$240,000","0.3470","","","","","","Yes","","Single","$240,000"
"1","T20054442","CS","7500","222 NW Chipshot Lane","$240,000","0.0611","","","","","","No","","","$240,000"
"1","A11973800","CS","69","264XX SW 137 ST","$225,000","0.2400","","Less Than 1/4 Acre Lot","¤3050","SUNNY HAVEN","","No","Zoned Residential","Residential","$225,000"
"1","A11973793","CS","69","26410 SW 137 ST","$225,000","0.2300","","Less Than 1/4 Acre Lot","¤3050","SUNNY HAVEN","","No","Zoned Residential","Residential","$225,000"
"1","R11123031","CS","5610","523 S M 1 Street Unit#1","$230,000","","","","SF-R(c","LAKE WORTH TOWN OF","City/County Maintained","No","","Single","$230,000"
"1","T20053169","CS","7015","3442 NE Causeway Boulevard","$200,000","1.9600","","","","","","Yes","","Dockominium","$200,000"
"1","B26034854","CS","5940 Florida Other","1815 Douglas Avenue","$215,000","0.1900","","Less Than 1/4 Acre Lot, Less Than 1 Acre","RES","DUNEDIN ISLES NO. 1","City/County Maintained, Private Road","No","","Unimproved Agri/Recreatn/Moblhome","$215,000"
"1","R11051530","CS","5940 Florida Other","6810 Front Street","$230,000","2.3900","","","MI","Safe Harbour Marina","Paved Road, Private Road","Yes","","","$230,000"
"1","T20052189","CS","7500","435 NW Boundary Drive","$225,000","0.0729","","","","","","No","","","$225,000"
"1","R11151536","CS","5540","0000 N 49th Street","$235,000","1.1500","","","AR","10-43-40~ N 237.9 FT OF S","Paved Road","No","","Single","$235,000"
"1","F10529077","CS","5940 Florida Other","0 Libby Road","$245,000","7.8100","340,203","5 To Less Than 10 Acre Lot","A/RRX rural x","Babson Park","","No","Zoned Residential","Unimproved Agri/Recreatn/Moblhome","$245,000"
"1","A11632006","CS","3560","2136 NW 7th St","$240,000","0.2100","9,360","","¤RMM-25","WASHINGTON PARK","","No","Zoned Multifamily","Residential","$240,000"
"1","T20054180","CS","7500","254 NW Hazard Way","$205,000","0.0589","","","","","","Yes","","","$205,000"
"1","A11964762","CS","5940 Florida Other","41301 Little Farm Rd","$237,500","2.5000","","","","Punta Gorda","","No","Zoned Residential","Residential","$237,500"
"1","A11905767","CS","5940 Florida Other","416 NW 38 pl","$205,000","0.2300","","","","CAPE CORAL","","Yes","Zoned Residential","Residential","$205,000"
"1","A12012955","CS","69","22365 SW 119th Ave","$232,500","0.1970","8,600","","¤5700","MARCIA-JANE SUB","","No","Zoned Duplex","Residential","$232,500"
"1","F10543665","CS","5500","6275 Bishoff Road","$212,500","0.2730","","Less Than 1/4 Acre Lot","AR","Palm Beach Farms","","No","Zoned Residential","Unimproved Agri/Recreatn/Moblhome","$212,500"
"1","A11947220","CS","31","1735 NW 57th St","$220,000","0.1200","5,250","","¤0104","FLORAL PK 1ST AMD","","No","Zoned Duplex","Other","$220,000"
"1","A11594183","CS","3040","405 SW 4th Ter","$185,000","0.1388","6,044","","","HALLANDALE GARDEN PARK","","No","Zoned Residential","Other","$185,000"
"1","T20054593","CS","6100","7506 SW 39th Street","$229,900","0.9579","","","Mobile H","","Paved Road","No","","Mobile","$229,900"
"1","A11944677","CS","98 Florida Keys","138 S Bahama Dr","$206,000","0.1900","8,245","Less Than 1/4 Acre Lot","¤IS-M","CENTER ISLAND","Paved Road","No","Zoned Residential","Residential","$206,000"
"1","R11140033","CS","5790","4802 Bonanza Road","$210,000","0.2301","","Less Than 1/4 Acre Lot","AR","TROPICAL COUNTRY ESTATES","Paved Road","No","","Unimproved Agri/Recreatn/Moblhome","$210,000"
"1","F10545437","CS","5940 Florida Other","890 SW Applewood Glen","$217,500","10.0280","","","","None","","No","Zoned Residential","Other","$217,500"
"1","T20052711","CS","7500","450 NW Sandtrap Lane","$202,000","0.0579","","","","","","No","","","$202,000"
"1","A11896449","CS","31","776 NW 57th St","$220,000","5,250.0000","5,250","","¤3901","PINE HIGHLANDS","","No","Zoned Residential","Residential","$220,000"
"1","A12028413","CS","3190","6147 SW 40th St","$155,000","0.1116","5,000","","¤RM4","SUN LAND PARK","","No","Zoned Multifamily","Other","$155,000"
"1","R11154327","CS","7300","10645 Lighter Wood Lane","$215,900","1.0200","","1 To Less Than 2 Acre Lot, Interior Lot, West Of US 1","AG-2.5","PINE HOLLOW UNITS THREE & ","Paved Road, Public Road","No","","Unimproved Agri/Recreatn/Moblhome","$215,900"
"1","A12030787","CS","3260","0000 NW 11th St","$205,000","0.1900","8,560","","¤RD-10","ROOSEVELT GARDENS","","No","Zoned Residential","Residential","$205,000"
"1","T20053836","CS","7500","437 NW Boundary Drive","$175,000","0.0835","","","","","","No","","","$175,000"
"1","T20049848","CS","7500","274 NW Hazard Way","$210,000","0.0598","","","","","","Yes","","","$210,000"
"1","R11153766","CS","5940 Florida Other","1245 NW 98th Street","$205,000","","","3 To Less Than 4 Acre Lot, 4 To Less Than 5 Acre Lot","RM","Okeechobee Little Farms","County Road, Paved Road, Public Road","No","","Unimproved Agri/Recreatn/Moblhome","$205,000"
"1","A11937789","CS","7040","4950 Grovers Road","$205,000","1.3700","59,677","1 To Less Than 2 Acre Lot","RS-4","METES AND BOUNDS","","No","Zoned Residential","Residential","$205,000"
"1","T20049163","CS","7500","457 NW Foursome Lane","$182,500","0.0579","","","","","","Yes","","","$182,500"
"1","R11137376","CS","7750","121 SW Hawthorne Circle","$205,000","0.5800","","1/2 To Less Than 3/4 Acre Lot","RES","PORT ST LUCIE-SECTION 37- ","City/County Maintained, Public Road","Yes","","Unimproved Agri/Recreatn/Moblhome","$205,000"
"1","A11965917","CS","31","0 0","$35,000","0.2300","5,500","","¤5700","STEPHEN MANOR","","No","Zoned Residential","Residential","$35,000"
"1","T20052156","CS","7015","10701 S Ocean Drive Unit#689","$190,000","0.0475","","Zero Lot Line Lot","","","Paved Road, Private Road","Yes","","Mobile","$190,000"
"1","T20053576","CS","7180","103 SE Via Lago Garda ","$190,000","0.5117","","Corner Lot","","","","No","","Single","$190,000"
"1","T20053889","CS","7015","462 Nettles Boulevard","$192,500","0.0437","","Interior Lot","","","","No","","","$192,500"
"1","A11928862","CS","31","6320 NW 4th Ave","$160,000","0.1300","5,720","","¤4600","GORDON DALE PK","","No","Zoned Multifamily","Other","$160,000"
"1","T20055263","CS","7015","642 Nettles Boulevard","$190,000","0.0449","","","","","","No","","","$190,000"
"1","R11157140","CS","6220 SE Okeechobee County","0 SE 26th Drive","$200,000","5.1800","","5 To Less Than 10 Acre Lot","AG/SFR","BRIDLEWOOD RANCHES","Paved Road, Private Road","No","","","$200,000"
"501","F10534261","CS","","118th AVE 118th Ave 227th Terrace","$200,000","0.2500","11,400","","9000","GOULDS ESTATES SEC 1","","No","Zoned Residential","Unimproved Agri/Recreatn/Moblhome","$200,000"
"501","R11143542","CS","6140","10363 SE Marigold Circle","$200,000","0.1400","","Less Than 1/4 Acre Lot","RES","MEDALIST VILLAGE","Paved Road","No","","Unimproved Agri/Recreatn/Moblhome","$200,000"
"501","R11143538","CS","6140","10362 SE Marigold Circle","$200,000","0.1400","","Less Than 1/4 Acre Lot","res","MEDALIST VILLAGE","Public Road","No","","Unimproved Agri/Recreatn/Moblhome","$200,000"
"501","B26017951","CS","6342 Indian River – Southwest County","525 Wright Circle","$205,000","1.4100","","1 To Less Than 2 Acre Lot, Cul-De-Sac Lot","Mixed Use, RES","Indian River Aerodro","Paved Road","Yes","","Unimproved Agri/Recreatn/Moblhome","$205,000"
"501","A11625409","CS","22","7717 NE 1st Ave","$146,000","0.0500","2,272","Less Than 1/4 Acre Lot","¤4600","LITTLE RIVER GARDENS","Paved Road, Public Road","No","Zoned Multifamily","Residential","$146,000"
"501","A11971134","CS","3050","2343 Douglas St","$152,000","0.0000","4,204","","¤RS-1","LIBERIA","","No","Zoned Residential","Residential","$152,000"
"501","F10549654","CS","3632","000 Lakeshore Drive","$155,000","12,356.0000","","","","Rose Manor","","Yes","Zoned Residential","Unimproved Agri/Recreatn/Moblhome","$155,000"
"501","B26037319","CS","6090","996 SW 34th Terrace","$190,000","0.1720","","Less Than 1/4 Acre Lot, Less Than 1 Acre, West Of US 1","RES","PALM CITY AMENDED","City/County Maintained, Paved Road","No","","","$190,000"
"501","R11130535","CS","7220","103 SE Santa Gardenia","$170,000","0.1200","","Less Than 1/4 Acre Lot","Planne","TESORO PLAT NO 6","City/County Maintained","No","","Unimproved Agri/Recreatn/Moblhome","$170,000"
"501","T20052448","CS","7220","103 SE Santa Gardenia ","$170,000","0.1200","","","","","","No","","Single","$170,000"
"501","A11966509","CS","78","0 NW 9","$195,000","0.0000","10,400","","¤5700","SUNNYLAND PARK NO 2","","No","Zoned Multifamily","Residential","$195,000"
"501","F10518669","CS","7015","305 Nettles Boulevard","$165,000","0.0500","2,000","","HUTCH ISLA","Outdoor Resorts At Nettle","","No","Zoned Residential","Unimproved Agri/Recreatn/Moblhome","$165,000"
"501","T20051711","CS","7015","173 Nettles Boulevard","$135,000","0.0547","","","","","","No","","Single","$135,000"
"501","F10546140","CS","3425","483 S Cortez Drive Circle","$185,000","4,470.6000","4,475","10 Or More Acre Lot","","Aztec RV Resort, Land Con","Paved Road","No","Zoned Residential","Unimproved Agri/Recreatn/Moblhome","$185,000"
"501","A11942864","CS","31","1700 NW N River Dr","$160,000","0.0100","","Less Than 1/4 Acre Lot","¤6100","RIVER RUN YACHT CLUB COND","No Road Access","Yes","Boat Dock or Dockominium","Dockominium","$160,000"
"501","F10468058","CS","3780","4430 SW 57th Avenue","$180,000","0.1660","7,278","Less Than 1/4 Acre Lot","ENSZD","Davie Little Ranches Amd","City/County Maintained, Paved Road","No","Zoned Residential","Unimproved Agri/Recreatn/Moblhome","$180,000"
"501","F10461906","CS","3780","4200 SW 57th Avenue","$180,000","0.1670","7,284","Less Than 1/4 Acre Lot","ENSZD","Davie Little Ranches Amd","Paved Road, Public Road","No","Zoned Residential","Unimproved Agri/Recreatn/Moblhome","$180,000"
"501","F10461904","CS","3780","4210 SW 57th Avenue","$180,000","0.1670","7,283","Less Than 1/4 Acre Lot","ENSZD","Davie Little Ranches Amd","City/County Maintained, Paved Road","No","Zoned Residential","Unimproved Agri/Recreatn/Moblhome","$180,000"
"501","A11847239","CS","31","4760 NW 16 TH AVE","$150,000","0.1200","5,250","Less Than 1/4 Acre Lot","¤5700","NO MIAMI EST SEC 3","","No","Zoned Duplex","Residential","$150,000"
"501","A11930950","CS","78","0 NW 9","$155,000","0.0000","10,400","","¤5700","SUNNYLAND PARK NO 2","","No","Zoned Duplex","Residential","$155,000"
"501","A11976774","CS","12","3575 Mystic Pointe Dr","$162,500","0.0000","","Less Than 1/4 Acre Lot","¤5000","MYSTIC POINTE MARINA COND","City/County Maintained","Yes","Boat Dock or Dockominium","Dockominium","$162,500"
"501","A11966070","CS","3560","512 NW 23rd Ave","$165,000","0.1950","8,499","","¤RMS-15","RIVER GARDENS","","No","Zoned Residential","Residential","$165,000"
"501","R11154814","CS","7370","5436 NW Briscoe Drive","$132,000","0.2300","","Less Than 1/4 Acre Lot","RS-2PS","PORT ST LUCIE SECTION 47","City/County Maintained, Paved Road","No","","Unimproved Agri/Recreatn/Moblhome","$132,000"
"501","R11152070","CS","5940 Florida Other","27965 NE 65th Terrace","$150,000","5.0000","","3 To Less Than 4 Acre Lot, 4 To Less Than 5 Acre Lot, 5 To Less Than 10 Acre Lot","AG","Fort Drum","","No","","Unimproved Agri/Recreatn/Moblhome","$150,000"
"501","A11939470","CS","5940 Florida Other","2901 Cornerstone Way","$152,000","5.0000","217,782","5 To Less Than 10 Acre Lot","","DENNIS S/D UNREC","","No","Zoned Residential","Residential","$152,000"
"501","R11134793","CS","7190","2279 SE Heathwood Circle","$131,500","0.2300","","Less Than 1/4 Acre Lot","RS-2PS","PORT ST LUCIE SECTION 40","Paved Road, Public Road","Yes","","Unimproved Agri/Recreatn/Moblhome","$131,500"
"501","R11147755","CS","5490","0000 Emilio Lane","$150,000","0.2200","","Less Than 1/4 Acre Lot","RS(cit","ALBERT LAKES GARDEN","County Road","Yes","","Unimproved Agri/Recreatn/Moblhome","$150,000"
"501","R11130745","CS","4500","4896 Alberta Avenue","$160,000","","","Less Than 1/4 Acre Lot","RM","ROSELAND PARK HAMPTON ADD","Other Road","No","","Single","$160,000"
"501","A11979170","CS","21","613 Sharrar Ave","$170,000","0.1470","6,393","","¤0100","OPA LOCKA 2ND REV PL","","No","Zoned Residential","Residential","$170,000"
"501","F10523315","CS","","6310 NW 21st Avenue","$135,000","0.1000","4,530","","5700","Ridge Crest","","No","Zoned Duplex","Unimproved Agri/Recreatn/Moblhome","$135,000"
"501","A11566547","CS","31","1841 NW 70th St","$110,000","0.0000","3,800","","¤5700","LIBERTY CITY","","No","Zoned Residential","Residential","$110,000"
"501","R11141184","CS","5940 Florida Other","1000 SW 15th Street","$140,000","","","","R4","OKEECHOBEE HEIGHTS","Paved Road","No","","Single","$140,000"
"501","F10555770","CS","6240 NW Okeechobee County","20922 NW 254th","$160,000","5.0000","217,800","","","Viking","","No","Zoned Residential","Unimproved Agri/Recreatn/Moblhome","$160,000"
"501","T20053456","CS","7015","10851 S Ocean Drive Unit#154","$170,000","0.0419","","","","","","No","","","$170,000"
"501","R11162082","CS","7190","1898 SE North Buttonwood Drive","$149,000","","","1/4 To Less Than 1/2 Acre Lot","Residential","Port St Lucie-Section 40","Public Road","No","","Unimproved Agri/Recreatn/Moblhome","$149,000"
"501","T20051492","CS","7015","105 Nettles Boulevard","$150,000","0.0464","","","","","","No","","","$150,000"
"501","A11892533","CS","7370","5924 NW Foust Cir,","$157,000","0.2900","12,632","Less Than 1/4 Acre Lot","¤RS-2 PSL","PORT ST LUCIE SECTION 46","Legal Access Road, Paved Road, Public Road","No","Zoned Residential","Residential","$157,000"
"501","T20053067","CS","7500","272 NW Hazard Way","$150,000","0.0598","","","","","","Yes","","","$150,000"
"501","T20050222","CS","7370","5938 NW Brenda Circle","$155,000","0.2300","","","","","","No","","Single","$155,000"
"501","R11124863","CS","7370","5540 Kyle Court","$165,000","0.3200","","1/4 To Less Than 1/2 Acre Lot, Corner Lot, Cul-De-Sac Lot, Irregular Lot, Less Than 1 Acre, West Of US 1","RS-2PS","PORT ST LUCIE SECTION 47","City/County Maintained, Paved Road","No","","Unimproved Agri/Recreatn/Moblhome","$165,000"
"501","R11062717","CS","7710","2426 SW Monterrey Lane","$140,000","","","Less Than 1/4 Acre Lot","RS-2PS","PORT ST LUCIE SECTION 5","City/County Maintained, Public Road","Yes","","Single","$140,000"
"501","B26007419","CS","5940 Florida Other","7025 Shrimp Road","$155,000","0.0000","","","MI","STOCK ISLAND MARINA VILLAG","Paved Road","Yes","","","$155,000"
"501","T20049376","CS","7500","184 NW Hazard Way","$156,000","0.0679","","","","","","No","","","$156,000"
"501","R11127055","CS","7370","6443 NW Fir Court","$158,000","","","","RS-2PS","PORT ST LUCIE SECTION 44","City/County Maintained, Public Road","No","","Single","$158,000"
"501","R11127032","CS","7370","5928 NW Wesley Road","$158,000","","","","RS-2PS","PORT ST LUCIE SECTION 44","City/County Maintained, Paved Road, Public Road","No","","Single","$158,000"
"501","R11037374","CS","7370","5814 NW Gillespie Avenue","$160,000","0.2296","","Less Than 1/4 Acre Lot","RS-2PS","PORT ST LUCIE SECTION 46 1","City/County Maintained","No","","Unimproved Agri/Recreatn/Moblhome","$160,000"
"501","R11117609","CS","6030","0 NE Kubin Avenue","$157,000","","","Less Than 1/4 Acre Lot, East Of US 1","resident","RIVER TERRACE","Paved Road, Public Road","No","","Single","$157,000"
"501","T20051710","CS","6030","0 NE Kubin Avenue","$157,000","0.1740","","East Of US 1","","","County Road","No","","Single","$157,000"
"501","A12051061","CS","5940 Florida Other","3322 Everglade Blvd S","$150,000","50,965.0000","","","","GOLDEN GATE ESTATES","","No","Zoned Residential","Residential","$150,000"
"501","A11982229","CS","3350","2440 NW 22nd Rd","$150,000","0.1500","5,002","","¤RS-6","FRANKLIN PARK","","No","Zoned Residential","Residential","$150,000"
"501","B26003481","CS","3780","     _ SW 56th Avenue","$165,000","0.1664","","Less Than 1/4 Acre Lot, Less Than 1 Acre","ENSZD","Davie Little Ranches Amd","City/County Maintained","No","","Unimproved Agri/Recreatn/Moblhome","$165,000"
"501","R11159117","CS","5940 Florida Other","1560 SE 23rd Street","$135,000","","","1/2 To Less Than 3/4 Acre Lot","Residential","BLUE HERON GOLF & COUNTRY ","City/County Maintained","Yes","","Unimproved Agri/Recreatn/Moblhome","$135,000"
"501","R11142256","CS","5940 Florida Other","39603 NW 19th Avenue","$155,000","","","","RR","THE PINELANDS","Paved Road","No","","Single","$155,000"
"501","R11124221","CS","5940 Florida Other","4310 Amelia Plantation Court","$150,000","0.3700","","1/4 To Less Than 1/2 Acre Lot","RS-2","AMELIA PLANATION SUB","Paved Road","No","","Unimproved Agri/Recreatn/Moblhome","$150,000"
"501","R11110140","CS","6220 SE Okeechobee County","2626 SE 31st Street","$125,000","","","Less Than 1/4 Acre Lot","res","TAYLOR CREEK","City/County Maintained, Paved Road, Public Road","Yes","","Single","$125,000"
"501","R11118237","CS","6372 Brevard County (W of Indian River)","342 Trotters Street","$136,000","2.5300","","2 To Less Than 3 Acre Lot","Residential","DEER RUN","County Road, Private Road","No","","Unimproved Agri/Recreatn/Moblhome","$136,000"
"501","T20053433","CS","7190","2762 SE Worrell Avenue","$132,000","0.2439","","","RS-2 PSL","","","No","","Single","$132,000"
"501","T20050875","CS","7190","2373 SE Avalon Road","$145,000","0.3496","","East Of US 1, Irregular Lot","res","","","No","","Single","$145,000"
"501","A11999903","CS","7280","2125 SE Morningside Blvd","$165,000","0.4300","18,731","","¤RS-1 PSL","SOUTH PORT ST LUCIE UNIT","","No","Zoned Residential","Residential","$165,000"
"501","T20054230","CS","7500","170 NW Hazard Way","$165,000","0.0658","","","","","","No","","","$165,000"
"501","T20052924","CS","7500","166 NW Hazard Way","$145,000","0.0658","","","","","","No","","","$145,000"
"501","R11061782","CS","7500","188 NW Hazard Way","$135,000","0.0799","","Less Than 1/4 Acre Lot","Planne","OUTDOOR RESORTS AT ST LUCI","City/County Maintained","No","","","$135,000"
"501","R11127165","CS","7710","Tbd SW Chestnut Lane ","$141,000","","","Less Than 1/4 Acre Lot","RS-2PS","PORT ST LUCIE SECTION 5","City/County Maintained, Public Road","Yes","","Single","$141,000"
"501","R11157970","CS","7720","1772 SW Millikin Avenue","$155,000","","","Less Than 1/4 Acre Lot, Interior Lot, West Of US 1","Residential","Port St Lucie Section 07","City/County Maintained, Paved Road, Public Road","No","","Unimproved Agri/Recreatn/Moblhome","$155,000"
"501","R11147001","CS","7720","1907 SW Import Drive","$145,000","0.2700","","West Of US 1","RS-2","Port Saint Lucie Section ","City/County Maintained, Paved Road, Public Road","Yes","","Single","$145,000"
"501","F10482855","CS","7730","297 SW Bedford Road","$150,000","0.2700","11,916","","RS-2 PSL","Port St Lucie Sec 41","","No","Zoned Residential","Unimproved Agri/Recreatn/Moblhome","$150,000"
"501","R11154162","CS","7740","1162 SW Fargo Avenue","$145,000","0.2296","","Less Than 1/4 Acre Lot","RS-2PS","PORT ST LUCIE SECTION 33","Paved Road","No","","Unimproved Agri/Recreatn/Moblhome","$145,000"
"501","R11154121","CS","7720","2574 SW Choctaw Street","$155,000","0.2300","","Less Than 1/4 Acre Lot","Resident","none","City/County Maintained","No","","Single","$155,000"
"501","A11946577","CS","3390","1909 NW 3rd Ct","$161,000","0.1580","6,888","","¤RS-8","RIVER BEND","","No","Zoned Residential","Residential","$161,000"
"501","F10555490","CS","3560","3023 NW 7th Street","$140,000","0.1300","","Less Than 1/4 Acre Lot","RS-6","Washington Park Third Add","City/County Maintained","No","Zoned Residential","Unimproved Agri/Recreatn/Moblhome","$140,000"
"501","A11952276","CS","5940 Florida Other","2390 NW 65","$130,000","10.0000","","","","N/A","","No","Zoned Residential","Residential","$130,000"
"501","A11946406","CS","5940 Florida Other","4724 SW 23RD AVE","$125,000","0.2300","","","","CAPE CORAL","","No","Zoned Residential","Residential","$125,000"
"501","F10542708","CS","5940 Florida Other","2413 Hicks Road","$155,000","9.4400","389,426","","AU","Tas Fla Highlands","","No","Zoned Residential","Unimproved Agri/Recreatn/Moblhome","$155,000"
"501","F10542701","CS","5940 Florida Other","1050 Arbuckle Creek Road","$140,000","10.1100","440,392","","AU","Orchard Groves Citrus Etc","","No","Zoned Residential","Unimproved Agri/Recreatn/Moblhome","$140,000"
"501","R11150962","CS","7190","2296 SE Trillo Street","$160,000","0.2800","","1/4 To Less Than 1/2 Acre Lot","RS-2PS","PORT ST LUCIE SECTION 30","City/County Maintained, Paved Road, Public Road","No","","Unimproved Agri/Recreatn/Moblhome","$160,000"
"501","R11144276","CS","7710","850 SW Sultan Drive","$148,000","0.2296","","Less Than 1/4 Acre Lot","RS-2PS","PORT ST LUCIE SECTION 12","City/County Maintained, Public Road","Yes","","Unimproved Agri/Recreatn/Moblhome","$148,000"
"501","R11145419","CS","7720","4462 SW Gainsboro Street","$155,000","","","Less Than 1/4 Acre Lot","RES","Port St Lucie Section 33","City/County Maintained","No","","Unimproved Agri/Recreatn/Moblhome","$155,000"
"501","R11126543","CS","7720","4474 SW Gainsboro Street","$154,000","","","Less Than 1/4 Acre Lot","RS-2PS","PORT ST LUCIE SECTION 33","City/County Maintained, Paved Road, Public Road","No","","Single","$154,000"
"501","T20053783","CS","7500","264 NW Hazard Way","$148,000","0.0589","","","","","","Yes","","","$148,000"
"501","A12001314","CS","3400","1632 NW 9th Ave","$150,000","0.1500","6,747","","¤RDS-15","PROGRESSO","","No","Zoned Residential","Residential","$150,000"
"501","F10483217","CS","7270","2270 SW Matheson Terrace","$130,000","0.2400","10,606","Less Than 1/4 Acre Lot, Less Than 1 Acre","RS-2 PSL","Port St Lucie Sec 11","","No","Zoned Residential","Unimproved Agri/Recreatn/Moblhome","$130,000"
"501","R11135336","CS","7720","2061 SW Ember Street","$151,000","0.2400","","Less Than 1/4 Acre Lot","RS-2 PSL","PORT ST LUCIE SECTION 8","City/County Maintained, Paved Road, Public Road","No","","Unimproved Agri/Recreatn/Moblhome","$151,000"
"501","A11997599","CS","7750","399 SW Ridgecrest Dr","$145,000","0.2500","10,000","","¤RS-2 PSL","PORT ST LUCIE SECTION  34","","No","Zoned Residential","Residential","$145,000"
"501","R11103781","CS","5940 Florida Other","1801 N Roosevelt Boulevard Unit#Tarpon 15","$155,000","","","","PS-Publi","Monroe Investment Co Sub ","City/County Maintained","Yes","","","$155,000"
"501","T20051857","CS","7040","X Tree Top Trail","$150,000","1.1600","","","","","","No","","Single","$150,000"
"501","A12009074","CS","7170","6537 NW Chugwater Cir","$145,000","0.2500","10,890","1/4 To Less Than 1/2 Acre Lot","¤RS-2 PSL","PORT ST LUCIE SECTION 43","Legal Access Road, City/County Maintained, Public Road","No","Zoned Residential","Residential","$145,000"
"501","R11165548","CS","7190","2112 SE Heathwood Circle","$147,000","0.3500","","1/4 To Less Than 1/2 Acre Lot","RS-2PS","PORT ST LUCIE SECTION 40","City/County Maintained","No","","Unimproved Agri/Recreatn/Moblhome","$147,000"
"501","T20052995","CS","7500","178 NW Hazard Way","$137,000","0.0658","","","","","","No","","","$137,000"
"501","R11135477","CS","7720","1281 SW Kapok Avenue","$146,000","0.2600","","1/4 To Less Than 1/2 Acre Lot, Corner Lot","RS-2 PSL","Port St Lucie Sec 33","Paved Road, Public Road","No","","Unimproved Agri/Recreatn/Moblhome","$146,000"
"501","T20054218","CS","7015","10725 S Ocean Drive Unit#402","$149,500","0.0436","","Zero Lot Line Lot","","","Paved Road, Private Road","No","","Mobile","$149,500"
"501","A11995855","CS","79","971 NE 5th Ave","$125,000","0.1570","6,850","","¤3000","J U FREE 2ND ADDN TO HOME","","No","Zoned Multifamily","Residential","$125,000"
"501","A11990292","CS","3050","000 Douglas St","$142,000","0.0963","4,196","","¤RS-1","LIBERIA","","No","Zoned Residential","Residential","$142,000"
"501","A11917952","CS","5600","424 N J St","$159,000","0.2500","6,750","","¤SF-TF-14","LAKE WORTH TOWN OF","","No","Zoned Duplex","Residential","$159,000"
"501","T20054008","CS","7015","10725 S Ocean Drive Unit#409","$150,000","0.0424","","Zero Lot Line Lot","","","Paved Road, Private Road","No","","Mobile","$150,000"
"501","T20049394","CS","7015","10725 S Ocean Drive Unit#285","$155,000","0.0511","","Zero Lot Line Lot","","","Private Road","No","","Mobile","$155,000"
"501","R11138665","CS","7710","1666 SW Althea Street","$145,000","0.2500","","1/4 To Less Than 1/2 Acre Lot, Corner Lot","RS-2 PSL","PORT ST LUCIE-SECTION 09","City/County Maintained, Paved Road, Public Road","No","","Unimproved Agri/Recreatn/Moblhome","$145,000"
"501","R11169751","CS","7720","1661 SW Nervia Avenue","$140,000","0.2300","","Less Than 1/4 Acre Lot","RS-2PS","PORT ST LUCIE SECTION 14","City/County Maintained, Paved Road, Public Road","No","","Unimproved Agri/Recreatn/Moblhome","$140,000"
"501","R11165006","CS","7720","3408 SW Galeti Street","$149,000","0.2400","","Less Than 1/4 Acre Lot","RS-2PS","PORT ST LUCIE SECTION 7","Public Road","No","","Unimproved Agri/Recreatn/Moblhome","$149,000"
"501","R11148373","CS","7720","2241 SW Elmwood Avenue","$148,000","0.2300","","Less Than 1/4 Acre Lot","RS-2PS","PORT ST LUCIE SECTION 35","City/County Maintained, Public Road","No","","Single","$148,000"
"501","R11139688","CS","7720","3291 SW Mcmullen Street","$140,000","","","Less Than 1/4 Acre Lot","RS-2PS","PORT ST LUCIE SECTION 17","Paved Road, Public Road","No","","Single","$140,000"
"501","R11166517","CS","7740","4205 SW Oblique Street","$149,000","0.2232","","Less Than 1/4 Acre Lot, Less Than 1 Acre","RS-2PS","PORT ST LUCIE SECTION 33","City/County Maintained, Paved Road","No","","Unimproved Agri/Recreatn/Moblhome","$149,000"
"501","R11137810","CS","7750","3874 SW Kasin Street","$135,000","","","Less Than 1/4 Acre Lot","RESIDENT","DARWIN/TULIP AREA","City/County Maintained, Paved Road, Public Road","No","","Single","$135,000"
"501","R11126213","CS","7220","576 SE Nome Drive","$150,000","0.2296","","Less Than 1/4 Acre Lot","RS-2PS","PORT ST LUCIE SECTION 39","Public Road","No","","Unimproved Agri/Recreatn/Moblhome","$150,000"
"501","R11074578","CS","7740","1486 SW Bartell Avenue","$130,000","0.2500","","1/4 To Less Than 1/2 Acre Lot","RS-2PS","PORT ST LUCIE SECTION 19","City/County Maintained, Paved Road, Public Road","No","","Unimproved Agri/Recreatn/Moblhome","$130,000"
"501","F10537852","CS","","6250 NW 15th Avenue","$150,000","0.1000","4,370","","3901","East Liberty City Sec A","","No","Zoned Residential","Unimproved Agri/Recreatn/Moblhome","$150,000"
"501","F10531273","CS","3411","165 NW 17th Avenue","$120,000","0.0000","6,530","Less Than 1/4 Acre Lot, Interior Lot, West Of US 1","00","SEABOARD HIGHLANDS ADD","Paved Road, Public Road","No","Zoned Residential","Residential","$120,000"
"501","A11951543","CS","3560","3046 NW 8th Pl","$145,000","0.1200","5,251","","¤RS-6","WASHINGTON PARK THIRD ADD","","No","Zoned Residential","Residential","$145,000"
"501","A11935995","CS","3560","1402 NW 27th Ave","$142,500","0.1700","7,701","Less Than 1/4 Acre Lot","¤RD-10","WASHINGTON PARK FOURTH AD","Paved Road","No","Zoned Duplex","Residential","$142,500"
"501","R11064652","CS","4630","13353 S Military Trail","$125,000","0.1500","","Less Than 1/4 Acre Lot, Corner Lot, West Of US 1","AR","DELRAY GARDEN ESTS PL 1","City/County Maintained, Paved Road, Public Road","No","","","$125,000"
"501","R11165747","CS","5410","0 S Congress Avenue","$150,000","0.1700","","Less Than 1/4 Acre Lot","SF7(ci","PALM BEACH LAKES SOUTH","City/County Maintained, Paved Road, Public Road","No","","Unimproved Agri/Recreatn/Moblhome","$150,000"
"501","A11917994","CS","5500","5964 Tiffany Pl","$141,000","0.1400","6,007","","¤RH","PLANTATION MANOR ESTATES","","No","Zoned Residential","Residential","$141,000"
"501","F10529193","CS","5940 Florida Other","747 Roane Road","$120,000","0.2601","11,328","","","CLERMONT LETTERED BLOCKS","","No","Zoned Residential","Unimproved Agri/Recreatn/Moblhome","$120,000"
"501","A11820923","CS","5940 Florida Other","1531 NW 34th Ave","$100,000","0.2300","10,000","Less Than 1/4 Acre Lot","","Cape Coral","City/County Maintained, Paved Road, Public Road","Yes","Zoned Residential","Residential","$100,000"
"501","A11748649","CS","5940 Florida Other","4320 Hendry Isles Blvd","$135,000","2.5000","","2 To Less Than 3 Acre Lot","","PIONEER PLANT UNREC SEC 2","Paved Road","No","Zoned Residential","Residential","$135,000"
"501","R11148844","CS","7170","171 SE Dwight Avenue","$142,000","","","Less Than 1/4 Acre Lot","RES","PORT ST LUCIE SECTION 1","Paved Road, Public Road","No","","Unimproved Agri/Recreatn/Moblhome","$142,000"
"501","T20053405","CS","7170","171 SE Dwight Avenue","$142,000","0.2300","","","","","Paved Road, Public Road","No","","Single","$142,000"
"501","R11061386","CS","7170","149 SE Fallon Drive","$130,000","0.2300","","Less Than 1/4 Acre Lot, West Of US 1","RS-2PS","PORT ST LUCIE SECTION 2","City/County Maintained, Paved Road, Public Road","No","","Single","$130,000"
"501","T20053187","CS","7370","5932 NW Wolverine Road","$145,000","0.2296","","","","","City/County Maintained","No","","Single","$145,000"
"501","T20053186","CS","7370","5930 NW Wolverine Road","$145,000","0.2296","","Interior Lot","RS-2 PSL","","City/County Maintained","No","","Single","$145,000"
"501","R11163486","CS","7710","631 SW Montana Terrace","$140,000","0.2400","","Less Than 1/4 Acre Lot, 1/4 To Less Than 1/2 Acre Lot, Interior Lot","RS-2PS","PORT ST LUCIE SECTION 9","City/County Maintained, Paved Road, Public Road","No","","Unimproved Agri/Recreatn/Moblhome","$140,000"
"501","R11126423","CS","7720","1079 SW Placetas Avenue","$132,000","","","Less Than 1/4 Acre Lot","RS-2PS","PORT ST LUCIE SECTION 15","City/County Maintained","No","","Single","$132,000"
"501","R11126426","CS","7720","1067 SW Placetas Avenue","$132,000","","","Less Than 1/4 Acre Lot","RS-2PS","PORT ST LUCIE SECTION 15","City/County Maintained","No","","Single","$132,000"
"501","R11112231","CS","7730","2808 SW Ann Arbor Road","$142,000","0.2296","","Less Than 1/4 Acre Lot","RS-2PS","PORT ST LUCIE SECTION 41","City/County Maintained, Public Road","No","","Unimproved Agri/Recreatn/Moblhome","$142,000"
"501","F10551990","CS","7740","292 Ridgecrest Drive","$140,000","0.2296","10,000","","RS-2 PSL","PORT ST LUCIE SECTION 36","","Yes","Zoned Residential","Unimproved Agri/Recreatn/Moblhome","$140,000"
"501","R11074584","CS","7740","1430 SW Bartell Avenue","$130,000","0.2296","","Less Than 1/4 Acre Lot","RS-2PS","PORT ST LUCIE SECTION 19","City/County Maintained, Paved Road","No","","Unimproved Agri/Recreatn/Moblhome","$130,000"
"501","R11167583","CS","7750","3702 SW Darwin Boulevard","$124,000","0.2700","","1/4 To Less Than 1/2 Acre Lot","RS-2PS","PORT ST LUCIE SECTION  22","Paved Road, Public Road","No","","Unimproved Agri/Recreatn/Moblhome","$124,000"
"501","B26017368","CS","5500","5226 Mobilaire Drive","$140,000","0.2100","","Less Than 1/4 Acre Lot, Less Than 1 Acre","RH","MOBILAIRE","","No","","Unimproved Agri/Recreatn/Moblhome","$140,000"
"501","B26007422","CS","6140","5866 SE Wesley Avenue","$142,500","0.2100","","Less Than 1/4 Acre Lot, Less Than 1 Acre","Vacant Resident","SALERNO SMALL FARMS","County Road, Paved Road","No","","Unimproved Agri/Recreatn/Moblhome","$142,500"
"501","T20054149","CS","7190","3081 SE Sumner Lane","$135,000","0.2583","","East Of US 1","","","County Road, Paved Road","No","","Single","$135,000"
"501","T20054116","CS","7190","3065 SE Sumner Lane","$135,000","0.2583","","","","","City/County Maintained","No","","Single","$135,000"
"501","R11143746","CS","5940 Florida Other","98 Del Palma Drive","$110,000","0.2740","","1/4 To Less Than 1/2 Acre Lot","PUD","MARINA DEL PALMA","Paved Road, Private Road","No","","Unimproved Agri/Recreatn/Moblhome","$110,000"
"501","R11156194","CS","7140","4901 River Place","$120,000","1.1200","","1 To Less Than 2 Acre Lot","RS-3-C","WHITE CITY SUBDIVISION","City/County Maintained","Yes","","Unimproved Agri/Recreatn/Moblhome","$120,000"
"501","F10545530","CS","7750","380 SW Kestor Drive","$145,000","0.2300","10,000","1/4 To Less Than 1/2 Acre Lot","RS-2 PSL","Port St Lucie Sec 34","","No","Zoned Residential","Unimproved Agri/Recreatn/Moblhome","$145,000"
"501","R11161180","CS","5280","Tbd W 37th Street","$130,000","0.2200","","Less Than 1/4 Acre Lot","RS-6(c","PARK MANOR 2","City/County Maintained","No","","Unimproved Agri/Recreatn/Moblhome","$130,000"
"501","R11164769","CS","3560","0000 NW 7th Court","$140,001","0.1263","","Less Than 1/4 Acre Lot","RS-6","WASHINGTON PARK THIRD ADD","Paved Road","No","","Unimproved Agri/Recreatn/Moblhome","$140,001"
"501","R11165681","CS","5020","0 SE Neptune Street","$137,000","","","Less Than 1/4 Acre Lot","residential","Banner Lakes","Paved Road, Public Road","No","","Unimproved Agri/Recreatn/Moblhome","$137,000"
"501","A11822142","CS","7010","4089 SW Mcintyre St","$140,000","0.2300","10,019","Less Than 1/4 Acre Lot","¤RS-2 PSL","PORT ST LUCIE SECTION 21","","No","Zoned Residential","Residential","$140,000"
"501","R11165827","CS","7150","404 E Midway E Road","$125,000","0.5100","","1/2 To Less Than 3/4 Acre Lot, East Of US 1","RS-2PS","INDIAN RIVER ESTATES UNIT ","City/County Maintained, Paved Road, Public Road","No","","Unimproved Agri/Recreatn/Moblhome","$125,000"
"501","R11153571","CS","7270","232 SW Crescent Avenue","$135,000","0.2300","","Less Than 1/4 Acre Lot","RS-2PS","PORT ST LUCIE SECTION 18","Paved Road, Public Road","No","","Unimproved Agri/Recreatn/Moblhome","$135,000"
"501","F10523745","CS","7710","2192 SW Del Rio Boulevard","$132,000","0.2700","11,750","","RS-2 PSL","Port St Lucie Sec 11","","No","Zoned Residential","Unimproved Agri/Recreatn/Moblhome","$132,000"
"501","R11163297","CS","7720","2999 SW Bright Street","$137,500","0.2400","","Less Than 1/4 Acre Lot","RS-2PS","PORT ST LUCIE SECTION 16","County Road, Paved Road","No","","Unimproved Agri/Recreatn/Moblhome","$137,500"
"501","B26020774","CS","7740","4337 SW Savona Boulevard","$130,000","0.2726","","1/4 To Less Than 1/2 Acre Lot, Less Than 1 Acre","RS-2 PSL","PORT ST LUCIE SECTION 33","City/County Maintained, Paved Road","No","","Unimproved Agri/Recreatn/Moblhome","$130,000"
"501","F10553967","CS","7750","263 SW Hide Place","$140,000","0.2900","12,606","","RS-2 PSL","Port St Lucie Sec 34","","No","Zoned Residential","Unimproved Agri/Recreatn/Moblhome","$140,000"
"501","R11123908","CS","7750","3998 SW Mccain Street","$139,000","0.2269","","Less Than 1/4 Acre Lot","RS-2PS","PORT ST LUCIE SECTION 21","City/County Maintained","No","","Unimproved Agri/Recreatn/Moblhome","$139,000"
"501","T20051186","CS","7710","2315 SW Chestnut Lane","$135,000","0.2296","","","","","City/County Maintained","Yes","","Single","$135,000"
"501","A11916023","CS","69","231xx 0827","$130,000","0.1430","6,250","","¤0100","SILVER PALM PARK","","No","Zoned Multifamily","Residential","$130,000"
"501","A11911090","CS","69","231xx 0825","$130,000","0.1430","6,250","","¤0100","SILVER PALM PARK","","No","Zoned Multifamily","Residential","$130,000"
"501","R11149966","CS","5940 Florida Other","7005 SW 21st Parkway","$140,000","","","2 To Less Than 3 Acre Lot","VACANT","SUNSET ACRES","County Road, Public Road","Yes","","Unimproved Agri/Recreatn/Moblhome","$140,000"
"501","R11128721","CS","7140","2307 River Branch Drive","$110,000","0.5000","","1/2 To Less Than 3/4 Acre Lot, Less Than 1 Acre, West Of US 1","RS-2-C","RIVER BRANCH ESTATES","County Road, Paved Road","No","","Unimproved Agri/Recreatn/Moblhome","$110,000"
"501","R11156315","CS","7270","0 SW Nativity Terrace","$132,000","0.2296","","Less Than 1/4 Acre Lot","RS-2 PSL","PORT ST LUCIE-SECTION 13","City/County Maintained","No","","Unimproved Agri/Recreatn/Moblhome","$132,000"
"501","A11982598","CS","5940 Florida Other","5303 Lake LN","$135,000","3.1600","","3 To Less Than 4 Acre Lot","","ACREAGE HEADER","Paved Road","No","Zoned Residential","Residential","$135,000"
"501","R11085989","CS","5940 Florida Other","1801 N Roosevelt Boulevard","$139,000","","","","Public&SemiPub","Monroe Investment Co. Sub ","City/County Maintained, Public Road","Yes","","","$139,000"
"501","R11165477","CS","7110","1550 SE Sutton Street","$138,750","","","Less Than 1/4 Acre Lot","RES","Port St Lucie","City/County Maintained, Paved Road","No","","Unimproved Agri/Recreatn/Moblhome","$138,750"
"501","R11163717","CS","7710","2062 SW Kimberly Avenue","$133,000","0.2300","","Less Than 1/4 Acre Lot, Interior Lot","RESIDENTIAL","PORT ST LUCIE-SECTION 20","City/County Maintained, Paved Road, Public Road","No","","Unimproved Agri/Recreatn/Moblhome","$133,000"
"501","R11133963","CS","7270","198 NE St James Drive","$130,000","","","1/2 To Less Than 3/4 Acre Lot, 1/4 To Less Than 1/2 Acre Lot","RS-2PS","PORT ST LUCIE SECTION 26","City/County Maintained, Public Road","No","","Unimproved Agri/Recreatn/Moblhome","$130,000"
"501","A11991198","CS","6210 NE Okeechobee County","36675 NE 9th Dr","$115,000","4.7700","","4 To Less Than 5 Acre Lot","RESIDENTIAL","LAKE MONTAZA ESTATES","","No","Zoned Residential","Residential","$115,000"
"501","R11159620","CS","7170","2398 SE Alden Street","$135,000","0.2300","","Less Than 1/4 Acre Lot","RS-2PS","PORT ST LUCIE SECTION 18","City/County Maintained, Paved Road, Public Road","No","","Unimproved Agri/Recreatn/Moblhome","$135,000"
"501","R11121352","CS","5420","627 3rd Street","$105,000","","","Less Than 1/4 Acre Lot","NWD-R-C1","CLOWS","City/County Maintained, Paved Road","No","","Single","$105,000"
"501","A11956297","CS","32","0 NW 32nd Ave","$85,000","0.0700","","","","HIALEAH HEIGHTS","","No","Zoned Residential","Residential","$85,000"
"501","R11159689","CS","4590","7685 2nd Terrace","$125,000","0.1400","","Less Than 1/4 Acre Lot","AR","BILTMORE TERRACE","Paved Road","No","","Unimproved Agri/Recreatn/Moblhome","$125,000"
"501","R11140708","CS","5940 Florida Other","17333 NW 298th Street","$135,000","3.7500","","3 To Less Than 4 Acre Lot, 4 To Less Than 5 Acre Lot","RS-1","THE SOUTHERN COLONIZATION ","Public Road","No","","Unimproved Agri/Recreatn/Moblhome","$135,000"
"501","B26012535","CS","6070","5167 SE Isabelita Avenue","$130,000","0.2070","","Less Than 1/4 Acre Lot, East Of US 1, Less Than 1 Acre","RES","PORT SALERNO","Paved Road","No","","Unimproved Agri/Recreatn/Moblhome","$130,000"
"501","R11135009","CS","7170","2220 SE Glover Street","$135,000","0.2300","","Less Than 1/4 Acre Lot, West Of US 1","single f","Port Saint Lucie","Paved Road, Public Road","No","","Single","$135,000"
"501","R11095270","CS","7190","2189 SE Gaslight Street","$130,000","","","Less Than 1/4 Acre Lot","RS-2","PORT ST LUCIE SECTION THIR","City/County Maintained, Paved Road, Public Road","No","","Unimproved Agri/Recreatn/Moblhome","$130,000"
"501","R11152795","CS","5420","936 39th Street","$115,000","0.1300","","Less Than 1/4 Acre Lot","SF7(ci","NORTHWOOD ADD","City/County Maintained, Paved Road, Public Road","No","","Single","$115,000"
"501","B26030345","CS","6331 Indian River – Central County","4606 32nd Avenue","$100,000","0.6900","","1/2 To Less Than 3/4 Acre Lot, Less Than 1 Acre","RM-10","Smith Plaza","Paved Road","No","","Unimproved Agri/Recreatn/Moblhome","$100,000"
"501","T20052928","CS","7500","48 NW Boundary Drive","$120,000","0.0875","","","","","","No","","","$120,000"
"501","F10551148","CS","7020","871 Osprey Lane","$129,000","0.0500","2,028","Less Than 1/4 Acre Lot, Interior Lot","Mobile H","OCEAN RESORTS COOPERATIVE","Paved Road","No","Zoned Residential","Unimproved Agri/Recreatn/Moblhome","$129,000"
"501","R11150228","CS","7040","Tbd Southwind Trail","$102,000","1.1600","","1 To Less Than 2 Acre Lot, West Of US 1","AR-1Co","METES AND BOUNDS","","No","","Unimproved Agri/Recreatn/Moblhome","$102,000"
"501","F10539680","CS","7720","2624 SW Harem Circle","$110,000","0.2400","10,625","1/4 To Less Than 1/2 Acre Lot","RS-2 PSL","Port St Lucie Sec 05","City/County Maintained","No","Zoned Residential","Unimproved Agri/Recreatn/Moblhome","$110,000"
"501","A11678640","CS","5940 Florida Other","4013 Camp Shore","$117,000","2.4000","104,544","2 To Less Than 3 Acre Lot","R1A","Highland Lakes Reserve","","No","Zoned Residential","Residential","$117,000"
"501","R11159134","CS","7180","115 SE Via Bisento","$125,000","0.1850","","Less Than 1/4 Acre Lot","Res","TESORO PRESERVE PLAT NO 2","Private Road","Yes","","Unimproved Agri/Recreatn/Moblhome","$125,000"
"501","A11957467","CS","5940 Florida Other","LOT 36 BURMEISTER RD","$105,000","1.0000","","","","FERNANDINA BEACH","","No","Zoned Residential","Residential","$105,000"
"501","A11939838","CS","31","6617 NW 18th Ave","$75,000","3,000.0000","2,800","","¤6400","LIBERTY CITY","","No","Zoned Multifamily","Other","$75,000"
"501","A11921123","CS","5940 Florida Other","24220 Blackbeard","$100,000","0.2500","","1/4 To Less Than 1/2 Acre Lot","","PIRATE HARBOR","","Yes","Zoned Residential","Residential","$100,000"
"501","R11150213","CS","5960 US not Florida","15729 NW 278th Street","$118,000","5.0000","","5 To Less Than 10 Acre Lot","res/ag","SOUTHERN COLONIZATION COMP","","No","","Unimproved Agri/Recreatn/Moblhome","$118,000"
"501","R11122566","CS","7060","1809 S 29th Street","$70,000","","","","SF Moder","FAIRLAWN","County Road, City/County Maintained, State Road","No","","Single","$70,000"
"501","F10537859","CS","","548 SW 6th Terrace","$90,000","0.1100","5,044","","1900","Lincoln Park Add","","No","Zoned Residential","Unimproved Agri/Recreatn/Moblhome","$90,000"
"501","A11991776","CS","3421","4240 NE 3rd Ave","$105,000","0.1600","","","¤RS-4c","FOREST PARK","","No","Zoned Residential","Residential","$105,000"
"501","B26025330","CS","5940 Florida Other","4450 Pioneer 9th Street","$114,000","1.2500","","1 To Less Than 2 Acre Lot","RR","PIONEER PLANT UNREC SEC 27","","No","","Unimproved Agri/Recreatn/Moblhome","$114,000"
"501","A11836879","CS","6070","5120 SE Jack Ave","$80,000","0.1650","7,125","Less Than 1/4 Acre Lot","Mixed CRA","PORT SALERNO","City/County Maintained, Public Road","No","Zoned Residential","Residential","$80,000"
"501","R11134476","CS","6220 SE Okeechobee County","2903 SE 29th Lane","$90,000","0.3100","","1/4 To Less Than 1/2 Acre Lot","SF/MAN","TAYLOR CREEK","County Road, Paved Road, Public Road","Yes","","Unimproved Agri/Recreatn/Moblhome","$90,000"
"501","T20055946","CS","7180","119 SE Via Bisento ","$120,000","0.1569","","","","","","No","","Single","$120,000"
"501","R11164012","CS","7720","401 SW Tulip Boulevard","$112,000","0.2800","","1/4 To Less Than 1/2 Acre Lot","RES","PORT ST LUCIE SECTION 41","Public Road","No","","Unimproved Agri/Recreatn/Moblhome","$112,000"
"501","A12024518","CS","98 Florida Keys","0 Palm","$82,500","0.1700","7,427","","¤is","SUMMERLAND KEY GARDEN","","No","Zoned Residential","Residential","$82,500"
"501","A11924875","CS","5940 Florida Other","3753 St Augustine Pl","$105,000","0.0000","10,800","Less Than 1/4 Acre Lot","residential","LAKE PADGETT ESTATES EAST","Paved Road, Public Road","No","Zoned Residential","Residential","$105,000"
"501","F10531140","CS","5940 Florida Other","000 50th Avenue","$68,000","2.2700","118,919","","E","Golden Gate Estate Unit 3","","No","Zoned Residential","Unimproved Agri/Recreatn/Moblhome","$68,000"
"501","R11154926","CS","7040","0 Slash Pine Trail","$120,000","","","","AR-1Co","METES AND BOUNDS","City/County Maintained","No","","Single","$120,000"
"501","T20051517","CS","7500","433 NW Boundary Drive","$115,000","0.0578","","","","","","No","","","$115,000"
"501","B26010121","CS","3460","438 NW 13th Avenue","$105,000","0.0904","","Less Than 1/4 Acre Lot, Less Than 1 Acre","RS-8","FIRST ADD TO TUSKEGEE PARK","","No","","Unimproved Agri/Recreatn/Moblhome","$105,000"
"501","B26006277","CS","6352 Sebastian County","8176 96th Court","$98,000","0.4500","","1/4 To Less Than 1/2 Acre Lot, Corner Lot, Less Than 1 Acre, West Of US 1","RS-3","VERO LAKE ESTATES UNIT E","","No","","Unimproved Agri/Recreatn/Moblhome","$98,000"
"501","T20054933","CS","7180","103 SE Via Bisento ","$98,000","0.2414","","Corner Lot","","","","No","","Single","$98,000"
"501","A11990350","CS","5940 Florida Other","845 N KENNEL ST","$102,000","1.2500","","1 To Less Than 2 Acre Lot","RRF","MONTURA RANCH ESTATES","Legal Access Road","No","Zoned Residential","Residential","$102,000"
"501","F10550215","CS","5940 Florida Other","430 & 450 N & 450 Cabbage Palm Street","$105,000","2.5000","54,450","2 To Less Than 3 Acre Lot","RRF","Montura Ranch Estates","","No","Zoned Residential","Unimproved Agri/Recreatn/Moblhome","$105,000"
"501","R11119146","CS","5940 Florida Other","491 Bywood Avenue","$92,000","0.3800","","1/4 To Less Than 1/2 Acre Lot","RS-10","SEBASTIAN HIGHLANDS UNIT 6","County Road, Paved Road","No","","Unimproved Agri/Recreatn/Moblhome","$92,000"
"501","R11141368","CS","6070","5028 SE Driftwood Avenue","$103,000","0.1638","","Less Than 1/4 Acre Lot","PS Redev","PORT SALERNO","Paved Road, Public Road","No","","Unimproved Agri/Recreatn/Moblhome","$103,000"
"501","R11149306","CS","5940 Florida Other","1801 N Roosevelt Boulevard","$109,000","","","","Public&SemiPub","Monroe Investment Co. Sub ","City/County Maintained, Public Road","Yes","","","$109,000"
"501","R11123768","CS","7190","2249 SE Lennard Road","$100,000","0.2300","","Less Than 1/4 Acre Lot, East Of US 1, Interior Lot","CP-PSL","PORT ST LUCIE SECTION 30","City/County Maintained, Paved Road, Public Road","No","","Unimproved Agri/Recreatn/Moblhome","$100,000"
"501","A11829081","CS","22","400 Sunny Isles Blvd Dd 211","$103,000","0.0000","","Less Than 1/4 Acre Lot","¤6110","INTRACOASTAL WATERWAY","Paved Road","Yes","Boat Dock or Dockominium","Dockominium","$103,000"
"501","A12015990","CS","5940 Florida Other","235 &  225 S ARBOLEDA ST","$97,000","2.5000","","2 To Less Than 3 Acre Lot","RRF","MONTURA RANCH ESTATES","Legal Access Road","Yes","Zoned Residential","Residential","$97,000"
"501","R11073878","CS","5420","0 W 2nd Street","$80,000","0.1200","","Less Than 1/4 Acre Lot","RS-8(c","RIVIERA BEACH HEIGHTS ADD ","County Road","No","","Unimproved Agri/Recreatn/Moblhome","$80,000"
"501","F10548975","CS","6240 NW Okeechobee County","508 NW 30th Lane","$90,000","1.0000","21,824","","","Tropical Gardens","","No","Zoned Residential","Unimproved Agri/Recreatn/Moblhome","$90,000"
"501","R11153101","CS","6351 Sebastian","106 Tracy Drive","$91,000","0.2500","","1/4 To Less Than 1/2 Acre Lot, West Of US 1","RS-10","SEBASTIAN HIGHLANDS UNIT 1","Paved Road","No","","Unimproved Agri/Recreatn/Moblhome","$91,000"
"501","R11159867","CS","7040","3218 Sunrise Boulevard","$75,000","0.5700","","","SFLowD","MARAVILLA HEIGHTS SUBDIVI","Public Road","No","","Single","$75,000"
"501","R10997096","CS","7090","00 Maravilla Boulevard","$85,000","0.4600","","1/4 To Less Than 1/2 Acre Lot","RS-4Co","MARAVILLA HEIGHTS SUBDIVIS","Paved Road","No","","Unimproved Agri/Recreatn/Moblhome","$85,000"
"501","A11841993","CS","32","37 Street Collins Avenue","$75,000","0.0344","","","RECREATIONAL","Miami Beach","No Road Access, Other Road","Yes","Zoned Residential","Residential","$75,000"
"501","R11073889","CS","5280","W W 3rd Street","$80,000","0.1200","","Less Than 1/4 Acre Lot","RS-8(c","RIVIERA BEACH HEIGHTS ADD ","Paved Road","No","","Unimproved Agri/Recreatn/Moblhome","$80,000"
"501","B26004234","CS","5420","624 58th Street","$75,000","0.1171","","Less Than 1/4 Acre Lot, Less Than 1 Acre","SF7 (city)","NORTH PALM BCH 4, Lots 17 ","","No","","Unimproved Agri/Recreatn/Moblhome","$75,000"
"501","A12027862","CS","5940 Florida Other","3720 SW 5th Ave","$92,000","0.2300","","","","Cape Coral","","Yes","Zoned Residential","Residential","$92,000"
"501","R11142067","CS","5940 Florida Other","3632 SE 18th Terrace","$91,000","0.1900","","Less Than 1/4 Acre Lot","Vacant Resident","TAYLOR CREEK","Paved Road","Yes","","Unimproved Agri/Recreatn/Moblhome","$91,000"
"501","A11983472","CS","7010","0 S Ocean Dr","$90,000","0.3500","15,246","","¤Hutch Is","SURFSIDE PLAZA UNIT 1 REP","Paved Road, Public Road","No","Zoned Residential","Other","$90,000"
"501","R11014210","CS","7220","465 SE Fascino Circle","$78,000","0.1500","","Less Than 1/4 Acre Lot","RES","Tesoro","Paved Road","Yes","","Single","$78,000"
"501","A11992111","CS","5940 Florida Other","335 & 345 S KENNEL ST","$90,000","2.5000","","2 To Less Than 3 Acre Lot","RRF","MONTURA RANCH ESTATES","Legal Access Road","No","Zoned Residential","Residential","$90,000"
"501","A11633572","CS","5940 Florida Other","545 & 555 N Zambria Street","$97,000","2.5000","108,900","","rrf","Montura Ranches","Other Road","No","Zoned Residential","Residential","$97,000"
"501","R11153823","CS","5940 Florida Other","564 SE 40th Avenue","$90,000","0.5000","","1/2 To Less Than 3/4 Acre Lot","Residential","Lakeside Shores","Paved Road, Public Road","Yes","","Unimproved Agri/Recreatn/Moblhome","$90,000"
"501","A11994103","CS","5940 Florida Other","8541 Stringfellow RD","$88,000","1.1500","","","","James City","","No","Zoned Residential","Other","$88,000"
"501","R11168260","CS","6372 Brevard County (W of Indian River)","000 Victoria Drive","$75,000","0.4800","","1/4 To Less Than 1/2 Acre Lot","res","BAY CREST VILLA","Paved Road, Public Road","No","","Unimproved Agri/Recreatn/Moblhome","$75,000"
"501","F10416323","CS","5940 Florida Other","0000 NE 70th St/","$90,000","1.2600","60,984","1 To Less Than 2 Acre Lot","R1","Silver Mdws North","","No","Zoned Residential","Unimproved Agri/Recreatn/Moblhome","$90,000"
"501","A11836886","CS","6070","5110 SE Jack Ave","$80,000","0.1600","7,125","Regular Lot","Mixed","PORT SALERNO","Legal Access Road, City/County Maintained, Public Road","No","Zoned Multifamily","Other","$80,000"
"501","R11132176","CS","6230 SW Okeechobee County","14082 SW 16th Court","$90,000","0.7405","","1/2 To Less Than 3/4 Acre Lot","res","RIVER OAK GROVE","County Road","No","","Unimproved Agri/Recreatn/Moblhome","$90,000"
"501","R11155916","CS","7150","0 Hickory Drive","$80,000","0.2300","","Less Than 1/4 Acre Lot, East Of US 1","RS-4Co","INDIAN RIVER ESTATES UNIT ","Paved Road, Public Road","No","","Unimproved Agri/Recreatn/Moblhome","$80,000"
"501","A11938106","CS","7150","5200 Hickory Dr","$83,900","0.2296","10,000","","¤RS-4 Cou","INDIAN RIVER ESTATES UNIT","","No","Zoned Residential","Residential","$83,900"
"501","F10554942","CS","6351 Sebastian","412 Mango Avenue","$97,000","0.2300","10,019","Less Than 1/4 Acre Lot, Less Than 1 Acre","RS-10","Sebastian Highlands","","No","Zoned Residential","Unimproved Agri/Recreatn/Moblhome","$97,000"
"501","R11141635","CS","5940 Florida Other","401 Betty Avenue","$87,000","0.2500","","1/4 To Less Than 1/2 Acre Lot","RS-10","REPLAT OF PORTIONS OF SEBA","Paved Road","No","","Unimproved Agri/Recreatn/Moblhome","$87,000"
"501","R11164666","CS","6220 SE Okeechobee County","2024 SE 34th Lane","$92,000","0.1894","","Less Than 1/4 Acre Lot","res","TAYLOR CREEK","County Road, City/County Maintained, Paved Road, Public Road","Yes","","Unimproved Agri/Recreatn/Moblhome","$92,000"
"501","B26030967","CS","6240 NW Okeechobee County","19201 NW 256th Street","$95,000","1.2500","","1 To Less Than 2 Acre Lot","Agriculture/Res","vk2964 The Viking Estates","County Road, Paved Road","No","","Unimproved Agri/Recreatn/Moblhome","$95,000"
"501","R11169708","CS","6351 Sebastian","306 Main Street","$95,000","0.2300","","Less Than 1/4 Acre Lot, Less Than 1 Acre, West Of US 1","RS-10","SEBASTIAN HIGHLANDS UNIT 2","City/County Maintained, Paved Road","No","","Unimproved Agri/Recreatn/Moblhome","$95,000"
"501","R11149012","CS","6351 Sebastian","737 Benedictine Terrace","$92,000","0.2300","","Less Than 1/4 Acre Lot","RS-10","SEBASTIAN HIGHLANDS UNIT 1","City/County Maintained, Paved Road","No","","Unimproved Agri/Recreatn/Moblhome","$92,000"
"501","T20054051","CS","7150","5603 Tangelo Drive","$85,000","0.4037","","East Of US 1","RES","","Paved Road, Public Road","No","","Single","$85,000"
"501","T20053640","CS","7500","3 NW Boundary Drive","$75,000","0.0578","","","","","","No","","","$75,000"
"501","A11934376","CS","5940 Florida Other","1236 SE 21st Place","$82,000","0.2300","9,932","Less Than 1/4 Acre Lot","","Cape Coral","City/County Maintained, Paved Road, Public Road","No","Zoned Residential","Residential","$82,000"
"501","A11908867","CS","5940 Florida Other","13365 Palau Cir","$90,000","0.2900","","1/4 To Less Than 1/2 Acre Lot","RES","PORT CHARLOTTE","Paved Road","Yes","Zoned Residential","Residential","$90,000"
"501","R11096542","CS","6030","958 NE Dahoon Terrace","$84,000","0.2400","","Less Than 1/4 Acre Lot, Cul-De-Sac Lot","Resident","HOLLY CREEK","Paved Road","No","","Single","$84,000"
"501","R11139341","CS","5940 Florida Other","1662 Sunport Road","$94,500","0.2300","","Less Than 1/4 Acre Lot","RS-10","SEBASTIAN HIGHLANDS UNIT 1","City/County Maintained, Paved Road, Public Road","No","","Unimproved Agri/Recreatn/Moblhome","$94,500"
"501","R11149370","CS","5940 Florida Other","4110 58th Avenue","$80,000","0.5900","","1/2 To Less Than 3/4 Acre Lot, Corner Lot, West Of US 1","RES-SF","RANCH ESTATES","County Road, City/County Maintained, Paved Road, Public Road","No","","Unimproved Agri/Recreatn/Moblhome","$80,000"
"501","F10555031","CS","6351 Sebastian","557 Drawdy Way","$94,000","0.2700","11,761","1/4 To Less Than 1/2 Acre Lot, Less Than 1 Acre","RS-10","Sebastian Highlands","","No","Zoned Residential","Unimproved Agri/Recreatn/Moblhome","$94,000"
"501","B26004559","CS","6351 Sebastian","857 Beard Avenue","$89,000","0.2300","","Less Than 1/4 Acre Lot, Interior Lot, Less Than 1 Acre, West Of US 1","RS-10","SEBASTIAN HIGHLANDS UNIT 4","City/County Maintained, Paved Road","No","","Unimproved Agri/Recreatn/Moblhome","$89,000"
"501","B26004435","CS","6351 Sebastian","774 Bayfront Terrace","$67,000","0.2300","","Less Than 1/4 Acre Lot, Interior Lot, Less Than 1 Acre, West Of US 1","RS-10","SEBASTIAN HIGHLANDS UNIT 1","Paved Road","No","","Unimproved Agri/Recreatn/Moblhome","$67,000"
"501","R11123460","CS","6314 Indian River – Beach North","9345 101st","$92,000","","","","Reidential","VERO ESTATES LAKES","Paved Road, Public Road","No","","Unimproved Agri/Recreatn/Moblhome","$92,000"
"501","F10524911","CS","3412","115 SW 1 Aveune","$90,000","0.1302","","","","Carver Heights 25-41 B","","No","Zoned Residential","Unimproved Agri/Recreatn/Moblhome","$90,000"
"501","A11887605","CS","5940 Florida Other","1132 SW 39 th terrace","$78,000","0.2296","","","","cape coral city","","No","Zoned Residential","Residential","$78,000"
"501","R11113157","CS","5940 Florida Other","1422 SW 15th Street","$63,000","0.2296","","Less Than 1/4 Acre Lot, 1/4 To Less Than 1/2 Acre Lot","R1-W","Cape Coral","City/County Maintained","Yes","","Unimproved Agri/Recreatn/Moblhome","$63,000"
"501","F10535470","CS","6240 NW Okeechobee County","16431 NW 254th Street","$75,000","2.5000","54,450","","","Southern Colonization Co","","No","Zoned Residential","Unimproved Agri/Recreatn/Moblhome","$75,000"
"501","T20055748","CS","6140","5152 SE Primrose Way","$105,000","0.1800","","","","","Paved Road","No","","Single","$105,000"
"501","R11135050","CS","6351 Sebastian","462 Joy Haven Drive","$88,000","0.2300","","Less Than 1/4 Acre Lot","RS-10","SEBASTIAN HIGHLANDS UNIT 1","County Road, Paved Road, Public Road","No","","Unimproved Agri/Recreatn/Moblhome","$88,000"
"501","B26047401","CS","5940 Florida Other","0 Old Stokes Road","$89,500","3.0800","","3 To Less Than 4 Acre Lot","A/RR","OE4 Oakridge Estates","County Road, Paved Road","No","","Unimproved Agri/Recreatn/Moblhome","$89,500"
"501","R11160942","CS","7150","4609 Sunset Boulevard","$89,000","0.2300","","Less Than 1/4 Acre Lot","RS-4Co","INDIAN RIVER ESTATES UNIT","Paved Road, Public Road","No","","Single","$89,000"
"501","B26019862","CS","6351 Sebastian","769 Tulip Drive","$77,500","0.2300","","Less Than 1/4 Acre Lot, Less Than 1 Acre","RS-10","SEBASTIAN HIGHLANDS UNIT 1","County Road, Paved Road","No","","Unimproved Agri/Recreatn/Moblhome","$77,500"
"501","B26018961","CS","6351 Sebastian","Tbd Tulip Drive","$77,500","0.2300","","Less Than 1/4 Acre Lot, Less Than 1 Acre","RS-10","SEBASTIAN HIGHLANDS UNIT 1","Paved Road","No","","Unimproved Agri/Recreatn/Moblhome","$77,500"
"501","R11158495","CS","5940 Florida Other","110 Marsh Street","$75,000","0.2296","","Less Than 1/4 Acre Lot","RM-8","SEBASTIAN HIGHLANDS UNIT 1","Paved Road","No","","Unimproved Agri/Recreatn/Moblhome","$75,000"
"501","R11149295","CS","5940 Florida Other","0 NW 87th Court","$75,000","","","","SFR","DIXIE RANCH ACRES","Paved Road","No","","Single","$75,000"
"501","A11887380","CS","5940 Florida Other","5138 N buffalo Dr","$70,000","1.0000","","","","PINE RIDGE","","No","Zoned Residential","Residential","$70,000"
"501","A11738930","CS","5940 Florida Other","2133 coral point drive","$70,000","0.2200","","","","City of Cape Coral","","No","Zoned Residential","Residential","$70,000"
"501","T20051266","CS","6080","709 SE East Avenue","$75,000","0.1240","","","","","","No","","Other","$75,000"
"501","B26027968","CS","7040","5203 Indian Bend Lane","$83,000","0.3800","","1/4 To Less Than 1/2 Acre Lot, Less Than 1 Acre","RS-4 Count","HOLIDAY PINESSUBDIVISION P","Paved Road","No","","Unimproved Agri/Recreatn/Moblhome","$83,000"
"501","R11159429","CS","5280","6th W 6th Street","$70,000","0.1148","","Less Than 1/4 Acre Lot","RS-8(c","INLET CITY","","No","","Unimproved Agri/Recreatn/Moblhome","$70,000"
"501","F10489118","CS","5940 Florida Other","4030 26th Avenue","$82,000","1.1400","49,658","1 To Less Than 2 Acre Lot","E","Golden Gate Estate Unit 8","","No","Zoned Residential","Unimproved Agri/Recreatn/Moblhome","$82,000"
"501","R11132110","CS","5940 Florida Other","7765 135th Street","$80,000","0.3400","","1/4 To Less Than 1/2 Acre Lot","RS-6","PLAT OF WAUREGAN","","No","","Unimproved Agri/Recreatn/Moblhome","$80,000"
"501","A11948174","CS","49","0 0","$75,000","1.0000","43,560","3/4 To Less Than 1 Acre Lot","¤8900","8900 INTERIM-AWAIT SPECIFI","","No","Zoned Residential","Other","$75,000"
"501","B26031950","CS","6351 Sebastian","110 King Fisher Way","$80,000","0.6100","","1/2 To Less Than 3/4 Acre Lot, Cul-De-Sac Lot, Less Than 1 Acre, West Of US 1","PUD-R","LAUREL RESERVE PHASE 1","Paved Road, Private Road","No","","Unimproved Agri/Recreatn/Moblhome","$80,000"
"501","T20052412","CS","7500","167 NW Hazard Way","$73,000","0.0657","","","","","","No","","","$73,000"
"501","A11904909","CS","5940 Florida Other","4689 WOODSTOCK RD","$75,000","0.9400","","","","GULF SHORES ESTATES","","No","Zoned Residential","Residential","$75,000"
"501","F10540165","CS","5280","TBD W Tbd 9th Street","$75,000","0.1300","5,497","","RM15","Inlet City","","No","Zoned Residential","Unimproved Agri/Recreatn/Moblhome","$75,000"
"501","T20051329","CS","6120","2574 SW Monarch Trail","$70,000","0.1400","","West Of US 1","","","","No","","Mobile","$70,000"
"501","R11149360","CS","6220 SE Okeechobee County","686 SE 40th Avenue","$73,500","0.5000","","1/2 To Less Than 3/4 Acre Lot","RES","LAKESIDE SHORES","City/County Maintained","No","","Unimproved Agri/Recreatn/Moblhome","$73,500"
"501","R11156968","CS","7150","Tbd S Baysinger Avenue","$52,500","0.3100","","1/4 To Less Than 1/2 Acre Lot","RS-3-C","REGINA PALMS","City/County Maintained","No","","Unimproved Agri/Recreatn/Moblhome","$52,500"
"501","R11164708","CS","5940 Florida Other","111 N Hickory Street","$70,000","0.3600","","1/4 To Less Than 1/2 Acre Lot","R-1","TOWN OF FELLSMERE","Paved Road","No","","Unimproved Agri/Recreatn/Moblhome","$70,000"
"501","F10525305","CS","","14250 SW 283rd Street","$68,000","0.0700","3,239","","2800","Seapines","","No","Zoned Residential","Unimproved Agri/Recreatn/Moblhome","$68,000"
"501","B26009996","CS","5790","0 W Park Lane","$100,000","0.3300","","1/4 To Less Than 1/2 Acre Lot, Less Than 1 Acre","AR","HERITAGE FARMS","","No","","","$100,000"
"501","A12018807","CS","5940 Florida Other","0 Desoto Boulevard South","$70,000","1.1700","","","","GOLDEN GATE EST","","No","Zoned Residential","Residential","$70,000"
"501","A11996240","CS","5940 Florida Other","491 Sunset Point Dr Lake Placid","$60,000","0.5500","","1/2 To Less Than 3/4 Acre Lot","","Lake June Pointe","","No","Zoned Residential","Other","$60,000"
"501","R11169425","CS","5940 Florida Other","19571 NW 262nd Street","$55,000","2.5000","","2 To Less Than 3 Acre Lot","resedential","THE SOUTHERN COLONIZATION","Paved Road, Public Road","No","","","$55,000"
"501","A11965868","CS","5940 Florida Other","312 Horse Club Ave","$68,000","1.0700","","1 To Less Than 2 Acre Lot","0000","Montura Ranch Estates","Public Road","No","Zoned Residential","Residential","$68,000"
"501","F10505271","CS","6210 NE Okeechobee County","10128 NE 20th Lane","$70,000","1.0000","43,560","1 To Less Than 2 Acre Lot","","Spot in the Sun","","No","Zoned Residential","Unimproved Agri/Recreatn/Moblhome","$70,000"
"501","A11932451","CS","5940 Florida Other","307 NE 15th St","$61,500","0.2300","","","","Cape Coral","City/County Maintained, Paved Road","Yes","Zoned Residential","Residential","$61,500"
"501","A11932428","CS","5940 Florida Other","3223 NW 5th Ave","$55,000","0.2300","","","","Cape Coral","","Yes","Zoned Residential","Residential","$55,000"
"501","A11932399","CS","5940 Florida Other","3208 NW 4th Pl","$55,000","0.2400","","","","Cape Coral","City/County Maintained, Paved Road","Yes","Zoned Residential","Residential","$55,000"
"501","A11832293","CS","5940 Florida Other","530 N Brida St","$56,000","1.2500","","1 To Less Than 2 Acre Lot","","MONTURA RANCH UNREC SEC 15","","No","Zoned Residential","Residential","$56,000"
"501","R11152678","CS","5280","0 W 6 Th Street","$63,000","0.1200","","Less Than 1/4 Acre Lot","RS-8 (Sgl Fam)","Inlet City","Paved Road, Public Road","No","","Unimproved Agri/Recreatn/Moblhome","$63,000"
"501","R11115986","CS","5940 Florida Other","694 SW 86th Terrace","$72,000","","","","RES","EDGEWATER ACRES","Paved Road, Public Road","No","","Single","$72,000"
"501","F10530722","CS","6220 SE Okeechobee County","2909 SE 38th Avenue","$70,000","0.1900","8,250","Less Than 1/4 Acre Lot","Residential","Treasure Island Un 02","City/County Maintained, Paved Road, Public Road","Yes","Zoned Residential","Unimproved Agri/Recreatn/Moblhome","$70,000"
"501","F10528042","CS","6230 SW Okeechobee County","9205 SE 60th Drive","$69,500","0.2700","11,761","1/4 To Less Than 1/2 Acre Lot","RMH","Lar-Kee Lakes","Paved Road","No","Zoned Residential","Unimproved Agri/Recreatn/Moblhome","$69,500"
"501","A11874879","CS","5940 Florida Other","0 40th Ct","$65,000","0.5900","","","","MARION OAKS","","No","Zoned Residential","Residential","$65,000"
"501","A12000733","CS","7040","0 Emerson Ave","$70,000","1.1400","49,658","","¤AG-1 Cou","METES AND BOUNDS","","No","Zoned Residential","Residential","$70,000"
"501","R11168974","CS","7040","7908 Banyan Street","$100,000","0.2500","","Less Than 1/4 Acre Lot, 1/4 To Less Than 1/2 Acre Lot","RS-4Co","LAKEWOOD PARK UNIT 3","City/County Maintained, Paved Road, Public Road","No","","Unimproved Agri/Recreatn/Moblhome","$100,000"
"501","R11168993","CS","7040","Tbd Santa Clara Boulevard","$100,000","0.2500","","Less Than 1/4 Acre Lot, 1/4 To Less Than 1/2 Acre Lot","RS-4Co","LAKEWOOD PARK UNIT 8B","Public Road","No","","Unimproved Agri/Recreatn/Moblhome","$100,000"
"501","B26014312","CS","5940 Florida Other","1050 Ehrke Lane","$60,000","0.1480","","Less Than 1/4 Acre Lot, Less Than 1 Acre","Residential ","UNREC Harry O Traylor Sub","County Road, City/County Maintained","Yes","","Unimproved Agri/Recreatn/Moblhome","$60,000"
"501","A11982702","CS","5940 Florida Other","32270 OIL WELL RD","$42,000","2.5000","","","","PUNTA GORDA","","No","Zoned Residential","Residential","$42,000"
"501","F10555137","CS","5940 Florida Other","00 6th Ave Se, Golden Gate Estate","$60,000","2.7300","118,919","2 To Less Than 3 Acre Lot","E","GOLDEN GATE EST UNIT 79","Other Road","No","Zoned Residential","Unimproved Agri/Recreatn/Moblhome","$60,000"
"501","R11163576","CS","5940 Florida Other","32310 Oil Well Road","$65,000","2.6442","","2 To Less Than 3 Acre Lot","AE","n/a","City/County Maintained","Yes","","","$65,000"
"501","A11957267","CS","5940 Florida Other","7943 14th Place","$60,000","1.2500","","","","LEHIGH PROPERTY BLVD","","No","Zoned Residential","Residential","$60,000"
"501","A11954838","CS","5940 Florida Other","60 Buckeye Cir","$60,000","0.3200","","","R-1A","LAKE BUCKEYE ESTATES PB 18","","No","Zoned Residential","Residential","$60,000"
"501","A11951030","CS","5940 Florida Other","000 NE 121ST ST","$64,000","4.7500","","4 To Less Than 5 Acre Lot","","FOREST PARK UNIT 3 PHASE","","No","Zoned Residential","Residential","$64,000"
"501","A11949853","CS","5940 Florida Other","NW 5th ST","$40,000","0.4132","","","","OCALA RIDGE UNIT 04 FKA BI","Paved Road, Public Road","No","Zoned Residential","Residential","$40,000"
"501","A11934117","CS","5940 Florida Other","465 N Isora St","$42,500","1.0900","47,480","Less Than 1/4 Acre Lot","","Montura Ranch Estates 1 SD","Legal Access Road, Paved Road","No","Zoned Residential","Residential","$42,500"
"501","A11890178","CS","5940 Florida Other","207 Circle","$53,500","1.0400","","","","Woodlands","","No","Zoned Residential","Residential","$53,500"
"501","R11119633","CS","5940 Florida Other","2920 NW 9th Terrace","$45,000","","","","R1-W","Cape Coral","Legal Access Road, City/County Maintained","Yes","","Single","$45,000"
"501","A11817899","CS","5940 Florida Other","5 Regina Lane","$63,500","0.2500","","","","Palm Coast","","No","Zoned Residential","Residential","$63,500"
"501","F10447941","CS","5940 Florida Other","1920 NE 1st Place","$43,500","0.2500","10,875","1/4 To Less Than 1/2 Acre Lot","R1-W","None","Public Road","","Zoned Residential","Unimproved Agri/Recreatn/Moblhome","$43,500"
"501","F10554462","CS","6240 NW Okeechobee County","21820 NW 278th Street","$57,000","2.5000","54,450","","","Southern Colonization Co","","No","Zoned Residential","Unimproved Agri/Recreatn/Moblhome","$57,000"
"501","R11157671","CS","6240 NW Okeechobee County","19833 NW 280th Street","$65,000","1.2500","","1 To Less Than 2 Acre Lot","Res, Agri","THE SOUTHERN COLONIZATION ","Gravel/Lime Rock Road","No","","","$65,000"
"501","F10529994","CS","6372 Brevard County (W of Indian River)","810 Brickell Street","$54,000","0.2300","10,019","1/4 To Less Than 1/2 Acre Lot","","PORT MALABAR UNIT 11","Public Road","No","Zoned Residential","Unimproved Agri/Recreatn/Moblhome","$54,000"
"501","F10532669","CS","7040","6904 Deer Park Ave","$60,000","0.2700","11,790","","RS-4 COU","Lakewood Park","","No","Zoned Residential","Residential","$60,000"
"501","A11921436","CS","5940 Florida Other","9559 SW 45TH CT","$61,000","0.4800","","1/4 To Less Than 1/2 Acre Lot","R1","KINGSLAND COUNTRY ESTATE","","No","Zoned Residential","Residential","$61,000"
"501","B26026092","CS","6352 Sebastian County","10279 N 89th Street","$60,000","0.2700","","1/4 To Less Than 1/2 Acre Lot, Corner Lot, Less Than 1 Acre","Residential","Vero Lake Estates","Other Road","No","","Unimproved Agri/Recreatn/Moblhome","$60,000"
"501","A12022352","CS","5940 Florida Other","1101 Dayton Ave","$60,000","1.0000","","","","Lehigh Acres","","No","Zoned Residential","Residential","$60,000"
"501","A11973051","CS","5940 Florida Other","430 N KENNEL ST","$55,000","1.0700","","","","MONTURA RANCHES","","No","Zoned Residential","Residential","$55,000"
"501","F10548516","CS","6230 SW Okeechobee County","1100 SW 86th Avenue","$58,000","0.5190","22,618","","","LAZY 7 ESTATES","","No","Zoned Residential","Unimproved Agri/Recreatn/Moblhome","$58,000"
"501","F10542326","CS","","30187 NW 208th Ave","$52,000","3.7500","108,900","3 To Less Than 4 Acre Lot","","Viking","","No","Zoned Residential","Other","$52,000"
"501","A11896647","CS","5940 Florida Other","145 S KENNEL ST","$52,500","1.2500","","","","MONTURA RANCHES","","No","Zoned Residential","Residential","$52,500"
"501","A11896630","CS","5940 Florida Other","135 S KENNEL ST","$52,500","1.2500","","1 To Less Than 2 Acre Lot","","MONTURA RANCHES","","No","Zoned Residential","Residential","$52,500"
"501","A11630930","CS","5940 Florida Other","330 S Romero St","$55,000","1.2500","","","","MONTURA RANCH UNREC SEC 25","","No","Zoned Residential","Residential","$55,000"
"501","R11127330","CS","6240 NW Okeechobee County","18336 NW 308th Street","$26,500","2.5000","","","res agri","Southern Colonization","","No","","Single","$26,500"
"501","A11732511","CS","6240 NW Okeechobee County","30035 NW 208 ave","$55,000","2.5000","","2 To Less Than 3 Acre Lot","","okeechobee county sd","","No","Zoned Residential","Residential","$55,000"
"501","A11956223","CS","6372 Brevard County (W of Indian River)","437 Ganley Street","$58,000","0.2300","","1/4 To Less Than 1/2 Acre Lot","","Port Malabar Unit 31","","No","Zoned Residential","Residential","$58,000"
"501","A11956165","CS","6372 Brevard County (W of Indian River)","429 Ganley St","$58,000","0.2300","","1/4 To Less Than 1/2 Acre Lot","SRE","PORT MALABAR UNIT 31","","No","Zoned Residential","Residential","$58,000"
"501","R11135628","CS","5940 Florida Other","000 Oldenberg Street","$54,000","","","Corner Lot","0010","PORT MALABAR UNIT 31","City/County Maintained, Paved Road","No","","Single","$54,000"
"501","A11904750","CS","5940 Florida Other","936-938 COUNTESS AVE","$53,000","0.3500","17,000","1/4 To Less Than 1/2 Acre Lot","DUPLEX","LEHIGH ACRES","","No","Zoned Duplex","Residential","$53,000"
"501","F10541270","CS","","20327 NW 300th St","$57,000","1.2500","","1 To Less Than 2 Acre Lot","","Southern Colonization","","No","Zoned Residential","Residential","$57,000"
"501","R11108478","CS","5560","33 Muck City Road","$54,000","","","","MF12(c","S/D OF 20-42-37","City/County Maintained","Yes","","Single","$54,000"
"501","A11928590","CS","5940 Florida Other","1514 NE 7th Ave","$55,000","0.2500","","","","Cape Coral Subdivision","","No","Zoned Residential","Residential","$55,000"
"501","A11687713","CS","5940 Florida Other","722 NE 12th Street","$36,000","0.2571","","1/4 To Less Than 1/2 Acre Lot","","Cape Coral","","Yes","Zoned Residential","Residential","$36,000"
"501","A11915244","CS","7020","7903 Penny Ln","$50,000","0.2200","9,750","","¤RS-4 Cou","LAKEWOOD PARK UNIT 7","","No","Zoned Residential","Residential","$50,000"
"501","A11940071","CS","6321 City of Vero Beach","8936 103rd Ave","$50,000","0.2200","9,583","","¤RS-3","VERO LAKE ESTATES UNIT H-","","No","Zoned Residential","Residential","$50,000"
"501","A11940041","CS","6321 City of Vero Beach","8992 100th Ct","$49,000","0.2200","9,583","","¤RS-3","VERO LAKE ESTATES UNIT H-","","No","Zoned Residential","Residential","$49,000"
"501","R11096583","CS","5940 Florida Other","29460 Polk Drive","$55,000","1.2500","","1 To Less Than 2 Acre Lot","AE","N/A","","No","","Unimproved Agri/Recreatn/Moblhome","$55,000"
"501","A11817088","CS","5940 Florida Other","332/334 Gretchen Ave S","$52,000","0.2700","","","RM-2","LEHIGH ESTATES","","No","Zoned Duplex","Residential","$52,000"
"501","A11915222","CS","7020","6501 Emerson Ave","$51,000","0.2390","10,454","","¤RS-4 Cou","LAKEWOOD PARK UNIT 8B","","Yes","Zoned Residential","Residential","$51,000"
"501","A11982889","CS","7040","7901 Fort Walton Ave","$55,000","0.2700","11,761","1/4 To Less Than 1/2 Acre Lot","¤RS-4 Cou","LAKEWOOD PARK UNIT 6","Legal Access Road, City/County Maintained","No","Zoned Residential","Residential","$55,000"
"501","F10546727","CS","5940 Florida Other","2435 NW 6th Street","$50,000","0.2300","10,019","","R1-W","Cape Coral","","Yes","Zoned Residential","Unimproved Agri/Recreatn/Moblhome","$50,000"
"501","R11144092","CS","5940 Florida Other","500 Adams View Lane","$46,400","0.2300","","1/4 To Less Than 1/2 Acre Lot","PUD","WATER RIDGE SUBDIVISION","City/County Maintained, Paved Road","No","","Unimproved Agri/Recreatn/Moblhome","$46,400"
"501","A11907336","CS","5940 Florida Other","325 S Estribo St","$48,000","1.2500","","","","MONTURA RANCH","","No","Zoned Residential","Residential","$48,000"
"501","F10540689","CS","6240 NW Okeechobee County","16120 NW 300th Street","$50,000","3.7500","163,350","3 To Less Than 4 Acre Lot","Residential/ Ag","Southern Colonization Co","Other Road","No","Zoned Residential","Unimproved Agri/Recreatn/Moblhome","$50,000"
"501","R11117641","CS","7140","0 S 24th Street","$45,500","0.2100","","Less Than 1/4 Acre Lot, West Of US 1","RS-4 Count","EDGEWOOD ACRES","City/County Maintained, Public Road","No","","Unimproved Agri/Recreatn/Moblhome","$45,500"
"501","R11152742","CS","5940 Florida Other","958 Vantage Street","$52,000","0.2300","","Less Than 1/4 Acre Lot, West Of US 1","rs","PORT MALABAR UNIT 11","City/County Maintained, Paved Road, Public Road","No","","Unimproved Agri/Recreatn/Moblhome","$52,000"
"501","A11945785","CS","5940 Florida Other","2408 Parkview","$56,906","0.2300","","","res urban","Fort Myers Shores","","No","Zoned Residential","Residential","$56,906"
"501","R11160416","CS","5940 Florida Other","Tbd Giblin Drive","$53,000","0.4600","","1/2 To Less Than 3/4 Acre Lot, 1/4 To Less Than 1/2 Acre Lot","R1","PORT CHARLOTTE SUB 18","","No","","Unimproved Agri/Recreatn/Moblhome","$53,000"
"501","R11162302","CS","7040","5805 Eastwood Drive","$45,000","0.2800","","1/4 To Less Than 1/2 Acre Lot","RS-4Co","LAKEWOOD PARK UNIT 11","Paved Road","No","","Unimproved Agri/Recreatn/Moblhome","$45,000"
"501","R11162301","CS","7040","5803 Eastwood Drive","$45,000","0.2600","","1/4 To Less Than 1/2 Acre Lot","RS-4Co","LAKEWOOD PARK UNIT 11","Paved Road","No","","Unimproved Agri/Recreatn/Moblhome","$45,000"
"501","A11567321","CS","21","2155 NW 152nd St","$25,000","0.0803","3,500","","¤0100","1ST ADDN TO MAGNOLIA SUB","","No","Zoned Residential","Other","$25,000"
"501","A11881391","CS","49","0 SW 161 Ave","$10,000","0.0000","7,260","","¤8900","ATHOL SUB","","No","Zoned Residential","Residential","$10,000"
"501","B26034703","CS","5940 Florida Other","13 Port Royal Drive","$48,000","23.0000","","10 Or More Acre Lot, Interior Lot","residential","PALM COAST","","No","","Unimproved Agri/Recreatn/Moblhome","$48,000"
"501","A11991628","CS","5940 Florida Other","620 NW 28th St","$60,000","0.3500","15,246","1/4 To Less Than 1/2 Acre Lot","R1-D","CAPE CORAL","Paved Road, Public Road","No","Zoned Residential","Residential","$60,000"
"501","R11158660","CS","5940 Florida Other","0000 No Situs","$48,000","0.9900","","1/2 To Less Than 3/4 Acre Lot","R1/SINGLE FAMIL","ROLLING HILLS UNIT 1","Gravel/Lime Rock Road","No","","Unimproved Agri/Recreatn/Moblhome","$48,000"
"501","A11929001","CS","5940 Florida Other","440 S Datil","$53,000","1.2500","54,450","1 To Less Than 2 Acre Lot","","MONTURA RANCH","","No","Zoned Residential","Residential","$53,000"
"501","A11892577","CS","5940 Florida Other","533 Appaloosa Ave","$51,000","1.2500","","1 To Less Than 2 Acre Lot","Residential","Montura Ranch Estates","City/County Maintained, Paved Road, Public Road","No","Zoned Residential","Other","$51,000"
"501","A11824055","CS","5940 Florida Other","8420 Ebson Dr","$45,000","0.5500","","1 To Less Than 2 Acre Lot","","Suncoast Estates","Legal Access Road, Public Road","No","Zoned Residential","Residential","$45,000"
"501","A11804096","CS","5940 Florida Other","370 PARKER ST NE","$50,000","0.2300","","","","PLACID LAKES CANALS","","Yes","Zoned Residential","Residential","$50,000"
"501","R11167510","CS","6100","14832 SW 168th Avenue","$97,000","","","West Of US 1","Residential","BOOKER PARK","City/County Maintained, Paved Road","No","","Unimproved Agri/Recreatn/Moblhome","$97,000"
"501","F10542542","CS","6210 NE Okeechobee County","90 NE 138th Street","$42,500","0.4590","19,994","1/4 To Less Than 1/2 Acre Lot","","Okeechobee Hills","City/County Maintained, Paved Road, Public Road","No","Zoned Residential","Unimproved Agri/Recreatn/Moblhome","$42,500"
"501","B26018426","CS","6372 Brevard County (W of Indian River)","0000  Thames Road","$40,000","0.2600","","1/4 To Less Than 1/2 Acre Lot, Less Than 1 Acre","RESIDENTIAL","NONE","Paved Road","No","","Unimproved Agri/Recreatn/Moblhome","$40,000"
"501","R11128896","CS","7040","7606 Miramar Avenue","$52,000","","","Less Than 1/4 Acre Lot","RES","Lakewood Park unit 1.","Paved Road","No","","Unimproved Agri/Recreatn/Moblhome","$52,000"
"501","R11074470","CS","7040","7808 Banyan Street","$50,000","0.2400","","Less Than 1/4 Acre Lot","RS-4Co","LAKEWOOD PARK UNIT 3","Paved Road","No","","Unimproved Agri/Recreatn/Moblhome","$50,000"
"501","B26036344","CS","7070","0 San Diego Avenue","$49,000","0.4100","","1/4 To Less Than 1/2 Acre Lot, Less Than 1 Acre","RS-4 Count","HARMONY HEIGHTS ADDITION","Paved Road","No","","Unimproved Agri/Recreatn/Moblhome","$49,000"
"501","B26011498","CS","7090","2824  Oleander Avenue","$45,000","0.2400","","Less Than 1/4 Acre Lot, Interior Lot, Less Than 1 Acre, West Of US 1","SF Interme","MARAVILLA GARDENS SUBDIVIS","City/County Maintained","No","","Unimproved Agri/Recreatn/Moblhome","$45,000"
"501","R11162818","CS","5940 Florida Other","10826 NW 4th Avenue","$52,500","0.6800","","1/2 To Less Than 3/4 Acre Lot","res","COUNTRY MEADOWS","Paved Road","No","","Unimproved Agri/Recreatn/Moblhome","$52,500"
"501","A11926739","CS","5940 Florida Other","17341 Yosemite Ct","$37,000","0.2400","","","RSF3.5/RESIDENTIAL-S","PUNTA GORDA ISLES SEC 21","","Yes","Zoned Residential","Other","$37,000"
"501","R11140990","CS","5940 Florida Other","7875 105th Court","$45,000","0.2200","","Less Than 1/4 Acre Lot, West Of US 1","RS-3","VERO LAKE ESTATES UNIT R","County Road","No","","Unimproved Agri/Recreatn/Moblhome","$45,000"
"501","R11002153","CS","6352 Sebastian County","8566 99th Court","$49,250","0.2200","","Less Than 1/4 Acre Lot","RS-3","VERO LAKE ESTATES UNIT I","City/County Maintained","No","","Unimproved Agri/Recreatn/Moblhome","$49,250"
"501","A11946686","CS","5940 Florida Other","580 S PALM ST","$50,000","1.2500","","1 To Less Than 2 Acre Lot","RFF","MONTURA RANCH ESTATES","Legal Access Road, Other Road","No","Zoned Residential","Residential","$50,000"
"501","A11968979","CS","5940 Florida Other","470 N MAYORAL ST","$52,000","1.0900","","1 To Less Than 2 Acre Lot","RRF","MONTURA RANCH ESTATES","Paved Road","No","Zoned Residential","Residential","$52,000"
"501","A11937028","CS","5940 Florida Other","222 Grant Blvd","$30,000","0.3597","","","","Lehigh Acres","","No","Zoned Residential","Residential","$30,000"
"501","A11913345","CS","5940 Florida Other","335 N LINDERO ST","$53,000","1.0900","","1 To Less Than 2 Acre Lot","RRF","MONTURA RANCH ESTATES","","No","Zoned Residential","Residential","$53,000"
"501","A11891396","CS","5940 Florida Other","2127 NE 34th TER","$47,000","0.2500","","","","Cape Coral","","No","Zoned Residential","Residential","$47,000"
"501","B26001951","CS","7070","1403 Avenue J","$53,000","0.2314","","Less Than 1/4 Acre Lot, Less Than 1 Acre","0000","JELLISON'S RESUBDIVSION","City/County Maintained","No","","Unimproved Agri/Recreatn/Moblhome","$53,000"
"501","R11088918","CS","6352 Sebastian County","10375 79th Street","$50,500","0.2400","","Less Than 1/4 Acre Lot","RS","VERO LAKES ESTATES","Paved Road, Public Road","No","","Unimproved Agri/Recreatn/Moblhome","$50,500"
"501","F10553964","CS","6353 Fellsmere","9025 103rd Court","$47,000","0.2500","10,454","1/4 To Less Than 1/2 Acre Lot","RS-3","Vero Lake Estates Unit H-","","No","Zoned Residential","Unimproved Agri/Recreatn/Moblhome","$47,000"
"501","A11885556","CS","6240 NW Okeechobee County","20533 NW 250Th Street","$45,000","1.2500","","1 To Less Than 2 Acre Lot","","N/A","Legal Access Road","No","Zoned Residential","Other","$45,000"
"501","R11002152","CS","6352 Sebastian County","8146 99th Court","$49,250","0.2200","","Less Than 1/4 Acre Lot","RS-3","VERO LAKE ESTATES UNIT K","County Road","No","","Unimproved Agri/Recreatn/Moblhome","$49,250"
"501","A11956696","CS","5940 Florida Other","565 SE DATIL ST","$51,000","1.2500","","1 To Less Than 2 Acre Lot","RRF","MONTURA RANCH ESTATES","Legal Access Road","No","Zoned Residential","Residential","$51,000"
"501","F10534706","CS","","18826 NW 244th St","$50,000","2.5000","54,450","","","Southern Colonization","","No","Zoned Residential","Residential","$50,000"
"501","A12006976","CS","49","0000 SW 157 avenue","$40,000","0.3000","13,200","Regular Lot","¤8900","ATHOL SUB","","No","Zoned Residential","Residential","$40,000"
"501","A11999885","CS","98 Florida Keys","12 Trin Ln","$50,000","0.1378","6,000","","¤is","WINDWARD BEACH ESTATES","Paved Road","No","Zoned Residential","Residential","$50,000"
"501","A11999845","CS","98 Florida Keys","13 Yuca Ln","$50,000","0.1148","5,000","","¤is","WINDWARD BEACH ESTATES","Paved Road","No","Zoned Residential","Residential","$50,000"
"501","A12024939","CS","5940 Florida Other","709 SIBONEY AVE","$55,000","1.0000","","1 To Less Than 2 Acre Lot","RRF","MONTURA RANCH ESTATES","","No","Zoned Residential","Residential","$55,000"
"501","A11996001","CS","5940 Florida Other","255 S ZAMBRIA ST","$48,000","1.2500","","","","MONTURA RANCHES","","No","Zoned Residential","Residential","$48,000"
"501","A11921521","CS","5940 Florida Other","2118 NE 5th ave","$41,000","0.2300","10,019","","","CAPE CORAL","","No","Zoned Residential","Residential","$41,000"
"501","R11140004","CS","5940 Florida Other","1314 Willard Avenue","$45,000","","","","RES","LEHIGH ACRES LEE COUNTY UN","","No","","Unimproved Agri/Recreatn/Moblhome","$45,000"
"501","A11905009","CS","5940 Florida Other","5809 SILVER SANDS CIR","$40,000","1.1364","","","","BIG TREE LAKES","","No","Zoned Residential","Residential","$40,000"
"501","A11900348","CS","5940 Florida Other","2780 52 AVE NE","$50,000","2.7300","118,919","","","GOLDEN GATE EST UNIT 44","","No","Zoned Residential","Residential","$50,000"
"501","R11107808","CS","5940 Florida Other","0 Sw 129th Pl ","$45,000","0.2400","","Less Than 1/4 Acre Lot","R1","Marion Oaks Unit 10","Paved Road","No","","Single","$45,000"
"501","A11793668","CS","5940 Florida Other","2710 NW 7 th Place","$43,000","0.0000","10,625","Less Than 1/4 Acre Lot","","CAPE CORAL UNIT 40","","No","Zoned Residential","Residential","$43,000"
"501","B26011013","CS","6240 NW Okeechobee County","3819 NW 26th Avenue","$45,000","0.3550","","1/4 To Less Than 1/2 Acre Lot, Less Than 1 Acre","Residential","Basswood Incorporated","County Road, City/County Maintained, Paved Road","No","","Unimproved Agri/Recreatn/Moblhome","$45,000"
"501","R11169337","CS","6321 City of Vero Beach","9375 103rd Avenue","$46,000","0.2200","","Less Than 1/4 Acre Lot","RS-3","VERO LAKE ESTATES UNIT H-2","","No","","Unimproved Agri/Recreatn/Moblhome","$46,000"
"501","B26036367","CS","7070","0 San Diego Avenue","$49,000","0.4100","","1/4 To Less Than 1/2 Acre Lot, Less Than 1 Acre","RS-4 Count","HARMONY HEIGHTS ADDITION","Paved Road","No","","Unimproved Agri/Recreatn/Moblhome","$49,000"
"501","A11939520","CS","7170","24 North ST","$50,000","0.3100","","1/4 To Less Than 1/2 Acre Lot","¤Medium D","ALAMANDA VISTA SUBDIVISION","","No","Zoned Residential","Residential","$50,000"
"501","A11999571","CS","5940 Florida Other","760 N NOGAL ST","$48,000","1.2500","","1 To Less Than 2 Acre Lot","RRF","MONTURA RANCH ESTATES","","No","Zoned Residential","Residential","$48,000"
"501","A11992086","CS","5940 Florida Other","425 S DATIL ST","$48,000","1.2500","","1 To Less Than 2 Acre Lot","RRF","MONTURA RANCH ESTATES","Legal Access Road","No","Zoned Residential","Residential","$48,000"
"501","A12000870","CS","5940 Florida Other","397 MIRAMAR RD","$45,000","0.1600","7,057","Less Than 1/4 Acre Lot","","RUSSELL PARK ANNEX","City/County Maintained","No","Zoned Residential","Residential","$45,000"
"501","A11999565","CS","5940 Florida Other","720 N ISORA ST","$47,000","1.2500","","1 To Less Than 2 Acre Lot","RRF","MONTURA RANCH ESTATES","Legal Access Road, City/County Maintained","No","Zoned Residential","Residential","$47,000"
"501","R11144021","CS","5940 Florida Other","3922 N Longvalley Road","$47,000","1.1200","","1 To Less Than 2 Acre Lot","LDR","FAIRVIEW ESTATES","County Road","No","","Unimproved Agri/Recreatn/Moblhome","$47,000"
"501","R11137231","CS","5940 Florida Other","7338 Cobb Road","$45,000","0.2600","","1/4 To Less Than 1/2 Acre Lot","AG-2","RAPID","County Road, Paved Road","No","","","$45,000"
"501","F10544648","CS","6240 NW Okeechobee County","20271 NW 296th Street","$45,000","1.2500","54,540","1 To Less Than 2 Acre Lot","","Southern Colonization","","No","Zoned Residential","Unimproved Agri/Recreatn/Moblhome","$45,000"
"501","R11158852","CS","6321 City of Vero Beach","9863 E Verona Circle","$33,000","0.2300","","Less Than 1/4 Acre Lot","RM-6","VERONA TRACE SUB & THE VIL","County Road","No","","Unimproved Agri/Recreatn/Moblhome","$33,000"
"501","B26005617","CS","6352 Sebastian County","7765 105th Avenue","$47,500","0.2200","","Less Than 1/4 Acre Lot, Less Than 1 Acre, West Of US 1","RS-3","VERO LAKE ESTATES UNIT R","","No","","Unimproved Agri/Recreatn/Moblhome","$47,500"
"501","R11136950","CS","6352 Sebastian County","8655 102 Nd Avenue","$49,900","0.2300","","Less Than 1/4 Acre Lot","RS-3","Vero Lake Estates Unit N","","No","","Unimproved Agri/Recreatn/Moblhome","$49,900"
"501","R11088929","CS","6352 Sebastian County","7876 104th Avenue","$49,750","0.2200","","Less Than 1/4 Acre Lot","Res-SF","VERO LAKES ESTATES","Public Road","No","","Unimproved Agri/Recreatn/Moblhome","$49,750"
"501","R11088920","CS","6352 Sebastian County","7855 104th Avenue","$49,750","0.2200","","Less Than 1/4 Acre Lot","SF","Vero Lakes Estates","Public Road","No","","Unimproved Agri/Recreatn/Moblhome","$49,750"
"501","R11137078","CS","6372 Brevard County (W of Indian River)","1374 Waffle Street","$40,000","0.2400","","Less Than 1/4 Acre Lot, Less Than 1 Acre","0010","PORT MALABAR UNIT 15","","No","","Unimproved Agri/Recreatn/Moblhome","$40,000"
"501","R11158199","CS","7070","1805 Barcelona Avenue","$48,000","0.1900","","Less Than 1/4 Acre Lot, West Of US 1","RS-4Co","PARADISE PARK","City/County Maintained, Paved Road, Public Road","No","","Unimproved Agri/Recreatn/Moblhome","$48,000"
"501","A11827250","CS","5940 Florida Other","145 N MAYORAL STREET","$45,000","1.0900","47,480","1 To Less Than 2 Acre Lot","RRF","MONTURA RANCH EST 1 ST S/","","No","Zoned Residential","Residential","$45,000"
"501","R11168257","CS","5940 Florida Other","21668 NW 266th Street","$44,000","2.5000","","1 To Less Than 2 Acre Lot, 2 To Less Than 3 Acre Lot","res/ag","TRACT 12","","No","","Unimproved Agri/Recreatn/Moblhome","$44,000"
"501","B26009375","CS","6220 SE Okeechobee County","6681 SE 51st Street","$45,000","0.0470","","Less Than 1/4 Acre Lot, Less Than 1 Acre","VACANT","ANCIENT OAKS RV RESORT NO ","Paved Road","Yes","","Unimproved Agri/Recreatn/Moblhome","$45,000"
"501","F10524664","CS","6220 SE Okeechobee County","0 NE 13th Avenue","$49,500","0.3600","15,681","","Vacant indust","City Of Okeechobee","","No","Zoned Residential","Unimproved Agri/Recreatn/Moblhome","$49,500"
"501","F10555215","CS","7040","0 Turnpike Feeder Road","$49,500","0.5200","22,831","1/2 To Less Than 3/4 Acre Lot","AR-1 COUNT","Kings Hwy","","No","Zoned Residential","Unimproved Agri/Recreatn/Moblhome","$49,500"
"501","F10523615","CS","","0 NW 316th St","$49,000","2.5000","108,900","2 To Less Than 3 Acre Lot","AGRICULT","Viking Estates","","No","Zoned Residential","Other","$49,000"
"501","R11162791","CS","5940 Florida Other","581 Avenida Del Sur","$44,000","1.0700","","1 To Less Than 2 Acre Lot","RRF","MONTURA RANCHES ESTATES 1 ","","No","","Unimproved Agri/Recreatn/Moblhome","$44,000"
"501","R11162788","CS","5940 Florida Other","575 Avenida Del Sur","$44,000","1.0700","","1 To Less Than 2 Acre Lot","RRF","MONTURA RANCHES ESTATES 1 ","","No","","Unimproved Agri/Recreatn/Moblhome","$44,000"
"501","A11951541","CS","5940 Florida Other","580 N Cabbage Palm","$47,500","54,450.0000","54,450","1 To Less Than 2 Acre Lot","","MONTURA RANCHES","City/County Maintained, Paved Road, Public Road","Yes","Zoned Residential","Residential","$47,500"
"501","A11930307","CS","5940 Florida Other","2109 NE 14 PL","$42,000","0.3400","","1/4 To Less Than 1/2 Acre Lot","R1-D","Cape Coral","Paved Road","No","Zoned Residential","Other","$42,000"
"501","R11145636","CS","5940 Florida Other","2221 San Filippo Drive","$47,000","0.2300","","Less Than 1/4 Acre Lot","RES","PORT MALABAR UNIT 46","City/County Maintained, Paved Road, Public Road","No","","Unimproved Agri/Recreatn/Moblhome","$47,000"
"501","A11921859","CS","5940 Florida Other","360 S Palomino Str","$45,000","1.2500","","1 To Less Than 2 Acre Lot, Interior Lot","RES ACG","MONTURA","","No","Zoned Residential","Residential","$45,000"
"501","R11126756","CS","5940 Florida Other","8055 Sunrise Circle","$40,000","0.4200","","1/4 To Less Than 1/2 Acre Lot","RG3","PORT LABELLE UNIT 9","City/County Maintained","No","","Unimproved Agri/Recreatn/Moblhome","$40,000"
"501","A11821879","CS","5940 Florida Other","2314 NE 36th ST","$31,715","0.2296","10,000","","","n/a","","No","Zoned Residential","Residential","$31,715"
"501","A11808320","CS","5940 Florida Other","101 Caddy Rd","$42,000","0.2300","10,000","Less Than 1/4 Acre Lot","RSF5","Oakland Hills","City/County Maintained, Paved Road, Public Road","Yes","Zoned Residential","Residential","$42,000"
"501","R11141003","CS","6220 SE Okeechobee County","3232 SE 34th Avenue","$48,000","0.2200","","Less Than 1/4 Acre Lot","RM","Treasure Island","Paved Road","Yes","","","$48,000"
"501","R11157856","CS","6321 City of Vero Beach","134 Highland Drive","$40,000","0.2400","","Less Than 1/4 Acre Lot","RS-6","VERO BEACH HIGHLANDS UNIT ","City/County Maintained","No","","Unimproved Agri/Recreatn/Moblhome","$40,000"
"501","R11065730","CS","6371 Brevard County (E of Indian River)","000 Seeley Circle","$41,000","0.3000","","Less Than 1/4 Acre Lot","R","PORT MALABAR UNIT 39","City/County Maintained, Paved Road","No","","Unimproved Agri/Recreatn/Moblhome","$41,000"
"501","T20055539","CS","7030","0 River Palm Drive","$47,000","0.3444","","","RS-4Co","","City/County Maintained","No","","Single","$47,000"
"501","B26023460","CS","7140","3108 Duban Terrace","$45,000","0.2300","","Less Than 1/4 Acre Lot, Less Than 1 Acre","RM-11 - County","SILVER LAKE PARK ADDITION","County Road, Gravel/Lime Rock Road","No","","Unimproved Agri/Recreatn/Moblhome","$45,000"
"501","A11936139","CS","5940 Florida Other","274 Lott Grade","$48,900","5.0000","","","","Venus","","No","Zoned Residential","Residential","$48,900"
"501","R11136574","CS","6352 Sebastian County","8155 99th Avenue","$48,900","0.2200","","Less Than 1/4 Acre Lot","RS-3/RS-3","Vero Lake Estates Unit K","","No","","Unimproved Agri/Recreatn/Moblhome","$48,900"
"501","A11971383","CS","5940 Florida Other","219 Rachard Blvd","$40,000","0.2500","","","","LAKE RACHARD","","Yes","Zoned Residential","Residential","$40,000"
"501","R11161006","CS","5940 Florida Other","18990 NW 284th Street","$45,000","1.2500","","1 To Less Than 2 Acre Lot","RES/AG","n/a","","No","","Unimproved Agri/Recreatn/Moblhome","$45,000"
"501","A11824361","CS","5940 Florida Other","228 MARKER RD","$43,000","0.2200","9,800","","RSF5","Rotonda West LONG MEADOW","Paved Road","No","Zoned Residential","Residential","$43,000"
"501","A11052192","CS","5940 Florida Other","1200 Butterfield Dr","$48,000","0.2300","10,000","","RSF3.5","Port Charlotte Sect 55","","Yes","Zoned Residential","Residential","$48,000"
"501","A11903336","CS","5940 Florida Other","3017 N Balsam Cir","$35,000","0.4500","","","","Port LaBelle","","No","Zoned Residential","Residential","$35,000"
"501","A11964696","CS","5940 Florida Other","430 N BRIDA ST","$45,000","1.0900","","","","MONTURA RANCHES","","No","Zoned Residential","Residential","$45,000"
"501","A11956689","CS","5940 Florida Other","450 S ROMERO ST","$46,000","1.2500","","1 To Less Than 2 Acre Lot","RRF","MONTURA RANCH ESTATES","","No","Zoned Residential","Residential","$46,000"
"501","A11961748","CS","5940 Florida Other","1011 NW Juanita Pl","$38,000","0.2000","","","","N/A","","No","Zoned Residential","Residential","$38,000"
"501","A11937094","CS","5940 Florida Other","428 Parkman  Ave","$30,000","0.3188","","","","Lehigh Acres","","No","Zoned Residential","Residential","$30,000"
"501","R11053506","CS","7070","Tbd San Marcos Avenue","$44,000","","","","RS-4Co","PARADISE PARK","Legal Access Road, City/County Maintained, Paved Road","No","","Single","$44,000"
"501","R11141510","CS","6352 Sebastian County","8977 100th Avenue","$40,000","0.1800","","Less Than 1/4 Acre Lot","RS-3","VERO LAKE ESTATES UNIT H-1","","No","","Unimproved Agri/Recreatn/Moblhome","$40,000"
"501","A11865799","CS","5940 Florida Other","755 S PALM ST","$45,000","1.2500","","1 To Less Than 2 Acre Lot","RRF","MONTURA RANCH ESTATES","Legal Access Road, Other Road","No","Zoned Residential","Residential","$45,000"
"501","A11944852","CS","49","3XXX SW 16X Ave","$38,000","0.2869","12,500","","¤8900","ATHOL SUB","","No","Zoned Residential","Other","$38,000"
"501","A12003881","CS","5940 Florida Other","150 s olivo st","$43,000","1.2500","","","","Montura Ranch","","No","Zoned Residential","Residential","$43,000"
"501","R11166596","CS","5940 Florida Other","10030 83rd Street","$45,000","0.2200","","Less Than 1/4 Acre Lot","RS-3","VERO LAKE ESTATES UNIT J","County Road","No","","Unimproved Agri/Recreatn/Moblhome","$45,000"
"501","A11970996","CS","5940 Florida Other","820 S Willow Street","$45,000","1.2500","","1 To Less Than 2 Acre Lot","RRF","Montura Ranches","","No","Zoned Residential","Residential","$45,000"
"501","A11968922","CS","5940 Florida Other","3006 NW Douglas Cir","$41,000","0.2600","","1/4 To Less Than 1/2 Acre Lot","","Cape Coral","","No","Zoned Residential","Residential","$41,000"
"501","A11846885","CS","5940 Florida Other","2117 NE 9th PL","$45,000","0.2300","","1/4 To Less Than 1/2 Acre Lot","","CAPE CORAL UNIT 32","","No","Zoned Residential","Residential","$45,000"
"501","A11790190","CS","5940 Florida Other","640 s shetland st","$34,000","1.2500","","","","Montura Ranches","","No","Zoned Residential","Residential","$34,000"
"501","B26027900","CS","6240 NW Okeechobee County","21072 NW 280th Street","$45,000","1.2500","","1 To Less Than 2 Acre Lot","Agriculture/Res","vk2104 The Viking Estates","County Road","No","","Unimproved Agri/Recreatn/Moblhome","$45,000"
"501","A11966172","CS","6240 NW Okeechobee County","20315 NW 256 St","$42,000","1.2500","","","","THE SOUTHERN COLONIZATION","","No","Zoned Residential","Residential","$42,000"
"501","T20053723","CS","6240 NW Okeechobee County","17530 NW 38th Avenue","$40,000","1.1000","","","","","Paved Road","No","","Single","$40,000"
"501","T20053725","CS","6240 NW Okeechobee County","17510 NW 38th Avenue","$40,000","1.2000","","","","","Paved Road","No","","Single","$40,000"
"501","R11125391","CS","6331 Indian River – Central County","9730 20th Lane","$39,000","0.1600","","Less Than 1/4 Acre Lot","RS-6","VERO TROPICAL GARDENS UNIT","City/County Maintained, Public Road","No","","Unimproved Agri/Recreatn/Moblhome","$39,000"
"501","R11109319","CS","6331 Indian River – Central County","8035 102nd Avenue","$45,000","0.2300","","Less Than 1/4 Acre Lot","RS-3","VERO LAKE ESTATES UNIT Q","County Road, Gravel/Lime Rock Road","No","","Unimproved Agri/Recreatn/Moblhome","$45,000"
"501","R11167411","CS","6372 Brevard County (W of Indian River)","3262 Pomello Avenue","$32,000","0.2300","","Less Than 1/4 Acre Lot","Residential","PORT MALABAR UNIT 30","City/County Maintained","No","","Unimproved Agri/Recreatn/Moblhome","$32,000"
"501","F10548442","CS","7070","0 Avenue G","$40,000","0.2800","12,197","","RS-4 Count","GARDEN CITY FARMS","","No","Zoned Residential","Unimproved Agri/Recreatn/Moblhome","$40,000"
"501","A11982912","CS","5940 Florida Other","165 N Sendero St","$44,900","1.0900","","1 To Less Than 2 Acre Lot","","MONTURA RANCH ESTATES","Legal Access Road, City/County Maintained, Public Road","No","Zoned Residential","Residential","$44,900"
"501","A11829711","CS","5940 Florida Other","4132 OLEANDER AVE","$35,000","1.1400","49,500","1 To Less Than 2 Acre Lot","","DAYTONA NORTH SERVICE DIST","","No","Zoned Residential","Residential","$35,000"
"501","R11167638","CS","6372 Brevard County (W of Indian River)","2851 Fontainebleau Avenue","$33,750","0.2400","","Less Than 1/4 Acre Lot","Residential","PORT MALABAR UNIT 25","City/County Maintained","No","","Unimproved Agri/Recreatn/Moblhome","$33,750"
"501","B26038311","CS","6372 Brevard County (W of Indian River)","455 Dadeville Street","$38,500","0.2300","","Less Than 1/4 Acre Lot, Less Than 1 Acre","00","PORT MALABAR UNIT 25","City/County Maintained, Paved Road","No","","Unimproved Agri/Recreatn/Moblhome","$38,500"
"501","R11158571","CS","7070","312 N 18th Street","$37,900","","","Less Than 1/4 Acre Lot","medium","AMY ANNA PARK","County Road","No","","Unimproved Agri/Recreatn/Moblhome","$37,900"
"501","A12017641","CS","5940 Florida Other","3217 NW 21st St","$41,000","0.2299","10,018","","R1","CAPE CORAL UNIT 61","City/County Maintained, Paved Road, Public Road","No","Zoned Residential","Residential","$41,000"
"501","R11168421","CS","5940 Florida Other","724 Woodland","$40,000","","","1 To Less Than 2 Acre Lot","SINGLE FAMILY","MONTURA RANCHES, FL 33440 ","City/County Maintained","No","","Unimproved Agri/Recreatn/Moblhome","$40,000"
"501","R11149579","CS","5940 Florida Other","2013 Petunia Avenue","$42,900","0.9998","","1/2 To Less Than 3/4 Acre Lot","R1","ORANGE BLOSSOM EST UNIT 05","","No","","Unimproved Agri/Recreatn/Moblhome","$42,900"
"501","A11905792","CS","5940 Florida Other","3615 W Gator Circle","$38,000","0.2300","","","","Cape Coral","","No","Zoned Residential","Residential","$38,000"
"501","A11873680","CS","5940 Florida Other","3117 NW 9th ST","$40,000","0.2400","","","","Cape Coral","","Yes","Zoned Residential","Residential","$40,000"
"501","B26027373","CS","6240 NW Okeechobee County","15729 NW 294th Street","$42,500","1.2500","","1 To Less Than 2 Acre Lot","Agriculture/Res","The Viking Estates","County Road","No","","Unimproved Agri/Recreatn/Moblhome","$42,500"
"501","B26004555","CS","6352 Sebastian County","7840 96th Court","$37,500","0.2200","","Less Than 1/4 Acre Lot, Interior Lot, Less Than 1 Acre, West Of US 1","RS-3","VERO LAKE ESTATES UNIT G","City/County Maintained","No","","Unimproved Agri/Recreatn/Moblhome","$37,500"
"501","B26010699","CS","5940 Florida Other","7670 Kaibab Avenue","$40,000","1.2386","","1 To Less Than 2 Acre Lot","Residential","FRONTIER","Paved Road","No","","Unimproved Agri/Recreatn/Moblhome","$40,000"
"501","F10549440","CS","6240 NW Okeechobee County","3567 NW 37th Avenue","$42,000","0.2150","9,365","","","Basswood Un 5","","No","Zoned Residential","Unimproved Agri/Recreatn/Moblhome","$42,000"
"501","F10517670","CS","5940 Florida Other","2120 NE 25th Ter","$30,000","0.2300","10,019","","R1-D","Cape Coral","","No","Zoned Residential","Residential","$30,000"
"501","A11971736","CS","5940 Florida Other","1630 Nuremberg Blvd","$35,000","0.2318","10,096","","RSF 3.5","PUNTA GORDA ISLES SEC 23","Private Road","No","Zoned Residential","Residential","$35,000"
"501","R11166175","CS","5940 Florida Other","1630 Nuremberg Boulevard","$35,000","0.2318","","Less Than 1/4 Acre Lot","RSF3.5","PUNTA GORDA ISLES SEC 23","Paved Road, Private Road","No","","Unimproved Agri/Recreatn/Moblhome","$35,000"
"501","F10541991","CS","5940 Florida Other","128 - 25 SW   25 Street Road","$36,000","0.2700","11,761","Less Than 1/4 Acre Lot","R1","Marion Oaks","Paved Road","No","Zoned Residential","Unimproved Agri/Recreatn/Moblhome","$36,000"
"501","F10541989","CS","5940 Florida Other","128 - 24 SW   24 Street Road","$36,000","0.2500","10,890","Less Than 1/4 Acre Lot","R1","Marion Oaks","","No","Zoned Residential","Unimproved Agri/Recreatn/Moblhome","$36,000"
"501","A11931362","CS","5940 Florida Other","17 NW 29th Pl","$37,500","0.2400","","","","Cape Coral","City/County Maintained, Paved Road","No","Zoned Residential","Residential","$37,500"
"501","R11135629","CS","5940 Florida Other","932 Bonnie Drive","$18,000","","","","Resident","Panama City","Other Road","No","","Single","$18,000"
"501","R11135650","CS","5940 Florida Other","928 Bonnie Drive","$15,000","","","","Resident","Panama City","Other Road","No","","Single","$15,000"
"501","R11126754","CS","5940 Florida Other","3819 NW 21st Avenue","$43,000","0.3558","","1/4 To Less Than 1/2 Acre Lot","rsf","Basswood Estates","County Road, City/County Maintained, Paved Road","No","","Unimproved Agri/Recreatn/Moblhome","$43,000"
"501","A11842870","CS","5940 Florida Other","614 S estribo","$35,000","1.2500","","Other Lot Description","Residential","Montura","","No","Zoned Residential","Residential","$35,000"
"501","A11730853","CS","5940 Florida Other","0000 Ocala","$30,000","0.2400","","","R1","MARION OAKS","","No","Zoned Residential","Residential","$30,000"
"501","B26014532","CS","6240 NW Okeechobee County","0 NW 23rd  Avenue","$38,000","0.3550","","1/4 To Less Than 1/2 Acre Lot, Less Than 1 Acre","Res","Basswood","","No","","Unimproved Agri/Recreatn/Moblhome","$38,000"
"501","F10546391","CS","6240 NW Okeechobee County","10305 NE 2nd Terrace","$32,000","0.3510","15,290","","","Orange Blossom Ranches","","No","Zoned Residential","Unimproved Agri/Recreatn/Moblhome","$32,000"
"501","R11079237","CS","6352 Sebastian County","8155 103rd Court","$25,000","0.2200","","Less Than 1/4 Acre Lot","RS-3","VERO LAKE ESTATES UNIT P","","No","","Unimproved Agri/Recreatn/Moblhome","$25,000"
"501","B26000125","CS","6372 Brevard County (W of Indian River)","290 NW Deeyan Ave Avenue","$38,000","0.2300","","Less Than 1/4 Acre Lot, Less Than 1 Acre","RESEDENTIAL","PORT MALABAR UNIT 39","Paved Road","No","","Unimproved Agri/Recreatn/Moblhome","$38,000"
"501","A11947259","CS","6372 Brevard County (W of Indian River)","1881 SE Trapper","$31,000","0.2400","","","","PORT MALABAR","","No","Zoned Residential","Residential","$31,000"
"501","A11947157","CS","6372 Brevard County (W of Indian River)","1328 SE RAN RD","$34,000","0.2300","","","","PORT MALABAR UNIT 22","","No","Zoned Residential","Residential","$34,000"
"501","R11153157","CS","6372 Brevard County (W of Indian River)","3397 Navajo Avenue","$33,000","0.2600","","","Resident","Port Malabar Unit 30","City/County Maintained, Paved Road, Public Road","No","","Single","$33,000"
"501","A11961954","CS","5940 Florida Other","1317 NE 22nd Ave","$32,000","0.2400","","","","Cape Coral","City/County Maintained, Paved Road","No","Zoned Residential","Residential","$32,000"
"501","R11150580","CS","5940 Florida Other","518 Poplar Street","$25,000","0.2300","","Less Than 1/4 Acre Lot","res","PORT MALABAR UNIT 25","Paved Road","No","","Unimproved Agri/Recreatn/Moblhome","$25,000"
"501","A11929072","CS","5940 Florida Other","5409 Phillips ST","$38,000","0.2300","10,106","Less Than 1/4 Acre Lot","TFC2","Bokeelia - Pine Island","City/County Maintained","No","Zoned Multifamily","Other","$38,000"
"501","R11079940","CS","6210 NE Okeechobee County","18230 NW 306th Street","$30,000","1.2500","","1 To Less Than 2 Acre Lot","RES","VIKINGS PRARIE","County Road, City/County Maintained, Public Road","No","","Unimproved Agri/Recreatn/Moblhome","$30,000"
"501","R11079934","CS","6210 NE Okeechobee County","17071 NW 312th Street","$27,500","1.2500","","1 To Less Than 2 Acre Lot","RES","VIKING ESTATES ","County Road","No","","Unimproved Agri/Recreatn/Moblhome","$27,500"
"501","R11168144","CS","5940 Florida Other","1966 Pirate Avenue","$33,000","","","Less Than 1/4 Acre Lot","Residential","PORT MALABAR UNIT 17","City/County Maintained, Paved Road, Public Road","No","","Unimproved Agri/Recreatn/Moblhome","$33,000"
"501","R11118340","CS","5940 Florida Other","9097 SE 67th Way","$38,500","0.4368","","1/4 To Less Than 1/2 Acre Lot","SINGLE Fam","OKEECHOBEE HAMMOCK, SECTIO","","No","","Unimproved Agri/Recreatn/Moblhome","$38,500"
"501","A11918300","CS","5940 Florida Other","1505 S sally ave","$32,000","0.3700","","","","Lee County Unincorporated","","Yes","Zoned Residential","Residential","$32,000"
"501","A11696177","CS","49","SW 37 St SW 158 Court","$33,000","0.1500","6,600","","¤8900","ATHOL","","No","Zoned Residential","Residential","$33,000"
"501","R11153703","CS","5940 Florida Other","6195 6th Place","$35,000","0.1400","","Less Than 1/4 Acre Lot","RS-6","PINE TREE PARK UNIT NO 4","","No","","Unimproved Agri/Recreatn/Moblhome","$35,000"
"501","F10444685","CS","5940 Florida Other","1322 NW 7th Place","$33,000","0.2300","10,000","Less Than 1/4 Acre Lot, Less Than 1 Acre","RD-D","CAPE CORAL","","No","Zoned Residential","Unimproved Agri/Recreatn/Moblhome","$33,000"
"501","T20051862","CS","7190","2495 SE Ruskin Drive","$29,000","0.0800","","East Of US 1","","","","No","","Single","$29,000"
"501","R11165522","CS","5940 Florida Other","3382 NW 31st Avenue","$35,000","0.3600","","1/4 To Less Than 1/2 Acre Lot","res","BASSWOOD UN 02","Paved Road","No","","Unimproved Agri/Recreatn/Moblhome","$35,000"
"501","F10516980","CS","5940 Florida Other","208 Street Street 139 Drive","$27,500","2.0000","","2 To Less Than 3 Acre Lot","Arculturial","Lot 17 Suwannee Oaks","City/County Maintained, Public Road","No","Zoned Residential","Unimproved Agri/Recreatn/Moblhome","$27,500"
"501","R11164208","CS","5940 Florida Other","3079 NW 35th Avenue","$34,000","0.2152","","Less Than 1/4 Acre Lot","RES","Basswoods","Paved Road","No","","Unimproved Agri/Recreatn/Moblhome","$34,000"
"501","R11169588","CS","6210 NE Okeechobee County","0 Crane Road","$33,000","","","1/4 To Less Than 1/2 Acre Lot","R1C","Royal Highlands Unit 8","County Road, City/County Maintained","No","","Unimproved Agri/Recreatn/Moblhome","$33,000"
"501","R11099858","CS","6372 Brevard County (W of Indian River)","449 Denmark Street","$34,000","0.2300","","Less Than 1/4 Acre Lot","Single Family","PALM BAY","City/County Maintained, Paved Road","No","","Unimproved Agri/Recreatn/Moblhome","$34,000"
"501","A11997116","CS","5940 Florida Other","2729 NW 21st St","$34,000","0.2400","","1/4 To Less Than 1/2 Acre Lot, Corner Lot, Oversized Lot","","Cape Coral","City/County Maintained, Paved Road","No","Zoned Residential","Residential","$34,000"
"501","R11105366","CS","5940 Florida Other","3268 NW 19th Avenue","$33,500","0.3500","","Interior Lot","res","Basswood","Public Road","No","","Single","$33,500"
"1001","B26034512","CS","6372 Brevard County (W of Indian River)","172 SW Lamar St Street","$33,000","0.2400","","Less Than 1/4 Acre Lot, Less Than 1 Acre, West Of US 1","Resident","PORT MALABAR UNIT 30","City/County Maintained","No","","Unimproved Agri/Recreatn/Moblhome","$33,000"
"1001","A11881861","CS","5940 Florida Other","8701 Hampshire Dr.","$35,000","0.5100","","1/2 To Less Than 3/4 Acre Lot","Residential","Spring Lake Village","Paved Road, Public Road","No","Zoned Residential","Residential","$35,000"
"1001","R11157057","CS","5940 Florida Other","14415 NW 286th Street","$36,500","","","","res","Vikings Prairie","County Road, Paved Road","No","","Single","$36,500"
"1001","A11937422","CS","5940 Florida Other","7324 Cobb Rd","$33,000","0.2583","11,238","Less Than 1/4 Acre Lot","","RAPID","Legal Access Road","No","Zoned Residential","Residential","$33,000"
"1001","F10551580","CS","6371 Brevard County (E of Indian River)","1287 Schayler Street","$35,000","0.2300","10,019","Less Than 1/4 Acre Lot","Residential","Port Malabar","City/County Maintained, Paved Road, Public Road","No","Zoned Residential","Unimproved Agri/Recreatn/Moblhome","$35,000"
"1001","A11980024","CS","5940 Florida Other","412 Montura Ave","$35,000","1.2500","54,450","","","Montura Ranch Estates","","No","Zoned Residential","Residential","$35,000"
"1001","R11143541","CS","5940 Florida Other","348 Sawyer Street","$27,000","0.2300","","Less Than 1/4 Acre Lot","RS2","PORT MALABAR UNIT 32","Paved Road","No","","Unimproved Agri/Recreatn/Moblhome","$27,000"
"1001","A12015103","CS","5940 Florida Other","802 Edison Ave","$35,000","0.5001","","","","LEHIGH ACRES UNIT 2 BLK 8","","No","Zoned Residential","Residential","$35,000"
"1001","B26018671","CS","5940 Florida Other","855 N Isora Street","$32,000","1.2500","","1 To Less Than 2 Acre Lot, Oversized Lot","Residential","Montura Ranches Estates","County Road, City/County Maintained","No","","Unimproved Agri/Recreatn/Moblhome","$32,000"
"1001","A11990933","CS","5940 Florida Other","4931 San Ignacio Dr","$36,500","0.2927","12,750","1/4 To Less Than 1/2 Acre Lot","R1A","SUN N LK SEB UNIT 16","Legal Access Road, Paved Road, Public Road","No","Zoned Residential","Residential","$36,500"
"1001","R11168668","CS","5940 Florida Other","119 Van Allen Avenue","$26,000","0.4600","","1/4 To Less Than 1/2 Acre Lot, Less Than 1 Acre","residential","PLACID LAKES + MULTI-FAMIL","County Road, Paved Road","No","","Unimproved Agri/Recreatn/Moblhome","$26,000"
"1001","A11972384","CS","5940 Florida Other","50 Wanda Ave S","$30,000","0.3900","","","","Lehigh Acres","","Yes","Zoned Residential","Residential","$30,000"
"1001","F10550919","CS","5940 Florida Other","1012 Lockwood Street","$34,900","0.2300","10,019","","RG3","Port LaBelle","","No","Zoned Residential","Unimproved Agri/Recreatn/Moblhome","$34,900"
"1001","A11957200","CS","5940 Florida Other","818 Calvin Ave","$32,000","21,780.0000","","","","Lehigh Acres","","No","Zoned Residential","Residential","$32,000"
"1001","R11158195","CS","5940 Florida Other","16803 NW 256th Street","$35,000","","","","Res","SOUTHERN COLONIZATION COM","","No","","Single","$35,000"
"1001","A11952551","CS","5940 Florida Other","1312 Irving Ave.","$30,000","0.5000","","1/4 To Less Than 1/2 Acre Lot","","Lehigh Acres Unt 4","City/County Maintained","No","Zoned Residential","Residential","$30,000"
"1001","A11952406","CS","5940 Florida Other","1311 Irving Ave","$30,000","0.5000","","1/2 To Less Than 3/4 Acre Lot","","Lehigh Acres Unit 5","Legal Access Road","No","Zoned Residential","Residential","$30,000"
"1001","A11950954","CS","5940 Florida Other","0 Pine Trace Way","$31,000","0.3700","","","R1","SILVER SPRINGS SHORES UNIT","","No","Zoned Residential","Residential","$31,000"
"1001","R11156435","CS","5940 Florida Other","Tbd Resort Avenue","$35,000","0.4600","","1/4 To Less Than 1/2 Acre Lot","RES","ROYAL HIGHLANDS","Paved Road","No","","Unimproved Agri/Recreatn/Moblhome","$35,000"
"1001","A11922591","CS","5940 Florida Other","2810 NW 3RD ST","$32,000","0.2300","","","","R1-D","City/County Maintained","No","Zoned Residential","Residential","$32,000"
"1001","R11124947","CS","5940 Florida Other","Tbd Frederick Street","$33,500","","","","Residential","PORT MALABAR UNIT 30","Paved Road","No","","Unimproved Agri/Recreatn/Moblhome","$33,500"
"1001","A11843000","CS","5940 Florida Other","7217 ROLLING HILLS RD","$24,000","0.5014","","1/2 To Less Than 3/4 Acre Lot","","SPRING LAKE VILLAGE II","","No","Zoned Residential","Residential","$24,000"
"1001","A11821705","CS","5940 Florida Other","3209 3rd St W","$33,000","0.2500","","","","N/A","","No","Zoned Residential","Residential","$33,000"
"1001","F10496929","CS","5940 Florida Other","8001 Castile Road","$29,500","0.5000","22,000","1/2 To Less Than 3/4 Acre Lot","R1","SPRING LAKE VILLAGE III","","No","Zoned Residential","Unimproved Agri/Recreatn/Moblhome","$29,500"
"1001","F10496917","CS","5940 Florida Other","7933 Castile Road","$32,000","0.5000","22,000","1/2 To Less Than 3/4 Acre Lot","R1","SPRING LAKE VILLAGE III","City/County Maintained, Paved Road","No","Zoned Residential","Unimproved Agri/Recreatn/Moblhome","$32,000"
"1001","A11757061","CS","5940 Florida Other","XX PECAN DRIVE TRCE","$35,000","0.2800","12,032","1/4 To Less Than 1/2 Acre Lot","R1","Silver Springs Shores","","No","Zoned Residential","Residential","$35,000"
"1001","A11754632","CS","5940 Florida Other","XXX Pecan Course Circle","$33,000","0.2248","","Less Than 1/4 Acre Lot","R1 SINGLE FAMILY DWE","SILVER SPRING SHORES","","No","Zoned Residential","Residential","$33,000"
"1001","A11730857","CS","5940 Florida Other","15107 Canvasback Rd","$32,500","0.4600","","","","ROYAL HIGHLANDS","","No","Zoned Residential","Residential","$32,500"
"1001","R11016267","CS","5940 Florida Other","11421 Rampart Lane","$35,000","0.0964","","Less Than 1/4 Acre Lot","R4","JOHNSON HEIGHTS","City/County Maintained","No","","Unimproved Agri/Recreatn/Moblhome","$35,000"
"1001","A11205159","CS","5940 Florida Other","60 circle marion oaks manor","$35,000","0.2900","","","","marion oaks","","No","Zoned Residential","Residential","$35,000"
"1001","F10535456","CS","6210 NE Okeechobee County","3844 NW 26th Avenue","$28,000","0.3600","15,463","","","Basswood Un 02","","No","Zoned Residential","Unimproved Agri/Recreatn/Moblhome","$28,000"
"1001","F10537466","CS","6371 Brevard County (E of Indian River)","589 White Plains","$28,000","0.2400","","Less Than 1/4 Acre Lot","","PORT MALABAR","","No","Zoned Residential","Unimproved Agri/Recreatn/Moblhome","$28,000"
"1001","F10531701","CS","6371 Brevard County (E of Indian River)","0000 SW Lamkin","$29,000","0.2500","","Less Than 1/4 Acre Lot","","Port Malabar","Paved Road","No","Zoned Residential","Unimproved Agri/Recreatn/Moblhome","$29,000"
"1001","A11959317","CS","6372 Brevard County (W of Indian River)","1061 SE Towhlen Street","$31,000","0.2300","","Less Than 1/4 Acre Lot","RS2","PORT MALABAR UNIT 23","Other Road","No","Zoned Residential","Residential","$31,000"
"1001","A11955047","CS","6372 Brevard County (W of Indian River)","1134 Satin Rd","$35,000","0.2300","10,019","","0010 / VACANT RESIDE","PORT MALABAR UNIT 32","","No","Zoned Residential","Residential","$35,000"
"1001","A11949007","CS","6372 Brevard County (W of Indian River)","1132 SE SYKES RD","$32,750","0.2400","","","","PORT MALABAR UNIT 17","","No","Zoned Residential","Residential","$32,750"
"1001","A11948960","CS","6372 Brevard County (W of Indian River)","1148 sykes rd se","$32,750","0.2500","","","","port malabar unit 17","","No","Zoned Residential","Residential","$32,750"
"1001","R10979996","CS","7010","Tbd S Ocean Drive","$30,000","0.4900","","1/2 To Less Than 3/4 Acre Lot, East Of US 1","Hutch Isla","SURFSIDE HARBOR","Public Road, State Road","No","","Unimproved Agri/Recreatn/Moblhome","$30,000"
"1001","R11133924","CS","7070","901 N 22nd Street","$27,000","0.1600","","Less Than 1/4 Acre Lot","SFMode","ELDORADO SUBDIVISION","Paved Road, Public Road","No","","Unimproved Agri/Recreatn/Moblhome","$27,000"
"1001","R11141778","CS","7300","3746 NW 28th Avenue","$35,000","","","","RSF","BASSWOOD INCORPORATED UNI","City/County Maintained","No","","Single","$35,000"
"1001","A12004650","CS","5940 Florida Other","3720 SW 24TH ST","$32,000","0.2500","","1/4 To Less Than 1/2 Acre Lot","","LEHIGH ACRES","","No","Zoned Residential","Residential","$32,000"
"1001","R11145767","CS","5940 Florida Other","19775 NW 242nd Street","$30,000","1.2500","","1 To Less Than 2 Acre Lot","Agri/Res","Vikings/Southern Colonizat","","No","","Unimproved Agri/Recreatn/Moblhome","$30,000"
"1001","A11989478","CS","5940 Florida Other","1905 Venice Ave N","$30,000","0.2800","","","","Lehigh Acres","","No","Zoned Residential","Residential","$30,000"
"1001","R11164483","CS","5940 Florida Other","1398 Parham Avenue","$30,000","0.4600","","1/4 To Less Than 1/2 Acre Lot, Less Than 1 Acre","RS2","PORT MALABAR UNIT 16","Paved Road","No","","Unimproved Agri/Recreatn/Moblhome","$30,000"
"1001","A11913199","CS","5940 Florida Other","4102 6TH ST W","$30,000","0.2500","10,890","1/4 To Less Than 1/2 Acre Lot, Interior Lot, Regular Lot","RS-1","Lehigh Acres Unit 1","Legal Access Road, City/County Maintained, Public Road","No","Zoned Residential","Residential","$30,000"
"1001","A11913156","CS","5940 Florida Other","4100 6th St W","$30,000","0.2500","10,890","1/4 To Less Than 1/2 Acre Lot, Cul-De-Sac Lot, Regular Lot","RS-1","Lehigh Acres","Legal Access Road, City/County Maintained, Paved Road","No","Zoned Residential","Residential","$30,000"
"1001","R11040841","CS","5940 Florida Other","1021 Jerdik Drive","$34,500","0.2200","","Less Than 1/4 Acre Lot","RES","FISHEATING BAY ESTATES","City/County Maintained, Paved Road","No","","Single","$34,500"
"1001","R11103818","CS","5940 Florida Other","910 Dixie Avenue","$30,000","0.5001","","1/2 To Less Than 3/4 Acre Lot","RS-1","LEHIGH ACRES UNIT 5","County Road, City/County Maintained","No","","Unimproved Agri/Recreatn/Moblhome","$30,000"
"1001","R11103817","CS","5940 Florida Other","908 Dixie Avenue","$30,000","0.5001","","1/2 To Less Than 3/4 Acre Lot","RS-1","LEHIGH ACRES UNIT 5","County Road, City/County Maintained","No","","Unimproved Agri/Recreatn/Moblhome","$30,000"
"1001","A12014908","CS","5940 Florida Other","3800 Hyde Park Dr","$33,000","0.2963","","","","Fort Myers","","Yes","Zoned Residential","Residential","$33,000"
"1001","A11950535","CS","6240 NW Okeechobee County","15185 NW 276TH","$29,500","1.2500","","","","THE SOUTHERN COLONIZATION","","No","Zoned Residential","Residential","$29,500"
"1001","R11154199","CS","7070","0 Barcelona Avenue","$30,000","0.1860","","Less Than 1/4 Acre Lot","RS-4Co","PARADISE PARK","City/County Maintained","No","","Unimproved Agri/Recreatn/Moblhome","$30,000"
"1001","R11149683","CS","5940 Florida Other","508 Ascot Court","$33,500","0.6700","","1/2 To Less Than 3/4 Acre Lot","Residential","SPRING LAKE VILL 03","City/County Maintained","No","","Unimproved Agri/Recreatn/Moblhome","$33,500"
"1001","R11163915","CS","6240 NW Okeechobee County","20277 NW 286th Street","$20,000","1.2500","","1 To Less Than 2 Acre Lot","AGRICULTURE","Viking Estates","","No","","","$20,000"
"1001","R11163914","CS","6240 NW Okeechobee County","19996 NW 284th Street","$20,000","1.2500","","1 To Less Than 2 Acre Lot","AGRICULTURE","VIKING ESTATES","Private Road","No","","","$20,000"
"1001","A11933836","CS","5940 Florida Other","1306 Cortez Ave","$27,000","0.5000","","","","Lehigh Acres","","No","Zoned Residential","Residential","$27,000"
"1001","A11902423","CS","5940 Florida Other","607 MAPLE AVE N","$31,000","0.5000","","1/4 To Less Than 1/2 Acre Lot","","Lee County Unincorporated","Legal Access Road, City/County Maintained, Paved Road","No","Zoned Residential","Residential","$31,000"
"1001","A11970273","CS","6240 NW Okeechobee County","14832 NW 268TH","$30,000","1.2500","","","","SOUTHERN COLONIZATION CO","","No","Zoned Residential","Residential","$30,000"
"1001","F10513595","CS","6240 NW Okeechobee County","18516 NW 310th Street","$20,800","1.2500","54,450","1 To Less Than 2 Acre Lot","","Southern Colonization Co","","No","Zoned Residential","Unimproved Agri/Recreatn/Moblhome","$20,800"
"1001","F10496246","CS","6240 NW Okeechobee County","17711 NW 278th Street","$31,500","1.2500","54,450","1 To Less Than 2 Acre Lot","","Viking/Prairie","","No","Zoned Residential","Unimproved Agri/Recreatn/Moblhome","$31,500"
"1001","R11129874","CS","6321 City of Vero Beach","475 15 Street","$30,000","0.3400","","1/4 To Less Than 1/2 Acre Lot","RS-6","Piney Oaks","County Road","No","","Unimproved Agri/Recreatn/Moblhome","$30,000"
"1001","R11167927","CS","5490","1108 SE 9th Court","$31,900","0.1148","","Less Than 1/4 Acre Lot","RML","N/A","","No","","Unimproved Agri/Recreatn/Moblhome","$31,900"
"1001","R11132482","CS","5940 Florida Other","19025 NW 272nd Street","$27,000","1.5000","","1 To Less Than 2 Acre Lot","0000 / VACANT R","SOUTHERN COLONIZATION COMP","","No","","Unimproved Agri/Recreatn/Moblhome","$27,000"
"1001","F10537456","CS","","14928 NW 260th St","$30,000","1.2500","54,450","","","Southern Colonization","","No","Zoned Residential","Residential","$30,000"
"1001","F10543193","CS","5940 Florida Other","0 Maple Hill Court","$19,500","0.4500","19,602","1/2 To Less Than 3/4 Acre Lot","RL-1","Maple Hill Addition","","No","Zoned Residential","Unimproved Agri/Recreatn/Moblhome","$19,500"
"1001","F10528798","CS","5940 Florida Other","4020 Harlando Avenue","$29,000","0.2300","10,060","Less Than 1/4 Acre Lot, Less Than 1 Acre","R1","Sun N Lake","Paved Road","No","Zoned Residential","Unimproved Agri/Recreatn/Moblhome","$29,000"
"1001","B26027208","CS","5940 Florida Other","185 S Utopia Street","$35,000","1.2500","","1 To Less Than 2 Acre Lot","RRF","MONTURA RANCH UNREC SEC 25","","Yes","","Unimproved Agri/Recreatn/Moblhome","$35,000"
"1001","A11967648","CS","5940 Florida Other","1210 prospect ave","$29,000","0.5000","","","","LEHIGH ACRES","","No","Zoned Residential","Residential","$29,000"
"1001","A11964280","CS","5940 Florida Other","2601 SW 15","$32,000","0.2500","","","","Lehigh Acres","","No","Zoned Residential","Residential","$32,000"
"1001","R11162763","CS","5940 Florida Other","18075 NW 278th Street","$30,000","1.2500","","1 To Less Than 2 Acre Lot","res/ag","SOUTHERN COLONIZATION COMP","","No","","Unimproved Agri/Recreatn/Moblhome","$30,000"
"1001","R11153696","CS","5940 Florida Other","1810 38th Place","$27,000","0.1228","","Less Than 1/4 Acre Lot","RM-8","W E GEOFFREYS","Paved Road","No","","Unimproved Agri/Recreatn/Moblhome","$27,000"
"1001","A11937102","CS","5940 Florida Other","432 Paulcrest Ave","$30,000","0.2839","","","","Lehigh ACces","","No","Zoned Residential","Residential","$30,000"
"1001","A11937100","CS","5940 Florida Other","430 Paulcrest Ave","$30,000","0.2296","","","","Lehigh Acres","","No","Zoned Residential","Residential","$30,000"
"1001","A11937098","CS","5940 Florida Other","432 Parkman Ave","$30,000","0.2354","","","","Lehigh Acres","","No","Zoned Residential","Residential","$30,000"
"1001","A11937096","CS","5940 Florida Other","430 Parkman Ave","$30,000","0.2330","","","","Lehigh Acres","","No","Zoned Residential","Residential","$30,000"
"1001","A11937089","CS","5940 Florida Other","433 Parnell Ave","$30,000","0.2839","","","","Lehigh Acres","","No","Zoned Residential","Residential","$30,000"
"1001","A11937087","CS","5940 Florida Other","431 Parnell Ave","$30,000","0.2296","","","","Lehigh Acres","","No","Zoned Residential","Residential","$30,000"
"1001","A11937018","CS","5940 Florida Other","220 Grant Blvd","$30,000","0.2570","","","","Lehigh Acres","","No","Zoned Residential","Residential","$30,000"
"1001","A11937011","CS","5940 Florida Other","428 Paulcrest Ave","$30,000","0.2296","","","","Lehigh Acres","","No","Zoned Residential","Residential","$30,000"
"1001","A11937004","CS","5940 Florida Other","426 Paulcrest Ave","$30,000","0.2296","","","","Lehigh Acres","","No","Zoned Residential","Residential","$30,000"
"1001","A11936979","CS","5940 Florida Other","424 Paulcrest Ave","$30,000","0.2296","","","","Lehigh Acres","","No","Zoned Residential","Residential","$30,000"
"1001","A11936967","CS","5940 Florida Other","422 Paulcrest Ave","$30,000","0.2245","","","","Lehigh Acres","","No","Zoned Residential","Residential","$30,000"
"1001","A11936943","CS","5940 Florida Other","420 Paulcrest Ave","$30,000","0.2572","","","","Lehigh Acres","","No","Zoned Residential","Residential","$30,000"
"1001","A11936934","CS","5940 Florida Other","429 Parnell Ave","$30,000","0.2296","","","","Lehigh Acres","","No","Zoned Residential","Residential","$30,000"
"1001","A11936929","CS","5940 Florida Other","427 Parnell Ave","$30,000","0.2296","","","","Lehigh Acres","","No","Zoned Residential","Residential","$30,000"
"1001","A11936892","CS","5940 Florida Other","425 Parnell Ave","$30,000","0.2296","","","","Lehigh Acres","","No","Zoned Residential","Residential","$30,000"
"1001","A11936885","CS","5940 Florida Other","423 Parnell Ave","$30,000","0.2789","","","","Lehigh Acres","","No","Zoned Residential","Residential","$30,000"
"1001","R11127934","CS","5940 Florida Other","424 Cherry Tree Drive","$29,000","0.6202","","1/2 To Less Than 3/4 Acre Lot","R1","SPRING LAKE VILL 02","Private Road","No","","Unimproved Agri/Recreatn/Moblhome","$29,000"
"1001","F10525941","CS","5940 Florida Other","630 N Hacienda","$31,000","1.2500","54,450","1 To Less Than 2 Acre Lot","","Montura Ranch","Paved Road","No","Zoned Residential","Unimproved Agri/Recreatn/Moblhome","$31,000"
"1001","R11147844","CS","6210 NE Okeechobee County","17878 NW 286th Street","$32,000","1.2500","","1 To Less Than 2 Acre Lot","Residential","N/A","Public Road","No","","Unimproved Agri/Recreatn/Moblhome","$32,000"
"1001","F10550951","CS","6240 NW Okeechobee County","2585 NW 5th Street","$27,500","0.2910","12,676","1/4 To Less Than 1/2 Acre Lot","","Okeechobee Park","Paved Road","No","Zoned Residential","Unimproved Agri/Recreatn/Moblhome","$27,500"
"1001","A11971041","CS","5940 Florida Other","2119 LEROY","$31,500","0.5001","21,784","","","Lehigh Acres","","No","Zoned Residential","Residential","$31,500"
"1001","R11077113","CS","5940 Florida Other","17774 NW 254th Street","$28,000","1.2500","","1 To Less Than 2 Acre Lot","RES/AG","N/A","","No","","Unimproved Agri/Recreatn/Moblhome","$28,000"
"1001","B26018894","CS","5940 Florida Other","Tbd Locust Drive Court","$24,000","0.3000","","1/4 To Less Than 1/2 Acre Lot, Less Than 1 Acre","RES","Silver Springs Shores","","No","","Unimproved Agri/Recreatn/Moblhome","$24,000"
"1001","A11999567","CS","5940 Florida Other","0 Timberlane Road","$27,000","0.1900","","","R-3","None","","No","Zoned Residential","Residential","$27,000"
"1001","A11989986","CS","5940 Florida Other","207 NW Aztec","$29,000","0.5165","","","","Placid Lakes Sec 19","Paved Road","No","Zoned Residential","Other","$29,000"
"1001","B26003881","CS","5940 Florida Other","5755 Bryce Street","$8,000","1.1000","","1 To Less Than 2 Acre Lot","AR","BIG TREE LAKES","Gravel/Lime Rock Road","No","","Unimproved Agri/Recreatn/Moblhome","$8,000"
"1001","R11168586","CS","5940 Florida Other","2505 95th Avenue","$22,500","0.1700","","Less Than 1/4 Acre Lot","A-1","VERO TROPICAL GARDENS UNIT","","No","","Unimproved Agri/Recreatn/Moblhome","$22,500"
"1001","R11168585","CS","5940 Florida Other","2345 95th Avenue","$22,500","0.1700","","Less Than 1/4 Acre Lot","A-1","VERO TROPICAL GARDENS UNIT","","No","","Unimproved Agri/Recreatn/Moblhome","$22,500"
"1001","A11970122","CS","5940 Florida Other","2503 27th St SW","$30,000","0.2500","","","","LEHIGH ACRES","","No","Zoned Residential","Residential","$30,000"
"1001","A11956925","CS","5940 Florida Other","1310 Edison","$23,500","0.5000","","","","Lehigh Acres","","No","Zoned Residential","Residential","$23,500"
"1001","F10549730","CS","5940 Florida Other","10244 Asbury Avenue","$30,000","0.2300","10,000","","RSF3.5","PORT CHARLOTTE SEC 64","","No","Zoned Residential","Unimproved Agri/Recreatn/Moblhome","$30,000"
"1001","R11151520","CS","5940 Florida Other","0000 Vacant ","$28,500","","","Less Than 1/4 Acre Lot","Resident","SEC 12 TWP 16 RGE 22PLAT ","City/County Maintained","No","","Single","$28,500"
"1001","A11935624","CS","5940 Florida Other","upson ter upson ter","$11,000","0.0000","","","rsf2-residential","port charlotte sub 14","","No","Zoned Residential","Residential","$11,000"
"1001","A11927836","CS","5940 Florida Other","0 SANTA ANA RD","$26,000","0.3200","","","","PORT CHARLOTTE","","No","Zoned Residential","Residential","$26,000"
"1001","R11139813","CS","5940 Florida Other","0000 NE 130th Court Road","$22,000","","","2 To Less Than 3 Acre Lot, 3 To Less Than 4 Acre Lot, 4 To Less Than 5 Acre Lot","Residential","Deerwood Estate","City/County Maintained","No","","Unimproved Agri/Recreatn/Moblhome","$22,000"
"1001","A11910545","CS","5940 Florida Other","665 S Brida","$25,000","1.2500","","","","Montura Ranches","","No","Zoned Residential","Other","$25,000"
"1001","A11900550","CS","5940 Florida Other","11351 NE 89 Terrace","$20,000","1.2500","","1 To Less Than 2 Acre Lot","","N/A","","No","Zoned Residential","Residential","$20,000"
"1001","R11129568","CS","5940 Florida Other","0 Magnolia Drive","$28,000","1.3300","","1 To Less Than 2 Acre Lot","SF","Central Acres","County Road, Public Road","No","","Unimproved Agri/Recreatn/Moblhome","$28,000"
"1001","R11123580","CS","5940 Florida Other","404 Greenwood Avenue","$25,000","0.4990","","1/4 To Less Than 1/2 Acre Lot, Less Than 1 Acre","Residential","Lehigh Acres","City/County Maintained, Paved Road","No","","Unimproved Agri/Recreatn/Moblhome","$25,000"
"1001","F10525653","CS","5940 Florida Other","9048 Green Circle","$26,500","0.2500","10,890","","RG3","Port La Belle","","No","Zoned Residential","Unimproved Agri/Recreatn/Moblhome","$26,500"
"1001","F10525385","CS","5940 Florida Other","9048 Green Circle","$26,500","0.2500","10,890","","RG3","Port La Belle","","No","Zoned Residential","Unimproved Agri/Recreatn/Moblhome","$26,500"
"1001","A11872791","CS","5940 Florida Other","1411 E SEATLE SLEW CIR","$25,000","0.5480","","","RES","BELMONT HILLS UNIT 1","","No","Zoned Residential","Residential","$25,000"
"1001","R11111466","CS","5940 Florida Other","1397 Wade Street","$30,000","0.2500","","1/4 To Less Than 1/2 Acre Lot","R","PORT MALABAR UNIT 15","City/County Maintained","No","","Unimproved Agri/Recreatn/Moblhome","$30,000"
"1001","F10503940","CS","5940 Florida Other","VACANT Vacant 65 Ave Road","$25,000","0.2400","10,454","","R1","MARION OAKS","","No","Zoned Residential","Unimproved Agri/Recreatn/Moblhome","$25,000"
"1001","R11166262","CS","5990 Global Outside US","15218 NW 268th Street","$28,000","1.2500","","1 To Less Than 2 Acre Lot","res","SOUTHERN COLONIZATION COMP","","No","","Unimproved Agri/Recreatn/Moblhome","$28,000"
"1001","R11140295","CS","7080","110 S 21st Street","$25,000","","","Less Than 1/4 Acre Lot","SFMode","FABER'S SUBDIVISION","City/County Maintained","No","","Single","$25,000"
"1001","F10516182","CS","5940 Florida Other","2601 CAROL ST","$27,000","0.3900","20,400","1/4 To Less Than 1/2 Acre Lot","","LEHIGH ACRES","Paved Road","No","Zoned Residential","Residential","$27,000"
"1001","A11862847","CS","5940 Florida Other","5052 LAKE REGENCY DR","$29,000","0.6816","","","","LAKE REGENCY WOODS","","No","Zoned Residential","Residential","$29,000"
"1001","A11998934","CS","5940 Florida Other","8008 Vega Ct","$21,000","0.2800","","","","PORT LABELLE","","No","Zoned Residential","Residential","$21,000"
"1001","R11156061","CS","5940 Florida Other","18469 NW 254th Street","$28,000","1.2500","","","res/ag","n/a","","No","","Single","$28,000"
"1001","R11134586","CS","5940 Florida Other","10040 Delgado Avenue","$29,900","","","","OR","Flagler Estates Unplatted ","Paved Road","No","","Unimproved Agri/Recreatn/Moblhome","$29,900"
"1001","A11816820","CS","5940 Florida Other","749 DUANE PALMER BLVD","$23,500","0.2800","","","AU","Fairway Lakes Ph 01","Paved Road","No","Zoned Residential","Residential","$23,500"
"1001","A11969628","CS","6210 NE Okeechobee County","18334 NW 274th OKEECHOBEE","$28,000","1.2500","","","","Viking Prairie","","No","Zoned Residential","Residential","$28,000"
"1001","B26025424","CS","5940 Florida Other","0 Dahlia Rd Road","$29,500","0.2600","","1/4 To Less Than 1/2 Acre Lot, Less Than 1 Acre","R-4A","Daytona Park Estates","","No","","Unimproved Agri/Recreatn/Moblhome","$29,500"
"1001","F10555653","CS","5940 Florida Other","0 Old Grade Road","$29,500","2.0000","87,120","2 To Less Than 3 Acre Lot","Corex","Opp107 Orlando Pines","","No","Zoned Residential","Unimproved Agri/Recreatn/Moblhome","$29,500"
"1001","F10550752","CS","5940 Florida Other","0 State Rd 33","$29,500","0.7400","30,666","1/2 To Less Than 3/4 Acre Lot","","Green Swamp","","No","Zoned Residential","Unimproved Agri/Recreatn/Moblhome","$29,500"
"1001","F10550531","CS","5940 Florida Other","0 Hidden Oaks Lane","$16,500","3.0000","","3 To Less Than 4 Acre Lot","","Pablo Subdivision","","No","Zoned Residential","Unimproved Agri/Recreatn/Moblhome","$16,500"
"1001","F10527009","CS","5940 Florida Other","1400 12th Avenue","$29,500","0.4900","21,344","","R-4A","Daytona Park Estates","","No","Zoned Residential","Unimproved Agri/Recreatn/Moblhome","$29,500"
"1001","F10524624","CS","5940 Florida Other","0 Alturas Babson Park Cutoff Road","$29,500","0.5900","25,700","","A/RRX","Central Lake Estates","Paved Road","No","Zoned Residential","Unimproved Agri/Recreatn/Moblhome","$29,500"
"1001","F10520477","CS","5940 Florida Other","2345 N Yucca Road","$29,500","0.2800","4,000","","R1","Avon Park Lakes","","No","Zoned Residential","Unimproved Agri/Recreatn/Moblhome","$29,500"
"1001","F10519815","CS","5940 Florida Other","314 Falcon Street","$29,500","0.5200","11,250","","R1","Highlands Park Estate","","No","Zoned Residential","Unimproved Agri/Recreatn/Moblhome","$29,500"
"1001","F10541589","CS","6240 NW Okeechobee County","0 298th Street","$29,500","3.0000","130,680","3 To Less Than 4 Acre Lot","","VK2917 The Viking Estates","","No","Zoned Residential","Unimproved Agri/Recreatn/Moblhome","$29,500"
"1001","R11150119","CS","7070","4401 Juanita Avenue","$27,000","0.1800","","Less Than 1/4 Acre Lot, Corner Lot","RS-4","HARMONY HEIGHTS NO 4","County Road, Paved Road","No","","Unimproved Agri/Recreatn/Moblhome","$27,000"
"1001","A11991313","CS","5940 Florida Other","1044 marshall ave s","$24,500","0.2300","","","","lehigh acres","","No","Zoned Residential","Residential","$24,500"
"1001","F10542525","CS","5940 Florida Other","0000 Windinghill Road","$25,000","1.0000","","","R1","RAINBOW LAKES","","No","Zoned Residential","Unimproved Agri/Recreatn/Moblhome","$25,000"
"1001","R11143185","CS","5940 Florida Other","1461 Tidewell Street","$26,000","0.2300","","Less Than 1/4 Acre Lot","RES","PORT MALABAR UNIT 18","Paved Road, Public Road","No","","Unimproved Agri/Recreatn/Moblhome","$26,000"
"1001","R11126768","CS","5940 Florida Other","5006 Cyrus Court","$23,000","0.3100","","1/4 To Less Than 1/2 Acre Lot","RG3","PT LABELLE UNIT 3","County Road, City/County Maintained, Paved Road","No","","Unimproved Agri/Recreatn/Moblhome","$23,000"
"1001","R11126746","CS","5940 Florida Other","7001 Tide Circle","$23,000","0.3200","","1/4 To Less Than 1/2 Acre Lot","RG3","PORT LABELLE UNIT 7","City/County Maintained","No","","Unimproved Agri/Recreatn/Moblhome","$23,000"
"1001","R11126714","CS","5940 Florida Other","7003 Tide Circle","$23,000","0.2300","","Less Than 1/4 Acre Lot","RG3","PORT LABELLE UNIT 7","City/County Maintained, Paved Road, Public Road","No","","Unimproved Agri/Recreatn/Moblhome","$23,000"
"1001","R11126771","CS","6140","0 Unassigned","$21,000","0.2100","","Less Than 1/4 Acre Lot","RES","POINCIANA GARDENS","","No","","Unimproved Agri/Recreatn/Moblhome","$21,000"
"1001","T20055323","CS","7070","1004 Avenue G ","$25,000","0.1148","","","","","","No","","Single","$25,000"
"1001","B26024740","CS","5940 Florida Other","4517 7th Street","$27,000","0.2500","","1/4 To Less Than 1/2 Acre Lot, Less Than 1 Acre","RS-1","Lehigh Acres","Paved Road","No","","Unimproved Agri/Recreatn/Moblhome","$27,000"
"1001","A11936771","CS","5940 Florida Other","1161 Westport St","$23,000","0.3500","","","","PORT CHARLOTTE SEC 051","","No","Zoned Residential","Other","$23,000"
"1001","R11147253","CS","5940 Florida Other","4300 Nancy Street","$28,900","0.9300","","1/2 To Less Than 3/4 Acre Lot, Corner Lot","or","na","Paved Road","No","","Unimproved Agri/Recreatn/Moblhome","$28,900"
"1001","R11126204","CS","5940 Florida Other","7020 Patriot Court","$26,000","","","","RG3","Port Labelle unit 7","City/County Maintained","No","","Unimproved Agri/Recreatn/Moblhome","$26,000"
"1001","A11933598","CS","5940 Florida Other","825 Appleton Ave","$25,000","0.5500","","","","LEHIGH ACRES","Legal Access Road, City/County Maintained, Public Road","Yes","Zoned Residential","Residential","$25,000"
"1001","R11142073","CS","5940 Florida Other","21768 NW 278th Street","$22,000","1.2500","","","VACANT R","SOUTHERN COLONIZATION","","No","","Single","$22,000"
"1001","R10911715","CS","5970 Other Country not in USA","15883 NW 276th Street","$27,000","1.5000","","","RES/AG","SOUTHERN COLONIZATION CO","","No","","Single","$27,000"
"1001","A12039569","CS","5940 Florida Other","717 APRILE AVE S","$25,000","0.2380","10,367","","RS-1","LEHIGH ACRES UNIT 5","City/County Maintained","No","Zoned Residential","Residential","$25,000"
"1001","R11160071","CS","5940 Florida Other","Tbd Oregon Lane","$41,000","0.2300","","Less Than 1/4 Acre Lot","R1","PORT CHARLOTTE SUB 08","Public Road","No","","Unimproved Agri/Recreatn/Moblhome","$41,000"
"1001","R11158063","CS","5940 Florida Other","15997 NW 270th Street","$24,000","1.5000","","1 To Less Than 2 Acre Lot, Corner Lot","Agricultural","THE SOUTHERN COLONIZATION","","No","","","$24,000"
"1001","A11942002","CS","5940 Florida Other","4621 N ANITA AVE","$15,000","0.4068","","","RS-1","L3","","No","Zoned Residential","Residential","$15,000"
"1001","A11853650","CS","5940 Florida Other","429 MCARTHUR BLVD","$18,500","0.3500","","","","LEHIGH ACRES","Paved Road","No","Zoned Residential","Other","$18,500"
"1001","R11102760","CS","5940 Florida Other","Tbd Oregon Lane","$26,000","0.2296","","Less Than 1/4 Acre Lot","RSF2","LOT 7 BLK 247 8TH ADD TO P","Public Road","No","","Unimproved Agri/Recreatn/Moblhome","$26,000"
"1001","F10555111","CS","6210 NE Okeechobee County","14921 NW 272nd Street","$25,800","1.2500","54,450","","AG","None","","No","Zoned Residential","Unimproved Agri/Recreatn/Moblhome","$25,800"
"1001","A11863262","CS","5940 Florida Other","464 Mallory Ave S","$27,500","0.2900","","","","LEHIGH ACRES","","No","Zoned Residential","Residential","$27,500"
"1001","R11109321","CS","6210 NE Okeechobee County","15993 NW 314th Street","$27,500","","","1 To Less Than 2 Acre Lot","RES","VIKINGS PRAIRIE","","No","","Unimproved Agri/Recreatn/Moblhome","$27,500"
"1001","A11994125","CS","5940 Florida Other","1107 Fifth Ave.","$27,499","0.0000","","3/4 To Less Than 1 Acre Lot","","L1","City/County Maintained, Other Road, Public Road","No","Zoned Residential","Other","$27,499"
"1001","A12005161","CS","5940 Florida Other","4211 Durango Ave","$26,000","0.2300","","","","SUN N LAKE EST OF SEB","","No","Zoned Residential","Residential","$26,000"
"1001","A11973330","CS","5940 Florida Other","0 DOMINIC ST","$25,000","0.2300","","","","PORT CHARLOTTE","","No","Zoned Residential","Residential","$25,000"
"1001","A11969335","CS","5940 Florida Other","0 MADDOCK CIR","$25,000","0.2300","","","","PORT CHARLOTTE SUB","","No","Zoned Residential","Residential","$25,000"
"1001","A11968369","CS","5940 Florida Other","4430 N Orange Acre Point","$19,000","0.5100","","1/2 To Less Than 3/4 Acre Lot","Rural","Holiday Acres","Private Road","No","Zoned Residential","Residential","$19,000"
"1001","F10550041","CS","5940 Florida Other","123 Bethlehem Place","$22,500","0.2300","10,019","","RG3","Banyan Village","","No","Zoned Residential","Unimproved Agri/Recreatn/Moblhome","$22,500"
"1001","R11155639","CS","5940 Florida Other","3121 33rd Street","$25,000","0.2500","","1/4 To Less Than 1/2 Acre Lot","RS-1","Lehigh Acres Unit 8","Paved Road","No","","Unimproved Agri/Recreatn/Moblhome","$25,000"
"1001","A11934948","CS","5940 Florida Other","0 Sunset Dr E","$23,000","1.7661","","","","Sunset Shores Sub","","No","Zoned Residential","Residential","$23,000"
"1001","A11893857","CS","5940 Florida Other","1407 MCKINLEY AVE","$25,000","0.3271","","","","LEHIGH ACRES","","No","Zoned Residential","Residential","$25,000"
"1001","A11823634","CS","5940 Florida Other","307 Ranier Ave","$30,000","0.2737","","","","LEHIGH ACRES","","No","Zoned Residential","Residential","$30,000"
"1001","R11050606","CS","5940 Florida Other","Xxx NW Smallwood Rd Road","$21,000","0.7600","","1/2 To Less Than 3/4 Acre Lot","R1","RAINBOW LAKES ESTATES SECT","Paved Road, Public Road","No","","Unimproved Agri/Recreatn/Moblhome","$21,000"
"1001","F10556610","CS","6240 NW Okeechobee County","17618 NW 254th Street","$24,000","1.2500","54,450","","","Southern Colonization","","No","Zoned Residential","Unimproved Agri/Recreatn/Moblhome","$24,000"
"1001","F10556599","CS","6240 NW Okeechobee County","17613 NW 252nd Street","$24,000","1.2500","54,450","","","Southern Colonization","","No","Zoned Residential","Unimproved Agri/Recreatn/Moblhome","$24,000"
"1001","R11150282","CS","7070","3694 Avenue K ","$25,000","0.1600","","Less Than 1/4 Acre Lot, Corner Lot, West Of US 1","RS-4Co","SUNLAND GARDENS","City/County Maintained, Paved Road, Public Road","No","","Single","$25,000"
"1001","R11069934","CS","5940 Florida Other","2065 94th Court","$24,000","0.1600","","Less Than 1/4 Acre Lot","RS-6","VERO TROPICAL GARDENS UNIT","","No","","Unimproved Agri/Recreatn/Moblhome","$24,000"
"1001","R11149731","CS","5940 Florida Other","Tbd Lot 32 SW Lobelia Court","$26,500","0.9900","","1 To Less Than 2 Acre Lot","R1","RAINBOW LAKES ESTATES","County Road","No","","Unimproved Agri/Recreatn/Moblhome","$26,500"
"1001","R11169184","CS","5940 Florida Other","10335 Hennessey Avenue","$26,400","","","","Vac Res","FLAGLER ESTATES","County Road","No","","Unimproved Agri/Recreatn/Moblhome","$26,400"
"1001","A12035690","CS","5940 Florida Other","710 Michael Ave","$26,000","21,784.0000","","","","LEHIGH ACRES","","No","Zoned Residential","Residential","$26,000"
"1001","A11977931","CS","5940 Florida Other","217 Warrior St","$22,000","0.4592","","1/4 To Less Than 1/2 Acre Lot","SFR","PLACID LAKES SEC 19","Legal Access Road, City/County Maintained, Public Road","No","Zoned Residential","Residential","$22,000"
"1001","A11786439","CS","5940 Florida Other","548 WINDERMERE DR","$23,000","0.2400","","","","LEHIGH ACRES","","No","Zoned Residential","Residential","$23,000"
"1001","R11170026","CS","5940 Florida Other","18417 NW 254th Street","$25,900","1.2500","","1 To Less Than 2 Acre Lot","RES/AG","n/a","","No","","Unimproved Agri/Recreatn/Moblhome","$25,900"
"1001","A11957028","CS","5940 Florida Other","230 Ocean Park DR","$29,500","0.4700","","Less Than 1/4 Acre Lot","RS1","GREENBRIAR","Paved Road","No","Zoned Residential","Residential","$29,500"
"1001","A11932535","CS","5940 Florida Other","3720 Tallman","$25,000","0.2999","","","","LEHIGH ACRES","","No","Zoned Residential","Residential","$25,000"
"1001","F10540679","CS","5940 Florida Other","746 NE Cheshire Lane","$18,500","2.0000","","2 To Less Than 3 Acre Lot","A-1","Falling Creek","","Yes","Zoned Residential","Unimproved Agri/Recreatn/Moblhome","$18,500"
"1001","F10491232","CS","6240 NW Okeechobee County","18872 NW 256th Street","$24,000","1.2500","54,450","1 To Less Than 2 Acre Lot","","Southern Colonization","","No","Zoned Residential","Unimproved Agri/Recreatn/Moblhome","$24,000"
"1001","A11922018","CS","5940 Florida Other","3012 49TH ST W","$25,100","0.2500","","","","49TH ST W","","No","Zoned Residential","Residential","$25,100"
"1001","F10516801","CS","5940 Florida Other","641 Royce Road","$22,500","0.2300","10,019","","RG3","Banyan Village","","No","Zoned Residential","Unimproved Agri/Recreatn/Moblhome","$22,500"
"1001","F10550412","CS","","19570 NW 290th St","$25,000","1.2500","54,450","1 To Less Than 2 Acre Lot","","SOUTHERN COLONIZATION","","No","Zoned Residential","Residential","$25,000"
"1001","A12019576","CS","5940 Florida Other","2112 Irving Ave","$23,500","0.5000","","","","Lehigh Acres Unit 4","","No","Zoned Residential","Residential","$23,500"
"1001","A11979999","CS","5940 Florida Other","305 LANCELOT AVE","$21,500","0.2755","12,000","","RS-1","LEHIGH ACRES","","No","Zoned Residential","Residential","$21,500"
"1001","A11976205","CS","5940 Florida Other","6015 Ruth Ave N","$41,500","0.4905","21,366","","","NA","","No","Zoned Residential","Residential","$41,500"
"1001","A11976177","CS","5940 Florida Other","6010 Rena Ave N","$41,500","0.4796","20,891","1/4 To Less Than 1/2 Acre Lot","","N/A","Paved Road","No","Zoned Residential","Residential","$41,500"
"1001","F10550940","CS","5940 Florida Other","733 Palmer Street","$22,000","0.2748","","","RS-1","Twin Lake Estates","","No","Zoned Residential","Unimproved Agri/Recreatn/Moblhome","$22,000"
"1001","A11959516","CS","5940 Florida Other","19930 SW N 93rd Lane","$30,000","0.2700","","1/4 To Less Than 1/2 Acre Lot","","Rainbow Springs","","No","Zoned Residential","Residential","$30,000"
"1001","A11955495","CS","5940 Florida Other","702 Denis Ave N","$25,000","0.3100","","","","LEHIGH ACRES","","No","Zoned Residential","Residential","$25,000"
"1001","F10546126","CS","5940 Florida Other","811 Gaylord Ave","$22,000","0.2200","9,679","Less Than 1/4 Acre Lot","RS-1","Lehigh Acres","Legal Access Road, City/County Maintained","No","Zoned Residential","Residential","$22,000"
"1001","F10541963","CS","5940 Florida Other","9618 N Sherman Dr","$23,000","12,632.0000","","","","Inverness Highlands South","","No","Zoned Residential","Residential","$23,000"
"1001","R11146671","CS","5940 Florida Other","Tbd SW 81 Terrace","$15,000","1.4000","","1 To Less Than 2 Acre Lot","R-1/R-2","WEST & JOHNSON ADDIT","Paved Road, Public Road","No","","Unimproved Agri/Recreatn/Moblhome","$15,000"
"1001","A11926280","CS","5940 Florida Other","359 Pembroke St","$21,000","0.2300","","","","N/A","","No","Zoned Residential","Residential","$21,000"
"1001","A11923036","CS","5940 Florida Other","324 Leruth Ave","$22,000","0.2726","","","","LEHIGH ACRES UNIT","","No","Zoned Residential","Residential","$22,000"
"1001","A11917372","CS","5940 Florida Other","1915 moore","$23,000","0.5000","","","","Lee County Unincorporated","","No","Zoned Residential","Residential","$23,000"
"1001","A11917348","CS","5940 Florida Other","1917 Moore","$23,000","0.5000","","","","Lee County Unincorporated","","No","Zoned Residential","Residential","$23,000"
"1001","A11890435","CS","5940 Florida Other","1527 Rutledge ave","$22,500","0.2583","","","","HIGHLANDS PARK NE AREA","","No","Zoned Residential","Residential","$22,500"
"1001","R11127803","CS","5940 Florida Other","630 S Fronda Street","$17,000","1.2500","","1 To Less Than 2 Acre Lot","RRF","MONTURA RANCH UNREC SEC 34","City/County Maintained","No","","Unimproved Agri/Recreatn/Moblhome","$17,000"
"1001","R11104965","CS","5940 Florida Other","0 St Road 60","$25,500","0.4100","","1/4 To Less Than 1/2 Acre Lot","Res","CENTRAL ACRES","County Road","No","","Unimproved Agri/Recreatn/Moblhome","$25,500"
"1001","R11089534","CS","5940 Florida Other","757 Alamo St E Street","$19,000","0.0000","","Less Than 1/4 Acre Lot","RS-1","Lehigh acres Unit 6","Public Road","No","","Unimproved Agri/Recreatn/Moblhome","$19,000"
"1001","B26007555","CS","6140","0 Unassigned ","$24,000","0.2038","","Less Than 1/4 Acre Lot, Interior Lot, Less Than 1 Acre","RES","POINCIANA GARDENS","","No","","Unimproved Agri/Recreatn/Moblhome","$24,000"
"1001","A11997819","CS","6240 NW Okeechobee County","21068 NW 260th Street","$25,000","1.2500","","1 To Less Than 2 Acre Lot","","SOUTHERN COLONIZATION COMP","Other Road","No","Zoned Residential","Residential","$25,000"
"1001","A11992801","CS","6240 NW Okeechobee County","19205 NW 276 st","$17,000","1.2500","","","","Vikings","","No","Zoned Residential","Residential","$17,000"
"1001","A11992799","CS","6240 NW Okeechobee County","19210 NW 278 st","$18,000","1.2500","","","","vikings","","No","Zoned Residential","Residential","$18,000"
"1001","R11168182","CS","6240 NW Okeechobee County","20378 NW 280th Street","$22,000","1.2500","","1 To Less Than 2 Acre Lot","res","SOUTHERN COLONIZATION","","No","","","$22,000"
"1001","R11125845","CS","6240 NW Okeechobee County","19480 NW 288th Street","$25,000","1.2500","","1 To Less Than 2 Acre Lot","(A) AGRICULTURE","SOUTHERN COLONIZATION COMP","","No","","","$25,000"
"1001","F10494724","CS","6240 NW Okeechobee County","19264 NW 264th Street","$17,000","1.2500","54,450","1 To Less Than 2 Acre Lot","","Viking/Prairie","","No","Zoned Residential","Unimproved Agri/Recreatn/Moblhome","$17,000"
"1001","R11140294","CS","7070","106 N 19th Street","$22,000","","","Less Than 1/4 Acre Lot","SFMode","FLORIANA PARK","City/County Maintained","No","","Single","$22,000"
"1001","A11994970","CS","5940 Florida Other","2907 17 STREET W","$22,500","0.2300","","","","LEHIGH ACRES","","No","Zoned Residential","Residential","$22,500"
"1001","A12009588","CS","5940 Florida Other","918 Columbus Ave","$22,000","21,784.0000","","","","LEHIGH ACRES UNIT 4 BLK 16","","No","Zoned Residential","Other","$22,000"
"1001","R11148296","CS","5940 Florida Other","19985 NW 276th Street","$24,000","1.2500","","","res/ag","na","","No","","Single","$24,000"
"1001","R11146447","CS","5940 Florida Other","10720 Beckenger Avenue","$23,500","","","1 To Less Than 2 Acre Lot","R","N/A","City/County Maintained, Public Road","No","","Unimproved Agri/Recreatn/Moblhome","$23,500"
"1001","R10707688","CS","5940 Florida Other","4 Heuchera Court","$24,900","0.2800","","1/4 To Less Than 1/2 Acre Lot","PDR","SUGARMILL WOODS  OAK VILLA","County Road, Private Road","No","","Unimproved Agri/Recreatn/Moblhome","$24,900"
"1001","A11947886","CS","5940 Florida Other","1407 Sheldon Ave","$21,500","0.0490","21,736","","","Lehigh Acres","","No","Zoned Residential","Residential","$21,500"
"1001","A11930054","CS","5940 Florida Other","1504 ACACIA AVE","$22,500","0.5000","","","","LAND","","No","Zoned Residential","Residential","$22,500"
"1001","A11930026","CS","5940 Florida Other","1506 ACACIA","$22,500","0.5000","","","","LAND","","No","Zoned Residential","Other","$22,500"
"1001","A11909225","CS","5940 Florida Other","521 E TRINITY ST","$21,000","0.2500","10,846","","","LEHIGH ACRES","","No","Zoned Residential","Residential","$21,000"
"1001","R11167475","CS","5940 Florida Other","10720 Yeager Avenue","$23,000","","","","Vac Res","FLAGLER ESTATES","","No","","Unimproved Agri/Recreatn/Moblhome","$23,000"
"1001","R11157963","CS","5940 Florida Other","6832 Parkwood Street","$24,000","","","","R1","SPRING LAKE VILL 05","Paved Road","No","","Single","$24,000"
"1001","A11914667","CS","5940 Florida Other","551 Beach Avenue","$21,000","0.2300","","Less Than 1/4 Acre Lot","Residential","LEHIGH ACRES","City/County Maintained, Public Road","No","Zoned Residential","Residential","$21,000"
"1001","A11656386","CS","5940 Florida Other","1715 Cortez","$23,000","0.5000","","1/2 To Less Than 3/4 Acre Lot","","Lee High Acres","Legal Access Road","No","Zoned Residential","Residential","$23,000"
"1001","R11028530","CS","5940 Florida Other","766 Steward Street","$20,500","0.2300","","Less Than 1/4 Acre Lot","Residential","PORT MALABAR UNIT 49","Public Road","No","","","$20,500"
"1001","A11531864","CS","5940 Florida Other","5174 Gulfport Ter","$17,500","0.2500","10,000","","","Gulf Cove","","No","Zoned Residential","Residential","$17,500"
"1001","R11169186","CS","5940 Florida Other","10230 Zigler Avenue","$23,850","1.1400","","1 To Less Than 2 Acre Lot","Vac Res","Flagler Estates","County Road","No","","Unimproved Agri/Recreatn/Moblhome","$23,850"
"1001","R11169183","CS","5940 Florida Other","4815 Randolph Street","$23,800","","","","Vac Res","FLAGLER ESTATES","County Road","No","","Unimproved Agri/Recreatn/Moblhome","$23,800"
"1001","R11166254","CS","5940 Florida Other","637 Stanley Ave","$19,000","0.3000","","1/4 To Less Than 1/2 Acre Lot, Corner Lot, Less Than 1 Acre","RS1","Lehigh Acres","City/County Maintained, Private Road","No","","Unimproved Agri/Recreatn/Moblhome","$19,000"
"1001","R11157850","CS","5940 Florida Other","0 Harlando Avenue","$21,000","0.2313","","Less Than 1/4 Acre Lot","R1","SUN N LK SEB UNIT 05","Paved Road","No","","Unimproved Agri/Recreatn/Moblhome","$21,000"
"1001","F10534424","CS","5940 Florida Other","747 Long Distance Ln","$22,800","0.2300","10,001","","RS-1","Lehigh Acres","","No","Zoned Residential","Residential","$22,800"
"1001","A11968066","CS","5940 Florida Other","710 E almelia","$23,000","0.2800","","","","Lehigh Acres","","Yes","Zoned Residential","Residential","$23,000"
"1001","R11115873","CS","6372 Brevard County (W of Indian River)","1338 Magic Street","$18,000","0.3800","","1/4 To Less Than 1/2 Acre Lot","res","PORT MALABAR UNIT 51","Public Road","No","","Unimproved Agri/Recreatn/Moblhome","$18,000"
"1001","R10868734","CS","5940 Florida Other","9198 N Black Oak Way","$20,640","1.1600","","","CLR","CRYSTAL MANOR UNIT 2","County Road, City/County Maintained","No","","Single","$20,640"
"1001","F10539874","CS","5940 Florida Other","192 Carousel Avenue","$19,250","0.2300","10,019","","RG3","Banyan Village","","No","Zoned Residential","Unimproved Agri/Recreatn/Moblhome","$19,250"
"1001","F10539873","CS","5940 Florida Other","190 Carousel Avenue","$19,250","0.2300","10,019","","RG3","Banyan Village","","No","Zoned Residential","Unimproved Agri/Recreatn/Moblhome","$19,250"
"1001","F10525764","CS","5940 Florida Other","0 SW 30th Place","$20,000","0.2300","10,018","Less Than 1/4 Acre Lot","R1","Rainbow Park","","No","Zoned Residential","Unimproved Agri/Recreatn/Moblhome","$20,000"
"1001","A12027834","CS","5940 Florida Other","14219 Gables Ave","$15,500","0.2300","","","","Cape Coral","","No","Zoned Residential","Residential","$15,500"
"1001","A11999618","CS","5940 Florida Other","INVERNESS ST LOT # 3150","$17,000","929.0000","","Less Than 1/4 Acre Lot","","PORT CHARLOTTE SUB","City/County Maintained","No","Zoned Residential","Residential","$17,000"
"1001","A11970420","CS","5940 Florida Other","829 porter","$20,000","0.2600","11,252","","RS-1","TWIN LAKE ESTATES","","Yes","Zoned Residential","Residential","$20,000"
"1001","R11162164","CS","5940 Florida Other","2400 Mink Road","$18,000","0.4592","","1/4 To Less Than 1/2 Acre Lot","R1","AVON PARK LAKES","","No","","Unimproved Agri/Recreatn/Moblhome","$18,000"
"1001","A11884076","CS","5940 Florida Other","1208 Abbot Avenue","$19,500","0.5001","","Oversized Lot","","LEHIGH ACRES UNIT 3","","No","Zoned Residential","Residential","$19,500"
"1001","A11872318","CS","5940 Florida Other","3010 44TH ST W","$19,000","0.2500","","","","LEHIGH ACRES","","No","Zoned Residential","Residential","$19,000"
"1001","A11872184","CS","5940 Florida Other","3007 48th St W","$22,000","0.2500","","","","Lehigh Acres","","No","Zoned Residential","Residential","$22,000"
"1001","A11987443","CS","5940 Florida Other","761 Lehigh Acres","$19,000","0.2801","12,202","","","Mirror Lakes","","No","Zoned Residential","Residential","$19,000"
"1001","A11950594","CS","5940 Florida Other","3317 36th St W","$19,500","0.2500","","","","Lehigh Acres","","No","Zoned Residential","Residential","$19,500"
"1001","A11950588","CS","5940 Florida Other","3315 36th St W","$19,500","0.2500","","","","Lehigh Acres","","No","Zoned Residential","Residential","$19,500"
"1001","R11167474","CS","5940 Florida Other","10660 Turpin Avenue","$20,800","","","","Vac Res","Flagler Estates","County Road","No","","Unimproved Agri/Recreatn/Moblhome","$20,800"
"1001","A11951221","CS","5940 Florida Other","1050 Countess ave","$17,640","0.3000","","","","NA","","No","Zoned Residential","Residential","$17,640"
"1001","A11949674","CS","5940 Florida Other","549 BEACH AVE S","$18,000","0.2500","","1/4 To Less Than 1/2 Acre Lot","","LEHIGH ACRES","","No","Zoned Residential","Residential","$18,000"
"1001","F10551677","CS","5940 Florida Other","1007 E 10th Street","$21,000","0.2500","10,890","1/4 To Less Than 1/2 Acre Lot, Less Than 1 Acre","RS-1","Lehigh Acres","Paved Road","No","Zoned Residential","Unimproved Agri/Recreatn/Moblhome","$21,000"
"1001","A11656377","CS","5940 Florida Other","8760 N Athens","$19,500","0.2600","","Less Than 1/4 Acre Lot","","CITRUS SPRINGS","Paved Road","No","Zoned Residential","Residential","$19,500"
"1001","A11992581","CS","5940 Florida Other","0 Broken Stone St","$16,500","0.8854","","","","RIDGE MNR EST UN 4","","Yes","Zoned Residential","Residential","$16,500"
"1001","A11970427","CS","5940 Florida Other","141 Flagler ST","$18,500","0.6300","27,442","","R1","SUN N LAKE ACRES L.P.","","No","Zoned Residential","Other","$18,500"
"1001","R11164764","CS","5940 Florida Other","16581 NW 296th Street","$16,000","1.2500","","1 To Less Than 2 Acre Lot","R-1","Viking Subdivision","County Road","No","","Unimproved Agri/Recreatn/Moblhome","$16,000"
"1001","F10549526","CS","5940 Florida Other","0 SW 17","$20,000","0.2500","10,890","","R4","Rainbow Park Un 08","","No","Zoned Residential","Unimproved Agri/Recreatn/Moblhome","$20,000"
"1001","A11951553","CS","5940 Florida Other","1906 W Bermuda Rd","$19,000","0.2603","11,337","1/4 To Less Than 1/2 Acre Lot","R1","AVON PARK LAKES","Legal Access Road, City/County Maintained, Public Road","No","Zoned Residential","Residential","$19,000"
"1001","A11951165","CS","5940 Florida Other","512 Morris Tyler AVE S","$17,500","0.2300","","","","LEHIGH ACRES","","No","Zoned Residential","Residential","$17,500"
"1001","A11951143","CS","5940 Florida Other","414 WICKHAM AVE S","$17,500","0.2300","","","","LEHIGH ACRES","","No","Zoned Residential","Residential","$17,500"
"1001","A11950363","CS","5940 Florida Other","1252 EDILE ST E","$18,000","0.2400","","","","LEHIGH ACRES","","No","Zoned Residential","Residential","$18,000"
"1001","A11950359","CS","5940 Florida Other","1216 NIMITZ BLVD","$17,500","0.2300","","","","LEHIGH ACRES","","No","Zoned Residential","Residential","$17,500"
"1001","A11950352","CS","5940 Florida Other","1044 PORTLAND AVE S","$18,000","0.2300","","","","LEHIGH ACRES","","No","Zoned Residential","Residential","$18,000"
"1001","A11898246","CS","5940 Florida Other","11451 N clare","$20,000","0.3000","","","","citrus springs","","No","Zoned Residential","Residential","$20,000"
"1001","R11158001","CS","6240 NW Okeechobee County","17657 NW 276th Street","$18,000","1.2500","","1 To Less Than 2 Acre Lot","A","Viking","","No","","","$18,000"
"1001","F10542778","CS","7080","605 N 8th Street","$20,000","0.0800","3,425","","MEDIUM DEN","Fee & Mays Resub","","No","Zoned Residential","Unimproved Agri/Recreatn/Moblhome","$20,000"
"1001","A12012771","CS","5940 Florida Other","5410 Guidepost Ter","$17,500","0.2296","","","","PORT CHARLOTTE SEC 53","","No","Zoned Residential","Residential","$17,500"
"1001","A12001746","CS","5940 Florida Other","1335 S Griese Road","$19,900","1.1400","","","","AVON PARK EST","","No","Zoned Residential","Residential","$19,900"
"1001","A11984680","CS","5940 Florida Other","Lot #8 Jabara Lane","$19,900","0.3000","13,068","","","Port LaBelle","City/County Maintained","No","Zoned Residential","Residential","$19,900"
"1001","A11976879","CS","5940 Florida Other","3413 64th St W","$18,000","0.2500","10,890","1/4 To Less Than 1/2 Acre Lot","RS-1","LEHIGH ACRES","City/County Maintained, Paved Road","No","Zoned Residential","Residential","$18,000"
"1001","R11152622","CS","5940 Florida Other","1617 Wells Avenue","$17,500","0.5000","","","RS-1","LEHIGH ACRES","","No","","Single","$17,500"
"1001","A11125737","CS","5940 Florida Other","13500 Walleye Way","$18,000","0.1720","","","","Meadows and Villas","","Yes","Zoned Residential","Residential","$18,000"
"1001","A12033824","CS","5940 Florida Other","2803 E 19th St","$19,500","0.2500","","","","N/A","","No","Zoned Residential","Residential","$19,500"
"1001","A11996788","CS","5940 Florida Other","3604 Hanna Ave N","$18,500","0.2500","","","","LEHIGH ACRES UNIT 7","","No","Zoned Residential","Residential","$18,500"
"1001","A11996756","CS","5940 Florida Other","3706 Flora Ave N","$18,500","0.2500","","","","LEHIGH ACRES UNIT 7","","No","Zoned Residential","Residential","$18,500"
"1001","A11969840","CS","5940 Florida Other","18150 Dillon Ave","$18,500","0.2300","10,019","Less Than 1/4 Acre Lot","RSF-3.5","Port Charlotte","Paved Road, Public Road","No","Zoned Residential","Residential","$18,500"
"1001","F10550279","CS","5940 Florida Other","0 Xeriscape Nursery Road","$19,500","1.2500","54,450","1 To Less Than 2 Acre Lot","A/RRX","CLE84 Central Lake Estates","","No","Zoned Residential","Unimproved Agri/Recreatn/Moblhome","$19,500"
"1001","F10550271","CS","5940 Florida Other","0 Xeriscape Nursery Road","$19,500","1.2500","54,450","1 To Less Than 2 Acre Lot","A/RRX","CLE85 Central Lake Estates","","No","Zoned Residential","Unimproved Agri/Recreatn/Moblhome","$19,500"
"1001","F10550264","CS","5940 Florida Other","0 Xeriscape Nursery Road","$19,500","1.2500","54,450","1 To Less Than 2 Acre Lot","A/RRX","CLE86 Central Lake Estates","","No","Zoned Residential","Unimproved Agri/Recreatn/Moblhome","$19,500"
"1001","F10543870","CS","5940 Florida Other","0 Xeriscape Nursery Road","$19,500","1.2500","54,450","1 To Less Than 2 Acre Lot","","CLE78 Central Lake Estates","","No","Zoned Residential","Unimproved Agri/Recreatn/Moblhome","$19,500"
"1001","F10542863","CS","5940 Florida Other","0 Calliandra Drive","$18,000","0.5500","21,780","1/2 To Less Than 3/4 Acre Lot","R1","Indian Lake Estates","","No","Zoned Residential","Unimproved Agri/Recreatn/Moblhome","$18,000"
"1001","A11905744","CS","5940 Florida Other","19171 Ridge Ave","$16,000","0.2300","","","","Port Charlotte","","No","Zoned Residential","Residential","$16,000"
"1001","F10523649","CS","5940 Florida Other","0 Jackson Street","$19,500","1.4800","339,761","1 To Less Than 2 Acre Lot","","Central Lake Estates","","No","Zoned Residential","Unimproved Agri/Recreatn/Moblhome","$19,500"
"1001","F10523727","CS","5940 Florida Other","15 Cleat Ct","$15,000","0.1720","","","RSF5","ROTONDA SANDS UN1","","No","Zoned Residential","Residential","$15,000"
"1001","F10520135","CS","5940 Florida Other","1801 N Croton Road","$18,000","0.2700","12,000","1/4 To Less Than 1/2 Acre Lot","R1","Avon Park Lakes","","No","Zoned Residential","Unimproved Agri/Recreatn/Moblhome","$18,000"
"1001","R11153664","CS","7070","Xxx N 37th Street","$19,500","0.1300","","Less Than 1/4 Acre Lot, Corner Lot","RS-4","Sunland Gardens","City/County Maintained, Paved Road, Public Road","No","","Unimproved Agri/Recreatn/Moblhome","$19,500"
"1001","R11151980","CS","7070","2302 Canal Terrace","$19,500","0.1400","","Less Than 1/4 Acre Lot, West Of US 1","Medium","ALAMANDA VISTA REVISED PLA","City/County Maintained, Paved Road, Public Road","No","","Unimproved Agri/Recreatn/Moblhome","$19,500"
"1001","A11816494","CS","5940 Florida Other","1053 Venture St","$18,000","0.2500","","","","NA","","No","Zoned Residential","Residential","$18,000"
"1001","A11663948","CS","5940 Florida Other","16 Robert Avenue","$18,000","0.4800","","1/4 To Less Than 1/2 Acre Lot","RS-1","LEHIGH ACRES","","No","Zoned Residential","Residential","$18,000"
"1001","R11007160","CS","5940 Florida Other","924 Lenore Avenue","$19,000","0.2200","","Less Than 1/4 Acre Lot, Less Than 1 Acre","R-2","INTERLACHEN LAKES ESTATES ","County Road","No","","Unimproved Agri/Recreatn/Moblhome","$19,000"
"1001","F10391996","CS","5940 Florida Other","SAWYER CIR","$15,000","0.2400","","","","1784 - PORT CHARLOTTE SUB","","No","Zoned Residential","Residential","$15,000"
"1001","A12032375","CS","5940 Florida Other","1060 Halby Ave S","$17,250","0.2400","","","","Lehigh Acres","","No","Zoned Residential","Residential","$17,250"
"1001","A11969841","CS","5940 Florida Other","343 Prineville St","$18,000","0.2300","10,019","Less Than 1/4 Acre Lot","RSF-3.5","Port Charlotte","Paved Road, Public Road","No","Zoned Residential","Residential","$18,000"
"1001","R11143760","CS","5940 Florida Other","8615 N Spikes Way","$17,500","0.2300","","Less Than 1/4 Acre Lot","RUR","CITRUS SPRINGS UNIT 05","County Road","No","","Unimproved Agri/Recreatn/Moblhome","$17,500"
"1001","A11750581","CS","5940 Florida Other","628 Eisenhower blvd","$17,500","0.2280","","","","LEHIGH ACRES","","No","Zoned Residential","Residential","$17,500"
"1001","A11747215","CS","5940 Florida Other","27172 Dubonet Dr","$18,000","0.2600","11,326","1/4 To Less Than 1/2 Acre Lot","","Tropical Gulf Acres","","Yes","Zoned Residential","Residential","$18,000"
"1001","R10939935","CS","7010","Tba A1a","$10,000","0.3440","","1/4 To Less Than 1/2 Acre Lot, East Of US 1, Less Than 1 Acre","Hutchinson Isla","SURFSIDE HARBOR","No Road Access","No","","Unimproved Agri/Recreatn/Moblhome","$10,000"
"1001","A11959697","CS","5940 Florida Other","722 BLUEBIRD AVE","$16,500","0.2300","","","","LEHIGH ACRES","","No","Zoned Residential","Residential","$16,500"
"1001","A11914274","CS","5940 Florida Other","628 Eisenhower blvd","$17,500","0.2280","","","","LEHIGH ACRES","","No","Zoned Residential","Residential","$17,500"
"1001","A11985283","CS","5940 Florida Other","8177 DION STREET,","$17,500","0.2300","","","","PORT CHARLOTTE SEC 058","","No","Zoned Residential","Residential","$17,500"
"1001","A11984167","CS","5940 Florida Other","13507 KEYSTONE BOULEVARD","$17,500","0.2300","","","","PORT CHARLOTTE SEC 058","","No","Zoned Residential","Residential","$17,500"
"1001","F10556578","CS","5940 Florida Other","447 Kali Court","$18,000","0.3400","14,810","","RG3","PORT LABELLE UNIT 10","","No","Zoned Residential","Unimproved Agri/Recreatn/Moblhome","$18,000"
"1001","A11936545","CS","5940 Florida Other","#1 Carpenter Ln","$16,500","0.2300","","Less Than 1/4 Acre Lot, 1/4 To Less Than 1/2 Acre Lot","","North Port","","No","Zoned Residential","Residential","$16,500"
"1001","A11933581","CS","5940 Florida Other","8003 ZAMORA AVE","$16,500","0.2400","","Less Than 1/4 Acre Lot","","SUN LAKE ESTATES OF SEBRIN","Legal Access Road, Paved Road, Public Road","No","Zoned Residential","Residential","$16,500"
"1001","F10385385","CS","5940 Florida Other","932 Alcalde E","$18,000","0.2800","","1/4 To Less Than 1/2 Acre Lot","Resident","None","","No","Zoned Residential","Residential","$18,000"
"1001","F10556363","CS","5940 Florida Other","2717 Hacienda Drive","$12,000","0.9160","","","RESIDENTIAL","SEBRING RANCHETTES","","No","Zoned Residential","Unimproved Agri/Recreatn/Moblhome","$12,000"
"1001","F10556366","CS","5940 Florida Other","2725 Hacienda Drive","$12,000","0.9160","","","","SEBRING RANCHETTES","","No","Zoned Residential","Unimproved Agri/Recreatn/Moblhome","$12,000"
"1001","R11129348","CS","5940 Florida Other","14829 NW 300th Street","$16,500","1.2500","","","RES/AG","SOUTHERN COLONIZATION CO","","No","","Single","$16,500"
"1001","F10527057","CS","5940 Florida Other","0 Polk City Road","$17,500","1.0300","44,866","","A/RRX","Goldenland Acres","","No","Zoned Residential","Unimproved Agri/Recreatn/Moblhome","$17,500"
"1001","F10520729","CS","5940 Florida Other","229 Caswell Lane","$12,500","0.2300","10,125","","R1","Sun N Lake Estates","","No","Zoned Residential","Unimproved Agri/Recreatn/Moblhome","$12,500"
"1001","A11994399","CS","5940 Florida Other","1134 HUDSON ST E","$16,000","0.2300","","","","LEHIGH ACRES","","No","Zoned Residential","Residential","$16,000"
"1001","B26002104","CS","5940 Florida Other","819 Casper Yost Street","$17,000","0.2300","","Less Than 1/4 Acre Lot, Less Than 1 Acre","RESIDENTIAL","LEHIGH ACRES","Paved Road","No","","Unimproved Agri/Recreatn/Moblhome","$17,000"
"1001","R11166592","CS","5940 Florida Other","23274 Hemenway Ave","$19,000","","","Less Than 1/4 Acre Lot","RSF3.5","PORT CHARLOTTE SEC 020","City/County Maintained","No","","Unimproved Agri/Recreatn/Moblhome","$19,000"
"1001","A11948584","CS","5940 Florida Other","414 Valleybrook Drive","$15,000","0.2300","","","","PORT LABELLE UNIT 11","","No","Zoned Residential","Residential","$15,000"
"1001","R11114316","CS","5940 Florida Other","523 Sussex Lane","$16,000","0.3000","","1/4 To Less Than 1/2 Acre Lot","RG3","PORT LABELLE UNIT 11","Paved Road, Public Road","No","","Unimproved Agri/Recreatn/Moblhome","$16,000"
"1001","F10540544","CS","5940 Florida Other","10328 S Orange Blossom Boulevard","$15,999","0.2300","10,000","","R1A","Orange Blossom Ccc","","No","Zoned Residential","Unimproved Agri/Recreatn/Moblhome","$15,999"
"1001","A11942374","CS","5940 Florida Other","2507 E 13th ST","$16,000","0.2500","","","","Lehigh Acres","","No","Zoned Residential","Residential","$16,000"
"1001","A11919183","CS","5940 Florida Other","1405 W 14th St","$15,500","0.2500","","","","LEHIGH ACRES","","No","Zoned Residential","Residential","$15,500"
"1001","A11686454","CS","5940 Florida Other","6737 Columbus Blvd","$16,900","0.2300","","","","SUN N LAKE EST OF SEBRING","","No","Zoned Residential","Residential","$16,900"
"1001","R11073883","CS","5940 Florida Other","Tbd Kitty Avenue Unit#11","$16,800","","","","res","INTERLACHEN LAKES ESTATES","","No","","Single","$16,800"
"1001","F10523729","CS","5940 Florida Other","13 Hull Ct","$15,000","0.1720","","Less Than 1/4 Acre Lot","RSF5","ROTONDA SANDS","","No","Zoned Residential","Residential","$15,000"
"1001","A12023664","CS","5940 Florida Other","0 WALPOLE ST","$16,000","0.2400","10,784","","R1","1548 - PORT CHARLOTTE SUB","Legal Access Road, City/County Maintained","No","Zoned Residential","Residential","$16,000"
"1001","R11167389","CS","6372 Brevard County (W of Indian River)","1517 Conistan Street","$10,000","","","Less Than 1/4 Acre Lot","Residential","PORT MALABAR UNIT 53","City/County Maintained","No","","Unimproved Agri/Recreatn/Moblhome","$10,000"
"1001","A11972624","CS","5940 Florida Other","8 Lummus St","$15,000","0.2600","","1/4 To Less Than 1/2 Acre Lot","R1 - RESIDENTIAL LOW","PORT CHARLOTTE SUB 32","Paved Road","No","Zoned Residential","Residential","$15,000"
"1001","R11103108","CS","5940 Florida Other","0 Central Boulevard","$12,750","0.2000","","Less Than 1/4 Acre Lot","RESIDENTIAL","CENTRAL ACRES","County Road","No","","Unimproved Agri/Recreatn/Moblhome","$12,750"
"1001","A12028951","CS","5940 Florida Other","5144 Dewey St","$15,000","0.2500","","Less Than 1/4 Acre Lot","","Senring Lakes","","No","Zoned Residential","Residential","$15,000"
"1001","A11991537","CS","5940 Florida Other","14279 Moonfish Ct","$15,000","0.1800","","","","Rotonda Villas","","Yes","Zoned Residential","Residential","$15,000"
"1001","T20054503","CS","5940 Florida Other","3486 Viking Drive","$7,500","0.2800","","","","","","No","","Single","$7,500"
"1001","A11964144","CS","5940 Florida Other","388 N Macedonia Rd.","$14,000","0.2800","","1/4 To Less Than 1/2 Acre Lot","","Avon Park Lakes","","No","Zoned Residential","Residential","$14,000"
"1001","T20054233","CS","5940 Florida Other","3492 Viking Drive","$7,500","0.2600","","","Resident","","County Road","No","","Single","$7,500"
"1001","R11137321","CS","5940 Florida Other","1731 Charleston Street","$12,000","0.2645","","1/4 To Less Than 1/2 Acre Lot","R1","SYLVAN SHORES EST SEC B","Public Road","No","","Unimproved Agri/Recreatn/Moblhome","$12,000"
"1001","T20052768","CS","5940 Florida Other","TBD Viking Drive","$7,500","0.3100","","","Resident","","","No","","Other","$7,500"
"1001","A11889908","CS","5940 Florida Other","3578 E LOU LANE","$14,000","0.4600","19,916","","","INVERNESS HIGHLANDS","","No","Zoned Residential","Residential","$14,000"
"1001","F10520308","CS","5940 Florida Other","11968 Ronda Drive","$15,000","0.3400","14,810","1/4 To Less Than 1/2 Acre Lot","RSF-5","Rotonda Meadows","Legal Access Road","No","Zoned Residential","Residential","$15,000"
"1001","A11290944","CS","5940 Florida Other","14 Aye Ct","$14,000","0.1800","7,841","Less Than 1/4 Acre Lot","","Rotonda Sands","","No","Zoned Residential","Residential","$14,000"
"1001","A11866266","CS","5940 Florida Other","no street","$9,500","1.2500","","","","Highlands MB","","No","Zoned Residential","Residential","$9,500"
"1001","A11985416","CS","5940 Florida Other","102 Buccaneer Street NW","$14,000","0.2300","10,000","Less Than 1/4 Acre Lot","","PLACID LAKES UNITS 19-25","","No","Zoned Residential","Residential","$14,000"
"1001","A11985404","CS","5940 Florida Other","101 Boeing St Street NW","$14,000","0.2300","10,000","","","PLACID LAKES UNITS 19-25","","No","Zoned Residential","Residential","$14,000"
"1001","A11964569","CS","5940 Florida Other","8377 Mantua Avenue","$14,900","0.2300","","","","SUN N LAKE","","No","Zoned Residential","Residential","$14,900"
"1001","R11117926","CS","5990 Global Outside US","107 Pine Avenue","$14,600","0.2300","","Less Than 1/4 Acre Lot","RES","PARADISE LAKES SUB","","No","","Unimproved Agri/Recreatn/Moblhome","$14,600"
"1001","A11961473","CS","5940 Florida Other","440 GARFIELD AVE NE","$14,500","0.2600","11,375","","","PLACID LAKES SEC 2","","No","Zoned Residential","Residential","$14,500"
"1001","F10520712","CS","5940 Florida Other","1956 W Tanager Road","$22,000","0.2100","9,356","","R1","Avon Park Lakes","","No","Zoned Residential","Unimproved Agri/Recreatn/Moblhome","$22,000"
"1001","F10520704","CS","5940 Florida Other","2918 W Gaffney Road","$14,500","0.2300","10,200","","R1","Apl Red Hill Farms","","No","Zoned Residential","Unimproved Agri/Recreatn/Moblhome","$14,500"
"1001","B26028373","CS","5940 Florida Other","0 Camellia Drive","$12,500","0.5300","","1/2 To Less Than 3/4 Acre Lot, Less Than 1 Acre","RESIDENTIAL","INDIAN LAKE ESTATES UNIT 0","Gravel/Lime Rock Road","No","","Unimproved Agri/Recreatn/Moblhome","$12,500"
"1001","R11138330","CS","5940 Florida Other","108 Richmond Street","$11,800","0.4100","","1/4 To Less Than 1/2 Acre Lot","Residential","ST JOHNS RIVERSIDE ESTATES","","No","","","$11,800"
"1001","A11851876","CS","5940 Florida Other","0 COLDROCK DR","$12,000","0.5000","","1/4 To Less Than 1/2 Acre Lot","Residential","RIDGE MANOR ESTATES","","No","Zoned Residential","Residential","$12,000"
"1001","A11831182","CS","5940 Florida Other","24 Highlands Lake","$12,000","0.2600","","","R1","Highlands Park SE","","No","Zoned Residential","Residential","$12,000"
"1001","B26016216","CS","5940 Florida Other","0 Camellia Drive","$12,500","0.5300","","1/2 To Less Than 3/4 Acre Lot, Less Than 1 Acre","RESIDENTIAL","INDIAN LAKE ESTATES UNIT 0","Gravel/Lime Rock Road","No","","Unimproved Agri/Recreatn/Moblhome","$12,500"
"1001","A11584143","CS","5940 Florida Other","27289 Mandalay Dr","$13,000","0.1700","","","","Tropical Gulf Acres","","No","Zoned Residential","Residential","$13,000"
"1001","R11075656","CS","5940 Florida Other","Tbd Walker Drive","$13,800","0.7700","","1/2 To Less Than 3/4 Acre Lot","res","INTERLACHEN LAKES ESTATES","","No","","Unimproved Agri/Recreatn/Moblhome","$13,800"
"1001","R11126031","CS","5940 Florida Other","0 NE 1st Terrace","$13,000","0.1700","","Less Than 1/4 Acre Lot","Res","Orange Blossom Ranches","County Road, Public Road","No","","Unimproved Agri/Recreatn/Moblhome","$13,000"
"1001","R11119636","CS","5940 Florida Other","Lot 7 Merced Street","$13,000","","","1/4 To Less Than 1/2 Acre Lot","R1","1570 - PORT CHARLOTTE SUB ","City/County Maintained, Paved Road, Public Road","No","","Unimproved Agri/Recreatn/Moblhome","$13,000"
"1001","R11102024","CS","5940 Florida Other","0 Valencia Drive","$12,500","0.5004","","1/2 To Less Than 3/4 Acre Lot","Res.","INDIAN LAKE ESTATES UNIT 0","","No","","Unimproved Agri/Recreatn/Moblhome","$12,500"
"1001","R11100426","CS","5940 Florida Other","Tbd Magnolia Lane","$13,400","","","1 To Less Than 2 Acre Lot","RES","COMPASS LAKE HILLS","","No","","Unimproved Agri/Recreatn/Moblhome","$13,400"
"1001","A11962960","CS","5940 Florida Other","425 Fawnwood","$11,000","10,565.0000","","","","SUNN LAKES","","No","Zoned Residential","Other","$11,000"
"1001","R11158093","CS","5940 Florida Other","000 Tbd","$10,000","","","Less Than 1/4 Acre Lot","Residential","SILVER SPRINGS SHORES","Private Road","No","","Unimproved Agri/Recreatn/Moblhome","$10,000"
"1001","R11158078","CS","5940 Florida Other","000 No Situs","$10,000","0.2400","","Less Than 1/4 Acre Lot","Residential","SILVER SPRINGS SHORES","Private Road","No","","Unimproved Agri/Recreatn/Moblhome","$10,000"
"1001","A11934345","CS","5940 Florida Other","0 Guzman Ave","$12,000","1.2500","","","","FLAGLER ESTATES UR SUBD","","No","Zoned Residential","Residential","$12,000"
"1001","R11120607","CS","5940 Florida Other","Tbd NW 52nd Avenue","$9,500","","","Less Than 1/4 Acre Lot","Single Family","Ocala Ridge Unit 7","","No","","Unimproved Agri/Recreatn/Moblhome","$9,500"
"1001","A11963288","CS","5940 Florida Other","26224 Deer Rd","$12,500","0.1837","8,000","Less Than 1/4 Acre Lot","RSF5/RESIDENTIAL-SIN","SOUTH PUNTA GORDA HGTS","Other Road","No","Boat Dock or Dockominium","Other","$12,500"
"1001","R11062573","CS","5940 Florida Other","204 Glasgow Street","$11,500","0.4600","","1/4 To Less Than 1/2 Acre Lot","RES","INTERLACHEN LAKES ESTATES","","No","","Unimproved Agri/Recreatn/Moblhome","$11,500"
"1001","R11090992","CS","5940 Florida Other","178 Millican Road","$12,200","0.2600","","1/4 To Less Than 1/2 Acre Lot","RES","RIO DE ST JOHNS","","No","","Unimproved Agri/Recreatn/Moblhome","$12,200"
"1001","F10540538","CS","5940 Florida Other","0 County Rd 54","$12,500","1.2500","56,192","1 To Less Than 2 Acre Lot","RDA","Rancho Bonito RB79","","No","Zoned Residential","Unimproved Agri/Recreatn/Moblhome","$12,500"
"1001","A11927965","CS","5940 Florida Other","2707 N Seneca Dr","$9,500","0.2500","","","","Avon Park Lakes","","No","Zoned Residential","Residential","$9,500"
"1001","F10539214","CS","5940 Florida Other","0 Old Grade Road","$12,500","1.0000","43,560","1 To Less Than 2 Acre Lot","Corex","Opp176 Orlando Pines","","No","Zoned Residential","Unimproved Agri/Recreatn/Moblhome","$12,500"
"1001","F10522727","CS","5940 Florida Other","0 Akron Street","$12,500","0.2200","9,583","","R2","Lake Lucy Village","","No","Zoned Residential","Unimproved Agri/Recreatn/Moblhome","$12,500"
"1001","F10521056","CS","5940 Florida Other","127 Sharon Drive","$12,500","0.3200","13,939","1/2 To Less Than 3/4 Acre Lot","","St. John’s Riverside Estat","","No","Zoned Residential","Unimproved Agri/Recreatn/Moblhome","$12,500"
"1001","R11102536","CS","5940 Florida Other","0 State Rd 60","$12,750","0.2100","","Less Than 1/4 Acre Lot","RESIDENTIAL","CENTRAL ACRES","County Road","No","","Unimproved Agri/Recreatn/Moblhome","$12,750"
"1001","R11109182","CS","5940 Florida Other","Tbd Holly Springs","$12,300","1.2900","","1 To Less Than 2 Acre Lot, Corner Lot","RES","COMPASS LAKE HILLS","","No","","Unimproved Agri/Recreatn/Moblhome","$12,300"
"1001","A11962864","CS","5940 Florida Other","0 DUNFORD CIR","$12,000","0.9200","39,900","","","PARADISE LAKES","","No","Zoned Residential","Residential","$12,000"
"1001","F10540435","CS","5940 Florida Other","1 Sarasota Drive","$10,000","0.5213","","1/2 To Less Than 3/4 Acre Lot","","Indian Lake Estates","","No","Zoned Residential","Unimproved Agri/Recreatn/Moblhome","$10,000"
"1001","F10538960","CS","5940 Florida Other","1 Key West Drive","$10,000","0.5000","21,797","1/2 To Less Than 3/4 Acre Lot, Less Than 1 Acre","pud","Indian Lake Estates","Private Road","No","Zoned Residential","Unimproved Agri/Recreatn/Moblhome","$10,000"
"1001","R11108187","CS","5940 Florida Other","2013 Andros Street","$5,100","","","Less Than 1/4 Acre Lot","R1A","ORANGE BLOSSOM EST UNIT 1","City/County Maintained","No","","Single","$5,100"
"1001","A11310492","CS","5940 Florida Other","14294 Moonfish Ct","$11,500","0.1800","7,800","Less Than 1/4 Acre Lot","","Rotonda Villas","","No","Zoned Residential","Residential","$11,500"
"1001","T20054128","CS","7070","1211 N 16th CT","$10,500","0.0592","","","","","","No","","Single","$10,500"
"1001","R11159099","CS","7070","1211 N 16th Court","$10,500","0.0592","","Less Than 1/4 Acre Lot, Less Than 1 Acre, West Of US 1","Medium","HIGHLAND PARK SUBDIVISION","City/County Maintained","No","","Unimproved Agri/Recreatn/Moblhome","$10,500"
"1001","A11631313","CS","5940 Florida Other","NEW PORT RICHEY HELENA ST","$10,000","0.1945","","","","MOON LAKE ESTATES","","No","Zoned Residential","Residential","$10,000"
"1001","R11090997","CS","5940 Florida Other","182 Millican Road","$10,900","0.2600","","","RES","RIO DE ST JOHNS","","No","","Single","$10,900"
"1001","R11090996","CS","5940 Florida Other","180 Millican Road","$12,200","0.2600","","1/4 To Less Than 1/2 Acre Lot","RES","RIO DE ST JOHNS","","No","","Unimproved Agri/Recreatn/Moblhome","$12,200"
"1001","A11934269","CS","5940 Florida Other","0 Southwest 2nd Place","$10,000","0.2600","","","","RAINBOW PARK UNIT 8","","No","Zoned Residential","Residential","$10,000"
"1001","A11902929","CS","5940 Florida Other","433 CLAREMONT AVE","$10,000","0.3000","","Less Than 1/4 Acre Lot","","PLACID LAKES","","No","Zoned Residential","Other","$10,000"
"1001","F10492651","CS","5940 Florida Other","Lot 5 BLK 341 Blk 341 Palm Beach Drive","$9,800","0.5000","21,800","1/2 To Less Than 3/4 Acre Lot","","Indian Lake Estates","Private Road","No","Zoned Residential","Unimproved Agri/Recreatn/Moblhome","$9,800"
"1001","R11100189","CS","5940 Florida Other","512 Dogwood Avenue","$9,000","0.2300","","Less Than 1/4 Acre Lot","R2","PARADISE LAKES SUB","","No","","Single","$9,000"
"1001","B26003913","CS","5940 Florida Other","6280 Bowdoin Avenue","$8,000","0.3400","","1/4 To Less Than 1/2 Acre Lot, Less Than 1 Acre","00","HIGHRIDGE ESTATES","Gravel/Lime Rock Road","No","","Unimproved Agri/Recreatn/Moblhome","$8,000"
"1001","A11927088","CS","5940 Florida Other","3517 Green Acre Way","$20,000","0.2571","11,200","","","BUCHANANS GREEN ACRES","","No","Zoned Residential","Other","$20,000"
"1001","R11137259","CS","5940 Florida Other","234 1st Way","$9,000","0.1100","","Less Than 1/4 Acre Lot","Residential","OAK RIDGE PARK","Paved Road","No","","Unimproved Agri/Recreatn/Moblhome","$9,000"
"1001","R11137258","CS","5940 Florida Other","232 1st Way","$9,000","0.1100","","Less Than 1/4 Acre Lot","Residential","OAK RIDGE PARK","Gravel/Lime Rock Road, Paved Road","No","","Unimproved Agri/Recreatn/Moblhome","$9,000"
"1001","A11903682","CS","5940 Florida Other","MOMENCE CT-Alford MOMENCE CT","$9,000","1.5180","","","","COMPASS LAKE HILLS","","No","Zoned Residential","Residential","$9,000"
"1001","R11121869","CS","5940 Florida Other","3362 Rhododendron Road","$9,400","","","","R1","LEISURE LAKES SEC 17","Public Road","No","","Single","$9,400"
"1001","A11703575","CS","5940 Florida Other","0 Red Plum Ln","$9,000","1.0310","","","","OAKWOOD HILLS 11","","Yes","Zoned Residential","Residential","$9,000"
"1001","R11152436","CS","5940 Florida Other","00 Riverside Trail","$7,999","","","Less Than 1/4 Acre Lot","R2","HOOT OWL","","No","","Unimproved Agri/Recreatn/Moblhome","$7,999"
"1001","R11152425","CS","5940 Florida Other","1256 Kumquat Street","$9,999","0.2296","","Less Than 1/4 Acre Lot","R1","LEISURE LAKES SEC 07","","No","","Unimproved Agri/Recreatn/Moblhome","$9,999"
"1001","F10524611","CS","","15893 NW 302nd St","$9,500","1.3100","65,340","","","The Prairie","","No","Zoned Residential","Other","$9,500"
"1001","A11996203","CS","5940 Florida Other","11147 W State Park ST","$9,088","0.5956","","","","CRYSTAL LAKE","","No","Zoned Residential","Residential","$9,088"
"1001","A11954227","CS","5940 Florida Other","unnumbered Ocean Street","$9,000","7,405.0000","","","","Palatka","","No","Zoned Residential","Residential","$9,000"
"1001","A11808171","CS","5940 Florida Other","2221 NW 12th St","$9,000","0.1100","5,009","","Residential","Cape Coral","","No","Zoned Residential","Residential","$9,000"
"1001","A11854005","CS","5940 Florida Other","105 Colebrook Ave","$8,000","0.2300","10,000","Less Than 1/4 Acre Lot","R1","SUN N LAKES L.P. EAST SIDE","","No","Zoned Residential","Residential","$8,000"
"1001","A11813059","CS","5940 Florida Other","1401 RUTLEDGE AVE","$7,250","0.2583","","","","HIGHLANDS PARK EST SEC J","","No","Zoned Residential","Residential","$7,250"
"1001","A11813041","CS","5940 Florida Other","1403 RUTLEDGE","$7,250","0.2583","","","","HIGHLANDS PARK EST SEC J","","No","Zoned Residential","Residential","$7,250"
"1001","R11117928","CS","5990 Global Outside US","0 Hickory Nut Trail Trail","$7,000","0.2800","","1/4 To Less Than 1/2 Acre Lot","res","ST JOHNS RIVERSIDE ESTATES","","No","","Unimproved Agri/Recreatn/Moblhome","$7,000"
"1001","A11838986","CS","5940 Florida Other","0 McCALL ST","$7,000","0.3100","13,397","","","INTERLACHEN LAKES ESTATES","","No","Zoned Residential","Residential","$7,000"
"1001","R11109223","CS","5940 Florida Other","512 Oakcrest Drive","$8,100","0.2500","","1/4 To Less Than 1/2 Acre Lot","RES","INTERLACHEN VILLAS","","No","","Unimproved Agri/Recreatn/Moblhome","$8,100"
"1001","A11894551","CS","5940 Florida Other","0 NE 62ND ST","$7,000","0.2300","10,019","","","OAK RIDGE ESTATES","","No","Zoned Residential","Residential","$7,000"
"1001","R11108190","CS","5940 Florida Other","499 Devotion Drive","$6,500","","","Less Than 1/4 Acre Lot","R1","SUN N LK LP UNIT 17","City/County Maintained","No","","Single","$6,500"
"1001","A11839033","CS","5940 Florida Other","109 RANDALL DR","$8,000","0.2300","10,019","","","ST JOHNS RIVERSIDE ESTATES","","No","Zoned Residential","Residential","$8,000"
"1001","A11838957","CS","5940 Florida Other","0 McCALL ST","$7,000","0.2300","10,125","","R-2","INTERLACHEN LAKES ESTATES","","No","Zoned Residential","Residential","$7,000"
"1001","R11103522","CS","5940 Florida Other","3024 Valerie Boulevard","$5,000","0.2600","","","R1","SEBRING RIDGE SEC A","City/County Maintained, Paved Road, Public Road","No","","Single","$5,000"
"1001","A11881244","CS","5940 Florida Other","117 E M L KING JR BLVD","$7,000","0.2400","10,411","","","UNKNOWN","","No","Zoned Residential","Residential","$7,000"
"1001","A11922031","CS","31","4 No Address","$2,700","0.0310","1,361","","¤0100","FLAMINGO VILLAGE RESUB","","No","Zoned Residential","Residential","$2,700"
"1001","A11935849","CS","5940 Florida Other","XXX Broadway Ave","$5,000","0.4200","","","","Lehigh","","No","Zoned Residential","Residential","$5,000"
"1001","A11888349","CS","5940 Florida Other","Lot 4 NE 156th Ct","$7,000","0.2300","10,019","Less Than 1/4 Acre Lot","Res","WILLISTON HIGHLANDS GOLF &","Legal Access Road, City/County Maintained, Public Road","No","Zoned Residential","Residential","$7,000"
"1001","A11888309","CS","5940 Florida Other","Lot 11 NE 155th Ter","$7,000","0.2300","10,019","Less Than 1/4 Acre Lot","Res","WILLISTON HIGHLANDS GOLF &","Legal Access Road, City/County Maintained, Public Road","No","Zoned Residential","Residential","$7,000"
"1001","F10515855","CS","5940 Florida Other","118 N Carolina Dr","$7,000","0.4600","20,038","","","ST JOHNS RIVERSIDE ESTATE","","No","Zoned Residential","Residential","$7,000"
"1001","A11971236","CS","5940 Florida Other","0 KUDER RANCH RD","$6,000","1.2200","","","","DEVONWOOD","","No","Zoned Residential","Residential","$6,000"
"1001","F10506177","CS","5940 Florida Other","112 Hickory Circle","$6,000","0.3500","","","","INTERLACHEN LAKES ESTATES","","No","Zoned Residential","Unimproved Agri/Recreatn/Moblhome","$6,000"
"1001","R11142344","CS","5940 Florida Other","243 Iowa Avenue","$5,900","0.2100","","Less Than 1/4 Acre Lot","R-2","COOPER LAKE ESTATES","","No","","Single","$5,900"
"1001","R11109201","CS","5940 Florida Other","206 Wales Street","$5,000","0.2300","","Less Than 1/4 Acre Lot","R-2","INTERLACHEN LAKES ESTATES","","No","","Unimproved Agri/Recreatn/Moblhome","$5,000"
"1001","A11978620","CS","5940 Florida Other","N/A N/A","$4,500","1.1000","","","","N/A","","No","Zoned Residential","Residential","$4,500"
"1001","A11935874","CS","5940 Florida Other","1203 E 4TH ST","$4,900","0.3500","","","","Lehigh Acres","","Yes","Zoned Residential","Residential","$4,900"
"1001","A11922017","CS","59","2 No Address","$4,500","0.0110","479","","¤0101","ARISTOTLE SUB PHASE I","","No","Zoned Residential","Residential","$4,500"
"1001","F10544353","CS","5940 Florida Other","0 Holopaw Groves Road","$4,500","0.1500","6,534","Less Than 1/4 Acre Lot","Rural","HP215 HOLOPAW","","No","Zoned Residential","Unimproved Agri/Recreatn/Moblhome","$4,500"
"1001","A11970045","CS","50","6200 SW 152nd St","$3,400","0.0300","","Less Than 1/4 Acre Lot","¤6200","ROYAL HRB YACHT CL MARINA","Other Road","Yes","Boat Dock or Dockominium","Other","$3,400"
"1001","A11961139","CS","22","3575 Mystic Pointe Dr, Slip 45","$1,600","0.0000","","Less Than 1/4 Acre Lot","¤5000","MYSTIC POINTE MARINA COND","Public Road","Yes","Boat Dock or Dockominium","Dockominium","$1,600"
"1001","R11072349","CS","5100","3232 Casseekey Island Road","$2,000","0.0021","","1/4 To Less Than 1/2 Acre Lot","","CASSEEKEY ISLAND DOCK COND","","Yes","","","$2,000"
"1001","A11995558","CS","12","3575 Mystic Pointe Dr, 118","$1,150","0.0000","","Less Than 1/4 Acre Lot","¤5000","MYSTIC POINTE MARINA COND","Legal Access Road","Yes","Boat Dock or Dockominium","Dockominium","$1,150"
"1001","R11125745","CS","4180","7432 NE Orchid Bay Terrace","$1,200","0.0021","","1/4 To Less Than 1/2 Acre Lot","","BOCA BAY COLONY","","Yes","","","$1,200"
"1001","A11922009","CS","21","1 No Address","$100","0.0070","300","","¤5700","ARCH CREEKS ESTATES","","No","Zoned Residential","Residential","$100"
"1001","A11922024","CS","30","3 No Address","$700","0.0030","137","","¤5700","SMITH TERRACE","","No","Zoned Residential","Residential","$700"
"1001","R11162067","CS","7040","Tbd Kenwood Road","$800","0.3600","","1/2 To Less Than 3/4 Acre Lot, Corner Lot","RS-4Co","LAKEWOOD PARK UNIT 10","County Road, Paved Road, Public Road","No","","Unimproved Agri/Recreatn/Moblhome","$800"
"1001","A11914862","CS","3280","76 Isle Of Venice Dr, DOCK","$500","0.0000","","East Of US 1","¤RMM-25","76 ISLE OF VENICE CO-OP","City/County Maintained, Paved Road","Yes","Boat Dock or Dockominium","Residential","$500"
"1001","A12003006","CS","32","8425 Crespi Blvd","$250","1.0000","12,650","Less Than 1/4 Acre Lot","¤3900","BISCAYNE BCH SUB","Other Road","Yes","Boat Dock or Dockominium","Dockominium","$250"
"1001","A11987591","PS","42","93 Palm Ave","$23,500,000","0.0000","30,000","","¤2200","PALM ISLAND","","Yes","Zoned Residential","Residential",""
"1001","A10760403","PS","32","1255 WEST AV","$19,900,000","0.3300","17,250","1/4 To Less Than 1/2 Acre Lot","40/MUL M","Miami Beach","City/County Maintained","No","Zoned Multifamily","Residential",""
"1001","A11961506","PS","3112","1105 Hillsboro Mile","$17,000,000","0.9600","","3/4 To Less Than 1 Acre Lot","","HILLSBORO MILE","","Yes","Zoned Residential","Residential",""
"1001","B26003619","PS","5001","240 Tangier Avenue","$12,500,000","0.3900","","1/4 To Less Than 1/2 Acre Lot, Less Than 1 Acre, Oversized Lot","R-B (city)","TANGIER EST","Paved Road","No","","Unimproved Agri/Recreatn/Moblhome",""
"1001","A11807918","PS","98 Florida Keys","721 W Ocean Dr","$9,198,000","2.0000","","4 To Less Than 5 Acre Lot","is","Stevens Sub","","Yes","Zoned Residential","Residential",""
"1001","B26034052","PS","5940 Florida Other","1331 Ponte Vedra Boulevard","$7,000,000","1.4800","","1 To Less Than 2 Acre Lot, East Of US 1, Oversized Lot","Vac Res (0000)","N/A","City/County Maintained, Paved Road","Yes","","Unimproved Agri/Recreatn/Moblhome",""
"1001","R10962548","PS","6311 Indian River – Beach City","1746 Ocean Drive","$6,995,000","0.9900","","1/2 To Less Than 3/4 Acre Lot","R-1AA","RIOMAR SUBDIVISION PLAT NO","Paved Road","Yes","","Unimproved Agri/Recreatn/Moblhome",""
"1001","B26048911","PS","3170","2552 Mercedes Drive","$5,960,000","0.3000","","1/4 To Less Than 1/2 Acre Lot, Less Than 1 Acre","RS-4.4","HARBOR BEACH","","Yes","","Unimproved Agri/Recreatn/Moblhome",""
"1001","A11850551","PS","22","10201 E Broadview Dr","$5,900,000","0.2600","11,250","1/4 To Less Than 1/2 Acre Lot","¤0100","BAY HARBOR ISLAND","","Yes","Zoned Residential","Residential",""
"1001","A11996482","PS","3160","1651 N Ft Lauderdale Beach Blvd","$5,900,000","0.3500","8,925","","¤RS-8","LAS OLAS BY THE SEA EXT","","Yes","Zoned Residential","Residential",""
"1001","A12042652","PS","41","5110 SW 80th St","$5,300,000","0.8900","38,804","","¤2300","KINGSLEYS SUB","","No","Zoned Residential","Residential",""
"1001","A11985831","PS","32","1095 NE 83rd St","$4,999,900","0.5460","23,794","1/2 To Less Than 3/4 Acre Lot","¤0100","ADEMAR PARK AMD PL","Public Road","Yes","Zoned Residential","Residential",""
"1001","R11117637","PS","5790","8946 Sea Chase Drive","$4,999,000","10.0000","","5 To Less Than 10 Acre Lot","RS","PALM BEACH FARMS CO PL NO ","Private Road","Yes","","",""
"1001","B26048910","PS","3280","26 Pelican Drive","$4,950,000","0.3000","","1/4 To Less Than 1/2 Acre Lot, Less Than 1 Acre","RS-4.4","PELICAN ISLE","","Yes","","Unimproved Agri/Recreatn/Moblhome",""
"1001","B26005686","PS","3240","71 Bay Colony Drive","$4,500,000","0.3200","","1/4 To Less Than 1/2 Acre Lot, Less Than 1 Acre","RS-4.4","Bay Colony","Paved Road, Private Road","Yes","","Unimproved Agri/Recreatn/Moblhome",""
"1001","F10528750","PS","3200","14390 Mustang Trail","$4,449,000","4.6899","204,296","4 To Less Than 5 Acre Lot, Interior Lot","RR","SUNSHINE RANCHES","Paved Road","Yes","Zoned Residential","Unimproved Agri/Recreatn/Moblhome",""
"1001","A11832619","PS","32","2121 Regatta Ave","$3,999,000","0.1653","7,200","Less Than 1/4 Acre Lot","¤0100","SUNSET ISLANDS - ISLAND N","","No","Zoned Residential","Residential",""
"1001","A12018875","PS","3030","1051 S Southlake Dr","$3,999,000","0.4000","17,552","","¤RS-9","HOLLYWOOD LAKES SECTION","","Yes","Zoned Residential","Residential",""
"1001","B26026965","PS","5440","333 Murray Road","$3,995,000","0.2900","","1/4 To Less Than 1/2 Acre Lot, Less Than 1 Acre","SF14 (city)","LAKEWOOD","Paved Road","No","","Unimproved Agri/Recreatn/Moblhome",""
"1001","A11982658","PS","32","5215 Biscayne Blvd","$3,800,000","13,970.0000","13,970","","¤4801","BAYSHORE PLAZA UNIT NO 2","","No","Zoned Multifamily","Residential",""
"1001","A11995755","PS","49","6375 SW 125th Ave","$3,750,000","4.3200","188,179","4 To Less Than 5 Acre Lot","¤8900","0","","No","Zoned Residential","Residential",""
"1001","B26017902","PS","5440","260 E Lakewood Road","$3,750,000","0.2796","","1/4 To Less Than 1/2 Acre Lot, Corner Lot, Less Than 1 Acre","SF14 (city)","LAKEWOOD","City/County Maintained, Paved Road","No","","Unimproved Agri/Recreatn/Moblhome",""
"1001","R11159543","PS","4120","25 Sabal Island Drive","$3,595,000","0.3209","","1/4 To Less Than 1/2 Acre Lot, Less Than 1 Acre","RSF","MCCORMICK MILE","City/County Maintained","Yes","","Unimproved Agri/Recreatn/Moblhome",""
"1001","T20044896","PS","6341 Indian River – Southeast County","605 9th Street","$3,200,000","10.0000","","","Commerci","","","No","","Other",""
"1001","A12005995","PS","32","1051 NE 83rd St","$2,950,000","0.3400","14,744","1/4 To Less Than 1/2 Acre Lot","¤0100","ADEMAR PARK AMD PL","","Yes","Zoned Residential","Residential",""
"1001","R11092953","PS","5100","18189 49th Terrace","$2,900,000","0.4300","","1/4 To Less Than 1/2 Acre Lot, West Of US 1","RES","Loxahatchee River","Paved Road","Yes","","Unimproved Agri/Recreatn/Moblhome",""
"1001","A11995336","PS","41","1630 S Bayshore Dr","$2,500,000","0.2070","9,036","Less Than 1/4 Acre Lot","¤0100","GLENCOE A SUB","","No","Zoned Residential","Residential",""
"1001","A12014500","PS","32","1101 NE 83rd","$2,450,000","0.2893","","Less Than 1/4 Acre Lot","0100/SINGLE FAMILY","BAYSHORE ESTATES","Paved Road","Yes","Zoned Residential","Residential",""
"1001","A12014113","PS","32","1121 NE 83rd st","$2,450,000","0.2893","","Less Than 1/4 Acre Lot","","BAYSHORE ESTATES","City/County Maintained","Yes","Zoned Residential","Residential",""
"1001","A12014045","PS","32","1131 NE 83rd","$2,450,000","0.2893","","","","BAYSHORE ESTATES","","Yes","Zoned Residential","Residential",""
"1001","A11771596","PS","41","2960 Whitehead Street","$2,400,000","0.2204","9,600","1/4 To Less Than 1/2 Acre Lot, East Of US 1, Oversized Lot","¤5700","MUNDYS","Paved Road","No","Zoned Duplex","Residential",""
"1001","A11896675","PS","3880","2045 SW 127th Ave","$2,250,000","4.4500","233,727","4 To Less Than 5 Acre Lot","¤A-1","FLAMINGO GROVES","","No","Zoned Residential","Residential",""
"1001","R10896148","PS","5440","6508 Washington Road","$2,050,000","0.2640","","1/4 To Less Than 1/2 Acre Lot","SF7(ci","GLADEPORT TRS E THRU H","City/County Maintained","No","","Unimproved Agri/Recreatn/Moblhome",""
"1001","T20051759","PS","6050","36 S Sewalls Point Road","$2,000,000","0.9740","","","resident","","","Yes","","Single",""
"1001","A12029300","PS","40","7931 SW 59th Ave","$1,950,000","0.2900","12,800","1/4 To Less Than 1/2 Acre Lot","¤0800","DAVIS HIGHLANDS","","No","Zoned Residential","Residential",""
"1001","B26010520","PS","6120","1500 SE Cove Road","$1,950,000","2.3800","","2 To Less Than 3 Acre Lot, Corner Lot","RES M A-1 FARMS","WACO FIELD PLACE","County Road, City/County Maintained, Paved Road, Private Road","No","","Unimproved Agri/Recreatn/Moblhome",""
"1001","F10548066","PS","3600","1104 S Rio Vista Boulevard","$1,850,000","0.1800","8,014","Less Than 1/4 Acre Lot","RS-8","Rio Vista Isles","","Yes","Zoned Residential","Unimproved Agri/Recreatn/Moblhome",""
"1001","B26036846","PS","4260","498 NE 14th Street","$1,650,000","0.2273","","Less Than 1/4 Acre Lot, Less Than 1 Acre","R1D (city)","WHISEM UNIT B","Other Road","No","","Unimproved Agri/Recreatn/Moblhome",""
"1001","A11974147","PS","28","19401 SW 264th St","$1,600,000","5.0000","217,800","","¤9000","X","","No","Zoned Residential","Residential",""
"1001","A11885564","PS","31","181 NW 41st St","$1,500,000","0.3300","14,400","","¤4801","BUENA VISTA HEIGHTS ADDN","","No","Zoned Multifamily","Residential",""
"1001","A12039764","PS","50","15701 SW 187th Ave","$1,500,000","5.4800","238,709","","¤8900","REDLAND","","No","Zoned Residential","Residential",""
"1001","T20052196","PS","7110","8605 Indian River Drive","$1,500,000","7.6600","","","","","","Yes","","Single",""
"1001","B26046880","PS","5440","325 Franklin Road","$1,495,000","0.2525","","1/4 To Less Than 1/2 Acre Lot, Less Than 1 Acre","SF7 (city)","BROADMOOR","","No","","Unimproved Agri/Recreatn/Moblhome",""
"1001","R11055858","PS","5520","3530 Aiken Ct Court","$1,350,000","2.7400","","2 To Less Than 3 Acre Lot, Cul-De-Sac Lot","PUD—PLANNED UNI","SOUTHFIELDS PHASE I WELLIN","Paved Road, Public Road","No","","Unimproved Agri/Recreatn/Moblhome",""
"1001","A11842355","PS","5940 Florida Other","1432 SILVER LAKE RD","$1,290,000","60.0000","2,613,600","","","MUSE","","No","Zoned Residential","Residential",""
"1001","A12015572","PS","31","5001 NW 1st Ave","$1,200,000","0.2000","8,618","Less Than 1/4 Acre Lot","¤0104","RAILWAY SHOPS ADDN 2ND AM","City/County Maintained","No","Zoned Residential","Residential",""
"1001","B26032974","PS","5290","5811 Carry Back Road","$990,000","1.0000","","1 To Less Than 2 Acre Lot, Cul-De-Sac Lot","RE (city)","STEEPLECHASE","Paved Road","No","","Unimproved Agri/Recreatn/Moblhome",""
"1001","A12031761","PS","78","19922 SW 304th Street","$895,000","4.3700","190,357","4 To Less Than 5 Acre Lot, West Of US 1","¤9000","None","City/County Maintained, Paved Road, Public Road","No","Zoned Residential","Residential",""
"1001","R11156383","PS","5040","9538 171st Street","$874,995","3.0900","","3 To Less Than 4 Acre Lot, Oversized Lot","SA","Jupiter Farms","Gravel/Lime Rock Road, Private Road","No","","",""
"1001","A11853648","PS","98 Florida Keys","0 Lan Dominica Ln","$789,900","0.1860","3,000","","¤is","BREEZESWEPT BEACH ESTS","","Yes","Zoned Residential","Residential",""
"1001","A11989241","PS","58","xxxxx SW 184 st","$774,999","5.0000","205,429","5 To Less Than 10 Acre Lot","¤8900","Redlands","Legal Access Road, Public Road","Yes","Zoned Residential","Residential",""
"1001","R11130576","PS","5200","1320 Tidal Pointe Boulevard","$725,000","13.3779","","10 Or More Acre Lot","R2 (city)","BLUFFS MARINA CONDO","","Yes","","",""
"1001","R11071458","PS","6311 Indian River – Beach City","706 Flamevine Lane","$710,000","0.2800","","1/4 To Less Than 1/2 Acre Lot, Corner Lot","Residential","Woodhaven Manor","City/County Maintained, Paved Road, Public Road","No","","Unimproved Agri/Recreatn/Moblhome",""
"1001","A11929485","PS","31","158 NW 39th St","$700,000","0.1100","5,000","","¤0104","PRINCESS PARK","","No","Zoned Residential","Residential",""
"1001","B26026502","PS","5600","706 N Palmway B","$695,000","0.1550","","Less Than 1/4 Acre Lot, East Of US 1, Less Than 1 Acre","SF-R (city)","LAKE WORTH TOWN OF","Paved Road","No","","Unimproved Agri/Recreatn/Moblhome",""
"1001","A12035976","PS","31","329 NW 48th St","$679,000","0.2000","7,200","","¤0104","BUENA VISTA HEIGHTS EXTEN","","No","Zoned Residential","Residential",""
"1001","R11161868","PS","5590","3852 161st Terrace","$675,000","5.2700","","3 To Less Than 4 Acre Lot, 4 To Less Than 5 Acre Lot, 5 To Less Than 10 Acre Lot","AR5","Loxahatchee Groves","City/County Maintained, Paved Road","Yes","","",""
"1001","A12024586","PS","3880","0000 SW 139th Ave","$650,000","1.0000","43,560","","¤R-1","PARADISE FARMS","Public Road","No","Zoned Residential","Residential",""
"1001","A11927675","PS","31","5575 NE 3rd Ave","$595,000","0.0700","3,050","","¤5700","DIXIE HIGHWAY TRACK","","No","Zoned Duplex","Residential",""
"1001","A11752543","PS","31","104 NW 59th St","$550,000","7,800.0000","7,800","Less Than 1/4 Acre Lot","¤4600","HIGH SCHOOL PK TRACK","","No","Zoned Residential","Residential",""
"1001","A12006343","PS","5940 Florida Other","5219 SKYLART CT","$540,000","0.2300","10,149","1/4 To Less Than 1/2 Acre Lot","","CAPE CORAL","City/County Maintained","Yes","Zoned Residential","Residential",""
"1001","R11147852","PS","5940 Florida Other","7805 21st Street","$498,000","10.0000","","5 To Less Than 10 Acre Lot","A-2","INDIAN RIVER FARMS COMPANY","Private Road","No","","",""
"1001","R11157964","PS","6100","3150 SW Briarbrook Way","$479,900","5.0400","","3 To Less Than 4 Acre Lot, 4 To Less Than 5 Acre Lot, 5 To Less Than 10 Acre Lot, West Of US 1","RES","FOX GROVE (AKA MEADOW RUN)","Paved Road, Private Road","Yes","","Unimproved Agri/Recreatn/Moblhome",""
"1001","A11937577","PS","5940 Florida Other","6250 Masters Landing","$475,000","16.5000","","10 Or More Acre Lot","ag2","Master Landings","","Yes","Zoned Residential","Other",""
"1001","A11840081","PS","68","240 ST SW 213 PL","$470,000","1.2500","55,321","1 To Less Than 2 Acre Lot, Corner Lot, West Of US 1","¤8900","Bonanza Villas Park","Legal Access Road, City/County Maintained, Paved Road","No","Zoned Residential","Residential",""
"1001","A12040731","PS","3370","1128 NE 2nd Ave","$425,000","0.2325","10,129","","¤RD-15","PROGRESSO","","No","Zoned Residential","Residential",""
"1001","R11137855","PS","6352 Sebastian County","5270 94th Lane","$400,000","0.3400","","1/4 To Less Than 1/2 Acre Lot, East Of US 1","RM-6","DURRANCE DEVELOPMENT","","Yes","","Unimproved Agri/Recreatn/Moblhome",""
"1001","B26046823","PS","5730","4401 S Haverhill Road","$399,900","0.9100","","1/2 To Less Than 3/4 Acre Lot, Less Than 1 Acre","AR","unincorporated","Paved Road","Yes","","",""
"1001","A11933069","PS","69","19425 SW 127 CT","$399,000","0.3600","","1/4 To Less Than 1/2 Acre Lot","¤2100","TROPICO ESTATES","Paved Road","No","Zoned Residential","Residential",""
"1501","R11154586","PS","5420","500 48th Street","$395,000","0.1200","","Less Than 1/4 Acre Lot","SF7-C4—HIST.","NORTH PALM BEACH PL 1","City/County Maintained","No","","Unimproved Agri/Recreatn/Moblhome",""
"1501","A11816360","PS","12","3601 NE 207th St #N41","$380,000","0.0000","","Less Than 1/4 Acre Lot","¤8900","WATERWAYS MARINA CONDO","Legal Access Road","Yes","Boat Dock or Dockominium","Dockominium",""
"1501","A12036358","PS","58","21151 SW 160","$380,000","1.7700","77,101","","¤8900","0","","No","Zoned Residential","Other",""
"1501","R11144812","PS","7220","158 SE Rio Angelica","$369,000","0.2700","","1/4 To Less Than 1/2 Acre Lot","Residential","TESORO PLAT NO 4","Private Road","Yes","","Unimproved Agri/Recreatn/Moblhome",""
"1501","B26048425","PS","7220","213 SE Bella Strano","$365,000","0.2399","","Less Than 1/4 Acre Lot, Irregular Lot, Less Than 1 Acre","Residential","TESORO PLAT NO 2","","Yes","","Unimproved Agri/Recreatn/Moblhome",""
"1501","B26047581","PS","5540","15398 Northlake Boulevard","$350,000","1.8700","","1 To Less Than 2 Acre Lot","AR","acreage","Paved Road","No","","Unimproved Agri/Recreatn/Moblhome",""
"1501","A12019700","PS","5940 Florida Other","1589 N Frontier Circle","$350,000","2.5300","110,207","","Single Family","LaBelle","Public Road","Yes","Zoned Residential","Residential",""
"1501","A12019692","PS","5940 Florida Other","1589 Frontier Circle","$350,000","2.5300","110,207","1 To Less Than 2 Acre Lot","Single Family","Labelle","Public Road","Yes","Boat Dock or Dockominium","Residential",""
"1501","R11157130","PS","5040","17534 42nd Road","$298,500","1.4000","","1 To Less Than 2 Acre Lot, Corner Lot","vacant","Westlake Loxahatchee","County Road, Paved Road, Public Road","No","","",""
"1501","R11119517","PS","5590","18056 Orange Grove Boulevard","$295,000","1.1800","","1 To Less Than 2 Acre Lot","AR","N/A","City/County Maintained","No","","Unimproved Agri/Recreatn/Moblhome",""
"1501","B26028962","PS","4500","4131 Palo Verde Drive","$289,900","0.3200","","1/4 To Less Than 1/2 Acre Lot, Less Than 1 Acre","RS","CYPRESS CREEK","Paved Road","Yes","","Unimproved Agri/Recreatn/Moblhome",""
"1501","B26019943","PS","","0 NE 142nd Street","$284,000","0.5410","","1/2 To Less Than 3/4 Acre Lot, Less Than 1 Acre","5700","CLARIDGE HOUSE ASSOCIATES","Paved Road","No","","Unimproved Agri/Recreatn/Moblhome",""
"1501","T20053872","PS","7500","421 NW Chipshot Lane","$275,000","0.0717","","","","","","Yes","","",""
"1501","A11916305","PS","31","1790 NW 53rd St","$270,000","0.0000","5,000","","¤5700","FLORAL PARK REV PLAT","","No","Zoned Duplex","Residential",""
"1501","A12022270","PS","30","1736 NW 42nd St","$265,000","0.1540","6,720","Less Than 1/4 Acre Lot","¤5700","ALLAPATTAH SCH SUB","","No","Zoned Duplex","Residential",""
"1501","F10548948","PS","5540","Xxxx Xxxx 61st Lane","$255,000","1.1600","50,530","1 To Less Than 2 Acre Lot","AR","NA","","No","Zoned Residential","Unimproved Agri/Recreatn/Moblhome",""
"1501","A11910070","PS","98 Florida Keys","100 Morr Ln C5","$250,000","0.0000","291,379","Less Than 1/4 Acre Lot","0","MANATEE BAY CLUB","Private Road","Yes","Boat Dock or Dockominium","Dockominium",""
"1501","A12017029","PS","5940 Florida Other","3725 SE 13th Ave","$239,000","0.2300","","Less Than 1/4 Acre Lot","","Cape Coral","City/County Maintained, Paved Road, Public Road","Yes","Zoned Residential","Residential",""
"1501","A12020593","PS","3600","1801 SE 17th St Bay #7","$225,000","0.0000","","East Of US 1","¤B-1","Port Marina Condo","Legal Access Road","Yes","Boat Dock or Dockominium","Dockominium",""
"1501","B26014643","PS","5600","628 N K Street","$205,000","0.1600","","Less Than 1/4 Acre Lot, Less Than 1 Acre","SF-TF-14 (city)","LAKE WORTH TOWN OF","City/County Maintained","No","","Unimproved Agri/Recreatn/Moblhome",""
"1501","A11966104","PS","5940 Florida Other","0 S Swinging Trail","$199,900","5.0700","","","","Muse","","No","Zoned Residential","Residential",""
"1501","R11140324","PS","6060","4975 SE Manatee Cove Road","$199,000","1.1659","","1 To Less Than 2 Acre Lot","Residential","MANATEE COVE","City/County Maintained, Paved Road, Public Road","No","","Unimproved Agri/Recreatn/Moblhome",""
"1501","T20053577","PS","7180","133 SE Via Lago Cervaro ","$195,000","0.2937","","","","","","No","","Single",""
"1501","R11009432","PS","5510","2907 Broadway Avenue","$190,000","0.1400","","Less Than 1/4 Acre Lot, Interior Lot, Less Than 1 Acre","BMUD","NORTHWOOD ADD IN PB 8 PGS ","City/County Maintained, Paved Road","No","","Unimproved Agri/Recreatn/Moblhome",""
"1501","A11997513","PS","50","17709 SW 102nd Ave","$180,000","0.0700","3,200","","¤3050","MAP OF PERRINE","","No","Zoned Duplex","Residential",""
"1501","A11954208","PS","31","39 E St","$179,000","0.8000","3,700","","¤0100","COBOS FRONTON SUB 2","","No","Zoned Residential","Residential",""
"1501","A11991993","PS","32","6770 Indian Creek Dr","$175,000","0.0000","","Less Than 1/4 Acre Lot","2018","Aquasol Condo","Private Road","Yes","Boat Dock or Dockominium","Dockominium",""
"1501","F10463589","PS","3426","0 NW 19th Avenue","$175,000","0.2500","7,300","","RM-12","Hunters Manor 19-27 B","","No","Zoned Residential","Unimproved Agri/Recreatn/Moblhome",""
"1501","F10535146","PS","6240 NW Okeechobee County","21009 NW 288 Street","$175,000","7.5300","","","","Southern Colonization","","No","Zoned Residential","",""
"1501","R11148417","PS","5940 Florida Other","13822 Hamlin Avenue","$170,000","5.0000","","5 To Less Than 10 Acre Lot","A-2","LADECA ACRES S/D UNREC SEC","County Road, City/County Maintained","No","","Unimproved Agri/Recreatn/Moblhome",""
"1501","R11169729","PS","7710","1650 SW Hampshire Lane","$170,000","0.2300","","Less Than 1/4 Acre Lot","RS-2PS","PORT ST LUCIE SECTION 9","City/County Maintained, Paved Road, Public Road","No","","Unimproved Agri/Recreatn/Moblhome",""
"1501","R11169737","PS","7710","1658 SW Hampshire Lane","$170,000","0.2300","","Less Than 1/4 Acre Lot","RS-2PS","PORT ST LUCIE SECTION 9","City/County Maintained, Paved Road","No","","Unimproved Agri/Recreatn/Moblhome",""
"1501","T20052803","PS","7015","10725 S Ocean Drive Unit#294","$169,900","0.0451","","Interior Lot","","","Paved Road","No","","",""
"1501","A11900723","PS","5940 Florida Other","0 County Road 335","$166,000","5.0000","","","000","BL-B E1/4","","No","Zoned Residential","Residential",""
"1501","F10532893","PS","3260","11 11 Street","$165,500","0.1960","8,544","","RD-10","Roosevelt Gardens 24-49 B","","No","Zoned Residential","Unimproved Agri/Recreatn/Moblhome",""
"1501","A11976340","PS","7750","464 S Quick Cir","$165,000","0.2300","10,000","","¤RS-2 PSL","PORT ST LUCIE SECTION  34","","No","Zoned Residential","Residential",""
"1501","A12038645","PS","31","2934 NW 44th St","$160,000","0.0500","2,610","","¤5700","ROOSEVELT PARK","","No","Zoned Duplex","Residential",""
"1501","T20055187","PS","7750","417 SW Prater Avenue","$160,000","0.2439","","","","","","No","","Single",""
"1501","R11128054","PS","7220","134 SE Via San Marino","$159,900","0.2400","","Less Than 1/4 Acre Lot","Residential","TESORO PLAT NO 4","Private Road","No","","Unimproved Agri/Recreatn/Moblhome",""
"1501","A12032587","PS","7740","1585 SW Mullinax Ave","$159,750","0.2500","10,000","Less Than 1/4 Acre Lot","¤RS-2 PSL","PORT ST LUCIE SECTION 19","","No","Zoned Residential","Residential",""
"1501","T20054376","PS","7270","609 SW Curtis Street","$154,900","0.2296","","","","","City/County Maintained","No","","Single",""
"1501","A11854822","PS","3080","5580 SW 24th St","$150,000","0.1554","6,768","Less Than 1/4 Acre Lot","","CARVER RANCHES REV PLAT","Paved Road, Public Road","No","Zoned Residential","Residential",""
"1501","A12020186","PS","3428","n/a NW 5th St","$150,000","5,158.0000","5,158","","¤RS-3","33-48-42 E 50 OF W 100 OF","","No","Zoned Residential","Residential",""
"1501","B26030423","PS","7370","6864 NW Jorgensen Road","$149,900","0.2300","","Less Than 1/4 Acre Lot, Less Than 1 Acre","residential","PORT ST LUCIE SECTION 43","Paved Road","No","","Unimproved Agri/Recreatn/Moblhome",""
"1501","T20056259","PS","7740","1361 SW Edinburgh Drive","$149,000","0.2727","","Corner Lot","","","County Road","No","","Single",""
"1501","R11139540","PS","7040","8503 W Penny Lane","$129,900","0.2238","","Less Than 1/4 Acre Lot, Corner Lot, West Of US 1","RS-4Co","LAKEWOOD PARK UNIT 8","County Road, Paved Road","No","","Unimproved Agri/Recreatn/Moblhome",""
"1501","R10933828","PS","7040","8501 N Pennylane","$129,900","","","1/2 To Less Than 3/4 Acre Lot","RS-4Co","LAKEWOOD PARK UNIT 8","City/County Maintained","No","","Unimproved Agri/Recreatn/Moblhome",""
"1501","R11145586","PS","6070","5346 SE Horizon Avenue","$129,000","0.1638","","Less Than 1/4 Acre Lot, Less Than 1 Acre","Residential","PORT SALERNO","County Road","No","","Unimproved Agri/Recreatn/Moblhome",""
"1501","F10478410","PS","5620","407 N H Street","$125,000","0.0775","","","","LAKE WORTH TOWN OF","","No","Zoned Multifamily","Unimproved Agri/Recreatn/Moblhome",""
"1501","A11934576","PS","5940 Florida Other","1517 SW 4th Place","$125,000","0.3600","15,625","","","n/a","","Yes","Zoned Residential","Residential",""
"1501","A11772133","PS","5940 Florida Other","238 SE 6th Ter","$120,000","0.2300","","Less Than 1/4 Acre Lot","","Cape Coral","City/County Maintained, Paved Road, Public Road","No","Zoned Residential","Residential",""
"1501","R11159831","PS","7720","1685 SW Whipple Avenue","$119,000","0.2400","","Less Than 1/4 Acre Lot, Interior Lot, West Of US 1","RS-2PS","Port Saint Lucie Section 1","City/County Maintained, Paved Road, Public Road","No","","Unimproved Agri/Recreatn/Moblhome",""
"1501","B26019928","PS","6341 Indian River – Southeast County","3745 8th Lane","$112,000","0.2600","","1/4 To Less Than 1/2 Acre Lot, Cul-De-Sac Lot, Less Than 1 Acre, West Of US 1","RS-6","LAURELS SUB PH II (THE)","County Road, City/County Maintained, Paved Road, Private Road","No","","Unimproved Agri/Recreatn/Moblhome",""
"1501","A12005169","PS","6372 Brevard County (W of Indian River)","671 683 CABALLERO AVE SE","$108,000","0.4600","","","RES","PORT MALIBAR UNIT 12","","No","Zoned Residential","Residential",""
"1501","B26042568","PS","6210 NE Okeechobee County","13550 NE 18th Avenue","$98,000","2.3700","","2 To Less Than 3 Acre Lot","A","COUNTRY HILLS ESTATES","County Road, City/County Maintained, Paved Road","No","","Unimproved Agri/Recreatn/Moblhome",""
"1501","F10462040","PS","3411","265 NW 1st Avenue","$90,000","0.1450","6,318","Less Than 1/4 Acre Lot","RM-10","Deerfield Dev & Land Co S","","No","Zoned Residential","Unimproved Agri/Recreatn/Moblhome",""
"1501","A11823161","PS","5940 Florida Other","Golden Gate St 2nd Ave SE","$88,000","1.1400","","","","Golden Gate Estates Unit","","No","Zoned Residential","Residential",""
"1501","B26007474","PS","6351 Sebastian","139 S Wimbrow Drive","$83,000","0.2600","","1/4 To Less Than 1/2 Acre Lot, Less Than 1 Acre, West Of US 1","RS-10","SEBASTIAN HIGHLANDS UNIT 1","Paved Road","No","","Unimproved Agri/Recreatn/Moblhome",""
"1501","R11168013","PS","5940 Florida Other","61 Fortress Place","$80,000","0.2296","","Less Than 1/4 Acre Lot, Interior Lot","RESIDENTIAL","PALM COAST","","No","","Unimproved Agri/Recreatn/Moblhome",""
"1501","A11850097","PS","5940 Florida Other","307 Nelson RD N","$80,000","0.2300","","","","Cape Coral","City/County Maintained, Paved Road","No","Zoned Residential","Residential",""
"1501","T20053406","PS","6372 Brevard County (W of Indian River)","1115 Colonial Avenue","$80,000","0.0000","","","","","","No","","Single",""
"1501","R11145048","PS","5940 Florida Other","904 NW 12th Avenue","$75,000","","","Less Than 1/4 Acre Lot","R1-W","Cape Coral","City/County Maintained","Yes","","Unimproved Agri/Recreatn/Moblhome",""
"1501","A11928426","PS","5940 Florida Other","1501 NW 24th Ter","$65,000","0.2300","","","","Cape Coral","City/County Maintained, Paved Road","Yes","Zoned Residential","Residential",""
"1501","F10537043","PS","5940 Florida Other","4400 24th Avenue","$65,000","2.5000","","2 To Less Than 3 Acre Lot","","Golden Gates Est.","","No","Zoned Residential","Unimproved Agri/Recreatn/Moblhome",""
"1501","R11134456","PS","5940 Florida Other","9667 S Lotus Point","$64,900","2.2600","","2 To Less Than 3 Acre Lot","MDR","UNREC TRACTS IN 25-20S-17E","Paved Road","No","","Unimproved Agri/Recreatn/Moblhome",""
"1501","F10409220","PS","6371 Brevard County (E of Indian River)","1218 SE Wyoming Dr Drive","$64,000","0.2500","","1/4 To Less Than 1/2 Acre Lot, Less Than 1 Acre","Res","PORT MALABAR UNIT 17","Paved Road","No","Zoned Residential","Unimproved Agri/Recreatn/Moblhome",""
"1501","F10528719","PS","6220 SE Okeechobee County","3525 SE 34th Avenue","$57,000","0.2630","11,456","1/4 To Less Than 1/2 Acre Lot","","Taylor Creek Dev","","Yes","Zoned Residential","Unimproved Agri/Recreatn/Moblhome",""
"1501","A11985495","PS","5940 Florida Other","7025 Beaver Cir","$55,000","0.7100","30,928","","","Port LaBelle","","No","Zoned Residential","Residential",""
"1501","B26053646","PS","5940 Florida Other","11381 Fulmar Road","$50,000","0.4600","","1/4 To Less Than 1/2 Acre Lot, Corner Lot, Less Than 1 Acre","R-1C","ROYAL HIGHLANDS","","No","","Unimproved Agri/Recreatn/Moblhome",""
"1501","A11807567","PS","5940 Florida Other","1104 NE 40TH ST","$50,000","0.2400","10,497","","","NA","","No","Zoned Residential","Residential",""
"1501","A11713766","PS","5940 Florida Other","524 Camino Real Blvd","$50,000","1.0900","","","","MONTURA RANCH ESTATES 1 ST","","No","Zoned Residential","Residential",""
"1501","R11157863","PS","6321 City of Vero Beach","154 21st Street","$49,000","0.2100","","Less Than 1/4 Acre Lot","RS-6","VERO BEACH HIGHLANDS UNIT ","City/County Maintained","No","","Unimproved Agri/Recreatn/Moblhome",""
"1501","R11157848","PS","6321 City of Vero Beach","124 Highland Drive","$49,000","0.2300","","Less Than 1/4 Acre Lot","RS-6","VERO BEACH HIGHLANDS UNIT ","City/County Maintained","No","","Unimproved Agri/Recreatn/Moblhome",""
"1501","A11698986","PS","5940 Florida Other","3519 NW 8th Ter","$48,000","0.2400","","Less Than 1/4 Acre Lot","","Cape Coral","City/County Maintained, Paved Road","No","Zoned Residential","Residential",""
"1501","A11992080","PS","5940 Florida Other","240 S ESTRIBO ST","$47,999","1.2500","","1 To Less Than 2 Acre Lot","RRF","MONTURA RANCH ESTATES","Other Road","No","Zoned Residential","Residential",""
"1501","R11162773","PS","5940 Florida Other","21486 NW 262nd Street","$47,000","1.2500","","1 To Less Than 2 Acre Lot","AG","SOUTHERN COLONIZATION COMP","","No","","",""
"1501","R11073963","PS","6331 Indian River – Central County","4560 32nd Avenue","$45,900","0.4200","","1/4 To Less Than 1/2 Acre Lot","Residential","Gifford","Paved Road","No","","Unimproved Agri/Recreatn/Moblhome",""
"1501","A11924640","PS","5940 Florida Other","1931 NW 9th Place","$45,000","0.2296","","","","N/A","","Yes","Zoned Residential","Residential",""
"1501","A11772127","PS","5940 Florida Other","2933 NW 8Th Pl","$45,000","0.2300","","","RD-D","CAPE CORAL","","No","Zoned Residential","Residential",""
"1501","A12008650","PS","5940 Florida Other","13420 Michilin Ave","$44,999","0.5900","","","","Tropical Gulf Estates","","No","Zoned Residential","Residential",""
"1501","A12044511","PS","5940 Florida Other","625 N GRANJA ST","$44,900","1.2500","","1 To Less Than 2 Acre Lot","RRF","MONTURA RANCH ESTATES","Legal Access Road","No","Zoned Residential","Residential",""
"1501","F10549390","PS","5940 Florida Other","4239 E Gator Circle","$42,000","0.4100","17,947","","R1-D","Cape Coral","","No","Zoned Residential","Unimproved Agri/Recreatn/Moblhome",""
"1501","A12029547","PS","3880","8520 SW 21st Ct","$40,000","0.0735","3,200","Less Than 1/4 Acre Lot","¤R-1T","PARK CITY SECTION TWO-A","Paved Road","No","Zoned Residential","Residential",""
"1501","A11934522","PS","5940 Florida Other","903 NE 32nd Ter","$40,000","0.2300","","","","Cape Coral","City/County Maintained, Paved Road","Yes","Zoned Residential","Residential",""
"1501","R11115889","PS","5940 Florida Other","  Scissorbill Avenue","$40,000","0.4591","","1/4 To Less Than 1/2 Acre Lot","Residential","ROYAL HIGHLANDS UNIT 8","","No","","Unimproved Agri/Recreatn/Moblhome",""
"1501","R11080501","PS","5940 Florida Other","20320 NW 242nd Street","$40,000","1.2500","","1 To Less Than 2 Acre Lot","0007","THE SOUTHERN COLONIZATION ","","Yes","","",""
"1501","R11153935","PS","7710","5009 SE 43rd Trace","$39,900","0.1600","","Less Than 1/4 Acre Lot","res","Kings Bay","Paved Road","No","","Unimproved Agri/Recreatn/Moblhome",""
"1501","A11959569","PS","5940 Florida Other","7665 Monongahela Ave","$37,999","1.1300","","1 To Less Than 2 Acre Lot","","Florida Frontier Replat","Paved Road","No","Zoned Residential","Residential",""
"1501","A12039127","PS","5940 Florida Other","1700 NW 6th Pl","$37,900","0.2300","","","","Cape Coral","","Yes","Zoned Residential","Residential",""
"1501","A11982897","PS","7070","432 N 14 St N St Cswy","$36,500","0.1527","7,250","","¤Medium D","CLYDE KILLER'S ADDITION","","No","Zoned Residential","Residential",""
"1501","F10541683","PS","5940 Florida Other","0000 SW 90th Place","$35,000","1.1000","47,916","1 To Less Than 2 Acre Lot","A1","Rainbow Spgs 04 Rep","Public Road","No","Zoned Residential","Unimproved Agri/Recreatn/Moblhome",""
"1501","A11977722","PS","6240 NW Okeechobee County","19132 NW 288 Street","$35,000","1.5000","65,430","","","Okeechobee","","No","Zoned Residential","Residential",""
"1501","R11076438","PS","7070","0 Rosarita Avenue","$35,000","0.1860","","Less Than 1/4 Acre Lot","SFLowD","PARADISE PARK","City/County Maintained","Yes","","Unimproved Agri/Recreatn/Moblhome",""
"1501","A11824753","PS","5940 Florida Other","3418 5th ST SW","$34,500","0.2500","","","","LEHIGH ACRES","","No","Zoned Residential","Residential",""
"1501","R11138121","PS","5940 Florida Other","18677 NW 270th Street","$32,900","1.2500","","1 To Less Than 2 Acre Lot","RES/AG","SOUTHERN COLONIZATION CO","","No","","Unimproved Agri/Recreatn/Moblhome",""
"1501","A12031682","PS","5940 Florida Other","3614 W 3rd St","$32,000","0.2500","","","","LEHIGH ACRES","","No","Zoned Residential","Residential",""
"1501","F10489269","PS","5940 Florida Other","2611 W 58 st","$32,000","0.2500","","","","Willow Lake","","No","Zoned Residential","Residential",""
"1501","F10550612","PS","6240 NW Okeechobee County","21335 270th Street","$31,900","1.2500","54,560","1 To Less Than 2 Acre Lot","Res/Ag","Southern Colonization","","No","Zoned Residential","Unimproved Agri/Recreatn/Moblhome",""
"1501","A11942595","PS","5940 Florida Other","1000 W 11 Street","$30,000","0.2500","","1/4 To Less Than 1/2 Acre Lot","","LeeHigh","Paved Road","No","Zoned Residential","Residential",""
"1501","R11168648","PS","6321 City of Vero Beach","1378 18th Avenue","$30,000","0.1100","","Less Than 1/4 Acre Lot","RS-6","OSLO PARK UNIT NO 3","Paved Road","No","","Unimproved Agri/Recreatn/Moblhome",""
"1501","R11168143","PS","6321 City of Vero Beach","1280 12th Avenue","$30,000","0.1100","","Less Than 1/4 Acre Lot","RS-6","Oslo Park Unit 2b","Paved Road","No","","Unimproved Agri/Recreatn/Moblhome",""
"1501","F10525441","PS","6210 NE Okeechobee County","3926 NW 38th Ave","$29,900","0.3550","15,463","","","Basswood","","No","Zoned Residential","Residential",""
"1501","T20055758","PS","7070","701 N 19th Street","$29,900","0.1791","","Interior Lot","SF MODER","","","No","","Single",""
"1501","T20055756","PS","7070","814 N 16th Street","$29,900","0.1631","","Corner Lot","MEDIUM D","","","No","","Single",""
"1501","A12035331","PS","5940 Florida Other","3016 Redwood LN","$29,000","0.2300","","","","PORT LABELLE","","No","Zoned Residential","Residential",""
"1501","R11108967","PS","7070","414 N 21st Street","$29,000","","","Less Than 1/4 Acre Lot","Medium Den","Floriana Park","Paved Road, Public Road","No","","Unimproved Agri/Recreatn/Moblhome",""
"1501","F10465312","PS","6240 NW Okeechobee County","17120 NW 306th Street","$28,500","1.2500","54,450","","","Southern Colonization Co","","No","Zoned Residential","Unimproved Agri/Recreatn/Moblhome",""
"1501","A11948612","PS","5940 Florida Other","1706 NE 37th Street","$28,000","0.2400","","","","Cape Coral","City/County Maintained, Paved Road","Yes","Zoned Residential","Residential",""
"1501","R11123020","PS","5940 Florida Other","21018 NW 278th Street","$28,000","1.2500","","1 To Less Than 2 Acre Lot","Vacant resident","Viking","County Road","No","","",""
"1501","A12037499","PS","5940 Florida Other","439 Naples AVE S","$27,000","0.2655","","1/4 To Less Than 1/2 Acre Lot","RS-1","Lehigh Acres","Legal Access Road, City/County Maintained","Yes","Zoned Residential","Residential",""
"1501","A12037289","PS","5940 Florida Other","437 Naples AVE S","$27,000","0.2655","","","","Lehigh Acres","","Yes","Zoned Residential","Other",""
"1501","A11990049","PS","5940 Florida Other","34349 Manuel St","$26,000","0.5000","","1/2 To Less Than 3/4 Acre Lot","Residential","RIDGE MNR EST UN 4","Paved Road","No","Zoned Residential","Residential",""
"1501","R11066078","PS","5940 Florida Other","2300 42nd Street","$25,000","0.1300","","Less Than 1/4 Acre Lot, West Of US 1","res","Gifford Area/West of US1 (","City/County Maintained, Paved Road, Public Road","No","","Unimproved Agri/Recreatn/Moblhome",""
"1501","R11066070","PS","5940 Florida Other","2290 42nd Street","$25,000","0.1300","","Less Than 1/4 Acre Lot, West Of US 1","RM-10","Gifford Area/West of US1 (","City/County Maintained, Paved Road, Public Road","No","","Unimproved Agri/Recreatn/Moblhome",""
"1501","A11992781","PS","5940 Florida Other","21216 Quesada Ave","$24,999","0.2200","","","","Port Charlotte","","No","Zoned Residential","Residential",""
"1501","A11772720","PS","59","355 SW 189","$24,500","4,678.0000","4,678","","¤2100","FLA CITY MANOR","","No","Zoned Residential","Other",""
"1501","B26053482","PS","5940 Florida Other","0 Pika  Circle","$24,500","1.1300","","1 To Less Than 2 Acre Lot","Single family R","Compass Lake Hills","","No","","Unimproved Agri/Recreatn/Moblhome",""
"1501","A11731319","PS","5940 Florida Other","18403 JEFFERSON AVE","$24,500","0.2300","10,018","Less Than 1/4 Acre Lot","","PORT CHARLOTTE","Paved Road","No","Zoned Residential","Residential",""
"1501","R11036443","PS","5940 Florida Other","Xxx Granito Avenue","$23,000","","","","RS","1562 Port Charlotte Sub 1","Other Road","No","","Single",""
"1501","B26047742","PS","6240 NW Okeechobee County","18462 NW 244th Street","$22,500","1.2500","","1 To Less Than 2 Acre Lot","residential","The Viking Estates","","No","","Unimproved Agri/Recreatn/Moblhome",""
"1501","A12005996","PS","5940 Florida Other","9046 Green Cir","$22,000","0.2300","","","","PORT LABELLE","","No","Zoned Residential","Residential",""
"1501","F10544085","PS","6311 Indian River – Beach City","2316 96th Court","$22,000","0.1700","7,405","Less Than 1/4 Acre Lot","A-1","VERO TROPICAL GARDENS UNI","Public Road","No","Zoned Residential","Unimproved Agri/Recreatn/Moblhome",""
"1501","B26021235","PS","5940 Florida Other","2948 W Beufort Road","$20,000","0.4700","","1/4 To Less Than 1/2 Acre Lot, Interior Lot, Less Than 1 Acre, Oversized Lot","R1","APL RED HILL FARMS UNIT A","Paved Road","No","","Unimproved Agri/Recreatn/Moblhome",""
"1501","A11951156","PS","5940 Florida Other","467 LONG AVE S","$20,000","0.2400","","","","LEHIGH ACRES","","No","Zoned Residential","Residential",""
"1501","A11777352","PS","5940 Florida Other","UNDETERMINED NW 2ND STREET","$20,000","0.1800","","","","WEST END","","No","Zoned Residential","Residential",""
"1501","A11993309","PS","5940 Florida Other","6359 Brookridge St","$19,999","0.2200","","","","Port Charlotte Sec 62","","No","Zoned Residential","Residential",""
"1501","A11992785","PS","5940 Florida Other","1338 Dewitt St","$19,999","0.2200","","","","Port Charlotte","","No","Zoned Residential","Residential",""
"1501","A11976010","PS","5560","609 SW 8th St","$19,000","0.0700","3,075","","¤R2 (city","RUTLEDGE","","No","Zoned Multifamily","Residential",""
"1501","A11866739","PS","5940 Florida Other","5265 NERVIA ST","$19,000","0.1691","","","","SUN N LK SEB UNIT 12","","No","Zoned Multifamily","Residential",""
"1501","R11006049","PS","5940 Florida Other","379 Cory Street","$17,500","0.2296","","Less Than 1/4 Acre Lot","RSF3.5","PORT CHARLOTTE SEC 47","Paved Road","No","","Unimproved Agri/Recreatn/Moblhome",""
"1501","A11992715","PS","5940 Florida Other","13475 Petersburg","$17,499","0.2200","","","","Port Charlotte","","No","Zoned Residential","Residential",""
"1501","B26040834","PS","5940 Florida Other","723 Bianca Avenue","$17,000","0.2546","","1/4 To Less Than 1/2 Acre Lot, Corner Lot, Less Than 1 Acre, Oversized Lot","RS-1","LEHIGH ACRES UNIT 5 ","County Road, City/County Maintained, Paved Road","No","","Unimproved Agri/Recreatn/Moblhome",""
"1501","A11852404","PS","5940 Florida Other","4222 E 29th st","$16,900","0.2800","","","","LEHIGH ACRES","","No","Zoned Residential","Residential",""
"1501","A11915111","PS","5940 Florida Other","1146 Della Tobias Ave","$16,500","0.1100","","","","Harlem","","No","Zoned Residential","Residential",""
"1501","A12025634","PS","5940 Florida Other","3203 73rd ST W","$16,000","0.2500","10,890","","","LEHIGH ACRES","","No","Zoned Residential","Residential",""
"1501","F10550819","PS","6240 NW Okeechobee County","15578 280th Street","$15,000","1.2500","54,560","","","southern colonization","","No","Zoned Residential","Unimproved Agri/Recreatn/Moblhome",""
"1501","R11157621","PS","7070","Xxx N 22nd Street","$15,000","0.0800","","Less Than 1/4 Acre Lot, West Of US 1","Medium Density","Alamanda Vista S/D","City/County Maintained, Paved Road, Public Road","No","","Unimproved Agri/Recreatn/Moblhome",""
"1501","R11159822","PS","5940 Florida Other","14316 Chamberlain Boulevard","$14,500","0.2524","","1/4 To Less Than 1/2 Acre Lot","RSF3.5","PORT CHARLOTTE SEC 24","Paved Road","No","","Unimproved Agri/Recreatn/Moblhome",""
"1501","A11892293","PS","5940 Florida Other","9036-1175-07 0","$14,500","0.2300","10,019","","R1/SINGLE FAMILY DWE","SILVER SPRINGS SHORES","","No","Zoned Residential","Residential",""
"1501","R10989320","PS","5940 Florida Other","0 Hocking Street","$13,400","1.1867","","1 To Less Than 2 Acre Lot","RES","COMPASS LAKE HILLS","","No","","Unimproved Agri/Recreatn/Moblhome",""
"1501","R11159825","PS","5940 Florida Other","543 Eppinger Drive","$12,500","0.2296","","Less Than 1/4 Acre Lot","RSF3.5","PORT CHARLOTTE SEC 24","Paved Road","No","","Unimproved Agri/Recreatn/Moblhome",""
"1501","R11122447","PS","5940 Florida Other","6632 N Sand Drive","$12,000","0.2296","","Less Than 1/4 Acre Lot","RUR","CITRUS SPRINGS UNIT 22","County Road","No","","Unimproved Agri/Recreatn/Moblhome",""
"1501","R11161005","PS","5940 Florida Other","0 Palm Avenue","$11,000","0.5004","","1/2 To Less Than 3/4 Acre Lot, Less Than 1 Acre","res","INDIAN LAKE ESTATES UNIT 0","Private Road","No","","Unimproved Agri/Recreatn/Moblhome",""
"1501","R11160306","PS","5940 Florida Other","3131 Kennedy Avenue","$9,999","0.3000","","1/4 To Less Than 1/2 Acre Lot","R3","LEISURE LAKES SEC 10","","No","","Unimproved Agri/Recreatn/Moblhome",""
"1501","A11922058","PS","41","7 No Address","$9,000","0.0200","930","","¤5700","THE PINES","","No","Zoned Residential","Residential",""
"1501","R11127799","PS","5940 Florida Other","422 Thomas Alley","$6,999","0.2800","","1/4 To Less Than 1/2 Acre Lot","Residential","Roberts City Subdivision, ","City/County Maintained","No","","Unimproved Agri/Recreatn/Moblhome",""
"1501","A12043694","PS","5940 Florida Other","0 HWY 60 E","$6,000","1.2500","54,337","","","LAKE WALES","","No","Zoned Residential","Residential",""
"1501","A12043693","PS","5940 Florida Other","0 Unknown","$5,000","5.0000","217,800","","","OCHOPEE","","No","Zoned Residential","Residential",""
"1501","A12043324","PS","5940 Florida Other","0 Cross Seminole Trail","$5,000","5.0000","217,800","","","OCHOPEE","","No","Zoned Residential","Residential",""
"1501","A11941469","PS","5940 Florida Other","0 Holopaw Groves Rd","$5,000","1.2590","54,830","","","suburban estates uni","","No","Zoned Residential","Other",""
"1501","A11911569","PS","5940 Florida Other","0000 0000","$3,500","0.0700","","","","Silver City","","No","Zoned Residential","Residential",""
